solid OpenSCAD_Model
  facet normal -0.792837 0.609434 0
    outer loop
      vertex -38.783 11.4883 0
      vertex -38.7192 11.5713 1.2
      vertex -38.7192 11.5713 0
    endloop
  endfacet
  facet normal -0.792837 0.609434 0
    outer loop
      vertex -38.7192 11.5713 1.2
      vertex -38.783 11.4883 0
      vertex -38.783 11.4883 1.2
    endloop
  endfacet
  facet normal 0.0439346 -0.999034 0
    outer loop
      vertex 37.8 -12 0
      vertex 37.9046 -11.9954 1.2
      vertex 37.8 -12 1.2
    endloop
  endfacet
  facet normal 0.0439346 -0.999034 0
    outer loop
      vertex 37.9046 -11.9954 1.2
      vertex 37.8 -12 0
      vertex 37.9046 -11.9954 0
    endloop
  endfacet
  facet normal -1 0 0
    outer loop
      vertex -39 -10.8 0
      vertex -39 10.8 1.2
      vertex -39 10.8 0
    endloop
  endfacet
  facet normal -1 -0 0
    outer loop
      vertex -39 10.8 1.2
      vertex -39 -10.8 0
      vertex -39 -10.8 1.2
    endloop
  endfacet
  facet normal -0.843622 -0.536937 0
    outer loop
      vertex -38.783 -11.4883 0
      vertex -38.8392 -11.4 1.2
      vertex -38.8392 -11.4 0
    endloop
  endfacet
  facet normal -0.843622 -0.536937 0
    outer loop
      vertex -38.8392 -11.4 1.2
      vertex -38.783 -11.4883 0
      vertex -38.783 -11.4883 1.2
    endloop
  endfacet
  facet normal -0.536937 -0.843622 0
    outer loop
      vertex -38.4883 -11.783 0
      vertex -38.4 -11.8392 1.2
      vertex -38.4883 -11.783 1.2
    endloop
  endfacet
  facet normal -0.536937 -0.843622 -0
    outer loop
      vertex -38.4 -11.8392 1.2
      vertex -38.4883 -11.783 0
      vertex -38.4 -11.8392 0
    endloop
  endfacet
  facet normal -0.216829 -0.97621 0
    outer loop
      vertex -38.1106 -11.9591 0
      vertex -38.0084 -11.9818 1.2
      vertex -38.1106 -11.9591 1.2
    endloop
  endfacet
  facet normal -0.216829 -0.97621 -0
    outer loop
      vertex -38.0084 -11.9818 1.2
      vertex -38.1106 -11.9591 0
      vertex -38.0084 -11.9818 0
    endloop
  endfacet
  facet normal 0 -1 0
    outer loop
      vertex -37.8 -12 0
      vertex 37.8 -12 1.2
      vertex -37.8 -12 1.2
    endloop
  endfacet
  facet normal 0 -1 -0
    outer loop
      vertex 37.8 -12 1.2
      vertex -37.8 -12 0
      vertex 37.8 -12 0
    endloop
  endfacet
  facet normal -0.300994 0.953626 0
    outer loop
      vertex -38.1106 11.9591 0
      vertex -38.2104 11.9276 1.2
      vertex -38.1106 11.9591 1.2
    endloop
  endfacet
  facet normal -0.300994 0.953626 0
    outer loop
      vertex -38.2104 11.9276 1.2
      vertex -38.1106 11.9591 0
      vertex -38.2104 11.9276 0
    endloop
  endfacet
  facet normal -0.0439346 0.999034 0
    outer loop
      vertex -37.8 12 0
      vertex -37.9046 11.9954 1.2
      vertex -37.8 12 1.2
    endloop
  endfacet
  facet normal -0.0439346 0.999034 0
    outer loop
      vertex -37.9046 11.9954 1.2
      vertex -37.8 12 0
      vertex -37.9046 11.9954 0
    endloop
  endfacet
  facet normal 0 1 -0
    outer loop
      vertex 37.8 12 0
      vertex -37.8 12 1.2
      vertex 37.8 12 1.2
    endloop
  endfacet
  facet normal 0 1 0
    outer loop
      vertex -37.8 12 1.2
      vertex 37.8 12 0
      vertex -37.8 12 0
    endloop
  endfacet
  facet normal -0.737471 0.675378 0
    outer loop
      vertex -38.7192 11.5713 0
      vertex -38.6485 11.6485 1.2
      vertex -38.6485 11.6485 0
    endloop
  endfacet
  facet normal -0.737471 0.675378 0
    outer loop
      vertex -38.6485 11.6485 1.2
      vertex -38.7192 11.5713 0
      vertex -38.7192 11.5713 1.2
    endloop
  endfacet
  facet normal 0.382239 0.924063 -0
    outer loop
      vertex 38.3071 11.8876 0
      vertex 38.2104 11.9276 1.2
      vertex 38.3071 11.8876 1.2
    endloop
  endfacet
  facet normal 0.382239 0.924063 0
    outer loop
      vertex 38.2104 11.9276 1.2
      vertex 38.3071 11.8876 0
      vertex 38.2104 11.9276 0
    endloop
  endfacet
  facet normal -0.0439346 -0.999034 0
    outer loop
      vertex -37.9046 -11.9954 0
      vertex -37.8 -12 1.2
      vertex -37.9046 -11.9954 1.2
    endloop
  endfacet
  facet normal -0.0439346 -0.999034 -0
    outer loop
      vertex -37.8 -12 1.2
      vertex -37.9046 -11.9954 0
      vertex -37.8 -12 0
    endloop
  endfacet
  facet normal 0.0439346 0.999034 -0
    outer loop
      vertex 37.9046 11.9954 0
      vertex 37.8 12 1.2
      vertex 37.9046 11.9954 1.2
    endloop
  endfacet
  facet normal 0.0439346 0.999034 0
    outer loop
      vertex 37.8 12 1.2
      vertex 37.9046 11.9954 0
      vertex 37.8 12 0
    endloop
  endfacet
  facet normal -0.737471 -0.675378 0
    outer loop
      vertex -38.6485 -11.6485 0
      vertex -38.7192 -11.5713 1.2
      vertex -38.7192 -11.5713 0
    endloop
  endfacet
  facet normal -0.737471 -0.675378 0
    outer loop
      vertex -38.7192 -11.5713 1.2
      vertex -38.6485 -11.6485 0
      vertex -38.6485 -11.6485 1.2
    endloop
  endfacet
  facet normal -0.991526 0.129911 0
    outer loop
      vertex -38.9954 10.9046 0
      vertex -38.9818 11.0084 1.2
      vertex -38.9818 11.0084 0
    endloop
  endfacet
  facet normal -0.991526 0.129911 0
    outer loop
      vertex -38.9818 11.0084 1.2
      vertex -38.9954 10.9046 0
      vertex -38.9954 10.9046 1.2
    endloop
  endfacet
  facet normal -0.129911 -0.991526 0
    outer loop
      vertex -38.0084 -11.9818 0
      vertex -37.9046 -11.9954 1.2
      vertex -38.0084 -11.9818 1.2
    endloop
  endfacet
  facet normal -0.129911 -0.991526 -0
    outer loop
      vertex -37.9046 -11.9954 1.2
      vertex -38.0084 -11.9818 0
      vertex -37.9046 -11.9954 0
    endloop
  endfacet
  facet normal 0.675378 0.737471 -0
    outer loop
      vertex 38.6485 11.6485 0
      vertex 38.5713 11.7192 1.2
      vertex 38.6485 11.6485 1.2
    endloop
  endfacet
  facet normal 0.675378 0.737471 0
    outer loop
      vertex 38.5713 11.7192 1.2
      vertex 38.6485 11.6485 0
      vertex 38.5713 11.7192 0
    endloop
  endfacet
  facet normal 0.97621 0.216829 0
    outer loop
      vertex 38.9818 11.0084 1.2
      vertex 38.9591 11.1106 0
      vertex 38.9591 11.1106 1.2
    endloop
  endfacet
  facet normal 0.97621 0.216829 0
    outer loop
      vertex 38.9591 11.1106 0
      vertex 38.9818 11.0084 1.2
      vertex 38.9818 11.0084 0
    endloop
  endfacet
  facet normal 0.999034 0.0439346 0
    outer loop
      vertex 39 10.8 1.2
      vertex 38.9954 10.9046 0
      vertex 38.9954 10.9046 1.2
    endloop
  endfacet
  facet normal 0.999034 0.0439346 0
    outer loop
      vertex 38.9954 10.9046 0
      vertex 39 10.8 1.2
      vertex 39 10.8 0
    endloop
  endfacet
  facet normal 0.536937 -0.843622 0
    outer loop
      vertex 38.4 -11.8392 0
      vertex 38.4883 -11.783 1.2
      vertex 38.4 -11.8392 1.2
    endloop
  endfacet
  facet normal 0.536937 -0.843622 0
    outer loop
      vertex 38.4883 -11.783 1.2
      vertex 38.4 -11.8392 0
      vertex 38.4883 -11.783 0
    endloop
  endfacet
  facet normal 0.216829 0.97621 -0
    outer loop
      vertex 38.1106 11.9591 0
      vertex 38.0084 11.9818 1.2
      vertex 38.1106 11.9591 1.2
    endloop
  endfacet
  facet normal 0.216829 0.97621 0
    outer loop
      vertex 38.0084 11.9818 1.2
      vertex 38.1106 11.9591 0
      vertex 38.0084 11.9818 0
    endloop
  endfacet
  facet normal 0.300994 0.953626 -0
    outer loop
      vertex 38.2104 11.9276 0
      vertex 38.1106 11.9591 1.2
      vertex 38.2104 11.9276 1.2
    endloop
  endfacet
  facet normal 0.300994 0.953626 0
    outer loop
      vertex 38.1106 11.9591 1.2
      vertex 38.2104 11.9276 0
      vertex 38.1106 11.9591 0
    endloop
  endfacet
  facet normal -0.953626 -0.300994 0
    outer loop
      vertex -38.9276 -11.2104 0
      vertex -38.9591 -11.1106 1.2
      vertex -38.9591 -11.1106 0
    endloop
  endfacet
  facet normal -0.953626 -0.300994 0
    outer loop
      vertex -38.9591 -11.1106 1.2
      vertex -38.9276 -11.2104 0
      vertex -38.9276 -11.2104 1.2
    endloop
  endfacet
  facet normal -0.886857 -0.462044 0
    outer loop
      vertex -38.8392 -11.4 0
      vertex -38.8876 -11.3071 1.2
      vertex -38.8876 -11.3071 0
    endloop
  endfacet
  facet normal -0.886857 -0.462044 0
    outer loop
      vertex -38.8876 -11.3071 1.2
      vertex -38.8392 -11.4 0
      vertex -38.8392 -11.4 1.2
    endloop
  endfacet
  facet normal -0.924063 0.382239 0
    outer loop
      vertex -38.9276 11.2104 0
      vertex -38.8876 11.3071 1.2
      vertex -38.8876 11.3071 0
    endloop
  endfacet
  facet normal -0.924063 0.382239 0
    outer loop
      vertex -38.8876 11.3071 1.2
      vertex -38.9276 11.2104 0
      vertex -38.9276 11.2104 1.2
    endloop
  endfacet
  facet normal -0.999034 0.0439346 0
    outer loop
      vertex -39 10.8 0
      vertex -38.9954 10.9046 1.2
      vertex -38.9954 10.9046 0
    endloop
  endfacet
  facet normal -0.999034 0.0439346 0
    outer loop
      vertex -38.9954 10.9046 1.2
      vertex -39 10.8 0
      vertex -39 10.8 1.2
    endloop
  endfacet
  facet normal 0.675378 -0.737471 0
    outer loop
      vertex 38.5713 -11.7192 0
      vertex 38.6485 -11.6485 1.2
      vertex 38.5713 -11.7192 1.2
    endloop
  endfacet
  facet normal 0.675378 -0.737471 0
    outer loop
      vertex 38.6485 -11.6485 1.2
      vertex 38.5713 -11.7192 0
      vertex 38.6485 -11.6485 0
    endloop
  endfacet
  facet normal -0.300994 -0.953626 0
    outer loop
      vertex -38.2104 -11.9276 0
      vertex -38.1106 -11.9591 1.2
      vertex -38.2104 -11.9276 1.2
    endloop
  endfacet
  facet normal -0.300994 -0.953626 -0
    outer loop
      vertex -38.1106 -11.9591 1.2
      vertex -38.2104 -11.9276 0
      vertex -38.1106 -11.9591 0
    endloop
  endfacet
  facet normal 0.999034 -0.0439346 0
    outer loop
      vertex 38.9954 -10.9046 1.2
      vertex 39 -10.8 0
      vertex 39 -10.8 1.2
    endloop
  endfacet
  facet normal 0.999034 -0.0439346 0
    outer loop
      vertex 39 -10.8 0
      vertex 38.9954 -10.9046 1.2
      vertex 38.9954 -10.9046 0
    endloop
  endfacet
  facet normal -0.462044 0.886857 0
    outer loop
      vertex -38.3071 11.8876 0
      vertex -38.4 11.8392 1.2
      vertex -38.3071 11.8876 1.2
    endloop
  endfacet
  facet normal -0.462044 0.886857 0
    outer loop
      vertex -38.4 11.8392 1.2
      vertex -38.3071 11.8876 0
      vertex -38.4 11.8392 0
    endloop
  endfacet
  facet normal -0.382239 -0.924063 0
    outer loop
      vertex -38.3071 -11.8876 0
      vertex -38.2104 -11.9276 1.2
      vertex -38.3071 -11.8876 1.2
    endloop
  endfacet
  facet normal -0.382239 -0.924063 -0
    outer loop
      vertex -38.2104 -11.9276 1.2
      vertex -38.3071 -11.8876 0
      vertex -38.2104 -11.9276 0
    endloop
  endfacet
  facet normal 0.129911 0.991526 -0
    outer loop
      vertex 38.0084 11.9818 0
      vertex 37.9046 11.9954 1.2
      vertex 38.0084 11.9818 1.2
    endloop
  endfacet
  facet normal 0.129911 0.991526 0
    outer loop
      vertex 37.9046 11.9954 1.2
      vertex 38.0084 11.9818 0
      vertex 37.9046 11.9954 0
    endloop
  endfacet
  facet normal 1 -0 0
    outer loop
      vertex 39 -10.8 1.2
      vertex 39 10.8 0
      vertex 39 10.8 1.2
    endloop
  endfacet
  facet normal 1 0 0
    outer loop
      vertex 39 10.8 0
      vertex 39 -10.8 1.2
      vertex 39 -10.8 0
    endloop
  endfacet
  facet normal -0.991526 -0.129911 0
    outer loop
      vertex -38.9818 -11.0084 0
      vertex -38.9954 -10.9046 1.2
      vertex -38.9954 -10.9046 0
    endloop
  endfacet
  facet normal -0.991526 -0.129911 0
    outer loop
      vertex -38.9954 -10.9046 1.2
      vertex -38.9818 -11.0084 0
      vertex -38.9818 -11.0084 1.2
    endloop
  endfacet
  facet normal -0.129911 0.991526 0
    outer loop
      vertex -37.9046 11.9954 0
      vertex -38.0084 11.9818 1.2
      vertex -37.9046 11.9954 1.2
    endloop
  endfacet
  facet normal -0.129911 0.991526 0
    outer loop
      vertex -38.0084 11.9818 1.2
      vertex -37.9046 11.9954 0
      vertex -38.0084 11.9818 0
    endloop
  endfacet
  facet normal -0.97621 -0.216829 0
    outer loop
      vertex -38.9591 -11.1106 0
      vertex -38.9818 -11.0084 1.2
      vertex -38.9818 -11.0084 0
    endloop
  endfacet
  facet normal -0.97621 -0.216829 0
    outer loop
      vertex -38.9818 -11.0084 1.2
      vertex -38.9591 -11.1106 0
      vertex -38.9591 -11.1106 1.2
    endloop
  endfacet
  facet normal -0.999034 -0.0439346 0
    outer loop
      vertex -38.9954 -10.9046 0
      vertex -39 -10.8 1.2
      vertex -39 -10.8 0
    endloop
  endfacet
  facet normal -0.999034 -0.0439346 0
    outer loop
      vertex -39 -10.8 1.2
      vertex -38.9954 -10.9046 0
      vertex -38.9954 -10.9046 1.2
    endloop
  endfacet
  facet normal 0.924063 -0.382239 0
    outer loop
      vertex 38.8876 -11.3071 1.2
      vertex 38.9276 -11.2104 0
      vertex 38.9276 -11.2104 1.2
    endloop
  endfacet
  facet normal 0.924063 -0.382239 0
    outer loop
      vertex 38.9276 -11.2104 0
      vertex 38.8876 -11.3071 1.2
      vertex 38.8876 -11.3071 0
    endloop
  endfacet
  facet normal -0.462044 -0.886857 0
    outer loop
      vertex -38.4 -11.8392 0
      vertex -38.3071 -11.8876 1.2
      vertex -38.4 -11.8392 1.2
    endloop
  endfacet
  facet normal -0.462044 -0.886857 -0
    outer loop
      vertex -38.3071 -11.8876 1.2
      vertex -38.4 -11.8392 0
      vertex -38.3071 -11.8876 0
    endloop
  endfacet
  facet normal -0.924063 -0.382239 0
    outer loop
      vertex -38.8876 -11.3071 0
      vertex -38.9276 -11.2104 1.2
      vertex -38.9276 -11.2104 0
    endloop
  endfacet
  facet normal -0.924063 -0.382239 0
    outer loop
      vertex -38.9276 -11.2104 1.2
      vertex -38.8876 -11.3071 0
      vertex -38.8876 -11.3071 1.2
    endloop
  endfacet
  facet normal -0.843622 0.536937 0
    outer loop
      vertex -38.8392 11.4 0
      vertex -38.783 11.4883 1.2
      vertex -38.783 11.4883 0
    endloop
  endfacet
  facet normal -0.843622 0.536937 0
    outer loop
      vertex -38.783 11.4883 1.2
      vertex -38.8392 11.4 0
      vertex -38.8392 11.4 1.2
    endloop
  endfacet
  facet normal -0.536937 0.843622 0
    outer loop
      vertex -38.4 11.8392 0
      vertex -38.4883 11.783 1.2
      vertex -38.4 11.8392 1.2
    endloop
  endfacet
  facet normal -0.536937 0.843622 0
    outer loop
      vertex -38.4883 11.783 1.2
      vertex -38.4 11.8392 0
      vertex -38.4883 11.783 0
    endloop
  endfacet
  facet normal -0.216829 0.97621 0
    outer loop
      vertex -38.0084 11.9818 0
      vertex -38.1106 11.9591 1.2
      vertex -38.0084 11.9818 1.2
    endloop
  endfacet
  facet normal -0.216829 0.97621 0
    outer loop
      vertex -38.1106 11.9591 1.2
      vertex -38.0084 11.9818 0
      vertex -38.1106 11.9591 0
    endloop
  endfacet
  facet normal -0.886857 0.462044 0
    outer loop
      vertex -38.8876 11.3071 0
      vertex -38.8392 11.4 1.2
      vertex -38.8392 11.4 0
    endloop
  endfacet
  facet normal -0.886857 0.462044 0
    outer loop
      vertex -38.8392 11.4 1.2
      vertex -38.8876 11.3071 0
      vertex -38.8876 11.3071 1.2
    endloop
  endfacet
  facet normal 0.991526 -0.129911 0
    outer loop
      vertex 38.9818 -11.0084 1.2
      vertex 38.9954 -10.9046 0
      vertex 38.9954 -10.9046 1.2
    endloop
  endfacet
  facet normal 0.991526 -0.129911 0
    outer loop
      vertex 38.9954 -10.9046 0
      vertex 38.9818 -11.0084 1.2
      vertex 38.9818 -11.0084 0
    endloop
  endfacet
  facet normal -0.953626 0.300994 0
    outer loop
      vertex -38.9591 11.1106 0
      vertex -38.9276 11.2104 1.2
      vertex -38.9276 11.2104 0
    endloop
  endfacet
  facet normal -0.953626 0.300994 0
    outer loop
      vertex -38.9276 11.2104 1.2
      vertex -38.9591 11.1106 0
      vertex -38.9591 11.1106 1.2
    endloop
  endfacet
  facet normal 0.382239 -0.924063 0
    outer loop
      vertex 38.2104 -11.9276 0
      vertex 38.3071 -11.8876 1.2
      vertex 38.2104 -11.9276 1.2
    endloop
  endfacet
  facet normal 0.382239 -0.924063 0
    outer loop
      vertex 38.3071 -11.8876 1.2
      vertex 38.2104 -11.9276 0
      vertex 38.3071 -11.8876 0
    endloop
  endfacet
  facet normal -0.609434 0.792837 0
    outer loop
      vertex -38.4883 11.783 0
      vertex -38.5713 11.7192 1.2
      vertex -38.4883 11.783 1.2
    endloop
  endfacet
  facet normal -0.609434 0.792837 0
    outer loop
      vertex -38.5713 11.7192 1.2
      vertex -38.4883 11.783 0
      vertex -38.5713 11.7192 0
    endloop
  endfacet
  facet normal -0.675378 0.737471 0
    outer loop
      vertex -38.5713 11.7192 0
      vertex -38.6485 11.6485 1.2
      vertex -38.5713 11.7192 1.2
    endloop
  endfacet
  facet normal -0.675378 0.737471 0
    outer loop
      vertex -38.6485 11.6485 1.2
      vertex -38.5713 11.7192 0
      vertex -38.6485 11.6485 0
    endloop
  endfacet
  facet normal -0.609434 -0.792837 0
    outer loop
      vertex -38.5713 -11.7192 0
      vertex -38.4883 -11.783 1.2
      vertex -38.5713 -11.7192 1.2
    endloop
  endfacet
  facet normal -0.609434 -0.792837 -0
    outer loop
      vertex -38.4883 -11.783 1.2
      vertex -38.5713 -11.7192 0
      vertex -38.4883 -11.783 0
    endloop
  endfacet
  facet normal 0.216829 -0.97621 0
    outer loop
      vertex 38.0084 -11.9818 0
      vertex 38.1106 -11.9591 1.2
      vertex 38.0084 -11.9818 1.2
    endloop
  endfacet
  facet normal 0.216829 -0.97621 0
    outer loop
      vertex 38.1106 -11.9591 1.2
      vertex 38.0084 -11.9818 0
      vertex 38.1106 -11.9591 0
    endloop
  endfacet
  facet normal -0.382239 0.924063 0
    outer loop
      vertex -38.2104 11.9276 0
      vertex -38.3071 11.8876 1.2
      vertex -38.2104 11.9276 1.2
    endloop
  endfacet
  facet normal -0.382239 0.924063 0
    outer loop
      vertex -38.3071 11.8876 1.2
      vertex -38.2104 11.9276 0
      vertex -38.3071 11.8876 0
    endloop
  endfacet
  facet normal 0.886857 -0.462044 0
    outer loop
      vertex 38.8392 -11.4 1.2
      vertex 38.8876 -11.3071 0
      vertex 38.8876 -11.3071 1.2
    endloop
  endfacet
  facet normal 0.886857 -0.462044 0
    outer loop
      vertex 38.8876 -11.3071 0
      vertex 38.8392 -11.4 1.2
      vertex 38.8392 -11.4 0
    endloop
  endfacet
  facet normal -0.792837 -0.609434 0
    outer loop
      vertex -38.7192 -11.5713 0
      vertex -38.783 -11.4883 1.2
      vertex -38.783 -11.4883 0
    endloop
  endfacet
  facet normal -0.792837 -0.609434 0
    outer loop
      vertex -38.783 -11.4883 1.2
      vertex -38.7192 -11.5713 0
      vertex -38.7192 -11.5713 1.2
    endloop
  endfacet
  facet normal 0.462044 0.886857 -0
    outer loop
      vertex 38.4 11.8392 0
      vertex 38.3071 11.8876 1.2
      vertex 38.4 11.8392 1.2
    endloop
  endfacet
  facet normal 0.462044 0.886857 0
    outer loop
      vertex 38.3071 11.8876 1.2
      vertex 38.4 11.8392 0
      vertex 38.3071 11.8876 0
    endloop
  endfacet
  facet normal 0.991526 0.129911 0
    outer loop
      vertex 38.9954 10.9046 1.2
      vertex 38.9818 11.0084 0
      vertex 38.9818 11.0084 1.2
    endloop
  endfacet
  facet normal 0.991526 0.129911 0
    outer loop
      vertex 38.9818 11.0084 0
      vertex 38.9954 10.9046 1.2
      vertex 38.9954 10.9046 0
    endloop
  endfacet
  facet normal 0.792837 -0.609434 0
    outer loop
      vertex 38.7192 -11.5713 1.2
      vertex 38.783 -11.4883 0
      vertex 38.783 -11.4883 1.2
    endloop
  endfacet
  facet normal 0.792837 -0.609434 0
    outer loop
      vertex 38.783 -11.4883 0
      vertex 38.7192 -11.5713 1.2
      vertex 38.7192 -11.5713 0
    endloop
  endfacet
  facet normal 0.886857 0.462044 0
    outer loop
      vertex 38.8876 11.3071 1.2
      vertex 38.8392 11.4 0
      vertex 38.8392 11.4 1.2
    endloop
  endfacet
  facet normal 0.886857 0.462044 0
    outer loop
      vertex 38.8392 11.4 0
      vertex 38.8876 11.3071 1.2
      vertex 38.8876 11.3071 0
    endloop
  endfacet
  facet normal -0.97621 0.216829 0
    outer loop
      vertex -38.9818 11.0084 0
      vertex -38.9591 11.1106 1.2
      vertex -38.9591 11.1106 0
    endloop
  endfacet
  facet normal -0.97621 0.216829 0
    outer loop
      vertex -38.9591 11.1106 1.2
      vertex -38.9818 11.0084 0
      vertex -38.9818 11.0084 1.2
    endloop
  endfacet
  facet normal 0 0 -1
    outer loop
      vertex 37.8 -12 0
      vertex 39 -10.8 0
      vertex 38.9954 -10.9046 0
    endloop
  endfacet
  facet normal -0 0 -1
    outer loop
      vertex 39 -10.8 0
      vertex 37.8 -12 0
      vertex 39 10.8 0
    endloop
  endfacet
  facet normal 0 0 -1
    outer loop
      vertex 37.8 -12 0
      vertex 38.9954 -10.9046 0
      vertex 38.9818 -11.0084 0
    endloop
  endfacet
  facet normal 0 0 -1
    outer loop
      vertex 37.8 12 0
      vertex 39 10.8 0
      vertex 37.8 -12 0
    endloop
  endfacet
  facet normal 0 0 -1
    outer loop
      vertex 37.8 -12 0
      vertex 38.9818 -11.0084 0
      vertex 38.9591 -11.1106 0
    endloop
  endfacet
  facet normal 0 0 -1
    outer loop
      vertex 39 10.8 0
      vertex 37.8 12 0
      vertex 38.9954 10.9046 0
    endloop
  endfacet
  facet normal 0 0 -1
    outer loop
      vertex 37.8 -12 0
      vertex 38.9591 -11.1106 0
      vertex 38.9276 -11.2104 0
    endloop
  endfacet
  facet normal 0 0 -1
    outer loop
      vertex 38.9954 10.9046 0
      vertex 37.8 12 0
      vertex 38.9818 11.0084 0
    endloop
  endfacet
  facet normal 0 0 -1
    outer loop
      vertex 37.8 -12 0
      vertex 38.9276 -11.2104 0
      vertex 38.8876 -11.3071 0
    endloop
  endfacet
  facet normal 0 0 -1
    outer loop
      vertex 38.9818 11.0084 0
      vertex 37.8 12 0
      vertex 38.9591 11.1106 0
    endloop
  endfacet
  facet normal 0 0 -1
    outer loop
      vertex 37.8 -12 0
      vertex 38.8876 -11.3071 0
      vertex 38.8392 -11.4 0
    endloop
  endfacet
  facet normal 0 0 -1
    outer loop
      vertex 38.9591 11.1106 0
      vertex 37.8 12 0
      vertex 38.9276 11.2104 0
    endloop
  endfacet
  facet normal 0 0 -1
    outer loop
      vertex 37.8 -12 0
      vertex 38.8392 -11.4 0
      vertex 38.783 -11.4883 0
    endloop
  endfacet
  facet normal 0 0 -1
    outer loop
      vertex 38.9276 11.2104 0
      vertex 37.8 12 0
      vertex 38.8876 11.3071 0
    endloop
  endfacet
  facet normal 0 0 -1
    outer loop
      vertex 37.8 -12 0
      vertex 38.783 -11.4883 0
      vertex 38.7192 -11.5713 0
    endloop
  endfacet
  facet normal 0 0 -1
    outer loop
      vertex 38.8876 11.3071 0
      vertex 37.8 12 0
      vertex 38.8392 11.4 0
    endloop
  endfacet
  facet normal 0 0 -1
    outer loop
      vertex 37.8 -12 0
      vertex 38.7192 -11.5713 0
      vertex 38.6485 -11.6485 0
    endloop
  endfacet
  facet normal 0 0 -1
    outer loop
      vertex 38.8392 11.4 0
      vertex 37.8 12 0
      vertex 38.783 11.4883 0
    endloop
  endfacet
  facet normal 0 0 -1
    outer loop
      vertex 37.8 -12 0
      vertex 38.6485 -11.6485 0
      vertex 38.5713 -11.7192 0
    endloop
  endfacet
  facet normal 0 0 -1
    outer loop
      vertex 38.783 11.4883 0
      vertex 37.8 12 0
      vertex 38.7192 11.5713 0
    endloop
  endfacet
  facet normal 0 0 -1
    outer loop
      vertex 37.8 -12 0
      vertex 38.5713 -11.7192 0
      vertex 38.4883 -11.783 0
    endloop
  endfacet
  facet normal 0 0 -1
    outer loop
      vertex 38.7192 11.5713 0
      vertex 37.8 12 0
      vertex 38.6485 11.6485 0
    endloop
  endfacet
  facet normal 0 0 -1
    outer loop
      vertex 37.8 -12 0
      vertex 38.4883 -11.783 0
      vertex 38.4 -11.8392 0
    endloop
  endfacet
  facet normal 0 0 -1
    outer loop
      vertex 38.6485 11.6485 0
      vertex 37.8 12 0
      vertex 38.5713 11.7192 0
    endloop
  endfacet
  facet normal 0 0 -1
    outer loop
      vertex 37.8 -12 0
      vertex 38.4 -11.8392 0
      vertex 38.3071 -11.8876 0
    endloop
  endfacet
  facet normal 0 0 -1
    outer loop
      vertex 38.5713 11.7192 0
      vertex 37.8 12 0
      vertex 38.4883 11.783 0
    endloop
  endfacet
  facet normal 0 0 -1
    outer loop
      vertex 37.8 -12 0
      vertex 38.3071 -11.8876 0
      vertex 38.2104 -11.9276 0
    endloop
  endfacet
  facet normal 0 0 -1
    outer loop
      vertex 38.4883 11.783 0
      vertex 37.8 12 0
      vertex 38.4 11.8392 0
    endloop
  endfacet
  facet normal 0 0 -1
    outer loop
      vertex 37.8 -12 0
      vertex 38.2104 -11.9276 0
      vertex 38.1106 -11.9591 0
    endloop
  endfacet
  facet normal 0 0 -1
    outer loop
      vertex 38.4 11.8392 0
      vertex 37.8 12 0
      vertex 38.3071 11.8876 0
    endloop
  endfacet
  facet normal 0 0 -1
    outer loop
      vertex 37.8 -12 0
      vertex 38.1106 -11.9591 0
      vertex 38.0084 -11.9818 0
    endloop
  endfacet
  facet normal 0 0 -1
    outer loop
      vertex 38.3071 11.8876 0
      vertex 37.8 12 0
      vertex 38.2104 11.9276 0
    endloop
  endfacet
  facet normal 0 0 -1
    outer loop
      vertex 37.8 -12 0
      vertex 38.0084 -11.9818 0
      vertex 37.9046 -11.9954 0
    endloop
  endfacet
  facet normal 0 0 -1
    outer loop
      vertex 38.2104 11.9276 0
      vertex 37.8 12 0
      vertex 38.1106 11.9591 0
    endloop
  endfacet
  facet normal 0 0 -1
    outer loop
      vertex 38.1106 11.9591 0
      vertex 37.8 12 0
      vertex 38.0084 11.9818 0
    endloop
  endfacet
  facet normal 0 0 -1
    outer loop
      vertex 38.0084 11.9818 0
      vertex 37.8 12 0
      vertex 37.9046 11.9954 0
    endloop
  endfacet
  facet normal 0 0 -1
    outer loop
      vertex -37.8 -12 0
      vertex 37.8 12 0
      vertex 37.8 -12 0
    endloop
  endfacet
  facet normal 0 0 -1
    outer loop
      vertex -37.8 -12 0
      vertex -37.8 12 0
      vertex 37.8 12 0
    endloop
  endfacet
  facet normal 0 0 -1
    outer loop
      vertex -39 -10.8 0
      vertex -37.8 -12 0
      vertex -37.9046 -11.9954 0
    endloop
  endfacet
  facet normal 0 0 -1
    outer loop
      vertex -37.8 -12 0
      vertex -39 -10.8 0
      vertex -37.8 12 0
    endloop
  endfacet
  facet normal 0 0 -1
    outer loop
      vertex -39 -10.8 0
      vertex -37.9046 -11.9954 0
      vertex -38.0084 -11.9818 0
    endloop
  endfacet
  facet normal 0 0 -1
    outer loop
      vertex -39 10.8 0
      vertex -37.8 12 0
      vertex -39 -10.8 0
    endloop
  endfacet
  facet normal 0 0 -1
    outer loop
      vertex -39 -10.8 0
      vertex -38.0084 -11.9818 0
      vertex -38.1106 -11.9591 0
    endloop
  endfacet
  facet normal 0 0 -1
    outer loop
      vertex -37.8 12 0
      vertex -39 10.8 0
      vertex -37.9046 11.9954 0
    endloop
  endfacet
  facet normal 0 0 -1
    outer loop
      vertex -39 -10.8 0
      vertex -38.1106 -11.9591 0
      vertex -38.2104 -11.9276 0
    endloop
  endfacet
  facet normal 0 0 -1
    outer loop
      vertex -37.9046 11.9954 0
      vertex -39 10.8 0
      vertex -38.0084 11.9818 0
    endloop
  endfacet
  facet normal 0 0 -1
    outer loop
      vertex -39 -10.8 0
      vertex -38.2104 -11.9276 0
      vertex -38.3071 -11.8876 0
    endloop
  endfacet
  facet normal 0 0 -1
    outer loop
      vertex -38.0084 11.9818 0
      vertex -39 10.8 0
      vertex -38.1106 11.9591 0
    endloop
  endfacet
  facet normal 0 0 -1
    outer loop
      vertex -39 -10.8 0
      vertex -38.3071 -11.8876 0
      vertex -38.4 -11.8392 0
    endloop
  endfacet
  facet normal 0 0 -1
    outer loop
      vertex -38.1106 11.9591 0
      vertex -39 10.8 0
      vertex -38.2104 11.9276 0
    endloop
  endfacet
  facet normal 0 0 -1
    outer loop
      vertex -39 -10.8 0
      vertex -38.4 -11.8392 0
      vertex -38.4883 -11.783 0
    endloop
  endfacet
  facet normal 0 0 -1
    outer loop
      vertex -38.2104 11.9276 0
      vertex -39 10.8 0
      vertex -38.3071 11.8876 0
    endloop
  endfacet
  facet normal 0 0 -1
    outer loop
      vertex -39 -10.8 0
      vertex -38.4883 -11.783 0
      vertex -38.5713 -11.7192 0
    endloop
  endfacet
  facet normal 0 0 -1
    outer loop
      vertex -38.3071 11.8876 0
      vertex -39 10.8 0
      vertex -38.4 11.8392 0
    endloop
  endfacet
  facet normal 0 0 -1
    outer loop
      vertex -39 -10.8 0
      vertex -38.5713 -11.7192 0
      vertex -38.6485 -11.6485 0
    endloop
  endfacet
  facet normal 0 0 -1
    outer loop
      vertex -38.4 11.8392 0
      vertex -39 10.8 0
      vertex -38.4883 11.783 0
    endloop
  endfacet
  facet normal 0 0 -1
    outer loop
      vertex -39 -10.8 0
      vertex -38.6485 -11.6485 0
      vertex -38.7192 -11.5713 0
    endloop
  endfacet
  facet normal 0 0 -1
    outer loop
      vertex -38.4883 11.783 0
      vertex -39 10.8 0
      vertex -38.5713 11.7192 0
    endloop
  endfacet
  facet normal 0 0 -1
    outer loop
      vertex -39 -10.8 0
      vertex -38.7192 -11.5713 0
      vertex -38.783 -11.4883 0
    endloop
  endfacet
  facet normal 0 0 -1
    outer loop
      vertex -38.5713 11.7192 0
      vertex -39 10.8 0
      vertex -38.6485 11.6485 0
    endloop
  endfacet
  facet normal 0 0 -1
    outer loop
      vertex -39 -10.8 0
      vertex -38.783 -11.4883 0
      vertex -38.8392 -11.4 0
    endloop
  endfacet
  facet normal 0 0 -1
    outer loop
      vertex -38.6485 11.6485 0
      vertex -39 10.8 0
      vertex -38.7192 11.5713 0
    endloop
  endfacet
  facet normal 0 0 -1
    outer loop
      vertex -39 -10.8 0
      vertex -38.8392 -11.4 0
      vertex -38.8876 -11.3071 0
    endloop
  endfacet
  facet normal 0 0 -1
    outer loop
      vertex -38.7192 11.5713 0
      vertex -39 10.8 0
      vertex -38.783 11.4883 0
    endloop
  endfacet
  facet normal 0 0 -1
    outer loop
      vertex -39 -10.8 0
      vertex -38.8876 -11.3071 0
      vertex -38.9276 -11.2104 0
    endloop
  endfacet
  facet normal 0 0 -1
    outer loop
      vertex -38.783 11.4883 0
      vertex -39 10.8 0
      vertex -38.8392 11.4 0
    endloop
  endfacet
  facet normal 0 0 -1
    outer loop
      vertex -39 -10.8 0
      vertex -38.9276 -11.2104 0
      vertex -38.9591 -11.1106 0
    endloop
  endfacet
  facet normal 0 0 -1
    outer loop
      vertex -38.8392 11.4 0
      vertex -39 10.8 0
      vertex -38.8876 11.3071 0
    endloop
  endfacet
  facet normal 0 0 -1
    outer loop
      vertex -39 -10.8 0
      vertex -38.9591 -11.1106 0
      vertex -38.9818 -11.0084 0
    endloop
  endfacet
  facet normal 0 0 -1
    outer loop
      vertex -38.8876 11.3071 0
      vertex -39 10.8 0
      vertex -38.9276 11.2104 0
    endloop
  endfacet
  facet normal 0 0 -1
    outer loop
      vertex -39 -10.8 0
      vertex -38.9818 -11.0084 0
      vertex -38.9954 -10.9046 0
    endloop
  endfacet
  facet normal 0 0 -1
    outer loop
      vertex -38.9276 11.2104 0
      vertex -39 10.8 0
      vertex -38.9591 11.1106 0
    endloop
  endfacet
  facet normal 0 0 -1
    outer loop
      vertex -38.9591 11.1106 0
      vertex -39 10.8 0
      vertex -38.9818 11.0084 0
    endloop
  endfacet
  facet normal 0 0 -1
    outer loop
      vertex -38.9818 11.0084 0
      vertex -39 10.8 0
      vertex -38.9954 10.9046 0
    endloop
  endfacet
  facet normal 0.300994 -0.953626 0
    outer loop
      vertex 38.1106 -11.9591 0
      vertex 38.2104 -11.9276 1.2
      vertex 38.1106 -11.9591 1.2
    endloop
  endfacet
  facet normal 0.300994 -0.953626 0
    outer loop
      vertex 38.2104 -11.9276 1.2
      vertex 38.1106 -11.9591 0
      vertex 38.2104 -11.9276 0
    endloop
  endfacet
  facet normal -0.675378 -0.737471 0
    outer loop
      vertex -38.6485 -11.6485 0
      vertex -38.5713 -11.7192 1.2
      vertex -38.6485 -11.6485 1.2
    endloop
  endfacet
  facet normal -0.675378 -0.737471 -0
    outer loop
      vertex -38.5713 -11.7192 1.2
      vertex -38.6485 -11.6485 0
      vertex -38.5713 -11.7192 0
    endloop
  endfacet
  facet normal 0.609434 -0.792837 0
    outer loop
      vertex 38.4883 -11.783 0
      vertex 38.5713 -11.7192 1.2
      vertex 38.4883 -11.783 1.2
    endloop
  endfacet
  facet normal 0.609434 -0.792837 0
    outer loop
      vertex 38.5713 -11.7192 1.2
      vertex 38.4883 -11.783 0
      vertex 38.5713 -11.7192 0
    endloop
  endfacet
  facet normal 0.843622 0.536937 0
    outer loop
      vertex 38.8392 11.4 1.2
      vertex 38.783 11.4883 0
      vertex 38.783 11.4883 1.2
    endloop
  endfacet
  facet normal 0.843622 0.536937 0
    outer loop
      vertex 38.783 11.4883 0
      vertex 38.8392 11.4 1.2
      vertex 38.8392 11.4 0
    endloop
  endfacet
  facet normal 0.462044 -0.886857 0
    outer loop
      vertex 38.3071 -11.8876 0
      vertex 38.4 -11.8392 1.2
      vertex 38.3071 -11.8876 1.2
    endloop
  endfacet
  facet normal 0.462044 -0.886857 0
    outer loop
      vertex 38.4 -11.8392 1.2
      vertex 38.3071 -11.8876 0
      vertex 38.4 -11.8392 0
    endloop
  endfacet
  facet normal 0.843622 -0.536937 0
    outer loop
      vertex 38.783 -11.4883 1.2
      vertex 38.8392 -11.4 0
      vertex 38.8392 -11.4 1.2
    endloop
  endfacet
  facet normal 0.843622 -0.536937 0
    outer loop
      vertex 38.8392 -11.4 0
      vertex 38.783 -11.4883 1.2
      vertex 38.783 -11.4883 0
    endloop
  endfacet
  facet normal 0.737471 0.675378 0
    outer loop
      vertex 38.7192 11.5713 1.2
      vertex 38.6485 11.6485 0
      vertex 38.6485 11.6485 1.2
    endloop
  endfacet
  facet normal 0.737471 0.675378 0
    outer loop
      vertex 38.6485 11.6485 0
      vertex 38.7192 11.5713 1.2
      vertex 38.7192 11.5713 0
    endloop
  endfacet
  facet normal 0.129911 -0.991526 0
    outer loop
      vertex 37.9046 -11.9954 0
      vertex 38.0084 -11.9818 1.2
      vertex 37.9046 -11.9954 1.2
    endloop
  endfacet
  facet normal 0.129911 -0.991526 0
    outer loop
      vertex 38.0084 -11.9818 1.2
      vertex 37.9046 -11.9954 0
      vertex 38.0084 -11.9818 0
    endloop
  endfacet
  facet normal 0.924063 0.382239 0
    outer loop
      vertex 38.9276 11.2104 1.2
      vertex 38.8876 11.3071 0
      vertex 38.8876 11.3071 1.2
    endloop
  endfacet
  facet normal 0.924063 0.382239 0
    outer loop
      vertex 38.8876 11.3071 0
      vertex 38.9276 11.2104 1.2
      vertex 38.9276 11.2104 0
    endloop
  endfacet
  facet normal 0.97621 -0.216829 0
    outer loop
      vertex 38.9591 -11.1106 1.2
      vertex 38.9818 -11.0084 0
      vertex 38.9818 -11.0084 1.2
    endloop
  endfacet
  facet normal 0.97621 -0.216829 0
    outer loop
      vertex 38.9818 -11.0084 0
      vertex 38.9591 -11.1106 1.2
      vertex 38.9591 -11.1106 0
    endloop
  endfacet
  facet normal 0.953626 0.300994 0
    outer loop
      vertex 38.9591 11.1106 1.2
      vertex 38.9276 11.2104 0
      vertex 38.9276 11.2104 1.2
    endloop
  endfacet
  facet normal 0.953626 0.300994 0
    outer loop
      vertex 38.9276 11.2104 0
      vertex 38.9591 11.1106 1.2
      vertex 38.9591 11.1106 0
    endloop
  endfacet
  facet normal 0.953626 -0.300994 0
    outer loop
      vertex 38.9276 -11.2104 1.2
      vertex 38.9591 -11.1106 0
      vertex 38.9591 -11.1106 1.2
    endloop
  endfacet
  facet normal 0.953626 -0.300994 0
    outer loop
      vertex 38.9591 -11.1106 0
      vertex 38.9276 -11.2104 1.2
      vertex 38.9276 -11.2104 0
    endloop
  endfacet
  facet normal 0.536937 0.843622 -0
    outer loop
      vertex 38.4883 11.783 0
      vertex 38.4 11.8392 1.2
      vertex 38.4883 11.783 1.2
    endloop
  endfacet
  facet normal 0.536937 0.843622 0
    outer loop
      vertex 38.4 11.8392 1.2
      vertex 38.4883 11.783 0
      vertex 38.4 11.8392 0
    endloop
  endfacet
  facet normal 0 0 1
    outer loop
      vertex 2.46883 -0.931946 1.2
      vertex 1.09679 -1.85966 1.2
      vertex 2.3907 -1.97191 1.2
    endloop
  endfacet
  facet normal 0 0 1
    outer loop
      vertex 0.448441 -2.46425 1.2
      vertex 1.05334 -1.97932 1.2
      vertex 1.09679 -1.85966 1.2
    endloop
  endfacet
  facet normal 0 0 1
    outer loop
      vertex 1.05334 -1.97932 1.2
      vertex 0.567093 -2.43277 1.2
      vertex 0.999161 -2.08638 1.2
    endloop
  endfacet
  facet normal 0 0 1
    outer loop
      vertex 0.999161 -2.08638 1.2
      vertex 0.567093 -2.43277 1.2
      vertex 0.934235 -2.18085 1.2
    endloop
  endfacet
  facet normal 0 0 1
    outer loop
      vertex 0.934235 -2.18085 1.2
      vertex 0.772141 -2.332 1.2
      vertex 0.858551 -2.26273 1.2
    endloop
  endfacet
  facet normal 0 0 1
    outer loop
      vertex 0.934235 -2.18085 1.2
      vertex 0.674988 -2.38869 1.2
      vertex 0.772141 -2.332 1.2
    endloop
  endfacet
  facet normal 0 0 1
    outer loop
      vertex 0.934235 -2.18085 1.2
      vertex 0.567093 -2.43277 1.2
      vertex 0.674988 -2.38869 1.2
    endloop
  endfacet
  facet normal 0 0 1
    outer loop
      vertex 1.05334 -1.97932 1.2
      vertex 0.448441 -2.46425 1.2
      vertex 0.567093 -2.43277 1.2
    endloop
  endfacet
  facet normal 0 0 1
    outer loop
      vertex 1.09679 -1.85966 1.2
      vertex 0.319061 -2.48315 1.2
      vertex 0.448441 -2.46425 1.2
    endloop
  endfacet
  facet normal 0 0 1
    outer loop
      vertex 1.09679 -1.85966 1.2
      vertex 0.17894 -2.48944 1.2
      vertex 0.319061 -2.48315 1.2
    endloop
  endfacet
  facet normal 0 0 1
    outer loop
      vertex 1.09679 -1.85966 1.2
      vertex 0.075882 -2.48552 1.2
      vertex 0.17894 -2.48944 1.2
    endloop
  endfacet
  facet normal -0 0 1
    outer loop
      vertex -0.919647 -0.931946 1.2
      vertex 1.09679 -1.85966 1.2
      vertex 2.46883 -0.931946 1.2
    endloop
  endfacet
  facet normal -0 -0 1
    outer loop
      vertex -0.916779 -1.08246 1.2
      vertex 1.09679 -1.85966 1.2
      vertex -0.919647 -0.931946 1.2
    endloop
  endfacet
  facet normal -0 -0 1
    outer loop
      vertex -0.893936 -1.36078 1.2
      vertex 1.09679 -1.85966 1.2
      vertex -0.908218 -1.2254 1.2
    endloop
  endfacet
  facet normal -0 -0 1
    outer loop
      vertex -0.873947 -1.48857 1.2
      vertex 1.09679 -1.85966 1.2
      vertex -0.893936 -1.36078 1.2
    endloop
  endfacet
  facet normal -0 -0 1
    outer loop
      vertex -0.816818 -1.72148 1.2
      vertex 1.09679 -1.85966 1.2
      vertex -0.848236 -1.60881 1.2
    endloop
  endfacet
  facet normal -0 -0 1
    outer loop
      vertex -0.779694 -1.82658 1.2
      vertex 1.09679 -1.85966 1.2
      vertex -0.816818 -1.72148 1.2
    endloop
  endfacet
  facet normal 0 0 1
    outer loop
      vertex 1.09679 -1.85966 1.2
      vertex -0.736847 -1.92412 1.2
      vertex 0.075882 -2.48552 1.2
    endloop
  endfacet
  facet normal 0 0 1
    outer loop
      vertex 0.075882 -2.48552 1.2
      vertex -0.736847 -1.92412 1.2
      vertex -0.0223236 -2.47372 1.2
    endloop
  endfacet
  facet normal 0 0 1
    outer loop
      vertex -0.0223236 -2.47372 1.2
      vertex -0.736847 -1.92412 1.2
      vertex -0.115707 -2.45407 1.2
    endloop
  endfacet
  facet normal 0 0 1
    outer loop
      vertex -0.204254 -2.42657 1.2
      vertex -0.736847 -1.92412 1.2
      vertex -0.287964 -2.3912 1.2
    endloop
  endfacet
  facet normal 0 0 1
    outer loop
      vertex -0.366852 -2.34798 1.2
      vertex -0.736847 -1.92412 1.2
      vertex -0.440887 -2.29689 1.2
    endloop
  endfacet
  facet normal 0 0 1
    outer loop
      vertex -0.440887 -2.29689 1.2
      vertex -0.736847 -1.92412 1.2
      vertex -0.510101 -2.23795 1.2
    endloop
  endfacet
  facet normal 0 0 1
    outer loop
      vertex -0.574478 -2.17114 1.2
      vertex -0.736847 -1.92412 1.2
      vertex -0.688293 -2.01408 1.2
    endloop
  endfacet
  facet normal 0 0 1
    outer loop
      vertex -0.510101 -2.23795 1.2
      vertex -0.736847 -1.92412 1.2
      vertex -0.574478 -2.17114 1.2
    endloop
  endfacet
  facet normal 0 0 1
    outer loop
      vertex -0.574478 -2.17114 1.2
      vertex -0.688293 -2.01408 1.2
      vertex -0.634018 -2.09647 1.2
    endloop
  endfacet
  facet normal 0 0 1
    outer loop
      vertex -0.287964 -2.3912 1.2
      vertex -0.736847 -1.92412 1.2
      vertex -0.366852 -2.34798 1.2
    endloop
  endfacet
  facet normal 0 0 1
    outer loop
      vertex -0.115707 -2.45407 1.2
      vertex -0.736847 -1.92412 1.2
      vertex -0.204254 -2.42657 1.2
    endloop
  endfacet
  facet normal 0 -0 1
    outer loop
      vertex -0.736847 -1.92412 1.2
      vertex 1.09679 -1.85966 1.2
      vertex -0.779694 -1.82658 1.2
    endloop
  endfacet
  facet normal -0 -0 1
    outer loop
      vertex -0.848236 -1.60881 1.2
      vertex 1.09679 -1.85966 1.2
      vertex -0.873947 -1.48857 1.2
    endloop
  endfacet
  facet normal -0 -0 1
    outer loop
      vertex -0.908218 -1.2254 1.2
      vertex 1.09679 -1.85966 1.2
      vertex -0.916779 -1.08246 1.2
    endloop
  endfacet
  facet normal 0 0 1
    outer loop
      vertex -2.95261 0.308167 1.2
      vertex -4.29036 -1.48857 1.2
      vertex -2.91351 -1.552 1.2
    endloop
  endfacet
  facet normal -0 0 1
    outer loop
      vertex -6.25368 -1.57516 1.2
      vertex -4.30507 -1.5838 1.2
      vertex -4.29036 -1.48857 1.2
    endloop
  endfacet
  facet normal -0 0 1
    outer loop
      vertex -4.33435 0.239838 1.2
      vertex -4.29036 -1.48857 1.2
      vertex -2.95261 0.308167 1.2
    endloop
  endfacet
  facet normal -0 0 1
    outer loop
      vertex -6.35078 -0.643875 1.2
      vertex -4.29036 -1.48857 1.2
      vertex -4.33435 0.239838 1.2
    endloop
  endfacet
  facet normal -0 -0 1
    outer loop
      vertex -6.34 -0.990829 1.2
      vertex -4.29036 -1.48857 1.2
      vertex -6.35078 -0.643875 1.2
    endloop
  endfacet
  facet normal 0 0 1
    outer loop
      vertex -6.18127 0.490417 1.2
      vertex -4.33435 0.239838 1.2
      vertex -4.34782 0.319244 1.2
    endloop
  endfacet
  facet normal 0 0 1
    outer loop
      vertex -6.18127 0.490417 1.2
      vertex -4.34782 0.319244 1.2
      vertex -4.36481 0.395386 1.2
    endloop
  endfacet
  facet normal -0 -0 1
    outer loop
      vertex -6.30763 -1.30125 1.2
      vertex -4.29036 -1.48857 1.2
      vertex -6.34 -0.990829 1.2
    endloop
  endfacet
  facet normal 0 0 1
    outer loop
      vertex -6.18127 0.490417 1.2
      vertex -4.36481 0.395386 1.2
      vertex -4.3853 0.468262 1.2
    endloop
  endfacet
  facet normal 0 -0 1
    outer loop
      vertex -6.25368 -1.57516 1.2
      vertex -4.29036 -1.48857 1.2
      vertex -6.30763 -1.30125 1.2
    endloop
  endfacet
  facet normal 0 0 1
    outer loop
      vertex -5.29131 1.12846 1.2
      vertex -4.3853 0.468262 1.2
      vertex -4.40932 0.537857 1.2
    endloop
  endfacet
  facet normal 0 0 1
    outer loop
      vertex -5.20732 1.12605 1.2
      vertex -4.40932 0.537857 1.2
      vertex -4.43684 0.604187 1.2
    endloop
  endfacet
  facet normal 0 0 1
    outer loop
      vertex -4.30507 -1.5838 1.2
      vertex -6.25368 -1.57516 1.2
      vertex -6.17815 -1.81255 1.2
    endloop
  endfacet
  facet normal 0 0 1
    outer loop
      vertex -5.20732 1.12605 1.2
      vertex -4.43684 0.604187 1.2
      vertex -4.4679 0.667236 1.2
    endloop
  endfacet
  facet normal 0 0 1
    outer loop
      vertex -4.30507 -1.5838 1.2
      vertex -6.17815 -1.81255 1.2
      vertex -4.32378 -1.67419 1.2
    endloop
  endfacet
  facet normal 0 0 1
    outer loop
      vertex -5.12724 1.1188 1.2
      vertex -4.4679 0.667236 1.2
      vertex -4.50246 0.72702 1.2
    endloop
  endfacet
  facet normal 0 0 1
    outer loop
      vertex -4.32378 -1.67419 1.2
      vertex -6.17815 -1.81255 1.2
      vertex -4.34648 -1.75977 1.2
    endloop
  endfacet
  facet normal 0 0 1
    outer loop
      vertex -5.05107 1.10672 1.2
      vertex -4.50246 0.72702 1.2
      vertex -4.54054 0.783539 1.2
    endloop
  endfacet
  facet normal 0 0 1
    outer loop
      vertex -4.34648 -1.75977 1.2
      vertex -6.17815 -1.81255 1.2
      vertex -4.3732 -1.8405 1.2
    endloop
  endfacet
  facet normal 0 0 1
    outer loop
      vertex -5.05107 1.10672 1.2
      vertex -4.54054 0.783539 1.2
      vertex -4.58214 0.836792 1.2
    endloop
  endfacet
  facet normal 0 0 1
    outer loop
      vertex -4.3732 -1.8405 1.2
      vertex -6.17815 -1.81255 1.2
      vertex -4.40392 -1.9164 1.2
    endloop
  endfacet
  facet normal 0 0 1
    outer loop
      vertex -4.97881 1.0898 1.2
      vertex -4.58214 0.836792 1.2
      vertex -4.62726 0.886765 1.2
    endloop
  endfacet
  facet normal 0 0 1
    outer loop
      vertex -4.40392 -1.9164 1.2
      vertex -6.17815 -1.81255 1.2
      vertex -4.43863 -1.98747 1.2
    endloop
  endfacet
  facet normal 0 0 1
    outer loop
      vertex -4.97881 1.0898 1.2
      vertex -4.62726 0.886765 1.2
      vertex -4.67609 0.932693 1.2
    endloop
  endfacet
  facet normal 0 0 1
    outer loop
      vertex -4.43863 -1.98747 1.2
      vertex -6.17815 -1.81255 1.2
      vertex -4.47736 -2.0537 1.2
    endloop
  endfacet
  facet normal 0 0 1
    outer loop
      vertex -4.97881 1.0898 1.2
      vertex -4.67609 0.932693 1.2
      vertex -4.72881 0.97377 1.2
    endloop
  endfacet
  facet normal 0 0 1
    outer loop
      vertex -4.97881 1.0898 1.2
      vertex -4.72881 0.97377 1.2
      vertex -4.78545 1.01003 1.2
    endloop
  endfacet
  facet normal 0 0 1
    outer loop
      vertex -4.47736 -2.0537 1.2
      vertex -6.17815 -1.81255 1.2
      vertex -4.52008 -2.1151 1.2
    endloop
  endfacet
  facet normal 0 0 1
    outer loop
      vertex -4.97881 1.0898 1.2
      vertex -4.78545 1.01003 1.2
      vertex -4.84599 1.04146 1.2
    endloop
  endfacet
  facet normal 0 0 1
    outer loop
      vertex -4.52008 -2.1151 1.2
      vertex -6.17815 -1.81255 1.2
      vertex -4.5668 -2.17168 1.2
    endloop
  endfacet
  facet normal 0 0 1
    outer loop
      vertex -4.97881 1.0898 1.2
      vertex -4.84599 1.04146 1.2
      vertex -4.91045 1.06804 1.2
    endloop
  endfacet
  facet normal 0 0 1
    outer loop
      vertex -4.5668 -2.17168 1.2
      vertex -6.17815 -1.81255 1.2
      vertex -4.61754 -2.2234 1.2
    endloop
  endfacet
  facet normal 0 0 1
    outer loop
      vertex -4.58214 0.836792 1.2
      vertex -4.97881 1.0898 1.2
      vertex -5.05107 1.10672 1.2
    endloop
  endfacet
  facet normal 0 0 1
    outer loop
      vertex -4.61754 -2.2234 1.2
      vertex -6.17815 -1.81255 1.2
      vertex -4.67154 -2.27025 1.2
    endloop
  endfacet
  facet normal 0 0 1
    outer loop
      vertex -4.67154 -2.27025 1.2
      vertex -6.17815 -1.81255 1.2
      vertex -4.72807 -2.31215 1.2
    endloop
  endfacet
  facet normal 0 0 1
    outer loop
      vertex -4.50246 0.72702 1.2
      vertex -5.05107 1.10672 1.2
      vertex -5.12724 1.1188 1.2
    endloop
  endfacet
  facet normal 0 0 1
    outer loop
      vertex -4.72807 -2.31215 1.2
      vertex -6.17815 -1.81255 1.2
      vertex -4.78716 -2.34914 1.2
    endloop
  endfacet
  facet normal 0 0 1
    outer loop
      vertex -4.4679 0.667236 1.2
      vertex -5.12724 1.1188 1.2
      vertex -5.20732 1.12605 1.2
    endloop
  endfacet
  facet normal 0 0 1
    outer loop
      vertex -4.78716 -2.34914 1.2
      vertex -6.17815 -1.81255 1.2
      vertex -4.84877 -2.38118 1.2
    endloop
  endfacet
  facet normal 0 0 1
    outer loop
      vertex -5.29131 1.12846 1.2
      vertex -4.40932 0.537857 1.2
      vertex -5.20732 1.12605 1.2
    endloop
  endfacet
  facet normal 0 0 1
    outer loop
      vertex -4.84877 -2.38118 1.2
      vertex -6.17815 -1.81255 1.2
      vertex -4.91293 -2.40831 1.2
    endloop
  endfacet
  facet normal -0 0 1
    outer loop
      vertex -6.08592 0.685379 1.2
      vertex -4.3853 0.468262 1.2
      vertex -5.29131 1.12846 1.2
    endloop
  endfacet
  facet normal 0 0 1
    outer loop
      vertex -4.91293 -2.40831 1.2
      vertex -6.17815 -1.81255 1.2
      vertex -4.97963 -2.4305 1.2
    endloop
  endfacet
  facet normal 0 0 1
    outer loop
      vertex -6.08592 0.685379 1.2
      vertex -5.29131 1.12846 1.2
      vertex -5.49261 1.11075 1.2
    endloop
  endfacet
  facet normal 0 0 1
    outer loop
      vertex -4.97963 -2.4305 1.2
      vertex -6.17815 -1.81255 1.2
      vertex -5.04886 -2.44775 1.2
    endloop
  endfacet
  facet normal 0 0 1
    outer loop
      vertex -5.96938 0.844894 1.2
      vertex -5.49261 1.11075 1.2
      vertex -5.67273 1.05757 1.2
    endloop
  endfacet
  facet normal 0 0 1
    outer loop
      vertex -5.04886 -2.44775 1.2
      vertex -6.17815 -1.81255 1.2
      vertex -5.12064 -2.46007 1.2
    endloop
  endfacet
  facet normal 0 0 1
    outer loop
      vertex -5.96938 0.844894 1.2
      vertex -5.67273 1.05757 1.2
      vertex -5.83165 0.968948 1.2
    endloop
  endfacet
  facet normal 0 0 1
    outer loop
      vertex -5.12064 -2.46007 1.2
      vertex -6.17815 -1.81255 1.2
      vertex -5.19495 -2.46747 1.2
    endloop
  endfacet
  facet normal 0 0 1
    outer loop
      vertex -5.49261 1.11075 1.2
      vertex -5.96938 0.844894 1.2
      vertex -6.08592 0.685379 1.2
    endloop
  endfacet
  facet normal -0 -0 1
    outer loop
      vertex -6.08104 -2.01341 1.2
      vertex -5.19495 -2.46747 1.2
      vertex -6.17815 -1.81255 1.2
    endloop
  endfacet
  facet normal 0 0 1
    outer loop
      vertex -4.3853 0.468262 1.2
      vertex -6.08592 0.685379 1.2
      vertex -6.18127 0.490417 1.2
    endloop
  endfacet
  facet normal 0 0 1
    outer loop
      vertex -5.19495 -2.46747 1.2
      vertex -6.08104 -2.01341 1.2
      vertex -5.2718 -2.46994 1.2
    endloop
  endfacet
  facet normal 0 0 1
    outer loop
      vertex -4.33435 0.239838 1.2
      vertex -6.18127 0.490417 1.2
      vertex -6.25543 0.26001 1.2
    endloop
  endfacet
  facet normal 0 0 1
    outer loop
      vertex -5.2718 -2.46994 1.2
      vertex -6.08104 -2.01341 1.2
      vertex -5.47681 -2.45168 1.2
    endloop
  endfacet
  facet normal 0 0 1
    outer loop
      vertex -4.33435 0.239838 1.2
      vertex -6.25543 0.26001 1.2
      vertex -6.30841 -0.00582886 1.2
    endloop
  endfacet
  facet normal 0 0 1
    outer loop
      vertex -5.47681 -2.45168 1.2
      vertex -5.96236 -2.17776 1.2
      vertex -5.66023 -2.3969 1.2
    endloop
  endfacet
  facet normal 0 0 1
    outer loop
      vertex -4.33435 0.239838 1.2
      vertex -6.30841 -0.00582886 1.2
      vertex -6.34019 -0.307129 1.2
    endloop
  endfacet
  facet normal 0 0 1
    outer loop
      vertex -5.66023 -2.3969 1.2
      vertex -5.96236 -2.17776 1.2
      vertex -5.82208 -2.30559 1.2
    endloop
  endfacet
  facet normal 0 0 1
    outer loop
      vertex -4.33435 0.239838 1.2
      vertex -6.34019 -0.307129 1.2
      vertex -6.35078 -0.643875 1.2
    endloop
  endfacet
  facet normal -0 -0 1
    outer loop
      vertex -5.96236 -2.17776 1.2
      vertex -5.47681 -2.45168 1.2
      vertex -6.08104 -2.01341 1.2
    endloop
  endfacet
  facet normal 0 0 1
    outer loop
      vertex -18.7032 -0.184967 1.2
      vertex -18.7545 -0.757965 1.2
      vertex -18.7211 -0.472168 1.2
    endloop
  endfacet
  facet normal -0 0 1
    outer loop
      vertex -21.6617 1.34999 1.2
      vertex -18.7032 -0.184967 1.2
      vertex -21.5118 4.67961 1.2
    endloop
  endfacet
  facet normal -0 -0 1
    outer loop
      vertex -21.4628 0.923447 1.2
      vertex -18.7032 -0.184967 1.2
      vertex -21.553 1.14107 1.2
    endloop
  endfacet
  facet normal -0 -0 1
    outer loop
      vertex -21.392 0.698807 1.2
      vertex -18.7032 -0.184967 1.2
      vertex -21.4628 0.923447 1.2
    endloop
  endfacet
  facet normal -0 -0 1
    outer loop
      vertex -21.341 0.468842 1.2
      vertex -18.7032 -0.184967 1.2
      vertex -21.392 0.698807 1.2
    endloop
  endfacet
  facet normal -0 -0 1
    outer loop
      vertex -21.3 0 1.2
      vertex -18.7032 -0.184967 1.2
      vertex -21.3103 0.235306 1.2
    endloop
  endfacet
  facet normal 0 0 1
    outer loop
      vertex -21.3103 -0.235306 1.2
      vertex -18.7032 -0.184967 1.2
      vertex -21.3 0 1.2
    endloop
  endfacet
  facet normal 0 0 1
    outer loop
      vertex -18.7032 -0.184967 1.2
      vertex -21.3103 -0.235306 1.2
      vertex -18.7545 -0.757965 1.2
    endloop
  endfacet
  facet normal 0 0 1
    outer loop
      vertex -18.7545 -0.757965 1.2
      vertex -21.341 -0.468842 1.2
      vertex -18.8034 -1.04153 1.2
    endloop
  endfacet
  facet normal -0 0 1
    outer loop
      vertex -21.392 -0.698807 1.2
      vertex -18.8034 -1.04153 1.2
      vertex -21.341 -0.468842 1.2
    endloop
  endfacet
  facet normal -0 0 1
    outer loop
      vertex -21.4628 -0.923447 1.2
      vertex -18.9469 -1.59863 1.2
      vertex -21.392 -0.698807 1.2
    endloop
  endfacet
  facet normal 0 0 1
    outer loop
      vertex -18.9469 -1.59863 1.2
      vertex -21.4628 -0.923447 1.2
      vertex -19.0411 -1.87051 1.2
    endloop
  endfacet
  facet normal -0 0 1
    outer loop
      vertex -21.553 -1.14107 1.2
      vertex -19.1499 -2.1369 1.2
      vertex -21.4628 -0.923447 1.2
    endloop
  endfacet
  facet normal 0 0 1
    outer loop
      vertex -19.1499 -2.1369 1.2
      vertex -21.553 -1.14107 1.2
      vertex -19.273 -2.39697 1.2
    endloop
  endfacet
  facet normal -0 0 1
    outer loop
      vertex -21.6617 -1.34999 1.2
      vertex -19.273 -2.39697 1.2
      vertex -21.553 -1.14107 1.2
    endloop
  endfacet
  facet normal 0 0 1
    outer loop
      vertex -19.4101 -2.64999 1.2
      vertex -21.6617 -1.34999 1.2
      vertex -19.5607 -2.89519 1.2
    endloop
  endfacet
  facet normal -0 0 1
    outer loop
      vertex -21.7883 -1.54865 1.2
      vertex -19.5607 -2.89519 1.2
      vertex -21.6617 -1.34999 1.2
    endloop
  endfacet
  facet normal 0 0 1
    outer loop
      vertex -19.5607 -2.89519 1.2
      vertex -21.7883 -1.54865 1.2
      vertex -19.7243 -3.13185 1.2
    endloop
  endfacet
  facet normal 0 0 1
    outer loop
      vertex -19.273 -2.39697 1.2
      vertex -21.6617 -1.34999 1.2
      vertex -19.4101 -2.64999 1.2
    endloop
  endfacet
  facet normal 0 0 1
    outer loop
      vertex -19.0411 -1.87051 1.2
      vertex -21.4628 -0.923447 1.2
      vertex -19.1499 -2.1369 1.2
    endloop
  endfacet
  facet normal 0 0 1
    outer loop
      vertex -18.8675 -1.32204 1.2
      vertex -21.392 -0.698807 1.2
      vertex -18.9469 -1.59863 1.2
    endloop
  endfacet
  facet normal 0 0 1
    outer loop
      vertex -18.8034 -1.04153 1.2
      vertex -21.392 -0.698807 1.2
      vertex -18.8675 -1.32204 1.2
    endloop
  endfacet
  facet normal -0 0 1
    outer loop
      vertex -21.341 -0.468842 1.2
      vertex -18.7545 -0.757965 1.2
      vertex -21.3103 -0.235306 1.2
    endloop
  endfacet
  facet normal -0 -0 1
    outer loop
      vertex -21.3103 0.235306 1.2
      vertex -18.7032 -0.184967 1.2
      vertex -21.341 0.468842 1.2
    endloop
  endfacet
  facet normal 0 0 1
    outer loop
      vertex -18.7032 -0.184967 1.2
      vertex -21.6617 1.34999 1.2
      vertex -21.553 1.14107 1.2
    endloop
  endfacet
  facet normal 0 0 1
    outer loop
      vertex -22.8589 2.44702 1.2
      vertex -21.5118 4.67961 1.2
      vertex -21.7695 4.80775 1.2
    endloop
  endfacet
  facet normal 0 0 1
    outer loop
      vertex -21.5118 4.67961 1.2
      vertex -21.7883 1.54865 1.2
      vertex -21.6617 1.34999 1.2
    endloop
  endfacet
  facet normal 0 0 1
    outer loop
      vertex -21.5118 4.67961 1.2
      vertex -21.9317 1.73552 1.2
      vertex -21.7883 1.54865 1.2
    endloop
  endfacet
  facet normal 0 0 1
    outer loop
      vertex -22.8589 2.44702 1.2
      vertex -21.7695 4.80775 1.2
      vertex -22.0337 4.92174 1.2
    endloop
  endfacet
  facet normal 0 0 1
    outer loop
      vertex -21.5118 4.67961 1.2
      vertex -22.0908 1.90918 1.2
      vertex -21.9317 1.73552 1.2
    endloop
  endfacet
  facet normal 0 0 1
    outer loop
      vertex -21.5118 4.67961 1.2
      vertex -22.2645 2.06831 1.2
      vertex -22.0908 1.90918 1.2
    endloop
  endfacet
  facet normal 0 0 1
    outer loop
      vertex -23.0766 2.53716 1.2
      vertex -22.0337 4.92174 1.2
      vertex -22.3037 5.02119 1.2
    endloop
  endfacet
  facet normal 0 0 1
    outer loop
      vertex -21.5118 4.67961 1.2
      vertex -22.4514 2.2117 1.2
      vertex -22.2645 2.06831 1.2
    endloop
  endfacet
  facet normal 0 0 1
    outer loop
      vertex -23.3012 2.60799 1.2
      vertex -22.3037 5.02119 1.2
      vertex -22.5787 5.10587 1.2
    endloop
  endfacet
  facet normal 0 0 1
    outer loop
      vertex -21.5118 4.67961 1.2
      vertex -22.65 2.33826 1.2
      vertex -22.4514 2.2117 1.2
    endloop
  endfacet
  facet normal 0 0 1
    outer loop
      vertex -23.3012 2.60799 1.2
      vertex -22.5787 5.10587 1.2
      vertex -22.8579 5.17548 1.2
    endloop
  endfacet
  facet normal 0 0 1
    outer loop
      vertex -21.5118 4.67961 1.2
      vertex -22.8589 2.44702 1.2
      vertex -22.65 2.33826 1.2
    endloop
  endfacet
  facet normal 0 0 1
    outer loop
      vertex -22.0337 4.92174 1.2
      vertex -23.0766 2.53716 1.2
      vertex -22.8589 2.44702 1.2
    endloop
  endfacet
  facet normal 0 0 1
    outer loop
      vertex -23.5312 2.65897 1.2
      vertex -22.8579 5.17548 1.2
      vertex -23.1405 5.22983 1.2
    endloop
  endfacet
  facet normal 0 0 1
    outer loop
      vertex -22.3037 5.02119 1.2
      vertex -23.3012 2.60799 1.2
      vertex -23.0766 2.53716 1.2
    endloop
  endfacet
  facet normal 0 0 1
    outer loop
      vertex -23.5312 2.65897 1.2
      vertex -23.1405 5.22983 1.2
      vertex -23.4256 5.26877 1.2
    endloop
  endfacet
  facet normal 0 0 1
    outer loop
      vertex -22.8579 5.17548 1.2
      vertex -23.5312 2.65897 1.2
      vertex -23.3012 2.60799 1.2
    endloop
  endfacet
  facet normal 0 0 1
    outer loop
      vertex -23.7647 2.68971 1.2
      vertex -23.4256 5.26877 1.2
      vertex -23.7124 5.29218 1.2
    endloop
  endfacet
  facet normal 0 0 1
    outer loop
      vertex -23.4256 5.26877 1.2
      vertex -23.7647 2.68971 1.2
      vertex -23.5312 2.65897 1.2
    endloop
  endfacet
  facet normal 0 0 1
    outer loop
      vertex -24 2.7 1.2
      vertex -23.7124 5.29218 1.2
      vertex -24 5.29999 1.2
    endloop
  endfacet
  facet normal 0 0 1
    outer loop
      vertex -23.7124 5.29218 1.2
      vertex -24 2.7 1.2
      vertex -23.7647 2.68971 1.2
    endloop
  endfacet
  facet normal -0 0 1
    outer loop
      vertex -24.2876 5.29218 1.2
      vertex -24 2.7 1.2
      vertex -24 5.29999 1.2
    endloop
  endfacet
  facet normal 0 0 1
    outer loop
      vertex -24 2.7 1.2
      vertex -24.2876 5.29218 1.2
      vertex -24.2353 2.68971 1.2
    endloop
  endfacet
  facet normal -0 0 1
    outer loop
      vertex -24.5744 5.26877 1.2
      vertex -24.2353 2.68971 1.2
      vertex -24.2876 5.29218 1.2
    endloop
  endfacet
  facet normal 0 0 1
    outer loop
      vertex -24.2353 2.68971 1.2
      vertex -24.5744 5.26877 1.2
      vertex -24.4688 2.65897 1.2
    endloop
  endfacet
  facet normal -0 0 1
    outer loop
      vertex -24.8595 5.22983 1.2
      vertex -24.4688 2.65897 1.2
      vertex -24.5744 5.26877 1.2
    endloop
  endfacet
  facet normal -0 0 1
    outer loop
      vertex -25.1421 5.17548 1.2
      vertex -24.4688 2.65897 1.2
      vertex -24.8595 5.22983 1.2
    endloop
  endfacet
  facet normal 0 0 1
    outer loop
      vertex -24.4688 2.65897 1.2
      vertex -25.1421 5.17548 1.2
      vertex -24.6988 2.60799 1.2
    endloop
  endfacet
  facet normal -0 0 1
    outer loop
      vertex -25.4213 5.10587 1.2
      vertex -24.6988 2.60799 1.2
      vertex -25.1421 5.17548 1.2
    endloop
  endfacet
  facet normal -0 0 1
    outer loop
      vertex -25.6963 5.02119 1.2
      vertex -24.6988 2.60799 1.2
      vertex -25.4213 5.10587 1.2
    endloop
  endfacet
  facet normal 0 0 1
    outer loop
      vertex -24.6988 2.60799 1.2
      vertex -25.6963 5.02119 1.2
      vertex -24.9234 2.53716 1.2
    endloop
  endfacet
  facet normal -0 0 1
    outer loop
      vertex -25.9663 4.92174 1.2
      vertex -24.9234 2.53716 1.2
      vertex -25.6963 5.02119 1.2
    endloop
  endfacet
  facet normal 0 0 1
    outer loop
      vertex -24.9234 2.53716 1.2
      vertex -25.9663 4.92174 1.2
      vertex -25.1411 2.44702 1.2
    endloop
  endfacet
  facet normal -0 0 1
    outer loop
      vertex -26.2305 4.80775 1.2
      vertex -25.1411 2.44702 1.2
      vertex -25.9663 4.92174 1.2
    endloop
  endfacet
  facet normal -0 0 1
    outer loop
      vertex -26.4882 4.67961 1.2
      vertex -25.1411 2.44702 1.2
      vertex -26.2305 4.80775 1.2
    endloop
  endfacet
  facet normal 0 0 1
    outer loop
      vertex -25.1411 2.44702 1.2
      vertex -26.4882 4.67961 1.2
      vertex -25.35 2.33826 1.2
    endloop
  endfacet
  facet normal 0 0 1
    outer loop
      vertex -25.35 2.33826 1.2
      vertex -26.4882 4.67961 1.2
      vertex -25.5486 2.2117 1.2
    endloop
  endfacet
  facet normal 0 0 1
    outer loop
      vertex -25.5486 2.2117 1.2
      vertex -26.4882 4.67961 1.2
      vertex -25.7355 2.06831 1.2
    endloop
  endfacet
  facet normal 0 0 1
    outer loop
      vertex -25.7355 2.06831 1.2
      vertex -26.4882 4.67961 1.2
      vertex -25.9092 1.90918 1.2
    endloop
  endfacet
  facet normal 0 0 1
    outer loop
      vertex -25.9092 1.90918 1.2
      vertex -26.4882 4.67961 1.2
      vertex -26.0683 1.73552 1.2
    endloop
  endfacet
  facet normal 0 0 1
    outer loop
      vertex -26.0683 1.73552 1.2
      vertex -26.4882 4.67961 1.2
      vertex -26.2117 1.54865 1.2
    endloop
  endfacet
  facet normal 0 0 1
    outer loop
      vertex -26.2117 1.54865 1.2
      vertex -26.4882 4.67961 1.2
      vertex -26.3383 1.34999 1.2
    endloop
  endfacet
  facet normal 0 0 1
    outer loop
      vertex -29.2968 -0.184967 1.2
      vertex -26.3383 1.34999 1.2
      vertex -26.4882 4.67961 1.2
    endloop
  endfacet
  facet normal 0 0 1
    outer loop
      vertex -26.3383 1.34999 1.2
      vertex -29.2968 -0.184967 1.2
      vertex -26.447 1.14107 1.2
    endloop
  endfacet
  facet normal 0 0 1
    outer loop
      vertex -26.447 1.14107 1.2
      vertex -29.2968 -0.184967 1.2
      vertex -26.5372 0.923447 1.2
    endloop
  endfacet
  facet normal 0 0 1
    outer loop
      vertex -26.5372 0.923447 1.2
      vertex -29.2968 -0.184967 1.2
      vertex -26.608 0.698807 1.2
    endloop
  endfacet
  facet normal 0 0 1
    outer loop
      vertex -26.608 0.698807 1.2
      vertex -29.2968 -0.184967 1.2
      vertex -26.659 0.468842 1.2
    endloop
  endfacet
  facet normal 0 0 1
    outer loop
      vertex -25.5486 -2.2117 1.2
      vertex -27.0484 -4.33557 1.2
      vertex -26.8086 -4.49463 1.2
    endloop
  endfacet
  facet normal 0 0 1
    outer loop
      vertex -29.2968 -0.184967 1.2
      vertex -26.7 0 1.2
      vertex -26.6897 0.235306 1.2
    endloop
  endfacet
  facet normal 0 0 1
    outer loop
      vertex -26.659 0.468842 1.2
      vertex -29.2968 -0.184967 1.2
      vertex -26.6897 0.235306 1.2
    endloop
  endfacet
  facet normal 0 0 1
    outer loop
      vertex -26.6897 -0.235306 1.2
      vertex -27.2792 -4.16376 1.2
      vertex -27.0484 -4.33557 1.2
    endloop
  endfacet
  facet normal 0 0 1
    outer loop
      vertex -26.6897 -0.235306 1.2
      vertex -27.5003 -3.97964 1.2
      vertex -27.2792 -4.16376 1.2
    endloop
  endfacet
  facet normal 0 0 1
    outer loop
      vertex -26.6897 -0.235306 1.2
      vertex -27.7112 -3.78381 1.2
      vertex -27.5003 -3.97964 1.2
    endloop
  endfacet
  facet normal 0 0 1
    outer loop
      vertex -26.6897 -0.235306 1.2
      vertex -27.911 -3.57683 1.2
      vertex -27.7112 -3.78381 1.2
    endloop
  endfacet
  facet normal 0 0 1
    outer loop
      vertex -26.6897 -0.235306 1.2
      vertex -28.0994 -3.3593 1.2
      vertex -27.911 -3.57683 1.2
    endloop
  endfacet
  facet normal 0 0 1
    outer loop
      vertex -26.6897 -0.235306 1.2
      vertex -28.2757 -3.13185 1.2
      vertex -28.0994 -3.3593 1.2
    endloop
  endfacet
  facet normal 0 0 1
    outer loop
      vertex -26.6897 -0.235306 1.2
      vertex -28.4393 -2.89519 1.2
      vertex -28.2757 -3.13185 1.2
    endloop
  endfacet
  facet normal 0 0 1
    outer loop
      vertex -26.6897 -0.235306 1.2
      vertex -28.5899 -2.64999 1.2
      vertex -28.4393 -2.89519 1.2
    endloop
  endfacet
  facet normal 0 0 1
    outer loop
      vertex -26.6897 -0.235306 1.2
      vertex -28.727 -2.39697 1.2
      vertex -28.5899 -2.64999 1.2
    endloop
  endfacet
  facet normal 0 0 1
    outer loop
      vertex -26.6897 -0.235306 1.2
      vertex -28.8501 -2.1369 1.2
      vertex -28.727 -2.39697 1.2
    endloop
  endfacet
  facet normal 0 0 1
    outer loop
      vertex -26.6897 -0.235306 1.2
      vertex -28.9589 -1.87051 1.2
      vertex -28.8501 -2.1369 1.2
    endloop
  endfacet
  facet normal 0 0 1
    outer loop
      vertex -26.6897 -0.235306 1.2
      vertex -29.0531 -1.59863 1.2
      vertex -28.9589 -1.87051 1.2
    endloop
  endfacet
  facet normal 0 0 1
    outer loop
      vertex -26.6897 -0.235306 1.2
      vertex -29.1325 -1.32204 1.2
      vertex -29.0531 -1.59863 1.2
    endloop
  endfacet
  facet normal 0 0 1
    outer loop
      vertex -26.6897 -0.235306 1.2
      vertex -29.1966 -1.04153 1.2
      vertex -29.1325 -1.32204 1.2
    endloop
  endfacet
  facet normal 0 0 1
    outer loop
      vertex -26.6897 -0.235306 1.2
      vertex -29.2455 -0.757965 1.2
      vertex -29.1966 -1.04153 1.2
    endloop
  endfacet
  facet normal 0 0 1
    outer loop
      vertex -29.2968 -0.184967 1.2
      vertex -26.4882 4.67961 1.2
      vertex -29.2581 9.88901 1.2
    endloop
  endfacet
  facet normal 0 0 1
    outer loop
      vertex -26.6897 -0.235306 1.2
      vertex -29.2968 -0.184967 1.2
      vertex -29.2789 -0.472168 1.2
    endloop
  endfacet
  facet normal 0 0 1
    outer loop
      vertex 9.47237 0.500763 1.2
      vertex 10.4311 0.732971 1.2
      vertex 10.431 0.818436 1.2
    endloop
  endfacet
  facet normal 0 0 1
    outer loop
      vertex 19.2439 -0.404984 1.2
      vertex 20.1968 0.79158 1.2
      vertex 20.1966 0.874985 1.2
    endloop
  endfacet
  facet normal -0 0 1
    outer loop
      vertex 21.5963 -0.0982971 1.2
      vertex 23.6194 -0.346085 1.2
      vertex 23.61 -0.0816803 1.2
    endloop
  endfacet
  facet normal 0 0 1
    outer loop
      vertex 30.6832 -0.931946 1.2
      vertex 29.3112 -1.85966 1.2
      vertex 30.6051 -1.97191 1.2
    endloop
  endfacet
  facet normal 0 0 1
    outer loop
      vertex 28.6629 -2.46425 1.2
      vertex 29.2678 -1.97932 1.2
      vertex 29.3112 -1.85966 1.2
    endloop
  endfacet
  facet normal 0 0 1
    outer loop
      vertex 29.2678 -1.97932 1.2
      vertex 28.7815 -2.43277 1.2
      vertex 29.2136 -2.08638 1.2
    endloop
  endfacet
  facet normal 0 0 1
    outer loop
      vertex 29.2136 -2.08638 1.2
      vertex 28.7815 -2.43277 1.2
      vertex 29.1487 -2.18085 1.2
    endloop
  endfacet
  facet normal 0 0 1
    outer loop
      vertex 29.1487 -2.18085 1.2
      vertex 28.9866 -2.332 1.2
      vertex 29.073 -2.26273 1.2
    endloop
  endfacet
  facet normal 0 0 1
    outer loop
      vertex 29.1487 -2.18085 1.2
      vertex 28.8894 -2.38869 1.2
      vertex 28.9866 -2.332 1.2
    endloop
  endfacet
  facet normal 0 0 1
    outer loop
      vertex 29.1487 -2.18085 1.2
      vertex 28.7815 -2.43277 1.2
      vertex 28.8894 -2.38869 1.2
    endloop
  endfacet
  facet normal 0 0 1
    outer loop
      vertex 29.2678 -1.97932 1.2
      vertex 28.6629 -2.46425 1.2
      vertex 28.7815 -2.43277 1.2
    endloop
  endfacet
  facet normal 0 0 1
    outer loop
      vertex 29.3112 -1.85966 1.2
      vertex 28.5335 -2.48315 1.2
      vertex 28.6629 -2.46425 1.2
    endloop
  endfacet
  facet normal 0 0 1
    outer loop
      vertex 29.3112 -1.85966 1.2
      vertex 28.3934 -2.48944 1.2
      vertex 28.5335 -2.48315 1.2
    endloop
  endfacet
  facet normal 0 0 1
    outer loop
      vertex 29.3112 -1.85966 1.2
      vertex 28.2903 -2.48552 1.2
      vertex 28.3934 -2.48944 1.2
    endloop
  endfacet
  facet normal -0 0 1
    outer loop
      vertex 27.2948 -0.931946 1.2
      vertex 29.3112 -1.85966 1.2
      vertex 30.6832 -0.931946 1.2
    endloop
  endfacet
  facet normal -0 -0 1
    outer loop
      vertex 27.2976 -1.08246 1.2
      vertex 29.3112 -1.85966 1.2
      vertex 27.2948 -0.931946 1.2
    endloop
  endfacet
  facet normal -0 -0 1
    outer loop
      vertex 27.3205 -1.36078 1.2
      vertex 29.3112 -1.85966 1.2
      vertex 27.3062 -1.2254 1.2
    endloop
  endfacet
  facet normal -0 -0 1
    outer loop
      vertex 27.3405 -1.48857 1.2
      vertex 29.3112 -1.85966 1.2
      vertex 27.3205 -1.36078 1.2
    endloop
  endfacet
  facet normal -0 -0 1
    outer loop
      vertex 27.3976 -1.72148 1.2
      vertex 29.3112 -1.85966 1.2
      vertex 27.3662 -1.60881 1.2
    endloop
  endfacet
  facet normal -0 -0 1
    outer loop
      vertex 27.4347 -1.82658 1.2
      vertex 29.3112 -1.85966 1.2
      vertex 27.3976 -1.72148 1.2
    endloop
  endfacet
  facet normal 0 0 1
    outer loop
      vertex 29.3112 -1.85966 1.2
      vertex 27.4776 -1.92412 1.2
      vertex 28.2903 -2.48552 1.2
    endloop
  endfacet
  facet normal -0 -0 1
    outer loop
      vertex 27.5261 -2.01408 1.2
      vertex 28.2903 -2.48552 1.2
      vertex 27.4776 -1.92412 1.2
    endloop
  endfacet
  facet normal 0 0 1
    outer loop
      vertex 28.2903 -2.48552 1.2
      vertex 27.5261 -2.01408 1.2
      vertex 28.1921 -2.47372 1.2
    endloop
  endfacet
  facet normal 0 0 1
    outer loop
      vertex 28.1921 -2.47372 1.2
      vertex 27.5804 -2.09647 1.2
      vertex 28.0987 -2.45407 1.2
    endloop
  endfacet
  facet normal 0 0 1
    outer loop
      vertex 28.0102 -2.42657 1.2
      vertex 27.5804 -2.09647 1.2
      vertex 27.9265 -2.3912 1.2
    endloop
  endfacet
  facet normal 0 0 1
    outer loop
      vertex 27.7735 -2.29689 1.2
      vertex 27.64 -2.17114 1.2
      vertex 27.7043 -2.23795 1.2
    endloop
  endfacet
  facet normal 0 0 1
    outer loop
      vertex 27.9265 -2.3912 1.2
      vertex 27.5804 -2.09647 1.2
      vertex 27.8476 -2.34798 1.2
    endloop
  endfacet
  facet normal 0 0 1
    outer loop
      vertex 27.8476 -2.34798 1.2
      vertex 27.5804 -2.09647 1.2
      vertex 27.7735 -2.29689 1.2
    endloop
  endfacet
  facet normal 0 0 1
    outer loop
      vertex 27.7735 -2.29689 1.2
      vertex 27.5804 -2.09647 1.2
      vertex 27.64 -2.17114 1.2
    endloop
  endfacet
  facet normal 0 0 1
    outer loop
      vertex 28.0987 -2.45407 1.2
      vertex 27.5804 -2.09647 1.2
      vertex 28.0102 -2.42657 1.2
    endloop
  endfacet
  facet normal -0 -0 1
    outer loop
      vertex 27.5804 -2.09647 1.2
      vertex 28.1921 -2.47372 1.2
      vertex 27.5261 -2.01408 1.2
    endloop
  endfacet
  facet normal 0 -0 1
    outer loop
      vertex 27.4776 -1.92412 1.2
      vertex 29.3112 -1.85966 1.2
      vertex 27.4347 -1.82658 1.2
    endloop
  endfacet
  facet normal -0 -0 1
    outer loop
      vertex 27.3662 -1.60881 1.2
      vertex 29.3112 -1.85966 1.2
      vertex 27.3405 -1.48857 1.2
    endloop
  endfacet
  facet normal -0 -0 1
    outer loop
      vertex 27.3062 -1.2254 1.2
      vertex 29.3112 -1.85966 1.2
      vertex 27.2976 -1.08246 1.2
    endloop
  endfacet
  facet normal 0 0 1
    outer loop
      vertex 37.8 12 1.2
      vertex 39 10.8 1.2
      vertex 38.9954 10.9046 1.2
    endloop
  endfacet
  facet normal 0 0 1
    outer loop
      vertex 39 10.8 1.2
      vertex 30.6772 -0.608932 1.2
      vertex 39 -10.8 1.2
    endloop
  endfacet
  facet normal 0 0 1
    outer loop
      vertex 37.8 12 1.2
      vertex 38.9954 10.9046 1.2
      vertex 38.9818 11.0084 1.2
    endloop
  endfacet
  facet normal -0 -0 1
    outer loop
      vertex 30.6832 -0.892914 1.2
      vertex 39 -10.8 1.2
      vertex 30.6772 -0.608932 1.2
    endloop
  endfacet
  facet normal 0 0 1
    outer loop
      vertex 37.8 12 1.2
      vertex 38.9818 11.0084 1.2
      vertex 38.9591 11.1106 1.2
    endloop
  endfacet
  facet normal -0 0 1
    outer loop
      vertex 30.6832 -0.931946 1.2
      vertex 39 -10.8 1.2
      vertex 30.6832 -0.892914 1.2
    endloop
  endfacet
  facet normal 0 0 1
    outer loop
      vertex 37.8 12 1.2
      vertex 38.9591 11.1106 1.2
      vertex 38.9276 11.2104 1.2
    endloop
  endfacet
  facet normal -0 0 1
    outer loop
      vertex 30.6051 -1.97191 1.2
      vertex 39 -10.8 1.2
      vertex 30.6832 -0.931946 1.2
    endloop
  endfacet
  facet normal 0 0 1
    outer loop
      vertex 37.8 12 1.2
      vertex 38.9276 11.2104 1.2
      vertex 38.8876 11.3071 1.2
    endloop
  endfacet
  facet normal -0 0 1
    outer loop
      vertex 30.4812 -2.24464 1.2
      vertex 39 -10.8 1.2
      vertex 30.6051 -1.97191 1.2
    endloop
  endfacet
  facet normal 0 0 1
    outer loop
      vertex 37.8 12 1.2
      vertex 38.8876 11.3071 1.2
      vertex 38.8392 11.4 1.2
    endloop
  endfacet
  facet normal -0 0 1
    outer loop
      vertex 30.3342 -2.48868 1.2
      vertex 39 -10.8 1.2
      vertex 30.4812 -2.24464 1.2
    endloop
  endfacet
  facet normal 0 0 1
    outer loop
      vertex 37.8 12 1.2
      vertex 38.8392 11.4 1.2
      vertex 38.783 11.4883 1.2
    endloop
  endfacet
  facet normal -0 0 1
    outer loop
      vertex 30.1641 -2.70399 1.2
      vertex 39 -10.8 1.2
      vertex 30.3342 -2.48868 1.2
    endloop
  endfacet
  facet normal 0 0 1
    outer loop
      vertex 37.8 12 1.2
      vertex 38.783 11.4883 1.2
      vertex 38.7192 11.5713 1.2
    endloop
  endfacet
  facet normal -0 0 1
    outer loop
      vertex 29.9708 -2.89061 1.2
      vertex 39 -10.8 1.2
      vertex 30.1641 -2.70399 1.2
    endloop
  endfacet
  facet normal 0 0 1
    outer loop
      vertex 37.8 12 1.2
      vertex 38.7192 11.5713 1.2
      vertex 38.6485 11.6485 1.2
    endloop
  endfacet
  facet normal 0 0 1
    outer loop
      vertex 39 -10.8 1.2
      vertex 37.8 -12 1.2
      vertex 38.9954 -10.9046 1.2
    endloop
  endfacet
  facet normal 0 0 1
    outer loop
      vertex 37.8 12 1.2
      vertex 38.6485 11.6485 1.2
      vertex 38.5713 11.7192 1.2
    endloop
  endfacet
  facet normal 0 0 1
    outer loop
      vertex 38.9954 -10.9046 1.2
      vertex 37.8 -12 1.2
      vertex 38.9818 -11.0084 1.2
    endloop
  endfacet
  facet normal 0 0 1
    outer loop
      vertex 37.8 12 1.2
      vertex 38.5713 11.7192 1.2
      vertex 38.4883 11.783 1.2
    endloop
  endfacet
  facet normal 0 0 1
    outer loop
      vertex 38.9818 -11.0084 1.2
      vertex 37.8 -12 1.2
      vertex 38.9591 -11.1106 1.2
    endloop
  endfacet
  facet normal 0 0 1
    outer loop
      vertex 37.8 12 1.2
      vertex 38.4883 11.783 1.2
      vertex 38.4 11.8392 1.2
    endloop
  endfacet
  facet normal 0 0 1
    outer loop
      vertex 38.9591 -11.1106 1.2
      vertex 37.8 -12 1.2
      vertex 38.9276 -11.2104 1.2
    endloop
  endfacet
  facet normal 0 0 1
    outer loop
      vertex 37.8 12 1.2
      vertex 38.4 11.8392 1.2
      vertex 38.3071 11.8876 1.2
    endloop
  endfacet
  facet normal 0 0 1
    outer loop
      vertex 38.8876 -11.3071 1.2
      vertex 37.8 -12 1.2
      vertex 38.8392 -11.4 1.2
    endloop
  endfacet
  facet normal 0 0 1
    outer loop
      vertex 37.8 12 1.2
      vertex 38.3071 11.8876 1.2
      vertex 38.2104 11.9276 1.2
    endloop
  endfacet
  facet normal 0 0 1
    outer loop
      vertex 38.8392 -11.4 1.2
      vertex 37.8 -12 1.2
      vertex 38.783 -11.4883 1.2
    endloop
  endfacet
  facet normal 0 0 1
    outer loop
      vertex 37.8 12 1.2
      vertex 38.2104 11.9276 1.2
      vertex 38.1106 11.9591 1.2
    endloop
  endfacet
  facet normal 0 0 1
    outer loop
      vertex 38.783 -11.4883 1.2
      vertex 37.8 -12 1.2
      vertex 38.7192 -11.5713 1.2
    endloop
  endfacet
  facet normal 0 0 1
    outer loop
      vertex 37.8 12 1.2
      vertex 38.1106 11.9591 1.2
      vertex 38.0084 11.9818 1.2
    endloop
  endfacet
  facet normal 0 0 1
    outer loop
      vertex 38.6485 -11.6485 1.2
      vertex 37.8 -12 1.2
      vertex 38.5713 -11.7192 1.2
    endloop
  endfacet
  facet normal 0 0 1
    outer loop
      vertex 37.8 12 1.2
      vertex 38.0084 11.9818 1.2
      vertex 37.9046 11.9954 1.2
    endloop
  endfacet
  facet normal 0 0 1
    outer loop
      vertex 38.5713 -11.7192 1.2
      vertex 37.8 -12 1.2
      vertex 38.4883 -11.783 1.2
    endloop
  endfacet
  facet normal 0 0 1
    outer loop
      vertex 39 10.8 1.2
      vertex 37.8 12 1.2
      vertex 29.821 1.58795 1.2
    endloop
  endfacet
  facet normal 0 0 1
    outer loop
      vertex 38.4883 -11.783 1.2
      vertex 37.8 -12 1.2
      vertex 38.4 -11.8392 1.2
    endloop
  endfacet
  facet normal 0 0 1
    outer loop
      vertex 38.4 -11.8392 1.2
      vertex 37.8 -12 1.2
      vertex 38.3071 -11.8876 1.2
    endloop
  endfacet
  facet normal 0 0 1
    outer loop
      vertex 38.2104 -11.9276 1.2
      vertex 37.8 -12 1.2
      vertex 38.1106 -11.9591 1.2
    endloop
  endfacet
  facet normal 0 0 1
    outer loop
      vertex 39 10.8 1.2
      vertex 30.6592 -0.338959 1.2
      vertex 30.6772 -0.608932 1.2
    endloop
  endfacet
  facet normal 0 0 1
    outer loop
      vertex 39 10.8 1.2
      vertex 30.6292 -0.0829926 1.2
      vertex 30.6592 -0.338959 1.2
    endloop
  endfacet
  facet normal 0 0 1
    outer loop
      vertex 39 10.8 1.2
      vertex 30.5872 0.158951 1.2
      vertex 30.6292 -0.0829926 1.2
    endloop
  endfacet
  facet normal 0 0 1
    outer loop
      vertex 39 10.8 1.2
      vertex 30.5331 0.386887 1.2
      vertex 30.5872 0.158951 1.2
    endloop
  endfacet
  facet normal 0 0 1
    outer loop
      vertex 39 10.8 1.2
      vertex 30.467 0.600815 1.2
      vertex 30.5331 0.386887 1.2
    endloop
  endfacet
  facet normal 0 0 1
    outer loop
      vertex 39 10.8 1.2
      vertex 30.389 0.80072 1.2
      vertex 30.467 0.600815 1.2
    endloop
  endfacet
  facet normal 0 0 1
    outer loop
      vertex 39 10.8 1.2
      vertex 30.2989 0.986618 1.2
      vertex 30.389 0.80072 1.2
    endloop
  endfacet
  facet normal 0 0 1
    outer loop
      vertex 39 10.8 1.2
      vertex 30.1968 1.15851 1.2
      vertex 30.2989 0.986618 1.2
    endloop
  endfacet
  facet normal 0 0 1
    outer loop
      vertex 39 10.8 1.2
      vertex 30.0827 1.31639 1.2
      vertex 30.1968 1.15851 1.2
    endloop
  endfacet
  facet normal 0 0 1
    outer loop
      vertex 39 10.8 1.2
      vertex 29.9572 1.45972 1.2
      vertex 30.0827 1.31639 1.2
    endloop
  endfacet
  facet normal 0 0 1
    outer loop
      vertex 39 10.8 1.2
      vertex 29.821 1.58795 1.2
      vertex 29.9572 1.45972 1.2
    endloop
  endfacet
  facet normal 0 0 1
    outer loop
      vertex 37.8 12 1.2
      vertex 29.674 1.7011 1.2
      vertex 29.821 1.58795 1.2
    endloop
  endfacet
  facet normal 0 0 1
    outer loop
      vertex 37.8 12 1.2
      vertex 29.5163 1.79916 1.2
      vertex 29.674 1.7011 1.2
    endloop
  endfacet
  facet normal 0 0 1
    outer loop
      vertex 37.8 12 1.2
      vertex 29.3479 1.88214 1.2
      vertex 29.5163 1.79916 1.2
    endloop
  endfacet
  facet normal 0 0 1
    outer loop
      vertex 37.8 12 1.2
      vertex 29.1687 1.95004 1.2
      vertex 29.3479 1.88214 1.2
    endloop
  endfacet
  facet normal 0 0 1
    outer loop
      vertex 37.8 12 1.2
      vertex 28.9787 2.00284 1.2
      vertex 29.1687 1.95004 1.2
    endloop
  endfacet
  facet normal 0 0 1
    outer loop
      vertex 37.8 12 1.2
      vertex 28.778 2.04056 1.2
      vertex 28.9787 2.00284 1.2
    endloop
  endfacet
  facet normal 0 0 1
    outer loop
      vertex 37.8 12 1.2
      vertex 28.5666 2.06319 1.2
      vertex 28.778 2.04056 1.2
    endloop
  endfacet
  facet normal 0 0 1
    outer loop
      vertex 37.8 12 1.2
      vertex 28.3445 2.07072 1.2
      vertex 28.5666 2.06319 1.2
    endloop
  endfacet
  facet normal 0 0 1
    outer loop
      vertex 37.8 12 1.2
      vertex 28.1116 2.06371 1.2
      vertex 28.3445 2.07072 1.2
    endloop
  endfacet
  facet normal 0 0 1
    outer loop
      vertex 37.8 12 1.2
      vertex 27.8896 2.0426 1.2
      vertex 28.1116 2.06371 1.2
    endloop
  endfacet
  facet normal 0 0 1
    outer loop
      vertex 37.8 12 1.2
      vertex 27.6785 2.00745 1.2
      vertex 27.8896 2.0426 1.2
    endloop
  endfacet
  facet normal -0 0 1
    outer loop
      vertex 23.7171 2.02905 1.2
      vertex 27.6785 2.00745 1.2
      vertex 37.8 12 1.2
    endloop
  endfacet
  facet normal 0 0 1
    outer loop
      vertex 27.6785 2.00745 1.2
      vertex 23.7171 2.02905 1.2
      vertex 27.4781 1.95824 1.2
    endloop
  endfacet
  facet normal -0 -0 1
    outer loop
      vertex 23.8577 1.99281 1.2
      vertex 27.4781 1.95824 1.2
      vertex 23.7171 2.02905 1.2
    endloop
  endfacet
  facet normal 0 -0 1
    outer loop
      vertex 23.9905 1.94624 1.2
      vertex 27.4781 1.95824 1.2
      vertex 23.8577 1.99281 1.2
    endloop
  endfacet
  facet normal 0 0 1
    outer loop
      vertex 27.4781 1.95824 1.2
      vertex 23.9905 1.94624 1.2
      vertex 27.2886 1.89496 1.2
    endloop
  endfacet
  facet normal 0 0 1
    outer loop
      vertex 27.2886 1.89496 1.2
      vertex 24.1155 1.88931 1.2
      vertex 27.11 1.81763 1.2
    endloop
  endfacet
  facet normal 0 0 1
    outer loop
      vertex 25.8609 -0.388229 1.2
      vertex 24.9865 0.0445099 1.2
      vertex 25.8544 -0.643875 1.2
    endloop
  endfacet
  facet normal 0 0 1
    outer loop
      vertex 25.8804 -0.144699 1.2
      vertex 24.9865 0.0445099 1.2
      vertex 25.8609 -0.388229 1.2
    endloop
  endfacet
  facet normal 0 0 1
    outer loop
      vertex 25.9129 0.0867004 1.2
      vertex 24.9865 0.0445099 1.2
      vertex 25.8804 -0.144699 1.2
    endloop
  endfacet
  facet normal -0 0 1
    outer loop
      vertex 24.982 0.238937 1.2
      vertex 25.9129 0.0867004 1.2
      vertex 25.9583 0.306015 1.2
    endloop
  endfacet
  facet normal -0 0 1
    outer loop
      vertex 24.9685 0.423782 1.2
      vertex 25.9583 0.306015 1.2
      vertex 26.0168 0.513229 1.2
    endloop
  endfacet
  facet normal 0 0 1
    outer loop
      vertex 24.9146 0.764786 1.2
      vertex 26.0168 0.513229 1.2
      vertex 26.0882 0.708328 1.2
    endloop
  endfacet
  facet normal 0 0 1
    outer loop
      vertex 24.8742 0.920929 1.2
      vertex 26.0882 0.708328 1.2
      vertex 26.1726 0.891312 1.2
    endloop
  endfacet
  facet normal 0 0 1
    outer loop
      vertex 24.8248 1.0675 1.2
      vertex 26.1726 0.891312 1.2
      vertex 26.27 1.06221 1.2
    endloop
  endfacet
  facet normal -0 0 1
    outer loop
      vertex 24.7664 1.2045 1.2
      vertex 26.27 1.06221 1.2
      vertex 26.3804 1.22098 1.2
    endloop
  endfacet
  facet normal 0 0 1
    outer loop
      vertex 24.6226 1.4498 1.2
      vertex 26.3804 1.22098 1.2
      vertex 26.5038 1.36765 1.2
    endloop
  endfacet
  facet normal 0 0 1
    outer loop
      vertex 24.5373 1.55809 1.2
      vertex 26.5038 1.36765 1.2
      vertex 26.6391 1.50124 1.2
    endloop
  endfacet
  facet normal -0 -0 1
    outer loop
      vertex 24.2326 1.82204 1.2
      vertex 27.11 1.81763 1.2
      vertex 24.1155 1.88931 1.2
    endloop
  endfacet
  facet normal 0 0 1
    outer loop
      vertex 25.9129 0.0867004 1.2
      vertex 24.982 0.238937 1.2
      vertex 24.9865 0.0445099 1.2
    endloop
  endfacet
  facet normal 0 0 1
    outer loop
      vertex 25.9583 0.306015 1.2
      vertex 24.9685 0.423782 1.2
      vertex 24.982 0.238937 1.2
    endloop
  endfacet
  facet normal 0 0 1
    outer loop
      vertex 26.0168 0.513229 1.2
      vertex 24.9461 0.599075 1.2
      vertex 24.9685 0.423782 1.2
    endloop
  endfacet
  facet normal 0 0 1
    outer loop
      vertex 26.0168 0.513229 1.2
      vertex 24.9146 0.764786 1.2
      vertex 24.9461 0.599075 1.2
    endloop
  endfacet
  facet normal 0 0 1
    outer loop
      vertex 26.0882 0.708328 1.2
      vertex 24.8742 0.920929 1.2
      vertex 24.9146 0.764786 1.2
    endloop
  endfacet
  facet normal 0 0 1
    outer loop
      vertex 26.1726 0.891312 1.2
      vertex 24.8248 1.0675 1.2
      vertex 24.8742 0.920929 1.2
    endloop
  endfacet
  facet normal 0 0 1
    outer loop
      vertex 26.27 1.06221 1.2
      vertex 24.7664 1.2045 1.2
      vertex 24.8248 1.0675 1.2
    endloop
  endfacet
  facet normal 0 0 1
    outer loop
      vertex 26.3804 1.22098 1.2
      vertex 24.699 1.33194 1.2
      vertex 24.7664 1.2045 1.2
    endloop
  endfacet
  facet normal 0 0 1
    outer loop
      vertex 26.3804 1.22098 1.2
      vertex 24.6226 1.4498 1.2
      vertex 24.699 1.33194 1.2
    endloop
  endfacet
  facet normal 0 0 1
    outer loop
      vertex 26.5038 1.36765 1.2
      vertex 24.5373 1.55809 1.2
      vertex 24.6226 1.4498 1.2
    endloop
  endfacet
  facet normal 0 0 1
    outer loop
      vertex 26.6391 1.50124 1.2
      vertex 24.4435 1.65642 1.2
      vertex 24.5373 1.55809 1.2
    endloop
  endfacet
  facet normal 0 0 1
    outer loop
      vertex 26.7852 1.62076 1.2
      vertex 24.4435 1.65642 1.2
      vertex 26.6391 1.50124 1.2
    endloop
  endfacet
  facet normal -0 -0 1
    outer loop
      vertex 24.4435 1.65642 1.2
      vertex 26.7852 1.62076 1.2
      vertex 24.342 1.7444 1.2
    endloop
  endfacet
  facet normal 0 0 1
    outer loop
      vertex 26.9422 1.72623 1.2
      vertex 24.342 1.7444 1.2
      vertex 26.7852 1.62076 1.2
    endloop
  endfacet
  facet normal -0 -0 1
    outer loop
      vertex 24.342 1.7444 1.2
      vertex 26.9422 1.72623 1.2
      vertex 24.2326 1.82204 1.2
    endloop
  endfacet
  facet normal 0 0 1
    outer loop
      vertex 27.11 1.81763 1.2
      vertex 24.2326 1.82204 1.2
      vertex 26.9422 1.72623 1.2
    endloop
  endfacet
  facet normal 0 -0 1
    outer loop
      vertex 24.1155 1.88931 1.2
      vertex 27.2886 1.89496 1.2
      vertex 23.9905 1.94624 1.2
    endloop
  endfacet
  facet normal 0 0 1
    outer loop
      vertex 37.8 12 1.2
      vertex 23.5686 2.05493 1.2
      vertex 23.7171 2.02905 1.2
    endloop
  endfacet
  facet normal 0 0 1
    outer loop
      vertex 37.8 12 1.2
      vertex 23.4124 2.07045 1.2
      vertex 23.5686 2.05493 1.2
    endloop
  endfacet
  facet normal 0 0 1
    outer loop
      vertex 37.8 12 1.2
      vertex 23.2483 2.07562 1.2
      vertex 23.4124 2.07045 1.2
    endloop
  endfacet
  facet normal 0 0 1
    outer loop
      vertex 37.8 12 1.2
      vertex 23.1337 2.07289 1.2
      vertex 23.2483 2.07562 1.2
    endloop
  endfacet
  facet normal 0 0 1
    outer loop
      vertex 37.8 12 1.2
      vertex 23.0224 2.06468 1.2
      vertex 23.1337 2.07289 1.2
    endloop
  endfacet
  facet normal 0 0 1
    outer loop
      vertex 21.4662 1.9731 1.2
      vertex 23.0224 2.06468 1.2
      vertex 37.8 12 1.2
    endloop
  endfacet
  facet normal 0 0 1
    outer loop
      vertex 23.0224 2.06468 1.2
      vertex 21.4662 1.9731 1.2
      vertex 22.9142 2.05101 1.2
    endloop
  endfacet
  facet normal 0 0 1
    outer loop
      vertex 22.9142 2.05101 1.2
      vertex 21.4662 1.9731 1.2
      vertex 22.8093 2.03188 1.2
    endloop
  endfacet
  facet normal 0 0 1
    outer loop
      vertex 22.8093 2.03188 1.2
      vertex 21.4662 1.9731 1.2
      vertex 22.7076 2.00726 1.2
    endloop
  endfacet
  facet normal 0 0 1
    outer loop
      vertex 22.7076 2.00726 1.2
      vertex 21.4662 1.9731 1.2
      vertex 22.6091 1.97719 1.2
    endloop
  endfacet
  facet normal 0 0 1
    outer loop
      vertex 22.6091 1.97719 1.2
      vertex 21.4662 1.9731 1.2
      vertex 22.5138 1.94164 1.2
    endloop
  endfacet
  facet normal 0 0 1
    outer loop
      vertex 22.5138 1.94164 1.2
      vertex 21.4662 1.9731 1.2
      vertex 22.4218 1.90062 1.2
    endloop
  endfacet
  facet normal 0 0 1
    outer loop
      vertex 22.4218 1.90062 1.2
      vertex 21.4662 1.9731 1.2
      vertex 22.333 1.85413 1.2
    endloop
  endfacet
  facet normal -0 0 1
    outer loop
      vertex 21.5294 0.956131 1.2
      vertex 21.5492 0.92334 1.2
      vertex 21.6063 1.04111 1.2
    endloop
  endfacet
  facet normal -0 0 1
    outer loop
      vertex 21.5236 1.13759 1.2
      vertex 21.6063 1.04111 1.2
      vertex 21.6662 1.15224 1.2
    endloop
  endfacet
  facet normal 0 0 1
    outer loop
      vertex 21.5492 0.92334 1.2
      vertex 21.5294 0.956131 1.2
      vertex 21.5297 0.92334 1.2
    endloop
  endfacet
  facet normal 0 0 1
    outer loop
      vertex 21.5177 1.25848 1.2
      vertex 21.6662 1.15224 1.2
      vertex 21.729 1.25671 1.2
    endloop
  endfacet
  facet normal 0 0 1
    outer loop
      vertex 21.6063 1.04111 1.2
      vertex 21.5287 0.993958 1.2
      vertex 21.5294 0.956131 1.2
    endloop
  endfacet
  facet normal 0 0 1
    outer loop
      vertex 21.5099 1.39948 1.2
      vertex 21.729 1.25671 1.2
      vertex 21.7945 1.35457 1.2
    endloop
  endfacet
  facet normal 0 0 1
    outer loop
      vertex 21.6063 1.04111 1.2
      vertex 21.5275 1.0368 1.2
      vertex 21.5287 0.993958 1.2
    endloop
  endfacet
  facet normal 0 0 1
    outer loop
      vertex 21.5053 1.47752 1.2
      vertex 21.7945 1.35457 1.2
      vertex 21.8629 1.44577 1.2
    endloop
  endfacet
  facet normal 0 0 1
    outer loop
      vertex 21.6063 1.04111 1.2
      vertex 21.5258 1.08469 1.2
      vertex 21.5275 1.0368 1.2
    endloop
  endfacet
  facet normal 0 0 1
    outer loop
      vertex 21.4959 1.62625 1.2
      vertex 21.8629 1.44577 1.2
      vertex 21.9342 1.53033 1.2
    endloop
  endfacet
  facet normal 0 0 1
    outer loop
      vertex 21.6063 1.04111 1.2
      vertex 21.5236 1.13759 1.2
      vertex 21.5258 1.08469 1.2
    endloop
  endfacet
  facet normal 0 0 1
    outer loop
      vertex 21.4873 1.75018 1.2
      vertex 21.9342 1.53033 1.2
      vertex 22.0082 1.60826 1.2
    endloop
  endfacet
  facet normal 0 0 1
    outer loop
      vertex 21.6662 1.15224 1.2
      vertex 21.5209 1.19553 1.2
      vertex 21.5236 1.13759 1.2
    endloop
  endfacet
  facet normal 0 0 1
    outer loop
      vertex 21.4795 1.84929 1.2
      vertex 22.0082 1.60826 1.2
      vertex 22.0851 1.67953 1.2
    endloop
  endfacet
  facet normal 0 0 1
    outer loop
      vertex 21.6662 1.15224 1.2
      vertex 21.5177 1.25848 1.2
      vertex 21.5209 1.19553 1.2
    endloop
  endfacet
  facet normal 0 0 1
    outer loop
      vertex 21.4662 1.9731 1.2
      vertex 22.0851 1.67953 1.2
      vertex 22.1648 1.74417 1.2
    endloop
  endfacet
  facet normal 0 0 1
    outer loop
      vertex 21.729 1.25671 1.2
      vertex 21.5141 1.32646 1.2
      vertex 21.5177 1.25848 1.2
    endloop
  endfacet
  facet normal 0 0 1
    outer loop
      vertex 21.4662 1.9731 1.2
      vertex 22.1648 1.74417 1.2
      vertex 22.2474 1.80217 1.2
    endloop
  endfacet
  facet normal 0 0 1
    outer loop
      vertex 22.333 1.85413 1.2
      vertex 21.4662 1.9731 1.2
      vertex 22.2474 1.80217 1.2
    endloop
  endfacet
  facet normal 0 0 1
    outer loop
      vertex 21.729 1.25671 1.2
      vertex 21.5099 1.39948 1.2
      vertex 21.5141 1.32646 1.2
    endloop
  endfacet
  facet normal 0 0 1
    outer loop
      vertex 21.7945 1.35457 1.2
      vertex 21.5053 1.47752 1.2
      vertex 21.5099 1.39948 1.2
    endloop
  endfacet
  facet normal 0 0 1
    outer loop
      vertex 21.8629 1.44577 1.2
      vertex 21.5005 1.55499 1.2
      vertex 21.5053 1.47752 1.2
    endloop
  endfacet
  facet normal 0 0 1
    outer loop
      vertex 21.8629 1.44577 1.2
      vertex 21.4959 1.62625 1.2
      vertex 21.5005 1.55499 1.2
    endloop
  endfacet
  facet normal 0 0 1
    outer loop
      vertex 21.9342 1.53033 1.2
      vertex 21.4915 1.69131 1.2
      vertex 21.4959 1.62625 1.2
    endloop
  endfacet
  facet normal 0 0 1
    outer loop
      vertex 21.9342 1.53033 1.2
      vertex 21.4873 1.75018 1.2
      vertex 21.4915 1.69131 1.2
    endloop
  endfacet
  facet normal 0 0 1
    outer loop
      vertex 22.0082 1.60826 1.2
      vertex 21.4833 1.80284 1.2
      vertex 21.4873 1.75018 1.2
    endloop
  endfacet
  facet normal 0 0 1
    outer loop
      vertex 22.0082 1.60826 1.2
      vertex 21.4795 1.84929 1.2
      vertex 21.4833 1.80284 1.2
    endloop
  endfacet
  facet normal 0 0 1
    outer loop
      vertex 22.0851 1.67953 1.2
      vertex 21.4759 1.88954 1.2
      vertex 21.4795 1.84929 1.2
    endloop
  endfacet
  facet normal 0 0 1
    outer loop
      vertex 22.0851 1.67953 1.2
      vertex 21.4725 1.9236 1.2
      vertex 21.4759 1.88954 1.2
    endloop
  endfacet
  facet normal 0 0 1
    outer loop
      vertex 22.0851 1.67953 1.2
      vertex 21.4692 1.95145 1.2
      vertex 21.4725 1.9236 1.2
    endloop
  endfacet
  facet normal 0 0 1
    outer loop
      vertex 22.0851 1.67953 1.2
      vertex 21.4662 1.9731 1.2
      vertex 21.4692 1.95145 1.2
    endloop
  endfacet
  facet normal 0 0 1
    outer loop
      vertex 37.8 12 1.2
      vertex 20.1577 1.9731 1.2
      vertex 21.4662 1.9731 1.2
    endloop
  endfacet
  facet normal 0 0 1
    outer loop
      vertex 20.1968 0.79158 1.2
      vertex 19.2439 -0.404984 1.2
      vertex 19.2507 -0.663452 1.2
    endloop
  endfacet
  facet normal 0 0 1
    outer loop
      vertex 20.1606 1.92957 1.2
      vertex 19.2235 -0.158875 1.2
      vertex 19.2439 -0.404984 1.2
    endloop
  endfacet
  facet normal 0 0 1
    outer loop
      vertex 20.1606 1.92957 1.2
      vertex 19.1894 0.0748596 1.2
      vertex 19.2235 -0.158875 1.2
    endloop
  endfacet
  facet normal 0 0 1
    outer loop
      vertex 20.1606 1.92957 1.2
      vertex 19.1417 0.296265 1.2
      vertex 19.1894 0.0748596 1.2
    endloop
  endfacet
  facet normal 0 0 1
    outer loop
      vertex 20.1606 1.92957 1.2
      vertex 19.0804 0.50531 1.2
      vertex 19.1417 0.296265 1.2
    endloop
  endfacet
  facet normal 0 0 1
    outer loop
      vertex 20.1606 1.92957 1.2
      vertex 19.0055 0.701996 1.2
      vertex 19.0804 0.50531 1.2
    endloop
  endfacet
  facet normal 0 0 1
    outer loop
      vertex 20.1606 1.92957 1.2
      vertex 18.917 0.886337 1.2
      vertex 19.0055 0.701996 1.2
    endloop
  endfacet
  facet normal 0 0 1
    outer loop
      vertex 20.1606 1.92957 1.2
      vertex 18.8148 1.0583 1.2
      vertex 18.917 0.886337 1.2
    endloop
  endfacet
  facet normal 0 0 1
    outer loop
      vertex 20.1606 1.92957 1.2
      vertex 18.699 1.21793 1.2
      vertex 18.8148 1.0583 1.2
    endloop
  endfacet
  facet normal -0 0 1
    outer loop
      vertex 17.0877 2.04251 1.2
      vertex 20.1577 1.9731 1.2
      vertex 37.8 12 1.2
    endloop
  endfacet
  facet normal 0 0 1
    outer loop
      vertex 20.1606 1.92957 1.2
      vertex 18.5696 1.3652 1.2
      vertex 18.699 1.21793 1.2
    endloop
  endfacet
  facet normal 0 0 1
    outer loop
      vertex 20.1577 1.9731 1.2
      vertex 18.4273 1.49925 1.2
      vertex 18.5696 1.3652 1.2
    endloop
  endfacet
  facet normal 0 0 1
    outer loop
      vertex 20.1577 1.9731 1.2
      vertex 18.2727 1.61919 1.2
      vertex 18.4273 1.49925 1.2
    endloop
  endfacet
  facet normal 0 0 1
    outer loop
      vertex 20.1577 1.9731 1.2
      vertex 18.1058 1.72502 1.2
      vertex 18.2727 1.61919 1.2
    endloop
  endfacet
  facet normal 0 0 1
    outer loop
      vertex 20.1577 1.9731 1.2
      vertex 17.9267 1.81674 1.2
      vertex 18.1058 1.72502 1.2
    endloop
  endfacet
  facet normal 0 0 1
    outer loop
      vertex 20.1577 1.9731 1.2
      vertex 17.7353 1.89435 1.2
      vertex 17.9267 1.81674 1.2
    endloop
  endfacet
  facet normal 0 0 1
    outer loop
      vertex 20.1577 1.9731 1.2
      vertex 17.5317 1.95784 1.2
      vertex 17.7353 1.89435 1.2
    endloop
  endfacet
  facet normal 0 0 1
    outer loop
      vertex 20.1577 1.9731 1.2
      vertex 17.3158 2.00723 1.2
      vertex 17.5317 1.95784 1.2
    endloop
  endfacet
  facet normal 0 0 1
    outer loop
      vertex 20.1577 1.9731 1.2
      vertex 17.0877 2.04251 1.2
      vertex 17.3158 2.00723 1.2
    endloop
  endfacet
  facet normal 0 0 1
    outer loop
      vertex 37.8 12 1.2
      vertex 16.8473 2.06367 1.2
      vertex 17.0877 2.04251 1.2
    endloop
  endfacet
  facet normal 0 0 1
    outer loop
      vertex 37.8 12 1.2
      vertex 16.5946 2.07072 1.2
      vertex 16.8473 2.06367 1.2
    endloop
  endfacet
  facet normal -0 0 1
    outer loop
      vertex 7.38118 3.35059 1.2
      vertex 16.5946 2.07072 1.2
      vertex 37.8 12 1.2
    endloop
  endfacet
  facet normal 0 0 1
    outer loop
      vertex 16.5946 2.07072 1.2
      vertex 7.38118 3.35059 1.2
      vertex 16.3473 2.06343 1.2
    endloop
  endfacet
  facet normal -0 -0 1
    outer loop
      vertex 13.1971 2.06903 1.2
      vertex 16.3473 2.06343 1.2
      vertex 7.38118 3.35059 1.2
    endloop
  endfacet
  facet normal 0 0 1
    outer loop
      vertex 16.3473 2.06343 1.2
      vertex 13.1971 2.06903 1.2
      vertex 16.1113 2.04153 1.2
    endloop
  endfacet
  facet normal -0 -0 1
    outer loop
      vertex 13.2427 2.0639 1.2
      vertex 16.1113 2.04153 1.2
      vertex 13.1971 2.06903 1.2
    endloop
  endfacet
  facet normal -0 -0 1
    outer loop
      vertex 13.3277 2.04927 1.2
      vertex 15.8864 2.00504 1.2
      vertex 13.2862 2.05733 1.2
    endloop
  endfacet
  facet normal 0 0 1
    outer loop
      vertex 13.3432 0.881378 1.2
      vertex 13.9872 0.0521393 1.2
      vertex 13.4073 0.868927 1.2
    endloop
  endfacet
  facet normal 0 0 1
    outer loop
      vertex 13.4073 0.868927 1.2
      vertex 13.9872 0.0521393 1.2
      vertex 13.4729 0.855011 1.2
    endloop
  endfacet
  facet normal 0 0 1
    outer loop
      vertex 14.0364 0.26889 1.2
      vertex 13.4729 0.855011 1.2
      vertex 13.9872 0.0521393 1.2
    endloop
  endfacet
  facet normal 0 0 1
    outer loop
      vertex 14.0997 0.474762 1.2
      vertex 13.4729 0.855011 1.2
      vertex 14.0364 0.26889 1.2
    endloop
  endfacet
  facet normal 0 0 1
    outer loop
      vertex 14.177 0.669739 1.2
      vertex 13.4729 0.855011 1.2
      vertex 14.0997 0.474762 1.2
    endloop
  endfacet
  facet normal 0 0 1
    outer loop
      vertex 14.2684 0.853836 1.2
      vertex 13.4729 0.855011 1.2
      vertex 14.177 0.669739 1.2
    endloop
  endfacet
  facet normal 0 0 1
    outer loop
      vertex 14.3739 1.02704 1.2
      vertex 13.4729 0.855011 1.2
      vertex 14.2684 0.853836 1.2
    endloop
  endfacet
  facet normal 0 0 1
    outer loop
      vertex 13.4729 0.855011 1.2
      vertex 14.3739 1.02704 1.2
      vertex 13.4729 2.0024 1.2
    endloop
  endfacet
  facet normal 0 0 1
    outer loop
      vertex 14.4934 1.18936 1.2
      vertex 13.4729 2.0024 1.2
      vertex 14.3739 1.02704 1.2
    endloop
  endfacet
  facet normal 0 0 1
    outer loop
      vertex 14.627 1.34079 1.2
      vertex 13.4729 2.0024 1.2
      vertex 14.4934 1.18936 1.2
    endloop
  endfacet
  facet normal 0 0 1
    outer loop
      vertex 14.7732 1.47948 1.2
      vertex 13.4729 2.0024 1.2
      vertex 14.627 1.34079 1.2
    endloop
  endfacet
  facet normal 0 0 1
    outer loop
      vertex 14.9307 1.60358 1.2
      vertex 13.4729 2.0024 1.2
      vertex 14.7732 1.47948 1.2
    endloop
  endfacet
  facet normal 0 0 1
    outer loop
      vertex 15.0994 1.71306 1.2
      vertex 13.4729 2.0024 1.2
      vertex 14.9307 1.60358 1.2
    endloop
  endfacet
  facet normal 0 0 1
    outer loop
      vertex 15.2793 1.80795 1.2
      vertex 13.4729 2.0024 1.2
      vertex 15.0994 1.71306 1.2
    endloop
  endfacet
  facet normal 0 0 1
    outer loop
      vertex 15.8864 2.00504 1.2
      vertex 13.367 2.03975 1.2
      vertex 15.6728 1.95393 1.2
    endloop
  endfacet
  facet normal 0 0 1
    outer loop
      vertex 15.4705 1.88824 1.2
      vertex 13.4729 2.0024 1.2
      vertex 15.2793 1.80795 1.2
    endloop
  endfacet
  facet normal -0 -0 1
    outer loop
      vertex 13.4729 2.0024 1.2
      vertex 15.4705 1.88824 1.2
      vertex 13.4397 2.01631 1.2
    endloop
  endfacet
  facet normal 0 0 1
    outer loop
      vertex 15.6728 1.95393 1.2
      vertex 13.4397 2.01631 1.2
      vertex 15.4705 1.88824 1.2
    endloop
  endfacet
  facet normal -0 -0 1
    outer loop
      vertex 13.4397 2.01631 1.2
      vertex 15.6728 1.95393 1.2
      vertex 13.4044 2.02876 1.2
    endloop
  endfacet
  facet normal -0 -0 1
    outer loop
      vertex 13.4044 2.02876 1.2
      vertex 15.6728 1.95393 1.2
      vertex 13.367 2.03975 1.2
    endloop
  endfacet
  facet normal -0 -0 1
    outer loop
      vertex 13.367 2.03975 1.2
      vertex 15.8864 2.00504 1.2
      vertex 13.3277 2.04927 1.2
    endloop
  endfacet
  facet normal 0 0 1
    outer loop
      vertex 16.1113 2.04153 1.2
      vertex 13.2862 2.05733 1.2
      vertex 15.8864 2.00504 1.2
    endloop
  endfacet
  facet normal -0 -0 1
    outer loop
      vertex 13.2862 2.05733 1.2
      vertex 16.1113 2.04153 1.2
      vertex 13.2427 2.0639 1.2
    endloop
  endfacet
  facet normal 0 0 1
    outer loop
      vertex 13.1971 2.06903 1.2
      vertex 7.38118 3.35059 1.2
      vertex 13.1496 2.07269 1.2
    endloop
  endfacet
  facet normal -0 -0 1
    outer loop
      vertex 7.64233 3.25418 1.2
      vertex 13.1496 2.07269 1.2
      vertex 7.38118 3.35059 1.2
    endloop
  endfacet
  facet normal 0 0 1
    outer loop
      vertex 13.1496 2.07269 1.2
      vertex 7.64233 3.25418 1.2
      vertex 13.0999 2.07489 1.2
    endloop
  endfacet
  facet normal 0 0 1
    outer loop
      vertex 13.0999 2.07489 1.2
      vertex 7.64233 3.25418 1.2
      vertex 13.0482 2.07562 1.2
    endloop
  endfacet
  facet normal 0 0 1
    outer loop
      vertex 13.0482 2.07562 1.2
      vertex 7.64233 3.25418 1.2
      vertex 12.9848 2.07452 1.2
    endloop
  endfacet
  facet normal -0 -0 1
    outer loop
      vertex 7.88777 3.14023 1.2
      vertex 12.9848 2.07452 1.2
      vertex 7.64233 3.25418 1.2
    endloop
  endfacet
  facet normal 0 0 1
    outer loop
      vertex 12.9848 2.07452 1.2
      vertex 7.88777 3.14023 1.2
      vertex 12.9236 2.07123 1.2
    endloop
  endfacet
  facet normal 0 0 1
    outer loop
      vertex 12.9236 2.07123 1.2
      vertex 7.88777 3.14023 1.2
      vertex 12.8645 2.06573 1.2
    endloop
  endfacet
  facet normal -0 -0 1
    outer loop
      vertex 8.11749 3.00877 1.2
      vertex 12.8645 2.06573 1.2
      vertex 7.88777 3.14023 1.2
    endloop
  endfacet
  facet normal 0 0 1
    outer loop
      vertex 12.8645 2.06573 1.2
      vertex 8.11749 3.00877 1.2
      vertex 12.8076 2.05804 1.2
    endloop
  endfacet
  facet normal -0 0 1
    outer loop
      vertex 11.7638 0.877518 1.2
      vertex 11.7836 0.845215 1.2
      vertex 11.8232 0.953247 1.2
    endloop
  endfacet
  facet normal -0 0 1
    outer loop
      vertex 11.7602 1.01047 1.2
      vertex 11.8232 0.953247 1.2
      vertex 11.8619 1.05469 1.2
    endloop
  endfacet
  facet normal -0 0 1
    outer loop
      vertex 11.7553 1.12914 1.2
      vertex 11.8619 1.05469 1.2
      vertex 11.8998 1.14954 1.2
    endloop
  endfacet
  facet normal -0 0 1
    outer loop
      vertex 11.7521 1.19746 1.2
      vertex 11.8998 1.14954 1.2
      vertex 11.9367 1.23779 1.2
    endloop
  endfacet
  facet normal 0 0 1
    outer loop
      vertex 11.7836 0.845215 1.2
      vertex 11.7638 0.877518 1.2
      vertex 11.7641 0.845215 1.2
    endloop
  endfacet
  facet normal 0 0 1
    outer loop
      vertex 11.7443 1.35214 1.2
      vertex 11.9367 1.23779 1.2
      vertex 11.9728 1.31944 1.2
    endloop
  endfacet
  facet normal 0 0 1
    outer loop
      vertex 11.7397 1.43849 1.2
      vertex 11.9728 1.31944 1.2
      vertex 12.008 1.39452 1.2
    endloop
  endfacet
  facet normal 0 0 1
    outer loop
      vertex 11.8232 0.953247 1.2
      vertex 11.7631 0.915833 1.2
      vertex 11.7638 0.877518 1.2
    endloop
  endfacet
  facet normal 0 0 1
    outer loop
      vertex 11.7349 1.52426 1.2
      vertex 12.008 1.39452 1.2
      vertex 12.0423 1.463 1.2
    endloop
  endfacet
  facet normal 0 0 1
    outer loop
      vertex 11.8232 0.953247 1.2
      vertex 11.7619 0.960159 1.2
      vertex 11.7631 0.915833 1.2
    endloop
  endfacet
  facet normal 0 0 1
    outer loop
      vertex 11.7303 1.60284 1.2
      vertex 12.0423 1.463 1.2
      vertex 12.0758 1.52487 1.2
    endloop
  endfacet
  facet normal 0 0 1
    outer loop
      vertex 11.8232 0.953247 1.2
      vertex 11.7602 1.01047 1.2
      vertex 11.7619 0.960159 1.2
    endloop
  endfacet
  facet normal 0 0 1
    outer loop
      vertex 11.7303 1.60284 1.2
      vertex 12.0758 1.52487 1.2
      vertex 12.1084 1.58017 1.2
    endloop
  endfacet
  facet normal 0 0 1
    outer loop
      vertex 11.8619 1.05469 1.2
      vertex 11.758 1.0668 1.2
      vertex 11.7602 1.01047 1.2
    endloop
  endfacet
  facet normal 0 0 1
    outer loop
      vertex 11.7217 1.73848 1.2
      vertex 12.1084 1.58017 1.2
      vertex 12.14 1.62886 1.2
    endloop
  endfacet
  facet normal 0 0 1
    outer loop
      vertex 11.8619 1.05469 1.2
      vertex 11.7553 1.12914 1.2
      vertex 11.758 1.0668 1.2
    endloop
  endfacet
  facet normal 0 0 1
    outer loop
      vertex 11.7177 1.79553 1.2
      vertex 12.14 1.62886 1.2
      vertex 12.1719 1.67311 1.2
    endloop
  endfacet
  facet normal 0 0 1
    outer loop
      vertex 11.8998 1.14954 1.2
      vertex 11.7521 1.19746 1.2
      vertex 11.7553 1.12914 1.2
    endloop
  endfacet
  facet normal 0 0 1
    outer loop
      vertex 11.7139 1.8454 1.2
      vertex 12.1719 1.67311 1.2
      vertex 12.2049 1.71501 1.2
    endloop
  endfacet
  facet normal 0 0 1
    outer loop
      vertex 11.7103 1.88809 1.2
      vertex 12.2049 1.71501 1.2
      vertex 12.2391 1.75456 1.2
    endloop
  endfacet
  facet normal 0 0 1
    outer loop
      vertex 11.9367 1.23779 1.2
      vertex 11.7484 1.2718 1.2
      vertex 11.7521 1.19746 1.2
    endloop
  endfacet
  facet normal 0 0 1
    outer loop
      vertex 11.7036 1.95193 1.2
      vertex 12.2391 1.75456 1.2
      vertex 12.2744 1.79176 1.2
    endloop
  endfacet
  facet normal 0 0 1
    outer loop
      vertex 11.9367 1.23779 1.2
      vertex 11.7443 1.35214 1.2
      vertex 11.7484 1.2718 1.2
    endloop
  endfacet
  facet normal 0 0 1
    outer loop
      vertex 11.7006 1.9731 1.2
      vertex 12.2744 1.79176 1.2
      vertex 12.3109 1.82663 1.2
    endloop
  endfacet
  facet normal 0 0 1
    outer loop
      vertex 11.7006 1.9731 1.2
      vertex 12.3109 1.82663 1.2
      vertex 12.3486 1.85915 1.2
    endloop
  endfacet
  facet normal 0 0 1
    outer loop
      vertex 11.9728 1.31944 1.2
      vertex 11.7397 1.43849 1.2
      vertex 11.7443 1.35214 1.2
    endloop
  endfacet
  facet normal 0 0 1
    outer loop
      vertex 11.7006 1.9731 1.2
      vertex 12.3486 1.85915 1.2
      vertex 12.3875 1.88931 1.2
    endloop
  endfacet
  facet normal 0 0 1
    outer loop
      vertex 12.008 1.39452 1.2
      vertex 11.7349 1.52426 1.2
      vertex 11.7397 1.43849 1.2
    endloop
  endfacet
  facet normal 0 0 1
    outer loop
      vertex 11.7006 1.9731 1.2
      vertex 12.3875 1.88931 1.2
      vertex 12.4275 1.91714 1.2
    endloop
  endfacet
  facet normal 0 0 1
    outer loop
      vertex 11.7006 1.9731 1.2
      vertex 12.4275 1.91714 1.2
      vertex 12.4687 1.94263 1.2
    endloop
  endfacet
  facet normal 0 0 1
    outer loop
      vertex 12.0423 1.463 1.2
      vertex 11.7303 1.60284 1.2
      vertex 11.7349 1.52426 1.2
    endloop
  endfacet
  facet normal 0 0 1
    outer loop
      vertex 11.7006 1.9731 1.2
      vertex 12.4687 1.94263 1.2
      vertex 12.5111 1.96576 1.2
    endloop
  endfacet
  facet normal -0 0 1
    outer loop
      vertex 11.7006 1.9731 1.2
      vertex 12.5111 1.96576 1.2
      vertex 12.5551 1.98663 1.2
    endloop
  endfacet
  facet normal 0 0 1
    outer loop
      vertex 12.1084 1.58017 1.2
      vertex 11.7259 1.67426 1.2
      vertex 11.7303 1.60284 1.2
    endloop
  endfacet
  facet normal 0 0 1
    outer loop
      vertex 11.7006 1.9731 1.2
      vertex 12.5551 1.98663 1.2
      vertex 12.6013 2.00531 1.2
    endloop
  endfacet
  facet normal 0 0 1
    outer loop
      vertex 12.8076 2.05804 1.2
      vertex 11.7006 1.9731 1.2
      vertex 12.7528 2.04816 1.2
    endloop
  endfacet
  facet normal 0 0 1
    outer loop
      vertex 12.1084 1.58017 1.2
      vertex 11.7217 1.73848 1.2
      vertex 11.7259 1.67426 1.2
    endloop
  endfacet
  facet normal 0 0 1
    outer loop
      vertex 12.14 1.62886 1.2
      vertex 11.7177 1.79553 1.2
      vertex 11.7217 1.73848 1.2
    endloop
  endfacet
  facet normal 0 0 1
    outer loop
      vertex 12.1719 1.67311 1.2
      vertex 11.7139 1.8454 1.2
      vertex 11.7177 1.79553 1.2
    endloop
  endfacet
  facet normal 0 0 1
    outer loop
      vertex 12.2049 1.71501 1.2
      vertex 11.7103 1.88809 1.2
      vertex 11.7139 1.8454 1.2
    endloop
  endfacet
  facet normal 0 0 1
    outer loop
      vertex 12.2391 1.75456 1.2
      vertex 11.7068 1.9236 1.2
      vertex 11.7103 1.88809 1.2
    endloop
  endfacet
  facet normal 0 0 1
    outer loop
      vertex 12.2391 1.75456 1.2
      vertex 11.7036 1.95193 1.2
      vertex 11.7068 1.9236 1.2
    endloop
  endfacet
  facet normal 0 0 1
    outer loop
      vertex 12.2744 1.79176 1.2
      vertex 11.7006 1.9731 1.2
      vertex 11.7036 1.95193 1.2
    endloop
  endfacet
  facet normal 0 0 1
    outer loop
      vertex 12.7528 2.04816 1.2
      vertex 11.7006 1.9731 1.2
      vertex 12.7001 2.03607 1.2
    endloop
  endfacet
  facet normal 0 0 1
    outer loop
      vertex 10.4311 0.732971 1.2
      vertex 9.47237 0.500763 1.2
      vertex 9.48189 0.181229 1.2
    endloop
  endfacet
  facet normal 0 0 1
    outer loop
      vertex 10.395 1.92752 1.2
      vertex 9.4438 0.805115 1.2
      vertex 9.47237 0.500763 1.2
    endloop
  endfacet
  facet normal 0 0 1
    outer loop
      vertex 10.395 1.92752 1.2
      vertex 9.39619 1.09428 1.2
      vertex 9.4438 0.805115 1.2
    endloop
  endfacet
  facet normal 0 0 1
    outer loop
      vertex 10.395 1.92752 1.2
      vertex 9.32954 1.36826 1.2
      vertex 9.39619 1.09428 1.2
    endloop
  endfacet
  facet normal 0 0 1
    outer loop
      vertex 10.395 1.92752 1.2
      vertex 9.24385 1.62704 1.2
      vertex 9.32954 1.36826 1.2
    endloop
  endfacet
  facet normal 0 0 1
    outer loop
      vertex 12.6496 2.02179 1.2
      vertex 11.7006 1.9731 1.2
      vertex 12.6013 2.00531 1.2
    endloop
  endfacet
  facet normal 0 0 1
    outer loop
      vertex 10.3921 1.9731 1.2
      vertex 9.13911 1.87065 1.2
      vertex 9.24385 1.62704 1.2
    endloop
  endfacet
  facet normal 0 0 1
    outer loop
      vertex 10.3921 1.9731 1.2
      vertex 9.01534 2.09908 1.2
      vertex 9.13911 1.87065 1.2
    endloop
  endfacet
  facet normal 0 0 1
    outer loop
      vertex 10.3921 1.9731 1.2
      vertex 8.87253 2.31232 1.2
      vertex 9.01534 2.09908 1.2
    endloop
  endfacet
  facet normal 0 0 1
    outer loop
      vertex 10.3921 1.9731 1.2
      vertex 8.71066 2.51038 1.2
      vertex 8.87253 2.31232 1.2
    endloop
  endfacet
  facet normal 0 0 1
    outer loop
      vertex 10.3921 1.9731 1.2
      vertex 8.52975 2.69324 1.2
      vertex 8.71066 2.51038 1.2
    endloop
  endfacet
  facet normal 0 0 1
    outer loop
      vertex 10.3921 1.9731 1.2
      vertex 8.33148 2.85977 1.2
      vertex 8.52975 2.69324 1.2
    endloop
  endfacet
  facet normal 0 0 1
    outer loop
      vertex 11.7006 1.9731 1.2
      vertex 8.33148 2.85977 1.2
      vertex 10.3921 1.9731 1.2
    endloop
  endfacet
  facet normal -0 -0 1
    outer loop
      vertex 8.33148 2.85977 1.2
      vertex 11.7006 1.9731 1.2
      vertex 8.11749 3.00877 1.2
    endloop
  endfacet
  facet normal 0 0 1
    outer loop
      vertex 12.7001 2.03607 1.2
      vertex 11.7006 1.9731 1.2
      vertex 12.6496 2.02179 1.2
    endloop
  endfacet
  facet normal 0 -0 1
    outer loop
      vertex 11.7006 1.9731 1.2
      vertex 12.8076 2.05804 1.2
      vertex 8.11749 3.00877 1.2
    endloop
  endfacet
  facet normal 0 0 1
    outer loop
      vertex 37.8 12 1.2
      vertex 7.10429 3.42946 1.2
      vertex 7.38118 3.35059 1.2
    endloop
  endfacet
  facet normal 0 0 1
    outer loop
      vertex 37.8 12 1.2
      vertex 6.81169 3.49081 1.2
      vertex 7.10429 3.42946 1.2
    endloop
  endfacet
  facet normal 0 0 1
    outer loop
      vertex 37.8 12 1.2
      vertex 6.50336 3.53464 1.2
      vertex 6.81169 3.49081 1.2
    endloop
  endfacet
  facet normal 0 0 1
    outer loop
      vertex 37.8 12 1.2
      vertex 6.17932 3.56093 1.2
      vertex 6.50336 3.53464 1.2
    endloop
  endfacet
  facet normal 0 0 1
    outer loop
      vertex 37.8 12 1.2
      vertex 5.83955 3.5697 1.2
      vertex 6.17932 3.56093 1.2
    endloop
  endfacet
  facet normal -0 0 1
    outer loop
      vertex -18.7419 9.88901 1.2
      vertex 5.83955 3.5697 1.2
      vertex 37.8 12 1.2
    endloop
  endfacet
  facet normal -0 0 1
    outer loop
      vertex 2.44479 -0.338959 1.2
      vertex 3.34943 -3.30974 1.2
      vertex 3.34943 3.5697 1.2
    endloop
  endfacet
  facet normal 0 0 1
    outer loop
      vertex 3.34943 -3.30974 1.2
      vertex 2.46281 -0.608932 1.2
      vertex 2.46883 -0.892914 1.2
    endloop
  endfacet
  facet normal 0 0 1
    outer loop
      vertex 3.34943 -3.30974 1.2
      vertex 2.44479 -0.338959 1.2
      vertex 2.46281 -0.608932 1.2
    endloop
  endfacet
  facet normal 0 0 1
    outer loop
      vertex 3.34943 3.5697 1.2
      vertex 2.41478 -0.0829926 1.2
      vertex 2.44479 -0.338959 1.2
    endloop
  endfacet
  facet normal 0 0 1
    outer loop
      vertex 3.34943 3.5697 1.2
      vertex 2.37273 0.158951 1.2
      vertex 2.41478 -0.0829926 1.2
    endloop
  endfacet
  facet normal 0 0 1
    outer loop
      vertex 3.34943 3.5697 1.2
      vertex 2.31868 0.386887 1.2
      vertex 2.37273 0.158951 1.2
    endloop
  endfacet
  facet normal 0 0 1
    outer loop
      vertex 3.34943 3.5697 1.2
      vertex 2.25262 0.600815 1.2
      vertex 2.31868 0.386887 1.2
    endloop
  endfacet
  facet normal 0 0 1
    outer loop
      vertex 3.34943 3.5697 1.2
      vertex 2.17455 0.80072 1.2
      vertex 2.25262 0.600815 1.2
    endloop
  endfacet
  facet normal 0 0 1
    outer loop
      vertex 3.34943 3.5697 1.2
      vertex 2.08447 0.986618 1.2
      vertex 2.17455 0.80072 1.2
    endloop
  endfacet
  facet normal 0 0 1
    outer loop
      vertex 3.34943 3.5697 1.2
      vertex 1.98238 1.15851 1.2
      vertex 2.08447 0.986618 1.2
    endloop
  endfacet
  facet normal 0 0 1
    outer loop
      vertex 3.34943 3.5697 1.2
      vertex 1.86827 1.31639 1.2
      vertex 1.98238 1.15851 1.2
    endloop
  endfacet
  facet normal 0 0 1
    outer loop
      vertex 3.34943 3.5697 1.2
      vertex 1.74278 1.45972 1.2
      vertex 1.86827 1.31639 1.2
    endloop
  endfacet
  facet normal 0 0 1
    outer loop
      vertex 3.34943 3.5697 1.2
      vertex 1.60657 1.58795 1.2
      vertex 1.74278 1.45972 1.2
    endloop
  endfacet
  facet normal 0 0 1
    outer loop
      vertex 3.34943 3.5697 1.2
      vertex 1.45959 1.7011 1.2
      vertex 1.60657 1.58795 1.2
    endloop
  endfacet
  facet normal 0 0 1
    outer loop
      vertex 3.34943 3.5697 1.2
      vertex 1.3019 1.79916 1.2
      vertex 1.45959 1.7011 1.2
    endloop
  endfacet
  facet normal 0 0 1
    outer loop
      vertex 3.34943 3.5697 1.2
      vertex 1.13344 1.88214 1.2
      vertex 1.3019 1.79916 1.2
    endloop
  endfacet
  facet normal 0 0 1
    outer loop
      vertex 3.34943 3.5697 1.2
      vertex 0.954239 1.95004 1.2
      vertex 1.13344 1.88214 1.2
    endloop
  endfacet
  facet normal 0 0 1
    outer loop
      vertex 3.34943 3.5697 1.2
      vertex 0.764313 2.00284 1.2
      vertex 0.954239 1.95004 1.2
    endloop
  endfacet
  facet normal 0 0 1
    outer loop
      vertex 3.34943 3.5697 1.2
      vertex 0.563629 2.04056 1.2
      vertex 0.764313 2.00284 1.2
    endloop
  endfacet
  facet normal 0 0 1
    outer loop
      vertex 3.34943 3.5697 1.2
      vertex 0.352203 2.06319 1.2
      vertex 0.563629 2.04056 1.2
    endloop
  endfacet
  facet normal 0 0 1
    outer loop
      vertex 3.34943 3.5697 1.2
      vertex 0.130051 2.07072 1.2
      vertex 0.352203 2.06319 1.2
    endloop
  endfacet
  facet normal 0 0 1
    outer loop
      vertex 3.34943 3.5697 1.2
      vertex -0.102798 2.06371 1.2
      vertex 0.130051 2.07072 1.2
    endloop
  endfacet
  facet normal 0 0 1
    outer loop
      vertex 3.34943 3.5697 1.2
      vertex -0.324799 2.0426 1.2
      vertex -0.102798 2.06371 1.2
    endloop
  endfacet
  facet normal 0 0 1
    outer loop
      vertex 3.34943 3.5697 1.2
      vertex -0.535965 2.00745 1.2
      vertex -0.324799 2.0426 1.2
    endloop
  endfacet
  facet normal 0 0 1
    outer loop
      vertex -4.56754 1.99574 1.2
      vertex -0.535965 2.00745 1.2
      vertex 3.34943 3.5697 1.2
    endloop
  endfacet
  facet normal 0 0 1
    outer loop
      vertex -0.535965 2.00745 1.2
      vertex -4.56754 1.99574 1.2
      vertex -0.736298 1.95824 1.2
    endloop
  endfacet
  facet normal 0 0 1
    outer loop
      vertex -2.95261 0.308167 1.2
      vertex -2.36 -0.643875 1.2
      vertex -2.35352 -0.388229 1.2
    endloop
  endfacet
  facet normal 0 0 1
    outer loop
      vertex -2.95261 0.308167 1.2
      vertex -2.35352 -0.388229 1.2
      vertex -2.33403 -0.144699 1.2
    endloop
  endfacet
  facet normal 0 0 1
    outer loop
      vertex -2.95261 0.308167 1.2
      vertex -2.33403 -0.144699 1.2
      vertex -2.30156 0.0867004 1.2
    endloop
  endfacet
  facet normal 0 0 1
    outer loop
      vertex -2.95261 0.308167 1.2
      vertex -2.30156 0.0867004 1.2
      vertex -2.2561 0.306015 1.2
    endloop
  endfacet
  facet normal -0 0 1
    outer loop
      vertex -2.98839 0.469635 1.2
      vertex -2.2561 0.306015 1.2
      vertex -2.19766 0.513229 1.2
    endloop
  endfacet
  facet normal 0 0 1
    outer loop
      vertex -2.36 -0.643875 1.2
      vertex -2.95261 0.308167 1.2
      vertex -2.91351 -1.552 1.2
    endloop
  endfacet
  facet normal -0 0 1
    outer loop
      vertex -3.03326 0.623962 1.2
      vertex -2.19766 0.513229 1.2
      vertex -2.12624 0.708328 1.2
    endloop
  endfacet
  facet normal -0 0 1
    outer loop
      vertex -3.08722 0.771164 1.2
      vertex -2.12624 0.708328 1.2
      vertex -2.04181 0.891312 1.2
    endloop
  endfacet
  facet normal -0 0 1
    outer loop
      vertex -3.22237 1.04419 1.2
      vertex -2.04181 0.891312 1.2
      vertex -1.94441 1.06221 1.2
    endloop
  endfacet
  facet normal -0 0 1
    outer loop
      vertex -3.30357 1.17001 1.2
      vertex -1.94441 1.06221 1.2
      vertex -1.83401 1.22098 1.2
    endloop
  endfacet
  facet normal -0 0 1
    outer loop
      vertex -3.39386 1.2887 1.2
      vertex -1.83401 1.22098 1.2
      vertex -1.71063 1.36765 1.2
    endloop
  endfacet
  facet normal -0 0 1
    outer loop
      vertex -3.49321 1.40027 1.2
      vertex -1.71063 1.36765 1.2
      vertex -1.57535 1.50124 1.2
    endloop
  endfacet
  facet normal 0 0 1
    outer loop
      vertex -2.2561 0.306015 1.2
      vertex -2.98839 0.469635 1.2
      vertex -2.95261 0.308167 1.2
    endloop
  endfacet
  facet normal -0 0 1
    outer loop
      vertex -3.71919 1.60201 1.2
      vertex -1.57535 1.50124 1.2
      vertex -1.42921 1.62076 1.2
    endloop
  endfacet
  facet normal 0 0 1
    outer loop
      vertex -2.19766 0.513229 1.2
      vertex -3.03326 0.623962 1.2
      vertex -2.98839 0.469635 1.2
    endloop
  endfacet
  facet normal -0 0 1
    outer loop
      vertex -3.84447 1.69107 1.2
      vertex -1.42921 1.62076 1.2
      vertex -1.27223 1.72623 1.2
    endloop
  endfacet
  facet normal 0 0 1
    outer loop
      vertex -2.12624 0.708328 1.2
      vertex -3.08722 0.771164 1.2
      vertex -3.03326 0.623962 1.2
    endloop
  endfacet
  facet normal -0 0 1
    outer loop
      vertex -3.9762 1.77075 1.2
      vertex -1.27223 1.72623 1.2
      vertex -1.10443 1.81763 1.2
    endloop
  endfacet
  facet normal 0 0 1
    outer loop
      vertex -2.04181 0.891312 1.2
      vertex -3.15025 0.91124 1.2
      vertex -3.08722 0.771164 1.2
    endloop
  endfacet
  facet normal 0 0 1
    outer loop
      vertex -2.04181 0.891312 1.2
      vertex -3.22237 1.04419 1.2
      vertex -3.15025 0.91124 1.2
    endloop
  endfacet
  facet normal -0 0 1
    outer loop
      vertex -4.11436 1.84106 1.2
      vertex -1.10443 1.81763 1.2
      vertex -0.925781 1.89496 1.2
    endloop
  endfacet
  facet normal 0 -0 1
    outer loop
      vertex -4.41003 1.95355 1.2
      vertex -0.736298 1.95824 1.2
      vertex -4.56754 1.99574 1.2
    endloop
  endfacet
  facet normal 0 0 1
    outer loop
      vertex -1.94441 1.06221 1.2
      vertex -3.30357 1.17001 1.2
      vertex -3.22237 1.04419 1.2
    endloop
  endfacet
  facet normal 0 0 1
    outer loop
      vertex -1.83401 1.22098 1.2
      vertex -3.39386 1.2887 1.2
      vertex -3.30357 1.17001 1.2
    endloop
  endfacet
  facet normal 0 0 1
    outer loop
      vertex -1.71063 1.36765 1.2
      vertex -3.49321 1.40027 1.2
      vertex -3.39386 1.2887 1.2
    endloop
  endfacet
  facet normal 0 0 1
    outer loop
      vertex -1.57535 1.50124 1.2
      vertex -3.60167 1.5047 1.2
      vertex -3.49321 1.40027 1.2
    endloop
  endfacet
  facet normal 0 0 1
    outer loop
      vertex -1.57535 1.50124 1.2
      vertex -3.71919 1.60201 1.2
      vertex -3.60167 1.5047 1.2
    endloop
  endfacet
  facet normal 0 0 1
    outer loop
      vertex -1.42921 1.62076 1.2
      vertex -3.84447 1.69107 1.2
      vertex -3.71919 1.60201 1.2
    endloop
  endfacet
  facet normal 0 0 1
    outer loop
      vertex -1.27223 1.72623 1.2
      vertex -3.9762 1.77075 1.2
      vertex -3.84447 1.69107 1.2
    endloop
  endfacet
  facet normal 0 0 1
    outer loop
      vertex -1.10443 1.81763 1.2
      vertex -4.11436 1.84106 1.2
      vertex -3.9762 1.77075 1.2
    endloop
  endfacet
  facet normal 0 0 1
    outer loop
      vertex 5.83955 3.5697 1.2
      vertex -18.7419 9.88901 1.2
      vertex 3.34943 3.5697 1.2
    endloop
  endfacet
  facet normal 0 0 1
    outer loop
      vertex -0.925781 1.89496 1.2
      vertex -4.25897 1.90199 1.2
      vertex -4.11436 1.84106 1.2
    endloop
  endfacet
  facet normal 0 0 1
    outer loop
      vertex -0.925781 1.89496 1.2
      vertex -4.41003 1.95355 1.2
      vertex -4.25897 1.90199 1.2
    endloop
  endfacet
  facet normal 0 -0 1
    outer loop
      vertex -8.78574 3.5697 1.2
      vertex 3.34943 3.5697 1.2
      vertex -18.7419 9.88901 1.2
    endloop
  endfacet
  facet normal 0 -0 1
    outer loop
      vertex -4.73149 2.02855 1.2
      vertex 3.34943 3.5697 1.2
      vertex -8.78574 3.5697 1.2
    endloop
  endfacet
  facet normal 0 0 1
    outer loop
      vertex 3.34943 3.5697 1.2
      vertex -4.73149 2.02855 1.2
      vertex -4.56754 1.99574 1.2
    endloop
  endfacet
  facet normal 0 0 1
    outer loop
      vertex -4.73149 2.02855 1.2
      vertex -8.78574 3.5697 1.2
      vertex -4.90189 2.05199 1.2
    endloop
  endfacet
  facet normal 0 0 1
    outer loop
      vertex -4.90189 2.05199 1.2
      vertex -8.78574 3.5697 1.2
      vertex -5.07872 2.06604 1.2
    endloop
  endfacet
  facet normal 0 0 1
    outer loop
      vertex -5.07872 2.06604 1.2
      vertex -8.78574 3.5697 1.2
      vertex -5.26201 2.07072 1.2
    endloop
  endfacet
  facet normal 0 0 1
    outer loop
      vertex -5.26201 2.07072 1.2
      vertex -8.78574 3.5697 1.2
      vertex -5.49867 2.06343 1.2
    endloop
  endfacet
  facet normal 0 0 1
    outer loop
      vertex -5.49867 2.06343 1.2
      vertex -8.78574 3.5697 1.2
      vertex -5.72429 2.04153 1.2
    endloop
  endfacet
  facet normal 0 0 1
    outer loop
      vertex -8.78574 -3.30974 1.2
      vertex -7.78456 -0.441681 1.2
      vertex -8.78574 3.5697 1.2
    endloop
  endfacet
  facet normal 0 0 1
    outer loop
      vertex -7.76479 -0.197342 1.2
      vertex -8.78574 3.5697 1.2
      vertex -7.78456 -0.441681 1.2
    endloop
  endfacet
  facet normal 0 0 1
    outer loop
      vertex -7.73183 0.0354156 1.2
      vertex -8.78574 3.5697 1.2
      vertex -7.76479 -0.197342 1.2
    endloop
  endfacet
  facet normal 0 0 1
    outer loop
      vertex -7.6857 0.256607 1.2
      vertex -8.78574 3.5697 1.2
      vertex -7.73183 0.0354156 1.2
    endloop
  endfacet
  facet normal 0 0 1
    outer loop
      vertex -7.62637 0.466232 1.2
      vertex -8.78574 3.5697 1.2
      vertex -7.6857 0.256607 1.2
    endloop
  endfacet
  facet normal 0 0 1
    outer loop
      vertex -7.55388 0.664276 1.2
      vertex -8.78574 3.5697 1.2
      vertex -7.62637 0.466232 1.2
    endloop
  endfacet
  facet normal 0 0 1
    outer loop
      vertex -7.4682 0.850769 1.2
      vertex -8.78574 3.5697 1.2
      vertex -7.55388 0.664276 1.2
    endloop
  endfacet
  facet normal 0 0 1
    outer loop
      vertex -7.36934 1.02568 1.2
      vertex -8.78574 3.5697 1.2
      vertex -7.4682 0.850769 1.2
    endloop
  endfacet
  facet normal 0 0 1
    outer loop
      vertex -7.25729 1.18903 1.2
      vertex -8.78574 3.5697 1.2
      vertex -7.36934 1.02568 1.2
    endloop
  endfacet
  facet normal 0 0 1
    outer loop
      vertex -7.13206 1.34079 1.2
      vertex -8.78574 3.5697 1.2
      vertex -7.25729 1.18903 1.2
    endloop
  endfacet
  facet normal 0 0 1
    outer loop
      vertex -6.99471 1.47948 1.2
      vertex -8.78574 3.5697 1.2
      vertex -7.13206 1.34079 1.2
    endloop
  endfacet
  facet normal 0 0 1
    outer loop
      vertex -6.84633 1.60358 1.2
      vertex -8.78574 3.5697 1.2
      vertex -6.99471 1.47948 1.2
    endloop
  endfacet
  facet normal 0 0 1
    outer loop
      vertex -6.6869 1.71306 1.2
      vertex -8.78574 3.5697 1.2
      vertex -6.84633 1.60358 1.2
    endloop
  endfacet
  facet normal 0 0 1
    outer loop
      vertex -6.51645 1.80795 1.2
      vertex -8.78574 3.5697 1.2
      vertex -6.6869 1.71306 1.2
    endloop
  endfacet
  facet normal 0 0 1
    outer loop
      vertex -6.33496 1.88824 1.2
      vertex -8.78574 3.5697 1.2
      vertex -6.51645 1.80795 1.2
    endloop
  endfacet
  facet normal 0 0 1
    outer loop
      vertex -6.14244 1.95393 1.2
      vertex -8.78574 3.5697 1.2
      vertex -6.33496 1.88824 1.2
    endloop
  endfacet
  facet normal 0 0 1
    outer loop
      vertex -5.93889 2.00504 1.2
      vertex -8.78574 3.5697 1.2
      vertex -6.14244 1.95393 1.2
    endloop
  endfacet
  facet normal 0 0 1
    outer loop
      vertex -5.72429 2.04153 1.2
      vertex -8.78574 3.5697 1.2
      vertex -5.93889 2.00504 1.2
    endloop
  endfacet
  facet normal 0 0 1
    outer loop
      vertex -0.736298 1.95824 1.2
      vertex -4.41003 1.95355 1.2
      vertex -0.925781 1.89496 1.2
    endloop
  endfacet
  facet normal 0 0 1
    outer loop
      vertex -10.2261 3.5697 1.2
      vertex -12.8068 -0.390869 1.2
      vertex -10.2261 -3.30974 1.2
    endloop
  endfacet
  facet normal 0 0 1
    outer loop
      vertex -10.2261 3.5697 1.2
      vertex -18.7032 -0.184967 1.2
      vertex -12.8068 -0.390869 1.2
    endloop
  endfacet
  facet normal 0 0 1
    outer loop
      vertex -10.2261 3.5697 1.2
      vertex -21.5118 4.67961 1.2
      vertex -18.7032 -0.184967 1.2
    endloop
  endfacet
  facet normal -0 0 1
    outer loop
      vertex -21.5118 4.67961 1.2
      vertex -10.2261 3.5697 1.2
      vertex -18.7419 9.88901 1.2
    endloop
  endfacet
  facet normal 0 0 1
    outer loop
      vertex -8.78574 3.5697 1.2
      vertex -18.7419 9.88901 1.2
      vertex -10.2261 3.5697 1.2
    endloop
  endfacet
  facet normal 0 0 1
    outer loop
      vertex 37.8 12 1.2
      vertex -19.2864 10.1598 1.2
      vertex -18.7419 9.88901 1.2
    endloop
  endfacet
  facet normal 0 0 1
    outer loop
      vertex 37.8 12 1.2
      vertex -19.8447 10.4007 1.2
      vertex -19.2864 10.1598 1.2
    endloop
  endfacet
  facet normal 0 0 1
    outer loop
      vertex 37.8 12 1.2
      vertex -20.4153 10.6108 1.2
      vertex -19.8447 10.4007 1.2
    endloop
  endfacet
  facet normal 0 0 1
    outer loop
      vertex 37.8 12 1.2
      vertex -20.9965 10.7897 1.2
      vertex -20.4153 10.6108 1.2
    endloop
  endfacet
  facet normal 0 0 1
    outer loop
      vertex 37.8 12 1.2
      vertex -21.5865 10.9369 1.2
      vertex -20.9965 10.7897 1.2
    endloop
  endfacet
  facet normal 0 0 1
    outer loop
      vertex 37.8 12 1.2
      vertex -22.1836 11.0517 1.2
      vertex -21.5865 10.9369 1.2
    endloop
  endfacet
  facet normal 0 0 1
    outer loop
      vertex 37.8 12 1.2
      vertex -22.7861 11.134 1.2
      vertex -22.1836 11.0517 1.2
    endloop
  endfacet
  facet normal 0 0 1
    outer loop
      vertex 37.8 12 1.2
      vertex -23.3922 11.1835 1.2
      vertex -22.7861 11.134 1.2
    endloop
  endfacet
  facet normal -0 0 1
    outer loop
      vertex -37.8 12 1.2
      vertex -23.3922 11.1835 1.2
      vertex 37.8 12 1.2
    endloop
  endfacet
  facet normal 0 0 1
    outer loop
      vertex -26.6897 -0.235306 1.2
      vertex -29.2789 -0.472168 1.2
      vertex -29.2455 -0.757965 1.2
    endloop
  endfacet
  facet normal 0 0 1
    outer loop
      vertex -29.2581 9.88901 1.2
      vertex -35.1932 -0.390869 1.2
      vertex -29.2968 -0.184967 1.2
    endloop
  endfacet
  facet normal -0 0 1
    outer loop
      vertex -39 10.8 1.2
      vertex -29.2581 9.88901 1.2
      vertex -37.8 12 1.2
    endloop
  endfacet
  facet normal 0 0 1
    outer loop
      vertex -28.7136 10.1598 1.2
      vertex -37.8 12 1.2
      vertex -29.2581 9.88901 1.2
    endloop
  endfacet
  facet normal 0 0 1
    outer loop
      vertex -28.1553 10.4007 1.2
      vertex -37.8 12 1.2
      vertex -28.7136 10.1598 1.2
    endloop
  endfacet
  facet normal 0 0 1
    outer loop
      vertex -27.5847 10.6108 1.2
      vertex -37.8 12 1.2
      vertex -28.1553 10.4007 1.2
    endloop
  endfacet
  facet normal 0 0 1
    outer loop
      vertex -27.0035 10.7897 1.2
      vertex -37.8 12 1.2
      vertex -27.5847 10.6108 1.2
    endloop
  endfacet
  facet normal 0 0 1
    outer loop
      vertex -26.4135 10.9369 1.2
      vertex -37.8 12 1.2
      vertex -27.0035 10.7897 1.2
    endloop
  endfacet
  facet normal 0 0 1
    outer loop
      vertex -25.8164 11.0517 1.2
      vertex -37.8 12 1.2
      vertex -26.4135 10.9369 1.2
    endloop
  endfacet
  facet normal 0 0 1
    outer loop
      vertex -25.2139 11.134 1.2
      vertex -37.8 12 1.2
      vertex -25.8164 11.0517 1.2
    endloop
  endfacet
  facet normal 0 0 1
    outer loop
      vertex -24.6078 11.1835 1.2
      vertex -37.8 12 1.2
      vertex -25.2139 11.134 1.2
    endloop
  endfacet
  facet normal 0 0 1
    outer loop
      vertex -24 11.2 1.2
      vertex -37.8 12 1.2
      vertex -24.6078 11.1835 1.2
    endloop
  endfacet
  facet normal 0 0 1
    outer loop
      vertex -23.3922 11.1835 1.2
      vertex -37.8 12 1.2
      vertex -24 11.2 1.2
    endloop
  endfacet
  facet normal 0 0 1
    outer loop
      vertex 38.1106 -11.9591 1.2
      vertex 37.8 -12 1.2
      vertex 38.0084 -11.9818 1.2
    endloop
  endfacet
  facet normal 0 0 1
    outer loop
      vertex 38.0084 -11.9818 1.2
      vertex 37.8 -12 1.2
      vertex 37.9046 -11.9954 1.2
    endloop
  endfacet
  facet normal 0 0 1
    outer loop
      vertex 38.3071 -11.8876 1.2
      vertex 37.8 -12 1.2
      vertex 38.2104 -11.9276 1.2
    endloop
  endfacet
  facet normal 0 0 1
    outer loop
      vertex 38.7192 -11.5713 1.2
      vertex 37.8 -12 1.2
      vertex 38.6485 -11.6485 1.2
    endloop
  endfacet
  facet normal 0 0 1
    outer loop
      vertex 38.9276 -11.2104 1.2
      vertex 37.8 -12 1.2
      vertex 38.8876 -11.3071 1.2
    endloop
  endfacet
  facet normal 0 0 1
    outer loop
      vertex 39 -10.8 1.2
      vertex 29.9708 -2.89061 1.2
      vertex 37.8 -12 1.2
    endloop
  endfacet
  facet normal -0 0 1
    outer loop
      vertex 29.7543 -3.04851 1.2
      vertex 37.8 -12 1.2
      vertex 29.9708 -2.89061 1.2
    endloop
  endfacet
  facet normal -0 0 1
    outer loop
      vertex 29.5147 -3.1777 1.2
      vertex 37.8 -12 1.2
      vertex 29.7543 -3.04851 1.2
    endloop
  endfacet
  facet normal -0 0 1
    outer loop
      vertex 29.252 -3.27818 1.2
      vertex 37.8 -12 1.2
      vertex 29.5147 -3.1777 1.2
    endloop
  endfacet
  facet normal -0 0 1
    outer loop
      vertex 28.9661 -3.34996 1.2
      vertex 37.8 -12 1.2
      vertex 29.252 -3.27818 1.2
    endloop
  endfacet
  facet normal -0 0 1
    outer loop
      vertex 28.6571 -3.39302 1.2
      vertex 37.8 -12 1.2
      vertex 28.9661 -3.34996 1.2
    endloop
  endfacet
  facet normal -0 0 1
    outer loop
      vertex 28.325 -3.40738 1.2
      vertex 37.8 -12 1.2
      vertex 28.6571 -3.39302 1.2
    endloop
  endfacet
  facet normal 0 0 1
    outer loop
      vertex 28.0922 -3.40031 1.2
      vertex 37.8 -12 1.2
      vertex 28.325 -3.40738 1.2
    endloop
  endfacet
  facet normal 0 0 1
    outer loop
      vertex 27.8705 -3.37915 1.2
      vertex 37.8 -12 1.2
      vertex 28.0922 -3.40031 1.2
    endloop
  endfacet
  facet normal 0 0 1
    outer loop
      vertex 24.9865 -3.30974 1.2
      vertex 27.8705 -3.37915 1.2
      vertex 27.6598 -3.34387 1.2
    endloop
  endfacet
  facet normal -0 0 1
    outer loop
      vertex 24.9865 -3.30974 1.2
      vertex 27.6598 -3.34387 1.2
      vertex 27.4602 -3.29449 1.2
    endloop
  endfacet
  facet normal 0 0 1
    outer loop
      vertex 24.9865 -3.30974 1.2
      vertex 27.4602 -3.29449 1.2
      vertex 27.2716 -3.23099 1.2
    endloop
  endfacet
  facet normal 0 0 1
    outer loop
      vertex 24.9865 -3.30974 1.2
      vertex 27.2716 -3.23099 1.2
      vertex 27.094 -3.15338 1.2
    endloop
  endfacet
  facet normal 0 0 1
    outer loop
      vertex 24.9865 -3.30974 1.2
      vertex 27.094 -3.15338 1.2
      vertex 26.9274 -3.06166 1.2
    endloop
  endfacet
  facet normal 0 0 1
    outer loop
      vertex 24.9865 -3.30974 1.2
      vertex 26.9274 -3.06166 1.2
      vertex 26.7719 -2.95584 1.2
    endloop
  endfacet
  facet normal 0 0 1
    outer loop
      vertex 24.9865 0.0445099 1.2
      vertex 25.8608 -0.907898 1.2
      vertex 25.8544 -0.643875 1.2
    endloop
  endfacet
  facet normal 0 0 1
    outer loop
      vertex 24.9865 0.0445099 1.2
      vertex 25.88 -1.15897 1.2
      vertex 25.8608 -0.907898 1.2
    endloop
  endfacet
  facet normal 0 0 1
    outer loop
      vertex 24.9865 0.0445099 1.2
      vertex 25.912 -1.39711 1.2
      vertex 25.88 -1.15897 1.2
    endloop
  endfacet
  facet normal 0 0 1
    outer loop
      vertex 24.9865 -3.30974 1.2
      vertex 25.912 -1.39711 1.2
      vertex 24.9865 0.0445099 1.2
    endloop
  endfacet
  facet normal 0 0 1
    outer loop
      vertex 25.912 -1.39711 1.2
      vertex 24.9865 -3.30974 1.2
      vertex 25.9568 -1.62231 1.2
    endloop
  endfacet
  facet normal 0 0 1
    outer loop
      vertex 25.9568 -1.62231 1.2
      vertex 24.9865 -3.30974 1.2
      vertex 26.0143 -1.83459 1.2
    endloop
  endfacet
  facet normal 0 0 1
    outer loop
      vertex 26.0143 -1.83459 1.2
      vertex 24.9865 -3.30974 1.2
      vertex 26.0847 -2.03392 1.2
    endloop
  endfacet
  facet normal 0 0 1
    outer loop
      vertex 26.0847 -2.03392 1.2
      vertex 24.9865 -3.30974 1.2
      vertex 26.1678 -2.22031 1.2
    endloop
  endfacet
  facet normal 0 0 1
    outer loop
      vertex 24.9865 -3.30974 1.2
      vertex 26.2637 -2.39375 1.2
      vertex 26.1678 -2.22031 1.2
    endloop
  endfacet
  facet normal 0 0 1
    outer loop
      vertex 24.9865 -3.30974 1.2
      vertex 26.3725 -2.55428 1.2
      vertex 26.2637 -2.39375 1.2
    endloop
  endfacet
  facet normal 0 0 1
    outer loop
      vertex 24.9865 -3.30974 1.2
      vertex 26.494 -2.70184 1.2
      vertex 26.3725 -2.55428 1.2
    endloop
  endfacet
  facet normal 0 0 1
    outer loop
      vertex 24.9865 -3.30974 1.2
      vertex 26.6274 -2.83589 1.2
      vertex 26.494 -2.70184 1.2
    endloop
  endfacet
  facet normal 0 0 1
    outer loop
      vertex 24.9865 -3.30974 1.2
      vertex 26.7719 -2.95584 1.2
      vertex 26.6274 -2.83589 1.2
    endloop
  endfacet
  facet normal 0 0 1
    outer loop
      vertex 27.8705 -3.37915 1.2
      vertex 24.9865 -3.30974 1.2
      vertex 37.8 -12 1.2
    endloop
  endfacet
  facet normal -0 0 1
    outer loop
      vertex 23.6194 -3.30974 1.2
      vertex 37.8 -12 1.2
      vertex 24.9865 -3.30974 1.2
    endloop
  endfacet
  facet normal 0 0 1
    outer loop
      vertex 21.6786 0.237778 1.2
      vertex 23.61 -0.0816803 1.2
      vertex 23.5817 0.154861 1.2
    endloop
  endfacet
  facet normal 0 0 1
    outer loop
      vertex 21.8159 0.53035 1.2
      vertex 23.5817 0.154861 1.2
      vertex 23.5346 0.363586 1.2
    endloop
  endfacet
  facet normal 0 0 1
    outer loop
      vertex 22.5794 1.04118 1.2
      vertex 23.5346 0.363586 1.2
      vertex 23.4687 0.544495 1.2
    endloop
  endfacet
  facet normal 0 0 1
    outer loop
      vertex 22.8561 1.03154 1.2
      vertex 23.4687 0.544495 1.2
      vertex 23.3838 0.697571 1.2
    endloop
  endfacet
  facet normal 0 0 1
    outer loop
      vertex 22.8561 1.03154 1.2
      vertex 23.3838 0.697571 1.2
      vertex 23.2802 0.8228 1.2
    endloop
  endfacet
  facet normal 0 0 1
    outer loop
      vertex 23.0163 0.989792 1.2
      vertex 23.2802 0.8228 1.2
      vertex 23.1577 0.920212 1.2
    endloop
  endfacet
  facet normal 0 0 1
    outer loop
      vertex 23.2802 0.8228 1.2
      vertex 23.0163 0.989792 1.2
      vertex 22.8561 1.03154 1.2
    endloop
  endfacet
  facet normal 0 0 1
    outer loop
      vertex 23.4687 0.544495 1.2
      vertex 22.8561 1.03154 1.2
      vertex 22.6771 1.04546 1.2
    endloop
  endfacet
  facet normal 0 0 1
    outer loop
      vertex 23.4687 0.544495 1.2
      vertex 22.6771 1.04546 1.2
      vertex 22.5794 1.04118 1.2
    endloop
  endfacet
  facet normal 0 0 1
    outer loop
      vertex 23.5346 0.363586 1.2
      vertex 22.5794 1.04118 1.2
      vertex 21.8739 0.61821 1.2
    endloop
  endfacet
  facet normal 0 0 1
    outer loop
      vertex 21.8739 0.61821 1.2
      vertex 22.5794 1.04118 1.2
      vertex 22.4856 1.02837 1.2
    endloop
  endfacet
  facet normal 0 0 1
    outer loop
      vertex 21.8739 0.61821 1.2
      vertex 22.4856 1.02837 1.2
      vertex 22.3956 1.007 1.2
    endloop
  endfacet
  facet normal 0 0 1
    outer loop
      vertex 21.8739 0.61821 1.2
      vertex 22.3956 1.007 1.2
      vertex 22.3095 0.977097 1.2
    endloop
  endfacet
  facet normal 0 0 1
    outer loop
      vertex 21.8739 0.61821 1.2
      vertex 22.3095 0.977097 1.2
      vertex 22.2273 0.938644 1.2
    endloop
  endfacet
  facet normal 0 0 1
    outer loop
      vertex 21.8739 0.61821 1.2
      vertex 22.2273 0.938644 1.2
      vertex 22.1489 0.891647 1.2
    endloop
  endfacet
  facet normal 0 0 1
    outer loop
      vertex 21.8739 0.61821 1.2
      vertex 22.1489 0.891647 1.2
      vertex 22.0744 0.836105 1.2
    endloop
  endfacet
  facet normal 0 0 1
    outer loop
      vertex 21.8739 0.61821 1.2
      vertex 22.0744 0.836105 1.2
      vertex 22.0037 0.772018 1.2
    endloop
  endfacet
  facet normal 0 0 1
    outer loop
      vertex 21.8739 0.61821 1.2
      vertex 22.0037 0.772018 1.2
      vertex 21.9369 0.699387 1.2
    endloop
  endfacet
  facet normal 0 0 1
    outer loop
      vertex 23.5346 0.363586 1.2
      vertex 21.8739 0.61821 1.2
      vertex 21.8159 0.53035 1.2
    endloop
  endfacet
  facet normal 0 0 1
    outer loop
      vertex 23.5817 0.154861 1.2
      vertex 21.8159 0.53035 1.2
      vertex 21.7641 0.437668 1.2
    endloop
  endfacet
  facet normal 0 0 1
    outer loop
      vertex 23.5817 0.154861 1.2
      vertex 21.7641 0.437668 1.2
      vertex 21.7183 0.340134 1.2
    endloop
  endfacet
  facet normal 0 0 1
    outer loop
      vertex 23.5817 0.154861 1.2
      vertex 21.7183 0.340134 1.2
      vertex 21.6786 0.237778 1.2
    endloop
  endfacet
  facet normal 0 0 1
    outer loop
      vertex 23.61 -0.0816803 1.2
      vertex 21.6786 0.237778 1.2
      vertex 21.6451 0.130585 1.2
    endloop
  endfacet
  facet normal 0 0 1
    outer loop
      vertex 23.61 -0.0816803 1.2
      vertex 21.6451 0.130585 1.2
      vertex 21.6176 0.0185547 1.2
    endloop
  endfacet
  facet normal 0 0 1
    outer loop
      vertex 23.61 -0.0816803 1.2
      vertex 21.6176 0.0185547 1.2
      vertex 21.5963 -0.0982971 1.2
    endloop
  endfacet
  facet normal 0 0 1
    outer loop
      vertex 23.6194 -0.346085 1.2
      vertex 21.5963 -0.0982971 1.2
      vertex 21.581 -0.220001 1.2
    endloop
  endfacet
  facet normal 0 0 1
    outer loop
      vertex 23.6194 -0.346085 1.2
      vertex 21.581 -0.220001 1.2
      vertex 21.5718 -0.346542 1.2
    endloop
  endfacet
  facet normal 0 0 1
    outer loop
      vertex 23.6194 -0.346085 1.2
      vertex 21.5718 -0.346542 1.2
      vertex 21.5688 -0.477905 1.2
    endloop
  endfacet
  facet normal 0 0 1
    outer loop
      vertex 23.6194 -0.346085 1.2
      vertex 21.5688 -0.477905 1.2
      vertex 23.6194 -3.30974 1.2
    endloop
  endfacet
  facet normal 0 0 1
    outer loop
      vertex 21.5688 -3.30974 1.2
      vertex 23.6194 -3.30974 1.2
      vertex 21.5688 -0.477905 1.2
    endloop
  endfacet
  facet normal -0 0 1
    outer loop
      vertex 21.5688 -3.30974 1.2
      vertex 37.8 -12 1.2
      vertex 23.6194 -3.30974 1.2
    endloop
  endfacet
  facet normal -0 0 1
    outer loop
      vertex 20.1968 -3.30974 1.2
      vertex 37.8 -12 1.2
      vertex 21.5688 -3.30974 1.2
    endloop
  endfacet
  facet normal 0 0 1
    outer loop
      vertex 19.2439 -0.404984 1.2
      vertex 20.1966 0.874985 1.2
      vertex 20.1963 0.955322 1.2
    endloop
  endfacet
  facet normal 0 0 1
    outer loop
      vertex 19.2439 -0.404984 1.2
      vertex 20.1963 0.955322 1.2
      vertex 20.1957 1.03258 1.2
    endloop
  endfacet
  facet normal 0 0 1
    outer loop
      vertex 19.2439 -0.404984 1.2
      vertex 20.1957 1.03258 1.2
      vertex 20.1948 1.10675 1.2
    endloop
  endfacet
  facet normal 0 0 1
    outer loop
      vertex 19.2439 -0.404984 1.2
      vertex 20.1948 1.10675 1.2
      vertex 20.1937 1.17786 1.2
    endloop
  endfacet
  facet normal 0 0 1
    outer loop
      vertex 19.2439 -0.404984 1.2
      vertex 20.1937 1.17786 1.2
      vertex 20.1924 1.24588 1.2
    endloop
  endfacet
  facet normal 0 0 1
    outer loop
      vertex 19.2439 -0.404984 1.2
      vertex 20.1924 1.24588 1.2
      vertex 20.1908 1.31084 1.2
    endloop
  endfacet
  facet normal 0 0 1
    outer loop
      vertex 19.2439 -0.404984 1.2
      vertex 20.1908 1.31084 1.2
      vertex 20.1889 1.37271 1.2
    endloop
  endfacet
  facet normal 0 0 1
    outer loop
      vertex 19.2439 -0.404984 1.2
      vertex 20.1889 1.37271 1.2
      vertex 20.1868 1.43152 1.2
    endloop
  endfacet
  facet normal 0 0 1
    outer loop
      vertex 19.2439 -0.404984 1.2
      vertex 20.1868 1.43152 1.2
      vertex 20.1845 1.48724 1.2
    endloop
  endfacet
  facet normal 0 0 1
    outer loop
      vertex 19.2439 -0.404984 1.2
      vertex 20.1845 1.48724 1.2
      vertex 20.1821 1.54088 1.2
    endloop
  endfacet
  facet normal 0 0 1
    outer loop
      vertex 19.2439 -0.404984 1.2
      vertex 20.1821 1.54088 1.2
      vertex 20.1796 1.5934 1.2
    endloop
  endfacet
  facet normal 0 0 1
    outer loop
      vertex 19.2439 -0.404984 1.2
      vertex 20.1796 1.5934 1.2
      vertex 20.177 1.64479 1.2
    endloop
  endfacet
  facet normal 0 0 1
    outer loop
      vertex 19.2439 -0.404984 1.2
      vertex 20.177 1.64479 1.2
      vertex 20.1744 1.69507 1.2
    endloop
  endfacet
  facet normal 0 0 1
    outer loop
      vertex 19.2439 -0.404984 1.2
      vertex 20.1744 1.69507 1.2
      vertex 20.1717 1.74422 1.2
    endloop
  endfacet
  facet normal 0 0 1
    outer loop
      vertex 19.2439 -0.404984 1.2
      vertex 20.1717 1.74422 1.2
      vertex 20.169 1.79224 1.2
    endloop
  endfacet
  facet normal 0 0 1
    outer loop
      vertex 19.2439 -0.404984 1.2
      vertex 20.169 1.79224 1.2
      vertex 20.1663 1.83914 1.2
    endloop
  endfacet
  facet normal 0 0 1
    outer loop
      vertex 19.2439 -0.404984 1.2
      vertex 20.1663 1.83914 1.2
      vertex 20.1635 1.88492 1.2
    endloop
  endfacet
  facet normal 0 0 1
    outer loop
      vertex 19.2439 -0.404984 1.2
      vertex 20.1635 1.88492 1.2
      vertex 20.1606 1.92957 1.2
    endloop
  endfacet
  facet normal 0 0 1
    outer loop
      vertex 18.5696 1.3652 1.2
      vertex 20.1606 1.92957 1.2
      vertex 20.1577 1.9731 1.2
    endloop
  endfacet
  facet normal 0 0 1
    outer loop
      vertex 20.1968 0.79158 1.2
      vertex 19.2507 -0.663452 1.2
      vertex 19.2436 -0.914719 1.2
    endloop
  endfacet
  facet normal 0 0 1
    outer loop
      vertex 20.1968 0.79158 1.2
      vertex 19.2436 -0.914719 1.2
      vertex 20.1968 -3.30974 1.2
    endloop
  endfacet
  facet normal -0 0 1
    outer loop
      vertex 19.2222 -1.15491 1.2
      vertex 20.1968 -3.30974 1.2
      vertex 19.2436 -0.914719 1.2
    endloop
  endfacet
  facet normal -0 0 1
    outer loop
      vertex 19.1866 -1.38402 1.2
      vertex 20.1968 -3.30974 1.2
      vertex 19.2222 -1.15491 1.2
    endloop
  endfacet
  facet normal -0 0 1
    outer loop
      vertex 19.1367 -1.60204 1.2
      vertex 20.1968 -3.30974 1.2
      vertex 19.1866 -1.38402 1.2
    endloop
  endfacet
  facet normal -0 0 1
    outer loop
      vertex 19.0725 -1.80898 1.2
      vertex 20.1968 -3.30974 1.2
      vertex 19.1367 -1.60204 1.2
    endloop
  endfacet
  facet normal -0 0 1
    outer loop
      vertex 18.9941 -2.00484 1.2
      vertex 20.1968 -3.30974 1.2
      vertex 19.0725 -1.80898 1.2
    endloop
  endfacet
  facet normal -0 0 1
    outer loop
      vertex 18.9014 -2.18961 1.2
      vertex 20.1968 -3.30974 1.2
      vertex 18.9941 -2.00484 1.2
    endloop
  endfacet
  facet normal -0 0 1
    outer loop
      vertex 18.7945 -2.3633 1.2
      vertex 20.1968 -3.30974 1.2
      vertex 18.9014 -2.18961 1.2
    endloop
  endfacet
  facet normal -0 0 1
    outer loop
      vertex 18.6733 -2.52591 1.2
      vertex 20.1968 -3.30974 1.2
      vertex 18.7945 -2.3633 1.2
    endloop
  endfacet
  facet normal -0 0 1
    outer loop
      vertex 18.5378 -2.67744 1.2
      vertex 20.1968 -3.30974 1.2
      vertex 18.6733 -2.52591 1.2
    endloop
  endfacet
  facet normal -0 0 1
    outer loop
      vertex 18.3898 -2.81613 1.2
      vertex 20.1968 -3.30974 1.2
      vertex 18.5378 -2.67744 1.2
    endloop
  endfacet
  facet normal -0 0 1
    outer loop
      vertex 18.2309 -2.94022 1.2
      vertex 20.1968 -3.30974 1.2
      vertex 18.3898 -2.81613 1.2
    endloop
  endfacet
  facet normal -0 0 1
    outer loop
      vertex 18.0609 -3.04971 1.2
      vertex 20.1968 -3.30974 1.2
      vertex 18.2309 -2.94022 1.2
    endloop
  endfacet
  facet normal -0 0 1
    outer loop
      vertex 17.8801 -3.14459 1.2
      vertex 20.1968 -3.30974 1.2
      vertex 18.0609 -3.04971 1.2
    endloop
  endfacet
  facet normal -0 0 1
    outer loop
      vertex 17.6883 -3.22488 1.2
      vertex 20.1968 -3.30974 1.2
      vertex 17.8801 -3.14459 1.2
    endloop
  endfacet
  facet normal -0 0 1
    outer loop
      vertex 17.4856 -3.29059 1.2
      vertex 20.1968 -3.30974 1.2
      vertex 17.6883 -3.22488 1.2
    endloop
  endfacet
  facet normal 0 0 1
    outer loop
      vertex 17.272 -3.34167 1.2
      vertex 20.1968 -3.30974 1.2
      vertex 17.4856 -3.29059 1.2
    endloop
  endfacet
  facet normal 0 0 1
    outer loop
      vertex 17.0474 -3.37817 1.2
      vertex 20.1968 -3.30974 1.2
      vertex 17.272 -3.34167 1.2
    endloop
  endfacet
  facet normal 0 0 1
    outer loop
      vertex 20.1968 -3.30974 1.2
      vertex 17.0474 -3.37817 1.2
      vertex 37.8 -12 1.2
    endloop
  endfacet
  facet normal -0 0 1
    outer loop
      vertex 16.8119 -3.40007 1.2
      vertex 37.8 -12 1.2
      vertex 17.0474 -3.37817 1.2
    endloop
  endfacet
  facet normal -0 0 1
    outer loop
      vertex 16.5654 -3.40738 1.2
      vertex 37.8 -12 1.2
      vertex 16.8119 -3.40007 1.2
    endloop
  endfacet
  facet normal 0 0 1
    outer loop
      vertex 16.3237 -3.40005 1.2
      vertex 37.8 -12 1.2
      vertex 16.5654 -3.40738 1.2
    endloop
  endfacet
  facet normal 0 0 1
    outer loop
      vertex 11.8032 -3.30974 1.2
      vertex 16.3237 -3.40005 1.2
      vertex 16.0926 -3.37808 1.2
    endloop
  endfacet
  facet normal 0 0 1
    outer loop
      vertex 11.8032 -3.30974 1.2
      vertex 16.0926 -3.37808 1.2
      vertex 15.8721 -3.34146 1.2
    endloop
  endfacet
  facet normal -0 0 1
    outer loop
      vertex 11.8032 -3.30974 1.2
      vertex 15.8721 -3.34146 1.2
      vertex 15.6623 -3.29019 1.2
    endloop
  endfacet
  facet normal 0 0 1
    outer loop
      vertex 11.8032 -3.30974 1.2
      vertex 15.6623 -3.29019 1.2
      vertex 15.4632 -3.22427 1.2
    endloop
  endfacet
  facet normal 0 0 1
    outer loop
      vertex 13.2807 0.892349 1.2
      vertex 13.9872 0.0521393 1.2
      vertex 13.3432 0.881378 1.2
    endloop
  endfacet
  facet normal 0 0 1
    outer loop
      vertex 13.9872 0.0521393 1.2
      vertex 13.2807 0.892349 1.2
      vertex 13.9521 -0.175491 1.2
    endloop
  endfacet
  facet normal 0 0 1
    outer loop
      vertex 13.2198 0.901871 1.2
      vertex 13.9521 -0.175491 1.2
      vertex 13.2807 0.892349 1.2
    endloop
  endfacet
  facet normal 0 0 1
    outer loop
      vertex 13.1604 0.909927 1.2
      vertex 13.9521 -0.175491 1.2
      vertex 13.2198 0.901871 1.2
    endloop
  endfacet
  facet normal 0 0 1
    outer loop
      vertex 13.1026 0.916519 1.2
      vertex 13.9521 -0.175491 1.2
      vertex 13.1604 0.909927 1.2
    endloop
  endfacet
  facet normal 0 0 1
    outer loop
      vertex 11.8032 -0.717163 1.2
      vertex 13.9239 -0.663452 1.2
      vertex 11.806 -0.55809 1.2
    endloop
  endfacet
  facet normal 0 0 1
    outer loop
      vertex 13.0464 0.921646 1.2
      vertex 13.9521 -0.175491 1.2
      vertex 13.1026 0.916519 1.2
    endloop
  endfacet
  facet normal 0 0 1
    outer loop
      vertex 13.931 -0.414032 1.2
      vertex 11.8146 -0.407028 1.2
      vertex 13.9239 -0.663452 1.2
    endloop
  endfacet
  facet normal 0 0 1
    outer loop
      vertex 12.9917 0.925308 1.2
      vertex 13.9521 -0.175491 1.2
      vertex 13.0464 0.921646 1.2
    endloop
  endfacet
  facet normal 0 0 1
    outer loop
      vertex 13.931 -0.913818 1.2
      vertex 11.8032 -0.717163 1.2
      vertex 13.9521 -1.15324 1.2
    endloop
  endfacet
  facet normal -0 0 1
    outer loop
      vertex 11.8289 -0.263962 1.2
      vertex 13.931 -0.414032 1.2
      vertex 11.8489 -0.128906 1.2
    endloop
  endfacet
  facet normal -0 0 1
    outer loop
      vertex 11.986 0.331207 1.2
      vertex 13.9521 -0.175491 1.2
      vertex 12.9917 0.925308 1.2
    endloop
  endfacet
  facet normal -0 0 1
    outer loop
      vertex 11.8746 -0.00186157 1.2
      vertex 13.931 -0.414032 1.2
      vertex 11.906 0.117157 1.2
    endloop
  endfacet
  facet normal -0 0 1
    outer loop
      vertex 11.906 0.117157 1.2
      vertex 13.9521 -0.175491 1.2
      vertex 11.9431 0.22818 1.2
    endloop
  endfacet
  facet normal 0 0 1
    outer loop
      vertex 13.9521 -1.15324 1.2
      vertex 11.8032 -0.717163 1.2
      vertex 13.9872 -1.38173 1.2
    endloop
  endfacet
  facet normal 0 0 1
    outer loop
      vertex 11.986 0.331207 1.2
      vertex 12.9917 0.925308 1.2
      vertex 12.9386 0.927505 1.2
    endloop
  endfacet
  facet normal 0 0 1
    outer loop
      vertex 11.986 0.331207 1.2
      vertex 12.9386 0.927505 1.2
      vertex 12.8871 0.928238 1.2
    endloop
  endfacet
  facet normal 0 0 1
    outer loop
      vertex 12.0345 0.426224 1.2
      vertex 12.8871 0.928238 1.2
      vertex 12.7868 0.924088 1.2
    endloop
  endfacet
  facet normal 0 0 1
    outer loop
      vertex 12.0888 0.513229 1.2
      vertex 12.7868 0.924088 1.2
      vertex 12.6911 0.911636 1.2
    endloop
  endfacet
  facet normal 0 0 1
    outer loop
      vertex 13.9872 -1.38173 1.2
      vertex 11.8032 -0.717163 1.2
      vertex 14.0364 -1.59929 1.2
    endloop
  endfacet
  facet normal 0 0 1
    outer loop
      vertex 12.1482 0.592072 1.2
      vertex 12.6911 0.911636 1.2
      vertex 12.5999 0.890884 1.2
    endloop
  endfacet
  facet normal 0 0 1
    outer loop
      vertex 12.1482 0.592072 1.2
      vertex 12.5999 0.890884 1.2
      vertex 12.5133 0.861832 1.2
    endloop
  endfacet
  facet normal 0 0 1
    outer loop
      vertex 12.1482 0.592072 1.2
      vertex 12.5133 0.861832 1.2
      vertex 12.4312 0.824478 1.2
    endloop
  endfacet
  facet normal 0 0 1
    outer loop
      vertex 11.8032 -3.30974 1.2
      vertex 14.0364 -1.59929 1.2
      vertex 11.8032 -0.717163 1.2
    endloop
  endfacet
  facet normal 0 0 1
    outer loop
      vertex 12.1482 0.592072 1.2
      vertex 12.4312 0.824478 1.2
      vertex 12.3536 0.778839 1.2
    endloop
  endfacet
  facet normal 0 0 1
    outer loop
      vertex 12.1482 0.592072 1.2
      vertex 12.3536 0.778839 1.2
      vertex 12.2806 0.724884 1.2
    endloop
  endfacet
  facet normal 0 0 1
    outer loop
      vertex 12.1482 0.592072 1.2
      vertex 12.2806 0.724884 1.2
      vertex 12.2121 0.662628 1.2
    endloop
  endfacet
  facet normal 0 0 1
    outer loop
      vertex 12.6911 0.911636 1.2
      vertex 12.1482 0.592072 1.2
      vertex 12.0888 0.513229 1.2
    endloop
  endfacet
  facet normal 0 0 1
    outer loop
      vertex 13.9239 -0.663452 1.2
      vertex 11.8032 -0.717163 1.2
      vertex 13.931 -0.913818 1.2
    endloop
  endfacet
  facet normal 0 0 1
    outer loop
      vertex 12.7868 0.924088 1.2
      vertex 12.0888 0.513229 1.2
      vertex 12.0345 0.426224 1.2
    endloop
  endfacet
  facet normal 0 0 1
    outer loop
      vertex 12.8871 0.928238 1.2
      vertex 12.0345 0.426224 1.2
      vertex 11.986 0.331207 1.2
    endloop
  endfacet
  facet normal 0 0 1
    outer loop
      vertex 13.9521 -0.175491 1.2
      vertex 11.986 0.331207 1.2
      vertex 11.9431 0.22818 1.2
    endloop
  endfacet
  facet normal 0 0 1
    outer loop
      vertex 13.9521 -0.175491 1.2
      vertex 11.906 0.117157 1.2
      vertex 13.931 -0.414032 1.2
    endloop
  endfacet
  facet normal -0 0 1
    outer loop
      vertex 11.8146 -0.407028 1.2
      vertex 13.931 -0.414032 1.2
      vertex 11.8289 -0.263962 1.2
    endloop
  endfacet
  facet normal -0 0 1
    outer loop
      vertex 11.8489 -0.128906 1.2
      vertex 13.931 -0.414032 1.2
      vertex 11.8746 -0.00186157 1.2
    endloop
  endfacet
  facet normal -0 0 1
    outer loop
      vertex 11.806 -0.55809 1.2
      vertex 13.9239 -0.663452 1.2
      vertex 11.8146 -0.407028 1.2
    endloop
  endfacet
  facet normal 0 0 1
    outer loop
      vertex 14.0364 -1.59929 1.2
      vertex 11.8032 -3.30974 1.2
      vertex 14.0997 -1.80591 1.2
    endloop
  endfacet
  facet normal 0 0 1
    outer loop
      vertex 14.0997 -1.80591 1.2
      vertex 11.8032 -3.30974 1.2
      vertex 14.177 -2.0016 1.2
    endloop
  endfacet
  facet normal 0 0 1
    outer loop
      vertex 14.177 -2.0016 1.2
      vertex 11.8032 -3.30974 1.2
      vertex 14.2684 -2.18636 1.2
    endloop
  endfacet
  facet normal 0 0 1
    outer loop
      vertex 14.2684 -2.18636 1.2
      vertex 11.8032 -3.30974 1.2
      vertex 14.3739 -2.36017 1.2
    endloop
  endfacet
  facet normal 0 0 1
    outer loop
      vertex 14.3739 -2.36017 1.2
      vertex 11.8032 -3.30974 1.2
      vertex 14.4934 -2.52304 1.2
    endloop
  endfacet
  facet normal 0 0 1
    outer loop
      vertex 14.4934 -2.52304 1.2
      vertex 11.8032 -3.30974 1.2
      vertex 14.627 -2.67499 1.2
    endloop
  endfacet
  facet normal 0 0 1
    outer loop
      vertex 14.627 -2.67499 1.2
      vertex 11.8032 -3.30974 1.2
      vertex 14.7729 -2.81415 1.2
    endloop
  endfacet
  facet normal 0 0 1
    outer loop
      vertex 14.7729 -2.81415 1.2
      vertex 11.8032 -3.30974 1.2
      vertex 14.9295 -2.93864 1.2
    endloop
  endfacet
  facet normal 0 0 1
    outer loop
      vertex 11.8032 -3.30974 1.2
      vertex 15.0968 -3.04851 1.2
      vertex 14.9295 -2.93864 1.2
    endloop
  endfacet
  facet normal 0 0 1
    outer loop
      vertex 11.8032 -3.30974 1.2
      vertex 15.2746 -3.14372 1.2
      vertex 15.0968 -3.04851 1.2
    endloop
  endfacet
  facet normal 0 0 1
    outer loop
      vertex 11.8032 -3.30974 1.2
      vertex 15.4632 -3.22427 1.2
      vertex 15.2746 -3.14372 1.2
    endloop
  endfacet
  facet normal 0 0 1
    outer loop
      vertex 16.3237 -3.40005 1.2
      vertex 11.8032 -3.30974 1.2
      vertex 37.8 -12 1.2
    endloop
  endfacet
  facet normal -0 0 1
    outer loop
      vertex 10.4311 -3.30974 1.2
      vertex 37.8 -12 1.2
      vertex 11.8032 -3.30974 1.2
    endloop
  endfacet
  facet normal 0 0 1
    outer loop
      vertex 9.47237 0.500763 1.2
      vertex 10.431 0.818436 1.2
      vertex 10.4306 0.901016 1.2
    endloop
  endfacet
  facet normal 0 0 1
    outer loop
      vertex 9.47237 0.500763 1.2
      vertex 10.4306 0.901016 1.2
      vertex 10.43 0.980728 1.2
    endloop
  endfacet
  facet normal 0 0 1
    outer loop
      vertex 9.47237 0.500763 1.2
      vertex 10.43 0.980728 1.2
      vertex 10.4292 1.05754 1.2
    endloop
  endfacet
  facet normal 0 0 1
    outer loop
      vertex 9.47237 0.500763 1.2
      vertex 10.4292 1.05754 1.2
      vertex 10.4281 1.13148 1.2
    endloop
  endfacet
  facet normal 0 0 1
    outer loop
      vertex 9.47237 0.500763 1.2
      vertex 10.4281 1.13148 1.2
      vertex 10.4267 1.20256 1.2
    endloop
  endfacet
  facet normal 0 0 1
    outer loop
      vertex 9.47237 0.500763 1.2
      vertex 10.4267 1.20256 1.2
      vertex 10.4251 1.27074 1.2
    endloop
  endfacet
  facet normal 0 0 1
    outer loop
      vertex 9.47237 0.500763 1.2
      vertex 10.4251 1.27074 1.2
      vertex 10.4233 1.33604 1.2
    endloop
  endfacet
  facet normal 0 0 1
    outer loop
      vertex 9.47237 0.500763 1.2
      vertex 10.4233 1.33604 1.2
      vertex 10.4212 1.39847 1.2
    endloop
  endfacet
  facet normal 0 0 1
    outer loop
      vertex 9.47237 0.500763 1.2
      vertex 10.4212 1.39847 1.2
      vertex 10.4189 1.45801 1.2
    endloop
  endfacet
  facet normal 0 0 1
    outer loop
      vertex 9.47237 0.500763 1.2
      vertex 10.4189 1.45801 1.2
      vertex 10.4164 1.51546 1.2
    endloop
  endfacet
  facet normal 0 0 1
    outer loop
      vertex 9.47237 0.500763 1.2
      vertex 10.4164 1.51546 1.2
      vertex 10.4139 1.57158 1.2
    endloop
  endfacet
  facet normal 0 0 1
    outer loop
      vertex 9.47237 0.500763 1.2
      vertex 10.4139 1.57158 1.2
      vertex 10.4114 1.62639 1.2
    endloop
  endfacet
  facet normal 0 0 1
    outer loop
      vertex 9.47237 0.500763 1.2
      vertex 10.4114 1.62639 1.2
      vertex 10.4088 1.67987 1.2
    endloop
  endfacet
  facet normal 0 0 1
    outer loop
      vertex 9.47237 0.500763 1.2
      vertex 10.4088 1.67987 1.2
      vertex 10.4061 1.73204 1.2
    endloop
  endfacet
  facet normal 0 0 1
    outer loop
      vertex 9.47237 0.500763 1.2
      vertex 10.4061 1.73204 1.2
      vertex 10.4034 1.7829 1.2
    endloop
  endfacet
  facet normal 0 0 1
    outer loop
      vertex 9.47237 0.500763 1.2
      vertex 10.4034 1.7829 1.2
      vertex 10.4007 1.83243 1.2
    endloop
  endfacet
  facet normal 0 0 1
    outer loop
      vertex 9.47237 0.500763 1.2
      vertex 10.4007 1.83243 1.2
      vertex 10.3979 1.88063 1.2
    endloop
  endfacet
  facet normal 0 0 1
    outer loop
      vertex 9.47237 0.500763 1.2
      vertex 10.3979 1.88063 1.2
      vertex 10.395 1.92752 1.2
    endloop
  endfacet
  facet normal 0 0 1
    outer loop
      vertex 9.24385 1.62704 1.2
      vertex 10.395 1.92752 1.2
      vertex 10.3921 1.9731 1.2
    endloop
  endfacet
  facet normal 0 0 1
    outer loop
      vertex 10.4311 0.732971 1.2
      vertex 9.48189 0.181229 1.2
      vertex 9.47771 -0.0289154 1.2
    endloop
  endfacet
  facet normal 0 0 1
    outer loop
      vertex 10.4311 0.732971 1.2
      vertex 9.47771 -0.0289154 1.2
      vertex 9.46518 -0.233658 1.2
    endloop
  endfacet
  facet normal 0 0 1
    outer loop
      vertex 10.4311 0.732971 1.2
      vertex 9.46518 -0.233658 1.2
      vertex 9.44431 -0.432999 1.2
    endloop
  endfacet
  facet normal 0 0 1
    outer loop
      vertex 10.4311 0.732971 1.2
      vertex 9.44431 -0.432999 1.2
      vertex 9.41508 -0.626907 1.2
    endloop
  endfacet
  facet normal 0 0 1
    outer loop
      vertex 10.4311 0.732971 1.2
      vertex 9.41508 -0.626907 1.2
      vertex 9.37752 -0.815399 1.2
    endloop
  endfacet
  facet normal 0 0 1
    outer loop
      vertex 10.4311 0.732971 1.2
      vertex 9.37752 -0.815399 1.2
      vertex 10.4311 -3.30974 1.2
    endloop
  endfacet
  facet normal -0 0 1
    outer loop
      vertex 9.3316 -0.998459 1.2
      vertex 10.4311 -3.30974 1.2
      vertex 9.37752 -0.815399 1.2
    endloop
  endfacet
  facet normal -0 0 1
    outer loop
      vertex 9.27733 -1.17612 1.2
      vertex 10.4311 -3.30974 1.2
      vertex 9.3316 -0.998459 1.2
    endloop
  endfacet
  facet normal -0 0 1
    outer loop
      vertex 9.21471 -1.34836 1.2
      vertex 10.4311 -3.30974 1.2
      vertex 9.27733 -1.17612 1.2
    endloop
  endfacet
  facet normal -0 0 1
    outer loop
      vertex 9.14374 -1.51517 1.2
      vertex 10.4311 -3.30974 1.2
      vertex 9.21471 -1.34836 1.2
    endloop
  endfacet
  facet normal -0 0 1
    outer loop
      vertex 9.06442 -1.67656 1.2
      vertex 10.4311 -3.30974 1.2
      vertex 9.14374 -1.51517 1.2
    endloop
  endfacet
  facet normal -0 0 1
    outer loop
      vertex 8.97746 -1.83151 1.2
      vertex 10.4311 -3.30974 1.2
      vertex 9.06442 -1.67656 1.2
    endloop
  endfacet
  facet normal -0 0 1
    outer loop
      vertex 8.88358 -1.97897 1.2
      vertex 10.4311 -3.30974 1.2
      vertex 8.97746 -1.83151 1.2
    endloop
  endfacet
  facet normal -0 0 1
    outer loop
      vertex 8.78275 -2.11897 1.2
      vertex 10.4311 -3.30974 1.2
      vertex 8.88358 -1.97897 1.2
    endloop
  endfacet
  facet normal -0 0 1
    outer loop
      vertex 8.67499 -2.25151 1.2
      vertex 10.4311 -3.30974 1.2
      vertex 8.78275 -2.11897 1.2
    endloop
  endfacet
  facet normal -0 0 1
    outer loop
      vertex 8.5603 -2.37657 1.2
      vertex 10.4311 -3.30974 1.2
      vertex 8.67499 -2.25151 1.2
    endloop
  endfacet
  facet normal -0 0 1
    outer loop
      vertex 8.43867 -2.49416 1.2
      vertex 10.4311 -3.30974 1.2
      vertex 8.5603 -2.37657 1.2
    endloop
  endfacet
  facet normal -0 0 1
    outer loop
      vertex 8.31012 -2.60428 1.2
      vertex 10.4311 -3.30974 1.2
      vertex 8.43867 -2.49416 1.2
    endloop
  endfacet
  facet normal -0 0 1
    outer loop
      vertex 8.17462 -2.70694 1.2
      vertex 10.4311 -3.30974 1.2
      vertex 8.31012 -2.60428 1.2
    endloop
  endfacet
  facet normal -0 0 1
    outer loop
      vertex 8.0322 -2.80212 1.2
      vertex 10.4311 -3.30974 1.2
      vertex 8.17462 -2.70694 1.2
    endloop
  endfacet
  facet normal -0 0 1
    outer loop
      vertex 7.88283 -2.88983 1.2
      vertex 10.4311 -3.30974 1.2
      vertex 8.0322 -2.80212 1.2
    endloop
  endfacet
  facet normal -0 0 1
    outer loop
      vertex 7.7278 -2.96962 1.2
      vertex 10.4311 -3.30974 1.2
      vertex 7.88283 -2.88983 1.2
    endloop
  endfacet
  facet normal -0 0 1
    outer loop
      vertex 7.56831 -3.041 1.2
      vertex 10.4311 -3.30974 1.2
      vertex 7.7278 -2.96962 1.2
    endloop
  endfacet
  facet normal -0 0 1
    outer loop
      vertex 7.40439 -3.10399 1.2
      vertex 10.4311 -3.30974 1.2
      vertex 7.56831 -3.041 1.2
    endloop
  endfacet
  facet normal -0 0 1
    outer loop
      vertex 7.23602 -3.15857 1.2
      vertex 10.4311 -3.30974 1.2
      vertex 7.40439 -3.10399 1.2
    endloop
  endfacet
  facet normal -0 0 1
    outer loop
      vertex 7.0632 -3.20477 1.2
      vertex 10.4311 -3.30974 1.2
      vertex 7.23602 -3.15857 1.2
    endloop
  endfacet
  facet normal -0 0 1
    outer loop
      vertex 6.88594 -3.24255 1.2
      vertex 10.4311 -3.30974 1.2
      vertex 7.0632 -3.20477 1.2
    endloop
  endfacet
  facet normal -0 0 1
    outer loop
      vertex 6.70424 -3.27196 1.2
      vertex 10.4311 -3.30974 1.2
      vertex 6.88594 -3.24255 1.2
    endloop
  endfacet
  facet normal -0 0 1
    outer loop
      vertex 6.51808 -3.29295 1.2
      vertex 10.4311 -3.30974 1.2
      vertex 6.70424 -3.27196 1.2
    endloop
  endfacet
  facet normal -0 0 1
    outer loop
      vertex 6.32748 -3.30554 1.2
      vertex 10.4311 -3.30974 1.2
      vertex 6.51808 -3.29295 1.2
    endloop
  endfacet
  facet normal 0 0 1
    outer loop
      vertex 10.4311 -3.30974 1.2
      vertex 6.32748 -3.30554 1.2
      vertex 37.8 -12 1.2
    endloop
  endfacet
  facet normal -0 0 1
    outer loop
      vertex 6.13245 -3.30974 1.2
      vertex 37.8 -12 1.2
      vertex 6.32748 -3.30554 1.2
    endloop
  endfacet
  facet normal 0 0 1
    outer loop
      vertex -18.0649 -9.49812 1.2
      vertex 6.13245 -3.30974 1.2
      vertex 3.34943 -3.30974 1.2
    endloop
  endfacet
  facet normal -0 0 1
    outer loop
      vertex 2.46883 -0.931946 1.2
      vertex 3.34943 -3.30974 1.2
      vertex 2.46883 -0.892914 1.2
    endloop
  endfacet
  facet normal -0 0 1
    outer loop
      vertex 2.3907 -1.97191 1.2
      vertex 3.34943 -3.30974 1.2
      vertex 2.46883 -0.931946 1.2
    endloop
  endfacet
  facet normal -0 0 1
    outer loop
      vertex 2.26683 -2.24464 1.2
      vertex 3.34943 -3.30974 1.2
      vertex 2.3907 -1.97191 1.2
    endloop
  endfacet
  facet normal -0 0 1
    outer loop
      vertex 2.11981 -2.48868 1.2
      vertex 3.34943 -3.30974 1.2
      vertex 2.26683 -2.24464 1.2
    endloop
  endfacet
  facet normal -0 0 1
    outer loop
      vertex 1.94965 -2.70399 1.2
      vertex 3.34943 -3.30974 1.2
      vertex 2.11981 -2.48868 1.2
    endloop
  endfacet
  facet normal -0 0 1
    outer loop
      vertex 1.75635 -2.89061 1.2
      vertex 3.34943 -3.30974 1.2
      vertex 1.94965 -2.70399 1.2
    endloop
  endfacet
  facet normal -0 0 1
    outer loop
      vertex 1.5399 -3.04851 1.2
      vertex 3.34943 -3.30974 1.2
      vertex 1.75635 -2.89061 1.2
    endloop
  endfacet
  facet normal -0 0 1
    outer loop
      vertex 1.30031 -3.1777 1.2
      vertex 3.34943 -3.30974 1.2
      vertex 1.5399 -3.04851 1.2
    endloop
  endfacet
  facet normal -0 0 1
    outer loop
      vertex 1.03758 -3.27818 1.2
      vertex 3.34943 -3.30974 1.2
      vertex 1.30031 -3.1777 1.2
    endloop
  endfacet
  facet normal 0 0 1
    outer loop
      vertex 0.751709 -3.34996 1.2
      vertex 3.34943 -3.30974 1.2
      vertex 1.03758 -3.27818 1.2
    endloop
  endfacet
  facet normal 0 0 1
    outer loop
      vertex 0.442688 -3.39302 1.2
      vertex 3.34943 -3.30974 1.2
      vertex 0.751709 -3.34996 1.2
    endloop
  endfacet
  facet normal 0 0 1
    outer loop
      vertex -18.0649 -9.49812 1.2
      vertex 3.34943 -3.30974 1.2
      vertex 0.442688 -3.39302 1.2
    endloop
  endfacet
  facet normal 0 0 1
    outer loop
      vertex -18.0649 -9.49812 1.2
      vertex 0.442688 -3.39302 1.2
      vertex 0.110535 -3.40738 1.2
    endloop
  endfacet
  facet normal 0 0 1
    outer loop
      vertex -17.0704 -8.79889 1.2
      vertex 0.110535 -3.40738 1.2
      vertex -0.122208 -3.40031 1.2
    endloop
  endfacet
  facet normal 0 0 1
    outer loop
      vertex -17.0704 -8.79889 1.2
      vertex -0.122208 -3.40031 1.2
      vertex -0.343918 -3.37915 1.2
    endloop
  endfacet
  facet normal -0 0 1
    outer loop
      vertex -4.79016 -3.37027 1.2
      vertex -0.343918 -3.37915 1.2
      vertex -0.554596 -3.34387 1.2
    endloop
  endfacet
  facet normal 0 0 1
    outer loop
      vertex -2.91351 -1.552 1.2
      vertex -2.35361 -0.907898 1.2
      vertex -2.36 -0.643875 1.2
    endloop
  endfacet
  facet normal 0 0 1
    outer loop
      vertex -2.91351 -1.552 1.2
      vertex -2.33441 -1.15897 1.2
      vertex -2.35361 -0.907898 1.2
    endloop
  endfacet
  facet normal 0 0 1
    outer loop
      vertex -2.91351 -1.552 1.2
      vertex -2.30244 -1.39711 1.2
      vertex -2.33441 -1.15897 1.2
    endloop
  endfacet
  facet normal -0 0 1
    outer loop
      vertex -2.91351 -1.552 1.2
      vertex -2.25768 -1.62231 1.2
      vertex -2.30244 -1.39711 1.2
    endloop
  endfacet
  facet normal 0 0 1
    outer loop
      vertex -2.93057 -1.65924 1.2
      vertex -2.25768 -1.62231 1.2
      vertex -2.91351 -1.552 1.2
    endloop
  endfacet
  facet normal 0 0 1
    outer loop
      vertex -2.95247 -1.76413 1.2
      vertex -2.25768 -1.62231 1.2
      vertex -2.93057 -1.65924 1.2
    endloop
  endfacet
  facet normal 0 0 1
    outer loop
      vertex -2.25768 -1.62231 1.2
      vertex -2.95247 -1.76413 1.2
      vertex -2.2001 -1.83459 1.2
    endloop
  endfacet
  facet normal 0 0 1
    outer loop
      vertex -2.9792 -1.86667 1.2
      vertex -2.2001 -1.83459 1.2
      vertex -2.95247 -1.76413 1.2
    endloop
  endfacet
  facet normal 0 0 1
    outer loop
      vertex -3.01076 -1.96686 1.2
      vertex -2.2001 -1.83459 1.2
      vertex -2.9792 -1.86667 1.2
    endloop
  endfacet
  facet normal 0 0 1
    outer loop
      vertex -2.2001 -1.83459 1.2
      vertex -3.01076 -1.96686 1.2
      vertex -2.12976 -2.03392 1.2
    endloop
  endfacet
  facet normal 0 0 1
    outer loop
      vertex -3.04716 -2.06471 1.2
      vertex -2.12976 -2.03392 1.2
      vertex -3.01076 -1.96686 1.2
    endloop
  endfacet
  facet normal 0 0 1
    outer loop
      vertex -3.08839 -2.16023 1.2
      vertex -2.12976 -2.03392 1.2
      vertex -3.04716 -2.06471 1.2
    endloop
  endfacet
  facet normal 0 0 1
    outer loop
      vertex -2.12976 -2.03392 1.2
      vertex -3.08839 -2.16023 1.2
      vertex -2.04662 -2.22031 1.2
    endloop
  endfacet
  facet normal 0 0 1
    outer loop
      vertex -3.13446 -2.25339 1.2
      vertex -2.04662 -2.22031 1.2
      vertex -3.08839 -2.16023 1.2
    endloop
  endfacet
  facet normal 0 0 1
    outer loop
      vertex -2.04662 -2.22031 1.2
      vertex -3.13446 -2.25339 1.2
      vertex -1.95067 -2.39375 1.2
    endloop
  endfacet
  facet normal -0 0 1
    outer loop
      vertex -3.18536 -2.34421 1.2
      vertex -1.95067 -2.39375 1.2
      vertex -3.13446 -2.25339 1.2
    endloop
  endfacet
  facet normal 0 0 1
    outer loop
      vertex -3.24109 -2.43269 1.2
      vertex -1.95067 -2.39375 1.2
      vertex -3.18536 -2.34421 1.2
    endloop
  endfacet
  facet normal 0 0 1
    outer loop
      vertex -1.95067 -2.39375 1.2
      vertex -3.24109 -2.43269 1.2
      vertex -1.84195 -2.55428 1.2
    endloop
  endfacet
  facet normal -0 0 1
    outer loop
      vertex -3.30167 -2.51883 1.2
      vertex -1.84195 -2.55428 1.2
      vertex -3.24109 -2.43269 1.2
    endloop
  endfacet
  facet normal 0 0 1
    outer loop
      vertex -3.36662 -2.60184 1.2
      vertex -1.84195 -2.55428 1.2
      vertex -3.30167 -2.51883 1.2
    endloop
  endfacet
  facet normal 0 0 1
    outer loop
      vertex -1.84195 -2.55428 1.2
      vertex -3.36662 -2.60184 1.2
      vertex -1.72043 -2.70184 1.2
    endloop
  endfacet
  facet normal -0 0 1
    outer loop
      vertex -3.43555 -2.681 1.2
      vertex -1.72043 -2.70184 1.2
      vertex -3.36662 -2.60184 1.2
    endloop
  endfacet
  facet normal 0 0 1
    outer loop
      vertex -3.50842 -2.7563 1.2
      vertex -1.72043 -2.70184 1.2
      vertex -3.43555 -2.681 1.2
    endloop
  endfacet
  facet normal 0 0 1
    outer loop
      vertex -1.72043 -2.70184 1.2
      vertex -3.50842 -2.7563 1.2
      vertex -1.58698 -2.83589 1.2
    endloop
  endfacet
  facet normal -0 0 1
    outer loop
      vertex -3.58525 -2.82776 1.2
      vertex -1.58698 -2.83589 1.2
      vertex -3.50842 -2.7563 1.2
    endloop
  endfacet
  facet normal 0 0 1
    outer loop
      vertex -3.66603 -2.89534 1.2
      vertex -1.58698 -2.83589 1.2
      vertex -3.58525 -2.82776 1.2
    endloop
  endfacet
  facet normal 0 0 1
    outer loop
      vertex -1.58698 -2.83589 1.2
      vertex -3.66603 -2.89534 1.2
      vertex -1.4425 -2.95584 1.2
    endloop
  endfacet
  facet normal 0 0 1
    outer loop
      vertex -3.75078 -2.95908 1.2
      vertex -1.4425 -2.95584 1.2
      vertex -3.66603 -2.89534 1.2
    endloop
  endfacet
  facet normal 0 0 1
    outer loop
      vertex -3.83948 -3.01897 1.2
      vertex -1.4425 -2.95584 1.2
      vertex -3.75078 -2.95908 1.2
    endloop
  endfacet
  facet normal 0 0 1
    outer loop
      vertex -1.4425 -2.95584 1.2
      vertex -3.83948 -3.01897 1.2
      vertex -1.28699 -3.06166 1.2
    endloop
  endfacet
  facet normal 0 0 1
    outer loop
      vertex -3.93213 -3.07498 1.2
      vertex -1.28699 -3.06166 1.2
      vertex -3.83948 -3.01897 1.2
    endloop
  endfacet
  facet normal 0 0 1
    outer loop
      vertex -1.28699 -3.06166 1.2
      vertex -3.93213 -3.07498 1.2
      vertex -1.12044 -3.15338 1.2
    endloop
  endfacet
  facet normal -0 0 1
    outer loop
      vertex -4.02873 -3.12715 1.2
      vertex -1.12044 -3.15338 1.2
      vertex -3.93213 -3.07498 1.2
    endloop
  endfacet
  facet normal 0 0 1
    outer loop
      vertex -4.1293 -3.17546 1.2
      vertex -1.12044 -3.15338 1.2
      vertex -4.02873 -3.12715 1.2
    endloop
  endfacet
  facet normal 0 0 1
    outer loop
      vertex -1.12044 -3.15338 1.2
      vertex -4.1293 -3.17546 1.2
      vertex -0.942856 -3.23099 1.2
    endloop
  endfacet
  facet normal -0 0 1
    outer loop
      vertex -4.23309 -3.21953 1.2
      vertex -0.942856 -3.23099 1.2
      vertex -4.1293 -3.17546 1.2
    endloop
  endfacet
  facet normal 0 0 1
    outer loop
      vertex -4.33943 -3.25896 1.2
      vertex -0.942856 -3.23099 1.2
      vertex -4.23309 -3.21953 1.2
    endloop
  endfacet
  facet normal 0 0 1
    outer loop
      vertex -0.942856 -3.23099 1.2
      vertex -4.33943 -3.25896 1.2
      vertex -0.754242 -3.29449 1.2
    endloop
  endfacet
  facet normal -0 0 1
    outer loop
      vertex -4.4483 -3.29373 1.2
      vertex -0.754242 -3.29449 1.2
      vertex -4.33943 -3.25896 1.2
    endloop
  endfacet
  facet normal 0 0 1
    outer loop
      vertex -4.55972 -3.32388 1.2
      vertex -0.754242 -3.29449 1.2
      vertex -4.4483 -3.29373 1.2
    endloop
  endfacet
  facet normal 0 0 1
    outer loop
      vertex -0.754242 -3.29449 1.2
      vertex -4.55972 -3.32388 1.2
      vertex -0.554596 -3.34387 1.2
    endloop
  endfacet
  facet normal 0 0 1
    outer loop
      vertex -4.67368 -3.3494 1.2
      vertex -0.554596 -3.34387 1.2
      vertex -4.55972 -3.32388 1.2
    endloop
  endfacet
  facet normal 0 0 1
    outer loop
      vertex -4.79016 -3.37027 1.2
      vertex -0.554596 -3.34387 1.2
      vertex -4.67368 -3.3494 1.2
    endloop
  endfacet
  facet normal 0 0 1
    outer loop
      vertex -0.343918 -3.37915 1.2
      vertex -4.79016 -3.37027 1.2
      vertex -4.90919 -3.38651 1.2
    endloop
  endfacet
  facet normal 0 0 1
    outer loop
      vertex -0.343918 -3.37915 1.2
      vertex -4.90919 -3.38651 1.2
      vertex -16.6031 -8.40984 1.2
    endloop
  endfacet
  facet normal 0 0 1
    outer loop
      vertex -16.6031 -8.40984 1.2
      vertex -4.90919 -3.38651 1.2
      vertex -5.03076 -3.3981 1.2
    endloop
  endfacet
  facet normal 0 0 1
    outer loop
      vertex -16.6031 -8.40984 1.2
      vertex -5.03076 -3.3981 1.2
      vertex -5.15488 -3.40506 1.2
    endloop
  endfacet
  facet normal 0 0 1
    outer loop
      vertex -16.1576 -7.996 1.2
      vertex -5.15488 -3.40506 1.2
      vertex -5.28152 -3.40738 1.2
    endloop
  endfacet
  facet normal 0 0 1
    outer loop
      vertex -15.7352 -7.55858 1.2
      vertex -5.28152 -3.40738 1.2
      vertex -5.51627 -3.40022 1.2
    endloop
  endfacet
  facet normal 0 0 1
    outer loop
      vertex -15.7352 -7.55858 1.2
      vertex -5.51627 -3.40022 1.2
      vertex -5.74008 -3.37877 1.2
    endloop
  endfacet
  facet normal 0 0 1
    outer loop
      vertex -15.3371 -7.09889 1.2
      vertex -5.74008 -3.37877 1.2
      vertex -5.95297 -3.343 1.2
    endloop
  endfacet
  facet normal 0 0 1
    outer loop
      vertex -7.78456 -0.441681 1.2
      vertex -8.78574 -3.30974 1.2
      vertex -7.79115 -0.697586 1.2
    endloop
  endfacet
  facet normal 0 0 1
    outer loop
      vertex -7.79115 -0.697586 1.2
      vertex -8.78574 -3.30974 1.2
      vertex -7.78461 -0.947784 1.2
    endloop
  endfacet
  facet normal 0 0 1
    outer loop
      vertex -7.78461 -0.947784 1.2
      vertex -8.78574 -3.30974 1.2
      vertex -7.76498 -1.18672 1.2
    endloop
  endfacet
  facet normal 0 0 1
    outer loop
      vertex -7.76498 -1.18672 1.2
      vertex -8.78574 -3.30974 1.2
      vertex -7.73227 -1.41437 1.2
    endloop
  endfacet
  facet normal 0 0 1
    outer loop
      vertex -8.78574 -3.30974 1.2
      vertex -7.68646 -1.63074 1.2
      vertex -7.73227 -1.41437 1.2
    endloop
  endfacet
  facet normal 0 0 1
    outer loop
      vertex -8.78574 -3.30974 1.2
      vertex -7.62758 -1.83583 1.2
      vertex -7.68646 -1.63074 1.2
    endloop
  endfacet
  facet normal 0 0 1
    outer loop
      vertex -8.78574 -3.30974 1.2
      vertex -7.55562 -2.02965 1.2
      vertex -7.62758 -1.83583 1.2
    endloop
  endfacet
  facet normal 0 0 1
    outer loop
      vertex -8.78574 -3.30974 1.2
      vertex -7.47057 -2.21219 1.2
      vertex -7.55562 -2.02965 1.2
    endloop
  endfacet
  facet normal 0 0 1
    outer loop
      vertex -8.78574 -3.30974 1.2
      vertex -7.37242 -2.38344 1.2
      vertex -7.47057 -2.21219 1.2
    endloop
  endfacet
  facet normal 0 0 1
    outer loop
      vertex -8.78574 -3.30974 1.2
      vertex -7.2612 -2.54343 1.2
      vertex -7.37242 -2.38344 1.2
    endloop
  endfacet
  facet normal 0 0 1
    outer loop
      vertex -8.78574 -3.30974 1.2
      vertex -7.13689 -2.69212 1.2
      vertex -7.2612 -2.54343 1.2
    endloop
  endfacet
  facet normal 0 0 1
    outer loop
      vertex -8.78574 -3.30974 1.2
      vertex -7.00056 -2.82802 1.2
      vertex -7.13689 -2.69212 1.2
    endloop
  endfacet
  facet normal 0 0 1
    outer loop
      vertex -8.78574 -3.30974 1.2
      vertex -6.8533 -2.94962 1.2
      vertex -7.00056 -2.82802 1.2
    endloop
  endfacet
  facet normal 0 0 1
    outer loop
      vertex -8.78574 -3.30974 1.2
      vertex -6.69511 -3.0569 1.2
      vertex -6.8533 -2.94962 1.2
    endloop
  endfacet
  facet normal 0 0 1
    outer loop
      vertex -8.78574 -3.30974 1.2
      vertex -6.52599 -3.14989 1.2
      vertex -6.69511 -3.0569 1.2
    endloop
  endfacet
  facet normal 0 0 1
    outer loop
      vertex -8.78574 -3.30974 1.2
      vertex -6.34592 -3.22856 1.2
      vertex -6.52599 -3.14989 1.2
    endloop
  endfacet
  facet normal 0 0 1
    outer loop
      vertex -8.78574 -3.30974 1.2
      vertex -6.15491 -3.29294 1.2
      vertex -6.34592 -3.22856 1.2
    endloop
  endfacet
  facet normal -0 0 1
    outer loop
      vertex -8.78574 -3.30974 1.2
      vertex -5.95297 -3.343 1.2
      vertex -6.15491 -3.29294 1.2
    endloop
  endfacet
  facet normal 0 0 1
    outer loop
      vertex -15.3371 -7.09889 1.2
      vertex -5.95297 -3.343 1.2
      vertex -8.78574 -3.30974 1.2
    endloop
  endfacet
  facet normal 0 0 1
    outer loop
      vertex -14.6187 -6.11815 1.2
      vertex -8.78574 -3.30974 1.2
      vertex -10.2261 -3.30974 1.2
    endloop
  endfacet
  facet normal -0 0 1
    outer loop
      vertex -12.8445 -0.997772 1.2
      vertex -10.2261 -3.30974 1.2
      vertex -12.8068 -0.390869 1.2
    endloop
  endfacet
  facet normal -0 0 1
    outer loop
      vertex -12.9151 -1.60175 1.2
      vertex -10.2261 -3.30974 1.2
      vertex -12.8445 -0.997772 1.2
    endloop
  endfacet
  facet normal -0 0 1
    outer loop
      vertex -13.0184 -2.20099 1.2
      vertex -10.2261 -3.30974 1.2
      vertex -12.9151 -1.60175 1.2
    endloop
  endfacet
  facet normal -0 0 1
    outer loop
      vertex -13.1541 -2.79373 1.2
      vertex -10.2261 -3.30974 1.2
      vertex -13.0184 -2.20099 1.2
    endloop
  endfacet
  facet normal 0 0 1
    outer loop
      vertex -13.3217 -3.37827 1.2
      vertex -10.2261 -3.30974 1.2
      vertex -13.1541 -2.79373 1.2
    endloop
  endfacet
  facet normal 0 0 1
    outer loop
      vertex -13.5207 -3.95282 1.2
      vertex -10.2261 -3.30974 1.2
      vertex -13.3217 -3.37827 1.2
    endloop
  endfacet
  facet normal 0 0 1
    outer loop
      vertex -13.7507 -4.51573 1.2
      vertex -10.2261 -3.30974 1.2
      vertex -13.5207 -3.95282 1.2
    endloop
  endfacet
  facet normal 0 0 1
    outer loop
      vertex -14.0109 -5.06532 1.2
      vertex -10.2261 -3.30974 1.2
      vertex -13.7507 -4.51573 1.2
    endloop
  endfacet
  facet normal 0 0 1
    outer loop
      vertex -14.3005 -5.59999 1.2
      vertex -10.2261 -3.30974 1.2
      vertex -14.0109 -5.06532 1.2
    endloop
  endfacet
  facet normal 0 0 1
    outer loop
      vertex -14.6187 -6.11815 1.2
      vertex -10.2261 -3.30974 1.2
      vertex -14.3005 -5.59999 1.2
    endloop
  endfacet
  facet normal 0 0 1
    outer loop
      vertex -8.78574 -3.30974 1.2
      vertex -14.6187 -6.11815 1.2
      vertex -14.9646 -6.61827 1.2
    endloop
  endfacet
  facet normal 0 0 1
    outer loop
      vertex -8.78574 -3.30974 1.2
      vertex -14.9646 -6.61827 1.2
      vertex -15.3371 -7.09889 1.2
    endloop
  endfacet
  facet normal 0 0 1
    outer loop
      vertex -5.74008 -3.37877 1.2
      vertex -15.3371 -7.09889 1.2
      vertex -15.7352 -7.55858 1.2
    endloop
  endfacet
  facet normal 0 0 1
    outer loop
      vertex -5.28152 -3.40738 1.2
      vertex -15.7352 -7.55858 1.2
      vertex -16.1576 -7.996 1.2
    endloop
  endfacet
  facet normal 0 0 1
    outer loop
      vertex -5.15488 -3.40506 1.2
      vertex -16.1576 -7.996 1.2
      vertex -16.6031 -8.40984 1.2
    endloop
  endfacet
  facet normal 0 0 1
    outer loop
      vertex -0.343918 -3.37915 1.2
      vertex -16.6031 -8.40984 1.2
      vertex -17.0704 -8.79889 1.2
    endloop
  endfacet
  facet normal 0 0 1
    outer loop
      vertex 0.110535 -3.40738 1.2
      vertex -17.0704 -8.79889 1.2
      vertex -17.5582 -9.16202 1.2
    endloop
  endfacet
  facet normal 0 0 1
    outer loop
      vertex 0.110535 -3.40738 1.2
      vertex -17.5582 -9.16202 1.2
      vertex -18.0649 -9.49812 1.2
    endloop
  endfacet
  facet normal 0 0 1
    outer loop
      vertex 6.13245 -3.30974 1.2
      vertex -18.0649 -9.49812 1.2
      vertex 37.8 -12 1.2
    endloop
  endfacet
  facet normal -0 0 1
    outer loop
      vertex -21.9317 -1.73552 1.2
      vertex -19.7243 -3.13185 1.2
      vertex -21.7883 -1.54865 1.2
    endloop
  endfacet
  facet normal 0 0 1
    outer loop
      vertex -19.7243 -3.13185 1.2
      vertex -21.9317 -1.73552 1.2
      vertex -19.9006 -3.3593 1.2
    endloop
  endfacet
  facet normal 0 0 1
    outer loop
      vertex -19.9006 -3.3593 1.2
      vertex -21.9317 -1.73552 1.2
      vertex -20.089 -3.57683 1.2
    endloop
  endfacet
  facet normal -0 0 1
    outer loop
      vertex -22.0908 -1.90918 1.2
      vertex -20.089 -3.57683 1.2
      vertex -21.9317 -1.73552 1.2
    endloop
  endfacet
  facet normal 0 0 1
    outer loop
      vertex -20.089 -3.57683 1.2
      vertex -22.0908 -1.90918 1.2
      vertex -20.2888 -3.78381 1.2
    endloop
  endfacet
  facet normal 0 0 1
    outer loop
      vertex -20.2888 -3.78381 1.2
      vertex -22.0908 -1.90918 1.2
      vertex -20.4997 -3.97964 1.2
    endloop
  endfacet
  facet normal -0 0 1
    outer loop
      vertex -22.2645 -2.06831 1.2
      vertex -20.4997 -3.97964 1.2
      vertex -22.0908 -1.90918 1.2
    endloop
  endfacet
  facet normal 0 0 1
    outer loop
      vertex -20.4997 -3.97964 1.2
      vertex -22.2645 -2.06831 1.2
      vertex -20.7208 -4.16376 1.2
    endloop
  endfacet
  facet normal -0 0 1
    outer loop
      vertex -22.4514 -2.2117 1.2
      vertex -20.7208 -4.16376 1.2
      vertex -22.2645 -2.06831 1.2
    endloop
  endfacet
  facet normal 0 0 1
    outer loop
      vertex -20.7208 -4.16376 1.2
      vertex -22.4514 -2.2117 1.2
      vertex -20.9516 -4.33557 1.2
    endloop
  endfacet
  facet normal 0 0 1
    outer loop
      vertex -20.9516 -4.33557 1.2
      vertex -22.4514 -2.2117 1.2
      vertex -21.1914 -4.49463 1.2
    endloop
  endfacet
  facet normal -0 0 1
    outer loop
      vertex -22.65 -2.33826 1.2
      vertex -21.1914 -4.49463 1.2
      vertex -22.4514 -2.2117 1.2
    endloop
  endfacet
  facet normal -0 0 1
    outer loop
      vertex -22.8589 -2.44702 1.2
      vertex -21.1914 -4.49463 1.2
      vertex -22.65 -2.33826 1.2
    endloop
  endfacet
  facet normal -0 0 1
    outer loop
      vertex -23.0766 -2.53716 1.2
      vertex -21.1914 -4.49463 1.2
      vertex -22.8589 -2.44702 1.2
    endloop
  endfacet
  facet normal -0 0 1
    outer loop
      vertex -23.3012 -2.60799 1.2
      vertex -21.1914 -4.49463 1.2
      vertex -23.0766 -2.53716 1.2
    endloop
  endfacet
  facet normal -0 0 1
    outer loop
      vertex -23.5312 -2.65897 1.2
      vertex -21.1914 -4.49463 1.2
      vertex -23.3012 -2.60799 1.2
    endloop
  endfacet
  facet normal -0 0 1
    outer loop
      vertex -23.7647 -2.68971 1.2
      vertex -21.1914 -4.49463 1.2
      vertex -23.5312 -2.65897 1.2
    endloop
  endfacet
  facet normal -0 0 1
    outer loop
      vertex -24 -2.7 1.2
      vertex -21.1914 -4.49463 1.2
      vertex -23.7647 -2.68971 1.2
    endloop
  endfacet
  facet normal 0 0 1
    outer loop
      vertex -21.1914 -4.49463 1.2
      vertex -24 -2.7 1.2
      vertex -26.8086 -4.49463 1.2
    endloop
  endfacet
  facet normal 0 0 1
    outer loop
      vertex -26.8086 -4.49463 1.2
      vertex -24 -2.7 1.2
      vertex -24.2353 -2.68971 1.2
    endloop
  endfacet
  facet normal 0 0 1
    outer loop
      vertex -26.8086 -4.49463 1.2
      vertex -24.2353 -2.68971 1.2
      vertex -24.4688 -2.65897 1.2
    endloop
  endfacet
  facet normal 0 0 1
    outer loop
      vertex -26.8086 -4.49463 1.2
      vertex -24.4688 -2.65897 1.2
      vertex -24.6988 -2.60799 1.2
    endloop
  endfacet
  facet normal 0 0 1
    outer loop
      vertex -26.8086 -4.49463 1.2
      vertex -24.6988 -2.60799 1.2
      vertex -24.9234 -2.53716 1.2
    endloop
  endfacet
  facet normal 0 0 1
    outer loop
      vertex -26.8086 -4.49463 1.2
      vertex -24.9234 -2.53716 1.2
      vertex -25.1411 -2.44702 1.2
    endloop
  endfacet
  facet normal 0 0 1
    outer loop
      vertex -26.8086 -4.49463 1.2
      vertex -25.1411 -2.44702 1.2
      vertex -25.35 -2.33826 1.2
    endloop
  endfacet
  facet normal 0 0 1
    outer loop
      vertex -26.8086 -4.49463 1.2
      vertex -25.35 -2.33826 1.2
      vertex -25.5486 -2.2117 1.2
    endloop
  endfacet
  facet normal 0 0 1
    outer loop
      vertex -27.0484 -4.33557 1.2
      vertex -25.5486 -2.2117 1.2
      vertex -25.7355 -2.06831 1.2
    endloop
  endfacet
  facet normal 0 0 1
    outer loop
      vertex -27.0484 -4.33557 1.2
      vertex -25.7355 -2.06831 1.2
      vertex -25.9092 -1.90918 1.2
    endloop
  endfacet
  facet normal -0 0 1
    outer loop
      vertex -29.2968 -0.184967 1.2
      vertex -26.6897 -0.235306 1.2
      vertex -26.7 0 1.2
    endloop
  endfacet
  facet normal 0 0 1
    outer loop
      vertex -27.0484 -4.33557 1.2
      vertex -26.659 -0.468842 1.2
      vertex -26.6897 -0.235306 1.2
    endloop
  endfacet
  facet normal 0 0 1
    outer loop
      vertex -27.0484 -4.33557 1.2
      vertex -26.608 -0.698807 1.2
      vertex -26.659 -0.468842 1.2
    endloop
  endfacet
  facet normal 0 0 1
    outer loop
      vertex -27.0484 -4.33557 1.2
      vertex -26.5372 -0.923447 1.2
      vertex -26.608 -0.698807 1.2
    endloop
  endfacet
  facet normal 0 0 1
    outer loop
      vertex -27.0484 -4.33557 1.2
      vertex -26.447 -1.14107 1.2
      vertex -26.5372 -0.923447 1.2
    endloop
  endfacet
  facet normal 0 0 1
    outer loop
      vertex -27.0484 -4.33557 1.2
      vertex -26.3383 -1.34999 1.2
      vertex -26.447 -1.14107 1.2
    endloop
  endfacet
  facet normal 0 0 1
    outer loop
      vertex -27.0484 -4.33557 1.2
      vertex -26.2117 -1.54865 1.2
      vertex -26.3383 -1.34999 1.2
    endloop
  endfacet
  facet normal 0 0 1
    outer loop
      vertex -27.0484 -4.33557 1.2
      vertex -26.0683 -1.73552 1.2
      vertex -26.2117 -1.54865 1.2
    endloop
  endfacet
  facet normal 0 0 1
    outer loop
      vertex -27.0484 -4.33557 1.2
      vertex -25.9092 -1.90918 1.2
      vertex -26.0683 -1.73552 1.2
    endloop
  endfacet
  facet normal 0 0 1
    outer loop
      vertex -21.1914 -4.49463 1.2
      vertex -26.8086 -4.49463 1.2
      vertex -18.0649 -9.49812 1.2
    endloop
  endfacet
  facet normal 0 0 1
    outer loop
      vertex -29.9351 -9.49812 1.2
      vertex -18.0649 -9.49812 1.2
      vertex -26.8086 -4.49463 1.2
    endloop
  endfacet
  facet normal 0 0 1
    outer loop
      vertex -37.8 -12 1.2
      vertex -18.0649 -9.49812 1.2
      vertex -29.9351 -9.49812 1.2
    endloop
  endfacet
  facet normal 0 0 1
    outer loop
      vertex -29.2581 9.88901 1.2
      vertex -39 10.8 1.2
      vertex -35.1932 -0.390869 1.2
    endloop
  endfacet
  facet normal 0 0 1
    outer loop
      vertex -39 -10.8 1.2
      vertex -35.1932 -0.390869 1.2
      vertex -39 10.8 1.2
    endloop
  endfacet
  facet normal 0 0 1
    outer loop
      vertex -35.1932 -0.390869 1.2
      vertex -39 -10.8 1.2
      vertex -35.1555 -0.997772 1.2
    endloop
  endfacet
  facet normal 0 0 1
    outer loop
      vertex -18.0649 -9.49812 1.2
      vertex -37.8 -12 1.2
      vertex 37.8 -12 1.2
    endloop
  endfacet
  facet normal 0 0 1
    outer loop
      vertex -30.4418 -9.16202 1.2
      vertex -37.8 -12 1.2
      vertex -29.9351 -9.49812 1.2
    endloop
  endfacet
  facet normal 0 0 1
    outer loop
      vertex -30.9296 -8.79889 1.2
      vertex -37.8 -12 1.2
      vertex -30.4418 -9.16202 1.2
    endloop
  endfacet
  facet normal 0 0 1
    outer loop
      vertex -31.3969 -8.40984 1.2
      vertex -37.8 -12 1.2
      vertex -30.9296 -8.79889 1.2
    endloop
  endfacet
  facet normal 0 0 1
    outer loop
      vertex -31.8424 -7.996 1.2
      vertex -37.8 -12 1.2
      vertex -31.3969 -8.40984 1.2
    endloop
  endfacet
  facet normal 0 0 1
    outer loop
      vertex -32.2648 -7.55858 1.2
      vertex -37.8 -12 1.2
      vertex -31.8424 -7.996 1.2
    endloop
  endfacet
  facet normal 0 0 1
    outer loop
      vertex -32.6629 -7.09889 1.2
      vertex -37.8 -12 1.2
      vertex -32.2648 -7.55858 1.2
    endloop
  endfacet
  facet normal 0 0 1
    outer loop
      vertex -33.0354 -6.61827 1.2
      vertex -37.8 -12 1.2
      vertex -32.6629 -7.09889 1.2
    endloop
  endfacet
  facet normal 0 0 1
    outer loop
      vertex -39 -10.8 1.2
      vertex -33.0354 -6.61827 1.2
      vertex -33.3813 -6.11815 1.2
    endloop
  endfacet
  facet normal 0 0 1
    outer loop
      vertex -39 -10.8 1.2
      vertex -33.3813 -6.11815 1.2
      vertex -33.6995 -5.59999 1.2
    endloop
  endfacet
  facet normal 0 0 1
    outer loop
      vertex -39 -10.8 1.2
      vertex -33.6995 -5.59999 1.2
      vertex -33.9891 -5.06532 1.2
    endloop
  endfacet
  facet normal 0 0 1
    outer loop
      vertex -39 -10.8 1.2
      vertex -33.9891 -5.06532 1.2
      vertex -34.2493 -4.51573 1.2
    endloop
  endfacet
  facet normal 0 0 1
    outer loop
      vertex -39 -10.8 1.2
      vertex -34.2493 -4.51573 1.2
      vertex -34.4793 -3.95282 1.2
    endloop
  endfacet
  facet normal 0 0 1
    outer loop
      vertex -39 -10.8 1.2
      vertex -34.4793 -3.95282 1.2
      vertex -34.6783 -3.37827 1.2
    endloop
  endfacet
  facet normal 0 0 1
    outer loop
      vertex -39 -10.8 1.2
      vertex -34.6783 -3.37827 1.2
      vertex -34.8459 -2.79373 1.2
    endloop
  endfacet
  facet normal 0 0 1
    outer loop
      vertex -39 -10.8 1.2
      vertex -34.8459 -2.79373 1.2
      vertex -34.9816 -2.20099 1.2
    endloop
  endfacet
  facet normal 0 0 1
    outer loop
      vertex -35.1555 -0.997772 1.2
      vertex -39 -10.8 1.2
      vertex -35.0849 -1.60175 1.2
    endloop
  endfacet
  facet normal 0 0 1
    outer loop
      vertex -39 10.8 1.2
      vertex -37.8 12 1.2
      vertex -37.9046 11.9954 1.2
    endloop
  endfacet
  facet normal 0 0 1
    outer loop
      vertex -35.0849 -1.60175 1.2
      vertex -39 -10.8 1.2
      vertex -34.9816 -2.20099 1.2
    endloop
  endfacet
  facet normal 0 0 1
    outer loop
      vertex -39 10.8 1.2
      vertex -37.9046 11.9954 1.2
      vertex -38.0084 11.9818 1.2
    endloop
  endfacet
  facet normal 0 0 1
    outer loop
      vertex -33.0354 -6.61827 1.2
      vertex -39 -10.8 1.2
      vertex -37.8 -12 1.2
    endloop
  endfacet
  facet normal 0 0 1
    outer loop
      vertex -39 10.8 1.2
      vertex -38.0084 11.9818 1.2
      vertex -38.1106 11.9591 1.2
    endloop
  endfacet
  facet normal 0 0 1
    outer loop
      vertex -37.8 -12 1.2
      vertex -39 -10.8 1.2
      vertex -37.9046 -11.9954 1.2
    endloop
  endfacet
  facet normal 0 0 1
    outer loop
      vertex -39 10.8 1.2
      vertex -38.1106 11.9591 1.2
      vertex -38.2104 11.9276 1.2
    endloop
  endfacet
  facet normal 0 0 1
    outer loop
      vertex -37.9046 -11.9954 1.2
      vertex -39 -10.8 1.2
      vertex -38.0084 -11.9818 1.2
    endloop
  endfacet
  facet normal 0 0 1
    outer loop
      vertex -39 10.8 1.2
      vertex -38.2104 11.9276 1.2
      vertex -38.3071 11.8876 1.2
    endloop
  endfacet
  facet normal 0 0 1
    outer loop
      vertex -38.0084 -11.9818 1.2
      vertex -39 -10.8 1.2
      vertex -38.1106 -11.9591 1.2
    endloop
  endfacet
  facet normal 0 0 1
    outer loop
      vertex -39 10.8 1.2
      vertex -38.3071 11.8876 1.2
      vertex -38.4 11.8392 1.2
    endloop
  endfacet
  facet normal 0 0 1
    outer loop
      vertex -38.1106 -11.9591 1.2
      vertex -39 -10.8 1.2
      vertex -38.2104 -11.9276 1.2
    endloop
  endfacet
  facet normal 0 0 1
    outer loop
      vertex -39 10.8 1.2
      vertex -38.4 11.8392 1.2
      vertex -38.4883 11.783 1.2
    endloop
  endfacet
  facet normal 0 0 1
    outer loop
      vertex -38.2104 -11.9276 1.2
      vertex -39 -10.8 1.2
      vertex -38.3071 -11.8876 1.2
    endloop
  endfacet
  facet normal 0 0 1
    outer loop
      vertex -39 10.8 1.2
      vertex -38.4883 11.783 1.2
      vertex -38.5713 11.7192 1.2
    endloop
  endfacet
  facet normal 0 0 1
    outer loop
      vertex -38.3071 -11.8876 1.2
      vertex -39 -10.8 1.2
      vertex -38.4 -11.8392 1.2
    endloop
  endfacet
  facet normal 0 0 1
    outer loop
      vertex -39 10.8 1.2
      vertex -38.5713 11.7192 1.2
      vertex -38.6485 11.6485 1.2
    endloop
  endfacet
  facet normal 0 0 1
    outer loop
      vertex -38.4 -11.8392 1.2
      vertex -39 -10.8 1.2
      vertex -38.4883 -11.783 1.2
    endloop
  endfacet
  facet normal 0 0 1
    outer loop
      vertex -39 10.8 1.2
      vertex -38.6485 11.6485 1.2
      vertex -38.7192 11.5713 1.2
    endloop
  endfacet
  facet normal 0 0 1
    outer loop
      vertex -38.4883 -11.783 1.2
      vertex -39 -10.8 1.2
      vertex -38.5713 -11.7192 1.2
    endloop
  endfacet
  facet normal 0 0 1
    outer loop
      vertex -39 10.8 1.2
      vertex -38.7192 11.5713 1.2
      vertex -38.783 11.4883 1.2
    endloop
  endfacet
  facet normal 0 0 1
    outer loop
      vertex -38.5713 -11.7192 1.2
      vertex -39 -10.8 1.2
      vertex -38.6485 -11.6485 1.2
    endloop
  endfacet
  facet normal 0 0 1
    outer loop
      vertex -39 10.8 1.2
      vertex -38.783 11.4883 1.2
      vertex -38.8392 11.4 1.2
    endloop
  endfacet
  facet normal 0 0 1
    outer loop
      vertex -38.6485 -11.6485 1.2
      vertex -39 -10.8 1.2
      vertex -38.7192 -11.5713 1.2
    endloop
  endfacet
  facet normal 0 0 1
    outer loop
      vertex -39 10.8 1.2
      vertex -38.8392 11.4 1.2
      vertex -38.8876 11.3071 1.2
    endloop
  endfacet
  facet normal 0 0 1
    outer loop
      vertex -38.7192 -11.5713 1.2
      vertex -39 -10.8 1.2
      vertex -38.783 -11.4883 1.2
    endloop
  endfacet
  facet normal 0 0 1
    outer loop
      vertex -39 10.8 1.2
      vertex -38.8876 11.3071 1.2
      vertex -38.9276 11.2104 1.2
    endloop
  endfacet
  facet normal 0 0 1
    outer loop
      vertex -38.783 -11.4883 1.2
      vertex -39 -10.8 1.2
      vertex -38.8392 -11.4 1.2
    endloop
  endfacet
  facet normal 0 0 1
    outer loop
      vertex -39 10.8 1.2
      vertex -38.9276 11.2104 1.2
      vertex -38.9591 11.1106 1.2
    endloop
  endfacet
  facet normal 0 0 1
    outer loop
      vertex -38.8392 -11.4 1.2
      vertex -39 -10.8 1.2
      vertex -38.8876 -11.3071 1.2
    endloop
  endfacet
  facet normal 0 0 1
    outer loop
      vertex -39 10.8 1.2
      vertex -38.9591 11.1106 1.2
      vertex -38.9818 11.0084 1.2
    endloop
  endfacet
  facet normal 0 0 1
    outer loop
      vertex -38.8876 -11.3071 1.2
      vertex -39 -10.8 1.2
      vertex -38.9276 -11.2104 1.2
    endloop
  endfacet
  facet normal 0 0 1
    outer loop
      vertex -39 10.8 1.2
      vertex -38.9818 11.0084 1.2
      vertex -38.9954 10.9046 1.2
    endloop
  endfacet
  facet normal 0 0 1
    outer loop
      vertex -38.9276 -11.2104 1.2
      vertex -39 -10.8 1.2
      vertex -38.9591 -11.1106 1.2
    endloop
  endfacet
  facet normal 0 0 1
    outer loop
      vertex -38.9591 -11.1106 1.2
      vertex -39 -10.8 1.2
      vertex -38.9818 -11.0084 1.2
    endloop
  endfacet
  facet normal 0 0 1
    outer loop
      vertex -38.9818 -11.0084 1.2
      vertex -39 -10.8 1.2
      vertex -38.9954 -10.9046 1.2
    endloop
  endfacet
  facet normal 0 0 1
    outer loop
      vertex -0.904526 0.0457458 1.2
      vertex 1.13066 0.0520782 1.2
      vertex 1.11597 0.17041 1.2
    endloop
  endfacet
  facet normal 0 0 1
    outer loop
      vertex -0.89418 0.158768 1.2
      vertex 1.11597 0.17041 1.2
      vertex 1.09668 0.282333 1.2
    endloop
  endfacet
  facet normal 0 0 1
    outer loop
      vertex -0.878922 0.266418 1.2
      vertex 1.09668 0.282333 1.2
      vertex 1.07278 0.387863 1.2
    endloop
  endfacet
  facet normal 0 0 1
    outer loop
      vertex -0.858734 0.368698 1.2
      vertex 1.07278 0.387863 1.2
      vertex 1.04433 0.487 1.2
    endloop
  endfacet
  facet normal 0 0 1
    outer loop
      vertex -0.833603 0.465622 1.2
      vertex 1.04433 0.487 1.2
      vertex 1.01126 0.579742 1.2
    endloop
  endfacet
  facet normal 0 0 1
    outer loop
      vertex -0.803543 0.557159 1.2
      vertex 1.01126 0.579742 1.2
      vertex 0.973618 0.666092 1.2
    endloop
  endfacet
  facet normal 0 0 1
    outer loop
      vertex 0.110535 1.20659 1.2
      vertex 0.973618 0.666092 1.2
      vertex 0.931366 0.746048 1.2
    endloop
  endfacet
  facet normal 0 0 1
    outer loop
      vertex 0.199493 1.20338 1.2
      vertex 0.931366 0.746048 1.2
      vertex 0.884537 0.819595 1.2
    endloop
  endfacet
  facet normal 0 0 1
    outer loop
      vertex 0.199493 1.20338 1.2
      vertex 0.884537 0.819595 1.2
      vertex 0.83313 0.886765 1.2
    endloop
  endfacet
  facet normal 0 0 1
    outer loop
      vertex 0.284744 1.19379 1.2
      vertex 0.83313 0.886765 1.2
      vertex 0.777573 0.947525 1.2
    endloop
  endfacet
  facet normal 0 0 1
    outer loop
      vertex 0.284744 1.19379 1.2
      vertex 0.777573 0.947525 1.2
      vertex 0.718307 1.00189 1.2
    endloop
  endfacet
  facet normal 0 0 1
    outer loop
      vertex 0.366287 1.1778 1.2
      vertex 0.718307 1.00189 1.2
      vertex 0.655334 1.04987 1.2
    endloop
  endfacet
  facet normal 0 0 1
    outer loop
      vertex 0.366287 1.1778 1.2
      vertex 0.655334 1.04987 1.2
      vertex 0.588638 1.09145 1.2
    endloop
  endfacet
  facet normal 0 0 1
    outer loop
      vertex 0.444122 1.15541 1.2
      vertex 0.588638 1.09145 1.2
      vertex 0.518234 1.12663 1.2
    endloop
  endfacet
  facet normal 0 0 1
    outer loop
      vertex 0.366287 1.1778 1.2
      vertex 0.588638 1.09145 1.2
      vertex 0.444122 1.15541 1.2
    endloop
  endfacet
  facet normal 0 0 1
    outer loop
      vertex 0.718307 1.00189 1.2
      vertex 0.366287 1.1778 1.2
      vertex 0.284744 1.19379 1.2
    endloop
  endfacet
  facet normal 0 0 1
    outer loop
      vertex 0.83313 0.886765 1.2
      vertex 0.284744 1.19379 1.2
      vertex 0.199493 1.20338 1.2
    endloop
  endfacet
  facet normal 0 0 1
    outer loop
      vertex 0.931366 0.746048 1.2
      vertex 0.199493 1.20338 1.2
      vertex 0.110535 1.20659 1.2
    endloop
  endfacet
  facet normal 0 0 1
    outer loop
      vertex 0.973618 0.666092 1.2
      vertex 0.110535 1.20659 1.2
      vertex -0.803543 0.557159 1.2
    endloop
  endfacet
  facet normal 0 0 1
    outer loop
      vertex -0.768555 0.643326 1.2
      vertex 0.110535 1.20659 1.2
      vertex 0.0160828 1.20322 1.2
    endloop
  endfacet
  facet normal 0 0 1
    outer loop
      vertex -0.728638 0.724136 1.2
      vertex 0.0160828 1.20322 1.2
      vertex -0.0739136 1.19312 1.2
    endloop
  endfacet
  facet normal 0 0 1
    outer loop
      vertex -0.683792 0.799561 1.2
      vertex -0.0739136 1.19312 1.2
      vertex -0.15947 1.17625 1.2
    endloop
  endfacet
  facet normal 0 0 1
    outer loop
      vertex -0.634018 0.869629 1.2
      vertex -0.15947 1.17625 1.2
      vertex -0.240601 1.15268 1.2
    endloop
  endfacet
  facet normal 0 0 1
    outer loop
      vertex -0.634018 0.869629 1.2
      vertex -0.240601 1.15268 1.2
      vertex -0.317276 1.12234 1.2
    endloop
  endfacet
  facet normal 0 0 1
    outer loop
      vertex -0.634018 0.869629 1.2
      vertex -0.317276 1.12234 1.2
      vertex -0.389511 1.08528 1.2
    endloop
  endfacet
  facet normal 0 0 1
    outer loop
      vertex -0.634018 0.869629 1.2
      vertex -0.389511 1.08528 1.2
      vertex -0.457291 1.04147 1.2
    endloop
  endfacet
  facet normal 0 0 1
    outer loop
      vertex -0.634018 0.869629 1.2
      vertex -0.457291 1.04147 1.2
      vertex -0.520645 0.990936 1.2
    endloop
  endfacet
  facet normal 0 0 1
    outer loop
      vertex -0.634018 0.869629 1.2
      vertex -0.520645 0.990936 1.2
      vertex -0.579559 0.933655 1.2
    endloop
  endfacet
  facet normal 0 0 1
    outer loop
      vertex -0.15947 1.17625 1.2
      vertex -0.634018 0.869629 1.2
      vertex -0.683792 0.799561 1.2
    endloop
  endfacet
  facet normal 0 0 1
    outer loop
      vertex -0.0739136 1.19312 1.2
      vertex -0.683792 0.799561 1.2
      vertex -0.728638 0.724136 1.2
    endloop
  endfacet
  facet normal 0 0 1
    outer loop
      vertex 0.0160828 1.20322 1.2
      vertex -0.728638 0.724136 1.2
      vertex -0.768555 0.643326 1.2
    endloop
  endfacet
  facet normal 0 0 1
    outer loop
      vertex 0.110535 1.20659 1.2
      vertex -0.768555 0.643326 1.2
      vertex -0.803543 0.557159 1.2
    endloop
  endfacet
  facet normal 0 0 1
    outer loop
      vertex 1.01126 0.579742 1.2
      vertex -0.803543 0.557159 1.2
      vertex -0.833603 0.465622 1.2
    endloop
  endfacet
  facet normal 0 0 1
    outer loop
      vertex 1.04433 0.487 1.2
      vertex -0.833603 0.465622 1.2
      vertex -0.858734 0.368698 1.2
    endloop
  endfacet
  facet normal 0 0 1
    outer loop
      vertex 1.07278 0.387863 1.2
      vertex -0.858734 0.368698 1.2
      vertex -0.878922 0.266418 1.2
    endloop
  endfacet
  facet normal 0 0 1
    outer loop
      vertex 1.09668 0.282333 1.2
      vertex -0.878922 0.266418 1.2
      vertex -0.89418 0.158768 1.2
    endloop
  endfacet
  facet normal 0 0 1
    outer loop
      vertex 1.11597 0.17041 1.2
      vertex -0.89418 0.158768 1.2
      vertex -0.904526 0.0457458 1.2
    endloop
  endfacet
  facet normal 0 0 1
    outer loop
      vertex -0.909927 -0.0726166 1.2
      vertex 1.13066 0.0520782 1.2
      vertex -0.904526 0.0457458 1.2
    endloop
  endfacet
  facet normal 0 0 1
    outer loop
      vertex 1.13066 0.0520782 1.2
      vertex -0.909927 -0.0726166 1.2
      vertex 1.14078 -0.0726166 1.2
    endloop
  endfacet
  facet normal 0 0 1
    outer loop
      vertex 5.81024 2.45651 1.2
      vertex 8.0318 0.181229 1.2
      vertex 8.02605 0.397644 1.2
    endloop
  endfacet
  facet normal 0 0 1
    outer loop
      vertex 8.0318 0.181229 1.2
      vertex 5.81024 2.45651 1.2
      vertex 8.02634 -0.0338745 1.2
    endloop
  endfacet
  facet normal 0 0 1
    outer loop
      vertex 6.01917 2.45067 1.2
      vertex 8.02605 0.397644 1.2
      vertex 8.00876 0.603561 1.2
    endloop
  endfacet
  facet normal 0 -0 1
    outer loop
      vertex 6.01041 -2.19655 1.2
      vertex 8.02634 -0.0338745 1.2
      vertex 5.81024 2.45651 1.2
    endloop
  endfacet
  facet normal 0 0 1
    outer loop
      vertex 6.21823 2.43317 1.2
      vertex 8.00876 0.603561 1.2
      vertex 7.97995 0.798981 1.2
    endloop
  endfacet
  facet normal 0 0 1
    outer loop
      vertex 8.02634 -0.0338745 1.2
      vertex 6.01041 -2.19655 1.2
      vertex 8.00993 -0.239822 1.2
    endloop
  endfacet
  facet normal 0 0 1
    outer loop
      vertex 6.40742 2.40399 1.2
      vertex 7.97995 0.798981 1.2
      vertex 7.93962 0.983902 1.2
    endloop
  endfacet
  facet normal 0 0 1
    outer loop
      vertex 8.00993 -0.239822 1.2
      vertex 6.01041 -2.19655 1.2
      vertex 7.98259 -0.4366 1.2
    endloop
  endfacet
  facet normal 0 0 1
    outer loop
      vertex 6.58676 2.36314 1.2
      vertex 7.93962 0.983902 1.2
      vertex 7.88777 1.15833 1.2
    endloop
  endfacet
  facet normal 0 0 1
    outer loop
      vertex 7.98259 -0.4366 1.2
      vertex 6.01041 -2.19655 1.2
      vertex 7.94431 -0.624176 1.2
    endloop
  endfacet
  facet normal 0 0 1
    outer loop
      vertex 6.58676 2.36314 1.2
      vertex 7.88777 1.15833 1.2
      vertex 7.82439 1.32227 1.2
    endloop
  endfacet
  facet normal 0 0 1
    outer loop
      vertex 8.02605 0.397644 1.2
      vertex 6.01917 2.45067 1.2
      vertex 5.81024 2.45651 1.2
    endloop
  endfacet
  facet normal 0 0 1
    outer loop
      vertex 6.58676 2.36314 1.2
      vertex 7.82439 1.32227 1.2
      vertex 7.7495 1.47569 1.2
    endloop
  endfacet
  facet normal 0 0 1
    outer loop
      vertex 7.94431 -0.624176 1.2
      vertex 6.01041 -2.19655 1.2
      vertex 7.8951 -0.802597 1.2
    endloop
  endfacet
  facet normal 0 0 1
    outer loop
      vertex 6.58676 2.36314 1.2
      vertex 7.7495 1.47569 1.2
      vertex 7.66307 1.61864 1.2
    endloop
  endfacet
  facet normal 0 0 1
    outer loop
      vertex 7.8951 -0.802597 1.2
      vertex 6.01041 -2.19655 1.2
      vertex 7.83495 -0.971832 1.2
    endloop
  endfacet
  facet normal 0 0 1
    outer loop
      vertex 6.58676 2.36314 1.2
      vertex 7.66307 1.61864 1.2
      vertex 7.56512 1.75107 1.2
    endloop
  endfacet
  facet normal 0 0 1
    outer loop
      vertex 8.00876 0.603561 1.2
      vertex 6.21823 2.43317 1.2
      vertex 6.01917 2.45067 1.2
    endloop
  endfacet
  facet normal 0 0 1
    outer loop
      vertex 6.58676 2.36314 1.2
      vertex 7.56512 1.75107 1.2
      vertex 7.45566 1.87302 1.2
    endloop
  endfacet
  facet normal 0 0 1
    outer loop
      vertex 7.83495 -0.971832 1.2
      vertex 6.01041 -2.19655 1.2
      vertex 7.76385 -1.13188 1.2
    endloop
  endfacet
  facet normal 0 0 1
    outer loop
      vertex 6.58676 2.36314 1.2
      vertex 7.45566 1.87302 1.2
      vertex 7.33549 1.98389 1.2
    endloop
  endfacet
  facet normal 0 0 1
    outer loop
      vertex 7.97995 0.798981 1.2
      vertex 6.40742 2.40399 1.2
      vertex 6.21823 2.43317 1.2
    endloop
  endfacet
  facet normal 0 0 1
    outer loop
      vertex 6.58676 2.36314 1.2
      vertex 7.33549 1.98389 1.2
      vertex 7.20547 2.08307 1.2
    endloop
  endfacet
  facet normal 0 0 1
    outer loop
      vertex 7.76385 -1.13188 1.2
      vertex 6.19214 -2.19016 1.2
      vertex 7.68182 -1.28276 1.2
    endloop
  endfacet
  facet normal 0 0 1
    outer loop
      vertex 6.58676 2.36314 1.2
      vertex 7.20547 2.08307 1.2
      vertex 7.0656 2.17059 1.2
    endloop
  endfacet
  facet normal 0 0 1
    outer loop
      vertex 7.93962 0.983902 1.2
      vertex 6.58676 2.36314 1.2
      vertex 6.40742 2.40399 1.2
    endloop
  endfacet
  facet normal 0 0 1
    outer loop
      vertex 6.75623 2.31064 1.2
      vertex 7.0656 2.17059 1.2
      vertex 6.91585 2.24644 1.2
    endloop
  endfacet
  facet normal 0 0 1
    outer loop
      vertex 6.58676 2.36314 1.2
      vertex 7.0656 2.17059 1.2
      vertex 6.75623 2.31064 1.2
    endloop
  endfacet
  facet normal 0 -0 1
    outer loop
      vertex 6.36626 -2.17097 1.2
      vertex 7.58887 -1.42445 1.2
      vertex 6.19214 -2.19016 1.2
    endloop
  endfacet
  facet normal 0 0 1
    outer loop
      vertex 7.37178 -1.6785 1.2
      vertex 6.36626 -2.17097 1.2
      vertex 7.25099 -1.78722 1.2
    endloop
  endfacet
  facet normal 0 0 1
    outer loop
      vertex 7.25099 -1.78722 1.2
      vertex 6.36626 -2.17097 1.2
      vertex 7.12257 -1.88316 1.2
    endloop
  endfacet
  facet normal 0 0 1
    outer loop
      vertex 6.98656 -1.96631 1.2
      vertex 6.36626 -2.17097 1.2
      vertex 6.8429 -2.03665 1.2
    endloop
  endfacet
  facet normal 0 0 1
    outer loop
      vertex 7.48497 -1.55698 1.2
      vertex 6.36626 -2.17097 1.2
      vertex 7.37178 -1.6785 1.2
    endloop
  endfacet
  facet normal 0 0 1
    outer loop
      vertex 6.69164 -2.09422 1.2
      vertex 6.36626 -2.17097 1.2
      vertex 6.53276 -2.13899 1.2
    endloop
  endfacet
  facet normal 0 0 1
    outer loop
      vertex 7.58887 -1.42445 1.2
      vertex 6.36626 -2.17097 1.2
      vertex 7.48497 -1.55698 1.2
    endloop
  endfacet
  facet normal 0 0 1
    outer loop
      vertex 6.8429 -2.03665 1.2
      vertex 6.36626 -2.17097 1.2
      vertex 6.69164 -2.09422 1.2
    endloop
  endfacet
  facet normal 0 0 1
    outer loop
      vertex 7.68182 -1.28276 1.2
      vertex 6.19214 -2.19016 1.2
      vertex 7.58887 -1.42445 1.2
    endloop
  endfacet
  facet normal 0 0 1
    outer loop
      vertex 7.12257 -1.88316 1.2
      vertex 6.36626 -2.17097 1.2
      vertex 6.98656 -1.96631 1.2
    endloop
  endfacet
  facet normal 0 -0 1
    outer loop
      vertex 6.19214 -2.19016 1.2
      vertex 7.76385 -1.13188 1.2
      vertex 6.01041 -2.19655 1.2
    endloop
  endfacet
  facet normal 0 0 1
    outer loop
      vertex 4.78978 -2.19655 1.2
      vertex 5.81024 2.45651 1.2
      vertex 4.78978 2.45651 1.2
    endloop
  endfacet
  facet normal 0 0 1
    outer loop
      vertex 5.81024 2.45651 1.2
      vertex 4.78978 -2.19655 1.2
      vertex 6.01041 -2.19655 1.2
    endloop
  endfacet
  facet normal -0 0 1
    outer loop
      vertex 15.3768 -0.322983 1.2
      vertex 17.8122 -0.480164 1.2
      vertex 17.803 -0.30722 1.2
    endloop
  endfacet
  facet normal 0 0 1
    outer loop
      vertex 17.8122 -0.480164 1.2
      vertex 15.3643 -0.663452 1.2
      vertex 17.8153 -0.663452 1.2
    endloop
  endfacet
  facet normal 0 0 1
    outer loop
      vertex 15.3768 -0.322983 1.2
      vertex 17.803 -0.30722 1.2
      vertex 17.7876 -0.144638 1.2
    endloop
  endfacet
  facet normal -0 0 1
    outer loop
      vertex 15.4143 -0.0183563 1.2
      vertex 17.7876 -0.144638 1.2
      vertex 17.7661 0.00759888 1.2
    endloop
  endfacet
  facet normal 0 -0 1
    outer loop
      vertex 15.3673 -0.835983 1.2
      vertex 17.8153 -0.663452 1.2
      vertex 15.3643 -0.663452 1.2
    endloop
  endfacet
  facet normal 0 0 1
    outer loop
      vertex 15.4143 -0.0183563 1.2
      vertex 17.7661 0.00759888 1.2
      vertex 17.7384 0.149475 1.2
    endloop
  endfacet
  facet normal -0 0 1
    outer loop
      vertex 15.4768 0.250412 1.2
      vertex 17.7384 0.149475 1.2
      vertex 17.7046 0.281021 1.2
    endloop
  endfacet
  facet normal 0 0 1
    outer loop
      vertex 17.8153 -0.663452 1.2
      vertex 15.3673 -0.835983 1.2
      vertex 17.8027 -1.00668 1.2
    endloop
  endfacet
  facet normal 0 0 1
    outer loop
      vertex 15.5643 0.483368 1.2
      vertex 17.7046 0.281021 1.2
      vertex 17.6646 0.402206 1.2
    endloop
  endfacet
  facet normal 0 0 1
    outer loop
      vertex 16.6142 1.12846 1.2
      vertex 17.6646 0.402206 1.2
      vertex 17.6184 0.513046 1.2
    endloop
  endfacet
  facet normal -0 -0 1
    outer loop
      vertex 15.3765 -1.00005 1.2
      vertex 17.8027 -1.00668 1.2
      vertex 15.3673 -0.835983 1.2
    endloop
  endfacet
  facet normal 0 0 1
    outer loop
      vertex 16.7286 1.12422 1.2
      vertex 17.6184 0.513046 1.2
      vertex 17.5661 0.613525 1.2
    endloop
  endfacet
  facet normal 0 0 1
    outer loop
      vertex 16.8374 1.11148 1.2
      vertex 17.5661 0.613525 1.2
      vertex 17.5077 0.703659 1.2
    endloop
  endfacet
  facet normal 0 -0 1
    outer loop
      vertex 15.3918 -1.15569 1.2
      vertex 17.8027 -1.00668 1.2
      vertex 15.3765 -1.00005 1.2
    endloop
  endfacet
  facet normal 0 0 1
    outer loop
      vertex 16.8374 1.11148 1.2
      vertex 17.5077 0.703659 1.2
      vertex 17.4434 0.784378 1.2
    endloop
  endfacet
  facet normal 0 0 1
    outer loop
      vertex 16.9407 1.09024 1.2
      vertex 17.4434 0.784378 1.2
      vertex 17.3735 0.856598 1.2
    endloop
  endfacet
  facet normal 0 0 1
    outer loop
      vertex 17.8027 -1.00668 1.2
      vertex 15.3918 -1.15569 1.2
      vertex 17.7647 -1.31378 1.2
    endloop
  endfacet
  facet normal 0 0 1
    outer loop
      vertex 16.9407 1.09024 1.2
      vertex 17.3735 0.856598 1.2
      vertex 17.2981 0.920319 1.2
    endloop
  endfacet
  facet normal 0 0 1
    outer loop
      vertex 16.9407 1.09024 1.2
      vertex 17.2981 0.920319 1.2
      vertex 17.2171 0.97554 1.2
    endloop
  endfacet
  facet normal -0 -0 1
    outer loop
      vertex 15.4131 -1.30286 1.2
      vertex 17.7647 -1.31378 1.2
      vertex 15.3918 -1.15569 1.2
    endloop
  endfacet
  facet normal 0 0 1
    outer loop
      vertex 16.9407 1.09024 1.2
      vertex 17.2171 0.97554 1.2
      vertex 17.1305 1.02226 1.2
    endloop
  endfacet
  facet normal 0 0 1
    outer loop
      vertex 16.9407 1.09024 1.2
      vertex 17.1305 1.02226 1.2
      vertex 17.0384 1.0605 1.2
    endloop
  endfacet
  facet normal 0 -0 1
    outer loop
      vertex 15.4406 -1.44159 1.2
      vertex 17.7647 -1.31378 1.2
      vertex 15.4131 -1.30286 1.2
    endloop
  endfacet
  facet normal 0 0 1
    outer loop
      vertex 17.4434 0.784378 1.2
      vertex 16.9407 1.09024 1.2
      vertex 16.8374 1.11148 1.2
    endloop
  endfacet
  facet normal 0 0 1
    outer loop
      vertex 17.5661 0.613525 1.2
      vertex 16.8374 1.11148 1.2
      vertex 16.7286 1.12422 1.2
    endloop
  endfacet
  facet normal 0 0 1
    outer loop
      vertex 17.7647 -1.31378 1.2
      vertex 15.4406 -1.44159 1.2
      vertex 17.7015 -1.58476 1.2
    endloop
  endfacet
  facet normal 0 0 1
    outer loop
      vertex 17.6184 0.513046 1.2
      vertex 16.7286 1.12422 1.2
      vertex 16.6142 1.12846 1.2
    endloop
  endfacet
  facet normal 0 0 1
    outer loop
      vertex 17.6646 0.402206 1.2
      vertex 16.6142 1.12846 1.2
      vertex 15.5643 0.483368 1.2
    endloop
  endfacet
  facet normal -0 -0 1
    outer loop
      vertex 15.4742 -1.57188 1.2
      vertex 17.7015 -1.58476 1.2
      vertex 15.4406 -1.44159 1.2
    endloop
  endfacet
  facet normal 0 -0 1
    outer loop
      vertex 15.5138 -1.69373 1.2
      vertex 17.7015 -1.58476 1.2
      vertex 15.4742 -1.57188 1.2
    endloop
  endfacet
  facet normal 0 0 1
    outer loop
      vertex 15.5643 0.483368 1.2
      vertex 16.6142 1.12846 1.2
      vertex 16.3767 1.11055 1.2
    endloop
  endfacet
  facet normal 0 0 1
    outer loop
      vertex 17.7015 -1.58476 1.2
      vertex 15.5138 -1.69373 1.2
      vertex 17.613 -1.8196 1.2
    endloop
  endfacet
  facet normal -0 -0 1
    outer loop
      vertex 15.5596 -1.80711 1.2
      vertex 17.613 -1.8196 1.2
      vertex 15.5138 -1.69373 1.2
    endloop
  endfacet
  facet normal 0 0 1
    outer loop
      vertex 15.6768 0.680481 1.2
      vertex 16.3767 1.11055 1.2
      vertex 16.1642 1.05679 1.2
    endloop
  endfacet
  facet normal 0 0 1
    outer loop
      vertex 17.613 -1.8196 1.2
      vertex 16.791 -2.45187 1.2
      vertex 17.4992 -2.01831 1.2
    endloop
  endfacet
  facet normal 0 -0 1
    outer loop
      vertex 17.006 -2.39767 1.2
      vertex 17.4992 -2.01831 1.2
      vertex 16.791 -2.45187 1.2
    endloop
  endfacet
  facet normal 0 0 1
    outer loop
      vertex 15.6768 0.680481 1.2
      vertex 16.1642 1.05679 1.2
      vertex 15.9768 0.967194 1.2
    endloop
  endfacet
  facet normal 0 0 1
    outer loop
      vertex 17.4992 -2.01831 1.2
      vertex 17.006 -2.39767 1.2
      vertex 17.3601 -2.18089 1.2
    endloop
  endfacet
  facet normal 0 0 1
    outer loop
      vertex 17.3601 -2.18089 1.2
      vertex 17.006 -2.39767 1.2
      vertex 17.1957 -2.30736 1.2
    endloop
  endfacet
  facet normal 0 0 1
    outer loop
      vertex 15.6768 0.680481 1.2
      vertex 15.9768 0.967194 1.2
      vertex 15.8143 0.841751 1.2
    endloop
  endfacet
  facet normal 0 0 1
    outer loop
      vertex 17.613 -1.8196 1.2
      vertex 15.5596 -1.80711 1.2
      vertex 16.791 -2.45187 1.2
    endloop
  endfacet
  facet normal 0 0 1
    outer loop
      vertex 16.791 -2.45187 1.2
      vertex 15.5596 -1.80711 1.2
      vertex 16.5507 -2.46994 1.2
    endloop
  endfacet
  facet normal 0 0 1
    outer loop
      vertex 16.3767 1.11055 1.2
      vertex 15.6768 0.680481 1.2
      vertex 15.5643 0.483368 1.2
    endloop
  endfacet
  facet normal -0 -0 1
    outer loop
      vertex 15.6115 -1.91206 1.2
      vertex 16.5507 -2.46994 1.2
      vertex 15.5596 -1.80711 1.2
    endloop
  endfacet
  facet normal 0 0 1
    outer loop
      vertex 16.5507 -2.46994 1.2
      vertex 15.6115 -1.91206 1.2
      vertex 16.4382 -2.46532 1.2
    endloop
  endfacet
  facet normal 0 0 1
    outer loop
      vertex 17.7046 0.281021 1.2
      vertex 15.5643 0.483368 1.2
      vertex 15.4768 0.250412 1.2
    endloop
  endfacet
  facet normal -0 -0 1
    outer loop
      vertex 15.6694 -2.00856 1.2
      vertex 16.4382 -2.46532 1.2
      vertex 15.6115 -1.91206 1.2
    endloop
  endfacet
  facet normal 0 0 1
    outer loop
      vertex 16.4382 -2.46532 1.2
      vertex 15.6694 -2.00856 1.2
      vertex 16.3311 -2.45148 1.2
    endloop
  endfacet
  facet normal 0 0 1
    outer loop
      vertex 17.7384 0.149475 1.2
      vertex 15.4768 0.250412 1.2
      vertex 15.4143 -0.0183563 1.2
    endloop
  endfacet
  facet normal -0 -0 1
    outer loop
      vertex 15.7332 -2.09622 1.2
      vertex 16.3311 -2.45148 1.2
      vertex 15.6694 -2.00856 1.2
    endloop
  endfacet
  facet normal 0 0 1
    outer loop
      vertex 16.2294 -2.42841 1.2
      vertex 15.7332 -2.09622 1.2
      vertex 16.1332 -2.39612 1.2
    endloop
  endfacet
  facet normal 0 0 1
    outer loop
      vertex 17.7876 -0.144638 1.2
      vertex 15.4143 -0.0183563 1.2
      vertex 15.3768 -0.322983 1.2
    endloop
  endfacet
  facet normal 0 0 1
    outer loop
      vertex 17.8122 -0.480164 1.2
      vertex 15.3768 -0.322983 1.2
      vertex 15.3643 -0.663452 1.2
    endloop
  endfacet
  facet normal 0 0 1
    outer loop
      vertex 16.0423 -2.35458 1.2
      vertex 15.7332 -2.09622 1.2
      vertex 15.9569 -2.30383 1.2
    endloop
  endfacet
  facet normal 0 0 1
    outer loop
      vertex 16.1332 -2.39612 1.2
      vertex 15.7332 -2.09622 1.2
      vertex 16.0423 -2.35458 1.2
    endloop
  endfacet
  facet normal 0 0 1
    outer loop
      vertex 15.9569 -2.30383 1.2
      vertex 15.7332 -2.09622 1.2
      vertex 15.8023 -2.17465 1.2
    endloop
  endfacet
  facet normal 0 0 1
    outer loop
      vertex 15.9569 -2.30383 1.2
      vertex 15.8023 -2.17465 1.2
      vertex 15.8769 -2.24387 1.2
    endloop
  endfacet
  facet normal 0 0 1
    outer loop
      vertex 16.3311 -2.45148 1.2
      vertex 15.7332 -2.09622 1.2
      vertex 16.2294 -2.42841 1.2
    endloop
  endfacet
  facet normal 0 0 1
    outer loop
      vertex 27.3099 0.0457458 1.2
      vertex 29.3451 0.0520782 1.2
      vertex 29.3304 0.17041 1.2
    endloop
  endfacet
  facet normal 0 0 1
    outer loop
      vertex 27.3202 0.158768 1.2
      vertex 29.3304 0.17041 1.2
      vertex 29.3111 0.282333 1.2
    endloop
  endfacet
  facet normal 0 0 1
    outer loop
      vertex 27.3355 0.266418 1.2
      vertex 29.3111 0.282333 1.2
      vertex 29.2872 0.387863 1.2
    endloop
  endfacet
  facet normal 0 0 1
    outer loop
      vertex 27.3557 0.368698 1.2
      vertex 29.2872 0.387863 1.2
      vertex 29.2587 0.487 1.2
    endloop
  endfacet
  facet normal 0 0 1
    outer loop
      vertex 27.3808 0.465622 1.2
      vertex 29.2587 0.487 1.2
      vertex 29.2257 0.579742 1.2
    endloop
  endfacet
  facet normal 0 0 1
    outer loop
      vertex 27.4109 0.557159 1.2
      vertex 29.2257 0.579742 1.2
      vertex 29.188 0.666092 1.2
    endloop
  endfacet
  facet normal 0 0 1
    outer loop
      vertex 28.325 1.20659 1.2
      vertex 29.188 0.666092 1.2
      vertex 29.1458 0.746048 1.2
    endloop
  endfacet
  facet normal 0 0 1
    outer loop
      vertex 28.4139 1.20338 1.2
      vertex 29.1458 0.746048 1.2
      vertex 29.099 0.819595 1.2
    endloop
  endfacet
  facet normal 0 0 1
    outer loop
      vertex 28.4139 1.20338 1.2
      vertex 29.099 0.819595 1.2
      vertex 29.0475 0.886765 1.2
    endloop
  endfacet
  facet normal 0 0 1
    outer loop
      vertex 28.4992 1.19379 1.2
      vertex 29.0475 0.886765 1.2
      vertex 28.992 0.947525 1.2
    endloop
  endfacet
  facet normal 0 0 1
    outer loop
      vertex 28.4992 1.19379 1.2
      vertex 28.992 0.947525 1.2
      vertex 28.9327 1.00189 1.2
    endloop
  endfacet
  facet normal 0 0 1
    outer loop
      vertex 28.5807 1.1778 1.2
      vertex 28.9327 1.00189 1.2
      vertex 28.8698 1.04987 1.2
    endloop
  endfacet
  facet normal 0 0 1
    outer loop
      vertex 28.5807 1.1778 1.2
      vertex 28.8698 1.04987 1.2
      vertex 28.8031 1.09145 1.2
    endloop
  endfacet
  facet normal 0 0 1
    outer loop
      vertex 28.6585 1.15541 1.2
      vertex 28.8031 1.09145 1.2
      vertex 28.7327 1.12663 1.2
    endloop
  endfacet
  facet normal 0 0 1
    outer loop
      vertex 28.5807 1.1778 1.2
      vertex 28.8031 1.09145 1.2
      vertex 28.6585 1.15541 1.2
    endloop
  endfacet
  facet normal 0 0 1
    outer loop
      vertex 28.9327 1.00189 1.2
      vertex 28.5807 1.1778 1.2
      vertex 28.4992 1.19379 1.2
    endloop
  endfacet
  facet normal 0 0 1
    outer loop
      vertex 29.0475 0.886765 1.2
      vertex 28.4992 1.19379 1.2
      vertex 28.4139 1.20338 1.2
    endloop
  endfacet
  facet normal 0 0 1
    outer loop
      vertex 29.1458 0.746048 1.2
      vertex 28.4139 1.20338 1.2
      vertex 28.325 1.20659 1.2
    endloop
  endfacet
  facet normal 0 0 1
    outer loop
      vertex 29.188 0.666092 1.2
      vertex 28.325 1.20659 1.2
      vertex 27.4109 0.557159 1.2
    endloop
  endfacet
  facet normal 0 0 1
    outer loop
      vertex 27.4459 0.643326 1.2
      vertex 28.325 1.20659 1.2
      vertex 28.2305 1.20322 1.2
    endloop
  endfacet
  facet normal 0 0 1
    outer loop
      vertex 27.4858 0.724136 1.2
      vertex 28.2305 1.20322 1.2
      vertex 28.1405 1.19312 1.2
    endloop
  endfacet
  facet normal 0 0 1
    outer loop
      vertex 27.5306 0.799561 1.2
      vertex 28.1405 1.19312 1.2
      vertex 28.0549 1.17625 1.2
    endloop
  endfacet
  facet normal 0 0 1
    outer loop
      vertex 27.5804 0.869629 1.2
      vertex 28.0549 1.17625 1.2
      vertex 27.9738 1.15268 1.2
    endloop
  endfacet
  facet normal 0 0 1
    outer loop
      vertex 27.5804 0.869629 1.2
      vertex 27.9738 1.15268 1.2
      vertex 27.8972 1.12234 1.2
    endloop
  endfacet
  facet normal 0 0 1
    outer loop
      vertex 27.5804 0.869629 1.2
      vertex 27.8972 1.12234 1.2
      vertex 27.8249 1.08528 1.2
    endloop
  endfacet
  facet normal 0 0 1
    outer loop
      vertex 27.5804 0.869629 1.2
      vertex 27.8249 1.08528 1.2
      vertex 27.7571 1.04147 1.2
    endloop
  endfacet
  facet normal 0 0 1
    outer loop
      vertex 27.5804 0.869629 1.2
      vertex 27.7571 1.04147 1.2
      vertex 27.6938 0.990936 1.2
    endloop
  endfacet
  facet normal 0 0 1
    outer loop
      vertex 27.5804 0.869629 1.2
      vertex 27.6938 0.990936 1.2
      vertex 27.6349 0.933655 1.2
    endloop
  endfacet
  facet normal 0 0 1
    outer loop
      vertex 28.0549 1.17625 1.2
      vertex 27.5804 0.869629 1.2
      vertex 27.5306 0.799561 1.2
    endloop
  endfacet
  facet normal 0 0 1
    outer loop
      vertex 28.1405 1.19312 1.2
      vertex 27.5306 0.799561 1.2
      vertex 27.4858 0.724136 1.2
    endloop
  endfacet
  facet normal 0 0 1
    outer loop
      vertex 28.2305 1.20322 1.2
      vertex 27.4858 0.724136 1.2
      vertex 27.4459 0.643326 1.2
    endloop
  endfacet
  facet normal 0 0 1
    outer loop
      vertex 28.325 1.20659 1.2
      vertex 27.4459 0.643326 1.2
      vertex 27.4109 0.557159 1.2
    endloop
  endfacet
  facet normal 0 0 1
    outer loop
      vertex 29.2257 0.579742 1.2
      vertex 27.4109 0.557159 1.2
      vertex 27.3808 0.465622 1.2
    endloop
  endfacet
  facet normal 0 0 1
    outer loop
      vertex 29.2587 0.487 1.2
      vertex 27.3808 0.465622 1.2
      vertex 27.3557 0.368698 1.2
    endloop
  endfacet
  facet normal 0 0 1
    outer loop
      vertex 29.2872 0.387863 1.2
      vertex 27.3557 0.368698 1.2
      vertex 27.3355 0.266418 1.2
    endloop
  endfacet
  facet normal 0 0 1
    outer loop
      vertex 29.3111 0.282333 1.2
      vertex 27.3355 0.266418 1.2
      vertex 27.3202 0.158768 1.2
    endloop
  endfacet
  facet normal 0 0 1
    outer loop
      vertex 29.3304 0.17041 1.2
      vertex 27.3202 0.158768 1.2
      vertex 27.3099 0.0457458 1.2
    endloop
  endfacet
  facet normal 0 0 1
    outer loop
      vertex 27.3045 -0.0726166 1.2
      vertex 29.3451 0.0520782 1.2
      vertex 27.3099 0.0457458 1.2
    endloop
  endfacet
  facet normal 0 0 1
    outer loop
      vertex 29.3451 0.0520782 1.2
      vertex 27.3045 -0.0726166 1.2
      vertex 29.3552 -0.0726166 1.2
    endloop
  endfacet
  facet normal 0.737471 -0.675378 0
    outer loop
      vertex 38.6485 -11.6485 1.2
      vertex 38.7192 -11.5713 0
      vertex 38.7192 -11.5713 1.2
    endloop
  endfacet
  facet normal 0.737471 -0.675378 0
    outer loop
      vertex 38.7192 -11.5713 0
      vertex 38.6485 -11.6485 1.2
      vertex 38.6485 -11.6485 0
    endloop
  endfacet
  facet normal 0.792837 0.609434 0
    outer loop
      vertex 38.783 11.4883 1.2
      vertex 38.7192 11.5713 0
      vertex 38.7192 11.5713 1.2
    endloop
  endfacet
  facet normal 0.792837 0.609434 0
    outer loop
      vertex 38.7192 11.5713 0
      vertex 38.783 11.4883 1.2
      vertex 38.783 11.4883 0
    endloop
  endfacet
  facet normal 0.609434 0.792837 -0
    outer loop
      vertex 38.5713 11.7192 0
      vertex 38.4883 11.783 1.2
      vertex 38.5713 11.7192 1.2
    endloop
  endfacet
  facet normal 0.609434 0.792837 0
    outer loop
      vertex 38.4883 11.783 1.2
      vertex 38.5713 11.7192 0
      vertex 38.4883 11.783 0
    endloop
  endfacet
  facet normal 0.445292 0.895385 -0
    outer loop
      vertex -18.7419 9.88901 1.2
      vertex -19.2864 10.1598 2.1
      vertex -18.7419 9.88901 2.1
    endloop
  endfacet
  facet normal 0.445292 0.895385 0
    outer loop
      vertex -19.2864 10.1598 2.1
      vertex -18.7419 9.88901 1.2
      vertex -19.2864 10.1598 1.2
    endloop
  endfacet
  facet normal 0.396181 0.918173 -0
    outer loop
      vertex -19.2864 10.1598 1.2
      vertex -19.8447 10.4007 2.1
      vertex -19.2864 10.1598 2.1
    endloop
  endfacet
  facet normal 0.396181 0.918173 0
    outer loop
      vertex -19.8447 10.4007 2.1
      vertex -19.2864 10.1598 1.2
      vertex -19.8447 10.4007 1.2
    endloop
  endfacet
  facet normal 0.34553 0.938408 -0
    outer loop
      vertex -19.8447 10.4007 1.2
      vertex -20.4153 10.6108 2.1
      vertex -19.8447 10.4007 2.1
    endloop
  endfacet
  facet normal 0.34553 0.938408 0
    outer loop
      vertex -20.4153 10.6108 2.1
      vertex -19.8447 10.4007 1.2
      vertex -20.4153 10.6108 1.2
    endloop
  endfacet
  facet normal 0.29419 0.955747 -0
    outer loop
      vertex -20.4153 10.6108 1.2
      vertex -20.9965 10.7897 2.1
      vertex -20.4153 10.6108 2.1
    endloop
  endfacet
  facet normal 0.29419 0.955747 0
    outer loop
      vertex -20.9965 10.7897 2.1
      vertex -20.4153 10.6108 1.2
      vertex -20.9965 10.7897 1.2
    endloop
  endfacet
  facet normal 0.242071 0.970258 -0
    outer loop
      vertex -20.9965 10.7897 1.2
      vertex -21.5865 10.9369 2.1
      vertex -20.9965 10.7897 2.1
    endloop
  endfacet
  facet normal 0.242071 0.970258 0
    outer loop
      vertex -21.5865 10.9369 2.1
      vertex -20.9965 10.7897 1.2
      vertex -21.5865 10.9369 1.2
    endloop
  endfacet
  facet normal 0.188805 0.982015 -0
    outer loop
      vertex -21.5865 10.9369 1.2
      vertex -22.1836 11.0517 2.1
      vertex -21.5865 10.9369 2.1
    endloop
  endfacet
  facet normal 0.188805 0.982015 0
    outer loop
      vertex -22.1836 11.0517 2.1
      vertex -21.5865 10.9369 1.2
      vertex -22.1836 11.0517 1.2
    endloop
  endfacet
  facet normal 0.135341 0.990799 -0
    outer loop
      vertex -22.1836 11.0517 1.2
      vertex -22.7861 11.134 2.1
      vertex -22.1836 11.0517 2.1
    endloop
  endfacet
  facet normal 0.135341 0.990799 0
    outer loop
      vertex -22.7861 11.134 2.1
      vertex -22.1836 11.0517 1.2
      vertex -22.7861 11.134 1.2
    endloop
  endfacet
  facet normal 0.0813987 0.996682 -0
    outer loop
      vertex -22.7861 11.134 1.2
      vertex -23.3922 11.1835 2.1
      vertex -22.7861 11.134 2.1
    endloop
  endfacet
  facet normal 0.0813987 0.996682 0
    outer loop
      vertex -23.3922 11.1835 2.1
      vertex -22.7861 11.134 1.2
      vertex -23.3922 11.1835 1.2
    endloop
  endfacet
  facet normal 0.0271371 0.999632 -0
    outer loop
      vertex -23.3922 11.1835 1.2
      vertex -24 11.2 2.1
      vertex -23.3922 11.1835 2.1
    endloop
  endfacet
  facet normal 0.0271371 0.999632 0
    outer loop
      vertex -24 11.2 2.1
      vertex -23.3922 11.1835 1.2
      vertex -24 11.2 1.2
    endloop
  endfacet
  facet normal -0.0271371 0.999632 0
    outer loop
      vertex -24 11.2 1.2
      vertex -24.6078 11.1835 2.1
      vertex -24 11.2 2.1
    endloop
  endfacet
  facet normal -0.0271371 0.999632 0
    outer loop
      vertex -24.6078 11.1835 2.1
      vertex -24 11.2 1.2
      vertex -24.6078 11.1835 1.2
    endloop
  endfacet
  facet normal -0.0813987 0.996682 0
    outer loop
      vertex -24.6078 11.1835 1.2
      vertex -25.2139 11.134 2.1
      vertex -24.6078 11.1835 2.1
    endloop
  endfacet
  facet normal -0.0813987 0.996682 0
    outer loop
      vertex -25.2139 11.134 2.1
      vertex -24.6078 11.1835 1.2
      vertex -25.2139 11.134 1.2
    endloop
  endfacet
  facet normal -0.135341 0.990799 0
    outer loop
      vertex -25.2139 11.134 1.2
      vertex -25.8164 11.0517 2.1
      vertex -25.2139 11.134 2.1
    endloop
  endfacet
  facet normal -0.135341 0.990799 0
    outer loop
      vertex -25.8164 11.0517 2.1
      vertex -25.2139 11.134 1.2
      vertex -25.8164 11.0517 1.2
    endloop
  endfacet
  facet normal -0.188805 0.982015 0
    outer loop
      vertex -25.8164 11.0517 1.2
      vertex -26.4135 10.9369 2.1
      vertex -25.8164 11.0517 2.1
    endloop
  endfacet
  facet normal -0.188805 0.982015 0
    outer loop
      vertex -26.4135 10.9369 2.1
      vertex -25.8164 11.0517 1.2
      vertex -26.4135 10.9369 1.2
    endloop
  endfacet
  facet normal -0.242071 0.970258 0
    outer loop
      vertex -26.4135 10.9369 1.2
      vertex -27.0035 10.7897 2.1
      vertex -26.4135 10.9369 2.1
    endloop
  endfacet
  facet normal -0.242071 0.970258 0
    outer loop
      vertex -27.0035 10.7897 2.1
      vertex -26.4135 10.9369 1.2
      vertex -27.0035 10.7897 1.2
    endloop
  endfacet
  facet normal -0.29419 0.955747 0
    outer loop
      vertex -27.0035 10.7897 1.2
      vertex -27.5847 10.6108 2.1
      vertex -27.0035 10.7897 2.1
    endloop
  endfacet
  facet normal -0.29419 0.955747 0
    outer loop
      vertex -27.5847 10.6108 2.1
      vertex -27.0035 10.7897 1.2
      vertex -27.5847 10.6108 1.2
    endloop
  endfacet
  facet normal -0.34553 0.938408 0
    outer loop
      vertex -27.5847 10.6108 1.2
      vertex -28.1553 10.4007 2.1
      vertex -27.5847 10.6108 2.1
    endloop
  endfacet
  facet normal -0.34553 0.938408 0
    outer loop
      vertex -28.1553 10.4007 2.1
      vertex -27.5847 10.6108 1.2
      vertex -28.1553 10.4007 1.2
    endloop
  endfacet
  facet normal -0.396181 0.918173 0
    outer loop
      vertex -28.1553 10.4007 1.2
      vertex -28.7136 10.1598 2.1
      vertex -28.1553 10.4007 2.1
    endloop
  endfacet
  facet normal -0.396181 0.918173 0
    outer loop
      vertex -28.7136 10.1598 2.1
      vertex -28.1553 10.4007 1.2
      vertex -28.7136 10.1598 1.2
    endloop
  endfacet
  facet normal -0.445292 0.895385 0
    outer loop
      vertex -28.7136 10.1598 1.2
      vertex -29.2581 9.88901 2.1
      vertex -28.7136 10.1598 2.1
    endloop
  endfacet
  facet normal -0.445292 0.895385 0
    outer loop
      vertex -29.2581 9.88901 2.1
      vertex -28.7136 10.1598 1.2
      vertex -29.2581 9.88901 1.2
    endloop
  endfacet
  facet normal -0.882947 -0.469473 0
    outer loop
      vertex -26.4882 4.67961 1.2
      vertex -29.2581 9.88901 2.1
      vertex -29.2581 9.88901 1.2
    endloop
  endfacet
  facet normal -0.882947 -0.469473 0
    outer loop
      vertex -29.2581 9.88901 2.1
      vertex -26.4882 4.67961 1.2
      vertex -26.4882 4.67961 2.1
    endloop
  endfacet
  facet normal 0.445239 -0.895412 0
    outer loop
      vertex -26.4882 4.67961 1.2
      vertex -26.2305 4.80775 2.1
      vertex -26.4882 4.67961 2.1
    endloop
  endfacet
  facet normal 0.445239 -0.895412 0
    outer loop
      vertex -26.2305 4.80775 2.1
      vertex -26.4882 4.67961 1.2
      vertex -26.2305 4.80775 1.2
    endloop
  endfacet
  facet normal 0.396154 -0.918184 0
    outer loop
      vertex -26.2305 4.80775 1.2
      vertex -25.9663 4.92174 2.1
      vertex -26.2305 4.80775 2.1
    endloop
  endfacet
  facet normal 0.396154 -0.918184 0
    outer loop
      vertex -25.9663 4.92174 2.1
      vertex -26.2305 4.80775 1.2
      vertex -25.9663 4.92174 1.2
    endloop
  endfacet
  facet normal 0.345633 -0.93837 0
    outer loop
      vertex -25.9663 4.92174 1.2
      vertex -25.6963 5.02119 2.1
      vertex -25.9663 4.92174 2.1
    endloop
  endfacet
  facet normal 0.345633 -0.93837 0
    outer loop
      vertex -25.6963 5.02119 2.1
      vertex -25.9663 4.92174 1.2
      vertex -25.6963 5.02119 1.2
    endloop
  endfacet
  facet normal 0.294291 -0.955716 0
    outer loop
      vertex -25.6963 5.02119 1.2
      vertex -25.4213 5.10587 2.1
      vertex -25.6963 5.02119 2.1
    endloop
  endfacet
  facet normal 0.294291 -0.955716 0
    outer loop
      vertex -25.4213 5.10587 2.1
      vertex -25.6963 5.02119 1.2
      vertex -25.4213 5.10587 1.2
    endloop
  endfacet
  facet normal 0.241914 -0.970298 0
    outer loop
      vertex -25.4213 5.10587 1.2
      vertex -25.1421 5.17548 2.1
      vertex -25.4213 5.10587 2.1
    endloop
  endfacet
  facet normal 0.241914 -0.970298 0
    outer loop
      vertex -25.1421 5.17548 2.1
      vertex -25.4213 5.10587 1.2
      vertex -25.1421 5.17548 1.2
    endloop
  endfacet
  facet normal 0.18886 -0.982004 0
    outer loop
      vertex -25.1421 5.17548 1.2
      vertex -24.8595 5.22983 2.1
      vertex -25.1421 5.17548 2.1
    endloop
  endfacet
  facet normal 0.18886 -0.982004 0
    outer loop
      vertex -24.8595 5.22983 2.1
      vertex -25.1421 5.17548 1.2
      vertex -24.8595 5.22983 1.2
    endloop
  endfacet
  facet normal 0.135327 -0.990801 0
    outer loop
      vertex -24.8595 5.22983 1.2
      vertex -24.5744 5.26877 2.1
      vertex -24.8595 5.22983 2.1
    endloop
  endfacet
  facet normal 0.135327 -0.990801 0
    outer loop
      vertex -24.5744 5.26877 2.1
      vertex -24.8595 5.22983 1.2
      vertex -24.5744 5.26877 1.2
    endloop
  endfacet
  facet normal 0.0813543 -0.996685 0
    outer loop
      vertex -24.5744 5.26877 1.2
      vertex -24.2876 5.29218 2.1
      vertex -24.5744 5.26877 2.1
    endloop
  endfacet
  facet normal 0.0813543 -0.996685 0
    outer loop
      vertex -24.2876 5.29218 2.1
      vertex -24.5744 5.26877 1.2
      vertex -24.2876 5.29218 1.2
    endloop
  endfacet
  facet normal 0.0271458 -0.999631 0
    outer loop
      vertex -24.2876 5.29218 1.2
      vertex -24 5.29999 2.1
      vertex -24.2876 5.29218 2.1
    endloop
  endfacet
  facet normal 0.0271458 -0.999631 0
    outer loop
      vertex -24 5.29999 2.1
      vertex -24.2876 5.29218 1.2
      vertex -24 5.29999 1.2
    endloop
  endfacet
  facet normal -0.0271458 -0.999631 0
    outer loop
      vertex -24 5.29999 1.2
      vertex -23.7124 5.29218 2.1
      vertex -24 5.29999 2.1
    endloop
  endfacet
  facet normal -0.0271458 -0.999631 -0
    outer loop
      vertex -23.7124 5.29218 2.1
      vertex -24 5.29999 1.2
      vertex -23.7124 5.29218 1.2
    endloop
  endfacet
  facet normal -0.0813543 -0.996685 0
    outer loop
      vertex -23.7124 5.29218 1.2
      vertex -23.4256 5.26877 2.1
      vertex -23.7124 5.29218 2.1
    endloop
  endfacet
  facet normal -0.0813543 -0.996685 -0
    outer loop
      vertex -23.4256 5.26877 2.1
      vertex -23.7124 5.29218 1.2
      vertex -23.4256 5.26877 1.2
    endloop
  endfacet
  facet normal -0.135327 -0.990801 0
    outer loop
      vertex -23.4256 5.26877 1.2
      vertex -23.1405 5.22983 2.1
      vertex -23.4256 5.26877 2.1
    endloop
  endfacet
  facet normal -0.135327 -0.990801 -0
    outer loop
      vertex -23.1405 5.22983 2.1
      vertex -23.4256 5.26877 1.2
      vertex -23.1405 5.22983 1.2
    endloop
  endfacet
  facet normal -0.18886 -0.982004 0
    outer loop
      vertex -23.1405 5.22983 1.2
      vertex -22.8579 5.17548 2.1
      vertex -23.1405 5.22983 2.1
    endloop
  endfacet
  facet normal -0.18886 -0.982004 -0
    outer loop
      vertex -22.8579 5.17548 2.1
      vertex -23.1405 5.22983 1.2
      vertex -22.8579 5.17548 1.2
    endloop
  endfacet
  facet normal -0.241914 -0.970298 0
    outer loop
      vertex -22.8579 5.17548 1.2
      vertex -22.5787 5.10587 2.1
      vertex -22.8579 5.17548 2.1
    endloop
  endfacet
  facet normal -0.241914 -0.970298 -0
    outer loop
      vertex -22.5787 5.10587 2.1
      vertex -22.8579 5.17548 1.2
      vertex -22.5787 5.10587 1.2
    endloop
  endfacet
  facet normal -0.294291 -0.955716 0
    outer loop
      vertex -22.5787 5.10587 1.2
      vertex -22.3037 5.02119 2.1
      vertex -22.5787 5.10587 2.1
    endloop
  endfacet
  facet normal -0.294291 -0.955716 -0
    outer loop
      vertex -22.3037 5.02119 2.1
      vertex -22.5787 5.10587 1.2
      vertex -22.3037 5.02119 1.2
    endloop
  endfacet
  facet normal -0.345633 -0.93837 0
    outer loop
      vertex -22.3037 5.02119 1.2
      vertex -22.0337 4.92174 2.1
      vertex -22.3037 5.02119 2.1
    endloop
  endfacet
  facet normal -0.345633 -0.93837 -0
    outer loop
      vertex -22.0337 4.92174 2.1
      vertex -22.3037 5.02119 1.2
      vertex -22.0337 4.92174 1.2
    endloop
  endfacet
  facet normal -0.396154 -0.918184 0
    outer loop
      vertex -22.0337 4.92174 1.2
      vertex -21.7695 4.80775 2.1
      vertex -22.0337 4.92174 2.1
    endloop
  endfacet
  facet normal -0.396154 -0.918184 -0
    outer loop
      vertex -21.7695 4.80775 2.1
      vertex -22.0337 4.92174 1.2
      vertex -21.7695 4.80775 1.2
    endloop
  endfacet
  facet normal -0.445239 -0.895412 0
    outer loop
      vertex -21.7695 4.80775 1.2
      vertex -21.5118 4.67961 2.1
      vertex -21.7695 4.80775 2.1
    endloop
  endfacet
  facet normal -0.445239 -0.895412 -0
    outer loop
      vertex -21.5118 4.67961 2.1
      vertex -21.7695 4.80775 1.2
      vertex -21.5118 4.67961 1.2
    endloop
  endfacet
  facet normal 0.882947 -0.469473 0
    outer loop
      vertex -21.5118 4.67961 2.1
      vertex -18.7419 9.88901 1.2
      vertex -18.7419 9.88901 2.1
    endloop
  endfacet
  facet normal 0.882947 -0.469473 0
    outer loop
      vertex -18.7419 9.88901 1.2
      vertex -21.5118 4.67961 2.1
      vertex -21.5118 4.67961 1.2
    endloop
  endfacet
  facet normal 0 1 -0
    outer loop
      vertex -8.78574 3.5697 1.2
      vertex -10.2261 3.5697 2.1
      vertex -8.78574 3.5697 2.1
    endloop
  endfacet
  facet normal 0 1 0
    outer loop
      vertex -10.2261 3.5697 2.1
      vertex -8.78574 3.5697 1.2
      vertex -10.2261 3.5697 1.2
    endloop
  endfacet
  facet normal -1 0 0
    outer loop
      vertex -10.2261 -3.30974 1.2
      vertex -10.2261 3.5697 2.1
      vertex -10.2261 3.5697 1.2
    endloop
  endfacet
  facet normal -1 -0 0
    outer loop
      vertex -10.2261 3.5697 2.1
      vertex -10.2261 -3.30974 1.2
      vertex -10.2261 -3.30974 2.1
    endloop
  endfacet
  facet normal 0 -1 0
    outer loop
      vertex -10.2261 -3.30974 1.2
      vertex -8.78574 -3.30974 2.1
      vertex -10.2261 -3.30974 2.1
    endloop
  endfacet
  facet normal 0 -1 -0
    outer loop
      vertex -8.78574 -3.30974 2.1
      vertex -10.2261 -3.30974 1.2
      vertex -8.78574 -3.30974 1.2
    endloop
  endfacet
  facet normal 1 -0 0
    outer loop
      vertex -8.78574 -3.30974 2.1
      vertex -8.78574 3.5697 1.2
      vertex -8.78574 3.5697 2.1
    endloop
  endfacet
  facet normal 1 0 0
    outer loop
      vertex -8.78574 3.5697 1.2
      vertex -8.78574 -3.30974 2.1
      vertex -8.78574 -3.30974 1.2
    endloop
  endfacet
  facet normal 0.0659109 -0.997826 0
    outer loop
      vertex 6.32748 -3.30554 1.2
      vertex 6.51808 -3.29295 2.1
      vertex 6.32748 -3.30554 2.1
    endloop
  endfacet
  facet normal 0.0659109 -0.997826 0
    outer loop
      vertex 6.51808 -3.29295 2.1
      vertex 6.32748 -3.30554 1.2
      vertex 6.51808 -3.29295 1.2
    endloop
  endfacet
  facet normal 0.112043 -0.993703 0
    outer loop
      vertex 6.51808 -3.29295 1.2
      vertex 6.70424 -3.27196 2.1
      vertex 6.51808 -3.29295 2.1
    endloop
  endfacet
  facet normal 0.112043 -0.993703 0
    outer loop
      vertex 6.70424 -3.27196 2.1
      vertex 6.51808 -3.29295 1.2
      vertex 6.70424 -3.27196 1.2
    endloop
  endfacet
  facet normal 0.159781 -0.987153 0
    outer loop
      vertex 6.70424 -3.27196 1.2
      vertex 6.88594 -3.24255 2.1
      vertex 6.70424 -3.27196 2.1
    endloop
  endfacet
  facet normal 0.159781 -0.987153 0
    outer loop
      vertex 6.88594 -3.24255 2.1
      vertex 6.70424 -3.27196 1.2
      vertex 6.88594 -3.24255 1.2
    endloop
  endfacet
  facet normal 0.208451 -0.978033 0
    outer loop
      vertex 6.88594 -3.24255 1.2
      vertex 7.0632 -3.20477 2.1
      vertex 6.88594 -3.24255 2.1
    endloop
  endfacet
  facet normal 0.208451 -0.978033 0
    outer loop
      vertex 7.0632 -3.20477 2.1
      vertex 6.88594 -3.24255 1.2
      vertex 7.0632 -3.20477 1.2
    endloop
  endfacet
  facet normal 0.258261 -0.966075 0
    outer loop
      vertex 7.0632 -3.20477 1.2
      vertex 7.23602 -3.15857 2.1
      vertex 7.0632 -3.20477 2.1
    endloop
  endfacet
  facet normal 0.258261 -0.966075 0
    outer loop
      vertex 7.23602 -3.15857 2.1
      vertex 7.0632 -3.20477 1.2
      vertex 7.23602 -3.15857 1.2
    endloop
  endfacet
  facet normal 0.308369 -0.951267 0
    outer loop
      vertex 7.23602 -3.15857 1.2
      vertex 7.40439 -3.10399 2.1
      vertex 7.23602 -3.15857 2.1
    endloop
  endfacet
  facet normal 0.308369 -0.951267 0
    outer loop
      vertex 7.40439 -3.10399 2.1
      vertex 7.23602 -3.15857 1.2
      vertex 7.40439 -3.10399 1.2
    endloop
  endfacet
  facet normal 0.3587 -0.933453 0
    outer loop
      vertex 7.40439 -3.10399 1.2
      vertex 7.56831 -3.041 2.1
      vertex 7.40439 -3.10399 2.1
    endloop
  endfacet
  facet normal 0.3587 -0.933453 0
    outer loop
      vertex 7.56831 -3.041 2.1
      vertex 7.40439 -3.10399 1.2
      vertex 7.56831 -3.041 1.2
    endloop
  endfacet
  facet normal 0.408505 -0.912756 0
    outer loop
      vertex 7.56831 -3.041 1.2
      vertex 7.7278 -2.96962 2.1
      vertex 7.56831 -3.041 2.1
    endloop
  endfacet
  facet normal 0.408505 -0.912756 0
    outer loop
      vertex 7.7278 -2.96962 2.1
      vertex 7.56831 -3.041 1.2
      vertex 7.7278 -2.96962 1.2
    endloop
  endfacet
  facet normal 0.457621 -0.889147 0
    outer loop
      vertex 7.7278 -2.96962 1.2
      vertex 7.88283 -2.88983 2.1
      vertex 7.7278 -2.96962 2.1
    endloop
  endfacet
  facet normal 0.457621 -0.889147 0
    outer loop
      vertex 7.88283 -2.88983 2.1
      vertex 7.7278 -2.96962 1.2
      vertex 7.88283 -2.88983 1.2
    endloop
  endfacet
  facet normal 0.506356 -0.862324 0
    outer loop
      vertex 7.88283 -2.88983 1.2
      vertex 8.0322 -2.80212 2.1
      vertex 7.88283 -2.88983 2.1
    endloop
  endfacet
  facet normal 0.506356 -0.862324 0
    outer loop
      vertex 8.0322 -2.80212 2.1
      vertex 7.88283 -2.88983 1.2
      vertex 8.0322 -2.80212 1.2
    endloop
  endfacet
  facet normal 0.555643 -0.831421 0
    outer loop
      vertex 8.0322 -2.80212 1.2
      vertex 8.17462 -2.70694 2.1
      vertex 8.0322 -2.80212 2.1
    endloop
  endfacet
  facet normal 0.555643 -0.831421 0
    outer loop
      vertex 8.17462 -2.70694 2.1
      vertex 8.0322 -2.80212 1.2
      vertex 8.17462 -2.70694 1.2
    endloop
  endfacet
  facet normal 0.603889 -0.797068 0
    outer loop
      vertex 8.17462 -2.70694 1.2
      vertex 8.31012 -2.60428 2.1
      vertex 8.17462 -2.70694 2.1
    endloop
  endfacet
  facet normal 0.603889 -0.797068 0
    outer loop
      vertex 8.31012 -2.60428 2.1
      vertex 8.17462 -2.70694 1.2
      vertex 8.31012 -2.60428 1.2
    endloop
  endfacet
  facet normal 0.650568 -0.759448 0
    outer loop
      vertex 8.31012 -2.60428 1.2
      vertex 8.43867 -2.49416 2.1
      vertex 8.31012 -2.60428 2.1
    endloop
  endfacet
  facet normal 0.650568 -0.759448 0
    outer loop
      vertex 8.43867 -2.49416 2.1
      vertex 8.31012 -2.60428 1.2
      vertex 8.43867 -2.49416 1.2
    endloop
  endfacet
  facet normal 0.695066 -0.718946 0
    outer loop
      vertex 8.43867 -2.49416 1.2
      vertex 8.5603 -2.37657 2.1
      vertex 8.43867 -2.49416 2.1
    endloop
  endfacet
  facet normal 0.695066 -0.718946 0
    outer loop
      vertex 8.5603 -2.37657 2.1
      vertex 8.43867 -2.49416 1.2
      vertex 8.5603 -2.37657 1.2
    endloop
  endfacet
  facet normal 0.737002 -0.67589 0
    outer loop
      vertex 8.5603 -2.37657 2.1
      vertex 8.67499 -2.25151 1.2
      vertex 8.67499 -2.25151 2.1
    endloop
  endfacet
  facet normal 0.737002 -0.67589 0
    outer loop
      vertex 8.67499 -2.25151 1.2
      vertex 8.5603 -2.37657 2.1
      vertex 8.5603 -2.37657 1.2
    endloop
  endfacet
  facet normal 0.77591 -0.630844 0
    outer loop
      vertex 8.67499 -2.25151 2.1
      vertex 8.78275 -2.11897 1.2
      vertex 8.78275 -2.11897 2.1
    endloop
  endfacet
  facet normal 0.77591 -0.630844 0
    outer loop
      vertex 8.78275 -2.11897 1.2
      vertex 8.67499 -2.25151 2.1
      vertex 8.67499 -2.25151 1.2
    endloop
  endfacet
  facet normal 0.811452 -0.584419 0
    outer loop
      vertex 8.78275 -2.11897 2.1
      vertex 8.88358 -1.97897 1.2
      vertex 8.88358 -1.97897 2.1
    endloop
  endfacet
  facet normal 0.811452 -0.584419 0
    outer loop
      vertex 8.88358 -1.97897 1.2
      vertex 8.78275 -2.11897 2.1
      vertex 8.78275 -2.11897 1.2
    endloop
  endfacet
  facet normal 0.843553 -0.537046 0
    outer loop
      vertex 8.88358 -1.97897 2.1
      vertex 8.97746 -1.83151 1.2
      vertex 8.97746 -1.83151 2.1
    endloop
  endfacet
  facet normal 0.843553 -0.537046 0
    outer loop
      vertex 8.97746 -1.83151 1.2
      vertex 8.88358 -1.97897 2.1
      vertex 8.88358 -1.97897 1.2
    endloop
  endfacet
  facet normal 0.872055 -0.489409 0
    outer loop
      vertex 8.97746 -1.83151 2.1
      vertex 9.06442 -1.67656 1.2
      vertex 9.06442 -1.67656 2.1
    endloop
  endfacet
  facet normal 0.872055 -0.489409 0
    outer loop
      vertex 9.06442 -1.67656 1.2
      vertex 8.97746 -1.83151 2.1
      vertex 8.97746 -1.83151 1.2
    endloop
  endfacet
  facet normal 0.897465 -0.441086 0
    outer loop
      vertex 9.06442 -1.67656 2.1
      vertex 9.14374 -1.51517 1.2
      vertex 9.14374 -1.51517 2.1
    endloop
  endfacet
  facet normal 0.897465 -0.441086 0
    outer loop
      vertex 9.14374 -1.51517 1.2
      vertex 9.06442 -1.67656 2.1
      vertex 9.06442 -1.67656 1.2
    endloop
  endfacet
  facet normal 0.92018 -0.391495 0
    outer loop
      vertex 9.14374 -1.51517 2.1
      vertex 9.21471 -1.34836 1.2
      vertex 9.21471 -1.34836 2.1
    endloop
  endfacet
  facet normal 0.92018 -0.391495 0
    outer loop
      vertex 9.21471 -1.34836 1.2
      vertex 9.14374 -1.51517 2.1
      vertex 9.14374 -1.51517 1.2
    endloop
  endfacet
  facet normal 0.939816 -0.341682 0
    outer loop
      vertex 9.21471 -1.34836 2.1
      vertex 9.27733 -1.17612 1.2
      vertex 9.27733 -1.17612 2.1
    endloop
  endfacet
  facet normal 0.939816 -0.341682 0
    outer loop
      vertex 9.27733 -1.17612 1.2
      vertex 9.21471 -1.34836 2.1
      vertex 9.21471 -1.34836 1.2
    endloop
  endfacet
  facet normal 0.956375 -0.292143 0
    outer loop
      vertex 9.27733 -1.17612 2.1
      vertex 9.3316 -0.998459 1.2
      vertex 9.3316 -0.998459 2.1
    endloop
  endfacet
  facet normal 0.956375 -0.292143 0
    outer loop
      vertex 9.3316 -0.998459 1.2
      vertex 9.27733 -1.17612 2.1
      vertex 9.27733 -1.17612 1.2
    endloop
  endfacet
  facet normal 0.969949 -0.243309 0
    outer loop
      vertex 9.3316 -0.998459 2.1
      vertex 9.37752 -0.815399 1.2
      vertex 9.37752 -0.815399 2.1
    endloop
  endfacet
  facet normal 0.969949 -0.243309 0
    outer loop
      vertex 9.37752 -0.815399 1.2
      vertex 9.3316 -0.998459 2.1
      vertex 9.3316 -0.998459 1.2
    endloop
  endfacet
  facet normal 0.980719 -0.195424 0
    outer loop
      vertex 9.37752 -0.815399 2.1
      vertex 9.41508 -0.626907 1.2
      vertex 9.41508 -0.626907 2.1
    endloop
  endfacet
  facet normal 0.980719 -0.195424 0
    outer loop
      vertex 9.41508 -0.626907 1.2
      vertex 9.37752 -0.815399 2.1
      vertex 9.37752 -0.815399 1.2
    endloop
  endfacet
  facet normal 0.988829 -0.149058 0
    outer loop
      vertex 9.41508 -0.626907 2.1
      vertex 9.44431 -0.432999 1.2
      vertex 9.44431 -0.432999 2.1
    endloop
  endfacet
  facet normal 0.988829 -0.149058 0
    outer loop
      vertex 9.44431 -0.432999 1.2
      vertex 9.41508 -0.626907 2.1
      vertex 9.41508 -0.626907 1.2
    endloop
  endfacet
  facet normal 0.994564 -0.104126 0
    outer loop
      vertex 9.44431 -0.432999 2.1
      vertex 9.46518 -0.233658 1.2
      vertex 9.46518 -0.233658 2.1
    endloop
  endfacet
  facet normal 0.994564 -0.104126 0
    outer loop
      vertex 9.46518 -0.233658 1.2
      vertex 9.44431 -0.432999 2.1
      vertex 9.44431 -0.432999 1.2
    endloop
  endfacet
  facet normal 0.998133 -0.0610845 0
    outer loop
      vertex 9.46518 -0.233658 2.1
      vertex 9.47771 -0.0289154 1.2
      vertex 9.47771 -0.0289154 2.1
    endloop
  endfacet
  facet normal 0.998133 -0.0610845 0
    outer loop
      vertex 9.47771 -0.0289154 1.2
      vertex 9.46518 -0.233658 2.1
      vertex 9.46518 -0.233658 1.2
    endloop
  endfacet
  facet normal 0.999802 -0.0198872 0
    outer loop
      vertex 9.47771 -0.0289154 2.1
      vertex 9.48189 0.181229 1.2
      vertex 9.48189 0.181229 2.1
    endloop
  endfacet
  facet normal 0.999802 -0.0198872 0
    outer loop
      vertex 9.48189 0.181229 1.2
      vertex 9.47771 -0.0289154 2.1
      vertex 9.47771 -0.0289154 1.2
    endloop
  endfacet
  facet normal 0.999556 0.0297802 0
    outer loop
      vertex 9.48189 0.181229 2.1
      vertex 9.47237 0.500763 1.2
      vertex 9.47237 0.500763 2.1
    endloop
  endfacet
  facet normal 0.999556 0.0297802 0
    outer loop
      vertex 9.47237 0.500763 1.2
      vertex 9.48189 0.181229 2.1
      vertex 9.48189 0.181229 1.2
    endloop
  endfacet
  facet normal 0.995623 0.0934607 0
    outer loop
      vertex 9.47237 0.500763 2.1
      vertex 9.4438 0.805115 1.2
      vertex 9.4438 0.805115 2.1
    endloop
  endfacet
  facet normal 0.995623 0.0934607 0
    outer loop
      vertex 9.4438 0.805115 1.2
      vertex 9.47237 0.500763 2.1
      vertex 9.47237 0.500763 1.2
    endloop
  endfacet
  facet normal 0.986715 0.162459 0
    outer loop
      vertex 9.4438 0.805115 2.1
      vertex 9.39619 1.09428 1.2
      vertex 9.39619 1.09428 2.1
    endloop
  endfacet
  facet normal 0.986715 0.162459 0
    outer loop
      vertex 9.39619 1.09428 1.2
      vertex 9.4438 0.805115 2.1
      vertex 9.4438 0.805115 1.2
    endloop
  endfacet
  facet normal 0.971663 0.236372 0
    outer loop
      vertex 9.39619 1.09428 2.1
      vertex 9.32954 1.36826 1.2
      vertex 9.32954 1.36826 2.1
    endloop
  endfacet
  facet normal 0.971663 0.236372 0
    outer loop
      vertex 9.32954 1.36826 1.2
      vertex 9.39619 1.09428 2.1
      vertex 9.39619 1.09428 1.2
    endloop
  endfacet
  facet normal 0.949309 0.314345 0
    outer loop
      vertex 9.32954 1.36826 2.1
      vertex 9.24385 1.62704 1.2
      vertex 9.24385 1.62704 2.1
    endloop
  endfacet
  facet normal 0.949309 0.314345 0
    outer loop
      vertex 9.24385 1.62704 1.2
      vertex 9.32954 1.36826 2.1
      vertex 9.32954 1.36826 1.2
    endloop
  endfacet
  facet normal 0.918686 0.394989 0
    outer loop
      vertex 9.24385 1.62704 2.1
      vertex 9.13911 1.87065 1.2
      vertex 9.13911 1.87065 2.1
    endloop
  endfacet
  facet normal 0.918686 0.394989 0
    outer loop
      vertex 9.13911 1.87065 1.2
      vertex 9.24385 1.62704 2.1
      vertex 9.24385 1.62704 1.2
    endloop
  endfacet
  facet normal 0.879232 0.476394 0
    outer loop
      vertex 9.13911 1.87065 2.1
      vertex 9.01534 2.09908 1.2
      vertex 9.01534 2.09908 2.1
    endloop
  endfacet
  facet normal 0.879232 0.476394 0
    outer loop
      vertex 9.01534 2.09908 1.2
      vertex 9.13911 1.87065 2.1
      vertex 9.13911 1.87065 1.2
    endloop
  endfacet
  facet normal 0.83088 0.556452 0
    outer loop
      vertex 9.01534 2.09908 2.1
      vertex 8.87253 2.31232 1.2
      vertex 8.87253 2.31232 2.1
    endloop
  endfacet
  facet normal 0.83088 0.556452 0
    outer loop
      vertex 8.87253 2.31232 1.2
      vertex 9.01534 2.09908 2.1
      vertex 9.01534 2.09908 1.2
    endloop
  endfacet
  facet normal 0.7743 0.632818 0
    outer loop
      vertex 8.87253 2.31232 2.1
      vertex 8.71066 2.51038 1.2
      vertex 8.71066 2.51038 2.1
    endloop
  endfacet
  facet normal 0.7743 0.632818 0
    outer loop
      vertex 8.71066 2.51038 1.2
      vertex 8.87253 2.31232 2.1
      vertex 8.87253 2.31232 1.2
    endloop
  endfacet
  facet normal 0.710887 0.703306 0
    outer loop
      vertex 8.71066 2.51038 2.1
      vertex 8.52975 2.69324 1.2
      vertex 8.52975 2.69324 2.1
    endloop
  endfacet
  facet normal 0.710887 0.703306 0
    outer loop
      vertex 8.52975 2.69324 1.2
      vertex 8.71066 2.51038 2.1
      vertex 8.71066 2.51038 1.2
    endloop
  endfacet
  facet normal 0.643154 0.765737 -0
    outer loop
      vertex 8.52975 2.69324 1.2
      vertex 8.33148 2.85977 2.1
      vertex 8.52975 2.69324 2.1
    endloop
  endfacet
  facet normal 0.643154 0.765737 0
    outer loop
      vertex 8.33148 2.85977 2.1
      vertex 8.52975 2.69324 1.2
      vertex 8.33148 2.85977 1.2
    endloop
  endfacet
  facet normal 0.57142 0.820658 -0
    outer loop
      vertex 8.33148 2.85977 1.2
      vertex 8.11749 3.00877 2.1
      vertex 8.33148 2.85977 2.1
    endloop
  endfacet
  facet normal 0.57142 0.820658 0
    outer loop
      vertex 8.11749 3.00877 2.1
      vertex 8.33148 2.85977 1.2
      vertex 8.11749 3.00877 1.2
    endloop
  endfacet
  facet normal 0.496684 0.867931 -0
    outer loop
      vertex 8.11749 3.00877 1.2
      vertex 7.88777 3.14023 2.1
      vertex 8.11749 3.00877 2.1
    endloop
  endfacet
  facet normal 0.496684 0.867931 0
    outer loop
      vertex 7.88777 3.14023 2.1
      vertex 8.11749 3.00877 1.2
      vertex 7.88777 3.14023 1.2
    endloop
  endfacet
  facet normal 0.421098 0.907015 -0
    outer loop
      vertex 7.88777 3.14023 1.2
      vertex 7.64233 3.25418 2.1
      vertex 7.88777 3.14023 2.1
    endloop
  endfacet
  facet normal 0.421098 0.907015 0
    outer loop
      vertex 7.64233 3.25418 2.1
      vertex 7.88777 3.14023 1.2
      vertex 7.64233 3.25418 1.2
    endloop
  endfacet
  facet normal 0.346328 0.938114 -0
    outer loop
      vertex 7.64233 3.25418 1.2
      vertex 7.38118 3.35059 2.1
      vertex 7.64233 3.25418 2.1
    endloop
  endfacet
  facet normal 0.346328 0.938114 0
    outer loop
      vertex 7.38118 3.35059 2.1
      vertex 7.64233 3.25418 1.2
      vertex 7.38118 3.35059 1.2
    endloop
  endfacet
  facet normal 0.273946 0.961745 -0
    outer loop
      vertex 7.38118 3.35059 1.2
      vertex 7.10429 3.42946 2.1
      vertex 7.38118 3.35059 2.1
    endloop
  endfacet
  facet normal 0.273946 0.961745 0
    outer loop
      vertex 7.10429 3.42946 2.1
      vertex 7.38118 3.35059 1.2
      vertex 7.10429 3.42946 1.2
    endloop
  endfacet
  facet normal 0.20521 0.978718 -0
    outer loop
      vertex 7.10429 3.42946 1.2
      vertex 6.81169 3.49081 2.1
      vertex 7.10429 3.42946 2.1
    endloop
  endfacet
  facet normal 0.20521 0.978718 0
    outer loop
      vertex 6.81169 3.49081 2.1
      vertex 7.10429 3.42946 1.2
      vertex 6.81169 3.49081 1.2
    endloop
  endfacet
  facet normal 0.140738 0.990047 -0
    outer loop
      vertex 6.81169 3.49081 1.2
      vertex 6.50336 3.53464 2.1
      vertex 6.81169 3.49081 2.1
    endloop
  endfacet
  facet normal 0.140738 0.990047 0
    outer loop
      vertex 6.50336 3.53464 2.1
      vertex 6.81169 3.49081 1.2
      vertex 6.50336 3.53464 1.2
    endloop
  endfacet
  facet normal 0.0808662 0.996725 -0
    outer loop
      vertex 6.50336 3.53464 1.2
      vertex 6.17932 3.56093 2.1
      vertex 6.50336 3.53464 2.1
    endloop
  endfacet
  facet normal 0.0808662 0.996725 0
    outer loop
      vertex 6.17932 3.56093 2.1
      vertex 6.50336 3.53464 1.2
      vertex 6.17932 3.56093 1.2
    endloop
  endfacet
  facet normal 0.025803 0.999667 -0
    outer loop
      vertex 6.17932 3.56093 1.2
      vertex 5.83955 3.5697 2.1
      vertex 6.17932 3.56093 2.1
    endloop
  endfacet
  facet normal 0.025803 0.999667 0
    outer loop
      vertex 5.83955 3.5697 2.1
      vertex 6.17932 3.56093 1.2
      vertex 5.83955 3.5697 1.2
    endloop
  endfacet
  facet normal 0 1 -0
    outer loop
      vertex 5.83955 3.5697 1.2
      vertex 3.34943 3.5697 2.1
      vertex 5.83955 3.5697 2.1
    endloop
  endfacet
  facet normal 0 1 0
    outer loop
      vertex 3.34943 3.5697 2.1
      vertex 5.83955 3.5697 1.2
      vertex 3.34943 3.5697 1.2
    endloop
  endfacet
  facet normal -1 0 0
    outer loop
      vertex 3.34943 -3.30974 1.2
      vertex 3.34943 3.5697 2.1
      vertex 3.34943 3.5697 1.2
    endloop
  endfacet
  facet normal -1 -0 0
    outer loop
      vertex 3.34943 3.5697 2.1
      vertex 3.34943 -3.30974 1.2
      vertex 3.34943 -3.30974 2.1
    endloop
  endfacet
  facet normal 0 -1 0
    outer loop
      vertex 3.34943 -3.30974 1.2
      vertex 6.13245 -3.30974 2.1
      vertex 3.34943 -3.30974 2.1
    endloop
  endfacet
  facet normal 0 -1 -0
    outer loop
      vertex 6.13245 -3.30974 2.1
      vertex 3.34943 -3.30974 1.2
      vertex 6.13245 -3.30974 1.2
    endloop
  endfacet
  facet normal 0.0215302 -0.999768 0
    outer loop
      vertex 6.13245 -3.30974 1.2
      vertex 6.32748 -3.30554 2.1
      vertex 6.13245 -3.30974 2.1
    endloop
  endfacet
  facet normal 0.0215302 -0.999768 0
    outer loop
      vertex 6.32748 -3.30554 2.1
      vertex 6.13245 -3.30974 1.2
      vertex 6.32748 -3.30554 1.2
    endloop
  endfacet
  facet normal 1 -0 0
    outer loop
      vertex 4.78978 -2.19655 2.1
      vertex 4.78978 2.45651 1.2
      vertex 4.78978 2.45651 2.1
    endloop
  endfacet
  facet normal 1 0 0
    outer loop
      vertex 4.78978 2.45651 1.2
      vertex 4.78978 -2.19655 2.1
      vertex 4.78978 -2.19655 1.2
    endloop
  endfacet
  facet normal 0 -1 0
    outer loop
      vertex 4.78978 2.45651 1.2
      vertex 5.81024 2.45651 2.1
      vertex 4.78978 2.45651 2.1
    endloop
  endfacet
  facet normal 0 -1 -0
    outer loop
      vertex 5.81024 2.45651 2.1
      vertex 4.78978 2.45651 1.2
      vertex 5.81024 2.45651 1.2
    endloop
  endfacet
  facet normal -0.027941 -0.99961 0
    outer loop
      vertex 5.81024 2.45651 1.2
      vertex 6.01917 2.45067 2.1
      vertex 5.81024 2.45651 2.1
    endloop
  endfacet
  facet normal -0.027941 -0.99961 -0
    outer loop
      vertex 6.01917 2.45067 2.1
      vertex 5.81024 2.45651 1.2
      vertex 6.01917 2.45067 1.2
    endloop
  endfacet
  facet normal -0.0875754 -0.996158 0
    outer loop
      vertex 6.01917 2.45067 1.2
      vertex 6.21823 2.43317 2.1
      vertex 6.01917 2.45067 2.1
    endloop
  endfacet
  facet normal -0.0875754 -0.996158 -0
    outer loop
      vertex 6.21823 2.43317 2.1
      vertex 6.01917 2.45067 1.2
      vertex 6.21823 2.43317 1.2
    endloop
  endfacet
  facet normal -0.152434 -0.988314 0
    outer loop
      vertex 6.21823 2.43317 1.2
      vertex 6.40742 2.40399 2.1
      vertex 6.21823 2.43317 2.1
    endloop
  endfacet
  facet normal -0.152434 -0.988314 -0
    outer loop
      vertex 6.40742 2.40399 2.1
      vertex 6.21823 2.43317 1.2
      vertex 6.40742 2.40399 1.2
    endloop
  endfacet
  facet normal -0.222091 -0.975026 0
    outer loop
      vertex 6.40742 2.40399 1.2
      vertex 6.58676 2.36314 2.1
      vertex 6.40742 2.40399 2.1
    endloop
  endfacet
  facet normal -0.222091 -0.975026 -0
    outer loop
      vertex 6.58676 2.36314 2.1
      vertex 6.40742 2.40399 1.2
      vertex 6.58676 2.36314 1.2
    endloop
  endfacet
  facet normal -0.295915 -0.955214 0
    outer loop
      vertex 6.58676 2.36314 1.2
      vertex 6.75623 2.31064 2.1
      vertex 6.58676 2.36314 2.1
    endloop
  endfacet
  facet normal -0.295915 -0.955214 -0
    outer loop
      vertex 6.75623 2.31064 2.1
      vertex 6.58676 2.36314 1.2
      vertex 6.75623 2.31064 1.2
    endloop
  endfacet
  facet normal -0.373154 -0.92777 0
    outer loop
      vertex 6.75623 2.31064 1.2
      vertex 6.91585 2.24644 2.1
      vertex 6.75623 2.31064 2.1
    endloop
  endfacet
  facet normal -0.373154 -0.92777 -0
    outer loop
      vertex 6.91585 2.24644 2.1
      vertex 6.75623 2.31064 1.2
      vertex 6.91585 2.24644 1.2
    endloop
  endfacet
  facet normal -0.451854 -0.892092 0
    outer loop
      vertex 6.91585 2.24644 1.2
      vertex 7.0656 2.17059 2.1
      vertex 6.91585 2.24644 2.1
    endloop
  endfacet
  facet normal -0.451854 -0.892092 -0
    outer loop
      vertex 7.0656 2.17059 2.1
      vertex 6.91585 2.24644 1.2
      vertex 7.0656 2.17059 1.2
    endloop
  endfacet
  facet normal -0.53044 -0.847722 0
    outer loop
      vertex 7.0656 2.17059 1.2
      vertex 7.20547 2.08307 2.1
      vertex 7.0656 2.17059 2.1
    endloop
  endfacet
  facet normal -0.53044 -0.847722 -0
    outer loop
      vertex 7.20547 2.08307 2.1
      vertex 7.0656 2.17059 1.2
      vertex 7.20547 2.08307 1.2
    endloop
  endfacet
  facet normal -0.606496 -0.795086 0
    outer loop
      vertex 7.20547 2.08307 1.2
      vertex 7.33549 1.98389 2.1
      vertex 7.20547 2.08307 2.1
    endloop
  endfacet
  facet normal -0.606496 -0.795086 -0
    outer loop
      vertex 7.33549 1.98389 2.1
      vertex 7.20547 2.08307 1.2
      vertex 7.33549 1.98389 1.2
    endloop
  endfacet
  facet normal -0.678095 -0.734975 0
    outer loop
      vertex 7.33549 1.98389 1.2
      vertex 7.45566 1.87302 2.1
      vertex 7.33549 1.98389 2.1
    endloop
  endfacet
  facet normal -0.678095 -0.734975 -0
    outer loop
      vertex 7.45566 1.87302 2.1
      vertex 7.33549 1.98389 1.2
      vertex 7.45566 1.87302 1.2
    endloop
  endfacet
  facet normal -0.744189 -0.66797 0
    outer loop
      vertex 7.56512 1.75107 1.2
      vertex 7.45566 1.87302 2.1
      vertex 7.45566 1.87302 1.2
    endloop
  endfacet
  facet normal -0.744189 -0.66797 0
    outer loop
      vertex 7.45566 1.87302 2.1
      vertex 7.56512 1.75107 1.2
      vertex 7.56512 1.75107 2.1
    endloop
  endfacet
  facet normal -0.803982 -0.594654 0
    outer loop
      vertex 7.66307 1.61864 1.2
      vertex 7.56512 1.75107 2.1
      vertex 7.56512 1.75107 1.2
    endloop
  endfacet
  facet normal -0.803982 -0.594654 0
    outer loop
      vertex 7.56512 1.75107 2.1
      vertex 7.66307 1.61864 1.2
      vertex 7.66307 1.61864 2.1
    endloop
  endfacet
  facet normal -0.855745 -0.517398 0
    outer loop
      vertex 7.7495 1.47569 1.2
      vertex 7.66307 1.61864 2.1
      vertex 7.66307 1.61864 1.2
    endloop
  endfacet
  facet normal -0.855745 -0.517398 0
    outer loop
      vertex 7.66307 1.61864 2.1
      vertex 7.7495 1.47569 1.2
      vertex 7.7495 1.47569 2.1
    endloop
  endfacet
  facet normal -0.898651 -0.438665 0
    outer loop
      vertex 7.82439 1.32227 1.2
      vertex 7.7495 1.47569 2.1
      vertex 7.7495 1.47569 1.2
    endloop
  endfacet
  facet normal -0.898651 -0.438665 0
    outer loop
      vertex 7.7495 1.47569 2.1
      vertex 7.82439 1.32227 1.2
      vertex 7.82439 1.32227 2.1
    endloop
  endfacet
  facet normal -0.932722 -0.360595 0
    outer loop
      vertex 7.88777 1.15833 1.2
      vertex 7.82439 1.32227 2.1
      vertex 7.82439 1.32227 1.2
    endloop
  endfacet
  facet normal -0.932722 -0.360595 0
    outer loop
      vertex 7.82439 1.32227 2.1
      vertex 7.88777 1.15833 1.2
      vertex 7.88777 1.15833 2.1
    endloop
  endfacet
  facet normal -0.958547 -0.284935 0
    outer loop
      vertex 7.93962 0.983902 1.2
      vertex 7.88777 1.15833 2.1
      vertex 7.88777 1.15833 1.2
    endloop
  endfacet
  facet normal -0.958547 -0.284935 0
    outer loop
      vertex 7.88777 1.15833 2.1
      vertex 7.93962 0.983902 1.2
      vertex 7.93962 0.983902 2.1
    endloop
  endfacet
  facet normal -0.977034 -0.213084 0
    outer loop
      vertex 7.97995 0.798981 1.2
      vertex 7.93962 0.983902 2.1
      vertex 7.93962 0.983902 1.2
    endloop
  endfacet
  facet normal -0.977034 -0.213084 0
    outer loop
      vertex 7.93962 0.983902 2.1
      vertex 7.97995 0.798981 1.2
      vertex 7.97995 0.798981 2.1
    endloop
  endfacet
  facet normal -0.989307 -0.14585 0
    outer loop
      vertex 8.00876 0.603561 1.2
      vertex 7.97995 0.798981 2.1
      vertex 7.97995 0.798981 1.2
    endloop
  endfacet
  facet normal -0.989307 -0.14585 0
    outer loop
      vertex 7.97995 0.798981 2.1
      vertex 8.00876 0.603561 1.2
      vertex 8.00876 0.603561 2.1
    endloop
  endfacet
  facet normal -0.996493 -0.0836714 0
    outer loop
      vertex 8.02605 0.397644 1.2
      vertex 8.00876 0.603561 2.1
      vertex 8.00876 0.603561 1.2
    endloop
  endfacet
  facet normal -0.996493 -0.0836714 0
    outer loop
      vertex 8.00876 0.603561 2.1
      vertex 8.02605 0.397644 1.2
      vertex 8.02605 0.397644 2.1
    endloop
  endfacet
  facet normal -0.999647 -0.0265599 0
    outer loop
      vertex 8.0318 0.181229 1.2
      vertex 8.02605 0.397644 2.1
      vertex 8.02605 0.397644 1.2
    endloop
  endfacet
  facet normal -0.999647 -0.0265599 0
    outer loop
      vertex 8.02605 0.397644 2.1
      vertex 8.0318 0.181229 1.2
      vertex 8.0318 0.181229 2.1
    endloop
  endfacet
  facet normal -0.999678 0.025375 0
    outer loop
      vertex 8.02634 -0.0338745 1.2
      vertex 8.0318 0.181229 2.1
      vertex 8.0318 0.181229 1.2
    endloop
  endfacet
  facet normal -0.999678 0.025375 0
    outer loop
      vertex 8.0318 0.181229 2.1
      vertex 8.02634 -0.0338745 1.2
      vertex 8.02634 -0.0338745 2.1
    endloop
  endfacet
  facet normal -0.996841 0.0794288 0
    outer loop
      vertex 8.00993 -0.239822 1.2
      vertex 8.02634 -0.0338745 2.1
      vertex 8.02634 -0.0338745 1.2
    endloop
  endfacet
  facet normal -0.996841 0.0794288 0
    outer loop
      vertex 8.02634 -0.0338745 2.1
      vertex 8.00993 -0.239822 1.2
      vertex 8.00993 -0.239822 2.1
    endloop
  endfacet
  facet normal -0.990486 0.137616 0
    outer loop
      vertex 7.98259 -0.4366 1.2
      vertex 8.00993 -0.239822 2.1
      vertex 8.00993 -0.239822 1.2
    endloop
  endfacet
  facet normal -0.990486 0.137616 0
    outer loop
      vertex 8.00993 -0.239822 2.1
      vertex 7.98259 -0.4366 1.2
      vertex 7.98259 -0.4366 2.1
    endloop
  endfacet
  facet normal -0.979805 0.199956 0
    outer loop
      vertex 7.94431 -0.624176 1.2
      vertex 7.98259 -0.4366 2.1
      vertex 7.98259 -0.4366 1.2
    endloop
  endfacet
  facet normal -0.979805 0.199956 0
    outer loop
      vertex 7.98259 -0.4366 2.1
      vertex 7.94431 -0.624176 1.2
      vertex 7.94431 -0.624176 2.1
    endloop
  endfacet
  facet normal -0.964006 0.265881 0
    outer loop
      vertex 7.8951 -0.802597 1.2
      vertex 7.94431 -0.624176 2.1
      vertex 7.94431 -0.624176 1.2
    endloop
  endfacet
  facet normal -0.964006 0.265881 0
    outer loop
      vertex 7.94431 -0.624176 2.1
      vertex 7.8951 -0.802597 1.2
      vertex 7.8951 -0.802597 2.1
    endloop
  endfacet
  facet normal -0.942254 0.334899 0
    outer loop
      vertex 7.83495 -0.971832 1.2
      vertex 7.8951 -0.802597 2.1
      vertex 7.8951 -0.802597 1.2
    endloop
  endfacet
  facet normal -0.942254 0.334899 0
    outer loop
      vertex 7.8951 -0.802597 2.1
      vertex 7.83495 -0.971832 1.2
      vertex 7.83495 -0.971832 2.1
    endloop
  endfacet
  facet normal -0.91388 0.405984 0
    outer loop
      vertex 7.76385 -1.13188 1.2
      vertex 7.83495 -0.971832 2.1
      vertex 7.83495 -0.971832 1.2
    endloop
  endfacet
  facet normal -0.91388 0.405984 0
    outer loop
      vertex 7.83495 -0.971832 2.1
      vertex 7.76385 -1.13188 1.2
      vertex 7.76385 -1.13188 2.1
    endloop
  endfacet
  facet normal -0.878551 0.477648 0
    outer loop
      vertex 7.68182 -1.28276 1.2
      vertex 7.76385 -1.13188 2.1
      vertex 7.76385 -1.13188 1.2
    endloop
  endfacet
  facet normal -0.878551 0.477648 0
    outer loop
      vertex 7.76385 -1.13188 2.1
      vertex 7.68182 -1.28276 1.2
      vertex 7.68182 -1.28276 2.1
    endloop
  endfacet
  facet normal -0.83614 0.548516 0
    outer loop
      vertex 7.58887 -1.42445 1.2
      vertex 7.68182 -1.28276 2.1
      vertex 7.68182 -1.28276 1.2
    endloop
  endfacet
  facet normal -0.83614 0.548516 0
    outer loop
      vertex 7.68182 -1.28276 2.1
      vertex 7.58887 -1.42445 1.2
      vertex 7.58887 -1.42445 2.1
    endloop
  endfacet
  facet normal -0.786983 0.616974 0
    outer loop
      vertex 7.48497 -1.55698 1.2
      vertex 7.58887 -1.42445 2.1
      vertex 7.58887 -1.42445 1.2
    endloop
  endfacet
  facet normal -0.786983 0.616974 0
    outer loop
      vertex 7.58887 -1.42445 2.1
      vertex 7.48497 -1.55698 1.2
      vertex 7.48497 -1.55698 2.1
    endloop
  endfacet
  facet normal -0.731742 0.681582 0
    outer loop
      vertex 7.37178 -1.6785 1.2
      vertex 7.48497 -1.55698 2.1
      vertex 7.48497 -1.55698 1.2
    endloop
  endfacet
  facet normal -0.731742 0.681582 0
    outer loop
      vertex 7.48497 -1.55698 2.1
      vertex 7.37178 -1.6785 1.2
      vertex 7.37178 -1.6785 2.1
    endloop
  endfacet
  facet normal -0.668995 0.743267 0
    outer loop
      vertex 7.37178 -1.6785 1.2
      vertex 7.25099 -1.78722 2.1
      vertex 7.37178 -1.6785 2.1
    endloop
  endfacet
  facet normal -0.668995 0.743267 0
    outer loop
      vertex 7.25099 -1.78722 2.1
      vertex 7.37178 -1.6785 1.2
      vertex 7.25099 -1.78722 1.2
    endloop
  endfacet
  facet normal -0.598502 0.801121 0
    outer loop
      vertex 7.25099 -1.78722 1.2
      vertex 7.12257 -1.88316 2.1
      vertex 7.25099 -1.78722 2.1
    endloop
  endfacet
  facet normal -0.598502 0.801121 0
    outer loop
      vertex 7.12257 -1.88316 2.1
      vertex 7.25099 -1.78722 1.2
      vertex 7.12257 -1.88316 1.2
    endloop
  endfacet
  facet normal -0.5216 0.85319 0
    outer loop
      vertex 7.12257 -1.88316 1.2
      vertex 6.98656 -1.96631 2.1
      vertex 7.12257 -1.88316 2.1
    endloop
  endfacet
  facet normal -0.5216 0.85319 0
    outer loop
      vertex 6.98656 -1.96631 2.1
      vertex 7.12257 -1.88316 1.2
      vertex 6.98656 -1.96631 1.2
    endloop
  endfacet
  facet normal -0.439746 0.898122 0
    outer loop
      vertex 6.98656 -1.96631 1.2
      vertex 6.8429 -2.03665 2.1
      vertex 6.98656 -1.96631 2.1
    endloop
  endfacet
  facet normal -0.439746 0.898122 0
    outer loop
      vertex 6.8429 -2.03665 2.1
      vertex 6.98656 -1.96631 1.2
      vertex 6.8429 -2.03665 1.2
    endloop
  endfacet
  facet normal -0.35571 0.934596 0
    outer loop
      vertex 6.8429 -2.03665 1.2
      vertex 6.69164 -2.09422 2.1
      vertex 6.8429 -2.03665 2.1
    endloop
  endfacet
  facet normal -0.35571 0.934596 0
    outer loop
      vertex 6.69164 -2.09422 2.1
      vertex 6.8429 -2.03665 1.2
      vertex 6.69164 -2.09422 1.2
    endloop
  endfacet
  facet normal -0.271223 0.962517 0
    outer loop
      vertex 6.69164 -2.09422 1.2
      vertex 6.53276 -2.13899 2.1
      vertex 6.69164 -2.09422 2.1
    endloop
  endfacet
  facet normal -0.271223 0.962517 0
    outer loop
      vertex 6.53276 -2.13899 2.1
      vertex 6.69164 -2.09422 1.2
      vertex 6.53276 -2.13899 1.2
    endloop
  endfacet
  facet normal -0.188624 0.982049 0
    outer loop
      vertex 6.53276 -2.13899 1.2
      vertex 6.36626 -2.17097 2.1
      vertex 6.53276 -2.13899 2.1
    endloop
  endfacet
  facet normal -0.188624 0.982049 0
    outer loop
      vertex 6.36626 -2.17097 2.1
      vertex 6.53276 -2.13899 1.2
      vertex 6.36626 -2.17097 1.2
    endloop
  endfacet
  facet normal -0.109548 0.993982 0
    outer loop
      vertex 6.36626 -2.17097 1.2
      vertex 6.19214 -2.19016 2.1
      vertex 6.36626 -2.17097 2.1
    endloop
  endfacet
  facet normal -0.109548 0.993982 0
    outer loop
      vertex 6.19214 -2.19016 2.1
      vertex 6.36626 -2.17097 1.2
      vertex 6.19214 -2.19016 1.2
    endloop
  endfacet
  facet normal -0.0351403 0.999382 0
    outer loop
      vertex 6.19214 -2.19016 1.2
      vertex 6.01041 -2.19655 2.1
      vertex 6.19214 -2.19016 2.1
    endloop
  endfacet
  facet normal -0.0351403 0.999382 0
    outer loop
      vertex 6.01041 -2.19655 2.1
      vertex 6.19214 -2.19016 1.2
      vertex 6.01041 -2.19655 1.2
    endloop
  endfacet
  facet normal 0 1 -0
    outer loop
      vertex 6.01041 -2.19655 1.2
      vertex 4.78978 -2.19655 2.1
      vertex 6.01041 -2.19655 2.1
    endloop
  endfacet
  facet normal 0 1 0
    outer loop
      vertex 4.78978 -2.19655 2.1
      vertex 6.01041 -2.19655 1.2
      vertex 4.78978 -2.19655 1.2
    endloop
  endfacet
  facet normal 0.130523 -0.991445 0
    outer loop
      vertex -23.7647 -2.68971 1.2
      vertex -23.5312 -2.65897 2.1
      vertex -23.7647 -2.68971 2.1
    endloop
  endfacet
  facet normal 0.130523 -0.991445 0
    outer loop
      vertex -23.5312 -2.65897 2.1
      vertex -23.7647 -2.68971 1.2
      vertex -23.5312 -2.65897 1.2
    endloop
  endfacet
  facet normal 0.2164 -0.976305 0
    outer loop
      vertex -23.5312 -2.65897 1.2
      vertex -23.3012 -2.60799 2.1
      vertex -23.5312 -2.65897 2.1
    endloop
  endfacet
  facet normal 0.2164 -0.976305 0
    outer loop
      vertex -23.3012 -2.60799 2.1
      vertex -23.5312 -2.65897 1.2
      vertex -23.3012 -2.60799 1.2
    endloop
  endfacet
  facet normal 0.300759 -0.9537 0
    outer loop
      vertex -23.3012 -2.60799 1.2
      vertex -23.0766 -2.53716 2.1
      vertex -23.3012 -2.60799 2.1
    endloop
  endfacet
  facet normal 0.300759 -0.9537 0
    outer loop
      vertex -23.0766 -2.53716 2.1
      vertex -23.3012 -2.60799 1.2
      vertex -23.0766 -2.53716 1.2
    endloop
  endfacet
  facet normal 0.382559 -0.923931 0
    outer loop
      vertex -23.0766 -2.53716 1.2
      vertex -22.8589 -2.44702 2.1
      vertex -23.0766 -2.53716 2.1
    endloop
  endfacet
  facet normal 0.382559 -0.923931 0
    outer loop
      vertex -22.8589 -2.44702 2.1
      vertex -23.0766 -2.53716 1.2
      vertex -22.8589 -2.44702 1.2
    endloop
  endfacet
  facet normal 0.461794 -0.886987 0
    outer loop
      vertex -22.8589 -2.44702 1.2
      vertex -22.65 -2.33826 2.1
      vertex -22.8589 -2.44702 2.1
    endloop
  endfacet
  facet normal 0.461794 -0.886987 0
    outer loop
      vertex -22.65 -2.33826 2.1
      vertex -22.8589 -2.44702 1.2
      vertex -22.65 -2.33826 1.2
    endloop
  endfacet
  facet normal 0.537414 -0.843319 0
    outer loop
      vertex -22.65 -2.33826 1.2
      vertex -22.4514 -2.2117 2.1
      vertex -22.65 -2.33826 2.1
    endloop
  endfacet
  facet normal 0.537414 -0.843319 0
    outer loop
      vertex -22.4514 -2.2117 2.1
      vertex -22.65 -2.33826 1.2
      vertex -22.4514 -2.2117 1.2
    endloop
  endfacet
  facet normal 0.608699 -0.793401 0
    outer loop
      vertex -22.4514 -2.2117 1.2
      vertex -22.2645 -2.06831 2.1
      vertex -22.4514 -2.2117 2.1
    endloop
  endfacet
  facet normal 0.608699 -0.793401 0
    outer loop
      vertex -22.2645 -2.06831 2.1
      vertex -22.4514 -2.2117 1.2
      vertex -22.2645 -2.06831 1.2
    endloop
  endfacet
  facet normal 0.675505 -0.737355 0
    outer loop
      vertex -22.2645 -2.06831 1.2
      vertex -22.0908 -1.90918 2.1
      vertex -22.2645 -2.06831 2.1
    endloop
  endfacet
  facet normal 0.675505 -0.737355 0
    outer loop
      vertex -22.0908 -1.90918 2.1
      vertex -22.2645 -2.06831 1.2
      vertex -22.0908 -1.90918 1.2
    endloop
  endfacet
  facet normal 0.737341 -0.675521 0
    outer loop
      vertex -22.0908 -1.90918 2.1
      vertex -21.9317 -1.73552 1.2
      vertex -21.9317 -1.73552 2.1
    endloop
  endfacet
  facet normal 0.737341 -0.675521 0
    outer loop
      vertex -21.9317 -1.73552 1.2
      vertex -22.0908 -1.90918 2.1
      vertex -22.0908 -1.90918 1.2
    endloop
  endfacet
  facet normal 0.793334 -0.608787 0
    outer loop
      vertex -21.9317 -1.73552 2.1
      vertex -21.7883 -1.54865 1.2
      vertex -21.7883 -1.54865 2.1
    endloop
  endfacet
  facet normal 0.793334 -0.608787 0
    outer loop
      vertex -21.7883 -1.54865 1.2
      vertex -21.9317 -1.73552 2.1
      vertex -21.9317 -1.73552 1.2
    endloop
  endfacet
  facet normal 0.843315 -0.537419 0
    outer loop
      vertex -21.7883 -1.54865 2.1
      vertex -21.6617 -1.34999 1.2
      vertex -21.6617 -1.34999 2.1
    endloop
  endfacet
  facet normal 0.843315 -0.537419 0
    outer loop
      vertex -21.6617 -1.34999 1.2
      vertex -21.7883 -1.54865 2.1
      vertex -21.7883 -1.54865 1.2
    endloop
  endfacet
  facet normal 0.88711 -0.461559 0
    outer loop
      vertex -21.6617 -1.34999 2.1
      vertex -21.553 -1.14107 1.2
      vertex -21.553 -1.14107 2.1
    endloop
  endfacet
  facet normal 0.88711 -0.461559 0
    outer loop
      vertex -21.553 -1.14107 1.2
      vertex -21.6617 -1.34999 2.1
      vertex -21.6617 -1.34999 1.2
    endloop
  endfacet
  facet normal 0.923793 -0.382892 0
    outer loop
      vertex -21.553 -1.14107 2.1
      vertex -21.4628 -0.923447 1.2
      vertex -21.4628 -0.923447 2.1
    endloop
  endfacet
  facet normal 0.923793 -0.382892 0
    outer loop
      vertex -21.4628 -0.923447 1.2
      vertex -21.553 -1.14107 2.1
      vertex -21.553 -1.14107 1.2
    endloop
  endfacet
  facet normal 0.953752 -0.300595 0
    outer loop
      vertex -21.4628 -0.923447 2.1
      vertex -21.392 -0.698807 1.2
      vertex -21.392 -0.698807 2.1
    endloop
  endfacet
  facet normal 0.953752 -0.300595 0
    outer loop
      vertex -21.392 -0.698807 1.2
      vertex -21.4628 -0.923447 2.1
      vertex -21.4628 -0.923447 1.2
    endloop
  endfacet
  facet normal 0.97628 -0.216512 0
    outer loop
      vertex -21.392 -0.698807 2.1
      vertex -21.341 -0.468842 1.2
      vertex -21.341 -0.468842 2.1
    endloop
  endfacet
  facet normal 0.97628 -0.216512 0
    outer loop
      vertex -21.341 -0.468842 1.2
      vertex -21.392 -0.698807 2.1
      vertex -21.392 -0.698807 1.2
    endloop
  endfacet
  facet normal 0.99147 -0.130336 0
    outer loop
      vertex -21.341 -0.468842 2.1
      vertex -21.3103 -0.235306 1.2
      vertex -21.3103 -0.235306 2.1
    endloop
  endfacet
  facet normal 0.99147 -0.130336 0
    outer loop
      vertex -21.3103 -0.235306 1.2
      vertex -21.341 -0.468842 2.1
      vertex -21.341 -0.468842 1.2
    endloop
  endfacet
  facet normal 0.999043 -0.0437309 0
    outer loop
      vertex -21.3103 -0.235306 2.1
      vertex -21.3 0 1.2
      vertex -21.3 0 2.1
    endloop
  endfacet
  facet normal 0.999043 -0.0437309 0
    outer loop
      vertex -21.3 0 1.2
      vertex -21.3103 -0.235306 2.1
      vertex -21.3103 -0.235306 1.2
    endloop
  endfacet
  facet normal 0.999043 0.0437309 0
    outer loop
      vertex -21.3 0 2.1
      vertex -21.3103 0.235306 1.2
      vertex -21.3103 0.235306 2.1
    endloop
  endfacet
  facet normal 0.999043 0.0437309 0
    outer loop
      vertex -21.3103 0.235306 1.2
      vertex -21.3 0 2.1
      vertex -21.3 0 1.2
    endloop
  endfacet
  facet normal 0.99147 0.130336 0
    outer loop
      vertex -21.3103 0.235306 2.1
      vertex -21.341 0.468842 1.2
      vertex -21.341 0.468842 2.1
    endloop
  endfacet
  facet normal 0.99147 0.130336 0
    outer loop
      vertex -21.341 0.468842 1.2
      vertex -21.3103 0.235306 2.1
      vertex -21.3103 0.235306 1.2
    endloop
  endfacet
  facet normal 0.97628 0.216512 0
    outer loop
      vertex -21.341 0.468842 2.1
      vertex -21.392 0.698807 1.2
      vertex -21.392 0.698807 2.1
    endloop
  endfacet
  facet normal 0.97628 0.216512 0
    outer loop
      vertex -21.392 0.698807 1.2
      vertex -21.341 0.468842 2.1
      vertex -21.341 0.468842 1.2
    endloop
  endfacet
  facet normal 0.953752 0.300595 0
    outer loop
      vertex -21.392 0.698807 2.1
      vertex -21.4628 0.923447 1.2
      vertex -21.4628 0.923447 2.1
    endloop
  endfacet
  facet normal 0.953752 0.300595 0
    outer loop
      vertex -21.4628 0.923447 1.2
      vertex -21.392 0.698807 2.1
      vertex -21.392 0.698807 1.2
    endloop
  endfacet
  facet normal 0.923793 0.382892 0
    outer loop
      vertex -21.4628 0.923447 2.1
      vertex -21.553 1.14107 1.2
      vertex -21.553 1.14107 2.1
    endloop
  endfacet
  facet normal 0.923793 0.382892 0
    outer loop
      vertex -21.553 1.14107 1.2
      vertex -21.4628 0.923447 2.1
      vertex -21.4628 0.923447 1.2
    endloop
  endfacet
  facet normal 0.88711 0.461559 0
    outer loop
      vertex -21.553 1.14107 2.1
      vertex -21.6617 1.34999 1.2
      vertex -21.6617 1.34999 2.1
    endloop
  endfacet
  facet normal 0.88711 0.461559 0
    outer loop
      vertex -21.6617 1.34999 1.2
      vertex -21.553 1.14107 2.1
      vertex -21.553 1.14107 1.2
    endloop
  endfacet
  facet normal 0.843315 0.537419 0
    outer loop
      vertex -21.6617 1.34999 2.1
      vertex -21.7883 1.54865 1.2
      vertex -21.7883 1.54865 2.1
    endloop
  endfacet
  facet normal 0.843315 0.537419 0
    outer loop
      vertex -21.7883 1.54865 1.2
      vertex -21.6617 1.34999 2.1
      vertex -21.6617 1.34999 1.2
    endloop
  endfacet
  facet normal 0.793334 0.608787 0
    outer loop
      vertex -21.7883 1.54865 2.1
      vertex -21.9317 1.73552 1.2
      vertex -21.9317 1.73552 2.1
    endloop
  endfacet
  facet normal 0.793334 0.608787 0
    outer loop
      vertex -21.9317 1.73552 1.2
      vertex -21.7883 1.54865 2.1
      vertex -21.7883 1.54865 1.2
    endloop
  endfacet
  facet normal 0.737341 0.675521 0
    outer loop
      vertex -21.9317 1.73552 2.1
      vertex -22.0908 1.90918 1.2
      vertex -22.0908 1.90918 2.1
    endloop
  endfacet
  facet normal 0.737341 0.675521 0
    outer loop
      vertex -22.0908 1.90918 1.2
      vertex -21.9317 1.73552 2.1
      vertex -21.9317 1.73552 1.2
    endloop
  endfacet
  facet normal 0.675505 0.737355 -0
    outer loop
      vertex -22.0908 1.90918 1.2
      vertex -22.2645 2.06831 2.1
      vertex -22.0908 1.90918 2.1
    endloop
  endfacet
  facet normal 0.675505 0.737355 0
    outer loop
      vertex -22.2645 2.06831 2.1
      vertex -22.0908 1.90918 1.2
      vertex -22.2645 2.06831 1.2
    endloop
  endfacet
  facet normal 0.608699 0.793401 -0
    outer loop
      vertex -22.2645 2.06831 1.2
      vertex -22.4514 2.2117 2.1
      vertex -22.2645 2.06831 2.1
    endloop
  endfacet
  facet normal 0.608699 0.793401 0
    outer loop
      vertex -22.4514 2.2117 2.1
      vertex -22.2645 2.06831 1.2
      vertex -22.4514 2.2117 1.2
    endloop
  endfacet
  facet normal 0.537414 0.843319 -0
    outer loop
      vertex -22.4514 2.2117 1.2
      vertex -22.65 2.33826 2.1
      vertex -22.4514 2.2117 2.1
    endloop
  endfacet
  facet normal 0.537414 0.843319 0
    outer loop
      vertex -22.65 2.33826 2.1
      vertex -22.4514 2.2117 1.2
      vertex -22.65 2.33826 1.2
    endloop
  endfacet
  facet normal 0.461794 0.886987 -0
    outer loop
      vertex -22.65 2.33826 1.2
      vertex -22.8589 2.44702 2.1
      vertex -22.65 2.33826 2.1
    endloop
  endfacet
  facet normal 0.461794 0.886987 0
    outer loop
      vertex -22.8589 2.44702 2.1
      vertex -22.65 2.33826 1.2
      vertex -22.8589 2.44702 1.2
    endloop
  endfacet
  facet normal 0.382559 0.923931 -0
    outer loop
      vertex -22.8589 2.44702 1.2
      vertex -23.0766 2.53716 2.1
      vertex -22.8589 2.44702 2.1
    endloop
  endfacet
  facet normal 0.382559 0.923931 0
    outer loop
      vertex -23.0766 2.53716 2.1
      vertex -22.8589 2.44702 1.2
      vertex -23.0766 2.53716 1.2
    endloop
  endfacet
  facet normal 0.300759 0.9537 -0
    outer loop
      vertex -23.0766 2.53716 1.2
      vertex -23.3012 2.60799 2.1
      vertex -23.0766 2.53716 2.1
    endloop
  endfacet
  facet normal 0.300759 0.9537 0
    outer loop
      vertex -23.3012 2.60799 2.1
      vertex -23.0766 2.53716 1.2
      vertex -23.3012 2.60799 1.2
    endloop
  endfacet
  facet normal 0.2164 0.976305 -0
    outer loop
      vertex -23.3012 2.60799 1.2
      vertex -23.5312 2.65897 2.1
      vertex -23.3012 2.60799 2.1
    endloop
  endfacet
  facet normal 0.2164 0.976305 0
    outer loop
      vertex -23.5312 2.65897 2.1
      vertex -23.3012 2.60799 1.2
      vertex -23.5312 2.65897 1.2
    endloop
  endfacet
  facet normal 0.130523 0.991445 -0
    outer loop
      vertex -23.5312 2.65897 1.2
      vertex -23.7647 2.68971 2.1
      vertex -23.5312 2.65897 2.1
    endloop
  endfacet
  facet normal 0.130523 0.991445 0
    outer loop
      vertex -23.7647 2.68971 2.1
      vertex -23.5312 2.65897 1.2
      vertex -23.7647 2.68971 1.2
    endloop
  endfacet
  facet normal 0.0436896 0.999045 -0
    outer loop
      vertex -23.7647 2.68971 1.2
      vertex -24 2.7 2.1
      vertex -23.7647 2.68971 2.1
    endloop
  endfacet
  facet normal 0.0436896 0.999045 0
    outer loop
      vertex -24 2.7 2.1
      vertex -23.7647 2.68971 1.2
      vertex -24 2.7 1.2
    endloop
  endfacet
  facet normal -0.0436896 0.999045 0
    outer loop
      vertex -24 2.7 1.2
      vertex -24.2353 2.68971 2.1
      vertex -24 2.7 2.1
    endloop
  endfacet
  facet normal -0.0436896 0.999045 0
    outer loop
      vertex -24.2353 2.68971 2.1
      vertex -24 2.7 1.2
      vertex -24.2353 2.68971 1.2
    endloop
  endfacet
  facet normal -0.130523 0.991445 0
    outer loop
      vertex -24.2353 2.68971 1.2
      vertex -24.4688 2.65897 2.1
      vertex -24.2353 2.68971 2.1
    endloop
  endfacet
  facet normal -0.130523 0.991445 0
    outer loop
      vertex -24.4688 2.65897 2.1
      vertex -24.2353 2.68971 1.2
      vertex -24.4688 2.65897 1.2
    endloop
  endfacet
  facet normal -0.2164 0.976305 0
    outer loop
      vertex -24.4688 2.65897 1.2
      vertex -24.6988 2.60799 2.1
      vertex -24.4688 2.65897 2.1
    endloop
  endfacet
  facet normal -0.2164 0.976305 0
    outer loop
      vertex -24.6988 2.60799 2.1
      vertex -24.4688 2.65897 1.2
      vertex -24.6988 2.60799 1.2
    endloop
  endfacet
  facet normal -0.300759 0.9537 0
    outer loop
      vertex -24.6988 2.60799 1.2
      vertex -24.9234 2.53716 2.1
      vertex -24.6988 2.60799 2.1
    endloop
  endfacet
  facet normal -0.300759 0.9537 0
    outer loop
      vertex -24.9234 2.53716 2.1
      vertex -24.6988 2.60799 1.2
      vertex -24.9234 2.53716 1.2
    endloop
  endfacet
  facet normal -0.382559 0.923931 0
    outer loop
      vertex -24.9234 2.53716 1.2
      vertex -25.1411 2.44702 2.1
      vertex -24.9234 2.53716 2.1
    endloop
  endfacet
  facet normal -0.382559 0.923931 0
    outer loop
      vertex -25.1411 2.44702 2.1
      vertex -24.9234 2.53716 1.2
      vertex -25.1411 2.44702 1.2
    endloop
  endfacet
  facet normal -0.461794 0.886987 0
    outer loop
      vertex -25.1411 2.44702 1.2
      vertex -25.35 2.33826 2.1
      vertex -25.1411 2.44702 2.1
    endloop
  endfacet
  facet normal -0.461794 0.886987 0
    outer loop
      vertex -25.35 2.33826 2.1
      vertex -25.1411 2.44702 1.2
      vertex -25.35 2.33826 1.2
    endloop
  endfacet
  facet normal -0.537414 0.843319 0
    outer loop
      vertex -25.35 2.33826 1.2
      vertex -25.5486 2.2117 2.1
      vertex -25.35 2.33826 2.1
    endloop
  endfacet
  facet normal -0.537414 0.843319 0
    outer loop
      vertex -25.5486 2.2117 2.1
      vertex -25.35 2.33826 1.2
      vertex -25.5486 2.2117 1.2
    endloop
  endfacet
  facet normal -0.608699 0.793401 0
    outer loop
      vertex -25.5486 2.2117 1.2
      vertex -25.7355 2.06831 2.1
      vertex -25.5486 2.2117 2.1
    endloop
  endfacet
  facet normal -0.608699 0.793401 0
    outer loop
      vertex -25.7355 2.06831 2.1
      vertex -25.5486 2.2117 1.2
      vertex -25.7355 2.06831 1.2
    endloop
  endfacet
  facet normal -0.675505 0.737355 0
    outer loop
      vertex -25.7355 2.06831 1.2
      vertex -25.9092 1.90918 2.1
      vertex -25.7355 2.06831 2.1
    endloop
  endfacet
  facet normal -0.675505 0.737355 0
    outer loop
      vertex -25.9092 1.90918 2.1
      vertex -25.7355 2.06831 1.2
      vertex -25.9092 1.90918 1.2
    endloop
  endfacet
  facet normal -0.737341 0.675521 0
    outer loop
      vertex -26.0683 1.73552 1.2
      vertex -25.9092 1.90918 2.1
      vertex -25.9092 1.90918 1.2
    endloop
  endfacet
  facet normal -0.737341 0.675521 0
    outer loop
      vertex -25.9092 1.90918 2.1
      vertex -26.0683 1.73552 1.2
      vertex -26.0683 1.73552 2.1
    endloop
  endfacet
  facet normal -0.793334 0.608787 0
    outer loop
      vertex -26.2117 1.54865 1.2
      vertex -26.0683 1.73552 2.1
      vertex -26.0683 1.73552 1.2
    endloop
  endfacet
  facet normal -0.793334 0.608787 0
    outer loop
      vertex -26.0683 1.73552 2.1
      vertex -26.2117 1.54865 1.2
      vertex -26.2117 1.54865 2.1
    endloop
  endfacet
  facet normal -0.843315 0.537419 0
    outer loop
      vertex -26.3383 1.34999 1.2
      vertex -26.2117 1.54865 2.1
      vertex -26.2117 1.54865 1.2
    endloop
  endfacet
  facet normal -0.843315 0.537419 0
    outer loop
      vertex -26.2117 1.54865 2.1
      vertex -26.3383 1.34999 1.2
      vertex -26.3383 1.34999 2.1
    endloop
  endfacet
  facet normal -0.88711 0.461559 0
    outer loop
      vertex -26.447 1.14107 1.2
      vertex -26.3383 1.34999 2.1
      vertex -26.3383 1.34999 1.2
    endloop
  endfacet
  facet normal -0.88711 0.461559 0
    outer loop
      vertex -26.3383 1.34999 2.1
      vertex -26.447 1.14107 1.2
      vertex -26.447 1.14107 2.1
    endloop
  endfacet
  facet normal -0.923793 0.382892 0
    outer loop
      vertex -26.5372 0.923447 1.2
      vertex -26.447 1.14107 2.1
      vertex -26.447 1.14107 1.2
    endloop
  endfacet
  facet normal -0.923793 0.382892 0
    outer loop
      vertex -26.447 1.14107 2.1
      vertex -26.5372 0.923447 1.2
      vertex -26.5372 0.923447 2.1
    endloop
  endfacet
  facet normal -0.953752 0.300595 0
    outer loop
      vertex -26.608 0.698807 1.2
      vertex -26.5372 0.923447 2.1
      vertex -26.5372 0.923447 1.2
    endloop
  endfacet
  facet normal -0.953752 0.300595 0
    outer loop
      vertex -26.5372 0.923447 2.1
      vertex -26.608 0.698807 1.2
      vertex -26.608 0.698807 2.1
    endloop
  endfacet
  facet normal -0.97628 0.216512 0
    outer loop
      vertex -26.659 0.468842 1.2
      vertex -26.608 0.698807 2.1
      vertex -26.608 0.698807 1.2
    endloop
  endfacet
  facet normal -0.97628 0.216512 0
    outer loop
      vertex -26.608 0.698807 2.1
      vertex -26.659 0.468842 1.2
      vertex -26.659 0.468842 2.1
    endloop
  endfacet
  facet normal -0.99147 0.130336 0
    outer loop
      vertex -26.6897 0.235306 1.2
      vertex -26.659 0.468842 2.1
      vertex -26.659 0.468842 1.2
    endloop
  endfacet
  facet normal -0.99147 0.130336 0
    outer loop
      vertex -26.659 0.468842 2.1
      vertex -26.6897 0.235306 1.2
      vertex -26.6897 0.235306 2.1
    endloop
  endfacet
  facet normal -0.999043 0.0437309 0
    outer loop
      vertex -26.7 0 1.2
      vertex -26.6897 0.235306 2.1
      vertex -26.6897 0.235306 1.2
    endloop
  endfacet
  facet normal -0.999043 0.0437309 0
    outer loop
      vertex -26.6897 0.235306 2.1
      vertex -26.7 0 1.2
      vertex -26.7 0 2.1
    endloop
  endfacet
  facet normal -0.999043 -0.0437309 0
    outer loop
      vertex -26.6897 -0.235306 1.2
      vertex -26.7 0 2.1
      vertex -26.7 0 1.2
    endloop
  endfacet
  facet normal -0.999043 -0.0437309 0
    outer loop
      vertex -26.7 0 2.1
      vertex -26.6897 -0.235306 1.2
      vertex -26.6897 -0.235306 2.1
    endloop
  endfacet
  facet normal -0.99147 -0.130336 0
    outer loop
      vertex -26.659 -0.468842 1.2
      vertex -26.6897 -0.235306 2.1
      vertex -26.6897 -0.235306 1.2
    endloop
  endfacet
  facet normal -0.99147 -0.130336 0
    outer loop
      vertex -26.6897 -0.235306 2.1
      vertex -26.659 -0.468842 1.2
      vertex -26.659 -0.468842 2.1
    endloop
  endfacet
  facet normal -0.97628 -0.216512 0
    outer loop
      vertex -26.608 -0.698807 1.2
      vertex -26.659 -0.468842 2.1
      vertex -26.659 -0.468842 1.2
    endloop
  endfacet
  facet normal -0.97628 -0.216512 0
    outer loop
      vertex -26.659 -0.468842 2.1
      vertex -26.608 -0.698807 1.2
      vertex -26.608 -0.698807 2.1
    endloop
  endfacet
  facet normal -0.953752 -0.300595 0
    outer loop
      vertex -26.5372 -0.923447 1.2
      vertex -26.608 -0.698807 2.1
      vertex -26.608 -0.698807 1.2
    endloop
  endfacet
  facet normal -0.953752 -0.300595 0
    outer loop
      vertex -26.608 -0.698807 2.1
      vertex -26.5372 -0.923447 1.2
      vertex -26.5372 -0.923447 2.1
    endloop
  endfacet
  facet normal -0.923793 -0.382892 0
    outer loop
      vertex -26.447 -1.14107 1.2
      vertex -26.5372 -0.923447 2.1
      vertex -26.5372 -0.923447 1.2
    endloop
  endfacet
  facet normal -0.923793 -0.382892 0
    outer loop
      vertex -26.5372 -0.923447 2.1
      vertex -26.447 -1.14107 1.2
      vertex -26.447 -1.14107 2.1
    endloop
  endfacet
  facet normal -0.88711 -0.461559 0
    outer loop
      vertex -26.3383 -1.34999 1.2
      vertex -26.447 -1.14107 2.1
      vertex -26.447 -1.14107 1.2
    endloop
  endfacet
  facet normal -0.88711 -0.461559 0
    outer loop
      vertex -26.447 -1.14107 2.1
      vertex -26.3383 -1.34999 1.2
      vertex -26.3383 -1.34999 2.1
    endloop
  endfacet
  facet normal -0.843315 -0.537419 0
    outer loop
      vertex -26.2117 -1.54865 1.2
      vertex -26.3383 -1.34999 2.1
      vertex -26.3383 -1.34999 1.2
    endloop
  endfacet
  facet normal -0.843315 -0.537419 0
    outer loop
      vertex -26.3383 -1.34999 2.1
      vertex -26.2117 -1.54865 1.2
      vertex -26.2117 -1.54865 2.1
    endloop
  endfacet
  facet normal -0.793334 -0.608787 0
    outer loop
      vertex -26.0683 -1.73552 1.2
      vertex -26.2117 -1.54865 2.1
      vertex -26.2117 -1.54865 1.2
    endloop
  endfacet
  facet normal -0.793334 -0.608787 0
    outer loop
      vertex -26.2117 -1.54865 2.1
      vertex -26.0683 -1.73552 1.2
      vertex -26.0683 -1.73552 2.1
    endloop
  endfacet
  facet normal -0.737341 -0.675521 0
    outer loop
      vertex -25.9092 -1.90918 1.2
      vertex -26.0683 -1.73552 2.1
      vertex -26.0683 -1.73552 1.2
    endloop
  endfacet
  facet normal -0.737341 -0.675521 0
    outer loop
      vertex -26.0683 -1.73552 2.1
      vertex -25.9092 -1.90918 1.2
      vertex -25.9092 -1.90918 2.1
    endloop
  endfacet
  facet normal -0.675505 -0.737355 0
    outer loop
      vertex -25.9092 -1.90918 1.2
      vertex -25.7355 -2.06831 2.1
      vertex -25.9092 -1.90918 2.1
    endloop
  endfacet
  facet normal -0.675505 -0.737355 -0
    outer loop
      vertex -25.7355 -2.06831 2.1
      vertex -25.9092 -1.90918 1.2
      vertex -25.7355 -2.06831 1.2
    endloop
  endfacet
  facet normal -0.608699 -0.793401 0
    outer loop
      vertex -25.7355 -2.06831 1.2
      vertex -25.5486 -2.2117 2.1
      vertex -25.7355 -2.06831 2.1
    endloop
  endfacet
  facet normal -0.608699 -0.793401 -0
    outer loop
      vertex -25.5486 -2.2117 2.1
      vertex -25.7355 -2.06831 1.2
      vertex -25.5486 -2.2117 1.2
    endloop
  endfacet
  facet normal -0.537414 -0.843319 0
    outer loop
      vertex -25.5486 -2.2117 1.2
      vertex -25.35 -2.33826 2.1
      vertex -25.5486 -2.2117 2.1
    endloop
  endfacet
  facet normal -0.537414 -0.843319 -0
    outer loop
      vertex -25.35 -2.33826 2.1
      vertex -25.5486 -2.2117 1.2
      vertex -25.35 -2.33826 1.2
    endloop
  endfacet
  facet normal -0.461794 -0.886987 0
    outer loop
      vertex -25.35 -2.33826 1.2
      vertex -25.1411 -2.44702 2.1
      vertex -25.35 -2.33826 2.1
    endloop
  endfacet
  facet normal -0.461794 -0.886987 -0
    outer loop
      vertex -25.1411 -2.44702 2.1
      vertex -25.35 -2.33826 1.2
      vertex -25.1411 -2.44702 1.2
    endloop
  endfacet
  facet normal -0.382559 -0.923931 0
    outer loop
      vertex -25.1411 -2.44702 1.2
      vertex -24.9234 -2.53716 2.1
      vertex -25.1411 -2.44702 2.1
    endloop
  endfacet
  facet normal -0.382559 -0.923931 -0
    outer loop
      vertex -24.9234 -2.53716 2.1
      vertex -25.1411 -2.44702 1.2
      vertex -24.9234 -2.53716 1.2
    endloop
  endfacet
  facet normal -0.300759 -0.9537 0
    outer loop
      vertex -24.9234 -2.53716 1.2
      vertex -24.6988 -2.60799 2.1
      vertex -24.9234 -2.53716 2.1
    endloop
  endfacet
  facet normal -0.300759 -0.9537 -0
    outer loop
      vertex -24.6988 -2.60799 2.1
      vertex -24.9234 -2.53716 1.2
      vertex -24.6988 -2.60799 1.2
    endloop
  endfacet
  facet normal -0.2164 -0.976305 0
    outer loop
      vertex -24.6988 -2.60799 1.2
      vertex -24.4688 -2.65897 2.1
      vertex -24.6988 -2.60799 2.1
    endloop
  endfacet
  facet normal -0.2164 -0.976305 -0
    outer loop
      vertex -24.4688 -2.65897 2.1
      vertex -24.6988 -2.60799 1.2
      vertex -24.4688 -2.65897 1.2
    endloop
  endfacet
  facet normal -0.130523 -0.991445 0
    outer loop
      vertex -24.4688 -2.65897 1.2
      vertex -24.2353 -2.68971 2.1
      vertex -24.4688 -2.65897 2.1
    endloop
  endfacet
  facet normal -0.130523 -0.991445 -0
    outer loop
      vertex -24.2353 -2.68971 2.1
      vertex -24.4688 -2.65897 1.2
      vertex -24.2353 -2.68971 1.2
    endloop
  endfacet
  facet normal -0.0436896 -0.999045 0
    outer loop
      vertex -24.2353 -2.68971 1.2
      vertex -24 -2.7 2.1
      vertex -24.2353 -2.68971 2.1
    endloop
  endfacet
  facet normal -0.0436896 -0.999045 -0
    outer loop
      vertex -24 -2.7 2.1
      vertex -24.2353 -2.68971 1.2
      vertex -24 -2.7 1.2
    endloop
  endfacet
  facet normal 0.0436896 -0.999045 0
    outer loop
      vertex -24 -2.7 1.2
      vertex -23.7647 -2.68971 2.1
      vertex -24 -2.7 2.1
    endloop
  endfacet
  facet normal 0.0436896 -0.999045 0
    outer loop
      vertex -23.7647 -2.68971 2.1
      vertex -24 -2.7 1.2
      vertex -23.7647 -2.68971 1.2
    endloop
  endfacet
  facet normal 0.999845 -0.0175993 0
    outer loop
      vertex 11.8032 -0.717163 2.1
      vertex 11.806 -0.55809 1.2
      vertex 11.806 -0.55809 2.1
    endloop
  endfacet
  facet normal 0.999845 -0.0175993 0
    outer loop
      vertex 11.806 -0.55809 1.2
      vertex 11.8032 -0.717163 2.1
      vertex 11.8032 -0.717163 1.2
    endloop
  endfacet
  facet normal 0.998383 -0.0568382 0
    outer loop
      vertex 11.806 -0.55809 2.1
      vertex 11.8146 -0.407028 1.2
      vertex 11.8146 -0.407028 2.1
    endloop
  endfacet
  facet normal 0.998383 -0.0568382 0
    outer loop
      vertex 11.8146 -0.407028 1.2
      vertex 11.806 -0.55809 2.1
      vertex 11.806 -0.55809 1.2
    endloop
  endfacet
  facet normal 0.995042 -0.0994583 0
    outer loop
      vertex 11.8146 -0.407028 2.1
      vertex 11.8289 -0.263962 1.2
      vertex 11.8289 -0.263962 2.1
    endloop
  endfacet
  facet normal 0.995042 -0.0994583 0
    outer loop
      vertex 11.8289 -0.263962 1.2
      vertex 11.8146 -0.407028 2.1
      vertex 11.8146 -0.407028 1.2
    endloop
  endfacet
  facet normal 0.989212 -0.146489 0
    outer loop
      vertex 11.8289 -0.263962 2.1
      vertex 11.8489 -0.128906 1.2
      vertex 11.8489 -0.128906 2.1
    endloop
  endfacet
  facet normal 0.989212 -0.146489 0
    outer loop
      vertex 11.8489 -0.128906 1.2
      vertex 11.8289 -0.263962 2.1
      vertex 11.8289 -0.263962 1.2
    endloop
  endfacet
  facet normal 0.980146 -0.198275 0
    outer loop
      vertex 11.8489 -0.128906 2.1
      vertex 11.8746 -0.00186157 1.2
      vertex 11.8746 -0.00186157 2.1
    endloop
  endfacet
  facet normal 0.980146 -0.198275 0
    outer loop
      vertex 11.8746 -0.00186157 1.2
      vertex 11.8489 -0.128906 2.1
      vertex 11.8489 -0.128906 1.2
    endloop
  endfacet
  facet normal 0.966916 -0.255096 0
    outer loop
      vertex 11.8746 -0.00186157 2.1
      vertex 11.906 0.117157 1.2
      vertex 11.906 0.117157 2.1
    endloop
  endfacet
  facet normal 0.966916 -0.255096 0
    outer loop
      vertex 11.906 0.117157 1.2
      vertex 11.8746 -0.00186157 2.1
      vertex 11.8746 -0.00186157 1.2
    endloop
  endfacet
  facet normal 0.948446 -0.316938 0
    outer loop
      vertex 11.906 0.117157 2.1
      vertex 11.9431 0.22818 1.2
      vertex 11.9431 0.22818 2.1
    endloop
  endfacet
  facet normal 0.948446 -0.316938 0
    outer loop
      vertex 11.9431 0.22818 1.2
      vertex 11.906 0.117157 2.1
      vertex 11.906 0.117157 1.2
    endloop
  endfacet
  facet normal 0.923166 -0.384402 0
    outer loop
      vertex 11.9431 0.22818 2.1
      vertex 11.986 0.331207 1.2
      vertex 11.986 0.331207 2.1
    endloop
  endfacet
  facet normal 0.923166 -0.384402 0
    outer loop
      vertex 11.986 0.331207 1.2
      vertex 11.9431 0.22818 2.1
      vertex 11.9431 0.22818 1.2
    endloop
  endfacet
  facet normal 0.890679 -0.454634 0
    outer loop
      vertex 11.986 0.331207 2.1
      vertex 12.0345 0.426224 1.2
      vertex 12.0345 0.426224 2.1
    endloop
  endfacet
  facet normal 0.890679 -0.454634 0
    outer loop
      vertex 12.0345 0.426224 1.2
      vertex 11.986 0.331207 2.1
      vertex 11.986 0.331207 1.2
    endloop
  endfacet
  facet normal 0.84834 -0.529451 0
    outer loop
      vertex 12.0345 0.426224 2.1
      vertex 12.0888 0.513229 1.2
      vertex 12.0888 0.513229 2.1
    endloop
  endfacet
  facet normal 0.84834 -0.529451 0
    outer loop
      vertex 12.0888 0.513229 1.2
      vertex 12.0345 0.426224 2.1
      vertex 12.0345 0.426224 1.2
    endloop
  endfacet
  facet normal 0.798696 -0.601735 0
    outer loop
      vertex 12.0888 0.513229 2.1
      vertex 12.1482 0.592072 1.2
      vertex 12.1482 0.592072 2.1
    endloop
  endfacet
  facet normal 0.798696 -0.601735 0
    outer loop
      vertex 12.1482 0.592072 1.2
      vertex 12.0888 0.513229 2.1
      vertex 12.0888 0.513229 1.2
    endloop
  endfacet
  facet normal 0.741203 -0.671281 0
    outer loop
      vertex 12.1482 0.592072 2.1
      vertex 12.2121 0.662628 1.2
      vertex 12.2121 0.662628 2.1
    endloop
  endfacet
  facet normal 0.741203 -0.671281 0
    outer loop
      vertex 12.2121 0.662628 1.2
      vertex 12.1482 0.592072 2.1
      vertex 12.1482 0.592072 1.2
    endloop
  endfacet
  facet normal 0.672574 -0.74003 0
    outer loop
      vertex 12.2121 0.662628 1.2
      vertex 12.2806 0.724884 2.1
      vertex 12.2121 0.662628 2.1
    endloop
  endfacet
  facet normal 0.672574 -0.74003 0
    outer loop
      vertex 12.2806 0.724884 2.1
      vertex 12.2121 0.662628 1.2
      vertex 12.2806 0.724884 1.2
    endloop
  endfacet
  facet normal 0.59438 -0.804184 0
    outer loop
      vertex 12.2806 0.724884 1.2
      vertex 12.3536 0.778839 2.1
      vertex 12.2806 0.724884 2.1
    endloop
  endfacet
  facet normal 0.59438 -0.804184 0
    outer loop
      vertex 12.3536 0.778839 2.1
      vertex 12.2806 0.724884 1.2
      vertex 12.3536 0.778839 1.2
    endloop
  endfacet
  facet normal 0.506954 -0.861973 0
    outer loop
      vertex 12.3536 0.778839 1.2
      vertex 12.4312 0.824478 2.1
      vertex 12.3536 0.778839 2.1
    endloop
  endfacet
  facet normal 0.506954 -0.861973 0
    outer loop
      vertex 12.4312 0.824478 2.1
      vertex 12.3536 0.778839 1.2
      vertex 12.4312 0.824478 1.2
    endloop
  endfacet
  facet normal 0.414132 -0.910217 0
    outer loop
      vertex 12.4312 0.824478 1.2
      vertex 12.5133 0.861832 2.1
      vertex 12.4312 0.824478 2.1
    endloop
  endfacet
  facet normal 0.414132 -0.910217 0
    outer loop
      vertex 12.5133 0.861832 2.1
      vertex 12.4312 0.824478 1.2
      vertex 12.5133 0.861832 1.2
    endloop
  endfacet
  facet normal 0.318053 -0.948073 0
    outer loop
      vertex 12.5133 0.861832 1.2
      vertex 12.5999 0.890884 2.1
      vertex 12.5133 0.861832 2.1
    endloop
  endfacet
  facet normal 0.318053 -0.948073 0
    outer loop
      vertex 12.5999 0.890884 2.1
      vertex 12.5133 0.861832 1.2
      vertex 12.5999 0.890884 1.2
    endloop
  endfacet
  facet normal 0.221872 -0.975076 0
    outer loop
      vertex 12.5999 0.890884 1.2
      vertex 12.6911 0.911636 2.1
      vertex 12.5999 0.890884 2.1
    endloop
  endfacet
  facet normal 0.221872 -0.975076 0
    outer loop
      vertex 12.6911 0.911636 2.1
      vertex 12.5999 0.890884 1.2
      vertex 12.6911 0.911636 1.2
    endloop
  endfacet
  facet normal 0.129027 -0.991641 0
    outer loop
      vertex 12.6911 0.911636 1.2
      vertex 12.7868 0.924088 2.1
      vertex 12.6911 0.911636 2.1
    endloop
  endfacet
  facet normal 0.129027 -0.991641 0
    outer loop
      vertex 12.7868 0.924088 2.1
      vertex 12.6911 0.911636 1.2
      vertex 12.7868 0.924088 1.2
    endloop
  endfacet
  facet normal 0.0413405 -0.999145 0
    outer loop
      vertex 12.7868 0.924088 1.2
      vertex 12.8871 0.928238 2.1
      vertex 12.7868 0.924088 2.1
    endloop
  endfacet
  facet normal 0.0413405 -0.999145 0
    outer loop
      vertex 12.8871 0.928238 2.1
      vertex 12.7868 0.924088 1.2
      vertex 12.8871 0.928238 1.2
    endloop
  endfacet
  facet normal -0.0142316 -0.999899 0
    outer loop
      vertex 12.8871 0.928238 1.2
      vertex 12.9386 0.927505 2.1
      vertex 12.8871 0.928238 2.1
    endloop
  endfacet
  facet normal -0.0142316 -0.999899 -0
    outer loop
      vertex 12.9386 0.927505 2.1
      vertex 12.8871 0.928238 1.2
      vertex 12.9386 0.927505 1.2
    endloop
  endfacet
  facet normal -0.0413394 -0.999145 0
    outer loop
      vertex 12.9386 0.927505 1.2
      vertex 12.9917 0.925308 2.1
      vertex 12.9386 0.927505 2.1
    endloop
  endfacet
  facet normal -0.0413394 -0.999145 -0
    outer loop
      vertex 12.9917 0.925308 2.1
      vertex 12.9386 0.927505 1.2
      vertex 12.9917 0.925308 1.2
    endloop
  endfacet
  facet normal -0.0667975 -0.997767 0
    outer loop
      vertex 12.9917 0.925308 1.2
      vertex 13.0464 0.921646 2.1
      vertex 12.9917 0.925308 2.1
    endloop
  endfacet
  facet normal -0.0667975 -0.997767 -0
    outer loop
      vertex 13.0464 0.921646 2.1
      vertex 12.9917 0.925308 1.2
      vertex 13.0464 0.921646 1.2
    endloop
  endfacet
  facet normal -0.0908505 -0.995865 0
    outer loop
      vertex 13.0464 0.921646 1.2
      vertex 13.1026 0.916519 2.1
      vertex 13.0464 0.921646 2.1
    endloop
  endfacet
  facet normal -0.0908505 -0.995865 -0
    outer loop
      vertex 13.1026 0.916519 2.1
      vertex 13.0464 0.921646 1.2
      vertex 13.1026 0.916519 1.2
    endloop
  endfacet
  facet normal -0.113314 -0.993559 0
    outer loop
      vertex 13.1026 0.916519 1.2
      vertex 13.1604 0.909927 2.1
      vertex 13.1026 0.916519 2.1
    endloop
  endfacet
  facet normal -0.113314 -0.993559 -0
    outer loop
      vertex 13.1604 0.909927 2.1
      vertex 13.1026 0.916519 1.2
      vertex 13.1604 0.909927 1.2
    endloop
  endfacet
  facet normal -0.134393 -0.990928 0
    outer loop
      vertex 13.1604 0.909927 1.2
      vertex 13.2198 0.901871 2.1
      vertex 13.1604 0.909927 2.1
    endloop
  endfacet
  facet normal -0.134393 -0.990928 -0
    outer loop
      vertex 13.2198 0.901871 2.1
      vertex 13.1604 0.909927 1.2
      vertex 13.2198 0.901871 1.2
    endloop
  endfacet
  facet normal -0.154478 -0.987996 0
    outer loop
      vertex 13.2198 0.901871 1.2
      vertex 13.2807 0.892349 2.1
      vertex 13.2198 0.901871 2.1
    endloop
  endfacet
  facet normal -0.154478 -0.987996 -0
    outer loop
      vertex 13.2807 0.892349 2.1
      vertex 13.2198 0.901871 1.2
      vertex 13.2807 0.892349 1.2
    endloop
  endfacet
  facet normal -0.172893 -0.984941 0
    outer loop
      vertex 13.2807 0.892349 1.2
      vertex 13.3432 0.881378 2.1
      vertex 13.2807 0.892349 2.1
    endloop
  endfacet
  facet normal -0.172893 -0.984941 -0
    outer loop
      vertex 13.3432 0.881378 2.1
      vertex 13.2807 0.892349 1.2
      vertex 13.3432 0.881378 1.2
    endloop
  endfacet
  facet normal -0.190679 -0.981652 0
    outer loop
      vertex 13.3432 0.881378 1.2
      vertex 13.4073 0.868927 2.1
      vertex 13.3432 0.881378 2.1
    endloop
  endfacet
  facet normal -0.190679 -0.981652 -0
    outer loop
      vertex 13.4073 0.868927 2.1
      vertex 13.3432 0.881378 1.2
      vertex 13.4073 0.868927 1.2
    endloop
  endfacet
  facet normal -0.207516 -0.978232 0
    outer loop
      vertex 13.4073 0.868927 1.2
      vertex 13.4729 0.855011 2.1
      vertex 13.4073 0.868927 2.1
    endloop
  endfacet
  facet normal -0.207516 -0.978232 -0
    outer loop
      vertex 13.4729 0.855011 2.1
      vertex 13.4073 0.868927 1.2
      vertex 13.4729 0.855011 1.2
    endloop
  endfacet
  facet normal 1 -0 0
    outer loop
      vertex 13.4729 0.855011 2.1
      vertex 13.4729 2.0024 1.2
      vertex 13.4729 2.0024 2.1
    endloop
  endfacet
  facet normal 1 0 0
    outer loop
      vertex 13.4729 2.0024 1.2
      vertex 13.4729 0.855011 2.1
      vertex 13.4729 0.855011 1.2
    endloop
  endfacet
  facet normal 0.386429 0.922319 -0
    outer loop
      vertex 13.4729 2.0024 1.2
      vertex 13.4397 2.01631 2.1
      vertex 13.4729 2.0024 2.1
    endloop
  endfacet
  facet normal 0.386429 0.922319 0
    outer loop
      vertex 13.4397 2.01631 2.1
      vertex 13.4729 2.0024 1.2
      vertex 13.4397 2.01631 1.2
    endloop
  endfacet
  facet normal 0.33261 0.943064 -0
    outer loop
      vertex 13.4397 2.01631 1.2
      vertex 13.4044 2.02876 2.1
      vertex 13.4397 2.01631 2.1
    endloop
  endfacet
  facet normal 0.33261 0.943064 0
    outer loop
      vertex 13.4044 2.02876 2.1
      vertex 13.4397 2.01631 1.2
      vertex 13.4044 2.02876 1.2
    endloop
  endfacet
  facet normal 0.28193 0.959435 -0
    outer loop
      vertex 13.4044 2.02876 1.2
      vertex 13.367 2.03975 2.1
      vertex 13.4044 2.02876 2.1
    endloop
  endfacet
  facet normal 0.28193 0.959435 0
    outer loop
      vertex 13.367 2.03975 2.1
      vertex 13.4044 2.02876 1.2
      vertex 13.367 2.03975 1.2
    endloop
  endfacet
  facet normal 0.23543 0.971891 -0
    outer loop
      vertex 13.367 2.03975 1.2
      vertex 13.3277 2.04927 2.1
      vertex 13.367 2.03975 2.1
    endloop
  endfacet
  facet normal 0.23543 0.971891 0
    outer loop
      vertex 13.3277 2.04927 2.1
      vertex 13.367 2.03975 1.2
      vertex 13.3277 2.04927 1.2
    endloop
  endfacet
  facet normal 0.190654 0.981657 -0
    outer loop
      vertex 13.3277 2.04927 1.2
      vertex 13.2862 2.05733 2.1
      vertex 13.3277 2.04927 2.1
    endloop
  endfacet
  facet normal 0.190654 0.981657 0
    outer loop
      vertex 13.2862 2.05733 2.1
      vertex 13.3277 2.04927 1.2
      vertex 13.2862 2.05733 1.2
    endloop
  endfacet
  facet normal 0.149341 0.988786 -0
    outer loop
      vertex 13.2862 2.05733 1.2
      vertex 13.2427 2.0639 2.1
      vertex 13.2862 2.05733 2.1
    endloop
  endfacet
  facet normal 0.149341 0.988786 0
    outer loop
      vertex 13.2427 2.0639 2.1
      vertex 13.2862 2.05733 1.2
      vertex 13.2427 2.0639 1.2
    endloop
  endfacet
  facet normal 0.111795 0.993731 -0
    outer loop
      vertex 13.2427 2.0639 1.2
      vertex 13.1971 2.06903 2.1
      vertex 13.2427 2.0639 2.1
    endloop
  endfacet
  facet normal 0.111795 0.993731 0
    outer loop
      vertex 13.1971 2.06903 2.1
      vertex 13.2427 2.0639 1.2
      vertex 13.1971 2.06903 1.2
    endloop
  endfacet
  facet normal 0.0768249 0.997045 -0
    outer loop
      vertex 13.1971 2.06903 1.2
      vertex 13.1496 2.07269 2.1
      vertex 13.1971 2.06903 2.1
    endloop
  endfacet
  facet normal 0.0768249 0.997045 0
    outer loop
      vertex 13.1496 2.07269 2.1
      vertex 13.1971 2.06903 1.2
      vertex 13.1496 2.07269 1.2
    endloop
  endfacet
  facet normal 0.0442223 0.999022 -0
    outer loop
      vertex 13.1496 2.07269 1.2
      vertex 13.0999 2.07489 2.1
      vertex 13.1496 2.07269 2.1
    endloop
  endfacet
  facet normal 0.0442223 0.999022 0
    outer loop
      vertex 13.0999 2.07489 2.1
      vertex 13.1496 2.07269 1.2
      vertex 13.0999 2.07489 1.2
    endloop
  endfacet
  facet normal 0.0141185 0.9999 -0
    outer loop
      vertex 13.0999 2.07489 1.2
      vertex 13.0482 2.07562 2.1
      vertex 13.0999 2.07489 2.1
    endloop
  endfacet
  facet normal 0.0141185 0.9999 0
    outer loop
      vertex 13.0482 2.07562 2.1
      vertex 13.0999 2.07489 1.2
      vertex 13.0482 2.07562 1.2
    endloop
  endfacet
  facet normal -0.0173475 0.99985 0
    outer loop
      vertex 13.0482 2.07562 1.2
      vertex 12.9848 2.07452 2.1
      vertex 13.0482 2.07562 2.1
    endloop
  endfacet
  facet normal -0.0173475 0.99985 0
    outer loop
      vertex 12.9848 2.07452 2.1
      vertex 13.0482 2.07562 1.2
      vertex 12.9848 2.07452 1.2
    endloop
  endfacet
  facet normal -0.0536807 0.998558 0
    outer loop
      vertex 12.9848 2.07452 1.2
      vertex 12.9236 2.07123 2.1
      vertex 12.9848 2.07452 2.1
    endloop
  endfacet
  facet normal -0.0536807 0.998558 0
    outer loop
      vertex 12.9236 2.07123 2.1
      vertex 12.9848 2.07452 1.2
      vertex 12.9236 2.07123 1.2
    endloop
  endfacet
  facet normal -0.0926622 0.995698 0
    outer loop
      vertex 12.9236 2.07123 1.2
      vertex 12.8645 2.06573 2.1
      vertex 12.9236 2.07123 2.1
    endloop
  endfacet
  facet normal -0.0926622 0.995698 0
    outer loop
      vertex 12.8645 2.06573 2.1
      vertex 12.9236 2.07123 1.2
      vertex 12.8645 2.06573 1.2
    endloop
  endfacet
  facet normal -0.133932 0.990991 0
    outer loop
      vertex 12.8645 2.06573 1.2
      vertex 12.8076 2.05804 2.1
      vertex 12.8645 2.06573 2.1
    endloop
  endfacet
  facet normal -0.133932 0.990991 0
    outer loop
      vertex 12.8076 2.05804 2.1
      vertex 12.8645 2.06573 1.2
      vertex 12.8076 2.05804 1.2
    endloop
  endfacet
  facet normal -0.177431 0.984133 0
    outer loop
      vertex 12.8076 2.05804 1.2
      vertex 12.7528 2.04816 2.1
      vertex 12.8076 2.05804 2.1
    endloop
  endfacet
  facet normal -0.177431 0.984133 0
    outer loop
      vertex 12.7528 2.04816 2.1
      vertex 12.8076 2.05804 1.2
      vertex 12.7528 2.04816 1.2
    endloop
  endfacet
  facet normal -0.223603 0.97468 0
    outer loop
      vertex 12.7528 2.04816 1.2
      vertex 12.7001 2.03607 2.1
      vertex 12.7528 2.04816 2.1
    endloop
  endfacet
  facet normal -0.223603 0.97468 0
    outer loop
      vertex 12.7001 2.03607 2.1
      vertex 12.7528 2.04816 1.2
      vertex 12.7001 2.03607 1.2
    endloop
  endfacet
  facet normal -0.272103 0.962268 0
    outer loop
      vertex 12.7001 2.03607 1.2
      vertex 12.6496 2.02179 2.1
      vertex 12.7001 2.03607 2.1
    endloop
  endfacet
  facet normal -0.272103 0.962268 0
    outer loop
      vertex 12.6496 2.02179 2.1
      vertex 12.7001 2.03607 1.2
      vertex 12.6496 2.02179 1.2
    endloop
  endfacet
  facet normal -0.322921 0.946426 0
    outer loop
      vertex 12.6496 2.02179 1.2
      vertex 12.6013 2.00531 2.1
      vertex 12.6496 2.02179 2.1
    endloop
  endfacet
  facet normal -0.322921 0.946426 0
    outer loop
      vertex 12.6013 2.00531 2.1
      vertex 12.6496 2.02179 1.2
      vertex 12.6013 2.00531 1.2
    endloop
  endfacet
  facet normal -0.374848 0.927086 0
    outer loop
      vertex 12.6013 2.00531 1.2
      vertex 12.5551 1.98663 2.1
      vertex 12.6013 2.00531 2.1
    endloop
  endfacet
  facet normal -0.374848 0.927086 0
    outer loop
      vertex 12.5551 1.98663 2.1
      vertex 12.6013 2.00531 1.2
      vertex 12.5551 1.98663 1.2
    endloop
  endfacet
  facet normal -0.428554 0.903516 0
    outer loop
      vertex 12.5551 1.98663 1.2
      vertex 12.5111 1.96576 2.1
      vertex 12.5551 1.98663 2.1
    endloop
  endfacet
  facet normal -0.428554 0.903516 0
    outer loop
      vertex 12.5111 1.96576 2.1
      vertex 12.5551 1.98663 1.2
      vertex 12.5111 1.96576 1.2
    endloop
  endfacet
  facet normal -0.478896 0.877872 0
    outer loop
      vertex 12.5111 1.96576 1.2
      vertex 12.4687 1.94263 2.1
      vertex 12.5111 1.96576 2.1
    endloop
  endfacet
  facet normal -0.478896 0.877872 0
    outer loop
      vertex 12.4687 1.94263 2.1
      vertex 12.5111 1.96576 1.2
      vertex 12.4687 1.94263 1.2
    endloop
  endfacet
  facet normal -0.526134 0.850401 0
    outer loop
      vertex 12.4687 1.94263 1.2
      vertex 12.4275 1.91714 2.1
      vertex 12.4687 1.94263 2.1
    endloop
  endfacet
  facet normal -0.526134 0.850401 0
    outer loop
      vertex 12.4275 1.91714 2.1
      vertex 12.4687 1.94263 1.2
      vertex 12.4275 1.91714 1.2
    endloop
  endfacet
  facet normal -0.571119 0.820868 0
    outer loop
      vertex 12.4275 1.91714 1.2
      vertex 12.3875 1.88931 2.1
      vertex 12.4275 1.91714 2.1
    endloop
  endfacet
  facet normal -0.571119 0.820868 0
    outer loop
      vertex 12.3875 1.88931 2.1
      vertex 12.4275 1.91714 1.2
      vertex 12.3875 1.88931 1.2
    endloop
  endfacet
  facet normal -0.61273 0.790292 0
    outer loop
      vertex 12.3875 1.88931 1.2
      vertex 12.3486 1.85915 2.1
      vertex 12.3875 1.88931 2.1
    endloop
  endfacet
  facet normal -0.61273 0.790292 0
    outer loop
      vertex 12.3486 1.85915 2.1
      vertex 12.3875 1.88931 1.2
      vertex 12.3486 1.85915 1.2
    endloop
  endfacet
  facet normal -0.65317 0.757211 0
    outer loop
      vertex 12.3486 1.85915 1.2
      vertex 12.3109 1.82663 2.1
      vertex 12.3486 1.85915 2.1
    endloop
  endfacet
  facet normal -0.65317 0.757211 0
    outer loop
      vertex 12.3109 1.82663 2.1
      vertex 12.3486 1.85915 1.2
      vertex 12.3109 1.82663 1.2
    endloop
  endfacet
  facet normal -0.690777 0.723068 0
    outer loop
      vertex 12.3109 1.82663 1.2
      vertex 12.2744 1.79176 2.1
      vertex 12.3109 1.82663 2.1
    endloop
  endfacet
  facet normal -0.690777 0.723068 0
    outer loop
      vertex 12.2744 1.79176 2.1
      vertex 12.3109 1.82663 1.2
      vertex 12.2744 1.79176 1.2
    endloop
  endfacet
  facet normal -0.725389 0.688339 0
    outer loop
      vertex 12.2391 1.75456 1.2
      vertex 12.2744 1.79176 2.1
      vertex 12.2744 1.79176 1.2
    endloop
  endfacet
  facet normal -0.725389 0.688339 0
    outer loop
      vertex 12.2744 1.79176 2.1
      vertex 12.2391 1.75456 1.2
      vertex 12.2391 1.75456 2.1
    endloop
  endfacet
  facet normal -0.756414 0.654093 0
    outer loop
      vertex 12.2049 1.71501 1.2
      vertex 12.2391 1.75456 2.1
      vertex 12.2391 1.75456 1.2
    endloop
  endfacet
  facet normal -0.756414 0.654093 0
    outer loop
      vertex 12.2391 1.75456 2.1
      vertex 12.2049 1.71501 1.2
      vertex 12.2049 1.71501 2.1
    endloop
  endfacet
  facet normal -0.785602 0.618732 0
    outer loop
      vertex 12.1719 1.67311 1.2
      vertex 12.2049 1.71501 2.1
      vertex 12.2049 1.71501 1.2
    endloop
  endfacet
  facet normal -0.785602 0.618732 0
    outer loop
      vertex 12.2049 1.71501 2.1
      vertex 12.1719 1.67311 1.2
      vertex 12.1719 1.67311 2.1
    endloop
  endfacet
  facet normal -0.811186 0.584788 0
    outer loop
      vertex 12.14 1.62886 1.2
      vertex 12.1719 1.67311 2.1
      vertex 12.1719 1.67311 1.2
    endloop
  endfacet
  facet normal -0.811186 0.584788 0
    outer loop
      vertex 12.1719 1.67311 2.1
      vertex 12.14 1.62886 1.2
      vertex 12.14 1.62886 2.1
    endloop
  endfacet
  facet normal -0.838825 0.544401 0
    outer loop
      vertex 12.1084 1.58017 1.2
      vertex 12.14 1.62886 2.1
      vertex 12.14 1.62886 1.2
    endloop
  endfacet
  facet normal -0.838825 0.544401 0
    outer loop
      vertex 12.14 1.62886 2.1
      vertex 12.1084 1.58017 1.2
      vertex 12.1084 1.58017 2.1
    endloop
  endfacet
  facet normal -0.861453 0.507837 0
    outer loop
      vertex 12.0758 1.52487 1.2
      vertex 12.1084 1.58017 2.1
      vertex 12.1084 1.58017 1.2
    endloop
  endfacet
  facet normal -0.861453 0.507837 0
    outer loop
      vertex 12.1084 1.58017 2.1
      vertex 12.0758 1.52487 1.2
      vertex 12.0758 1.52487 2.1
    endloop
  endfacet
  facet normal -0.879369 0.476141 0
    outer loop
      vertex 12.0423 1.463 1.2
      vertex 12.0758 1.52487 2.1
      vertex 12.0758 1.52487 1.2
    endloop
  endfacet
  facet normal -0.879369 0.476141 0
    outer loop
      vertex 12.0758 1.52487 2.1
      vertex 12.0423 1.463 1.2
      vertex 12.0423 1.463 2.1
    endloop
  endfacet
  facet normal -0.894114 0.44784 0
    outer loop
      vertex 12.008 1.39452 1.2
      vertex 12.0423 1.463 2.1
      vertex 12.0423 1.463 1.2
    endloop
  endfacet
  facet normal -0.894114 0.44784 0
    outer loop
      vertex 12.0423 1.463 2.1
      vertex 12.008 1.39452 1.2
      vertex 12.008 1.39452 2.1
    endloop
  endfacet
  facet normal -0.90543 0.424496 0
    outer loop
      vertex 11.9728 1.31944 1.2
      vertex 12.008 1.39452 2.1
      vertex 12.008 1.39452 1.2
    endloop
  endfacet
  facet normal -0.90543 0.424496 0
    outer loop
      vertex 12.008 1.39452 2.1
      vertex 11.9728 1.31944 1.2
      vertex 11.9728 1.31944 2.1
    endloop
  endfacet
  facet normal -0.914595 0.404371 0
    outer loop
      vertex 11.9367 1.23779 1.2
      vertex 11.9728 1.31944 2.1
      vertex 11.9728 1.31944 1.2
    endloop
  endfacet
  facet normal -0.914595 0.404371 0
    outer loop
      vertex 11.9728 1.31944 2.1
      vertex 11.9367 1.23779 1.2
      vertex 11.9367 1.23779 2.1
    endloop
  endfacet
  facet normal -0.922597 0.385766 0
    outer loop
      vertex 11.8998 1.14954 1.2
      vertex 11.9367 1.23779 2.1
      vertex 11.9367 1.23779 1.2
    endloop
  endfacet
  facet normal -0.922597 0.385766 0
    outer loop
      vertex 11.9367 1.23779 2.1
      vertex 11.8998 1.14954 1.2
      vertex 11.8998 1.14954 2.1
    endloop
  endfacet
  facet normal -0.928612 0.371053 0
    outer loop
      vertex 11.8619 1.05469 1.2
      vertex 11.8998 1.14954 2.1
      vertex 11.8998 1.14954 1.2
    endloop
  endfacet
  facet normal -0.928612 0.371053 0
    outer loop
      vertex 11.8998 1.14954 2.1
      vertex 11.8619 1.05469 1.2
      vertex 11.8619 1.05469 2.1
    endloop
  endfacet
  facet normal -0.934319 0.356438 0
    outer loop
      vertex 11.8232 0.953247 1.2
      vertex 11.8619 1.05469 2.1
      vertex 11.8619 1.05469 1.2
    endloop
  endfacet
  facet normal -0.934319 0.356438 0
    outer loop
      vertex 11.8619 1.05469 2.1
      vertex 11.8232 0.953247 1.2
      vertex 11.8232 0.953247 2.1
    endloop
  endfacet
  facet normal -0.938909 0.344165 0
    outer loop
      vertex 11.7836 0.845215 1.2
      vertex 11.8232 0.953247 2.1
      vertex 11.8232 0.953247 1.2
    endloop
  endfacet
  facet normal -0.938909 0.344165 0
    outer loop
      vertex 11.8232 0.953247 2.1
      vertex 11.7836 0.845215 1.2
      vertex 11.7836 0.845215 2.1
    endloop
  endfacet
  facet normal 0 1 -0
    outer loop
      vertex 11.7836 0.845215 1.2
      vertex 11.7641 0.845215 2.1
      vertex 11.7836 0.845215 2.1
    endloop
  endfacet
  facet normal 0 1 0
    outer loop
      vertex 11.7641 0.845215 2.1
      vertex 11.7836 0.845215 1.2
      vertex 11.7641 0.845215 1.2
    endloop
  endfacet
  facet normal 0.999957 0.00928666 0
    outer loop
      vertex 11.7641 0.845215 2.1
      vertex 11.7638 0.877518 1.2
      vertex 11.7638 0.877518 2.1
    endloop
  endfacet
  facet normal 0.999957 0.00928666 0
    outer loop
      vertex 11.7638 0.877518 1.2
      vertex 11.7641 0.845215 2.1
      vertex 11.7641 0.845215 1.2
    endloop
  endfacet
  facet normal 0.999833 0.0182666 0
    outer loop
      vertex 11.7638 0.877518 2.1
      vertex 11.7631 0.915833 1.2
      vertex 11.7631 0.915833 2.1
    endloop
  endfacet
  facet normal 0.999833 0.0182666 0
    outer loop
      vertex 11.7631 0.915833 1.2
      vertex 11.7638 0.877518 2.1
      vertex 11.7638 0.877518 1.2
    endloop
  endfacet
  facet normal 0.999634 0.0270622 0
    outer loop
      vertex 11.7631 0.915833 2.1
      vertex 11.7619 0.960159 1.2
      vertex 11.7619 0.960159 2.1
    endloop
  endfacet
  facet normal 0.999634 0.0270622 0
    outer loop
      vertex 11.7619 0.960159 1.2
      vertex 11.7631 0.915833 2.1
      vertex 11.7631 0.915833 1.2
    endloop
  endfacet
  facet normal 0.99943 0.0337706 0
    outer loop
      vertex 11.7619 0.960159 2.1
      vertex 11.7602 1.01047 1.2
      vertex 11.7602 1.01047 2.1
    endloop
  endfacet
  facet normal 0.99943 0.0337706 0
    outer loop
      vertex 11.7602 1.01047 1.2
      vertex 11.7619 0.960159 2.1
      vertex 11.7619 0.960159 1.2
    endloop
  endfacet
  facet normal 0.999238 0.0390258 0
    outer loop
      vertex 11.7602 1.01047 2.1
      vertex 11.758 1.0668 1.2
      vertex 11.758 1.0668 2.1
    endloop
  endfacet
  facet normal 0.999238 0.0390258 0
    outer loop
      vertex 11.758 1.0668 1.2
      vertex 11.7602 1.01047 2.1
      vertex 11.7602 1.01047 1.2
    endloop
  endfacet
  facet normal 0.999063 0.0432703 0
    outer loop
      vertex 11.758 1.0668 2.1
      vertex 11.7553 1.12914 1.2
      vertex 11.7553 1.12914 2.1
    endloop
  endfacet
  facet normal 0.999063 0.0432703 0
    outer loop
      vertex 11.7553 1.12914 1.2
      vertex 11.758 1.0668 2.1
      vertex 11.758 1.0668 1.2
    endloop
  endfacet
  facet normal 0.998905 0.0467871 0
    outer loop
      vertex 11.7553 1.12914 2.1
      vertex 11.7521 1.19746 1.2
      vertex 11.7521 1.19746 2.1
    endloop
  endfacet
  facet normal 0.998905 0.0467871 0
    outer loop
      vertex 11.7521 1.19746 1.2
      vertex 11.7553 1.12914 2.1
      vertex 11.7553 1.12914 1.2
    endloop
  endfacet
  facet normal 0.998764 0.0497098 0
    outer loop
      vertex 11.7521 1.19746 2.1
      vertex 11.7484 1.2718 1.2
      vertex 11.7484 1.2718 2.1
    endloop
  endfacet
  facet normal 0.998764 0.0497098 0
    outer loop
      vertex 11.7484 1.2718 1.2
      vertex 11.7521 1.19746 2.1
      vertex 11.7521 1.19746 1.2
    endloop
  endfacet
  facet normal 0.9987 0.0509668 0
    outer loop
      vertex 11.7484 1.2718 2.1
      vertex 11.7443 1.35214 1.2
      vertex 11.7443 1.35214 2.1
    endloop
  endfacet
  facet normal 0.9987 0.0509668 0
    outer loop
      vertex 11.7443 1.35214 1.2
      vertex 11.7484 1.2718 2.1
      vertex 11.7484 1.2718 1.2
    endloop
  endfacet
  facet normal 0.998584 0.0531961 0
    outer loop
      vertex 11.7443 1.35214 2.1
      vertex 11.7397 1.43849 1.2
      vertex 11.7397 1.43849 2.1
    endloop
  endfacet
  facet normal 0.998584 0.0531961 0
    outer loop
      vertex 11.7397 1.43849 1.2
      vertex 11.7443 1.35214 2.1
      vertex 11.7443 1.35214 1.2
    endloop
  endfacet
  facet normal 0.998438 0.0558762 0
    outer loop
      vertex 11.7397 1.43849 2.1
      vertex 11.7349 1.52426 1.2
      vertex 11.7349 1.52426 2.1
    endloop
  endfacet
  facet normal 0.998438 0.0558762 0
    outer loop
      vertex 11.7349 1.52426 1.2
      vertex 11.7397 1.43849 2.1
      vertex 11.7397 1.43849 1.2
    endloop
  endfacet
  facet normal 0.998291 0.058439 0
    outer loop
      vertex 11.7349 1.52426 2.1
      vertex 11.7303 1.60284 1.2
      vertex 11.7303 1.60284 2.1
    endloop
  endfacet
  facet normal 0.998291 0.058439 0
    outer loop
      vertex 11.7303 1.60284 1.2
      vertex 11.7349 1.52426 2.1
      vertex 11.7349 1.52426 1.2
    endloop
  endfacet
  facet normal 0.998108 0.0614908 0
    outer loop
      vertex 11.7303 1.60284 2.1
      vertex 11.7259 1.67426 1.2
      vertex 11.7259 1.67426 2.1
    endloop
  endfacet
  facet normal 0.998108 0.0614908 0
    outer loop
      vertex 11.7259 1.67426 1.2
      vertex 11.7303 1.60284 2.1
      vertex 11.7303 1.60284 1.2
    endloop
  endfacet
  facet normal 0.997868 0.0652608 0
    outer loop
      vertex 11.7259 1.67426 2.1
      vertex 11.7217 1.73848 1.2
      vertex 11.7217 1.73848 2.1
    endloop
  endfacet
  facet normal 0.997868 0.0652608 0
    outer loop
      vertex 11.7217 1.73848 1.2
      vertex 11.7259 1.67426 2.1
      vertex 11.7259 1.67426 1.2
    endloop
  endfacet
  facet normal 0.997551 0.0699422 0
    outer loop
      vertex 11.7217 1.73848 2.1
      vertex 11.7177 1.79553 1.2
      vertex 11.7177 1.79553 2.1
    endloop
  endfacet
  facet normal 0.997551 0.0699422 0
    outer loop
      vertex 11.7177 1.79553 1.2
      vertex 11.7217 1.73848 2.1
      vertex 11.7217 1.73848 1.2
    endloop
  endfacet
  facet normal 0.99711 0.0759779 0
    outer loop
      vertex 11.7177 1.79553 2.1
      vertex 11.7139 1.8454 1.2
      vertex 11.7139 1.8454 2.1
    endloop
  endfacet
  facet normal 0.99711 0.0759779 0
    outer loop
      vertex 11.7139 1.8454 1.2
      vertex 11.7177 1.79553 2.1
      vertex 11.7177 1.79553 1.2
    endloop
  endfacet
  facet normal 0.996463 0.0840306 0
    outer loop
      vertex 11.7139 1.8454 2.1
      vertex 11.7103 1.88809 1.2
      vertex 11.7103 1.88809 2.1
    endloop
  endfacet
  facet normal 0.996463 0.0840306 0
    outer loop
      vertex 11.7103 1.88809 1.2
      vertex 11.7139 1.8454 2.1
      vertex 11.7139 1.8454 1.2
    endloop
  endfacet
  facet normal 0.995178 0.0980885 0
    outer loop
      vertex 11.7103 1.88809 2.1
      vertex 11.7068 1.9236 1.2
      vertex 11.7068 1.9236 2.1
    endloop
  endfacet
  facet normal 0.995178 0.0980885 0
    outer loop
      vertex 11.7068 1.9236 1.2
      vertex 11.7103 1.88809 2.1
      vertex 11.7103 1.88809 1.2
    endloop
  endfacet
  facet normal 0.993681 0.112241 0
    outer loop
      vertex 11.7068 1.9236 2.1
      vertex 11.7036 1.95193 1.2
      vertex 11.7036 1.95193 2.1
    endloop
  endfacet
  facet normal 0.993681 0.112241 0
    outer loop
      vertex 11.7036 1.95193 1.2
      vertex 11.7068 1.9236 2.1
      vertex 11.7068 1.9236 1.2
    endloop
  endfacet
  facet normal 0.990108 0.140308 0
    outer loop
      vertex 11.7036 1.95193 2.1
      vertex 11.7006 1.9731 1.2
      vertex 11.7006 1.9731 2.1
    endloop
  endfacet
  facet normal 0.990108 0.140308 0
    outer loop
      vertex 11.7006 1.9731 1.2
      vertex 11.7036 1.95193 2.1
      vertex 11.7036 1.95193 1.2
    endloop
  endfacet
  facet normal 0 1 -0
    outer loop
      vertex 11.7006 1.9731 1.2
      vertex 10.3921 1.9731 2.1
      vertex 11.7006 1.9731 2.1
    endloop
  endfacet
  facet normal 0 1 0
    outer loop
      vertex 10.3921 1.9731 2.1
      vertex 11.7006 1.9731 1.2
      vertex 10.3921 1.9731 1.2
    endloop
  endfacet
  facet normal -0.997982 -0.063496 0
    outer loop
      vertex 10.395 1.92752 1.2
      vertex 10.3921 1.9731 2.1
      vertex 10.3921 1.9731 1.2
    endloop
  endfacet
  facet normal -0.997982 -0.063496 0
    outer loop
      vertex 10.3921 1.9731 2.1
      vertex 10.395 1.92752 1.2
      vertex 10.395 1.92752 2.1
    endloop
  endfacet
  facet normal -0.998093 -0.0617289 0
    outer loop
      vertex 10.3979 1.88063 1.2
      vertex 10.395 1.92752 2.1
      vertex 10.395 1.92752 1.2
    endloop
  endfacet
  facet normal -0.998093 -0.0617289 0
    outer loop
      vertex 10.395 1.92752 2.1
      vertex 10.3979 1.88063 1.2
      vertex 10.3979 1.88063 2.1
    endloop
  endfacet
  facet normal -0.998317 -0.0579935 0
    outer loop
      vertex 10.4007 1.83243 1.2
      vertex 10.3979 1.88063 2.1
      vertex 10.3979 1.88063 1.2
    endloop
  endfacet
  facet normal -0.998317 -0.0579935 0
    outer loop
      vertex 10.3979 1.88063 2.1
      vertex 10.4007 1.83243 1.2
      vertex 10.4007 1.83243 2.1
    endloop
  endfacet
  facet normal -0.998518 -0.0544316 0
    outer loop
      vertex 10.4034 1.7829 1.2
      vertex 10.4007 1.83243 2.1
      vertex 10.4007 1.83243 1.2
    endloop
  endfacet
  facet normal -0.998518 -0.0544316 0
    outer loop
      vertex 10.4007 1.83243 2.1
      vertex 10.4034 1.7829 1.2
      vertex 10.4034 1.7829 2.1
    endloop
  endfacet
  facet normal -0.998594 -0.0530123 0
    outer loop
      vertex 10.4061 1.73204 1.2
      vertex 10.4034 1.7829 2.1
      vertex 10.4034 1.7829 1.2
    endloop
  endfacet
  facet normal -0.998594 -0.0530123 0
    outer loop
      vertex 10.4034 1.7829 2.1
      vertex 10.4061 1.73204 1.2
      vertex 10.4061 1.73204 2.1
    endloop
  endfacet
  facet normal -0.998663 -0.0516847 0
    outer loop
      vertex 10.4088 1.67987 1.2
      vertex 10.4061 1.73204 2.1
      vertex 10.4061 1.73204 1.2
    endloop
  endfacet
  facet normal -0.998663 -0.0516847 0
    outer loop
      vertex 10.4061 1.73204 2.1
      vertex 10.4088 1.67987 1.2
      vertex 10.4088 1.67987 2.1
    endloop
  endfacet
  facet normal -0.99882 -0.048559 0
    outer loop
      vertex 10.4114 1.62639 1.2
      vertex 10.4088 1.67987 2.1
      vertex 10.4088 1.67987 1.2
    endloop
  endfacet
  facet normal -0.99882 -0.048559 0
    outer loop
      vertex 10.4088 1.67987 2.1
      vertex 10.4114 1.62639 1.2
      vertex 10.4114 1.62639 2.1
    endloop
  endfacet
  facet normal -0.998961 -0.0455647 0
    outer loop
      vertex 10.4139 1.57158 1.2
      vertex 10.4114 1.62639 2.1
      vertex 10.4114 1.62639 1.2
    endloop
  endfacet
  facet normal -0.998961 -0.0455647 0
    outer loop
      vertex 10.4114 1.62639 2.1
      vertex 10.4139 1.57158 1.2
      vertex 10.4139 1.57158 2.1
    endloop
  endfacet
  facet normal -0.999009 -0.0445033 0
    outer loop
      vertex 10.4164 1.51546 1.2
      vertex 10.4139 1.57158 2.1
      vertex 10.4139 1.57158 1.2
    endloop
  endfacet
  facet normal -0.999009 -0.0445033 0
    outer loop
      vertex 10.4139 1.57158 2.1
      vertex 10.4164 1.51546 1.2
      vertex 10.4164 1.51546 2.1
    endloop
  endfacet
  facet normal -0.999055 -0.043475 0
    outer loop
      vertex 10.4189 1.45801 1.2
      vertex 10.4164 1.51546 2.1
      vertex 10.4164 1.51546 1.2
    endloop
  endfacet
  facet normal -0.999055 -0.043475 0
    outer loop
      vertex 10.4164 1.51546 2.1
      vertex 10.4189 1.45801 1.2
      vertex 10.4189 1.45801 2.1
    endloop
  endfacet
  facet normal -0.999255 -0.0386007 0
    outer loop
      vertex 10.4212 1.39847 1.2
      vertex 10.4189 1.45801 2.1
      vertex 10.4189 1.45801 1.2
    endloop
  endfacet
  facet normal -0.999255 -0.0386007 0
    outer loop
      vertex 10.4189 1.45801 2.1
      vertex 10.4212 1.39847 1.2
      vertex 10.4212 1.39847 2.1
    endloop
  endfacet
  facet normal -0.999435 -0.0336187 0
    outer loop
      vertex 10.4233 1.33604 1.2
      vertex 10.4212 1.39847 2.1
      vertex 10.4212 1.39847 1.2
    endloop
  endfacet
  facet normal -0.999435 -0.0336187 0
    outer loop
      vertex 10.4212 1.39847 2.1
      vertex 10.4233 1.33604 1.2
      vertex 10.4233 1.33604 2.1
    endloop
  endfacet
  facet normal -0.99962 -0.0275546 0
    outer loop
      vertex 10.4251 1.27074 1.2
      vertex 10.4233 1.33604 2.1
      vertex 10.4233 1.33604 1.2
    endloop
  endfacet
  facet normal -0.99962 -0.0275546 0
    outer loop
      vertex 10.4233 1.33604 2.1
      vertex 10.4251 1.27074 1.2
      vertex 10.4251 1.27074 2.1
    endloop
  endfacet
  facet normal -0.999725 -0.0234608 0
    outer loop
      vertex 10.4267 1.20256 1.2
      vertex 10.4251 1.27074 2.1
      vertex 10.4251 1.27074 1.2
    endloop
  endfacet
  facet normal -0.999725 -0.0234608 0
    outer loop
      vertex 10.4251 1.27074 2.1
      vertex 10.4267 1.20256 1.2
      vertex 10.4267 1.20256 2.1
    endloop
  endfacet
  facet normal -0.999806 -0.0196923 0
    outer loop
      vertex 10.4281 1.13148 1.2
      vertex 10.4267 1.20256 2.1
      vertex 10.4267 1.20256 1.2
    endloop
  endfacet
  facet normal -0.999806 -0.0196923 0
    outer loop
      vertex 10.4267 1.20256 2.1
      vertex 10.4281 1.13148 1.2
      vertex 10.4281 1.13148 2.1
    endloop
  endfacet
  facet normal -0.999889 -0.0148753 0
    outer loop
      vertex 10.4292 1.05754 1.2
      vertex 10.4281 1.13148 2.1
      vertex 10.4281 1.13148 1.2
    endloop
  endfacet
  facet normal -0.999889 -0.0148753 0
    outer loop
      vertex 10.4281 1.13148 2.1
      vertex 10.4292 1.05754 1.2
      vertex 10.4292 1.05754 2.1
    endloop
  endfacet
  facet normal -0.999946 -0.0104145 0
    outer loop
      vertex 10.43 0.980728 1.2
      vertex 10.4292 1.05754 2.1
      vertex 10.4292 1.05754 1.2
    endloop
  endfacet
  facet normal -0.999946 -0.0104145 0
    outer loop
      vertex 10.4292 1.05754 2.1
      vertex 10.43 0.980728 1.2
      vertex 10.43 0.980728 2.1
    endloop
  endfacet
  facet normal -0.999972 -0.00752688 0
    outer loop
      vertex 10.4306 0.901016 1.2
      vertex 10.43 0.980728 2.1
      vertex 10.43 0.980728 1.2
    endloop
  endfacet
  facet normal -0.999972 -0.00752688 0
    outer loop
      vertex 10.43 0.980728 2.1
      vertex 10.4306 0.901016 1.2
      vertex 10.4306 0.901016 2.1
    endloop
  endfacet
  facet normal -0.999988 -0.00484373 0
    outer loop
      vertex 10.431 0.818436 1.2
      vertex 10.4306 0.901016 2.1
      vertex 10.4306 0.901016 1.2
    endloop
  endfacet
  facet normal -0.999988 -0.00484373 0
    outer loop
      vertex 10.4306 0.901016 2.1
      vertex 10.431 0.818436 1.2
      vertex 10.431 0.818436 2.1
    endloop
  endfacet
  facet normal -0.999999 -0.00117007 0
    outer loop
      vertex 10.4311 0.732971 1.2
      vertex 10.431 0.818436 2.1
      vertex 10.431 0.818436 1.2
    endloop
  endfacet
  facet normal -0.999999 -0.00117007 0
    outer loop
      vertex 10.431 0.818436 2.1
      vertex 10.4311 0.732971 1.2
      vertex 10.4311 0.732971 2.1
    endloop
  endfacet
  facet normal -1 0 0
    outer loop
      vertex 10.4311 -3.30974 1.2
      vertex 10.4311 0.732971 2.1
      vertex 10.4311 0.732971 1.2
    endloop
  endfacet
  facet normal -1 -0 0
    outer loop
      vertex 10.4311 0.732971 2.1
      vertex 10.4311 -3.30974 1.2
      vertex 10.4311 -3.30974 2.1
    endloop
  endfacet
  facet normal 0 -1 0
    outer loop
      vertex 10.4311 -3.30974 1.2
      vertex 11.8032 -3.30974 2.1
      vertex 10.4311 -3.30974 2.1
    endloop
  endfacet
  facet normal 0 -1 -0
    outer loop
      vertex 11.8032 -3.30974 2.1
      vertex 10.4311 -3.30974 1.2
      vertex 11.8032 -3.30974 1.2
    endloop
  endfacet
  facet normal 1 -0 0
    outer loop
      vertex 11.8032 -3.30974 2.1
      vertex 11.8032 -0.717163 1.2
      vertex 11.8032 -0.717163 2.1
    endloop
  endfacet
  facet normal 1 0 0
    outer loop
      vertex 11.8032 -0.717163 1.2
      vertex 11.8032 -3.30974 2.1
      vertex 11.8032 -3.30974 1.2
    endloop
  endfacet
  facet normal 0.999739 -0.0228315 0
    outer loop
      vertex 21.5688 -0.477905 2.1
      vertex 21.5718 -0.346542 1.2
      vertex 21.5718 -0.346542 2.1
    endloop
  endfacet
  facet normal 0.999739 -0.0228315 0
    outer loop
      vertex 21.5718 -0.346542 1.2
      vertex 21.5688 -0.477905 2.1
      vertex 21.5688 -0.477905 1.2
    endloop
  endfacet
  facet normal 0.997368 -0.0725123 0
    outer loop
      vertex 21.5718 -0.346542 2.1
      vertex 21.581 -0.220001 1.2
      vertex 21.581 -0.220001 2.1
    endloop
  endfacet
  facet normal 0.997368 -0.0725123 0
    outer loop
      vertex 21.581 -0.220001 1.2
      vertex 21.5718 -0.346542 2.1
      vertex 21.5718 -0.346542 1.2
    endloop
  endfacet
  facet normal 0.99219 -0.124733 0
    outer loop
      vertex 21.581 -0.220001 2.1
      vertex 21.5963 -0.0982971 1.2
      vertex 21.5963 -0.0982971 2.1
    endloop
  endfacet
  facet normal 0.99219 -0.124733 0
    outer loop
      vertex 21.5963 -0.0982971 1.2
      vertex 21.581 -0.220001 2.1
      vertex 21.581 -0.220001 1.2
    endloop
  endfacet
  facet normal 0.983789 -0.179327 0
    outer loop
      vertex 21.5963 -0.0982971 2.1
      vertex 21.6176 0.0185547 1.2
      vertex 21.6176 0.0185547 2.1
    endloop
  endfacet
  facet normal 0.983789 -0.179327 0
    outer loop
      vertex 21.6176 0.0185547 1.2
      vertex 21.5963 -0.0982971 2.1
      vertex 21.5963 -0.0982971 1.2
    endloop
  endfacet
  facet normal 0.971169 -0.238392 0
    outer loop
      vertex 21.6176 0.0185547 2.1
      vertex 21.6451 0.130585 1.2
      vertex 21.6451 0.130585 2.1
    endloop
  endfacet
  facet normal 0.971169 -0.238392 0
    outer loop
      vertex 21.6451 0.130585 1.2
      vertex 21.6176 0.0185547 2.1
      vertex 21.6176 0.0185547 1.2
    endloop
  endfacet
  facet normal 0.954474 -0.298293 0
    outer loop
      vertex 21.6451 0.130585 2.1
      vertex 21.6786 0.237778 1.2
      vertex 21.6786 0.237778 2.1
    endloop
  endfacet
  facet normal 0.954474 -0.298293 0
    outer loop
      vertex 21.6786 0.237778 1.2
      vertex 21.6451 0.130585 2.1
      vertex 21.6451 0.130585 1.2
    endloop
  endfacet
  facet normal 0.932328 -0.361614 0
    outer loop
      vertex 21.6786 0.237778 2.1
      vertex 21.7183 0.340134 1.2
      vertex 21.7183 0.340134 2.1
    endloop
  endfacet
  facet normal 0.932328 -0.361614 0
    outer loop
      vertex 21.7183 0.340134 1.2
      vertex 21.6786 0.237778 2.1
      vertex 21.6786 0.237778 1.2
    endloop
  endfacet
  facet normal 0.90517 -0.42505 0
    outer loop
      vertex 21.7183 0.340134 2.1
      vertex 21.7641 0.437668 1.2
      vertex 21.7641 0.437668 2.1
    endloop
  endfacet
  facet normal 0.90517 -0.42505 0
    outer loop
      vertex 21.7641 0.437668 1.2
      vertex 21.7183 0.340134 2.1
      vertex 21.7183 0.340134 1.2
    endloop
  endfacet
  facet normal 0.872915 -0.487872 0
    outer loop
      vertex 21.7641 0.437668 2.1
      vertex 21.8159 0.53035 1.2
      vertex 21.8159 0.53035 2.1
    endloop
  endfacet
  facet normal 0.872915 -0.487872 0
    outer loop
      vertex 21.8159 0.53035 1.2
      vertex 21.7641 0.437668 2.1
      vertex 21.7641 0.437668 1.2
    endloop
  endfacet
  facet normal 0.834555 -0.550924 0
    outer loop
      vertex 21.8159 0.53035 2.1
      vertex 21.8739 0.61821 1.2
      vertex 21.8739 0.61821 2.1
    endloop
  endfacet
  facet normal 0.834555 -0.550924 0
    outer loop
      vertex 21.8739 0.61821 1.2
      vertex 21.8159 0.53035 2.1
      vertex 21.8159 0.53035 1.2
    endloop
  endfacet
  facet normal 0.790001 -0.613106 0
    outer loop
      vertex 21.8739 0.61821 2.1
      vertex 21.9369 0.699387 1.2
      vertex 21.9369 0.699387 2.1
    endloop
  endfacet
  facet normal 0.790001 -0.613106 0
    outer loop
      vertex 21.9369 0.699387 1.2
      vertex 21.8739 0.61821 2.1
      vertex 21.8739 0.61821 1.2
    endloop
  endfacet
  facet normal 0.736035 -0.676944 0
    outer loop
      vertex 21.9369 0.699387 2.1
      vertex 22.0037 0.772018 1.2
      vertex 22.0037 0.772018 2.1
    endloop
  endfacet
  facet normal 0.736035 -0.676944 0
    outer loop
      vertex 22.0037 0.772018 1.2
      vertex 21.9369 0.699387 2.1
      vertex 21.9369 0.699387 1.2
    endloop
  endfacet
  facet normal 0.671606 -0.740908 0
    outer loop
      vertex 22.0037 0.772018 1.2
      vertex 22.0744 0.836105 2.1
      vertex 22.0037 0.772018 2.1
    endloop
  endfacet
  facet normal 0.671606 -0.740908 0
    outer loop
      vertex 22.0744 0.836105 2.1
      vertex 22.0037 0.772018 1.2
      vertex 22.0744 0.836105 1.2
    endloop
  endfacet
  facet normal 0.597704 -0.801717 0
    outer loop
      vertex 22.0744 0.836105 1.2
      vertex 22.1489 0.891647 2.1
      vertex 22.0744 0.836105 2.1
    endloop
  endfacet
  facet normal 0.597704 -0.801717 0
    outer loop
      vertex 22.1489 0.891647 2.1
      vertex 22.0744 0.836105 1.2
      vertex 22.1489 0.891647 1.2
    endloop
  endfacet
  facet normal 0.51415 -0.8577 0
    outer loop
      vertex 22.1489 0.891647 1.2
      vertex 22.2273 0.938644 2.1
      vertex 22.1489 0.891647 2.1
    endloop
  endfacet
  facet normal 0.51415 -0.8577 0
    outer loop
      vertex 22.2273 0.938644 2.1
      vertex 22.1489 0.891647 1.2
      vertex 22.2273 0.938644 1.2
    endloop
  endfacet
  facet normal 0.423727 -0.90579 0
    outer loop
      vertex 22.2273 0.938644 1.2
      vertex 22.3095 0.977097 2.1
      vertex 22.2273 0.938644 2.1
    endloop
  endfacet
  facet normal 0.423727 -0.90579 0
    outer loop
      vertex 22.3095 0.977097 2.1
      vertex 22.2273 0.938644 1.2
      vertex 22.3095 0.977097 1.2
    endloop
  endfacet
  facet normal 0.328082 -0.944649 0
    outer loop
      vertex 22.3095 0.977097 1.2
      vertex 22.3956 1.007 2.1
      vertex 22.3095 0.977097 2.1
    endloop
  endfacet
  facet normal 0.328082 -0.944649 0
    outer loop
      vertex 22.3956 1.007 2.1
      vertex 22.3095 0.977097 1.2
      vertex 22.3956 1.007 1.2
    endloop
  endfacet
  facet normal 0.231021 -0.972949 0
    outer loop
      vertex 22.3956 1.007 1.2
      vertex 22.4856 1.02837 2.1
      vertex 22.3956 1.007 2.1
    endloop
  endfacet
  facet normal 0.231021 -0.972949 0
    outer loop
      vertex 22.4856 1.02837 2.1
      vertex 22.3956 1.007 1.2
      vertex 22.4856 1.02837 1.2
    endloop
  endfacet
  facet normal 0.135311 -0.990803 0
    outer loop
      vertex 22.4856 1.02837 1.2
      vertex 22.5794 1.04118 2.1
      vertex 22.4856 1.02837 2.1
    endloop
  endfacet
  facet normal 0.135311 -0.990803 0
    outer loop
      vertex 22.5794 1.04118 2.1
      vertex 22.4856 1.02837 1.2
      vertex 22.5794 1.04118 1.2
    endloop
  endfacet
  facet normal 0.0437656 -0.999042 0
    outer loop
      vertex 22.5794 1.04118 1.2
      vertex 22.6771 1.04546 2.1
      vertex 22.5794 1.04118 2.1
    endloop
  endfacet
  facet normal 0.0437656 -0.999042 0
    outer loop
      vertex 22.6771 1.04546 2.1
      vertex 22.5794 1.04118 1.2
      vertex 22.6771 1.04546 1.2
    endloop
  endfacet
  facet normal -0.0775313 -0.99699 0
    outer loop
      vertex 22.6771 1.04546 1.2
      vertex 22.8561 1.03154 2.1
      vertex 22.6771 1.04546 2.1
    endloop
  endfacet
  facet normal -0.0775313 -0.99699 -0
    outer loop
      vertex 22.8561 1.03154 2.1
      vertex 22.6771 1.04546 1.2
      vertex 22.8561 1.03154 1.2
    endloop
  endfacet
  facet normal -0.252177 -0.967681 0
    outer loop
      vertex 22.8561 1.03154 1.2
      vertex 23.0163 0.989792 2.1
      vertex 22.8561 1.03154 2.1
    endloop
  endfacet
  facet normal -0.252177 -0.967681 -0
    outer loop
      vertex 23.0163 0.989792 2.1
      vertex 22.8561 1.03154 1.2
      vertex 23.0163 0.989792 1.2
    endloop
  endfacet
  facet normal -0.441519 -0.897252 0
    outer loop
      vertex 23.0163 0.989792 1.2
      vertex 23.1577 0.920212 2.1
      vertex 23.0163 0.989792 2.1
    endloop
  endfacet
  facet normal -0.441519 -0.897252 -0
    outer loop
      vertex 23.1577 0.920212 2.1
      vertex 23.0163 0.989792 1.2
      vertex 23.1577 0.920212 1.2
    endloop
  endfacet
  facet normal -0.622402 -0.782698 0
    outer loop
      vertex 23.1577 0.920212 1.2
      vertex 23.2802 0.8228 2.1
      vertex 23.1577 0.920212 2.1
    endloop
  endfacet
  facet normal -0.622402 -0.782698 -0
    outer loop
      vertex 23.2802 0.8228 2.1
      vertex 23.1577 0.920212 1.2
      vertex 23.2802 0.8228 1.2
    endloop
  endfacet
  facet normal -0.770509 -0.63743 0
    outer loop
      vertex 23.3838 0.697571 1.2
      vertex 23.2802 0.8228 2.1
      vertex 23.2802 0.8228 1.2
    endloop
  endfacet
  facet normal -0.770509 -0.63743 0
    outer loop
      vertex 23.2802 0.8228 2.1
      vertex 23.3838 0.697571 1.2
      vertex 23.3838 0.697571 2.1
    endloop
  endfacet
  facet normal -0.874502 -0.485022 0
    outer loop
      vertex 23.4687 0.544495 1.2
      vertex 23.3838 0.697571 2.1
      vertex 23.3838 0.697571 1.2
    endloop
  endfacet
  facet normal -0.874502 -0.485022 0
    outer loop
      vertex 23.3838 0.697571 2.1
      vertex 23.4687 0.544495 1.2
      vertex 23.4687 0.544495 2.1
    endloop
  endfacet
  facet normal -0.939602 -0.34227 0
    outer loop
      vertex 23.5346 0.363586 1.2
      vertex 23.4687 0.544495 2.1
      vertex 23.4687 0.544495 1.2
    endloop
  endfacet
  facet normal -0.939602 -0.34227 0
    outer loop
      vertex 23.4687 0.544495 2.1
      vertex 23.5346 0.363586 1.2
      vertex 23.5346 0.363586 2.1
    endloop
  endfacet
  facet normal -0.975473 -0.220121 0
    outer loop
      vertex 23.5817 0.154861 1.2
      vertex 23.5346 0.363586 2.1
      vertex 23.5346 0.363586 1.2
    endloop
  endfacet
  facet normal -0.975473 -0.220121 0
    outer loop
      vertex 23.5346 0.363586 2.1
      vertex 23.5817 0.154861 1.2
      vertex 23.5817 0.154861 2.1
    endloop
  endfacet
  facet normal -0.992919 -0.118794 0
    outer loop
      vertex 23.61 -0.0816803 1.2
      vertex 23.5817 0.154861 2.1
      vertex 23.5817 0.154861 1.2
    endloop
  endfacet
  facet normal -0.992919 -0.118794 0
    outer loop
      vertex 23.5817 0.154861 2.1
      vertex 23.61 -0.0816803 1.2
      vertex 23.61 -0.0816803 2.1
    endloop
  endfacet
  facet normal -0.999369 -0.0355291 0
    outer loop
      vertex 23.6194 -0.346085 1.2
      vertex 23.61 -0.0816803 2.1
      vertex 23.61 -0.0816803 1.2
    endloop
  endfacet
  facet normal -0.999369 -0.0355291 0
    outer loop
      vertex 23.61 -0.0816803 2.1
      vertex 23.6194 -0.346085 1.2
      vertex 23.6194 -0.346085 2.1
    endloop
  endfacet
  facet normal -1 0 0
    outer loop
      vertex 23.6194 -3.30974 1.2
      vertex 23.6194 -0.346085 2.1
      vertex 23.6194 -0.346085 1.2
    endloop
  endfacet
  facet normal -1 -0 0
    outer loop
      vertex 23.6194 -0.346085 2.1
      vertex 23.6194 -3.30974 1.2
      vertex 23.6194 -3.30974 2.1
    endloop
  endfacet
  facet normal 0 -1 0
    outer loop
      vertex 23.6194 -3.30974 1.2
      vertex 24.9865 -3.30974 2.1
      vertex 23.6194 -3.30974 2.1
    endloop
  endfacet
  facet normal 0 -1 -0
    outer loop
      vertex 24.9865 -3.30974 2.1
      vertex 23.6194 -3.30974 1.2
      vertex 24.9865 -3.30974 1.2
    endloop
  endfacet
  facet normal 1 -0 0
    outer loop
      vertex 24.9865 -3.30974 2.1
      vertex 24.9865 0.0445099 1.2
      vertex 24.9865 0.0445099 2.1
    endloop
  endfacet
  facet normal 1 0 0
    outer loop
      vertex 24.9865 0.0445099 1.2
      vertex 24.9865 -3.30974 2.1
      vertex 24.9865 -3.30974 1.2
    endloop
  endfacet
  facet normal 0.999732 0.0231387 0
    outer loop
      vertex 24.9865 0.0445099 2.1
      vertex 24.982 0.238937 1.2
      vertex 24.982 0.238937 2.1
    endloop
  endfacet
  facet normal 0.999732 0.0231387 0
    outer loop
      vertex 24.982 0.238937 1.2
      vertex 24.9865 0.0445099 2.1
      vertex 24.9865 0.0445099 1.2
    endloop
  endfacet
  facet normal 0.997344 0.0728402 0
    outer loop
      vertex 24.982 0.238937 2.1
      vertex 24.9685 0.423782 1.2
      vertex 24.9685 0.423782 2.1
    endloop
  endfacet
  facet normal 0.997344 0.0728402 0
    outer loop
      vertex 24.9685 0.423782 1.2
      vertex 24.982 0.238937 2.1
      vertex 24.982 0.238937 1.2
    endloop
  endfacet
  facet normal 0.991934 0.126755 0
    outer loop
      vertex 24.9685 0.423782 2.1
      vertex 24.9461 0.599075 1.2
      vertex 24.9461 0.599075 2.1
    endloop
  endfacet
  facet normal 0.991934 0.126755 0
    outer loop
      vertex 24.9461 0.599075 1.2
      vertex 24.9685 0.423782 2.1
      vertex 24.9685 0.423782 1.2
    endloop
  endfacet
  facet normal 0.982408 0.186746 0
    outer loop
      vertex 24.9461 0.599075 2.1
      vertex 24.9146 0.764786 1.2
      vertex 24.9146 0.764786 2.1
    endloop
  endfacet
  facet normal 0.982408 0.186746 0
    outer loop
      vertex 24.9146 0.764786 1.2
      vertex 24.9461 0.599075 2.1
      vertex 24.9461 0.599075 1.2
    endloop
  endfacet
  facet normal 0.96812 0.250489 0
    outer loop
      vertex 24.9146 0.764786 2.1
      vertex 24.8742 0.920929 1.2
      vertex 24.8742 0.920929 2.1
    endloop
  endfacet
  facet normal 0.96812 0.250489 0
    outer loop
      vertex 24.8742 0.920929 1.2
      vertex 24.9146 0.764786 2.1
      vertex 24.9146 0.764786 1.2
    endloop
  endfacet
  facet normal 0.947625 0.319386 0
    outer loop
      vertex 24.8742 0.920929 2.1
      vertex 24.8248 1.0675 1.2
      vertex 24.8248 1.0675 2.1
    endloop
  endfacet
  facet normal 0.947625 0.319386 0
    outer loop
      vertex 24.8248 1.0675 1.2
      vertex 24.8742 0.920929 2.1
      vertex 24.8742 0.920929 1.2
    endloop
  endfacet
  facet normal 0.919907 0.392136 0
    outer loop
      vertex 24.8248 1.0675 2.1
      vertex 24.7664 1.2045 1.2
      vertex 24.7664 1.2045 2.1
    endloop
  endfacet
  facet normal 0.919907 0.392136 0
    outer loop
      vertex 24.7664 1.2045 1.2
      vertex 24.8248 1.0675 2.1
      vertex 24.8248 1.0675 1.2
    endloop
  endfacet
  facet normal 0.883984 0.467518 0
    outer loop
      vertex 24.7664 1.2045 2.1
      vertex 24.699 1.33194 1.2
      vertex 24.699 1.33194 2.1
    endloop
  endfacet
  facet normal 0.883984 0.467518 0
    outer loop
      vertex 24.699 1.33194 1.2
      vertex 24.7664 1.2045 2.1
      vertex 24.7664 1.2045 1.2
    endloop
  endfacet
  facet normal 0.839123 0.543942 0
    outer loop
      vertex 24.699 1.33194 2.1
      vertex 24.6226 1.4498 1.2
      vertex 24.6226 1.4498 2.1
    endloop
  endfacet
  facet normal 0.839123 0.543942 0
    outer loop
      vertex 24.6226 1.4498 1.2
      vertex 24.699 1.33194 2.1
      vertex 24.699 1.33194 1.2
    endloop
  endfacet
  facet normal 0.78556 0.618785 0
    outer loop
      vertex 24.6226 1.4498 2.1
      vertex 24.5373 1.55809 1.2
      vertex 24.5373 1.55809 2.1
    endloop
  endfacet
  facet normal 0.78556 0.618785 0
    outer loop
      vertex 24.5373 1.55809 1.2
      vertex 24.6226 1.4498 2.1
      vertex 24.6226 1.4498 1.2
    endloop
  endfacet
  facet normal 0.723578 0.690243 0
    outer loop
      vertex 24.5373 1.55809 2.1
      vertex 24.4435 1.65642 1.2
      vertex 24.4435 1.65642 2.1
    endloop
  endfacet
  facet normal 0.723578 0.690243 0
    outer loop
      vertex 24.4435 1.65642 1.2
      vertex 24.5373 1.55809 2.1
      vertex 24.5373 1.55809 1.2
    endloop
  endfacet
  facet normal 0.654987 0.75564 -0
    outer loop
      vertex 24.4435 1.65642 1.2
      vertex 24.342 1.7444 2.1
      vertex 24.4435 1.65642 2.1
    endloop
  endfacet
  facet normal 0.654987 0.75564 0
    outer loop
      vertex 24.342 1.7444 2.1
      vertex 24.4435 1.65642 1.2
      vertex 24.342 1.7444 1.2
    endloop
  endfacet
  facet normal 0.578753 0.815503 -0
    outer loop
      vertex 24.342 1.7444 1.2
      vertex 24.2326 1.82204 2.1
      vertex 24.342 1.7444 2.1
    endloop
  endfacet
  facet normal 0.578753 0.815503 0
    outer loop
      vertex 24.2326 1.82204 2.1
      vertex 24.342 1.7444 1.2
      vertex 24.2326 1.82204 1.2
    endloop
  endfacet
  facet normal 0.498123 0.867106 -0
    outer loop
      vertex 24.2326 1.82204 1.2
      vertex 24.1155 1.88931 2.1
      vertex 24.2326 1.82204 2.1
    endloop
  endfacet
  facet normal 0.498123 0.867106 0
    outer loop
      vertex 24.1155 1.88931 2.1
      vertex 24.2326 1.82204 1.2
      vertex 24.1155 1.88931 1.2
    endloop
  endfacet
  facet normal 0.414478 0.91006 -0
    outer loop
      vertex 24.1155 1.88931 1.2
      vertex 23.9905 1.94624 2.1
      vertex 24.1155 1.88931 2.1
    endloop
  endfacet
  facet normal 0.414478 0.91006 0
    outer loop
      vertex 23.9905 1.94624 2.1
      vertex 24.1155 1.88931 1.2
      vertex 23.9905 1.94624 1.2
    endloop
  endfacet
  facet normal 0.33092 0.943659 -0
    outer loop
      vertex 23.9905 1.94624 1.2
      vertex 23.8577 1.99281 2.1
      vertex 23.9905 1.94624 2.1
    endloop
  endfacet
  facet normal 0.33092 0.943659 0
    outer loop
      vertex 23.8577 1.99281 2.1
      vertex 23.9905 1.94624 1.2
      vertex 23.8577 1.99281 1.2
    endloop
  endfacet
  facet normal 0.249595 0.96835 -0
    outer loop
      vertex 23.8577 1.99281 1.2
      vertex 23.7171 2.02905 2.1
      vertex 23.8577 1.99281 2.1
    endloop
  endfacet
  facet normal 0.249595 0.96835 0
    outer loop
      vertex 23.7171 2.02905 2.1
      vertex 23.8577 1.99281 1.2
      vertex 23.7171 2.02905 1.2
    endloop
  endfacet
  facet normal 0.171688 0.985151 -0
    outer loop
      vertex 23.7171 2.02905 1.2
      vertex 23.5686 2.05493 2.1
      vertex 23.7171 2.02905 2.1
    endloop
  endfacet
  facet normal 0.171688 0.985151 0
    outer loop
      vertex 23.5686 2.05493 2.1
      vertex 23.7171 2.02905 1.2
      vertex 23.5686 2.05493 1.2
    endloop
  endfacet
  facet normal 0.0988729 0.9951 -0
    outer loop
      vertex 23.5686 2.05493 1.2
      vertex 23.4124 2.07045 2.1
      vertex 23.5686 2.05493 2.1
    endloop
  endfacet
  facet normal 0.0988729 0.9951 0
    outer loop
      vertex 23.4124 2.07045 2.1
      vertex 23.5686 2.05493 1.2
      vertex 23.4124 2.07045 1.2
    endloop
  endfacet
  facet normal 0.0314896 0.999504 -0
    outer loop
      vertex 23.4124 2.07045 1.2
      vertex 23.2483 2.07562 2.1
      vertex 23.4124 2.07045 2.1
    endloop
  endfacet
  facet normal 0.0314896 0.999504 0
    outer loop
      vertex 23.2483 2.07562 2.1
      vertex 23.4124 2.07045 1.2
      vertex 23.2483 2.07562 1.2
    endloop
  endfacet
  facet normal -0.0238152 0.999716 0
    outer loop
      vertex 23.2483 2.07562 1.2
      vertex 23.1337 2.07289 2.1
      vertex 23.2483 2.07562 2.1
    endloop
  endfacet
  facet normal -0.0238152 0.999716 0
    outer loop
      vertex 23.1337 2.07289 2.1
      vertex 23.2483 2.07562 1.2
      vertex 23.1337 2.07289 1.2
    endloop
  endfacet
  facet normal -0.0735647 0.99729 0
    outer loop
      vertex 23.1337 2.07289 1.2
      vertex 23.0224 2.06468 2.1
      vertex 23.1337 2.07289 2.1
    endloop
  endfacet
  facet normal -0.0735647 0.99729 0
    outer loop
      vertex 23.0224 2.06468 2.1
      vertex 23.1337 2.07289 1.2
      vertex 23.0224 2.06468 1.2
    endloop
  endfacet
  facet normal -0.125344 0.992113 0
    outer loop
      vertex 23.0224 2.06468 1.2
      vertex 22.9142 2.05101 2.1
      vertex 23.0224 2.06468 2.1
    endloop
  endfacet
  facet normal -0.125344 0.992113 0
    outer loop
      vertex 22.9142 2.05101 2.1
      vertex 23.0224 2.06468 1.2
      vertex 22.9142 2.05101 1.2
    endloop
  endfacet
  facet normal -0.179405 0.983775 0
    outer loop
      vertex 22.9142 2.05101 1.2
      vertex 22.8093 2.03188 2.1
      vertex 22.9142 2.05101 2.1
    endloop
  endfacet
  facet normal -0.179405 0.983775 0
    outer loop
      vertex 22.8093 2.03188 2.1
      vertex 22.9142 2.05101 1.2
      vertex 22.8093 2.03188 1.2
    endloop
  endfacet
  facet normal -0.235288 0.971926 0
    outer loop
      vertex 22.8093 2.03188 1.2
      vertex 22.7076 2.00726 2.1
      vertex 22.8093 2.03188 2.1
    endloop
  endfacet
  facet normal -0.235288 0.971926 0
    outer loop
      vertex 22.7076 2.00726 2.1
      vertex 22.8093 2.03188 1.2
      vertex 22.7076 2.00726 1.2
    endloop
  endfacet
  facet normal -0.291977 0.956425 0
    outer loop
      vertex 22.7076 2.00726 1.2
      vertex 22.6091 1.97719 2.1
      vertex 22.7076 2.00726 2.1
    endloop
  endfacet
  facet normal -0.291977 0.956425 0
    outer loop
      vertex 22.6091 1.97719 2.1
      vertex 22.7076 2.00726 1.2
      vertex 22.6091 1.97719 1.2
    endloop
  endfacet
  facet normal -0.349507 0.936934 0
    outer loop
      vertex 22.6091 1.97719 1.2
      vertex 22.5138 1.94164 2.1
      vertex 22.6091 1.97719 2.1
    endloop
  endfacet
  facet normal -0.349507 0.936934 0
    outer loop
      vertex 22.5138 1.94164 2.1
      vertex 22.6091 1.97719 1.2
      vertex 22.5138 1.94164 1.2
    endloop
  endfacet
  facet normal -0.407225 0.913328 0
    outer loop
      vertex 22.5138 1.94164 1.2
      vertex 22.4218 1.90062 2.1
      vertex 22.5138 1.94164 2.1
    endloop
  endfacet
  facet normal -0.407225 0.913328 0
    outer loop
      vertex 22.4218 1.90062 2.1
      vertex 22.5138 1.94164 1.2
      vertex 22.4218 1.90062 1.2
    endloop
  endfacet
  facet normal -0.463817 0.885931 0
    outer loop
      vertex 22.4218 1.90062 1.2
      vertex 22.333 1.85413 2.1
      vertex 22.4218 1.90062 2.1
    endloop
  endfacet
  facet normal -0.463817 0.885931 0
    outer loop
      vertex 22.333 1.85413 2.1
      vertex 22.4218 1.90062 1.2
      vertex 22.333 1.85413 1.2
    endloop
  endfacet
  facet normal -0.518895 0.854838 0
    outer loop
      vertex 22.333 1.85413 1.2
      vertex 22.2474 1.80217 2.1
      vertex 22.333 1.85413 2.1
    endloop
  endfacet
  facet normal -0.518895 0.854838 0
    outer loop
      vertex 22.2474 1.80217 2.1
      vertex 22.333 1.85413 1.2
      vertex 22.2474 1.80217 1.2
    endloop
  endfacet
  facet normal -0.574659 0.818393 0
    outer loop
      vertex 22.2474 1.80217 1.2
      vertex 22.1648 1.74417 2.1
      vertex 22.2474 1.80217 2.1
    endloop
  endfacet
  facet normal -0.574659 0.818393 0
    outer loop
      vertex 22.1648 1.74417 2.1
      vertex 22.2474 1.80217 1.2
      vertex 22.1648 1.74417 1.2
    endloop
  endfacet
  facet normal -0.62991 0.776668 0
    outer loop
      vertex 22.1648 1.74417 1.2
      vertex 22.0851 1.67953 2.1
      vertex 22.1648 1.74417 2.1
    endloop
  endfacet
  facet normal -0.62991 0.776668 0
    outer loop
      vertex 22.0851 1.67953 2.1
      vertex 22.1648 1.74417 1.2
      vertex 22.0851 1.67953 1.2
    endloop
  endfacet
  facet normal -0.679748 0.733445 0
    outer loop
      vertex 22.0851 1.67953 1.2
      vertex 22.0082 1.60826 2.1
      vertex 22.0851 1.67953 2.1
    endloop
  endfacet
  facet normal -0.679748 0.733445 0
    outer loop
      vertex 22.0082 1.60826 2.1
      vertex 22.0851 1.67953 1.2
      vertex 22.0082 1.60826 1.2
    endloop
  endfacet
  facet normal -0.725155 0.688586 0
    outer loop
      vertex 21.9342 1.53033 1.2
      vertex 22.0082 1.60826 2.1
      vertex 22.0082 1.60826 1.2
    endloop
  endfacet
  facet normal -0.725155 0.688586 0
    outer loop
      vertex 22.0082 1.60826 2.1
      vertex 21.9342 1.53033 1.2
      vertex 21.9342 1.53033 2.1
    endloop
  endfacet
  facet normal -0.764503 0.64462 0
    outer loop
      vertex 21.8629 1.44577 1.2
      vertex 21.9342 1.53033 2.1
      vertex 21.9342 1.53033 1.2
    endloop
  endfacet
  facet normal -0.764503 0.64462 0
    outer loop
      vertex 21.9342 1.53033 2.1
      vertex 21.8629 1.44577 1.2
      vertex 21.8629 1.44577 2.1
    endloop
  endfacet
  facet normal -0.8 0.6 0
    outer loop
      vertex 21.7945 1.35457 1.2
      vertex 21.8629 1.44577 2.1
      vertex 21.8629 1.44577 1.2
    endloop
  endfacet
  facet normal -0.8 0.6 0
    outer loop
      vertex 21.8629 1.44577 2.1
      vertex 21.7945 1.35457 1.2
      vertex 21.7945 1.35457 2.1
    endloop
  endfacet
  facet normal -0.83103 0.556228 0
    outer loop
      vertex 21.729 1.25671 1.2
      vertex 21.7945 1.35457 2.1
      vertex 21.7945 1.35457 1.2
    endloop
  endfacet
  facet normal -0.83103 0.556228 0
    outer loop
      vertex 21.7945 1.35457 2.1
      vertex 21.729 1.25671 1.2
      vertex 21.729 1.25671 2.1
    endloop
  endfacet
  facet normal -0.857066 0.515207 0
    outer loop
      vertex 21.6662 1.15224 1.2
      vertex 21.729 1.25671 2.1
      vertex 21.729 1.25671 1.2
    endloop
  endfacet
  facet normal -0.857066 0.515207 0
    outer loop
      vertex 21.729 1.25671 2.1
      vertex 21.6662 1.15224 1.2
      vertex 21.6662 1.15224 2.1
    endloop
  endfacet
  facet normal -0.88027 0.474473 0
    outer loop
      vertex 21.6063 1.04111 1.2
      vertex 21.6662 1.15224 2.1
      vertex 21.6662 1.15224 1.2
    endloop
  endfacet
  facet normal -0.88027 0.474473 0
    outer loop
      vertex 21.6662 1.15224 2.1
      vertex 21.6063 1.04111 1.2
      vertex 21.6063 1.04111 2.1
    endloop
  endfacet
  facet normal -0.899816 0.43627 0
    outer loop
      vertex 21.5492 0.92334 1.2
      vertex 21.6063 1.04111 2.1
      vertex 21.6063 1.04111 1.2
    endloop
  endfacet
  facet normal -0.899816 0.43627 0
    outer loop
      vertex 21.6063 1.04111 2.1
      vertex 21.5492 0.92334 1.2
      vertex 21.5492 0.92334 2.1
    endloop
  endfacet
  facet normal 0 1 -0
    outer loop
      vertex 21.5492 0.92334 1.2
      vertex 21.5297 0.92334 2.1
      vertex 21.5492 0.92334 2.1
    endloop
  endfacet
  facet normal 0 1 0
    outer loop
      vertex 21.5297 0.92334 2.1
      vertex 21.5492 0.92334 1.2
      vertex 21.5297 0.92334 1.2
    endloop
  endfacet
  facet normal 0.999958 0.00914847 0
    outer loop
      vertex 21.5297 0.92334 2.1
      vertex 21.5294 0.956131 1.2
      vertex 21.5294 0.956131 2.1
    endloop
  endfacet
  facet normal 0.999958 0.00914847 0
    outer loop
      vertex 21.5294 0.956131 1.2
      vertex 21.5297 0.92334 2.1
      vertex 21.5297 0.92334 1.2
    endloop
  endfacet
  facet normal 0.999829 0.0185021 0
    outer loop
      vertex 21.5294 0.956131 2.1
      vertex 21.5287 0.993958 1.2
      vertex 21.5287 0.993958 2.1
    endloop
  endfacet
  facet normal 0.999829 0.0185021 0
    outer loop
      vertex 21.5287 0.993958 1.2
      vertex 21.5294 0.956131 2.1
      vertex 21.5294 0.956131 1.2
    endloop
  endfacet
  facet normal 0.999608 0.0279989 0
    outer loop
      vertex 21.5287 0.993958 2.1
      vertex 21.5275 1.0368 1.2
      vertex 21.5275 1.0368 2.1
    endloop
  endfacet
  facet normal 0.999608 0.0279989 0
    outer loop
      vertex 21.5275 1.0368 1.2
      vertex 21.5287 0.993958 2.1
      vertex 21.5287 0.993958 1.2
    endloop
  endfacet
  facet normal 0.999371 0.0354757 0
    outer loop
      vertex 21.5275 1.0368 2.1
      vertex 21.5258 1.08469 1.2
      vertex 21.5258 1.08469 2.1
    endloop
  endfacet
  facet normal 0.999371 0.0354757 0
    outer loop
      vertex 21.5258 1.08469 1.2
      vertex 21.5275 1.0368 2.1
      vertex 21.5275 1.0368 1.2
    endloop
  endfacet
  facet normal 0.999136 0.041552 0
    outer loop
      vertex 21.5258 1.08469 2.1
      vertex 21.5236 1.13759 1.2
      vertex 21.5236 1.13759 2.1
    endloop
  endfacet
  facet normal 0.999136 0.041552 0
    outer loop
      vertex 21.5236 1.13759 1.2
      vertex 21.5258 1.08469 2.1
      vertex 21.5258 1.08469 1.2
    endloop
  endfacet
  facet normal 0.998916 0.0465494 0
    outer loop
      vertex 21.5236 1.13759 2.1
      vertex 21.5209 1.19553 1.2
      vertex 21.5209 1.19553 2.1
    endloop
  endfacet
  facet normal 0.998916 0.0465494 0
    outer loop
      vertex 21.5209 1.19553 1.2
      vertex 21.5236 1.13759 2.1
      vertex 21.5236 1.13759 1.2
    endloop
  endfacet
  facet normal 0.99871 0.0507684 0
    outer loop
      vertex 21.5209 1.19553 2.1
      vertex 21.5177 1.25848 1.2
      vertex 21.5177 1.25848 2.1
    endloop
  endfacet
  facet normal 0.99871 0.0507684 0
    outer loop
      vertex 21.5177 1.25848 1.2
      vertex 21.5209 1.19553 2.1
      vertex 21.5209 1.19553 1.2
    endloop
  endfacet
  facet normal 0.998601 0.0528827 0
    outer loop
      vertex 21.5177 1.25848 2.1
      vertex 21.5141 1.32646 1.2
      vertex 21.5141 1.32646 2.1
    endloop
  endfacet
  facet normal 0.998601 0.0528827 0
    outer loop
      vertex 21.5141 1.32646 1.2
      vertex 21.5177 1.25848 2.1
      vertex 21.5177 1.25848 1.2
    endloop
  endfacet
  facet normal 0.99835 0.0574236 0
    outer loop
      vertex 21.5141 1.32646 2.1
      vertex 21.5099 1.39948 1.2
      vertex 21.5099 1.39948 2.1
    endloop
  endfacet
  facet normal 0.99835 0.0574236 0
    outer loop
      vertex 21.5099 1.39948 1.2
      vertex 21.5141 1.32646 2.1
      vertex 21.5141 1.32646 1.2
    endloop
  endfacet
  facet normal 0.998267 0.058842 0
    outer loop
      vertex 21.5099 1.39948 2.1
      vertex 21.5053 1.47752 1.2
      vertex 21.5053 1.47752 2.1
    endloop
  endfacet
  facet normal 0.998267 0.058842 0
    outer loop
      vertex 21.5053 1.47752 1.2
      vertex 21.5099 1.39948 2.1
      vertex 21.5099 1.39948 1.2
    endloop
  endfacet
  facet normal 0.998086 0.0618409 0
    outer loop
      vertex 21.5053 1.47752 2.1
      vertex 21.5005 1.55499 1.2
      vertex 21.5005 1.55499 2.1
    endloop
  endfacet
  facet normal 0.998086 0.0618409 0
    outer loop
      vertex 21.5005 1.55499 1.2
      vertex 21.5053 1.47752 2.1
      vertex 21.5053 1.47752 1.2
    endloop
  endfacet
  facet normal 0.997923 0.0644183 0
    outer loop
      vertex 21.5005 1.55499 2.1
      vertex 21.4959 1.62625 1.2
      vertex 21.4959 1.62625 2.1
    endloop
  endfacet
  facet normal 0.997923 0.0644183 0
    outer loop
      vertex 21.4959 1.62625 1.2
      vertex 21.5005 1.55499 2.1
      vertex 21.5005 1.55499 1.2
    endloop
  endfacet
  facet normal 0.997721 0.0674757 0
    outer loop
      vertex 21.4959 1.62625 2.1
      vertex 21.4915 1.69131 1.2
      vertex 21.4915 1.69131 2.1
    endloop
  endfacet
  facet normal 0.997721 0.0674757 0
    outer loop
      vertex 21.4915 1.69131 1.2
      vertex 21.4959 1.62625 2.1
      vertex 21.4959 1.62625 1.2
    endloop
  endfacet
  facet normal 0.997465 0.0711628 0
    outer loop
      vertex 21.4915 1.69131 2.1
      vertex 21.4873 1.75018 1.2
      vertex 21.4873 1.75018 2.1
    endloop
  endfacet
  facet normal 0.997465 0.0711628 0
    outer loop
      vertex 21.4873 1.75018 1.2
      vertex 21.4915 1.69131 2.1
      vertex 21.4915 1.69131 1.2
    endloop
  endfacet
  facet normal 0.997128 0.0757408 0
    outer loop
      vertex 21.4873 1.75018 2.1
      vertex 21.4833 1.80284 1.2
      vertex 21.4833 1.80284 2.1
    endloop
  endfacet
  facet normal 0.997128 0.0757408 0
    outer loop
      vertex 21.4833 1.80284 1.2
      vertex 21.4873 1.75018 2.1
      vertex 21.4873 1.75018 1.2
    endloop
  endfacet
  facet normal 0.99667 0.081536 0
    outer loop
      vertex 21.4833 1.80284 2.1
      vertex 21.4795 1.84929 1.2
      vertex 21.4795 1.84929 2.1
    endloop
  endfacet
  facet normal 0.99667 0.081536 0
    outer loop
      vertex 21.4795 1.84929 1.2
      vertex 21.4833 1.80284 2.1
      vertex 21.4833 1.80284 1.2
    endloop
  endfacet
  facet normal 0.996024 0.0890854 0
    outer loop
      vertex 21.4795 1.84929 2.1
      vertex 21.4759 1.88954 1.2
      vertex 21.4759 1.88954 2.1
    endloop
  endfacet
  facet normal 0.996024 0.0890854 0
    outer loop
      vertex 21.4759 1.88954 1.2
      vertex 21.4795 1.84929 2.1
      vertex 21.4795 1.84929 1.2
    endloop
  endfacet
  facet normal 0.995055 0.0993302 0
    outer loop
      vertex 21.4759 1.88954 2.1
      vertex 21.4725 1.9236 1.2
      vertex 21.4725 1.9236 2.1
    endloop
  endfacet
  facet normal 0.995055 0.0993302 0
    outer loop
      vertex 21.4725 1.9236 1.2
      vertex 21.4759 1.88954 2.1
      vertex 21.4759 1.88954 1.2
    endloop
  endfacet
  facet normal 0.993053 0.117669 0
    outer loop
      vertex 21.4725 1.9236 2.1
      vertex 21.4692 1.95145 1.2
      vertex 21.4692 1.95145 2.1
    endloop
  endfacet
  facet normal 0.993053 0.117669 0
    outer loop
      vertex 21.4692 1.95145 1.2
      vertex 21.4725 1.9236 2.1
      vertex 21.4725 1.9236 1.2
    endloop
  endfacet
  facet normal 0.990536 0.137257 0
    outer loop
      vertex 21.4692 1.95145 2.1
      vertex 21.4662 1.9731 1.2
      vertex 21.4662 1.9731 2.1
    endloop
  endfacet
  facet normal 0.990536 0.137257 0
    outer loop
      vertex 21.4662 1.9731 1.2
      vertex 21.4692 1.95145 2.1
      vertex 21.4692 1.95145 1.2
    endloop
  endfacet
  facet normal 0 1 -0
    outer loop
      vertex 21.4662 1.9731 1.2
      vertex 20.1577 1.9731 2.1
      vertex 21.4662 1.9731 2.1
    endloop
  endfacet
  facet normal 0 1 0
    outer loop
      vertex 20.1577 1.9731 2.1
      vertex 21.4662 1.9731 1.2
      vertex 20.1577 1.9731 1.2
    endloop
  endfacet
  facet normal -0.997788 -0.0664734 0
    outer loop
      vertex 20.1606 1.92957 1.2
      vertex 20.1577 1.9731 2.1
      vertex 20.1577 1.9731 1.2
    endloop
  endfacet
  facet normal -0.997788 -0.0664734 0
    outer loop
      vertex 20.1577 1.9731 2.1
      vertex 20.1606 1.92957 1.2
      vertex 20.1606 1.92957 2.1
    endloop
  endfacet
  facet normal -0.997897 -0.064813 0
    outer loop
      vertex 20.1635 1.88492 1.2
      vertex 20.1606 1.92957 2.1
      vertex 20.1606 1.92957 1.2
    endloop
  endfacet
  facet normal -0.997897 -0.064813 0
    outer loop
      vertex 20.1606 1.92957 2.1
      vertex 20.1635 1.88492 1.2
      vertex 20.1635 1.88492 2.1
    endloop
  endfacet
  facet normal -0.998135 -0.061048 0
    outer loop
      vertex 20.1663 1.83914 1.2
      vertex 20.1635 1.88492 2.1
      vertex 20.1635 1.88492 1.2
    endloop
  endfacet
  facet normal -0.998135 -0.061048 0
    outer loop
      vertex 20.1635 1.88492 2.1
      vertex 20.1663 1.83914 1.2
      vertex 20.1663 1.83914 2.1
    endloop
  endfacet
  facet normal -0.998347 -0.0574741 0
    outer loop
      vertex 20.169 1.79224 1.2
      vertex 20.1663 1.83914 2.1
      vertex 20.1663 1.83914 1.2
    endloop
  endfacet
  facet normal -0.998347 -0.0574741 0
    outer loop
      vertex 20.1663 1.83914 2.1
      vertex 20.169 1.79224 1.2
      vertex 20.169 1.79224 2.1
    endloop
  endfacet
  facet normal -0.998423 -0.0561379 0
    outer loop
      vertex 20.1717 1.74422 1.2
      vertex 20.169 1.79224 2.1
      vertex 20.169 1.79224 1.2
    endloop
  endfacet
  facet normal -0.998423 -0.0561379 0
    outer loop
      vertex 20.169 1.79224 2.1
      vertex 20.1717 1.74422 1.2
      vertex 20.1717 1.74422 2.1
    endloop
  endfacet
  facet normal -0.998495 -0.0548512 0
    outer loop
      vertex 20.1744 1.69507 1.2
      vertex 20.1717 1.74422 2.1
      vertex 20.1717 1.74422 1.2
    endloop
  endfacet
  facet normal -0.998495 -0.0548512 0
    outer loop
      vertex 20.1717 1.74422 2.1
      vertex 20.1744 1.69507 1.2
      vertex 20.1744 1.69507 2.1
    endloop
  endfacet
  facet normal -0.998666 -0.0516414 0
    outer loop
      vertex 20.177 1.64479 1.2
      vertex 20.1744 1.69507 2.1
      vertex 20.1744 1.69507 1.2
    endloop
  endfacet
  facet normal -0.998666 -0.0516414 0
    outer loop
      vertex 20.1744 1.69507 2.1
      vertex 20.177 1.64479 1.2
      vertex 20.177 1.64479 2.1
    endloop
  endfacet
  facet normal -0.998723 -0.0505289 0
    outer loop
      vertex 20.1796 1.5934 1.2
      vertex 20.177 1.64479 2.1
      vertex 20.177 1.64479 1.2
    endloop
  endfacet
  facet normal -0.998723 -0.0505289 0
    outer loop
      vertex 20.177 1.64479 2.1
      vertex 20.1796 1.5934 1.2
      vertex 20.1796 1.5934 2.1
    endloop
  endfacet
  facet normal -0.998869 -0.0475471 0
    outer loop
      vertex 20.1821 1.54088 1.2
      vertex 20.1796 1.5934 2.1
      vertex 20.1796 1.5934 1.2
    endloop
  endfacet
  facet normal -0.998869 -0.0475471 0
    outer loop
      vertex 20.1796 1.5934 2.1
      vertex 20.1821 1.54088 1.2
      vertex 20.1821 1.54088 2.1
    endloop
  endfacet
  facet normal -0.999001 -0.044698 0
    outer loop
      vertex 20.1845 1.48724 1.2
      vertex 20.1821 1.54088 2.1
      vertex 20.1821 1.54088 1.2
    endloop
  endfacet
  facet normal -0.999001 -0.044698 0
    outer loop
      vertex 20.1821 1.54088 2.1
      vertex 20.1845 1.48724 1.2
      vertex 20.1845 1.48724 2.1
    endloop
  endfacet
  facet normal -0.999149 -0.0412427 0
    outer loop
      vertex 20.1868 1.43152 1.2
      vertex 20.1845 1.48724 2.1
      vertex 20.1845 1.48724 1.2
    endloop
  endfacet
  facet normal -0.999149 -0.0412427 0
    outer loop
      vertex 20.1845 1.48724 2.1
      vertex 20.1868 1.43152 1.2
      vertex 20.1868 1.43152 2.1
    endloop
  endfacet
  facet normal -0.999363 -0.0356855 0
    outer loop
      vertex 20.1889 1.37271 1.2
      vertex 20.1868 1.43152 2.1
      vertex 20.1868 1.43152 1.2
    endloop
  endfacet
  facet normal -0.999363 -0.0356855 0
    outer loop
      vertex 20.1868 1.43152 2.1
      vertex 20.1889 1.37271 1.2
      vertex 20.1889 1.37271 2.1
    endloop
  endfacet
  facet normal -0.999529 -0.0306951 0
    outer loop
      vertex 20.1908 1.31084 1.2
      vertex 20.1889 1.37271 2.1
      vertex 20.1889 1.37271 1.2
    endloop
  endfacet
  facet normal -0.999529 -0.0306951 0
    outer loop
      vertex 20.1889 1.37271 2.1
      vertex 20.1908 1.31084 1.2
      vertex 20.1908 1.31084 2.1
    endloop
  endfacet
  facet normal -0.999697 -0.0246231 0
    outer loop
      vertex 20.1924 1.24588 1.2
      vertex 20.1908 1.31084 2.1
      vertex 20.1908 1.31084 1.2
    endloop
  endfacet
  facet normal -0.999697 -0.0246231 0
    outer loop
      vertex 20.1908 1.31084 2.1
      vertex 20.1924 1.24588 1.2
      vertex 20.1924 1.24588 2.1
    endloop
  endfacet
  facet normal -0.999817 -0.0191085 0
    outer loop
      vertex 20.1937 1.17786 1.2
      vertex 20.1924 1.24588 2.1
      vertex 20.1924 1.24588 1.2
    endloop
  endfacet
  facet normal -0.999817 -0.0191085 0
    outer loop
      vertex 20.1924 1.24588 2.1
      vertex 20.1937 1.17786 1.2
      vertex 20.1937 1.17786 2.1
    endloop
  endfacet
  facet normal -0.99988 -0.0154671 0
    outer loop
      vertex 20.1948 1.10675 1.2
      vertex 20.1937 1.17786 2.1
      vertex 20.1937 1.17786 1.2
    endloop
  endfacet
  facet normal -0.99988 -0.0154671 0
    outer loop
      vertex 20.1937 1.17786 2.1
      vertex 20.1948 1.10675 1.2
      vertex 20.1948 1.10675 2.1
    endloop
  endfacet
  facet normal -0.999926 -0.0121334 0
    outer loop
      vertex 20.1957 1.03258 1.2
      vertex 20.1948 1.10675 2.1
      vertex 20.1948 1.10675 1.2
    endloop
  endfacet
  facet normal -0.999926 -0.0121334 0
    outer loop
      vertex 20.1948 1.10675 2.1
      vertex 20.1957 1.03258 1.2
      vertex 20.1957 1.03258 2.1
    endloop
  endfacet
  facet normal -0.99997 -0.00776595 0
    outer loop
      vertex 20.1963 0.955322 1.2
      vertex 20.1957 1.03258 2.1
      vertex 20.1957 1.03258 1.2
    endloop
  endfacet
  facet normal -0.99997 -0.00776595 0
    outer loop
      vertex 20.1957 1.03258 2.1
      vertex 20.1963 0.955322 1.2
      vertex 20.1963 0.955322 2.1
    endloop
  endfacet
  facet normal -0.999993 -0.00373424 0
    outer loop
      vertex 20.1966 0.874985 1.2
      vertex 20.1963 0.955322 2.1
      vertex 20.1963 0.955322 1.2
    endloop
  endfacet
  facet normal -0.999993 -0.00373424 0
    outer loop
      vertex 20.1963 0.955322 2.1
      vertex 20.1966 0.874985 1.2
      vertex 20.1966 0.874985 2.1
    endloop
  endfacet
  facet normal -0.999997 -0.00239793 0
    outer loop
      vertex 20.1968 0.79158 1.2
      vertex 20.1966 0.874985 2.1
      vertex 20.1966 0.874985 1.2
    endloop
  endfacet
  facet normal -0.999997 -0.00239793 0
    outer loop
      vertex 20.1966 0.874985 2.1
      vertex 20.1968 0.79158 1.2
      vertex 20.1968 0.79158 2.1
    endloop
  endfacet
  facet normal -1 0 0
    outer loop
      vertex 20.1968 -3.30974 1.2
      vertex 20.1968 0.79158 2.1
      vertex 20.1968 0.79158 1.2
    endloop
  endfacet
  facet normal -1 -0 0
    outer loop
      vertex 20.1968 0.79158 2.1
      vertex 20.1968 -3.30974 1.2
      vertex 20.1968 -3.30974 2.1
    endloop
  endfacet
  facet normal 0 -1 0
    outer loop
      vertex 20.1968 -3.30974 1.2
      vertex 21.5688 -3.30974 2.1
      vertex 20.1968 -3.30974 2.1
    endloop
  endfacet
  facet normal 0 -1 -0
    outer loop
      vertex 21.5688 -3.30974 2.1
      vertex 20.1968 -3.30974 1.2
      vertex 21.5688 -3.30974 1.2
    endloop
  endfacet
  facet normal 1 -0 0
    outer loop
      vertex 21.5688 -3.30974 2.1
      vertex 21.5688 -0.477905 1.2
      vertex 21.5688 -0.477905 2.1
    endloop
  endfacet
  facet normal 1 0 0
    outer loop
      vertex 21.5688 -0.477905 1.2
      vertex 21.5688 -3.30974 2.1
      vertex 21.5688 -3.30974 1.2
    endloop
  endfacet
  facet normal 0.13801 -0.990431 0
    outer loop
      vertex 0.442688 -3.39302 1.2
      vertex 0.751709 -3.34996 2.1
      vertex 0.442688 -3.39302 2.1
    endloop
  endfacet
  facet normal 0.13801 -0.990431 0
    outer loop
      vertex 0.751709 -3.34996 2.1
      vertex 0.442688 -3.39302 1.2
      vertex 0.751709 -3.34996 1.2
    endloop
  endfacet
  facet normal 0.243533 -0.969893 0
    outer loop
      vertex 0.751709 -3.34996 1.2
      vertex 1.03758 -3.27818 2.1
      vertex 0.751709 -3.34996 2.1
    endloop
  endfacet
  facet normal 0.243533 -0.969893 0
    outer loop
      vertex 1.03758 -3.27818 2.1
      vertex 0.751709 -3.34996 1.2
      vertex 1.03758 -3.27818 1.2
    endloop
  endfacet
  facet normal 0.357213 -0.934023 0
    outer loop
      vertex 1.03758 -3.27818 1.2
      vertex 1.30031 -3.1777 2.1
      vertex 1.03758 -3.27818 2.1
    endloop
  endfacet
  facet normal 0.357213 -0.934023 0
    outer loop
      vertex 1.30031 -3.1777 2.1
      vertex 1.03758 -3.27818 1.2
      vertex 1.30031 -3.1777 1.2
    endloop
  endfacet
  facet normal 0.474612 -0.880195 0
    outer loop
      vertex 1.30031 -3.1777 1.2
      vertex 1.5399 -3.04851 2.1
      vertex 1.30031 -3.1777 2.1
    endloop
  endfacet
  facet normal 0.474612 -0.880195 0
    outer loop
      vertex 1.5399 -3.04851 2.1
      vertex 1.30031 -3.1777 1.2
      vertex 1.5399 -3.04851 1.2
    endloop
  endfacet
  facet normal 0.589347 -0.80788 0
    outer loop
      vertex 1.5399 -3.04851 1.2
      vertex 1.75635 -2.89061 2.1
      vertex 1.5399 -3.04851 2.1
    endloop
  endfacet
  facet normal 0.589347 -0.80788 0
    outer loop
      vertex 1.75635 -2.89061 2.1
      vertex 1.5399 -3.04851 1.2
      vertex 1.75635 -2.89061 1.2
    endloop
  endfacet
  facet normal 0.694567 -0.719428 0
    outer loop
      vertex 1.75635 -2.89061 1.2
      vertex 1.94965 -2.70399 2.1
      vertex 1.75635 -2.89061 2.1
    endloop
  endfacet
  facet normal 0.694567 -0.719428 0
    outer loop
      vertex 1.94965 -2.70399 2.1
      vertex 1.75635 -2.89061 1.2
      vertex 1.94965 -2.70399 1.2
    endloop
  endfacet
  facet normal 0.784566 -0.620045 0
    outer loop
      vertex 1.94965 -2.70399 2.1
      vertex 2.11981 -2.48868 1.2
      vertex 2.11981 -2.48868 2.1
    endloop
  endfacet
  facet normal 0.784566 -0.620045 0
    outer loop
      vertex 2.11981 -2.48868 1.2
      vertex 1.94965 -2.70399 2.1
      vertex 1.94965 -2.70399 1.2
    endloop
  endfacet
  facet normal 0.856569 -0.516033 0
    outer loop
      vertex 2.11981 -2.48868 2.1
      vertex 2.26683 -2.24464 1.2
      vertex 2.26683 -2.24464 2.1
    endloop
  endfacet
  facet normal 0.856569 -0.516033 0
    outer loop
      vertex 2.26683 -2.24464 1.2
      vertex 2.11981 -2.48868 2.1
      vertex 2.11981 -2.48868 1.2
    endloop
  endfacet
  facet normal 0.91049 -0.413531 0
    outer loop
      vertex 2.26683 -2.24464 2.1
      vertex 2.3907 -1.97191 1.2
      vertex 2.3907 -1.97191 2.1
    endloop
  endfacet
  facet normal 0.91049 -0.413531 0
    outer loop
      vertex 2.3907 -1.97191 1.2
      vertex 2.26683 -2.24464 2.1
      vertex 2.26683 -2.24464 1.2
    endloop
  endfacet
  facet normal 0.0864279 0.996258 -0
    outer loop
      vertex 2.3907 -1.97191 1.2
      vertex 1.09679 -1.85966 2.1
      vertex 2.3907 -1.97191 2.1
    endloop
  endfacet
  facet normal 0.0864279 0.996258 0
    outer loop
      vertex 1.09679 -1.85966 2.1
      vertex 2.3907 -1.97191 1.2
      vertex 1.09679 -1.85966 1.2
    endloop
  endfacet
  facet normal -0.939952 0.341308 0
    outer loop
      vertex 1.05334 -1.97932 1.2
      vertex 1.09679 -1.85966 2.1
      vertex 1.09679 -1.85966 1.2
    endloop
  endfacet
  facet normal -0.939952 0.341308 0
    outer loop
      vertex 1.09679 -1.85966 2.1
      vertex 1.05334 -1.97932 1.2
      vertex 1.05334 -1.97932 2.1
    endloop
  endfacet
  facet normal -0.892253 0.451535 0
    outer loop
      vertex 0.999161 -2.08638 1.2
      vertex 1.05334 -1.97932 2.1
      vertex 1.05334 -1.97932 1.2
    endloop
  endfacet
  facet normal -0.892253 0.451535 0
    outer loop
      vertex 1.05334 -1.97932 2.1
      vertex 0.999161 -2.08638 1.2
      vertex 0.999161 -2.08638 2.1
    endloop
  endfacet
  facet normal -0.824132 0.566398 0
    outer loop
      vertex 0.934235 -2.18085 1.2
      vertex 0.999161 -2.08638 2.1
      vertex 0.999161 -2.08638 1.2
    endloop
  endfacet
  facet normal -0.824132 0.566398 0
    outer loop
      vertex 0.999161 -2.08638 2.1
      vertex 0.934235 -2.18085 1.2
      vertex 0.934235 -2.18085 2.1
    endloop
  endfacet
  facet normal -0.734345 0.678776 0
    outer loop
      vertex 0.858551 -2.26273 1.2
      vertex 0.934235 -2.18085 2.1
      vertex 0.934235 -2.18085 1.2
    endloop
  endfacet
  facet normal -0.734345 0.678776 0
    outer loop
      vertex 0.934235 -2.18085 2.1
      vertex 0.858551 -2.26273 1.2
      vertex 0.858551 -2.26273 2.1
    endloop
  endfacet
  facet normal -0.625477 0.780243 0
    outer loop
      vertex 0.858551 -2.26273 1.2
      vertex 0.772141 -2.332 2.1
      vertex 0.858551 -2.26273 2.1
    endloop
  endfacet
  facet normal -0.625477 0.780243 0
    outer loop
      vertex 0.772141 -2.332 2.1
      vertex 0.858551 -2.26273 1.2
      vertex 0.772141 -2.332 1.2
    endloop
  endfacet
  facet normal -0.503987 0.863712 0
    outer loop
      vertex 0.772141 -2.332 1.2
      vertex 0.674988 -2.38869 2.1
      vertex 0.772141 -2.332 2.1
    endloop
  endfacet
  facet normal -0.503987 0.863712 0
    outer loop
      vertex 0.674988 -2.38869 2.1
      vertex 0.772141 -2.332 1.2
      vertex 0.674988 -2.38869 1.2
    endloop
  endfacet
  facet normal -0.3782 0.925724 0
    outer loop
      vertex 0.674988 -2.38869 1.2
      vertex 0.567093 -2.43277 2.1
      vertex 0.674988 -2.38869 2.1
    endloop
  endfacet
  facet normal -0.3782 0.925724 0
    outer loop
      vertex 0.567093 -2.43277 2.1
      vertex 0.674988 -2.38869 1.2
      vertex 0.567093 -2.43277 1.2
    endloop
  endfacet
  facet normal -0.256442 0.96656 0
    outer loop
      vertex 0.567093 -2.43277 1.2
      vertex 0.448441 -2.46425 2.1
      vertex 0.567093 -2.43277 2.1
    endloop
  endfacet
  facet normal -0.256442 0.96656 0
    outer loop
      vertex 0.448441 -2.46425 2.1
      vertex 0.567093 -2.43277 1.2
      vertex 0.448441 -2.46425 1.2
    endloop
  endfacet
  facet normal -0.144547 0.989498 0
    outer loop
      vertex 0.448441 -2.46425 1.2
      vertex 0.319061 -2.48315 2.1
      vertex 0.448441 -2.46425 2.1
    endloop
  endfacet
  facet normal -0.144547 0.989498 0
    outer loop
      vertex 0.319061 -2.48315 2.1
      vertex 0.448441 -2.46425 1.2
      vertex 0.319061 -2.48315 1.2
    endloop
  endfacet
  facet normal -0.0448446 0.998994 0
    outer loop
      vertex 0.319061 -2.48315 1.2
      vertex 0.17894 -2.48944 2.1
      vertex 0.319061 -2.48315 2.1
    endloop
  endfacet
  facet normal -0.0448446 0.998994 0
    outer loop
      vertex 0.17894 -2.48944 2.1
      vertex 0.319061 -2.48315 1.2
      vertex 0.17894 -2.48944 1.2
    endloop
  endfacet
  facet normal 0.0380093 0.999277 -0
    outer loop
      vertex 0.17894 -2.48944 1.2
      vertex 0.075882 -2.48552 2.1
      vertex 0.17894 -2.48944 2.1
    endloop
  endfacet
  facet normal 0.0380093 0.999277 0
    outer loop
      vertex 0.075882 -2.48552 2.1
      vertex 0.17894 -2.48944 1.2
      vertex 0.075882 -2.48552 1.2
    endloop
  endfacet
  facet normal 0.119298 0.992858 -0
    outer loop
      vertex 0.075882 -2.48552 1.2
      vertex -0.0223236 -2.47372 2.1
      vertex 0.075882 -2.48552 2.1
    endloop
  endfacet
  facet normal 0.119298 0.992858 0
    outer loop
      vertex -0.0223236 -2.47372 2.1
      vertex 0.075882 -2.48552 1.2
      vertex -0.0223236 -2.47372 1.2
    endloop
  endfacet
  facet normal 0.205914 0.97857 -0
    outer loop
      vertex -0.0223236 -2.47372 1.2
      vertex -0.115707 -2.45407 2.1
      vertex -0.0223236 -2.47372 2.1
    endloop
  endfacet
  facet normal 0.205914 0.97857 0
    outer loop
      vertex -0.115707 -2.45407 2.1
      vertex -0.0223236 -2.47372 1.2
      vertex -0.115707 -2.45407 1.2
    endloop
  endfacet
  facet normal 0.296595 0.955003 -0
    outer loop
      vertex -0.115707 -2.45407 1.2
      vertex -0.204254 -2.42657 2.1
      vertex -0.115707 -2.45407 2.1
    endloop
  endfacet
  facet normal 0.296595 0.955003 0
    outer loop
      vertex -0.204254 -2.42657 2.1
      vertex -0.115707 -2.45407 1.2
      vertex -0.204254 -2.42657 1.2
    endloop
  endfacet
  facet normal 0.389213 0.921148 -0
    outer loop
      vertex -0.204254 -2.42657 1.2
      vertex -0.287964 -2.3912 2.1
      vertex -0.204254 -2.42657 2.1
    endloop
  endfacet
  facet normal 0.389213 0.921148 0
    outer loop
      vertex -0.287964 -2.3912 2.1
      vertex -0.204254 -2.42657 1.2
      vertex -0.287964 -2.3912 1.2
    endloop
  endfacet
  facet normal 0.480481 0.877005 -0
    outer loop
      vertex -0.287964 -2.3912 1.2
      vertex -0.366852 -2.34798 2.1
      vertex -0.287964 -2.3912 2.1
    endloop
  endfacet
  facet normal 0.480481 0.877005 0
    outer loop
      vertex -0.366852 -2.34798 2.1
      vertex -0.287964 -2.3912 1.2
      vertex -0.366852 -2.34798 1.2
    endloop
  endfacet
  facet normal 0.567969 0.82305 -0
    outer loop
      vertex -0.366852 -2.34798 1.2
      vertex -0.440887 -2.29689 2.1
      vertex -0.366852 -2.34798 2.1
    endloop
  endfacet
  facet normal 0.567969 0.82305 0
    outer loop
      vertex -0.440887 -2.29689 2.1
      vertex -0.366852 -2.34798 1.2
      vertex -0.440887 -2.29689 1.2
    endloop
  endfacet
  facet normal 0.648338 0.761352 -0
    outer loop
      vertex -0.440887 -2.29689 1.2
      vertex -0.510101 -2.23795 2.1
      vertex -0.440887 -2.29689 2.1
    endloop
  endfacet
  facet normal 0.648338 0.761352 0
    outer loop
      vertex -0.510101 -2.23795 2.1
      vertex -0.440887 -2.29689 1.2
      vertex -0.510101 -2.23795 1.2
    endloop
  endfacet
  facet normal 0.720097 0.693873 0
    outer loop
      vertex -0.510101 -2.23795 2.1
      vertex -0.574478 -2.17114 1.2
      vertex -0.574478 -2.17114 2.1
    endloop
  endfacet
  facet normal 0.720097 0.693873 0
    outer loop
      vertex -0.574478 -2.17114 1.2
      vertex -0.510101 -2.23795 2.1
      vertex -0.510101 -2.23795 1.2
    endloop
  endfacet
  facet normal 0.781869 0.623443 0
    outer loop
      vertex -0.574478 -2.17114 2.1
      vertex -0.634018 -2.09647 1.2
      vertex -0.634018 -2.09647 2.1
    endloop
  endfacet
  facet normal 0.781869 0.623443 0
    outer loop
      vertex -0.634018 -2.09647 1.2
      vertex -0.574478 -2.17114 2.1
      vertex -0.574478 -2.17114 1.2
    endloop
  endfacet
  facet normal 0.835086 0.550119 0
    outer loop
      vertex -0.634018 -2.09647 2.1
      vertex -0.688293 -2.01408 1.2
      vertex -0.688293 -2.01408 2.1
    endloop
  endfacet
  facet normal 0.835086 0.550119 0
    outer loop
      vertex -0.688293 -2.01408 1.2
      vertex -0.634018 -2.09647 2.1
      vertex -0.634018 -2.09647 1.2
    endloop
  endfacet
  facet normal 0.880005 0.474964 0
    outer loop
      vertex -0.688293 -2.01408 2.1
      vertex -0.736847 -1.92412 1.2
      vertex -0.736847 -1.92412 2.1
    endloop
  endfacet
  facet normal 0.880005 0.474964 0
    outer loop
      vertex -0.736847 -1.92412 1.2
      vertex -0.688293 -2.01408 2.1
      vertex -0.688293 -2.01408 1.2
    endloop
  endfacet
  facet normal 0.915559 0.402183 0
    outer loop
      vertex -0.736847 -1.92412 2.1
      vertex -0.779694 -1.82658 1.2
      vertex -0.779694 -1.82658 2.1
    endloop
  endfacet
  facet normal 0.915559 0.402183 0
    outer loop
      vertex -0.779694 -1.82658 1.2
      vertex -0.736847 -1.92412 2.1
      vertex -0.736847 -1.92412 1.2
    endloop
  endfacet
  facet normal 0.942906 0.333059 0
    outer loop
      vertex -0.779694 -1.82658 2.1
      vertex -0.816818 -1.72148 1.2
      vertex -0.816818 -1.72148 2.1
    endloop
  endfacet
  facet normal 0.942906 0.333059 0
    outer loop
      vertex -0.816818 -1.72148 1.2
      vertex -0.779694 -1.82658 2.1
      vertex -0.779694 -1.82658 1.2
    endloop
  endfacet
  facet normal 0.963251 0.268602 0
    outer loop
      vertex -0.816818 -1.72148 2.1
      vertex -0.848236 -1.60881 1.2
      vertex -0.848236 -1.60881 2.1
    endloop
  endfacet
  facet normal 0.963251 0.268602 0
    outer loop
      vertex -0.848236 -1.60881 1.2
      vertex -0.816818 -1.72148 2.1
      vertex -0.816818 -1.72148 1.2
    endloop
  endfacet
  facet normal 0.977893 0.209104 0
    outer loop
      vertex -0.848236 -1.60881 2.1
      vertex -0.873947 -1.48857 1.2
      vertex -0.873947 -1.48857 2.1
    endloop
  endfacet
  facet normal 0.977893 0.209104 0
    outer loop
      vertex -0.873947 -1.48857 1.2
      vertex -0.848236 -1.60881 2.1
      vertex -0.848236 -1.60881 1.2
    endloop
  endfacet
  facet normal 0.987986 0.154541 0
    outer loop
      vertex -0.873947 -1.48857 2.1
      vertex -0.893936 -1.36078 1.2
      vertex -0.893936 -1.36078 2.1
    endloop
  endfacet
  facet normal 0.987986 0.154541 0
    outer loop
      vertex -0.893936 -1.36078 1.2
      vertex -0.873947 -1.48857 2.1
      vertex -0.873947 -1.48857 1.2
    endloop
  endfacet
  facet normal 0.994481 0.104913 0
    outer loop
      vertex -0.893936 -1.36078 2.1
      vertex -0.908218 -1.2254 1.2
      vertex -0.908218 -1.2254 2.1
    endloop
  endfacet
  facet normal 0.994481 0.104913 0
    outer loop
      vertex -0.908218 -1.2254 1.2
      vertex -0.893936 -1.36078 2.1
      vertex -0.893936 -1.36078 1.2
    endloop
  endfacet
  facet normal 0.998211 0.0597851 0
    outer loop
      vertex -0.908218 -1.2254 2.1
      vertex -0.916779 -1.08246 1.2
      vertex -0.916779 -1.08246 2.1
    endloop
  endfacet
  facet normal 0.998211 0.0597851 0
    outer loop
      vertex -0.916779 -1.08246 1.2
      vertex -0.908218 -1.2254 2.1
      vertex -0.908218 -1.2254 1.2
    endloop
  endfacet
  facet normal 0.999819 0.0190512 0
    outer loop
      vertex -0.916779 -1.08246 2.1
      vertex -0.919647 -0.931946 1.2
      vertex -0.919647 -0.931946 2.1
    endloop
  endfacet
  facet normal 0.999819 0.0190512 0
    outer loop
      vertex -0.919647 -0.931946 1.2
      vertex -0.916779 -1.08246 2.1
      vertex -0.916779 -1.08246 1.2
    endloop
  endfacet
  facet normal 0 -1 0
    outer loop
      vertex -0.919647 -0.931946 1.2
      vertex 2.46883 -0.931946 2.1
      vertex -0.919647 -0.931946 2.1
    endloop
  endfacet
  facet normal 0 -1 -0
    outer loop
      vertex 2.46883 -0.931946 2.1
      vertex -0.919647 -0.931946 1.2
      vertex 2.46883 -0.931946 1.2
    endloop
  endfacet
  facet normal 1 -0 0
    outer loop
      vertex 2.46883 -0.931946 2.1
      vertex 2.46883 -0.892914 1.2
      vertex 2.46883 -0.892914 2.1
    endloop
  endfacet
  facet normal 1 0 0
    outer loop
      vertex 2.46883 -0.892914 1.2
      vertex 2.46883 -0.931946 2.1
      vertex 2.46883 -0.931946 1.2
    endloop
  endfacet
  facet normal 0.999775 0.0211938 0
    outer loop
      vertex 2.46883 -0.892914 2.1
      vertex 2.46281 -0.608932 1.2
      vertex 2.46281 -0.608932 2.1
    endloop
  endfacet
  facet normal 0.999775 0.0211938 0
    outer loop
      vertex 2.46281 -0.608932 1.2
      vertex 2.46883 -0.892914 2.1
      vertex 2.46883 -0.892914 1.2
    endloop
  endfacet
  facet normal 0.99778 0.0665992 0
    outer loop
      vertex 2.46281 -0.608932 2.1
      vertex 2.44479 -0.338959 1.2
      vertex 2.44479 -0.338959 2.1
    endloop
  endfacet
  facet normal 0.99778 0.0665992 0
    outer loop
      vertex 2.44479 -0.338959 1.2
      vertex 2.46281 -0.608932 2.1
      vertex 2.46281 -0.608932 1.2
    endloop
  endfacet
  facet normal 0.993197 0.116444 0
    outer loop
      vertex 2.44479 -0.338959 2.1
      vertex 2.41478 -0.0829926 1.2
      vertex 2.41478 -0.0829926 2.1
    endloop
  endfacet
  facet normal 0.993197 0.116444 0
    outer loop
      vertex 2.41478 -0.0829926 1.2
      vertex 2.44479 -0.338959 2.1
      vertex 2.44479 -0.338959 1.2
    endloop
  endfacet
  facet normal 0.98523 0.171234 0
    outer loop
      vertex 2.41478 -0.0829926 2.1
      vertex 2.37273 0.158951 1.2
      vertex 2.37273 0.158951 2.1
    endloop
  endfacet
  facet normal 0.98523 0.171234 0
    outer loop
      vertex 2.37273 0.158951 1.2
      vertex 2.41478 -0.0829926 2.1
      vertex 2.41478 -0.0829926 1.2
    endloop
  endfacet
  facet normal 0.973018 0.23073 0
    outer loop
      vertex 2.37273 0.158951 2.1
      vertex 2.31868 0.386887 1.2
      vertex 2.31868 0.386887 2.1
    endloop
  endfacet
  facet normal 0.973018 0.23073 0
    outer loop
      vertex 2.31868 0.386887 1.2
      vertex 2.37273 0.158951 2.1
      vertex 2.37273 0.158951 1.2
    endloop
  endfacet
  facet normal 0.955482 0.295049 0
    outer loop
      vertex 2.31868 0.386887 2.1
      vertex 2.25262 0.600815 1.2
      vertex 2.25262 0.600815 2.1
    endloop
  endfacet
  facet normal 0.955482 0.295049 0
    outer loop
      vertex 2.25262 0.600815 1.2
      vertex 2.31868 0.386887 2.1
      vertex 2.31868 0.386887 1.2
    endloop
  endfacet
  facet normal 0.931486 0.363778 0
    outer loop
      vertex 2.25262 0.600815 2.1
      vertex 2.17455 0.80072 1.2
      vertex 2.17455 0.80072 2.1
    endloop
  endfacet
  facet normal 0.931486 0.363778 0
    outer loop
      vertex 2.17455 0.80072 1.2
      vertex 2.25262 0.600815 2.1
      vertex 2.25262 0.600815 1.2
    endloop
  endfacet
  facet normal 0.899914 0.436068 0
    outer loop
      vertex 2.17455 0.80072 2.1
      vertex 2.08447 0.986618 1.2
      vertex 2.08447 0.986618 2.1
    endloop
  endfacet
  facet normal 0.899914 0.436068 0
    outer loop
      vertex 2.08447 0.986618 1.2
      vertex 2.17455 0.80072 2.1
      vertex 2.17455 0.80072 1.2
    endloop
  endfacet
  facet normal 0.859791 0.510646 0
    outer loop
      vertex 2.08447 0.986618 2.1
      vertex 1.98238 1.15851 1.2
      vertex 1.98238 1.15851 2.1
    endloop
  endfacet
  facet normal 0.859791 0.510646 0
    outer loop
      vertex 1.98238 1.15851 1.2
      vertex 2.08447 0.986618 2.1
      vertex 2.08447 0.986618 1.2
    endloop
  endfacet
  facet normal 0.810471 0.585779 0
    outer loop
      vertex 1.98238 1.15851 2.1
      vertex 1.86827 1.31639 1.2
      vertex 1.86827 1.31639 2.1
    endloop
  endfacet
  facet normal 0.810471 0.585779 0
    outer loop
      vertex 1.86827 1.31639 1.2
      vertex 1.98238 1.15851 2.1
      vertex 1.98238 1.15851 1.2
    endloop
  endfacet
  facet normal 0.752378 0.658731 0
    outer loop
      vertex 1.86827 1.31639 2.1
      vertex 1.74278 1.45972 1.2
      vertex 1.74278 1.45972 2.1
    endloop
  endfacet
  facet normal 0.752378 0.658731 0
    outer loop
      vertex 1.74278 1.45972 1.2
      vertex 1.86827 1.31639 2.1
      vertex 1.86827 1.31639 1.2
    endloop
  endfacet
  facet normal 0.685456 0.728114 -0
    outer loop
      vertex 1.74278 1.45972 1.2
      vertex 1.60657 1.58795 2.1
      vertex 1.74278 1.45972 2.1
    endloop
  endfacet
  facet normal 0.685456 0.728114 0
    outer loop
      vertex 1.60657 1.58795 2.1
      vertex 1.74278 1.45972 1.2
      vertex 1.60657 1.58795 1.2
    endloop
  endfacet
  facet normal 0.61001 0.792393 -0
    outer loop
      vertex 1.60657 1.58795 1.2
      vertex 1.45959 1.7011 2.1
      vertex 1.60657 1.58795 2.1
    endloop
  endfacet
  facet normal 0.61001 0.792393 0
    outer loop
      vertex 1.45959 1.7011 2.1
      vertex 1.60657 1.58795 1.2
      vertex 1.45959 1.7011 1.2
    endloop
  endfacet
  facet normal 0.528076 0.849197 -0
    outer loop
      vertex 1.45959 1.7011 1.2
      vertex 1.3019 1.79916 2.1
      vertex 1.45959 1.7011 2.1
    endloop
  endfacet
  facet normal 0.528076 0.849197 0
    outer loop
      vertex 1.3019 1.79916 2.1
      vertex 1.45959 1.7011 1.2
      vertex 1.3019 1.79916 1.2
    endloop
  endfacet
  facet normal 0.441881 0.897074 -0
    outer loop
      vertex 1.3019 1.79916 1.2
      vertex 1.13344 1.88214 2.1
      vertex 1.3019 1.79916 2.1
    endloop
  endfacet
  facet normal 0.441881 0.897074 0
    outer loop
      vertex 1.13344 1.88214 2.1
      vertex 1.3019 1.79916 1.2
      vertex 1.13344 1.88214 1.2
    endloop
  endfacet
  facet normal 0.354322 0.935123 -0
    outer loop
      vertex 1.13344 1.88214 1.2
      vertex 0.954239 1.95004 2.1
      vertex 1.13344 1.88214 2.1
    endloop
  endfacet
  facet normal 0.354322 0.935123 0
    outer loop
      vertex 0.954239 1.95004 2.1
      vertex 1.13344 1.88214 1.2
      vertex 0.954239 1.95004 1.2
    endloop
  endfacet
  facet normal 0.267845 0.963462 -0
    outer loop
      vertex 0.954239 1.95004 1.2
      vertex 0.764313 2.00284 2.1
      vertex 0.954239 1.95004 2.1
    endloop
  endfacet
  facet normal 0.267845 0.963462 0
    outer loop
      vertex 0.764313 2.00284 2.1
      vertex 0.954239 1.95004 1.2
      vertex 0.764313 2.00284 1.2
    endloop
  endfacet
  facet normal 0.184723 0.982791 -0
    outer loop
      vertex 0.764313 2.00284 1.2
      vertex 0.563629 2.04056 2.1
      vertex 0.764313 2.00284 2.1
    endloop
  endfacet
  facet normal 0.184723 0.982791 0
    outer loop
      vertex 0.563629 2.04056 2.1
      vertex 0.764313 2.00284 1.2
      vertex 0.563629 2.04056 1.2
    endloop
  endfacet
  facet normal 0.106427 0.99432 -0
    outer loop
      vertex 0.563629 2.04056 1.2
      vertex 0.352203 2.06319 2.1
      vertex 0.563629 2.04056 2.1
    endloop
  endfacet
  facet normal 0.106427 0.99432 0
    outer loop
      vertex 0.352203 2.06319 2.1
      vertex 0.563629 2.04056 1.2
      vertex 0.352203 2.06319 1.2
    endloop
  endfacet
  facet normal 0.0338763 0.999426 -0
    outer loop
      vertex 0.352203 2.06319 1.2
      vertex 0.130051 2.07072 2.1
      vertex 0.352203 2.06319 2.1
    endloop
  endfacet
  facet normal 0.0338763 0.999426 0
    outer loop
      vertex 0.130051 2.07072 2.1
      vertex 0.352203 2.06319 1.2
      vertex 0.130051 2.07072 1.2
    endloop
  endfacet
  facet normal -0.0300917 0.999547 0
    outer loop
      vertex 0.130051 2.07072 1.2
      vertex -0.102798 2.06371 2.1
      vertex 0.130051 2.07072 2.1
    endloop
  endfacet
  facet normal -0.0300917 0.999547 0
    outer loop
      vertex -0.102798 2.06371 2.1
      vertex 0.130051 2.07072 1.2
      vertex -0.102798 2.06371 1.2
    endloop
  endfacet
  facet normal -0.0946627 0.995509 0
    outer loop
      vertex -0.102798 2.06371 1.2
      vertex -0.324799 2.0426 2.1
      vertex -0.102798 2.06371 2.1
    endloop
  endfacet
  facet normal -0.0946627 0.995509 0
    outer loop
      vertex -0.324799 2.0426 2.1
      vertex -0.102798 2.06371 1.2
      vertex -0.324799 2.0426 1.2
    endloop
  endfacet
  facet normal -0.164197 0.986427 0
    outer loop
      vertex -0.324799 2.0426 1.2
      vertex -0.535965 2.00745 2.1
      vertex -0.324799 2.0426 2.1
    endloop
  endfacet
  facet normal -0.164197 0.986427 0
    outer loop
      vertex -0.535965 2.00745 2.1
      vertex -0.324799 2.0426 1.2
      vertex -0.535965 2.00745 1.2
    endloop
  endfacet
  facet normal -0.238549 0.97113 0
    outer loop
      vertex -0.535965 2.00745 1.2
      vertex -0.736298 1.95824 2.1
      vertex -0.535965 2.00745 2.1
    endloop
  endfacet
  facet normal -0.238549 0.97113 0
    outer loop
      vertex -0.736298 1.95824 2.1
      vertex -0.535965 2.00745 1.2
      vertex -0.736298 1.95824 1.2
    endloop
  endfacet
  facet normal -0.316764 0.948504 0
    outer loop
      vertex -0.736298 1.95824 1.2
      vertex -0.925781 1.89496 2.1
      vertex -0.736298 1.95824 2.1
    endloop
  endfacet
  facet normal -0.316764 0.948504 0
    outer loop
      vertex -0.925781 1.89496 2.1
      vertex -0.736298 1.95824 1.2
      vertex -0.925781 1.89496 1.2
    endloop
  endfacet
  facet normal -0.397242 0.917714 0
    outer loop
      vertex -0.925781 1.89496 1.2
      vertex -1.10443 1.81763 2.1
      vertex -0.925781 1.89496 2.1
    endloop
  endfacet
  facet normal -0.397242 0.917714 0
    outer loop
      vertex -1.10443 1.81763 2.1
      vertex -0.925781 1.89496 1.2
      vertex -1.10443 1.81763 1.2
    endloop
  endfacet
  facet normal -0.478339 0.878175 0
    outer loop
      vertex -1.10443 1.81763 1.2
      vertex -1.27223 1.72623 2.1
      vertex -1.10443 1.81763 2.1
    endloop
  endfacet
  facet normal -0.478339 0.878175 0
    outer loop
      vertex -1.27223 1.72623 2.1
      vertex -1.10443 1.81763 1.2
      vertex -1.27223 1.72623 1.2
    endloop
  endfacet
  facet normal -0.557686 0.830052 0
    outer loop
      vertex -1.27223 1.72623 1.2
      vertex -1.42921 1.62076 2.1
      vertex -1.27223 1.72623 2.1
    endloop
  endfacet
  facet normal -0.557686 0.830052 0
    outer loop
      vertex -1.42921 1.62076 2.1
      vertex -1.27223 1.72623 1.2
      vertex -1.42921 1.62076 1.2
    endloop
  endfacet
  facet normal -0.633082 0.774085 0
    outer loop
      vertex -1.42921 1.62076 1.2
      vertex -1.57535 1.50124 2.1
      vertex -1.42921 1.62076 2.1
    endloop
  endfacet
  facet normal -0.633082 0.774085 0
    outer loop
      vertex -1.57535 1.50124 2.1
      vertex -1.42921 1.62076 1.2
      vertex -1.57535 1.50124 1.2
    endloop
  endfacet
  facet normal -0.702648 0.711537 0
    outer loop
      vertex -1.57535 1.50124 1.2
      vertex -1.71063 1.36765 2.1
      vertex -1.57535 1.50124 2.1
    endloop
  endfacet
  facet normal -0.702648 0.711537 0
    outer loop
      vertex -1.71063 1.36765 2.1
      vertex -1.57535 1.50124 1.2
      vertex -1.71063 1.36765 1.2
    endloop
  endfacet
  facet normal -0.765249 0.643734 0
    outer loop
      vertex -1.83401 1.22098 1.2
      vertex -1.71063 1.36765 2.1
      vertex -1.71063 1.36765 1.2
    endloop
  endfacet
  facet normal -0.765249 0.643734 0
    outer loop
      vertex -1.71063 1.36765 2.1
      vertex -1.83401 1.22098 1.2
      vertex -1.83401 1.22098 2.1
    endloop
  endfacet
  facet normal -0.821023 0.570895 0
    outer loop
      vertex -1.94441 1.06221 1.2
      vertex -1.83401 1.22098 2.1
      vertex -1.83401 1.22098 1.2
    endloop
  endfacet
  facet normal -0.821023 0.570895 0
    outer loop
      vertex -1.83401 1.22098 2.1
      vertex -1.94441 1.06221 1.2
      vertex -1.94441 1.06221 2.1
    endloop
  endfacet
  facet normal -0.868803 0.495158 0
    outer loop
      vertex -2.04181 0.891312 1.2
      vertex -1.94441 1.06221 2.1
      vertex -1.94441 1.06221 1.2
    endloop
  endfacet
  facet normal -0.868803 0.495158 0
    outer loop
      vertex -1.94441 1.06221 2.1
      vertex -2.04181 0.891312 1.2
      vertex -2.04181 0.891312 2.1
    endloop
  endfacet
  facet normal -0.908005 0.418959 0
    outer loop
      vertex -2.12624 0.708328 1.2
      vertex -2.04181 0.891312 2.1
      vertex -2.04181 0.891312 1.2
    endloop
  endfacet
  facet normal -0.908005 0.418959 0
    outer loop
      vertex -2.04181 0.891312 2.1
      vertex -2.12624 0.708328 1.2
      vertex -2.12624 0.708328 2.1
    endloop
  endfacet
  facet normal -0.939057 0.343761 0
    outer loop
      vertex -2.19766 0.513229 1.2
      vertex -2.12624 0.708328 2.1
      vertex -2.12624 0.708328 1.2
    endloop
  endfacet
  facet normal -0.939057 0.343761 0
    outer loop
      vertex -2.12624 0.708328 2.1
      vertex -2.19766 0.513229 1.2
      vertex -2.19766 0.513229 2.1
    endloop
  endfacet
  facet normal -0.962456 0.271439 0
    outer loop
      vertex -2.2561 0.306015 1.2
      vertex -2.19766 0.513229 2.1
      vertex -2.19766 0.513229 1.2
    endloop
  endfacet
  facet normal -0.962456 0.271439 0
    outer loop
      vertex -2.19766 0.513229 2.1
      vertex -2.2561 0.306015 1.2
      vertex -2.2561 0.306015 2.1
    endloop
  endfacet
  facet normal -0.979185 0.202968 0
    outer loop
      vertex -2.30156 0.0867004 1.2
      vertex -2.2561 0.306015 2.1
      vertex -2.2561 0.306015 1.2
    endloop
  endfacet
  facet normal -0.979185 0.202968 0
    outer loop
      vertex -2.2561 0.306015 2.1
      vertex -2.30156 0.0867004 1.2
      vertex -2.30156 0.0867004 2.1
    endloop
  endfacet
  facet normal -0.990298 0.138959 0
    outer loop
      vertex -2.33403 -0.144699 1.2
      vertex -2.30156 0.0867004 2.1
      vertex -2.30156 0.0867004 1.2
    endloop
  endfacet
  facet normal -0.990298 0.138959 0
    outer loop
      vertex -2.30156 0.0867004 2.1
      vertex -2.33403 -0.144699 1.2
      vertex -2.33403 -0.144699 2.1
    endloop
  endfacet
  facet normal -0.996813 0.0797761 0
    outer loop
      vertex -2.35352 -0.388229 1.2
      vertex -2.33403 -0.144699 2.1
      vertex -2.33403 -0.144699 1.2
    endloop
  endfacet
  facet normal -0.996813 0.0797761 0
    outer loop
      vertex -2.33403 -0.144699 2.1
      vertex -2.35352 -0.388229 1.2
      vertex -2.35352 -0.388229 2.1
    endloop
  endfacet
  facet normal -0.999679 0.0253394 0
    outer loop
      vertex -2.36 -0.643875 1.2
      vertex -2.35352 -0.388229 2.1
      vertex -2.35352 -0.388229 1.2
    endloop
  endfacet
  facet normal -0.999679 0.0253394 0
    outer loop
      vertex -2.35352 -0.388229 2.1
      vertex -2.36 -0.643875 1.2
      vertex -2.36 -0.643875 2.1
    endloop
  endfacet
  facet normal -0.999707 -0.0241954 0
    outer loop
      vertex -2.35361 -0.907898 1.2
      vertex -2.36 -0.643875 2.1
      vertex -2.36 -0.643875 1.2
    endloop
  endfacet
  facet normal -0.999707 -0.0241954 0
    outer loop
      vertex -2.36 -0.643875 2.1
      vertex -2.35361 -0.907898 1.2
      vertex -2.35361 -0.907898 2.1
    endloop
  endfacet
  facet normal -0.997089 -0.0762495 0
    outer loop
      vertex -2.33441 -1.15897 1.2
      vertex -2.35361 -0.907898 2.1
      vertex -2.35361 -0.907898 1.2
    endloop
  endfacet
  facet normal -0.997089 -0.0762495 0
    outer loop
      vertex -2.35361 -0.907898 2.1
      vertex -2.33441 -1.15897 1.2
      vertex -2.33441 -1.15897 2.1
    endloop
  endfacet
  facet normal -0.991109 -0.133055 0
    outer loop
      vertex -2.30244 -1.39711 1.2
      vertex -2.33441 -1.15897 2.1
      vertex -2.33441 -1.15897 1.2
    endloop
  endfacet
  facet normal -0.991109 -0.133055 0
    outer loop
      vertex -2.33441 -1.15897 2.1
      vertex -2.30244 -1.39711 1.2
      vertex -2.30244 -1.39711 2.1
    endloop
  endfacet
  facet normal -0.980814 -0.194943 0
    outer loop
      vertex -2.25768 -1.62231 1.2
      vertex -2.30244 -1.39711 2.1
      vertex -2.30244 -1.39711 1.2
    endloop
  endfacet
  facet normal -0.980814 -0.194943 0
    outer loop
      vertex -2.30244 -1.39711 2.1
      vertex -2.25768 -1.62231 1.2
      vertex -2.25768 -1.62231 2.1
    endloop
  endfacet
  facet normal -0.965126 -0.261786 0
    outer loop
      vertex -2.2001 -1.83459 1.2
      vertex -2.25768 -1.62231 2.1
      vertex -2.25768 -1.62231 1.2
    endloop
  endfacet
  facet normal -0.965126 -0.261786 0
    outer loop
      vertex -2.25768 -1.62231 2.1
      vertex -2.2001 -1.83459 1.2
      vertex -2.2001 -1.83459 2.1
    endloop
  endfacet
  facet normal -0.943008 -0.332771 0
    outer loop
      vertex -2.12976 -2.03392 1.2
      vertex -2.2001 -1.83459 2.1
      vertex -2.2001 -1.83459 1.2
    endloop
  endfacet
  facet normal -0.943008 -0.332771 0
    outer loop
      vertex -2.2001 -1.83459 2.1
      vertex -2.12976 -2.03392 1.2
      vertex -2.12976 -2.03392 2.1
    endloop
  endfacet
  facet normal -0.913265 -0.407366 0
    outer loop
      vertex -2.04662 -2.22031 1.2
      vertex -2.12976 -2.03392 2.1
      vertex -2.12976 -2.03392 1.2
    endloop
  endfacet
  facet normal -0.913265 -0.407366 0
    outer loop
      vertex -2.12976 -2.03392 2.1
      vertex -2.04662 -2.22031 1.2
      vertex -2.04662 -2.22031 2.1
    endloop
  endfacet
  facet normal -0.875024 -0.484079 0
    outer loop
      vertex -1.95067 -2.39375 1.2
      vertex -2.04662 -2.22031 2.1
      vertex -2.04662 -2.22031 1.2
    endloop
  endfacet
  facet normal -0.875024 -0.484079 0
    outer loop
      vertex -2.04662 -2.22031 2.1
      vertex -1.95067 -2.39375 1.2
      vertex -1.95067 -2.39375 2.1
    endloop
  endfacet
  facet normal -0.827981 -0.560756 0
    outer loop
      vertex -1.84195 -2.55428 1.2
      vertex -1.95067 -2.39375 2.1
      vertex -1.95067 -2.39375 1.2
    endloop
  endfacet
  facet normal -0.827981 -0.560756 0
    outer loop
      vertex -1.95067 -2.39375 2.1
      vertex -1.84195 -2.55428 1.2
      vertex -1.84195 -2.55428 2.1
    endloop
  endfacet
  facet normal -0.77193 -0.635707 0
    outer loop
      vertex -1.72043 -2.70184 1.2
      vertex -1.84195 -2.55428 2.1
      vertex -1.84195 -2.55428 1.2
    endloop
  endfacet
  facet normal -0.77193 -0.635707 0
    outer loop
      vertex -1.84195 -2.55428 2.1
      vertex -1.72043 -2.70184 1.2
      vertex -1.72043 -2.70184 2.1
    endloop
  endfacet
  facet normal -0.708691 -0.705519 0
    outer loop
      vertex -1.58698 -2.83589 1.2
      vertex -1.72043 -2.70184 2.1
      vertex -1.72043 -2.70184 1.2
    endloop
  endfacet
  facet normal -0.708691 -0.705519 0
    outer loop
      vertex -1.72043 -2.70184 2.1
      vertex -1.58698 -2.83589 1.2
      vertex -1.58698 -2.83589 2.1
    endloop
  endfacet
  facet normal -0.638769 -0.769399 0
    outer loop
      vertex -1.58698 -2.83589 1.2
      vertex -1.4425 -2.95584 2.1
      vertex -1.58698 -2.83589 2.1
    endloop
  endfacet
  facet normal -0.638769 -0.769399 -0
    outer loop
      vertex -1.4425 -2.95584 2.1
      vertex -1.58698 -2.83589 1.2
      vertex -1.4425 -2.95584 1.2
    endloop
  endfacet
  facet normal -0.562576 -0.826746 0
    outer loop
      vertex -1.4425 -2.95584 1.2
      vertex -1.28699 -3.06166 2.1
      vertex -1.4425 -2.95584 2.1
    endloop
  endfacet
  facet normal -0.562576 -0.826746 -0
    outer loop
      vertex -1.28699 -3.06166 2.1
      vertex -1.4425 -2.95584 1.2
      vertex -1.28699 -3.06166 1.2
    endloop
  endfacet
  facet normal -0.482393 -0.875955 0
    outer loop
      vertex -1.28699 -3.06166 1.2
      vertex -1.12044 -3.15338 2.1
      vertex -1.28699 -3.06166 2.1
    endloop
  endfacet
  facet normal -0.482393 -0.875955 -0
    outer loop
      vertex -1.12044 -3.15338 2.1
      vertex -1.28699 -3.06166 1.2
      vertex -1.12044 -3.15338 1.2
    endloop
  endfacet
  facet normal -0.400459 -0.916315 0
    outer loop
      vertex -1.12044 -3.15338 1.2
      vertex -0.942856 -3.23099 2.1
      vertex -1.12044 -3.15338 2.1
    endloop
  endfacet
  facet normal -0.400459 -0.916315 -0
    outer loop
      vertex -0.942856 -3.23099 2.1
      vertex -1.12044 -3.15338 1.2
      vertex -0.942856 -3.23099 1.2
    endloop
  endfacet
  facet normal -0.319069 -0.947731 0
    outer loop
      vertex -0.942856 -3.23099 1.2
      vertex -0.754242 -3.29449 2.1
      vertex -0.942856 -3.23099 2.1
    endloop
  endfacet
  facet normal -0.319069 -0.947731 -0
    outer loop
      vertex -0.754242 -3.29449 2.1
      vertex -0.942856 -3.23099 1.2
      vertex -0.754242 -3.29449 1.2
    endloop
  endfacet
  facet normal -0.240103 -0.970748 0
    outer loop
      vertex -0.754242 -3.29449 1.2
      vertex -0.554596 -3.34387 2.1
      vertex -0.754242 -3.29449 2.1
    endloop
  endfacet
  facet normal -0.240103 -0.970748 -0
    outer loop
      vertex -0.554596 -3.34387 2.1
      vertex -0.754242 -3.29449 1.2
      vertex -0.554596 -3.34387 1.2
    endloop
  endfacet
  facet normal -0.16516 -0.986267 0
    outer loop
      vertex -0.554596 -3.34387 1.2
      vertex -0.343918 -3.37915 2.1
      vertex -0.554596 -3.34387 2.1
    endloop
  endfacet
  facet normal -0.16516 -0.986267 -0
    outer loop
      vertex -0.343918 -3.37915 2.1
      vertex -0.554596 -3.34387 1.2
      vertex -0.343918 -3.37915 1.2
    endloop
  endfacet
  facet normal -0.0950083 -0.995476 0
    outer loop
      vertex -0.343918 -3.37915 1.2
      vertex -0.122208 -3.40031 2.1
      vertex -0.343918 -3.37915 2.1
    endloop
  endfacet
  facet normal -0.0950083 -0.995476 -0
    outer loop
      vertex -0.122208 -3.40031 2.1
      vertex -0.343918 -3.37915 1.2
      vertex -0.122208 -3.40031 1.2
    endloop
  endfacet
  facet normal -0.0303628 -0.999539 0
    outer loop
      vertex -0.122208 -3.40031 1.2
      vertex 0.110535 -3.40738 2.1
      vertex -0.122208 -3.40031 2.1
    endloop
  endfacet
  facet normal -0.0303628 -0.999539 -0
    outer loop
      vertex 0.110535 -3.40738 2.1
      vertex -0.122208 -3.40031 1.2
      vertex 0.110535 -3.40738 1.2
    endloop
  endfacet
  facet normal 0.0431927 -0.999067 0
    outer loop
      vertex 0.110535 -3.40738 1.2
      vertex 0.442688 -3.39302 2.1
      vertex 0.110535 -3.40738 2.1
    endloop
  endfacet
  facet normal 0.0431927 -0.999067 0
    outer loop
      vertex 0.442688 -3.39302 2.1
      vertex 0.110535 -3.40738 1.2
      vertex 0.442688 -3.39302 1.2
    endloop
  endfacet
  facet normal 0.998961 -0.0455836 0
    outer loop
      vertex -0.909927 -0.0726166 2.1
      vertex -0.904526 0.0457458 1.2
      vertex -0.904526 0.0457458 2.1
    endloop
  endfacet
  facet normal 0.998961 -0.0455836 0
    outer loop
      vertex -0.904526 0.0457458 1.2
      vertex -0.909927 -0.0726166 2.1
      vertex -0.909927 -0.0726166 1.2
    endloop
  endfacet
  facet normal 0.995836 -0.0911584 0
    outer loop
      vertex -0.904526 0.0457458 2.1
      vertex -0.89418 0.158768 1.2
      vertex -0.89418 0.158768 2.1
    endloop
  endfacet
  facet normal 0.995836 -0.0911584 0
    outer loop
      vertex -0.89418 0.158768 1.2
      vertex -0.904526 0.0457458 2.1
      vertex -0.904526 0.0457458 1.2
    endloop
  endfacet
  facet normal 0.990104 -0.140335 0
    outer loop
      vertex -0.89418 0.158768 2.1
      vertex -0.878922 0.266418 1.2
      vertex -0.878922 0.266418 2.1
    endloop
  endfacet
  facet normal 0.990104 -0.140335 0
    outer loop
      vertex -0.878922 0.266418 1.2
      vertex -0.89418 0.158768 2.1
      vertex -0.89418 0.158768 1.2
    endloop
  endfacet
  facet normal 0.981072 -0.193644 0
    outer loop
      vertex -0.878922 0.266418 2.1
      vertex -0.858734 0.368698 1.2
      vertex -0.858734 0.368698 2.1
    endloop
  endfacet
  facet normal 0.981072 -0.193644 0
    outer loop
      vertex -0.858734 0.368698 1.2
      vertex -0.878922 0.266418 2.1
      vertex -0.878922 0.266418 1.2
    endloop
  endfacet
  facet normal 0.967991 -0.250986 0
    outer loop
      vertex -0.858734 0.368698 2.1
      vertex -0.833603 0.465622 1.2
      vertex -0.833603 0.465622 2.1
    endloop
  endfacet
  facet normal 0.967991 -0.250986 0
    outer loop
      vertex -0.833603 0.465622 1.2
      vertex -0.858734 0.368698 2.1
      vertex -0.858734 0.368698 1.2
    endloop
  endfacet
  facet normal 0.950082 -0.311999 0
    outer loop
      vertex -0.833603 0.465622 2.1
      vertex -0.803543 0.557159 1.2
      vertex -0.803543 0.557159 2.1
    endloop
  endfacet
  facet normal 0.950082 -0.311999 0
    outer loop
      vertex -0.803543 0.557159 1.2
      vertex -0.833603 0.465622 2.1
      vertex -0.833603 0.465622 1.2
    endloop
  endfacet
  facet normal 0.926532 -0.376217 0
    outer loop
      vertex -0.803543 0.557159 2.1
      vertex -0.768555 0.643326 1.2
      vertex -0.768555 0.643326 2.1
    endloop
  endfacet
  facet normal 0.926532 -0.376217 0
    outer loop
      vertex -0.768555 0.643326 1.2
      vertex -0.803543 0.557159 2.1
      vertex -0.803543 0.557159 1.2
    endloop
  endfacet
  facet normal 0.896582 -0.442877 0
    outer loop
      vertex -0.768555 0.643326 2.1
      vertex -0.728638 0.724136 1.2
      vertex -0.728638 0.724136 2.1
    endloop
  endfacet
  facet normal 0.896582 -0.442877 0
    outer loop
      vertex -0.728638 0.724136 1.2
      vertex -0.768555 0.643326 2.1
      vertex -0.768555 0.643326 1.2
    endloop
  endfacet
  facet normal 0.859542 -0.511064 0
    outer loop
      vertex -0.728638 0.724136 2.1
      vertex -0.683792 0.799561 1.2
      vertex -0.683792 0.799561 2.1
    endloop
  endfacet
  facet normal 0.859542 -0.511064 0
    outer loop
      vertex -0.683792 0.799561 1.2
      vertex -0.728638 0.724136 2.1
      vertex -0.728638 0.724136 1.2
    endloop
  endfacet
  facet normal 0.815242 -0.579121 0
    outer loop
      vertex -0.683792 0.799561 2.1
      vertex -0.634018 0.869629 1.2
      vertex -0.634018 0.869629 2.1
    endloop
  endfacet
  facet normal 0.815242 -0.579121 0
    outer loop
      vertex -0.634018 0.869629 1.2
      vertex -0.683792 0.799561 2.1
      vertex -0.683792 0.799561 1.2
    endloop
  endfacet
  facet normal 0.761723 -0.647903 0
    outer loop
      vertex -0.634018 0.869629 2.1
      vertex -0.579559 0.933655 1.2
      vertex -0.579559 0.933655 2.1
    endloop
  endfacet
  facet normal 0.761723 -0.647903 0
    outer loop
      vertex -0.579559 0.933655 1.2
      vertex -0.634018 0.869629 2.1
      vertex -0.634018 0.869629 1.2
    endloop
  endfacet
  facet normal 0.6971 -0.716974 0
    outer loop
      vertex -0.579559 0.933655 1.2
      vertex -0.520645 0.990936 2.1
      vertex -0.579559 0.933655 2.1
    endloop
  endfacet
  facet normal 0.6971 -0.716974 0
    outer loop
      vertex -0.520645 0.990936 2.1
      vertex -0.579559 0.933655 1.2
      vertex -0.520645 0.990936 1.2
    endloop
  endfacet
  facet normal 0.623572 -0.781766 0
    outer loop
      vertex -0.520645 0.990936 1.2
      vertex -0.457291 1.04147 2.1
      vertex -0.520645 0.990936 2.1
    endloop
  endfacet
  facet normal 0.623572 -0.781766 0
    outer loop
      vertex -0.457291 1.04147 2.1
      vertex -0.520645 0.990936 1.2
      vertex -0.457291 1.04147 1.2
    endloop
  endfacet
  facet normal 0.542835 -0.839839 0
    outer loop
      vertex -0.457291 1.04147 1.2
      vertex -0.389511 1.08528 2.1
      vertex -0.457291 1.04147 2.1
    endloop
  endfacet
  facet normal 0.542835 -0.839839 0
    outer loop
      vertex -0.389511 1.08528 2.1
      vertex -0.457291 1.04147 1.2
      vertex -0.389511 1.08528 1.2
    endloop
  endfacet
  facet normal 0.456477 -0.889735 0
    outer loop
      vertex -0.389511 1.08528 1.2
      vertex -0.317276 1.12234 2.1
      vertex -0.389511 1.08528 2.1
    endloop
  endfacet
  facet normal 0.456477 -0.889735 0
    outer loop
      vertex -0.317276 1.12234 2.1
      vertex -0.389511 1.08528 1.2
      vertex -0.317276 1.12234 1.2
    endloop
  endfacet
  facet normal 0.367938 -0.92985 0
    outer loop
      vertex -0.317276 1.12234 1.2
      vertex -0.240601 1.15268 2.1
      vertex -0.317276 1.12234 2.1
    endloop
  endfacet
  facet normal 0.367938 -0.92985 0
    outer loop
      vertex -0.240601 1.15268 2.1
      vertex -0.317276 1.12234 1.2
      vertex -0.240601 1.15268 1.2
    endloop
  endfacet
  facet normal 0.278983 -0.960296 0
    outer loop
      vertex -0.240601 1.15268 1.2
      vertex -0.15947 1.17625 2.1
      vertex -0.240601 1.15268 2.1
    endloop
  endfacet
  facet normal 0.278983 -0.960296 0
    outer loop
      vertex -0.15947 1.17625 2.1
      vertex -0.240601 1.15268 1.2
      vertex -0.15947 1.17625 1.2
    endloop
  endfacet
  facet normal 0.193455 -0.981109 0
    outer loop
      vertex -0.15947 1.17625 1.2
      vertex -0.0739136 1.19312 2.1
      vertex -0.15947 1.17625 2.1
    endloop
  endfacet
  facet normal 0.193455 -0.981109 0
    outer loop
      vertex -0.0739136 1.19312 2.1
      vertex -0.15947 1.17625 1.2
      vertex -0.0739136 1.19312 1.2
    endloop
  endfacet
  facet normal 0.111527 -0.993761 0
    outer loop
      vertex -0.0739136 1.19312 1.2
      vertex 0.0160828 1.20322 2.1
      vertex -0.0739136 1.19312 2.1
    endloop
  endfacet
  facet normal 0.111527 -0.993761 0
    outer loop
      vertex 0.0160828 1.20322 2.1
      vertex -0.0739136 1.19312 1.2
      vertex 0.0160828 1.20322 1.2
    endloop
  endfacet
  facet normal 0.0356567 -0.999364 0
    outer loop
      vertex 0.0160828 1.20322 1.2
      vertex 0.110535 1.20659 2.1
      vertex 0.0160828 1.20322 2.1
    endloop
  endfacet
  facet normal 0.0356567 -0.999364 0
    outer loop
      vertex 0.110535 1.20659 2.1
      vertex 0.0160828 1.20322 1.2
      vertex 0.110535 1.20659 1.2
    endloop
  endfacet
  facet normal -0.036061 -0.99935 0
    outer loop
      vertex 0.110535 1.20659 1.2
      vertex 0.199493 1.20338 2.1
      vertex 0.110535 1.20659 2.1
    endloop
  endfacet
  facet normal -0.036061 -0.99935 -0
    outer loop
      vertex 0.199493 1.20338 2.1
      vertex 0.110535 1.20659 1.2
      vertex 0.199493 1.20338 1.2
    endloop
  endfacet
  facet normal -0.111786 -0.993732 0
    outer loop
      vertex 0.199493 1.20338 1.2
      vertex 0.284744 1.19379 2.1
      vertex 0.199493 1.20338 2.1
    endloop
  endfacet
  facet normal -0.111786 -0.993732 -0
    outer loop
      vertex 0.284744 1.19379 2.1
      vertex 0.199493 1.20338 1.2
      vertex 0.284744 1.19379 1.2
    endloop
  endfacet
  facet normal -0.192428 -0.981311 0
    outer loop
      vertex 0.284744 1.19379 1.2
      vertex 0.366287 1.1778 2.1
      vertex 0.284744 1.19379 2.1
    endloop
  endfacet
  facet normal -0.192428 -0.981311 -0
    outer loop
      vertex 0.366287 1.1778 2.1
      vertex 0.284744 1.19379 1.2
      vertex 0.366287 1.1778 1.2
    endloop
  endfacet
  facet normal -0.276449 -0.961029 0
    outer loop
      vertex 0.366287 1.1778 1.2
      vertex 0.444122 1.15541 2.1
      vertex 0.366287 1.1778 2.1
    endloop
  endfacet
  facet normal -0.276449 -0.961029 -0
    outer loop
      vertex 0.444122 1.15541 2.1
      vertex 0.366287 1.1778 1.2
      vertex 0.444122 1.15541 1.2
    endloop
  endfacet
  facet normal -0.361995 -0.93218 0
    outer loop
      vertex 0.444122 1.15541 1.2
      vertex 0.518234 1.12663 2.1
      vertex 0.444122 1.15541 2.1
    endloop
  endfacet
  facet normal -0.361995 -0.93218 -0
    outer loop
      vertex 0.518234 1.12663 2.1
      vertex 0.444122 1.15541 1.2
      vertex 0.518234 1.12663 1.2
    endloop
  endfacet
  facet normal -0.44699 -0.894539 0
    outer loop
      vertex 0.518234 1.12663 1.2
      vertex 0.588638 1.09145 2.1
      vertex 0.518234 1.12663 2.1
    endloop
  endfacet
  facet normal -0.44699 -0.894539 -0
    outer loop
      vertex 0.588638 1.09145 2.1
      vertex 0.518234 1.12663 1.2
      vertex 0.588638 1.09145 1.2
    endloop
  endfacet
  facet normal -0.529038 -0.848598 0
    outer loop
      vertex 0.588638 1.09145 1.2
      vertex 0.655334 1.04987 2.1
      vertex 0.588638 1.09145 2.1
    endloop
  endfacet
  facet normal -0.529038 -0.848598 -0
    outer loop
      vertex 0.655334 1.04987 2.1
      vertex 0.588638 1.09145 1.2
      vertex 0.655334 1.04987 1.2
    endloop
  endfacet
  facet normal -0.606048 -0.795428 0
    outer loop
      vertex 0.655334 1.04987 1.2
      vertex 0.718307 1.00189 2.1
      vertex 0.655334 1.04987 2.1
    endloop
  endfacet
  facet normal -0.606048 -0.795428 -0
    outer loop
      vertex 0.718307 1.00189 2.1
      vertex 0.655334 1.04987 1.2
      vertex 0.718307 1.00189 1.2
    endloop
  endfacet
  facet normal -0.67598 -0.73692 0
    outer loop
      vertex 0.718307 1.00189 1.2
      vertex 0.777573 0.947525 2.1
      vertex 0.718307 1.00189 2.1
    endloop
  endfacet
  facet normal -0.67598 -0.73692 -0
    outer loop
      vertex 0.777573 0.947525 2.1
      vertex 0.718307 1.00189 1.2
      vertex 0.777573 0.947525 1.2
    endloop
  endfacet
  facet normal -0.737999 -0.674802 0
    outer loop
      vertex 0.83313 0.886765 1.2
      vertex 0.777573 0.947525 2.1
      vertex 0.777573 0.947525 1.2
    endloop
  endfacet
  facet normal -0.737999 -0.674802 0
    outer loop
      vertex 0.777573 0.947525 2.1
      vertex 0.83313 0.886765 1.2
      vertex 0.83313 0.886765 2.1
    endloop
  endfacet
  facet normal -0.79412 -0.607761 0
    outer loop
      vertex 0.884537 0.819595 1.2
      vertex 0.83313 0.886765 2.1
      vertex 0.83313 0.886765 1.2
    endloop
  endfacet
  facet normal -0.79412 -0.607761 0
    outer loop
      vertex 0.83313 0.886765 2.1
      vertex 0.884537 0.819595 1.2
      vertex 0.884537 0.819595 2.1
    endloop
  endfacet
  facet normal -0.843525 -0.537091 0
    outer loop
      vertex 0.931366 0.746048 1.2
      vertex 0.884537 0.819595 2.1
      vertex 0.884537 0.819595 1.2
    endloop
  endfacet
  facet normal -0.843525 -0.537091 0
    outer loop
      vertex 0.884537 0.819595 2.1
      vertex 0.931366 0.746048 1.2
      vertex 0.931366 0.746048 2.1
    endloop
  endfacet
  facet normal -0.884143 -0.467217 0
    outer loop
      vertex 0.973618 0.666092 1.2
      vertex 0.931366 0.746048 2.1
      vertex 0.931366 0.746048 1.2
    endloop
  endfacet
  facet normal -0.884143 -0.467217 0
    outer loop
      vertex 0.931366 0.746048 2.1
      vertex 0.973618 0.666092 1.2
      vertex 0.973618 0.666092 2.1
    endloop
  endfacet
  facet normal -0.916687 -0.399606 0
    outer loop
      vertex 1.01126 0.579742 1.2
      vertex 0.973618 0.666092 2.1
      vertex 0.973618 0.666092 1.2
    endloop
  endfacet
  facet normal -0.916687 -0.399606 0
    outer loop
      vertex 0.973618 0.666092 2.1
      vertex 1.01126 0.579742 1.2
      vertex 1.01126 0.579742 2.1
    endloop
  endfacet
  facet normal -0.94191 -0.335867 0
    outer loop
      vertex 1.04433 0.487 1.2
      vertex 1.01126 0.579742 2.1
      vertex 1.01126 0.579742 1.2
    endloop
  endfacet
  facet normal -0.94191 -0.335867 0
    outer loop
      vertex 1.01126 0.579742 2.1
      vertex 1.04433 0.487 1.2
      vertex 1.04433 0.487 2.1
    endloop
  endfacet
  facet normal -0.961203 -0.275843 0
    outer loop
      vertex 1.07278 0.387863 1.2
      vertex 1.04433 0.487 2.1
      vertex 1.04433 0.487 1.2
    endloop
  endfacet
  facet normal -0.961203 -0.275843 0
    outer loop
      vertex 1.04433 0.487 2.1
      vertex 1.07278 0.387863 1.2
      vertex 1.07278 0.387863 2.1
    endloop
  endfacet
  facet normal -0.975301 -0.220882 0
    outer loop
      vertex 1.09668 0.282333 1.2
      vertex 1.07278 0.387863 2.1
      vertex 1.07278 0.387863 1.2
    endloop
  endfacet
  facet normal -0.975301 -0.220882 0
    outer loop
      vertex 1.07278 0.387863 2.1
      vertex 1.09668 0.282333 1.2
      vertex 1.09668 0.282333 2.1
    endloop
  endfacet
  facet normal -0.985471 -0.169846 0
    outer loop
      vertex 1.11597 0.17041 1.2
      vertex 1.09668 0.282333 2.1
      vertex 1.09668 0.282333 1.2
    endloop
  endfacet
  facet normal -0.985471 -0.169846 0
    outer loop
      vertex 1.09668 0.282333 2.1
      vertex 1.11597 0.17041 1.2
      vertex 1.11597 0.17041 2.1
    endloop
  endfacet
  facet normal -0.992382 -0.123197 0
    outer loop
      vertex 1.13066 0.0520782 1.2
      vertex 1.11597 0.17041 2.1
      vertex 1.11597 0.17041 1.2
    endloop
  endfacet
  facet normal -0.992382 -0.123197 0
    outer loop
      vertex 1.11597 0.17041 2.1
      vertex 1.13066 0.0520782 1.2
      vertex 1.13066 0.0520782 2.1
    endloop
  endfacet
  facet normal -0.996723 -0.0808922 0
    outer loop
      vertex 1.14078 -0.0726166 1.2
      vertex 1.13066 0.0520782 2.1
      vertex 1.13066 0.0520782 1.2
    endloop
  endfacet
  facet normal -0.996723 -0.0808922 0
    outer loop
      vertex 1.13066 0.0520782 2.1
      vertex 1.14078 -0.0726166 1.2
      vertex 1.14078 -0.0726166 2.1
    endloop
  endfacet
  facet normal 0 1 -0
    outer loop
      vertex 1.14078 -0.0726166 1.2
      vertex -0.909927 -0.0726166 2.1
      vertex 1.14078 -0.0726166 2.1
    endloop
  endfacet
  facet normal 0 1 0
    outer loop
      vertex -0.909927 -0.0726166 2.1
      vertex 1.14078 -0.0726166 1.2
      vertex -0.909927 -0.0726166 1.2
    endloop
  endfacet
  facet normal 0.0925941 -0.995704 0
    outer loop
      vertex 16.8119 -3.40007 1.2
      vertex 17.0474 -3.37817 2.1
      vertex 16.8119 -3.40007 2.1
    endloop
  endfacet
  facet normal 0.0925941 -0.995704 0
    outer loop
      vertex 17.0474 -3.37817 2.1
      vertex 16.8119 -3.40007 1.2
      vertex 17.0474 -3.37817 1.2
    endloop
  endfacet
  facet normal 0.160407 -0.987051 0
    outer loop
      vertex 17.0474 -3.37817 1.2
      vertex 17.272 -3.34167 2.1
      vertex 17.0474 -3.37817 2.1
    endloop
  endfacet
  facet normal 0.160407 -0.987051 0
    outer loop
      vertex 17.272 -3.34167 2.1
      vertex 17.0474 -3.37817 1.2
      vertex 17.272 -3.34167 1.2
    endloop
  endfacet
  facet normal 0.232581 -0.972577 0
    outer loop
      vertex 17.272 -3.34167 1.2
      vertex 17.4856 -3.29059 2.1
      vertex 17.272 -3.34167 2.1
    endloop
  endfacet
  facet normal 0.232581 -0.972577 0
    outer loop
      vertex 17.4856 -3.29059 2.1
      vertex 17.272 -3.34167 1.2
      vertex 17.4856 -3.29059 1.2
    endloop
  endfacet
  facet normal 0.308375 -0.951265 0
    outer loop
      vertex 17.4856 -3.29059 1.2
      vertex 17.6883 -3.22488 2.1
      vertex 17.4856 -3.29059 2.1
    endloop
  endfacet
  facet normal 0.308375 -0.951265 0
    outer loop
      vertex 17.6883 -3.22488 2.1
      vertex 17.4856 -3.29059 1.2
      vertex 17.6883 -3.22488 1.2
    endloop
  endfacet
  facet normal 0.386145 -0.922438 0
    outer loop
      vertex 17.6883 -3.22488 1.2
      vertex 17.8801 -3.14459 2.1
      vertex 17.6883 -3.22488 2.1
    endloop
  endfacet
  facet normal 0.386145 -0.922438 0
    outer loop
      vertex 17.8801 -3.14459 2.1
      vertex 17.6883 -3.22488 1.2
      vertex 17.8801 -3.14459 1.2
    endloop
  endfacet
  facet normal 0.46468 -0.885479 0
    outer loop
      vertex 17.8801 -3.14459 1.2
      vertex 18.0609 -3.04971 2.1
      vertex 17.8801 -3.14459 2.1
    endloop
  endfacet
  facet normal 0.46468 -0.885479 0
    outer loop
      vertex 18.0609 -3.04971 2.1
      vertex 17.8801 -3.14459 1.2
      vertex 18.0609 -3.04971 1.2
    endloop
  endfacet
  facet normal 0.541472 -0.840719 0
    outer loop
      vertex 18.0609 -3.04971 1.2
      vertex 18.2309 -2.94022 2.1
      vertex 18.0609 -3.04971 2.1
    endloop
  endfacet
  facet normal 0.541472 -0.840719 0
    outer loop
      vertex 18.2309 -2.94022 2.1
      vertex 18.0609 -3.04971 1.2
      vertex 18.2309 -2.94022 1.2
    endloop
  endfacet
  facet normal 0.615488 -0.788146 0
    outer loop
      vertex 18.2309 -2.94022 1.2
      vertex 18.3898 -2.81613 2.1
      vertex 18.2309 -2.94022 2.1
    endloop
  endfacet
  facet normal 0.615488 -0.788146 0
    outer loop
      vertex 18.3898 -2.81613 2.1
      vertex 18.2309 -2.94022 1.2
      vertex 18.3898 -2.81613 1.2
    endloop
  endfacet
  facet normal 0.683784 -0.729685 0
    outer loop
      vertex 18.3898 -2.81613 1.2
      vertex 18.5378 -2.67744 2.1
      vertex 18.3898 -2.81613 2.1
    endloop
  endfacet
  facet normal 0.683784 -0.729685 0
    outer loop
      vertex 18.5378 -2.67744 2.1
      vertex 18.3898 -2.81613 1.2
      vertex 18.5378 -2.67744 1.2
    endloop
  endfacet
  facet normal 0.745436 -0.666578 0
    outer loop
      vertex 18.5378 -2.67744 2.1
      vertex 18.6733 -2.52591 1.2
      vertex 18.6733 -2.52591 2.1
    endloop
  endfacet
  facet normal 0.745436 -0.666578 0
    outer loop
      vertex 18.6733 -2.52591 1.2
      vertex 18.5378 -2.67744 2.1
      vertex 18.5378 -2.67744 1.2
    endloop
  endfacet
  facet normal 0.801789 -0.597607 0
    outer loop
      vertex 18.6733 -2.52591 2.1
      vertex 18.7945 -2.3633 1.2
      vertex 18.7945 -2.3633 2.1
    endloop
  endfacet
  facet normal 0.801789 -0.597607 0
    outer loop
      vertex 18.7945 -2.3633 1.2
      vertex 18.6733 -2.52591 2.1
      vertex 18.6733 -2.52591 1.2
    endloop
  endfacet
  facet normal 0.851628 -0.524147 0
    outer loop
      vertex 18.7945 -2.3633 2.1
      vertex 18.9014 -2.18961 1.2
      vertex 18.9014 -2.18961 2.1
    endloop
  endfacet
  facet normal 0.851628 -0.524147 0
    outer loop
      vertex 18.9014 -2.18961 1.2
      vertex 18.7945 -2.3633 2.1
      vertex 18.7945 -2.3633 1.2
    endloop
  endfacet
  facet normal 0.893817 -0.448432 0
    outer loop
      vertex 18.9014 -2.18961 2.1
      vertex 18.9941 -2.00484 1.2
      vertex 18.9941 -2.00484 2.1
    endloop
  endfacet
  facet normal 0.893817 -0.448432 0
    outer loop
      vertex 18.9941 -2.00484 1.2
      vertex 18.9014 -2.18961 2.1
      vertex 18.9014 -2.18961 1.2
    endloop
  endfacet
  facet normal 0.928385 -0.371619 0
    outer loop
      vertex 18.9941 -2.00484 2.1
      vertex 19.0725 -1.80898 1.2
      vertex 19.0725 -1.80898 2.1
    endloop
  endfacet
  facet normal 0.928385 -0.371619 0
    outer loop
      vertex 19.0725 -1.80898 1.2
      vertex 18.9941 -2.00484 2.1
      vertex 18.9941 -2.00484 1.2
    endloop
  endfacet
  facet normal 0.955094 -0.296303 0
    outer loop
      vertex 19.0725 -1.80898 2.1
      vertex 19.1367 -1.60204 1.2
      vertex 19.1367 -1.60204 2.1
    endloop
  endfacet
  facet normal 0.955094 -0.296303 0
    outer loop
      vertex 19.1367 -1.60204 1.2
      vertex 19.0725 -1.80898 2.1
      vertex 19.0725 -1.80898 1.2
    endloop
  endfacet
  facet normal 0.974794 -0.223109 0
    outer loop
      vertex 19.1367 -1.60204 2.1
      vertex 19.1866 -1.38402 1.2
      vertex 19.1866 -1.38402 2.1
    endloop
  endfacet
  facet normal 0.974794 -0.223109 0
    outer loop
      vertex 19.1866 -1.38402 1.2
      vertex 19.1367 -1.60204 2.1
      vertex 19.1367 -1.60204 1.2
    endloop
  endfacet
  facet normal 0.988142 -0.153541 0
    outer loop
      vertex 19.1866 -1.38402 2.1
      vertex 19.2222 -1.15491 1.2
      vertex 19.2222 -1.15491 2.1
    endloop
  endfacet
  facet normal 0.988142 -0.153541 0
    outer loop
      vertex 19.2222 -1.15491 1.2
      vertex 19.1866 -1.38402 2.1
      vertex 19.1866 -1.38402 1.2
    endloop
  endfacet
  facet normal 0.996054 -0.0887442 0
    outer loop
      vertex 19.2222 -1.15491 2.1
      vertex 19.2436 -0.914719 1.2
      vertex 19.2436 -0.914719 2.1
    endloop
  endfacet
  facet normal 0.996054 -0.0887442 0
    outer loop
      vertex 19.2436 -0.914719 1.2
      vertex 19.2222 -1.15491 2.1
      vertex 19.2222 -1.15491 1.2
    endloop
  endfacet
  facet normal 0.999601 -0.0282455 0
    outer loop
      vertex 19.2436 -0.914719 2.1
      vertex 19.2507 -0.663452 1.2
      vertex 19.2507 -0.663452 2.1
    endloop
  endfacet
  facet normal 0.999601 -0.0282455 0
    outer loop
      vertex 19.2507 -0.663452 1.2
      vertex 19.2436 -0.914719 2.1
      vertex 19.2436 -0.914719 1.2
    endloop
  endfacet
  facet normal 0.999654 0.0262998 0
    outer loop
      vertex 19.2507 -0.663452 2.1
      vertex 19.2439 -0.404984 1.2
      vertex 19.2439 -0.404984 2.1
    endloop
  endfacet
  facet normal 0.999654 0.0262998 0
    outer loop
      vertex 19.2439 -0.404984 1.2
      vertex 19.2507 -0.663452 2.1
      vertex 19.2507 -0.663452 1.2
    endloop
  endfacet
  facet normal 0.996582 0.0826068 0
    outer loop
      vertex 19.2439 -0.404984 2.1
      vertex 19.2235 -0.158875 1.2
      vertex 19.2235 -0.158875 2.1
    endloop
  endfacet
  facet normal 0.996582 0.0826068 0
    outer loop
      vertex 19.2235 -0.158875 1.2
      vertex 19.2439 -0.404984 2.1
      vertex 19.2439 -0.404984 1.2
    endloop
  endfacet
  facet normal 0.989525 0.144364 0
    outer loop
      vertex 19.2235 -0.158875 2.1
      vertex 19.1894 0.0748596 1.2
      vertex 19.1894 0.0748596 2.1
    endloop
  endfacet
  facet normal 0.989525 0.144364 0
    outer loop
      vertex 19.1894 0.0748596 1.2
      vertex 19.2235 -0.158875 2.1
      vertex 19.2235 -0.158875 1.2
    endloop
  endfacet
  facet normal 0.97757 0.21061 0
    outer loop
      vertex 19.1894 0.0748596 2.1
      vertex 19.1417 0.296265 1.2
      vertex 19.1417 0.296265 2.1
    endloop
  endfacet
  facet normal 0.97757 0.21061 0
    outer loop
      vertex 19.1417 0.296265 1.2
      vertex 19.1894 0.0748596 2.1
      vertex 19.1894 0.0748596 1.2
    endloop
  endfacet
  facet normal 0.959594 0.28139 0
    outer loop
      vertex 19.1417 0.296265 2.1
      vertex 19.0804 0.50531 1.2
      vertex 19.0804 0.50531 2.1
    endloop
  endfacet
  facet normal 0.959594 0.28139 0
    outer loop
      vertex 19.0804 0.50531 1.2
      vertex 19.1417 0.296265 2.1
      vertex 19.1417 0.296265 1.2
    endloop
  endfacet
  facet normal 0.934532 0.355879 0
    outer loop
      vertex 19.0804 0.50531 2.1
      vertex 19.0055 0.701996 1.2
      vertex 19.0055 0.701996 2.1
    endloop
  endfacet
  facet normal 0.934532 0.355879 0
    outer loop
      vertex 19.0055 0.701996 1.2
      vertex 19.0804 0.50531 2.1
      vertex 19.0804 0.50531 1.2
    endloop
  endfacet
  facet normal 0.901492 0.432796 0
    outer loop
      vertex 19.0055 0.701996 2.1
      vertex 18.917 0.886337 1.2
      vertex 18.917 0.886337 2.1
    endloop
  endfacet
  facet normal 0.901492 0.432796 0
    outer loop
      vertex 18.917 0.886337 1.2
      vertex 19.0055 0.701996 2.1
      vertex 19.0055 0.701996 1.2
    endloop
  endfacet
  facet normal 0.859642 0.510897 0
    outer loop
      vertex 18.917 0.886337 2.1
      vertex 18.8148 1.0583 1.2
      vertex 18.8148 1.0583 2.1
    endloop
  endfacet
  facet normal 0.859642 0.510897 0
    outer loop
      vertex 18.8148 1.0583 1.2
      vertex 18.917 0.886337 2.1
      vertex 18.917 0.886337 1.2
    endloop
  endfacet
  facet normal 0.809446 0.587194 0
    outer loop
      vertex 18.8148 1.0583 2.1
      vertex 18.699 1.21793 1.2
      vertex 18.699 1.21793 2.1
    endloop
  endfacet
  facet normal 0.809446 0.587194 0
    outer loop
      vertex 18.699 1.21793 1.2
      vertex 18.8148 1.0583 2.1
      vertex 18.8148 1.0583 1.2
    endloop
  endfacet
  facet normal 0.751213 0.66006 0
    outer loop
      vertex 18.699 1.21793 2.1
      vertex 18.5696 1.3652 1.2
      vertex 18.5696 1.3652 2.1
    endloop
  endfacet
  facet normal 0.751213 0.66006 0
    outer loop
      vertex 18.5696 1.3652 1.2
      vertex 18.699 1.21793 2.1
      vertex 18.699 1.21793 1.2
    endloop
  endfacet
  facet normal 0.685692 0.727892 -0
    outer loop
      vertex 18.5696 1.3652 1.2
      vertex 18.4273 1.49925 2.1
      vertex 18.5696 1.3652 2.1
    endloop
  endfacet
  facet normal 0.685692 0.727892 0
    outer loop
      vertex 18.4273 1.49925 2.1
      vertex 18.5696 1.3652 1.2
      vertex 18.4273 1.49925 1.2
    endloop
  endfacet
  facet normal 0.612971 0.790106 -0
    outer loop
      vertex 18.4273 1.49925 1.2
      vertex 18.2727 1.61919 2.1
      vertex 18.4273 1.49925 2.1
    endloop
  endfacet
  facet normal 0.612971 0.790106 0
    outer loop
      vertex 18.2727 1.61919 2.1
      vertex 18.4273 1.49925 1.2
      vertex 18.2727 1.61919 1.2
    endloop
  endfacet
  facet normal 0.535509 0.844529 -0
    outer loop
      vertex 18.2727 1.61919 1.2
      vertex 18.1058 1.72502 2.1
      vertex 18.2727 1.61919 2.1
    endloop
  endfacet
  facet normal 0.535509 0.844529 0
    outer loop
      vertex 18.1058 1.72502 2.1
      vertex 18.2727 1.61919 1.2
      vertex 18.1058 1.72502 1.2
    endloop
  endfacet
  facet normal 0.45582 0.890072 -0
    outer loop
      vertex 18.1058 1.72502 1.2
      vertex 17.9267 1.81674 2.1
      vertex 18.1058 1.72502 2.1
    endloop
  endfacet
  facet normal 0.45582 0.890072 0
    outer loop
      vertex 17.9267 1.81674 2.1
      vertex 18.1058 1.72502 1.2
      vertex 17.9267 1.81674 1.2
    endloop
  endfacet
  facet normal 0.375769 0.926713 -0
    outer loop
      vertex 17.9267 1.81674 1.2
      vertex 17.7353 1.89435 2.1
      vertex 17.9267 1.81674 2.1
    endloop
  endfacet
  facet normal 0.375769 0.926713 0
    outer loop
      vertex 17.7353 1.89435 2.1
      vertex 17.9267 1.81674 1.2
      vertex 17.7353 1.89435 1.2
    endloop
  endfacet
  facet normal 0.297698 0.95466 -0
    outer loop
      vertex 17.7353 1.89435 1.2
      vertex 17.5317 1.95784 2.1
      vertex 17.7353 1.89435 2.1
    endloop
  endfacet
  facet normal 0.297698 0.95466 0
    outer loop
      vertex 17.5317 1.95784 2.1
      vertex 17.7353 1.89435 1.2
      vertex 17.5317 1.95784 1.2
    endloop
  endfacet
  facet normal 0.223003 0.974818 -0
    outer loop
      vertex 17.5317 1.95784 1.2
      vertex 17.3158 2.00723 2.1
      vertex 17.5317 1.95784 2.1
    endloop
  endfacet
  facet normal 0.223003 0.974818 0
    outer loop
      vertex 17.3158 2.00723 2.1
      vertex 17.5317 1.95784 1.2
      vertex 17.3158 2.00723 1.2
    endloop
  endfacet
  facet normal 0.152852 0.988249 -0
    outer loop
      vertex 17.3158 2.00723 1.2
      vertex 17.0877 2.04251 2.1
      vertex 17.3158 2.00723 2.1
    endloop
  endfacet
  facet normal 0.152852 0.988249 0
    outer loop
      vertex 17.0877 2.04251 2.1
      vertex 17.3158 2.00723 1.2
      vertex 17.0877 2.04251 1.2
    endloop
  endfacet
  facet normal 0.087681 0.996149 -0
    outer loop
      vertex 17.0877 2.04251 1.2
      vertex 16.8473 2.06367 2.1
      vertex 17.0877 2.04251 2.1
    endloop
  endfacet
  facet normal 0.087681 0.996149 0
    outer loop
      vertex 16.8473 2.06367 2.1
      vertex 17.0877 2.04251 1.2
      vertex 16.8473 2.06367 1.2
    endloop
  endfacet
  facet normal 0.0278878 0.999611 -0
    outer loop
      vertex 16.8473 2.06367 1.2
      vertex 16.5946 2.07072 2.1
      vertex 16.8473 2.06367 2.1
    endloop
  endfacet
  facet normal 0.0278878 0.999611 0
    outer loop
      vertex 16.5946 2.07072 2.1
      vertex 16.8473 2.06367 1.2
      vertex 16.5946 2.07072 1.2
    endloop
  endfacet
  facet normal -0.0294656 0.999566 0
    outer loop
      vertex 16.5946 2.07072 1.2
      vertex 16.3473 2.06343 2.1
      vertex 16.5946 2.07072 2.1
    endloop
  endfacet
  facet normal -0.0294656 0.999566 0
    outer loop
      vertex 16.3473 2.06343 2.1
      vertex 16.5946 2.07072 1.2
      vertex 16.3473 2.06343 1.2
    endloop
  endfacet
  facet normal -0.0923996 0.995722 0
    outer loop
      vertex 16.3473 2.06343 1.2
      vertex 16.1113 2.04153 2.1
      vertex 16.3473 2.06343 2.1
    endloop
  endfacet
  facet normal -0.0923996 0.995722 0
    outer loop
      vertex 16.1113 2.04153 2.1
      vertex 16.3473 2.06343 1.2
      vertex 16.1113 2.04153 1.2
    endloop
  endfacet
  facet normal -0.160156 0.987092 0
    outer loop
      vertex 16.1113 2.04153 1.2
      vertex 15.8864 2.00504 2.1
      vertex 16.1113 2.04153 2.1
    endloop
  endfacet
  facet normal -0.160156 0.987092 0
    outer loop
      vertex 15.8864 2.00504 2.1
      vertex 16.1113 2.04153 1.2
      vertex 15.8864 2.00504 1.2
    endloop
  endfacet
  facet normal -0.23271 0.972546 0
    outer loop
      vertex 15.8864 2.00504 1.2
      vertex 15.6728 1.95393 2.1
      vertex 15.8864 2.00504 2.1
    endloop
  endfacet
  facet normal -0.23271 0.972546 0
    outer loop
      vertex 15.6728 1.95393 2.1
      vertex 15.8864 2.00504 1.2
      vertex 15.6728 1.95393 1.2
    endloop
  endfacet
  facet normal -0.308842 0.951114 0
    outer loop
      vertex 15.6728 1.95393 1.2
      vertex 15.4705 1.88824 2.1
      vertex 15.6728 1.95393 2.1
    endloop
  endfacet
  facet normal -0.308842 0.951114 0
    outer loop
      vertex 15.4705 1.88824 2.1
      vertex 15.6728 1.95393 1.2
      vertex 15.4705 1.88824 1.2
    endloop
  endfacet
  facet normal -0.387175 0.922006 0
    outer loop
      vertex 15.4705 1.88824 1.2
      vertex 15.2793 1.80795 2.1
      vertex 15.4705 1.88824 2.1
    endloop
  endfacet
  facet normal -0.387175 0.922006 0
    outer loop
      vertex 15.2793 1.80795 2.1
      vertex 15.4705 1.88824 1.2
      vertex 15.2793 1.80795 1.2
    endloop
  endfacet
  facet normal -0.466539 0.884501 0
    outer loop
      vertex 15.2793 1.80795 1.2
      vertex 15.0994 1.71306 2.1
      vertex 15.2793 1.80795 2.1
    endloop
  endfacet
  facet normal -0.466539 0.884501 0
    outer loop
      vertex 15.0994 1.71306 2.1
      vertex 15.2793 1.80795 1.2
      vertex 15.0994 1.71306 1.2
    endloop
  endfacet
  facet normal -0.544376 0.838841 0
    outer loop
      vertex 15.0994 1.71306 1.2
      vertex 14.9307 1.60358 2.1
      vertex 15.0994 1.71306 2.1
    endloop
  endfacet
  facet normal -0.544376 0.838841 0
    outer loop
      vertex 14.9307 1.60358 2.1
      vertex 15.0994 1.71306 1.2
      vertex 14.9307 1.60358 1.2
    endloop
  endfacet
  facet normal -0.6189 0.78547 0
    outer loop
      vertex 14.9307 1.60358 1.2
      vertex 14.7732 1.47948 2.1
      vertex 14.9307 1.60358 2.1
    endloop
  endfacet
  facet normal -0.6189 0.78547 0
    outer loop
      vertex 14.7732 1.47948 2.1
      vertex 14.9307 1.60358 1.2
      vertex 14.7732 1.47948 1.2
    endloop
  endfacet
  facet normal -0.688228 0.725495 0
    outer loop
      vertex 14.7732 1.47948 1.2
      vertex 14.627 1.34079 2.1
      vertex 14.7732 1.47948 2.1
    endloop
  endfacet
  facet normal -0.688228 0.725495 0
    outer loop
      vertex 14.627 1.34079 2.1
      vertex 14.7732 1.47948 1.2
      vertex 14.627 1.34079 1.2
    endloop
  endfacet
  facet normal -0.749874 0.661581 0
    outer loop
      vertex 14.4934 1.18936 1.2
      vertex 14.627 1.34079 2.1
      vertex 14.627 1.34079 1.2
    endloop
  endfacet
  facet normal -0.749874 0.661581 0
    outer loop
      vertex 14.627 1.34079 2.1
      vertex 14.4934 1.18936 1.2
      vertex 14.4934 1.18936 2.1
    endloop
  endfacet
  facet normal -0.805303 0.592864 0
    outer loop
      vertex 14.3739 1.02704 1.2
      vertex 14.4934 1.18936 2.1
      vertex 14.4934 1.18936 1.2
    endloop
  endfacet
  facet normal -0.805303 0.592864 0
    outer loop
      vertex 14.4934 1.18936 2.1
      vertex 14.3739 1.02704 1.2
      vertex 14.3739 1.02704 2.1
    endloop
  endfacet
  facet normal -0.854042 0.520204 0
    outer loop
      vertex 14.2684 0.853836 1.2
      vertex 14.3739 1.02704 2.1
      vertex 14.3739 1.02704 1.2
    endloop
  endfacet
  facet normal -0.854042 0.520204 0
    outer loop
      vertex 14.3739 1.02704 2.1
      vertex 14.2684 0.853836 1.2
      vertex 14.2684 0.853836 2.1
    endloop
  endfacet
  facet normal -0.895686 0.444688 0
    outer loop
      vertex 14.177 0.669739 1.2
      vertex 14.2684 0.853836 2.1
      vertex 14.2684 0.853836 1.2
    endloop
  endfacet
  facet normal -0.895686 0.444688 0
    outer loop
      vertex 14.2684 0.853836 2.1
      vertex 14.177 0.669739 1.2
      vertex 14.177 0.669739 2.1
    endloop
  endfacet
  facet normal -0.929608 0.36855 0
    outer loop
      vertex 14.0997 0.474762 1.2
      vertex 14.177 0.669739 2.1
      vertex 14.177 0.669739 1.2
    endloop
  endfacet
  facet normal -0.929608 0.36855 0
    outer loop
      vertex 14.177 0.669739 2.1
      vertex 14.0997 0.474762 1.2
      vertex 14.0997 0.474762 2.1
    endloop
  endfacet
  facet normal -0.955838 0.293894 0
    outer loop
      vertex 14.0364 0.26889 1.2
      vertex 14.0997 0.474762 2.1
      vertex 14.0997 0.474762 1.2
    endloop
  endfacet
  facet normal -0.955838 0.293894 0
    outer loop
      vertex 14.0997 0.474762 2.1
      vertex 14.0364 0.26889 1.2
      vertex 14.0364 0.26889 2.1
    endloop
  endfacet
  facet normal -0.975193 0.221358 0
    outer loop
      vertex 13.9872 0.0521393 1.2
      vertex 14.0364 0.26889 2.1
      vertex 14.0364 0.26889 1.2
    endloop
  endfacet
  facet normal -0.975193 0.221358 0
    outer loop
      vertex 14.0364 0.26889 2.1
      vertex 13.9872 0.0521393 1.2
      vertex 13.9872 0.0521393 2.1
    endloop
  endfacet
  facet normal -0.988319 0.152396 0
    outer loop
      vertex 13.9521 -0.175491 1.2
      vertex 13.9872 0.0521393 2.1
      vertex 13.9872 0.0521393 1.2
    endloop
  endfacet
  facet normal -0.988319 0.152396 0
    outer loop
      vertex 13.9872 0.0521393 2.1
      vertex 13.9521 -0.175491 1.2
      vertex 13.9521 -0.175491 2.1
    endloop
  endfacet
  facet normal -0.996111 0.0881104 0
    outer loop
      vertex 13.931 -0.414032 1.2
      vertex 13.9521 -0.175491 2.1
      vertex 13.9521 -0.175491 1.2
    endloop
  endfacet
  facet normal -0.996111 0.0881104 0
    outer loop
      vertex 13.9521 -0.175491 2.1
      vertex 13.931 -0.414032 1.2
      vertex 13.931 -0.414032 2.1
    endloop
  endfacet
  facet normal -0.999595 0.0284545 0
    outer loop
      vertex 13.9239 -0.663452 1.2
      vertex 13.931 -0.414032 2.1
      vertex 13.931 -0.414032 1.2
    endloop
  endfacet
  facet normal -0.999595 0.0284545 0
    outer loop
      vertex 13.931 -0.414032 2.1
      vertex 13.9239 -0.663452 1.2
      vertex 13.9239 -0.663452 2.1
    endloop
  endfacet
  facet normal -0.999598 -0.0283471 0
    outer loop
      vertex 13.931 -0.913818 1.2
      vertex 13.9239 -0.663452 2.1
      vertex 13.9239 -0.663452 1.2
    endloop
  endfacet
  facet normal -0.999598 -0.0283471 0
    outer loop
      vertex 13.9239 -0.663452 2.1
      vertex 13.931 -0.913818 1.2
      vertex 13.931 -0.913818 2.1
    endloop
  endfacet
  facet normal -0.996139 -0.0877887 0
    outer loop
      vertex 13.9521 -1.15324 1.2
      vertex 13.931 -0.913818 2.1
      vertex 13.931 -0.913818 1.2
    endloop
  endfacet
  facet normal -0.996139 -0.0877887 0
    outer loop
      vertex 13.931 -0.913818 2.1
      vertex 13.9521 -1.15324 1.2
      vertex 13.9521 -1.15324 2.1
    endloop
  endfacet
  facet normal -0.988406 -0.151836 0
    outer loop
      vertex 13.9872 -1.38173 1.2
      vertex 13.9521 -1.15324 2.1
      vertex 13.9521 -1.15324 1.2
    endloop
  endfacet
  facet normal -0.988406 -0.151836 0
    outer loop
      vertex 13.9521 -1.15324 2.1
      vertex 13.9872 -1.38173 1.2
      vertex 13.9872 -1.38173 2.1
    endloop
  endfacet
  facet normal -0.97537 -0.220575 0
    outer loop
      vertex 14.0364 -1.59929 1.2
      vertex 13.9872 -1.38173 2.1
      vertex 13.9872 -1.38173 1.2
    endloop
  endfacet
  facet normal -0.97537 -0.220575 0
    outer loop
      vertex 13.9872 -1.38173 2.1
      vertex 14.0364 -1.59929 1.2
      vertex 14.0364 -1.59929 2.1
    endloop
  endfacet
  facet normal -0.956136 -0.292921 0
    outer loop
      vertex 14.0997 -1.80591 1.2
      vertex 14.0364 -1.59929 2.1
      vertex 14.0364 -1.59929 1.2
    endloop
  endfacet
  facet normal -0.956136 -0.292921 0
    outer loop
      vertex 14.0364 -1.59929 2.1
      vertex 14.0997 -1.80591 1.2
      vertex 14.0997 -1.80591 2.1
    endloop
  endfacet
  facet normal -0.930068 -0.367388 0
    outer loop
      vertex 14.177 -2.0016 1.2
      vertex 14.0997 -1.80591 2.1
      vertex 14.0997 -1.80591 1.2
    endloop
  endfacet
  facet normal -0.930068 -0.367388 0
    outer loop
      vertex 14.0997 -1.80591 2.1
      vertex 14.177 -2.0016 1.2
      vertex 14.177 -2.0016 2.1
    endloop
  endfacet
  facet normal -0.896321 -0.443406 0
    outer loop
      vertex 14.2684 -2.18636 1.2
      vertex 14.177 -2.0016 2.1
      vertex 14.177 -2.0016 1.2
    endloop
  endfacet
  facet normal -0.896321 -0.443406 0
    outer loop
      vertex 14.177 -2.0016 2.1
      vertex 14.2684 -2.18636 1.2
      vertex 14.2684 -2.18636 2.1
    endloop
  endfacet
  facet normal -0.854848 -0.518879 0
    outer loop
      vertex 14.3739 -2.36017 1.2
      vertex 14.2684 -2.18636 2.1
      vertex 14.2684 -2.18636 1.2
    endloop
  endfacet
  facet normal -0.854848 -0.518879 0
    outer loop
      vertex 14.2684 -2.18636 2.1
      vertex 14.3739 -2.36017 1.2
      vertex 14.3739 -2.36017 2.1
    endloop
  endfacet
  facet normal -0.806259 -0.591563 0
    outer loop
      vertex 14.4934 -2.52304 1.2
      vertex 14.3739 -2.36017 2.1
      vertex 14.3739 -2.36017 1.2
    endloop
  endfacet
  facet normal -0.806259 -0.591563 0
    outer loop
      vertex 14.3739 -2.36017 2.1
      vertex 14.4934 -2.52304 1.2
      vertex 14.4934 -2.52304 2.1
    endloop
  endfacet
  facet normal -0.750998 -0.660305 0
    outer loop
      vertex 14.627 -2.67499 1.2
      vertex 14.4934 -2.52304 2.1
      vertex 14.4934 -2.52304 1.2
    endloop
  endfacet
  facet normal -0.750998 -0.660305 0
    outer loop
      vertex 14.4934 -2.52304 2.1
      vertex 14.627 -2.67499 1.2
      vertex 14.627 -2.67499 2.1
    endloop
  endfacet
  facet normal -0.690195 -0.723623 0
    outer loop
      vertex 14.627 -2.67499 1.2
      vertex 14.7729 -2.81415 2.1
      vertex 14.627 -2.67499 2.1
    endloop
  endfacet
  facet normal -0.690195 -0.723623 -0
    outer loop
      vertex 14.7729 -2.81415 2.1
      vertex 14.627 -2.67499 1.2
      vertex 14.7729 -2.81415 1.2
    endloop
  endfacet
  facet normal -0.622284 -0.782791 0
    outer loop
      vertex 14.7729 -2.81415 1.2
      vertex 14.9295 -2.93864 2.1
      vertex 14.7729 -2.81415 2.1
    endloop
  endfacet
  facet normal -0.622284 -0.782791 -0
    outer loop
      vertex 14.9295 -2.93864 2.1
      vertex 14.7729 -2.81415 1.2
      vertex 14.9295 -2.93864 1.2
    endloop
  endfacet
  facet normal -0.548934 -0.835866 0
    outer loop
      vertex 14.9295 -2.93864 1.2
      vertex 15.0968 -3.04851 2.1
      vertex 14.9295 -2.93864 2.1
    endloop
  endfacet
  facet normal -0.548934 -0.835866 -0
    outer loop
      vertex 15.0968 -3.04851 2.1
      vertex 14.9295 -2.93864 1.2
      vertex 15.0968 -3.04851 1.2
    endloop
  endfacet
  facet normal -0.472067 -0.881563 0
    outer loop
      vertex 15.0968 -3.04851 1.2
      vertex 15.2746 -3.14372 2.1
      vertex 15.0968 -3.04851 2.1
    endloop
  endfacet
  facet normal -0.472067 -0.881563 -0
    outer loop
      vertex 15.2746 -3.14372 2.1
      vertex 15.0968 -3.04851 1.2
      vertex 15.2746 -3.14372 1.2
    endloop
  endfacet
  facet normal -0.392771 -0.919636 0
    outer loop
      vertex 15.2746 -3.14372 1.2
      vertex 15.4632 -3.22427 2.1
      vertex 15.2746 -3.14372 2.1
    endloop
  endfacet
  facet normal -0.392771 -0.919636 -0
    outer loop
      vertex 15.4632 -3.22427 2.1
      vertex 15.2746 -3.14372 1.2
      vertex 15.4632 -3.22427 1.2
    endloop
  endfacet
  facet normal -0.31431 -0.94932 0
    outer loop
      vertex 15.4632 -3.22427 1.2
      vertex 15.6623 -3.29019 2.1
      vertex 15.4632 -3.22427 2.1
    endloop
  endfacet
  facet normal -0.31431 -0.94932 -0
    outer loop
      vertex 15.6623 -3.29019 2.1
      vertex 15.4632 -3.22427 1.2
      vertex 15.6623 -3.29019 1.2
    endloop
  endfacet
  facet normal -0.23739 -0.971414 0
    outer loop
      vertex 15.6623 -3.29019 1.2
      vertex 15.8721 -3.34146 2.1
      vertex 15.6623 -3.29019 2.1
    endloop
  endfacet
  facet normal -0.23739 -0.971414 -0
    outer loop
      vertex 15.8721 -3.34146 2.1
      vertex 15.6623 -3.29019 1.2
      vertex 15.8721 -3.34146 1.2
    endloop
  endfacet
  facet normal -0.163833 -0.986488 0
    outer loop
      vertex 15.8721 -3.34146 1.2
      vertex 16.0926 -3.37808 2.1
      vertex 15.8721 -3.34146 2.1
    endloop
  endfacet
  facet normal -0.163833 -0.986488 -0
    outer loop
      vertex 16.0926 -3.37808 2.1
      vertex 15.8721 -3.34146 1.2
      vertex 16.0926 -3.37808 1.2
    endloop
  endfacet
  facet normal -0.0946404 -0.995512 0
    outer loop
      vertex 16.0926 -3.37808 1.2
      vertex 16.3237 -3.40005 2.1
      vertex 16.0926 -3.37808 2.1
    endloop
  endfacet
  facet normal -0.0946404 -0.995512 -0
    outer loop
      vertex 16.3237 -3.40005 2.1
      vertex 16.0926 -3.37808 1.2
      vertex 16.3237 -3.40005 1.2
    endloop
  endfacet
  facet normal -0.0303129 -0.99954 0
    outer loop
      vertex 16.3237 -3.40005 1.2
      vertex 16.5654 -3.40738 2.1
      vertex 16.3237 -3.40005 2.1
    endloop
  endfacet
  facet normal -0.0303129 -0.99954 -0
    outer loop
      vertex 16.5654 -3.40738 2.1
      vertex 16.3237 -3.40005 1.2
      vertex 16.5654 -3.40738 1.2
    endloop
  endfacet
  facet normal 0.0296421 -0.999561 0
    outer loop
      vertex 16.5654 -3.40738 1.2
      vertex 16.8119 -3.40007 2.1
      vertex 16.5654 -3.40738 2.1
    endloop
  endfacet
  facet normal 0.0296421 -0.999561 0
    outer loop
      vertex 16.8119 -3.40007 2.1
      vertex 16.5654 -3.40738 1.2
      vertex 16.8119 -3.40007 1.2
    endloop
  endfacet
  facet normal 0.128159 0.991754 -0
    outer loop
      vertex 16.4382 -2.46532 1.2
      vertex 16.3311 -2.45148 2.1
      vertex 16.4382 -2.46532 2.1
    endloop
  endfacet
  facet normal 0.128159 0.991754 0
    outer loop
      vertex 16.3311 -2.45148 2.1
      vertex 16.4382 -2.46532 1.2
      vertex 16.3311 -2.45148 1.2
    endloop
  endfacet
  facet normal 0.221223 0.975223 -0
    outer loop
      vertex 16.3311 -2.45148 1.2
      vertex 16.2294 -2.42841 2.1
      vertex 16.3311 -2.45148 2.1
    endloop
  endfacet
  facet normal 0.221223 0.975223 0
    outer loop
      vertex 16.2294 -2.42841 2.1
      vertex 16.3311 -2.45148 1.2
      vertex 16.2294 -2.42841 1.2
    endloop
  endfacet
  facet normal 0.318208 0.948021 -0
    outer loop
      vertex 16.2294 -2.42841 1.2
      vertex 16.1332 -2.39612 2.1
      vertex 16.2294 -2.42841 2.1
    endloop
  endfacet
  facet normal 0.318208 0.948021 0
    outer loop
      vertex 16.1332 -2.39612 2.1
      vertex 16.2294 -2.42841 1.2
      vertex 16.1332 -2.39612 1.2
    endloop
  endfacet
  facet normal 0.415642 0.909529 -0
    outer loop
      vertex 16.1332 -2.39612 1.2
      vertex 16.0423 -2.35458 2.1
      vertex 16.1332 -2.39612 2.1
    endloop
  endfacet
  facet normal 0.415642 0.909529 0
    outer loop
      vertex 16.0423 -2.35458 2.1
      vertex 16.1332 -2.39612 1.2
      vertex 16.0423 -2.35458 1.2
    endloop
  endfacet
  facet normal 0.510864 0.859661 -0
    outer loop
      vertex 16.0423 -2.35458 1.2
      vertex 15.9569 -2.30383 2.1
      vertex 16.0423 -2.35458 2.1
    endloop
  endfacet
  facet normal 0.510864 0.859661 0
    outer loop
      vertex 15.9569 -2.30383 2.1
      vertex 16.0423 -2.35458 1.2
      vertex 15.9569 -2.30383 1.2
    endloop
  endfacet
  facet normal 0.599744 0.800192 -0
    outer loop
      vertex 15.9569 -2.30383 1.2
      vertex 15.8769 -2.24387 2.1
      vertex 15.9569 -2.30383 2.1
    endloop
  endfacet
  facet normal 0.599744 0.800192 0
    outer loop
      vertex 15.8769 -2.24387 2.1
      vertex 15.9569 -2.30383 1.2
      vertex 15.8769 -2.24387 1.2
    endloop
  endfacet
  facet normal 0.68018 0.733045 -0
    outer loop
      vertex 15.8769 -2.24387 1.2
      vertex 15.8023 -2.17465 2.1
      vertex 15.8769 -2.24387 2.1
    endloop
  endfacet
  facet normal 0.68018 0.733045 0
    outer loop
      vertex 15.8023 -2.17465 2.1
      vertex 15.8769 -2.24387 1.2
      vertex 15.8023 -2.17465 1.2
    endloop
  endfacet
  facet normal 0.750326 0.661068 0
    outer loop
      vertex 15.8023 -2.17465 2.1
      vertex 15.7332 -2.09622 1.2
      vertex 15.7332 -2.09622 2.1
    endloop
  endfacet
  facet normal 0.750326 0.661068 0
    outer loop
      vertex 15.7332 -2.09622 1.2
      vertex 15.8023 -2.17465 2.1
      vertex 15.8023 -2.17465 1.2
    endloop
  endfacet
  facet normal 0.808529 0.588457 0
    outer loop
      vertex 15.7332 -2.09622 2.1
      vertex 15.6694 -2.00856 1.2
      vertex 15.6694 -2.00856 2.1
    endloop
  endfacet
  facet normal 0.808529 0.588457 0
    outer loop
      vertex 15.6694 -2.00856 1.2
      vertex 15.7332 -2.09622 2.1
      vertex 15.7332 -2.09622 1.2
    endloop
  endfacet
  facet normal 0.857493 0.514496 0
    outer loop
      vertex 15.6694 -2.00856 2.1
      vertex 15.6115 -1.91206 1.2
      vertex 15.6115 -1.91206 2.1
    endloop
  endfacet
  facet normal 0.857493 0.514496 0
    outer loop
      vertex 15.6115 -1.91206 1.2
      vertex 15.6694 -2.00856 2.1
      vertex 15.6694 -2.00856 1.2
    endloop
  endfacet
  facet normal 0.896383 0.44328 0
    outer loop
      vertex 15.6115 -1.91206 2.1
      vertex 15.5596 -1.80711 1.2
      vertex 15.5596 -1.80711 2.1
    endloop
  endfacet
  facet normal 0.896383 0.44328 0
    outer loop
      vertex 15.5596 -1.80711 1.2
      vertex 15.6115 -1.91206 2.1
      vertex 15.6115 -1.91206 1.2
    endloop
  endfacet
  facet normal 0.927208 0.374547 0
    outer loop
      vertex 15.5596 -1.80711 2.1
      vertex 15.5138 -1.69373 1.2
      vertex 15.5138 -1.69373 2.1
    endloop
  endfacet
  facet normal 0.927208 0.374547 0
    outer loop
      vertex 15.5138 -1.69373 1.2
      vertex 15.5596 -1.80711 2.1
      vertex 15.5596 -1.80711 1.2
    endloop
  endfacet
  facet normal 0.951037 0.309077 0
    outer loop
      vertex 15.5138 -1.69373 2.1
      vertex 15.4742 -1.57188 1.2
      vertex 15.4742 -1.57188 2.1
    endloop
  endfacet
  facet normal 0.951037 0.309077 0
    outer loop
      vertex 15.4742 -1.57188 1.2
      vertex 15.5138 -1.69373 2.1
      vertex 15.5138 -1.69373 1.2
    endloop
  endfacet
  facet normal 0.968319 0.249716 0
    outer loop
      vertex 15.4742 -1.57188 2.1
      vertex 15.4406 -1.44159 1.2
      vertex 15.4406 -1.44159 2.1
    endloop
  endfacet
  facet normal 0.968319 0.249716 0
    outer loop
      vertex 15.4406 -1.44159 1.2
      vertex 15.4742 -1.57188 2.1
      vertex 15.4742 -1.57188 1.2
    endloop
  endfacet
  facet normal 0.980914 0.194443 0
    outer loop
      vertex 15.4406 -1.44159 2.1
      vertex 15.4131 -1.30286 1.2
      vertex 15.4131 -1.30286 2.1
    endloop
  endfacet
  facet normal 0.980914 0.194443 0
    outer loop
      vertex 15.4131 -1.30286 1.2
      vertex 15.4406 -1.44159 2.1
      vertex 15.4406 -1.44159 1.2
    endloop
  endfacet
  facet normal 0.989688 0.143238 0
    outer loop
      vertex 15.4131 -1.30286 2.1
      vertex 15.3918 -1.15569 1.2
      vertex 15.3918 -1.15569 2.1
    endloop
  endfacet
  facet normal 0.989688 0.143238 0
    outer loop
      vertex 15.3918 -1.15569 1.2
      vertex 15.4131 -1.30286 2.1
      vertex 15.4131 -1.30286 1.2
    endloop
  endfacet
  facet normal 0.995203 0.0978322 0
    outer loop
      vertex 15.3918 -1.15569 2.1
      vertex 15.3765 -1.00005 1.2
      vertex 15.3765 -1.00005 2.1
    endloop
  endfacet
  facet normal 0.995203 0.0978322 0
    outer loop
      vertex 15.3765 -1.00005 1.2
      vertex 15.3918 -1.15569 2.1
      vertex 15.3918 -1.15569 1.2
    endloop
  endfacet
  facet normal 0.998432 0.0559867 0
    outer loop
      vertex 15.3765 -1.00005 2.1
      vertex 15.3673 -0.835983 1.2
      vertex 15.3673 -0.835983 2.1
    endloop
  endfacet
  facet normal 0.998432 0.0559867 0
    outer loop
      vertex 15.3673 -0.835983 1.2
      vertex 15.3765 -1.00005 2.1
      vertex 15.3765 -1.00005 1.2
    endloop
  endfacet
  facet normal 0.999849 0.0173856 0
    outer loop
      vertex 15.3673 -0.835983 2.1
      vertex 15.3643 -0.663452 1.2
      vertex 15.3643 -0.663452 2.1
    endloop
  endfacet
  facet normal 0.999849 0.0173856 0
    outer loop
      vertex 15.3643 -0.663452 1.2
      vertex 15.3673 -0.835983 2.1
      vertex 15.3673 -0.835983 1.2
    endloop
  endfacet
  facet normal 0.999327 -0.0366893 0
    outer loop
      vertex 15.3643 -0.663452 2.1
      vertex 15.3768 -0.322983 1.2
      vertex 15.3768 -0.322983 2.1
    endloop
  endfacet
  facet normal 0.999327 -0.0366893 0
    outer loop
      vertex 15.3768 -0.322983 1.2
      vertex 15.3643 -0.663452 2.1
      vertex 15.3643 -0.663452 1.2
    endloop
  endfacet
  facet normal 0.992508 -0.122179 0
    outer loop
      vertex 15.3768 -0.322983 2.1
      vertex 15.4143 -0.0183563 1.2
      vertex 15.4143 -0.0183563 2.1
    endloop
  endfacet
  facet normal 0.992508 -0.122179 0
    outer loop
      vertex 15.4143 -0.0183563 1.2
      vertex 15.3768 -0.322983 2.1
      vertex 15.3768 -0.322983 1.2
    endloop
  endfacet
  facet normal 0.974011 -0.226499 0
    outer loop
      vertex 15.4143 -0.0183563 2.1
      vertex 15.4768 0.250412 1.2
      vertex 15.4768 0.250412 2.1
    endloop
  endfacet
  facet normal 0.974011 -0.226499 0
    outer loop
      vertex 15.4768 0.250412 1.2
      vertex 15.4143 -0.0183563 2.1
      vertex 15.4143 -0.0183563 1.2
    endloop
  endfacet
  facet normal 0.936142 -0.351622 0
    outer loop
      vertex 15.4768 0.250412 2.1
      vertex 15.5643 0.483368 1.2
      vertex 15.5643 0.483368 2.1
    endloop
  endfacet
  facet normal 0.936142 -0.351622 0
    outer loop
      vertex 15.5643 0.483368 1.2
      vertex 15.4768 0.250412 2.1
      vertex 15.4768 0.250412 1.2
    endloop
  endfacet
  facet normal 0.868501 -0.495687 0
    outer loop
      vertex 15.5643 0.483368 2.1
      vertex 15.6768 0.680481 1.2
      vertex 15.6768 0.680481 2.1
    endloop
  endfacet
  facet normal 0.868501 -0.495687 0
    outer loop
      vertex 15.6768 0.680481 1.2
      vertex 15.5643 0.483368 2.1
      vertex 15.5643 0.483368 1.2
    endloop
  endfacet
  facet normal 0.760959 -0.6488 0
    outer loop
      vertex 15.6768 0.680481 2.1
      vertex 15.8143 0.841751 1.2
      vertex 15.8143 0.841751 2.1
    endloop
  endfacet
  facet normal 0.760959 -0.6488 0
    outer loop
      vertex 15.8143 0.841751 1.2
      vertex 15.6768 0.680481 2.1
      vertex 15.6768 0.680481 1.2
    endloop
  endfacet
  facet normal 0.611066 -0.79158 0
    outer loop
      vertex 15.8143 0.841751 1.2
      vertex 15.9768 0.967194 2.1
      vertex 15.8143 0.841751 2.1
    endloop
  endfacet
  facet normal 0.611066 -0.79158 0
    outer loop
      vertex 15.9768 0.967194 2.1
      vertex 15.8143 0.841751 1.2
      vertex 15.9768 0.967194 1.2
    endloop
  endfacet
  facet normal 0.431338 -0.902191 0
    outer loop
      vertex 15.9768 0.967194 1.2
      vertex 16.1642 1.05679 2.1
      vertex 15.9768 0.967194 2.1
    endloop
  endfacet
  facet normal 0.431338 -0.902191 0
    outer loop
      vertex 16.1642 1.05679 2.1
      vertex 15.9768 0.967194 1.2
      vertex 16.1642 1.05679 1.2
    endloop
  endfacet
  facet normal 0.245261 -0.969457 0
    outer loop
      vertex 16.1642 1.05679 1.2
      vertex 16.3767 1.11055 2.1
      vertex 16.1642 1.05679 2.1
    endloop
  endfacet
  facet normal 0.245261 -0.969457 0
    outer loop
      vertex 16.3767 1.11055 2.1
      vertex 16.1642 1.05679 1.2
      vertex 16.3767 1.11055 1.2
    endloop
  endfacet
  facet normal 0.075197 -0.997169 0
    outer loop
      vertex 16.3767 1.11055 1.2
      vertex 16.6142 1.12846 2.1
      vertex 16.3767 1.11055 2.1
    endloop
  endfacet
  facet normal 0.075197 -0.997169 0
    outer loop
      vertex 16.6142 1.12846 2.1
      vertex 16.3767 1.11055 1.2
      vertex 16.6142 1.12846 1.2
    endloop
  endfacet
  facet normal -0.0370375 -0.999314 0
    outer loop
      vertex 16.6142 1.12846 1.2
      vertex 16.7286 1.12422 2.1
      vertex 16.6142 1.12846 2.1
    endloop
  endfacet
  facet normal -0.0370375 -0.999314 -0
    outer loop
      vertex 16.7286 1.12422 2.1
      vertex 16.6142 1.12846 1.2
      vertex 16.7286 1.12422 1.2
    endloop
  endfacet
  facet normal -0.116301 -0.993214 0
    outer loop
      vertex 16.7286 1.12422 1.2
      vertex 16.8374 1.11148 2.1
      vertex 16.7286 1.12422 2.1
    endloop
  endfacet
  facet normal -0.116301 -0.993214 -0
    outer loop
      vertex 16.8374 1.11148 2.1
      vertex 16.7286 1.12422 1.2
      vertex 16.8374 1.11148 1.2
    endloop
  endfacet
  facet normal -0.201401 -0.979509 0
    outer loop
      vertex 16.8374 1.11148 1.2
      vertex 16.9407 1.09024 2.1
      vertex 16.8374 1.11148 2.1
    endloop
  endfacet
  facet normal -0.201401 -0.979509 -0
    outer loop
      vertex 16.9407 1.09024 2.1
      vertex 16.8374 1.11148 1.2
      vertex 16.9407 1.09024 1.2
    endloop
  endfacet
  facet normal -0.291208 -0.95666 0
    outer loop
      vertex 16.9407 1.09024 1.2
      vertex 17.0384 1.0605 2.1
      vertex 16.9407 1.09024 2.1
    endloop
  endfacet
  facet normal -0.291208 -0.95666 -0
    outer loop
      vertex 17.0384 1.0605 2.1
      vertex 16.9407 1.09024 1.2
      vertex 17.0384 1.0605 1.2
    endloop
  endfacet
  facet normal -0.383462 -0.923557 0
    outer loop
      vertex 17.0384 1.0605 1.2
      vertex 17.1305 1.02226 2.1
      vertex 17.0384 1.0605 2.1
    endloop
  endfacet
  facet normal -0.383462 -0.923557 -0
    outer loop
      vertex 17.1305 1.02226 2.1
      vertex 17.0384 1.0605 1.2
      vertex 17.1305 1.02226 1.2
    endloop
  endfacet
  facet normal -0.474803 -0.880092 0
    outer loop
      vertex 17.1305 1.02226 1.2
      vertex 17.2171 0.97554 2.1
      vertex 17.1305 1.02226 2.1
    endloop
  endfacet
  facet normal -0.474803 -0.880092 -0
    outer loop
      vertex 17.2171 0.97554 2.1
      vertex 17.1305 1.02226 1.2
      vertex 17.2171 0.97554 1.2
    endloop
  endfacet
  facet normal -0.563293 -0.826257 0
    outer loop
      vertex 17.2171 0.97554 1.2
      vertex 17.2981 0.920319 2.1
      vertex 17.2171 0.97554 2.1
    endloop
  endfacet
  facet normal -0.563293 -0.826257 -0
    outer loop
      vertex 17.2981 0.920319 2.1
      vertex 17.2171 0.97554 1.2
      vertex 17.2981 0.920319 1.2
    endloop
  endfacet
  facet normal -0.645476 -0.763781 0
    outer loop
      vertex 17.2981 0.920319 1.2
      vertex 17.3735 0.856598 2.1
      vertex 17.2981 0.920319 2.1
    endloop
  endfacet
  facet normal -0.645476 -0.763781 -0
    outer loop
      vertex 17.3735 0.856598 2.1
      vertex 17.2981 0.920319 1.2
      vertex 17.3735 0.856598 1.2
    endloop
  endfacet
  facet normal -0.718554 -0.695471 0
    outer loop
      vertex 17.4434 0.784378 1.2
      vertex 17.3735 0.856598 2.1
      vertex 17.3735 0.856598 1.2
    endloop
  endfacet
  facet normal -0.718554 -0.695471 0
    outer loop
      vertex 17.3735 0.856598 2.1
      vertex 17.4434 0.784378 1.2
      vertex 17.4434 0.784378 2.1
    endloop
  endfacet
  facet normal -0.782168 -0.623068 0
    outer loop
      vertex 17.5077 0.703659 1.2
      vertex 17.4434 0.784378 2.1
      vertex 17.4434 0.784378 1.2
    endloop
  endfacet
  facet normal -0.782168 -0.623068 0
    outer loop
      vertex 17.4434 0.784378 2.1
      vertex 17.5077 0.703659 1.2
      vertex 17.5077 0.703659 2.1
    endloop
  endfacet
  facet normal -0.839239 -0.543763 0
    outer loop
      vertex 17.5661 0.613525 1.2
      vertex 17.5077 0.703659 2.1
      vertex 17.5077 0.703659 1.2
    endloop
  endfacet
  facet normal -0.839239 -0.543763 0
    outer loop
      vertex 17.5077 0.703659 2.1
      vertex 17.5661 0.613525 1.2
      vertex 17.5661 0.613525 2.1
    endloop
  endfacet
  facet normal -0.887033 -0.461707 0
    outer loop
      vertex 17.6184 0.513046 1.2
      vertex 17.5661 0.613525 2.1
      vertex 17.5661 0.613525 1.2
    endloop
  endfacet
  facet normal -0.887033 -0.461707 0
    outer loop
      vertex 17.5661 0.613525 2.1
      vertex 17.6184 0.513046 1.2
      vertex 17.6184 0.513046 2.1
    endloop
  endfacet
  facet normal -0.923028 -0.384734 0
    outer loop
      vertex 17.6646 0.402206 1.2
      vertex 17.6184 0.513046 2.1
      vertex 17.6184 0.513046 1.2
    endloop
  endfacet
  facet normal -0.923028 -0.384734 0
    outer loop
      vertex 17.6184 0.513046 2.1
      vertex 17.6646 0.402206 1.2
      vertex 17.6646 0.402206 2.1
    endloop
  endfacet
  facet normal -0.949608 -0.313441 0
    outer loop
      vertex 17.7046 0.281021 1.2
      vertex 17.6646 0.402206 2.1
      vertex 17.6646 0.402206 1.2
    endloop
  endfacet
  facet normal -0.949608 -0.313441 0
    outer loop
      vertex 17.6646 0.402206 2.1
      vertex 17.7046 0.281021 1.2
      vertex 17.7046 0.281021 2.1
    endloop
  endfacet
  facet normal -0.968539 -0.248861 0
    outer loop
      vertex 17.7384 0.149475 1.2
      vertex 17.7046 0.281021 2.1
      vertex 17.7046 0.281021 1.2
    endloop
  endfacet
  facet normal -0.968539 -0.248861 0
    outer loop
      vertex 17.7046 0.281021 2.1
      vertex 17.7384 0.149475 1.2
      vertex 17.7384 0.149475 2.1
    endloop
  endfacet
  facet normal -0.981469 -0.191623 0
    outer loop
      vertex 17.7661 0.00759888 1.2
      vertex 17.7384 0.149475 2.1
      vertex 17.7384 0.149475 1.2
    endloop
  endfacet
  facet normal -0.981469 -0.191623 0
    outer loop
      vertex 17.7384 0.149475 2.1
      vertex 17.7661 0.00759888 1.2
      vertex 17.7661 0.00759888 2.1
    endloop
  endfacet
  facet normal -0.990174 -0.13984 0
    outer loop
      vertex 17.7876 -0.144638 1.2
      vertex 17.7661 0.00759888 2.1
      vertex 17.7661 0.00759888 1.2
    endloop
  endfacet
  facet normal -0.990174 -0.13984 0
    outer loop
      vertex 17.7661 0.00759888 2.1
      vertex 17.7876 -0.144638 1.2
      vertex 17.7876 -0.144638 2.1
    endloop
  endfacet
  facet normal -0.995544 -0.0942993 0
    outer loop
      vertex 17.803 -0.30722 1.2
      vertex 17.7876 -0.144638 2.1
      vertex 17.7876 -0.144638 1.2
    endloop
  endfacet
  facet normal -0.995544 -0.0942993 0
    outer loop
      vertex 17.7876 -0.144638 2.1
      vertex 17.803 -0.30722 1.2
      vertex 17.803 -0.30722 2.1
    endloop
  endfacet
  facet normal -0.998588 -0.0531213 0
    outer loop
      vertex 17.8122 -0.480164 1.2
      vertex 17.803 -0.30722 2.1
      vertex 17.803 -0.30722 1.2
    endloop
  endfacet
  facet normal -0.998588 -0.0531213 0
    outer loop
      vertex 17.803 -0.30722 2.1
      vertex 17.8122 -0.480164 1.2
      vertex 17.8122 -0.480164 2.1
    endloop
  endfacet
  facet normal -0.999857 -0.0169109 0
    outer loop
      vertex 17.8153 -0.663452 1.2
      vertex 17.8122 -0.480164 2.1
      vertex 17.8122 -0.480164 1.2
    endloop
  endfacet
  facet normal -0.999857 -0.0169109 0
    outer loop
      vertex 17.8122 -0.480164 2.1
      vertex 17.8153 -0.663452 1.2
      vertex 17.8153 -0.663452 2.1
    endloop
  endfacet
  facet normal -0.999327 0.0366856 0
    outer loop
      vertex 17.8027 -1.00668 1.2
      vertex 17.8153 -0.663452 2.1
      vertex 17.8153 -0.663452 1.2
    endloop
  endfacet
  facet normal -0.999327 0.0366856 0
    outer loop
      vertex 17.8153 -0.663452 2.1
      vertex 17.8027 -1.00668 1.2
      vertex 17.8027 -1.00668 2.1
    endloop
  endfacet
  facet normal -0.992431 0.122802 0
    outer loop
      vertex 17.7647 -1.31378 1.2
      vertex 17.8027 -1.00668 2.1
      vertex 17.8027 -1.00668 1.2
    endloop
  endfacet
  facet normal -0.992431 0.122802 0
    outer loop
      vertex 17.8027 -1.00668 2.1
      vertex 17.7647 -1.31378 1.2
      vertex 17.7647 -1.31378 2.1
    endloop
  endfacet
  facet normal -0.973864 0.227132 0
    outer loop
      vertex 17.7015 -1.58476 1.2
      vertex 17.7647 -1.31378 2.1
      vertex 17.7647 -1.31378 1.2
    endloop
  endfacet
  facet normal -0.973864 0.227132 0
    outer loop
      vertex 17.7647 -1.31378 2.1
      vertex 17.7015 -1.58476 1.2
      vertex 17.7015 -1.58476 2.1
    endloop
  endfacet
  facet normal -0.935758 0.352643 0
    outer loop
      vertex 17.613 -1.8196 1.2
      vertex 17.7015 -1.58476 2.1
      vertex 17.7015 -1.58476 1.2
    endloop
  endfacet
  facet normal -0.935758 0.352643 0
    outer loop
      vertex 17.7015 -1.58476 2.1
      vertex 17.613 -1.8196 1.2
      vertex 17.613 -1.8196 2.1
    endloop
  endfacet
  facet normal -0.86777 0.496966 0
    outer loop
      vertex 17.4992 -2.01831 1.2
      vertex 17.613 -1.8196 2.1
      vertex 17.613 -1.8196 1.2
    endloop
  endfacet
  facet normal -0.86777 0.496966 0
    outer loop
      vertex 17.613 -1.8196 2.1
      vertex 17.4992 -2.01831 1.2
      vertex 17.4992 -2.01831 2.1
    endloop
  endfacet
  facet normal -0.759844 0.650106 0
    outer loop
      vertex 17.3601 -2.18089 1.2
      vertex 17.4992 -2.01831 2.1
      vertex 17.4992 -2.01831 1.2
    endloop
  endfacet
  facet normal -0.759844 0.650106 0
    outer loop
      vertex 17.4992 -2.01831 2.1
      vertex 17.3601 -2.18089 1.2
      vertex 17.3601 -2.18089 2.1
    endloop
  endfacet
  facet normal -0.609736 0.792604 0
    outer loop
      vertex 17.3601 -2.18089 1.2
      vertex 17.1957 -2.30736 2.1
      vertex 17.3601 -2.18089 2.1
    endloop
  endfacet
  facet normal -0.609736 0.792604 0
    outer loop
      vertex 17.1957 -2.30736 2.1
      vertex 17.3601 -2.18089 1.2
      vertex 17.1957 -2.30736 1.2
    endloop
  endfacet
  facet normal -0.429843 0.902904 0
    outer loop
      vertex 17.1957 -2.30736 1.2
      vertex 17.006 -2.39767 2.1
      vertex 17.1957 -2.30736 2.1
    endloop
  endfacet
  facet normal -0.429843 0.902904 0
    outer loop
      vertex 17.006 -2.39767 2.1
      vertex 17.1957 -2.30736 1.2
      vertex 17.006 -2.39767 1.2
    endloop
  endfacet
  facet normal -0.244445 0.969663 0
    outer loop
      vertex 17.006 -2.39767 1.2
      vertex 16.791 -2.45187 2.1
      vertex 17.006 -2.39767 2.1
    endloop
  endfacet
  facet normal -0.244445 0.969663 0
    outer loop
      vertex 16.791 -2.45187 2.1
      vertex 17.006 -2.39767 1.2
      vertex 16.791 -2.45187 1.2
    endloop
  endfacet
  facet normal -0.074986 0.997185 0
    outer loop
      vertex 16.791 -2.45187 1.2
      vertex 16.5507 -2.46994 2.1
      vertex 16.791 -2.45187 2.1
    endloop
  endfacet
  facet normal -0.074986 0.997185 0
    outer loop
      vertex 16.5507 -2.46994 2.1
      vertex 16.791 -2.45187 1.2
      vertex 16.5507 -2.46994 1.2
    endloop
  endfacet
  facet normal 0.0410321 0.999158 -0
    outer loop
      vertex 16.5507 -2.46994 1.2
      vertex 16.4382 -2.46532 2.1
      vertex 16.5507 -2.46994 2.1
    endloop
  endfacet
  facet normal 0.0410321 0.999158 0
    outer loop
      vertex 16.4382 -2.46532 2.1
      vertex 16.5507 -2.46994 1.2
      vertex 16.4382 -2.46532 1.2
    endloop
  endfacet
  facet normal 0.138019 -0.99043 0
    outer loop
      vertex 28.6571 -3.39302 1.2
      vertex 28.9661 -3.34996 2.1
      vertex 28.6571 -3.39302 2.1
    endloop
  endfacet
  facet normal 0.138019 -0.99043 0
    outer loop
      vertex 28.9661 -3.34996 2.1
      vertex 28.6571 -3.39302 1.2
      vertex 28.9661 -3.34996 1.2
    endloop
  endfacet
  facet normal 0.243509 -0.969899 0
    outer loop
      vertex 28.9661 -3.34996 1.2
      vertex 29.252 -3.27818 2.1
      vertex 28.9661 -3.34996 2.1
    endloop
  endfacet
  facet normal 0.243509 -0.969899 0
    outer loop
      vertex 29.252 -3.27818 2.1
      vertex 28.9661 -3.34996 1.2
      vertex 29.252 -3.27818 1.2
    endloop
  endfacet
  facet normal 0.357249 -0.934009 0
    outer loop
      vertex 29.252 -3.27818 1.2
      vertex 29.5147 -3.1777 2.1
      vertex 29.252 -3.27818 2.1
    endloop
  endfacet
  facet normal 0.357249 -0.934009 0
    outer loop
      vertex 29.5147 -3.1777 2.1
      vertex 29.252 -3.27818 1.2
      vertex 29.5147 -3.1777 1.2
    endloop
  endfacet
  facet normal 0.474597 -0.880203 0
    outer loop
      vertex 29.5147 -3.1777 1.2
      vertex 29.7543 -3.04851 2.1
      vertex 29.5147 -3.1777 2.1
    endloop
  endfacet
  facet normal 0.474597 -0.880203 0
    outer loop
      vertex 29.7543 -3.04851 2.1
      vertex 29.5147 -3.1777 1.2
      vertex 29.7543 -3.04851 1.2
    endloop
  endfacet
  facet normal 0.589258 -0.807945 0
    outer loop
      vertex 29.7543 -3.04851 1.2
      vertex 29.9708 -2.89061 2.1
      vertex 29.7543 -3.04851 2.1
    endloop
  endfacet
  facet normal 0.589258 -0.807945 0
    outer loop
      vertex 29.9708 -2.89061 2.1
      vertex 29.7543 -3.04851 1.2
      vertex 29.9708 -2.89061 1.2
    endloop
  endfacet
  facet normal 0.694567 -0.719428 0
    outer loop
      vertex 29.9708 -2.89061 1.2
      vertex 30.1641 -2.70399 2.1
      vertex 29.9708 -2.89061 2.1
    endloop
  endfacet
  facet normal 0.694567 -0.719428 0
    outer loop
      vertex 30.1641 -2.70399 2.1
      vertex 29.9708 -2.89061 1.2
      vertex 30.1641 -2.70399 1.2
    endloop
  endfacet
  facet normal 0.784673 -0.61991 0
    outer loop
      vertex 30.1641 -2.70399 2.1
      vertex 30.3342 -2.48868 1.2
      vertex 30.3342 -2.48868 2.1
    endloop
  endfacet
  facet normal 0.784673 -0.61991 0
    outer loop
      vertex 30.3342 -2.48868 1.2
      vertex 30.1641 -2.70399 2.1
      vertex 30.1641 -2.70399 1.2
    endloop
  endfacet
  facet normal 0.8566 -0.515982 0
    outer loop
      vertex 30.3342 -2.48868 2.1
      vertex 30.4812 -2.24464 1.2
      vertex 30.4812 -2.24464 2.1
    endloop
  endfacet
  facet normal 0.8566 -0.515982 0
    outer loop
      vertex 30.4812 -2.24464 1.2
      vertex 30.3342 -2.48868 2.1
      vertex 30.3342 -2.48868 1.2
    endloop
  endfacet
  facet normal 0.910452 -0.413614 0
    outer loop
      vertex 30.4812 -2.24464 2.1
      vertex 30.6051 -1.97191 1.2
      vertex 30.6051 -1.97191 2.1
    endloop
  endfacet
  facet normal 0.910452 -0.413614 0
    outer loop
      vertex 30.6051 -1.97191 1.2
      vertex 30.4812 -2.24464 2.1
      vertex 30.4812 -2.24464 1.2
    endloop
  endfacet
  facet normal 0.0864286 0.996258 -0
    outer loop
      vertex 30.6051 -1.97191 1.2
      vertex 29.3112 -1.85966 2.1
      vertex 30.6051 -1.97191 2.1
    endloop
  endfacet
  facet normal 0.0864286 0.996258 0
    outer loop
      vertex 29.3112 -1.85966 2.1
      vertex 30.6051 -1.97191 1.2
      vertex 29.3112 -1.85966 1.2
    endloop
  endfacet
  facet normal -0.940078 0.340961 0
    outer loop
      vertex 29.2678 -1.97932 1.2
      vertex 29.3112 -1.85966 2.1
      vertex 29.3112 -1.85966 1.2
    endloop
  endfacet
  facet normal -0.940078 0.340961 0
    outer loop
      vertex 29.3112 -1.85966 2.1
      vertex 29.2678 -1.97932 1.2
      vertex 29.2678 -1.97932 2.1
    endloop
  endfacet
  facet normal -0.892183 0.451675 0
    outer loop
      vertex 29.2136 -2.08638 1.2
      vertex 29.2678 -1.97932 2.1
      vertex 29.2678 -1.97932 1.2
    endloop
  endfacet
  facet normal -0.892183 0.451675 0
    outer loop
      vertex 29.2678 -1.97932 2.1
      vertex 29.2136 -2.08638 1.2
      vertex 29.2136 -2.08638 2.1
    endloop
  endfacet
  facet normal -0.824238 0.566244 0
    outer loop
      vertex 29.1487 -2.18085 1.2
      vertex 29.2136 -2.08638 2.1
      vertex 29.2136 -2.08638 1.2
    endloop
  endfacet
  facet normal -0.824238 0.566244 0
    outer loop
      vertex 29.2136 -2.08638 2.1
      vertex 29.1487 -2.18085 1.2
      vertex 29.1487 -2.18085 2.1
    endloop
  endfacet
  facet normal -0.734274 0.678853 0
    outer loop
      vertex 29.073 -2.26273 1.2
      vertex 29.1487 -2.18085 2.1
      vertex 29.1487 -2.18085 1.2
    endloop
  endfacet
  facet normal -0.734274 0.678853 0
    outer loop
      vertex 29.1487 -2.18085 2.1
      vertex 29.073 -2.26273 1.2
      vertex 29.073 -2.26273 2.1
    endloop
  endfacet
  facet normal -0.625521 0.780208 0
    outer loop
      vertex 29.073 -2.26273 1.2
      vertex 28.9866 -2.332 2.1
      vertex 29.073 -2.26273 2.1
    endloop
  endfacet
  facet normal -0.625521 0.780208 0
    outer loop
      vertex 28.9866 -2.332 2.1
      vertex 29.073 -2.26273 1.2
      vertex 28.9866 -2.332 1.2
    endloop
  endfacet
  facet normal -0.503805 0.863818 0
    outer loop
      vertex 28.9866 -2.332 1.2
      vertex 28.8894 -2.38869 2.1
      vertex 28.9866 -2.332 2.1
    endloop
  endfacet
  facet normal -0.503805 0.863818 0
    outer loop
      vertex 28.8894 -2.38869 2.1
      vertex 28.9866 -2.332 1.2
      vertex 28.8894 -2.38869 1.2
    endloop
  endfacet
  facet normal -0.378185 0.92573 0
    outer loop
      vertex 28.8894 -2.38869 1.2
      vertex 28.7815 -2.43277 2.1
      vertex 28.8894 -2.38869 2.1
    endloop
  endfacet
  facet normal -0.378185 0.92573 0
    outer loop
      vertex 28.7815 -2.43277 2.1
      vertex 28.8894 -2.38869 1.2
      vertex 28.7815 -2.43277 1.2
    endloop
  endfacet
  facet normal -0.256547 0.966532 0
    outer loop
      vertex 28.7815 -2.43277 1.2
      vertex 28.6629 -2.46425 2.1
      vertex 28.7815 -2.43277 2.1
    endloop
  endfacet
  facet normal -0.256547 0.966532 0
    outer loop
      vertex 28.6629 -2.46425 2.1
      vertex 28.7815 -2.43277 1.2
      vertex 28.6629 -2.46425 1.2
    endloop
  endfacet
  facet normal -0.144525 0.989501 0
    outer loop
      vertex 28.6629 -2.46425 1.2
      vertex 28.5335 -2.48315 2.1
      vertex 28.6629 -2.46425 2.1
    endloop
  endfacet
  facet normal -0.144525 0.989501 0
    outer loop
      vertex 28.5335 -2.48315 2.1
      vertex 28.6629 -2.46425 1.2
      vertex 28.5335 -2.48315 1.2
    endloop
  endfacet
  facet normal -0.0448513 0.998994 0
    outer loop
      vertex 28.5335 -2.48315 1.2
      vertex 28.3934 -2.48944 2.1
      vertex 28.5335 -2.48315 2.1
    endloop
  endfacet
  facet normal -0.0448513 0.998994 0
    outer loop
      vertex 28.3934 -2.48944 2.1
      vertex 28.5335 -2.48315 1.2
      vertex 28.3934 -2.48944 1.2
    endloop
  endfacet
  facet normal 0.0379939 0.999278 -0
    outer loop
      vertex 28.3934 -2.48944 1.2
      vertex 28.2903 -2.48552 2.1
      vertex 28.3934 -2.48944 2.1
    endloop
  endfacet
  facet normal 0.0379939 0.999278 0
    outer loop
      vertex 28.2903 -2.48552 2.1
      vertex 28.3934 -2.48944 1.2
      vertex 28.2903 -2.48552 1.2
    endloop
  endfacet
  facet normal 0.119305 0.992858 -0
    outer loop
      vertex 28.2903 -2.48552 1.2
      vertex 28.1921 -2.47372 2.1
      vertex 28.2903 -2.48552 2.1
    endloop
  endfacet
  facet normal 0.119305 0.992858 0
    outer loop
      vertex 28.1921 -2.47372 2.1
      vertex 28.2903 -2.48552 1.2
      vertex 28.1921 -2.47372 1.2
    endloop
  endfacet
  facet normal 0.205878 0.978578 -0
    outer loop
      vertex 28.1921 -2.47372 1.2
      vertex 28.0987 -2.45407 2.1
      vertex 28.1921 -2.47372 2.1
    endloop
  endfacet
  facet normal 0.205878 0.978578 0
    outer loop
      vertex 28.0987 -2.45407 2.1
      vertex 28.1921 -2.47372 1.2
      vertex 28.0987 -2.45407 1.2
    endloop
  endfacet
  facet normal 0.296739 0.954959 -0
    outer loop
      vertex 28.0987 -2.45407 1.2
      vertex 28.0102 -2.42657 2.1
      vertex 28.0987 -2.45407 2.1
    endloop
  endfacet
  facet normal 0.296739 0.954959 0
    outer loop
      vertex 28.0102 -2.42657 2.1
      vertex 28.0987 -2.45407 1.2
      vertex 28.0102 -2.42657 1.2
    endloop
  endfacet
  facet normal 0.389252 0.921131 -0
    outer loop
      vertex 28.0102 -2.42657 1.2
      vertex 27.9265 -2.3912 2.1
      vertex 28.0102 -2.42657 2.1
    endloop
  endfacet
  facet normal 0.389252 0.921131 0
    outer loop
      vertex 27.9265 -2.3912 2.1
      vertex 28.0102 -2.42657 1.2
      vertex 27.9265 -2.3912 1.2
    endloop
  endfacet
  facet normal 0.480425 0.877036 -0
    outer loop
      vertex 27.9265 -2.3912 1.2
      vertex 27.8476 -2.34798 2.1
      vertex 27.9265 -2.3912 2.1
    endloop
  endfacet
  facet normal 0.480425 0.877036 0
    outer loop
      vertex 27.8476 -2.34798 2.1
      vertex 27.9265 -2.3912 1.2
      vertex 27.8476 -2.34798 1.2
    endloop
  endfacet
  facet normal 0.567632 0.823283 -0
    outer loop
      vertex 27.8476 -2.34798 1.2
      vertex 27.7735 -2.29689 2.1
      vertex 27.8476 -2.34798 2.1
    endloop
  endfacet
  facet normal 0.567632 0.823283 0
    outer loop
      vertex 27.7735 -2.29689 2.1
      vertex 27.8476 -2.34798 1.2
      vertex 27.7735 -2.29689 1.2
    endloop
  endfacet
  facet normal 0.648415 0.761287 -0
    outer loop
      vertex 27.7735 -2.29689 1.2
      vertex 27.7043 -2.23795 2.1
      vertex 27.7735 -2.29689 2.1
    endloop
  endfacet
  facet normal 0.648415 0.761287 0
    outer loop
      vertex 27.7043 -2.23795 2.1
      vertex 27.7735 -2.29689 1.2
      vertex 27.7043 -2.23795 1.2
    endloop
  endfacet
  facet normal 0.720512 0.693443 0
    outer loop
      vertex 27.7043 -2.23795 2.1
      vertex 27.64 -2.17114 1.2
      vertex 27.64 -2.17114 2.1
    endloop
  endfacet
  facet normal 0.720512 0.693443 0
    outer loop
      vertex 27.64 -2.17114 1.2
      vertex 27.7043 -2.23795 2.1
      vertex 27.7043 -2.23795 1.2
    endloop
  endfacet
  facet normal 0.781563 0.623827 0
    outer loop
      vertex 27.64 -2.17114 2.1
      vertex 27.5804 -2.09647 1.2
      vertex 27.5804 -2.09647 2.1
    endloop
  endfacet
  facet normal 0.781563 0.623827 0
    outer loop
      vertex 27.5804 -2.09647 1.2
      vertex 27.64 -2.17114 2.1
      vertex 27.64 -2.17114 1.2
    endloop
  endfacet
  facet normal 0.83497 0.550296 0
    outer loop
      vertex 27.5804 -2.09647 2.1
      vertex 27.5261 -2.01408 1.2
      vertex 27.5261 -2.01408 2.1
    endloop
  endfacet
  facet normal 0.83497 0.550296 0
    outer loop
      vertex 27.5261 -2.01408 1.2
      vertex 27.5804 -2.09647 2.1
      vertex 27.5804 -2.09647 1.2
    endloop
  endfacet
  facet normal 0.880226 0.474555 0
    outer loop
      vertex 27.5261 -2.01408 2.1
      vertex 27.4776 -1.92412 1.2
      vertex 27.4776 -1.92412 2.1
    endloop
  endfacet
  facet normal 0.880226 0.474555 0
    outer loop
      vertex 27.4776 -1.92412 1.2
      vertex 27.5261 -2.01408 2.1
      vertex 27.5261 -2.01408 1.2
    endloop
  endfacet
  facet normal 0.915376 0.4026 0
    outer loop
      vertex 27.4776 -1.92412 2.1
      vertex 27.4347 -1.82658 1.2
      vertex 27.4347 -1.82658 2.1
    endloop
  endfacet
  facet normal 0.915376 0.4026 0
    outer loop
      vertex 27.4347 -1.82658 1.2
      vertex 27.4776 -1.92412 2.1
      vertex 27.4776 -1.92412 1.2
    endloop
  endfacet
  facet normal 0.942974 0.332867 0
    outer loop
      vertex 27.4347 -1.82658 2.1
      vertex 27.3976 -1.72148 1.2
      vertex 27.3976 -1.72148 2.1
    endloop
  endfacet
  facet normal 0.942974 0.332867 0
    outer loop
      vertex 27.3976 -1.72148 1.2
      vertex 27.4347 -1.82658 2.1
      vertex 27.4347 -1.82658 1.2
    endloop
  endfacet
  facet normal 0.963291 0.26846 0
    outer loop
      vertex 27.3976 -1.72148 2.1
      vertex 27.3662 -1.60881 1.2
      vertex 27.3662 -1.60881 2.1
    endloop
  endfacet
  facet normal 0.963291 0.26846 0
    outer loop
      vertex 27.3662 -1.60881 1.2
      vertex 27.3976 -1.72148 2.1
      vertex 27.3976 -1.72148 1.2
    endloop
  endfacet
  facet normal 0.977912 0.209018 0
    outer loop
      vertex 27.3662 -1.60881 2.1
      vertex 27.3405 -1.48857 1.2
      vertex 27.3405 -1.48857 2.1
    endloop
  endfacet
  facet normal 0.977912 0.209018 0
    outer loop
      vertex 27.3405 -1.48857 1.2
      vertex 27.3662 -1.60881 2.1
      vertex 27.3662 -1.60881 1.2
    endloop
  endfacet
  facet normal 0.987973 0.154625 0
    outer loop
      vertex 27.3405 -1.48857 2.1
      vertex 27.3205 -1.36078 1.2
      vertex 27.3205 -1.36078 2.1
    endloop
  endfacet
  facet normal 0.987973 0.154625 0
    outer loop
      vertex 27.3205 -1.36078 1.2
      vertex 27.3405 -1.48857 2.1
      vertex 27.3405 -1.48857 1.2
    endloop
  endfacet
  facet normal 0.994468 0.105044 0
    outer loop
      vertex 27.3205 -1.36078 2.1
      vertex 27.3062 -1.2254 1.2
      vertex 27.3062 -1.2254 2.1
    endloop
  endfacet
  facet normal 0.994468 0.105044 0
    outer loop
      vertex 27.3062 -1.2254 1.2
      vertex 27.3205 -1.36078 2.1
      vertex 27.3205 -1.36078 1.2
    endloop
  endfacet
  facet normal 0.998195 0.0600565 0
    outer loop
      vertex 27.3062 -1.2254 2.1
      vertex 27.2976 -1.08246 1.2
      vertex 27.2976 -1.08246 2.1
    endloop
  endfacet
  facet normal 0.998195 0.0600565 0
    outer loop
      vertex 27.2976 -1.08246 1.2
      vertex 27.3062 -1.2254 2.1
      vertex 27.3062 -1.2254 1.2
    endloop
  endfacet
  facet normal 0.999827 0.0185997 0
    outer loop
      vertex 27.2976 -1.08246 2.1
      vertex 27.2948 -0.931946 1.2
      vertex 27.2948 -0.931946 2.1
    endloop
  endfacet
  facet normal 0.999827 0.0185997 0
    outer loop
      vertex 27.2948 -0.931946 1.2
      vertex 27.2976 -1.08246 2.1
      vertex 27.2976 -1.08246 1.2
    endloop
  endfacet
  facet normal 0 -1 0
    outer loop
      vertex 27.2948 -0.931946 1.2
      vertex 30.6832 -0.931946 2.1
      vertex 27.2948 -0.931946 2.1
    endloop
  endfacet
  facet normal 0 -1 -0
    outer loop
      vertex 30.6832 -0.931946 2.1
      vertex 27.2948 -0.931946 1.2
      vertex 30.6832 -0.931946 1.2
    endloop
  endfacet
  facet normal 1 -0 0
    outer loop
      vertex 30.6832 -0.931946 2.1
      vertex 30.6832 -0.892914 1.2
      vertex 30.6832 -0.892914 2.1
    endloop
  endfacet
  facet normal 1 0 0
    outer loop
      vertex 30.6832 -0.892914 1.2
      vertex 30.6832 -0.931946 2.1
      vertex 30.6832 -0.931946 1.2
    endloop
  endfacet
  facet normal 0.999777 0.0211234 0
    outer loop
      vertex 30.6832 -0.892914 2.1
      vertex 30.6772 -0.608932 1.2
      vertex 30.6772 -0.608932 2.1
    endloop
  endfacet
  facet normal 0.999777 0.0211234 0
    outer loop
      vertex 30.6772 -0.608932 1.2
      vertex 30.6832 -0.892914 2.1
      vertex 30.6832 -0.892914 1.2
    endloop
  endfacet
  facet normal 0.997785 0.0665256 0
    outer loop
      vertex 30.6772 -0.608932 2.1
      vertex 30.6592 -0.338959 1.2
      vertex 30.6592 -0.338959 2.1
    endloop
  endfacet
  facet normal 0.997785 0.0665256 0
    outer loop
      vertex 30.6592 -0.338959 1.2
      vertex 30.6772 -0.608932 2.1
      vertex 30.6772 -0.608932 1.2
    endloop
  endfacet
  facet normal 0.993202 0.116406 0
    outer loop
      vertex 30.6592 -0.338959 2.1
      vertex 30.6292 -0.0829926 1.2
      vertex 30.6292 -0.0829926 2.1
    endloop
  endfacet
  facet normal 0.993202 0.116406 0
    outer loop
      vertex 30.6292 -0.0829926 1.2
      vertex 30.6592 -0.338959 2.1
      vertex 30.6592 -0.338959 1.2
    endloop
  endfacet
  facet normal 0.985265 0.171036 0
    outer loop
      vertex 30.6292 -0.0829926 2.1
      vertex 30.5872 0.158951 1.2
      vertex 30.5872 0.158951 2.1
    endloop
  endfacet
  facet normal 0.985265 0.171036 0
    outer loop
      vertex 30.5872 0.158951 1.2
      vertex 30.6292 -0.0829926 2.1
      vertex 30.6292 -0.0829926 1.2
    endloop
  endfacet
  facet normal 0.97297 0.230932 0
    outer loop
      vertex 30.5872 0.158951 2.1
      vertex 30.5331 0.386887 1.2
      vertex 30.5331 0.386887 2.1
    endloop
  endfacet
  facet normal 0.97297 0.230932 0
    outer loop
      vertex 30.5331 0.386887 1.2
      vertex 30.5872 0.158951 2.1
      vertex 30.5872 0.158951 1.2
    endloop
  endfacet
  facet normal 0.955432 0.295212 0
    outer loop
      vertex 30.5331 0.386887 2.1
      vertex 30.467 0.600815 1.2
      vertex 30.467 0.600815 2.1
    endloop
  endfacet
  facet normal 0.955432 0.295212 0
    outer loop
      vertex 30.467 0.600815 1.2
      vertex 30.5331 0.386887 2.1
      vertex 30.5331 0.386887 1.2
    endloop
  endfacet
  facet normal 0.931596 0.363495 0
    outer loop
      vertex 30.467 0.600815 2.1
      vertex 30.389 0.80072 1.2
      vertex 30.389 0.80072 2.1
    endloop
  endfacet
  facet normal 0.931596 0.363495 0
    outer loop
      vertex 30.389 0.80072 1.2
      vertex 30.467 0.600815 2.1
      vertex 30.467 0.600815 1.2
    endloop
  endfacet
  facet normal 0.899876 0.436147 0
    outer loop
      vertex 30.389 0.80072 2.1
      vertex 30.2989 0.986618 1.2
      vertex 30.2989 0.986618 2.1
    endloop
  endfacet
  facet normal 0.899876 0.436147 0
    outer loop
      vertex 30.2989 0.986618 1.2
      vertex 30.389 0.80072 2.1
      vertex 30.389 0.80072 1.2
    endloop
  endfacet
  facet normal 0.859769 0.510683 0
    outer loop
      vertex 30.2989 0.986618 2.1
      vertex 30.1968 1.15851 1.2
      vertex 30.1968 1.15851 2.1
    endloop
  endfacet
  facet normal 0.859769 0.510683 0
    outer loop
      vertex 30.1968 1.15851 1.2
      vertex 30.2989 0.986618 2.1
      vertex 30.2989 0.986618 1.2
    endloop
  endfacet
  facet normal 0.810495 0.585745 0
    outer loop
      vertex 30.1968 1.15851 2.1
      vertex 30.0827 1.31639 1.2
      vertex 30.0827 1.31639 2.1
    endloop
  endfacet
  facet normal 0.810495 0.585745 0
    outer loop
      vertex 30.0827 1.31639 1.2
      vertex 30.1968 1.15851 2.1
      vertex 30.1968 1.15851 1.2
    endloop
  endfacet
  facet normal 0.752352 0.658761 0
    outer loop
      vertex 30.0827 1.31639 2.1
      vertex 29.9572 1.45972 1.2
      vertex 29.9572 1.45972 2.1
    endloop
  endfacet
  facet normal 0.752352 0.658761 0
    outer loop
      vertex 29.9572 1.45972 1.2
      vertex 30.0827 1.31639 2.1
      vertex 30.0827 1.31639 1.2
    endloop
  endfacet
  facet normal 0.685483 0.728089 -0
    outer loop
      vertex 29.9572 1.45972 1.2
      vertex 29.821 1.58795 2.1
      vertex 29.9572 1.45972 2.1
    endloop
  endfacet
  facet normal 0.685483 0.728089 0
    outer loop
      vertex 29.821 1.58795 2.1
      vertex 29.9572 1.45972 1.2
      vertex 29.821 1.58795 1.2
    endloop
  endfacet
  facet normal 0.609958 0.792434 -0
    outer loop
      vertex 29.821 1.58795 1.2
      vertex 29.674 1.7011 2.1
      vertex 29.821 1.58795 2.1
    endloop
  endfacet
  facet normal 0.609958 0.792434 0
    outer loop
      vertex 29.674 1.7011 2.1
      vertex 29.821 1.58795 1.2
      vertex 29.674 1.7011 1.2
    endloop
  endfacet
  facet normal 0.528052 0.849212 -0
    outer loop
      vertex 29.674 1.7011 1.2
      vertex 29.5163 1.79916 2.1
      vertex 29.674 1.7011 2.1
    endloop
  endfacet
  facet normal 0.528052 0.849212 0
    outer loop
      vertex 29.5163 1.79916 2.1
      vertex 29.674 1.7011 1.2
      vertex 29.5163 1.79916 1.2
    endloop
  endfacet
  facet normal 0.442007 0.897011 -0
    outer loop
      vertex 29.5163 1.79916 1.2
      vertex 29.3479 1.88214 2.1
      vertex 29.5163 1.79916 2.1
    endloop
  endfacet
  facet normal 0.442007 0.897011 0
    outer loop
      vertex 29.3479 1.88214 2.1
      vertex 29.5163 1.79916 1.2
      vertex 29.3479 1.88214 1.2
    endloop
  endfacet
  facet normal 0.354324 0.935123 -0
    outer loop
      vertex 29.3479 1.88214 1.2
      vertex 29.1687 1.95004 2.1
      vertex 29.3479 1.88214 2.1
    endloop
  endfacet
  facet normal 0.354324 0.935123 0
    outer loop
      vertex 29.1687 1.95004 2.1
      vertex 29.3479 1.88214 1.2
      vertex 29.1687 1.95004 1.2
    endloop
  endfacet
  facet normal 0.267748 0.963489 -0
    outer loop
      vertex 29.1687 1.95004 1.2
      vertex 28.9787 2.00284 2.1
      vertex 29.1687 1.95004 2.1
    endloop
  endfacet
  facet normal 0.267748 0.963489 0
    outer loop
      vertex 28.9787 2.00284 2.1
      vertex 29.1687 1.95004 1.2
      vertex 28.9787 2.00284 1.2
    endloop
  endfacet
  facet normal 0.184708 0.982793 -0
    outer loop
      vertex 28.9787 2.00284 1.2
      vertex 28.778 2.04056 2.1
      vertex 28.9787 2.00284 2.1
    endloop
  endfacet
  facet normal 0.184708 0.982793 0
    outer loop
      vertex 28.778 2.04056 2.1
      vertex 28.9787 2.00284 1.2
      vertex 28.778 2.04056 1.2
    endloop
  endfacet
  facet normal 0.10644 0.994319 -0
    outer loop
      vertex 28.778 2.04056 1.2
      vertex 28.5666 2.06319 2.1
      vertex 28.778 2.04056 2.1
    endloop
  endfacet
  facet normal 0.10644 0.994319 0
    outer loop
      vertex 28.5666 2.06319 2.1
      vertex 28.778 2.04056 1.2
      vertex 28.5666 2.06319 1.2
    endloop
  endfacet
  facet normal 0.0338842 0.999426 -0
    outer loop
      vertex 28.5666 2.06319 1.2
      vertex 28.3445 2.07072 2.1
      vertex 28.5666 2.06319 2.1
    endloop
  endfacet
  facet normal 0.0338842 0.999426 0
    outer loop
      vertex 28.3445 2.07072 2.1
      vertex 28.5666 2.06319 1.2
      vertex 28.3445 2.07072 1.2
    endloop
  endfacet
  facet normal -0.0300851 0.999547 0
    outer loop
      vertex 28.3445 2.07072 1.2
      vertex 28.1116 2.06371 2.1
      vertex 28.3445 2.07072 2.1
    endloop
  endfacet
  facet normal -0.0300851 0.999547 0
    outer loop
      vertex 28.1116 2.06371 2.1
      vertex 28.3445 2.07072 1.2
      vertex 28.1116 2.06371 1.2
    endloop
  endfacet
  facet normal -0.0946631 0.995509 0
    outer loop
      vertex 28.1116 2.06371 1.2
      vertex 27.8896 2.0426 2.1
      vertex 28.1116 2.06371 2.1
    endloop
  endfacet
  facet normal -0.0946631 0.995509 0
    outer loop
      vertex 27.8896 2.0426 2.1
      vertex 28.1116 2.06371 1.2
      vertex 27.8896 2.0426 1.2
    endloop
  endfacet
  facet normal -0.164247 0.986419 0
    outer loop
      vertex 27.8896 2.0426 1.2
      vertex 27.6785 2.00745 2.1
      vertex 27.8896 2.0426 2.1
    endloop
  endfacet
  facet normal -0.164247 0.986419 0
    outer loop
      vertex 27.6785 2.00745 2.1
      vertex 27.8896 2.0426 1.2
      vertex 27.6785 2.00745 1.2
    endloop
  endfacet
  facet normal -0.238474 0.971149 0
    outer loop
      vertex 27.6785 2.00745 1.2
      vertex 27.4781 1.95824 2.1
      vertex 27.6785 2.00745 2.1
    endloop
  endfacet
  facet normal -0.238474 0.971149 0
    outer loop
      vertex 27.4781 1.95824 2.1
      vertex 27.6785 2.00745 1.2
      vertex 27.4781 1.95824 1.2
    endloop
  endfacet
  facet normal -0.316738 0.948513 0
    outer loop
      vertex 27.4781 1.95824 1.2
      vertex 27.2886 1.89496 2.1
      vertex 27.4781 1.95824 2.1
    endloop
  endfacet
  facet normal -0.316738 0.948513 0
    outer loop
      vertex 27.2886 1.89496 2.1
      vertex 27.4781 1.95824 1.2
      vertex 27.2886 1.89496 1.2
    endloop
  endfacet
  facet normal -0.397333 0.917674 0
    outer loop
      vertex 27.2886 1.89496 1.2
      vertex 27.11 1.81763 2.1
      vertex 27.2886 1.89496 2.1
    endloop
  endfacet
  facet normal -0.397333 0.917674 0
    outer loop
      vertex 27.11 1.81763 2.1
      vertex 27.2886 1.89496 1.2
      vertex 27.11 1.81763 1.2
    endloop
  endfacet
  facet normal -0.478339 0.878175 0
    outer loop
      vertex 27.11 1.81763 1.2
      vertex 26.9422 1.72623 2.1
      vertex 27.11 1.81763 2.1
    endloop
  endfacet
  facet normal -0.478339 0.878175 0
    outer loop
      vertex 26.9422 1.72623 2.1
      vertex 27.11 1.81763 1.2
      vertex 26.9422 1.72623 1.2
    endloop
  endfacet
  facet normal -0.557637 0.830085 0
    outer loop
      vertex 26.9422 1.72623 1.2
      vertex 26.7852 1.62076 2.1
      vertex 26.9422 1.72623 2.1
    endloop
  endfacet
  facet normal -0.557637 0.830085 0
    outer loop
      vertex 26.7852 1.62076 2.1
      vertex 26.9422 1.72623 1.2
      vertex 26.7852 1.62076 1.2
    endloop
  endfacet
  facet normal -0.633186 0.774 0
    outer loop
      vertex 26.7852 1.62076 1.2
      vertex 26.6391 1.50124 2.1
      vertex 26.7852 1.62076 2.1
    endloop
  endfacet
  facet normal -0.633186 0.774 0
    outer loop
      vertex 26.6391 1.50124 2.1
      vertex 26.7852 1.62076 1.2
      vertex 26.6391 1.50124 1.2
    endloop
  endfacet
  facet normal -0.702596 0.711589 0
    outer loop
      vertex 26.6391 1.50124 1.2
      vertex 26.5038 1.36765 2.1
      vertex 26.6391 1.50124 2.1
    endloop
  endfacet
  facet normal -0.702596 0.711589 0
    outer loop
      vertex 26.5038 1.36765 2.1
      vertex 26.6391 1.50124 1.2
      vertex 26.5038 1.36765 1.2
    endloop
  endfacet
  facet normal -0.765198 0.643795 0
    outer loop
      vertex 26.3804 1.22098 1.2
      vertex 26.5038 1.36765 2.1
      vertex 26.5038 1.36765 1.2
    endloop
  endfacet
  facet normal -0.765198 0.643795 0
    outer loop
      vertex 26.5038 1.36765 2.1
      vertex 26.3804 1.22098 1.2
      vertex 26.3804 1.22098 2.1
    endloop
  endfacet
  facet normal -0.821023 0.570895 0
    outer loop
      vertex 26.27 1.06221 1.2
      vertex 26.3804 1.22098 2.1
      vertex 26.3804 1.22098 1.2
    endloop
  endfacet
  facet normal -0.821023 0.570895 0
    outer loop
      vertex 26.3804 1.22098 2.1
      vertex 26.27 1.06221 1.2
      vertex 26.27 1.06221 2.1
    endloop
  endfacet
  facet normal -0.868803 0.495158 0
    outer loop
      vertex 26.1726 0.891312 1.2
      vertex 26.27 1.06221 2.1
      vertex 26.27 1.06221 1.2
    endloop
  endfacet
  facet normal -0.868803 0.495158 0
    outer loop
      vertex 26.27 1.06221 2.1
      vertex 26.1726 0.891312 1.2
      vertex 26.1726 0.891312 2.1
    endloop
  endfacet
  facet normal -0.908062 0.418837 0
    outer loop
      vertex 26.0882 0.708328 1.2
      vertex 26.1726 0.891312 2.1
      vertex 26.1726 0.891312 1.2
    endloop
  endfacet
  facet normal -0.908062 0.418837 0
    outer loop
      vertex 26.1726 0.891312 2.1
      vertex 26.0882 0.708328 1.2
      vertex 26.0882 0.708328 2.1
    endloop
  endfacet
  facet normal -0.939088 0.343676 0
    outer loop
      vertex 26.0168 0.513229 1.2
      vertex 26.0882 0.708328 2.1
      vertex 26.0882 0.708328 1.2
    endloop
  endfacet
  facet normal -0.939088 0.343676 0
    outer loop
      vertex 26.0882 0.708328 2.1
      vertex 26.0168 0.513229 1.2
      vertex 26.0168 0.513229 2.1
    endloop
  endfacet
  facet normal -0.962383 0.271697 0
    outer loop
      vertex 25.9583 0.306015 1.2
      vertex 26.0168 0.513229 2.1
      vertex 26.0168 0.513229 1.2
    endloop
  endfacet
  facet normal -0.962383 0.271697 0
    outer loop
      vertex 26.0168 0.513229 2.1
      vertex 25.9583 0.306015 1.2
      vertex 25.9583 0.306015 2.1
    endloop
  endfacet
  facet normal -0.979239 0.202711 0
    outer loop
      vertex 25.9129 0.0867004 1.2
      vertex 25.9583 0.306015 2.1
      vertex 25.9583 0.306015 1.2
    endloop
  endfacet
  facet normal -0.979239 0.202711 0
    outer loop
      vertex 25.9583 0.306015 2.1
      vertex 25.9129 0.0867004 1.2
      vertex 25.9129 0.0867004 2.1
    endloop
  endfacet
  facet normal -0.99028 0.139085 0
    outer loop
      vertex 25.8804 -0.144699 1.2
      vertex 25.9129 0.0867004 2.1
      vertex 25.9129 0.0867004 1.2
    endloop
  endfacet
  facet normal -0.99028 0.139085 0
    outer loop
      vertex 25.9129 0.0867004 2.1
      vertex 25.8804 -0.144699 1.2
      vertex 25.8804 -0.144699 2.1
    endloop
  endfacet
  facet normal -0.99681 0.0798168 0
    outer loop
      vertex 25.8609 -0.388229 1.2
      vertex 25.8804 -0.144699 2.1
      vertex 25.8804 -0.144699 1.2
    endloop
  endfacet
  facet normal -0.99681 0.0798168 0
    outer loop
      vertex 25.8804 -0.144699 2.1
      vertex 25.8609 -0.388229 1.2
      vertex 25.8609 -0.388229 2.1
    endloop
  endfacet
  facet normal -0.999677 0.0254176 0
    outer loop
      vertex 25.8544 -0.643875 1.2
      vertex 25.8609 -0.388229 2.1
      vertex 25.8609 -0.388229 1.2
    endloop
  endfacet
  facet normal -0.999677 0.0254176 0
    outer loop
      vertex 25.8609 -0.388229 2.1
      vertex 25.8544 -0.643875 1.2
      vertex 25.8544 -0.643875 2.1
    endloop
  endfacet
  facet normal -0.999706 -0.0242332 0
    outer loop
      vertex 25.8608 -0.907898 1.2
      vertex 25.8544 -0.643875 2.1
      vertex 25.8544 -0.643875 1.2
    endloop
  endfacet
  facet normal -0.999706 -0.0242332 0
    outer loop
      vertex 25.8544 -0.643875 2.1
      vertex 25.8608 -0.907898 1.2
      vertex 25.8608 -0.907898 2.1
    endloop
  endfacet
  facet normal -0.997089 -0.0762495 0
    outer loop
      vertex 25.88 -1.15897 1.2
      vertex 25.8608 -0.907898 2.1
      vertex 25.8608 -0.907898 1.2
    endloop
  endfacet
  facet normal -0.997089 -0.0762495 0
    outer loop
      vertex 25.8608 -0.907898 2.1
      vertex 25.88 -1.15897 1.2
      vertex 25.88 -1.15897 2.1
    endloop
  endfacet
  facet normal -0.991092 -0.133178 0
    outer loop
      vertex 25.912 -1.39711 1.2
      vertex 25.88 -1.15897 2.1
      vertex 25.88 -1.15897 1.2
    endloop
  endfacet
  facet normal -0.991092 -0.133178 0
    outer loop
      vertex 25.88 -1.15897 2.1
      vertex 25.912 -1.39711 1.2
      vertex 25.912 -1.39711 2.1
    endloop
  endfacet
  facet normal -0.980781 -0.195111 0
    outer loop
      vertex 25.9568 -1.62231 1.2
      vertex 25.912 -1.39711 2.1
      vertex 25.912 -1.39711 1.2
    endloop
  endfacet
  facet normal -0.980781 -0.195111 0
    outer loop
      vertex 25.912 -1.39711 2.1
      vertex 25.9568 -1.62231 1.2
      vertex 25.9568 -1.62231 2.1
    endloop
  endfacet
  facet normal -0.965218 -0.261447 0
    outer loop
      vertex 26.0143 -1.83459 1.2
      vertex 25.9568 -1.62231 2.1
      vertex 25.9568 -1.62231 1.2
    endloop
  endfacet
  facet normal -0.965218 -0.261447 0
    outer loop
      vertex 25.9568 -1.62231 2.1
      vertex 26.0143 -1.83459 1.2
      vertex 26.0143 -1.83459 2.1
    endloop
  endfacet
  facet normal -0.942919 -0.333023 0
    outer loop
      vertex 26.0847 -2.03392 1.2
      vertex 26.0143 -1.83459 2.1
      vertex 26.0143 -1.83459 1.2
    endloop
  endfacet
  facet normal -0.942919 -0.333023 0
    outer loop
      vertex 26.0143 -1.83459 2.1
      vertex 26.0847 -2.03392 1.2
      vertex 26.0847 -2.03392 2.1
    endloop
  endfacet
  facet normal -0.913338 -0.407202 0
    outer loop
      vertex 26.1678 -2.22031 1.2
      vertex 26.0847 -2.03392 2.1
      vertex 26.0847 -2.03392 1.2
    endloop
  endfacet
  facet normal -0.913338 -0.407202 0
    outer loop
      vertex 26.0847 -2.03392 2.1
      vertex 26.1678 -2.22031 1.2
      vertex 26.1678 -2.22031 2.1
    endloop
  endfacet
  facet normal -0.875131 -0.483885 0
    outer loop
      vertex 26.2637 -2.39375 1.2
      vertex 26.1678 -2.22031 2.1
      vertex 26.1678 -2.22031 1.2
    endloop
  endfacet
  facet normal -0.875131 -0.483885 0
    outer loop
      vertex 26.1678 -2.22031 2.1
      vertex 26.2637 -2.39375 1.2
      vertex 26.2637 -2.39375 2.1
    endloop
  endfacet
  facet normal -0.82779 -0.561039 0
    outer loop
      vertex 26.3725 -2.55428 1.2
      vertex 26.2637 -2.39375 2.1
      vertex 26.2637 -2.39375 1.2
    endloop
  endfacet
  facet normal -0.82779 -0.561039 0
    outer loop
      vertex 26.2637 -2.39375 2.1
      vertex 26.3725 -2.55428 1.2
      vertex 26.3725 -2.55428 2.1
    endloop
  endfacet
  facet normal -0.771982 -0.635645 0
    outer loop
      vertex 26.494 -2.70184 1.2
      vertex 26.3725 -2.55428 2.1
      vertex 26.3725 -2.55428 1.2
    endloop
  endfacet
  facet normal -0.771982 -0.635645 0
    outer loop
      vertex 26.3725 -2.55428 2.1
      vertex 26.494 -2.70184 1.2
      vertex 26.494 -2.70184 2.1
    endloop
  endfacet
  facet normal -0.708823 -0.705386 0
    outer loop
      vertex 26.6274 -2.83589 1.2
      vertex 26.494 -2.70184 2.1
      vertex 26.494 -2.70184 1.2
    endloop
  endfacet
  facet normal -0.708823 -0.705386 0
    outer loop
      vertex 26.494 -2.70184 2.1
      vertex 26.6274 -2.83589 1.2
      vertex 26.6274 -2.83589 2.1
    endloop
  endfacet
  facet normal -0.638717 -0.769442 0
    outer loop
      vertex 26.6274 -2.83589 1.2
      vertex 26.7719 -2.95584 2.1
      vertex 26.6274 -2.83589 2.1
    endloop
  endfacet
  facet normal -0.638717 -0.769442 -0
    outer loop
      vertex 26.7719 -2.95584 2.1
      vertex 26.6274 -2.83589 1.2
      vertex 26.7719 -2.95584 1.2
    endloop
  endfacet
  facet normal -0.562601 -0.826729 0
    outer loop
      vertex 26.7719 -2.95584 1.2
      vertex 26.9274 -3.06166 2.1
      vertex 26.7719 -2.95584 2.1
    endloop
  endfacet
  facet normal -0.562601 -0.826729 -0
    outer loop
      vertex 26.9274 -3.06166 2.1
      vertex 26.7719 -2.95584 1.2
      vertex 26.9274 -3.06166 1.2
    endloop
  endfacet
  facet normal -0.482282 -0.876016 0
    outer loop
      vertex 26.9274 -3.06166 1.2
      vertex 27.094 -3.15338 2.1
      vertex 26.9274 -3.06166 2.1
    endloop
  endfacet
  facet normal -0.482282 -0.876016 -0
    outer loop
      vertex 27.094 -3.15338 2.1
      vertex 26.9274 -3.06166 1.2
      vertex 27.094 -3.15338 1.2
    endloop
  endfacet
  facet normal -0.400429 -0.916328 0
    outer loop
      vertex 27.094 -3.15338 1.2
      vertex 27.2716 -3.23099 2.1
      vertex 27.094 -3.15338 2.1
    endloop
  endfacet
  facet normal -0.400429 -0.916328 -0
    outer loop
      vertex 27.2716 -3.23099 2.1
      vertex 27.094 -3.15338 1.2
      vertex 27.2716 -3.23099 1.2
    endloop
  endfacet
  facet normal -0.319091 -0.947724 0
    outer loop
      vertex 27.2716 -3.23099 1.2
      vertex 27.4602 -3.29449 2.1
      vertex 27.2716 -3.23099 2.1
    endloop
  endfacet
  facet normal -0.319091 -0.947724 -0
    outer loop
      vertex 27.4602 -3.29449 2.1
      vertex 27.2716 -3.23099 1.2
      vertex 27.4602 -3.29449 1.2
    endloop
  endfacet
  facet normal -0.240155 -0.970735 0
    outer loop
      vertex 27.4602 -3.29449 1.2
      vertex 27.6598 -3.34387 2.1
      vertex 27.4602 -3.29449 2.1
    endloop
  endfacet
  facet normal -0.240155 -0.970735 -0
    outer loop
      vertex 27.6598 -3.34387 2.1
      vertex 27.4602 -3.29449 1.2
      vertex 27.6598 -3.34387 1.2
    endloop
  endfacet
  facet normal -0.165143 -0.98627 0
    outer loop
      vertex 27.6598 -3.34387 1.2
      vertex 27.8705 -3.37915 2.1
      vertex 27.6598 -3.34387 2.1
    endloop
  endfacet
  facet normal -0.165143 -0.98627 -0
    outer loop
      vertex 27.8705 -3.37915 2.1
      vertex 27.6598 -3.34387 1.2
      vertex 27.8705 -3.37915 1.2
    endloop
  endfacet
  facet normal -0.0950125 -0.995476 0
    outer loop
      vertex 27.8705 -3.37915 1.2
      vertex 28.0922 -3.40031 2.1
      vertex 27.8705 -3.37915 2.1
    endloop
  endfacet
  facet normal -0.0950125 -0.995476 -0
    outer loop
      vertex 28.0922 -3.40031 2.1
      vertex 27.8705 -3.37915 1.2
      vertex 28.0922 -3.40031 1.2
    endloop
  endfacet
  facet normal -0.0303554 -0.999539 0
    outer loop
      vertex 28.0922 -3.40031 1.2
      vertex 28.325 -3.40738 2.1
      vertex 28.0922 -3.40031 2.1
    endloop
  endfacet
  facet normal -0.0303554 -0.999539 -0
    outer loop
      vertex 28.325 -3.40738 2.1
      vertex 28.0922 -3.40031 1.2
      vertex 28.325 -3.40738 1.2
    endloop
  endfacet
  facet normal 0.0431996 -0.999066 0
    outer loop
      vertex 28.325 -3.40738 1.2
      vertex 28.6571 -3.39302 2.1
      vertex 28.325 -3.40738 2.1
    endloop
  endfacet
  facet normal 0.0431996 -0.999066 0
    outer loop
      vertex 28.6571 -3.39302 2.1
      vertex 28.325 -3.40738 1.2
      vertex 28.6571 -3.39302 1.2
    endloop
  endfacet
  facet normal 0.998961 -0.0455752 0
    outer loop
      vertex 27.3045 -0.0726166 2.1
      vertex 27.3099 0.0457458 1.2
      vertex 27.3099 0.0457458 2.1
    endloop
  endfacet
  facet normal 0.998961 -0.0455752 0
    outer loop
      vertex 27.3099 0.0457458 1.2
      vertex 27.3045 -0.0726166 2.1
      vertex 27.3045 -0.0726166 1.2
    endloop
  endfacet
  facet normal 0.995873 -0.0907564 0
    outer loop
      vertex 27.3099 0.0457458 2.1
      vertex 27.3202 0.158768 1.2
      vertex 27.3202 0.158768 2.1
    endloop
  endfacet
  facet normal 0.995873 -0.0907564 0
    outer loop
      vertex 27.3202 0.158768 1.2
      vertex 27.3099 0.0457458 2.1
      vertex 27.3099 0.0457458 1.2
    endloop
  endfacet
  facet normal 0.99005 -0.140713 0
    outer loop
      vertex 27.3202 0.158768 2.1
      vertex 27.3355 0.266418 1.2
      vertex 27.3355 0.266418 2.1
    endloop
  endfacet
  facet normal 0.99005 -0.140713 0
    outer loop
      vertex 27.3355 0.266418 1.2
      vertex 27.3202 0.158768 2.1
      vertex 27.3202 0.158768 1.2
    endloop
  endfacet
  facet normal 0.98105 -0.193755 0
    outer loop
      vertex 27.3355 0.266418 2.1
      vertex 27.3557 0.368698 1.2
      vertex 27.3557 0.368698 2.1
    endloop
  endfacet
  facet normal 0.98105 -0.193755 0
    outer loop
      vertex 27.3557 0.368698 1.2
      vertex 27.3355 0.266418 2.1
      vertex 27.3355 0.266418 1.2
    endloop
  endfacet
  facet normal 0.968066 -0.250696 0
    outer loop
      vertex 27.3557 0.368698 2.1
      vertex 27.3808 0.465622 1.2
      vertex 27.3808 0.465622 2.1
    endloop
  endfacet
  facet normal 0.968066 -0.250696 0
    outer loop
      vertex 27.3808 0.465622 1.2
      vertex 27.3557 0.368698 2.1
      vertex 27.3557 0.368698 1.2
    endloop
  endfacet
  facet normal 0.949959 -0.312374 0
    outer loop
      vertex 27.3808 0.465622 2.1
      vertex 27.4109 0.557159 1.2
      vertex 27.4109 0.557159 2.1
    endloop
  endfacet
  facet normal 0.949959 -0.312374 0
    outer loop
      vertex 27.4109 0.557159 1.2
      vertex 27.3808 0.465622 2.1
      vertex 27.3808 0.465622 1.2
    endloop
  endfacet
  facet normal 0.926487 -0.376328 0
    outer loop
      vertex 27.4109 0.557159 2.1
      vertex 27.4459 0.643326 1.2
      vertex 27.4459 0.643326 2.1
    endloop
  endfacet
  facet normal 0.926487 -0.376328 0
    outer loop
      vertex 27.4459 0.643326 1.2
      vertex 27.4109 0.557159 2.1
      vertex 27.4109 0.557159 1.2
    endloop
  endfacet
  facet normal 0.896657 -0.442725 0
    outer loop
      vertex 27.4459 0.643326 2.1
      vertex 27.4858 0.724136 1.2
      vertex 27.4858 0.724136 2.1
    endloop
  endfacet
  facet normal 0.896657 -0.442725 0
    outer loop
      vertex 27.4858 0.724136 1.2
      vertex 27.4459 0.643326 2.1
      vertex 27.4459 0.643326 1.2
    endloop
  endfacet
  facet normal 0.859773 -0.510677 0
    outer loop
      vertex 27.4858 0.724136 2.1
      vertex 27.5306 0.799561 1.2
      vertex 27.5306 0.799561 2.1
    endloop
  endfacet
  facet normal 0.859773 -0.510677 0
    outer loop
      vertex 27.5306 0.799561 1.2
      vertex 27.4858 0.724136 2.1
      vertex 27.4858 0.724136 1.2
    endloop
  endfacet
  facet normal 0.815099 -0.579322 0
    outer loop
      vertex 27.5306 0.799561 2.1
      vertex 27.5804 0.869629 1.2
      vertex 27.5804 0.869629 2.1
    endloop
  endfacet
  facet normal 0.815099 -0.579322 0
    outer loop
      vertex 27.5804 0.869629 1.2
      vertex 27.5306 0.799561 2.1
      vertex 27.5306 0.799561 1.2
    endloop
  endfacet
  facet normal 0.761482 -0.648186 0
    outer loop
      vertex 27.5804 0.869629 2.1
      vertex 27.6349 0.933655 1.2
      vertex 27.6349 0.933655 2.1
    endloop
  endfacet
  facet normal 0.761482 -0.648186 0
    outer loop
      vertex 27.6349 0.933655 1.2
      vertex 27.5804 0.869629 2.1
      vertex 27.5804 0.869629 1.2
    endloop
  endfacet
  facet normal 0.697185 -0.716891 0
    outer loop
      vertex 27.6349 0.933655 1.2
      vertex 27.6938 0.990936 2.1
      vertex 27.6349 0.933655 2.1
    endloop
  endfacet
  facet normal 0.697185 -0.716891 0
    outer loop
      vertex 27.6938 0.990936 2.1
      vertex 27.6349 0.933655 1.2
      vertex 27.6938 0.990936 1.2
    endloop
  endfacet
  facet normal 0.623897 -0.781507 0
    outer loop
      vertex 27.6938 0.990936 1.2
      vertex 27.7571 1.04147 2.1
      vertex 27.6938 0.990936 2.1
    endloop
  endfacet
  facet normal 0.623897 -0.781507 0
    outer loop
      vertex 27.7571 1.04147 2.1
      vertex 27.6938 0.990936 1.2
      vertex 27.7571 1.04147 1.2
    endloop
  endfacet
  facet normal 0.542722 -0.839912 0
    outer loop
      vertex 27.7571 1.04147 1.2
      vertex 27.8249 1.08528 2.1
      vertex 27.7571 1.04147 2.1
    endloop
  endfacet
  facet normal 0.542722 -0.839912 0
    outer loop
      vertex 27.8249 1.08528 2.1
      vertex 27.7571 1.04147 1.2
      vertex 27.8249 1.08528 1.2
    endloop
  endfacet
  facet normal 0.456152 -0.889902 0
    outer loop
      vertex 27.8249 1.08528 1.2
      vertex 27.8972 1.12234 2.1
      vertex 27.8249 1.08528 2.1
    endloop
  endfacet
  facet normal 0.456152 -0.889902 0
    outer loop
      vertex 27.8972 1.12234 2.1
      vertex 27.8249 1.08528 1.2
      vertex 27.8972 1.12234 1.2
    endloop
  endfacet
  facet normal 0.36825 -0.929727 0
    outer loop
      vertex 27.8972 1.12234 1.2
      vertex 27.9738 1.15268 2.1
      vertex 27.8972 1.12234 2.1
    endloop
  endfacet
  facet normal 0.36825 -0.929727 0
    outer loop
      vertex 27.9738 1.15268 2.1
      vertex 27.8972 1.12234 1.2
      vertex 27.9738 1.15268 1.2
    endloop
  endfacet
  facet normal 0.279081 -0.960267 0
    outer loop
      vertex 27.9738 1.15268 1.2
      vertex 28.0549 1.17625 2.1
      vertex 27.9738 1.15268 2.1
    endloop
  endfacet
  facet normal 0.279081 -0.960267 0
    outer loop
      vertex 28.0549 1.17625 2.1
      vertex 27.9738 1.15268 1.2
      vertex 28.0549 1.17625 1.2
    endloop
  endfacet
  facet normal 0.19336 -0.981128 0
    outer loop
      vertex 28.0549 1.17625 1.2
      vertex 28.1405 1.19312 2.1
      vertex 28.0549 1.17625 2.1
    endloop
  endfacet
  facet normal 0.19336 -0.981128 0
    outer loop
      vertex 28.1405 1.19312 2.1
      vertex 28.0549 1.17625 1.2
      vertex 28.1405 1.19312 1.2
    endloop
  endfacet
  facet normal 0.111522 -0.993762 0
    outer loop
      vertex 28.1405 1.19312 1.2
      vertex 28.2305 1.20322 2.1
      vertex 28.1405 1.19312 2.1
    endloop
  endfacet
  facet normal 0.111522 -0.993762 0
    outer loop
      vertex 28.2305 1.20322 2.1
      vertex 28.1405 1.19312 1.2
      vertex 28.2305 1.20322 1.2
    endloop
  endfacet
  facet normal 0.0356387 -0.999365 0
    outer loop
      vertex 28.2305 1.20322 1.2
      vertex 28.325 1.20659 2.1
      vertex 28.2305 1.20322 2.1
    endloop
  endfacet
  facet normal 0.0356387 -0.999365 0
    outer loop
      vertex 28.325 1.20659 2.1
      vertex 28.2305 1.20322 1.2
      vertex 28.325 1.20659 1.2
    endloop
  endfacet
  facet normal -0.0360845 -0.999349 0
    outer loop
      vertex 28.325 1.20659 1.2
      vertex 28.4139 1.20338 2.1
      vertex 28.325 1.20659 2.1
    endloop
  endfacet
  facet normal -0.0360845 -0.999349 -0
    outer loop
      vertex 28.4139 1.20338 2.1
      vertex 28.325 1.20659 1.2
      vertex 28.4139 1.20338 1.2
    endloop
  endfacet
  facet normal -0.111723 -0.993739 0
    outer loop
      vertex 28.4139 1.20338 1.2
      vertex 28.4992 1.19379 2.1
      vertex 28.4139 1.20338 2.1
    endloop
  endfacet
  facet normal -0.111723 -0.993739 -0
    outer loop
      vertex 28.4992 1.19379 2.1
      vertex 28.4139 1.20338 1.2
      vertex 28.4992 1.19379 1.2
    endloop
  endfacet
  facet normal -0.192526 -0.981292 0
    outer loop
      vertex 28.4992 1.19379 1.2
      vertex 28.5807 1.1778 2.1
      vertex 28.4992 1.19379 2.1
    endloop
  endfacet
  facet normal -0.192526 -0.981292 -0
    outer loop
      vertex 28.5807 1.1778 2.1
      vertex 28.4992 1.19379 1.2
      vertex 28.5807 1.1778 1.2
    endloop
  endfacet
  facet normal -0.276564 -0.960995 0
    outer loop
      vertex 28.5807 1.1778 1.2
      vertex 28.6585 1.15541 2.1
      vertex 28.5807 1.1778 2.1
    endloop
  endfacet
  facet normal -0.276564 -0.960995 -0
    outer loop
      vertex 28.6585 1.15541 2.1
      vertex 28.5807 1.1778 1.2
      vertex 28.6585 1.15541 1.2
    endloop
  endfacet
  facet normal -0.361621 -0.932325 0
    outer loop
      vertex 28.6585 1.15541 1.2
      vertex 28.7327 1.12663 2.1
      vertex 28.6585 1.15541 2.1
    endloop
  endfacet
  facet normal -0.361621 -0.932325 -0
    outer loop
      vertex 28.7327 1.12663 2.1
      vertex 28.6585 1.15541 1.2
      vertex 28.7327 1.12663 1.2
    endloop
  endfacet
  facet normal -0.44701 -0.894529 0
    outer loop
      vertex 28.7327 1.12663 1.2
      vertex 28.8031 1.09145 2.1
      vertex 28.7327 1.12663 2.1
    endloop
  endfacet
  facet normal -0.44701 -0.894529 -0
    outer loop
      vertex 28.8031 1.09145 2.1
      vertex 28.7327 1.12663 1.2
      vertex 28.8031 1.09145 1.2
    endloop
  endfacet
  facet normal -0.529015 -0.848612 0
    outer loop
      vertex 28.8031 1.09145 1.2
      vertex 28.8698 1.04987 2.1
      vertex 28.8031 1.09145 2.1
    endloop
  endfacet
  facet normal -0.529015 -0.848612 -0
    outer loop
      vertex 28.8698 1.04987 2.1
      vertex 28.8031 1.09145 1.2
      vertex 28.8698 1.04987 1.2
    endloop
  endfacet
  facet normal -0.606493 -0.795089 0
    outer loop
      vertex 28.8698 1.04987 1.2
      vertex 28.9327 1.00189 2.1
      vertex 28.8698 1.04987 2.1
    endloop
  endfacet
  facet normal -0.606493 -0.795089 -0
    outer loop
      vertex 28.9327 1.00189 2.1
      vertex 28.8698 1.04987 1.2
      vertex 28.9327 1.00189 1.2
    endloop
  endfacet
  facet normal -0.67577 -0.737113 0
    outer loop
      vertex 28.9327 1.00189 1.2
      vertex 28.992 0.947525 2.1
      vertex 28.9327 1.00189 2.1
    endloop
  endfacet
  facet normal -0.67577 -0.737113 -0
    outer loop
      vertex 28.992 0.947525 2.1
      vertex 28.9327 1.00189 1.2
      vertex 28.992 0.947525 1.2
    endloop
  endfacet
  facet normal -0.738343 -0.674425 0
    outer loop
      vertex 29.0475 0.886765 1.2
      vertex 28.992 0.947525 2.1
      vertex 28.992 0.947525 1.2
    endloop
  endfacet
  facet normal -0.738343 -0.674425 0
    outer loop
      vertex 28.992 0.947525 2.1
      vertex 29.0475 0.886765 1.2
      vertex 29.0475 0.886765 2.1
    endloop
  endfacet
  facet normal -0.793589 -0.608454 0
    outer loop
      vertex 29.099 0.819595 1.2
      vertex 29.0475 0.886765 2.1
      vertex 29.0475 0.886765 1.2
    endloop
  endfacet
  facet normal -0.793589 -0.608454 0
    outer loop
      vertex 29.0475 0.886765 2.1
      vertex 29.099 0.819595 1.2
      vertex 29.099 0.819595 2.1
    endloop
  endfacet
  facet normal -0.843675 -0.536854 0
    outer loop
      vertex 29.1458 0.746048 1.2
      vertex 29.099 0.819595 2.1
      vertex 29.099 0.819595 1.2
    endloop
  endfacet
  facet normal -0.843675 -0.536854 0
    outer loop
      vertex 29.099 0.819595 2.1
      vertex 29.1458 0.746048 1.2
      vertex 29.1458 0.746048 2.1
    endloop
  endfacet
  facet normal -0.88438 -0.466767 0
    outer loop
      vertex 29.188 0.666092 1.2
      vertex 29.1458 0.746048 2.1
      vertex 29.1458 0.746048 1.2
    endloop
  endfacet
  facet normal -0.88438 -0.466767 0
    outer loop
      vertex 29.1458 0.746048 2.1
      vertex 29.188 0.666092 1.2
      vertex 29.188 0.666092 2.1
    endloop
  endfacet
  facet normal -0.916462 -0.400123 0
    outer loop
      vertex 29.2257 0.579742 1.2
      vertex 29.188 0.666092 2.1
      vertex 29.188 0.666092 1.2
    endloop
  endfacet
  facet normal -0.916462 -0.400123 0
    outer loop
      vertex 29.188 0.666092 2.1
      vertex 29.2257 0.579742 1.2
      vertex 29.2257 0.579742 2.1
    endloop
  endfacet
  facet normal -0.942134 -0.335236 0
    outer loop
      vertex 29.2587 0.487 1.2
      vertex 29.2257 0.579742 2.1
      vertex 29.2257 0.579742 1.2
    endloop
  endfacet
  facet normal -0.942134 -0.335236 0
    outer loop
      vertex 29.2257 0.579742 2.1
      vertex 29.2587 0.487 1.2
      vertex 29.2587 0.487 2.1
    endloop
  endfacet
  facet normal -0.961074 -0.276291 0
    outer loop
      vertex 29.2872 0.387863 1.2
      vertex 29.2587 0.487 2.1
      vertex 29.2587 0.487 1.2
    endloop
  endfacet
  facet normal -0.961074 -0.276291 0
    outer loop
      vertex 29.2587 0.487 2.1
      vertex 29.2872 0.387863 1.2
      vertex 29.2872 0.387863 2.1
    endloop
  endfacet
  facet normal -0.975301 -0.220882 0
    outer loop
      vertex 29.3111 0.282333 1.2
      vertex 29.2872 0.387863 2.1
      vertex 29.2872 0.387863 1.2
    endloop
  endfacet
  facet normal -0.975301 -0.220882 0
    outer loop
      vertex 29.2872 0.387863 2.1
      vertex 29.3111 0.282333 1.2
      vertex 29.3111 0.282333 2.1
    endloop
  endfacet
  facet normal -0.985456 -0.169932 0
    outer loop
      vertex 29.3304 0.17041 1.2
      vertex 29.3111 0.282333 2.1
      vertex 29.3111 0.282333 1.2
    endloop
  endfacet
  facet normal -0.985456 -0.169932 0
    outer loop
      vertex 29.3111 0.282333 2.1
      vertex 29.3304 0.17041 1.2
      vertex 29.3304 0.17041 2.1
    endloop
  endfacet
  facet normal -0.992372 -0.123279 0
    outer loop
      vertex 29.3451 0.0520782 1.2
      vertex 29.3304 0.17041 2.1
      vertex 29.3304 0.17041 1.2
    endloop
  endfacet
  facet normal -0.992372 -0.123279 0
    outer loop
      vertex 29.3304 0.17041 2.1
      vertex 29.3451 0.0520782 1.2
      vertex 29.3451 0.0520782 2.1
    endloop
  endfacet
  facet normal -0.996736 -0.0807334 0
    outer loop
      vertex 29.3552 -0.0726166 1.2
      vertex 29.3451 0.0520782 2.1
      vertex 29.3451 0.0520782 1.2
    endloop
  endfacet
  facet normal -0.996736 -0.0807334 0
    outer loop
      vertex 29.3451 0.0520782 2.1
      vertex 29.3552 -0.0726166 1.2
      vertex 29.3552 -0.0726166 2.1
    endloop
  endfacet
  facet normal 0 1 -0
    outer loop
      vertex 29.3552 -0.0726166 1.2
      vertex 27.3045 -0.0726166 2.1
      vertex 29.3552 -0.0726166 2.1
    endloop
  endfacet
  facet normal 0 1 0
    outer loop
      vertex 27.3045 -0.0726166 2.1
      vertex 29.3552 -0.0726166 1.2
      vertex 27.3045 -0.0726166 1.2
    endloop
  endfacet
  facet normal 0.0559868 -0.998432 0
    outer loop
      vertex -5.15488 -3.40506 1.2
      vertex -5.03076 -3.3981 2.1
      vertex -5.15488 -3.40506 2.1
    endloop
  endfacet
  facet normal 0.0559868 -0.998432 0
    outer loop
      vertex -5.03076 -3.3981 2.1
      vertex -5.15488 -3.40506 1.2
      vertex -5.03076 -3.3981 1.2
    endloop
  endfacet
  facet normal 0.0949057 -0.995486 0
    outer loop
      vertex -5.03076 -3.3981 1.2
      vertex -4.90919 -3.38651 2.1
      vertex -5.03076 -3.3981 2.1
    endloop
  endfacet
  facet normal 0.0949057 -0.995486 0
    outer loop
      vertex -4.90919 -3.38651 2.1
      vertex -5.03076 -3.3981 1.2
      vertex -4.90919 -3.38651 1.2
    endloop
  endfacet
  facet normal 0.135184 -0.990821 0
    outer loop
      vertex -4.90919 -3.38651 1.2
      vertex -4.79016 -3.37027 2.1
      vertex -4.90919 -3.38651 2.1
    endloop
  endfacet
  facet normal 0.135184 -0.990821 0
    outer loop
      vertex -4.79016 -3.37027 2.1
      vertex -4.90919 -3.38651 1.2
      vertex -4.79016 -3.37027 1.2
    endloop
  endfacet
  facet normal 0.176364 -0.984325 0
    outer loop
      vertex -4.79016 -3.37027 1.2
      vertex -4.67368 -3.3494 2.1
      vertex -4.79016 -3.37027 2.1
    endloop
  endfacet
  facet normal 0.176364 -0.984325 0
    outer loop
      vertex -4.67368 -3.3494 2.1
      vertex -4.79016 -3.37027 1.2
      vertex -4.67368 -3.3494 1.2
    endloop
  endfacet
  facet normal 0.218526 -0.975831 0
    outer loop
      vertex -4.67368 -3.3494 1.2
      vertex -4.55972 -3.32388 2.1
      vertex -4.67368 -3.3494 2.1
    endloop
  endfacet
  facet normal 0.218526 -0.975831 0
    outer loop
      vertex -4.55972 -3.32388 2.1
      vertex -4.67368 -3.3494 1.2
      vertex -4.55972 -3.32388 1.2
    endloop
  endfacet
  facet normal 0.261204 -0.965284 0
    outer loop
      vertex -4.55972 -3.32388 1.2
      vertex -4.4483 -3.29373 2.1
      vertex -4.55972 -3.32388 2.1
    endloop
  endfacet
  facet normal 0.261204 -0.965284 0
    outer loop
      vertex -4.4483 -3.29373 2.1
      vertex -4.55972 -3.32388 1.2
      vertex -4.4483 -3.29373 1.2
    endloop
  endfacet
  facet normal 0.304233 -0.952598 0
    outer loop
      vertex -4.4483 -3.29373 1.2
      vertex -4.33943 -3.25896 2.1
      vertex -4.4483 -3.29373 2.1
    endloop
  endfacet
  facet normal 0.304233 -0.952598 0
    outer loop
      vertex -4.33943 -3.25896 2.1
      vertex -4.4483 -3.29373 1.2
      vertex -4.33943 -3.25896 1.2
    endloop
  endfacet
  facet normal 0.347662 -0.93762 0
    outer loop
      vertex -4.33943 -3.25896 1.2
      vertex -4.23309 -3.21953 2.1
      vertex -4.33943 -3.25896 2.1
    endloop
  endfacet
  facet normal 0.347662 -0.93762 0
    outer loop
      vertex -4.23309 -3.21953 2.1
      vertex -4.33943 -3.25896 1.2
      vertex -4.23309 -3.21953 1.2
    endloop
  endfacet
  facet normal 0.390835 -0.920461 0
    outer loop
      vertex -4.23309 -3.21953 1.2
      vertex -4.1293 -3.17546 2.1
      vertex -4.23309 -3.21953 2.1
    endloop
  endfacet
  facet normal 0.390835 -0.920461 0
    outer loop
      vertex -4.1293 -3.17546 2.1
      vertex -4.23309 -3.21953 1.2
      vertex -4.1293 -3.17546 1.2
    endloop
  endfacet
  facet normal 0.432996 -0.901396 0
    outer loop
      vertex -4.1293 -3.17546 1.2
      vertex -4.02873 -3.12715 2.1
      vertex -4.1293 -3.17546 2.1
    endloop
  endfacet
  facet normal 0.432996 -0.901396 0
    outer loop
      vertex -4.02873 -3.12715 2.1
      vertex -4.1293 -3.17546 1.2
      vertex -4.02873 -3.12715 1.2
    endloop
  endfacet
  facet normal 0.475191 -0.879883 0
    outer loop
      vertex -4.02873 -3.12715 1.2
      vertex -3.93213 -3.07498 2.1
      vertex -4.02873 -3.12715 2.1
    endloop
  endfacet
  facet normal 0.475191 -0.879883 0
    outer loop
      vertex -3.93213 -3.07498 2.1
      vertex -4.02873 -3.12715 1.2
      vertex -3.93213 -3.07498 1.2
    endloop
  endfacet
  facet normal 0.517345 -0.855777 0
    outer loop
      vertex -3.93213 -3.07498 1.2
      vertex -3.83948 -3.01897 2.1
      vertex -3.93213 -3.07498 2.1
    endloop
  endfacet
  facet normal 0.517345 -0.855777 0
    outer loop
      vertex -3.83948 -3.01897 2.1
      vertex -3.93213 -3.07498 1.2
      vertex -3.83948 -3.01897 1.2
    endloop
  endfacet
  facet normal 0.559585 -0.828773 0
    outer loop
      vertex -3.83948 -3.01897 1.2
      vertex -3.75078 -2.95908 2.1
      vertex -3.83948 -3.01897 2.1
    endloop
  endfacet
  facet normal 0.559585 -0.828773 0
    outer loop
      vertex -3.75078 -2.95908 2.1
      vertex -3.83948 -3.01897 1.2
      vertex -3.75078 -2.95908 1.2
    endloop
  endfacet
  facet normal 0.601071 -0.799196 0
    outer loop
      vertex -3.75078 -2.95908 1.2
      vertex -3.66603 -2.89534 2.1
      vertex -3.75078 -2.95908 2.1
    endloop
  endfacet
  facet normal 0.601071 -0.799196 0
    outer loop
      vertex -3.66603 -2.89534 2.1
      vertex -3.75078 -2.95908 1.2
      vertex -3.66603 -2.89534 1.2
    endloop
  endfacet
  facet normal 0.641659 -0.76699 0
    outer loop
      vertex -3.66603 -2.89534 1.2
      vertex -3.58525 -2.82776 2.1
      vertex -3.66603 -2.89534 2.1
    endloop
  endfacet
  facet normal 0.641659 -0.76699 0
    outer loop
      vertex -3.58525 -2.82776 2.1
      vertex -3.66603 -2.89534 1.2
      vertex -3.58525 -2.82776 1.2
    endloop
  endfacet
  facet normal 0.681054 -0.732233 0
    outer loop
      vertex -3.58525 -2.82776 1.2
      vertex -3.50842 -2.7563 2.1
      vertex -3.58525 -2.82776 2.1
    endloop
  endfacet
  facet normal 0.681054 -0.732233 0
    outer loop
      vertex -3.50842 -2.7563 2.1
      vertex -3.58525 -2.82776 1.2
      vertex -3.50842 -2.7563 1.2
    endloop
  endfacet
  facet normal 0.718607 -0.695417 0
    outer loop
      vertex -3.50842 -2.7563 2.1
      vertex -3.43555 -2.681 1.2
      vertex -3.43555 -2.681 2.1
    endloop
  endfacet
  facet normal 0.718607 -0.695417 0
    outer loop
      vertex -3.43555 -2.681 1.2
      vertex -3.50842 -2.7563 2.1
      vertex -3.50842 -2.7563 1.2
    endloop
  endfacet
  facet normal 0.754156 -0.656695 0
    outer loop
      vertex -3.43555 -2.681 2.1
      vertex -3.36662 -2.60184 1.2
      vertex -3.36662 -2.60184 2.1
    endloop
  endfacet
  facet normal 0.754156 -0.656695 0
    outer loop
      vertex -3.36662 -2.60184 1.2
      vertex -3.43555 -2.681 2.1
      vertex -3.43555 -2.681 1.2
    endloop
  endfacet
  facet normal 0.787571 -0.616224 0
    outer loop
      vertex -3.36662 -2.60184 2.1
      vertex -3.30167 -2.51883 1.2
      vertex -3.30167 -2.51883 2.1
    endloop
  endfacet
  facet normal 0.787571 -0.616224 0
    outer loop
      vertex -3.30167 -2.51883 1.2
      vertex -3.36662 -2.60184 2.1
      vertex -3.36662 -2.60184 1.2
    endloop
  endfacet
  facet normal 0.817972 -0.575258 0
    outer loop
      vertex -3.30167 -2.51883 2.1
      vertex -3.24109 -2.43269 1.2
      vertex -3.24109 -2.43269 2.1
    endloop
  endfacet
  facet normal 0.817972 -0.575258 0
    outer loop
      vertex -3.24109 -2.43269 1.2
      vertex -3.30167 -2.51883 2.1
      vertex -3.30167 -2.51883 1.2
    endloop
  endfacet
  facet normal 0.846145 -0.532953 0
    outer loop
      vertex -3.24109 -2.43269 2.1
      vertex -3.18536 -2.34421 1.2
      vertex -3.18536 -2.34421 2.1
    endloop
  endfacet
  facet normal 0.846145 -0.532953 0
    outer loop
      vertex -3.18536 -2.34421 1.2
      vertex -3.24109 -2.43269 2.1
      vertex -3.24109 -2.43269 1.2
    endloop
  endfacet
  facet normal 0.872339 -0.488902 0
    outer loop
      vertex -3.18536 -2.34421 2.1
      vertex -3.13446 -2.25339 1.2
      vertex -3.13446 -2.25339 2.1
    endloop
  endfacet
  facet normal 0.872339 -0.488902 0
    outer loop
      vertex -3.13446 -2.25339 1.2
      vertex -3.18536 -2.34421 2.1
      vertex -3.18536 -2.34421 1.2
    endloop
  endfacet
  facet normal 0.896381 -0.443284 0
    outer loop
      vertex -3.13446 -2.25339 2.1
      vertex -3.08839 -2.16023 1.2
      vertex -3.08839 -2.16023 2.1
    endloop
  endfacet
  facet normal 0.896381 -0.443284 0
    outer loop
      vertex -3.08839 -2.16023 1.2
      vertex -3.13446 -2.25339 2.1
      vertex -3.13446 -2.25339 1.2
    endloop
  endfacet
  facet normal 0.918123 -0.396296 0
    outer loop
      vertex -3.08839 -2.16023 2.1
      vertex -3.04716 -2.06471 1.2
      vertex -3.04716 -2.06471 2.1
    endloop
  endfacet
  facet normal 0.918123 -0.396296 0
    outer loop
      vertex -3.04716 -2.06471 1.2
      vertex -3.08839 -2.16023 2.1
      vertex -3.08839 -2.16023 1.2
    endloop
  endfacet
  facet normal 0.937251 -0.348655 0
    outer loop
      vertex -3.04716 -2.06471 2.1
      vertex -3.01076 -1.96686 1.2
      vertex -3.01076 -1.96686 2.1
    endloop
  endfacet
  facet normal 0.937251 -0.348655 0
    outer loop
      vertex -3.01076 -1.96686 1.2
      vertex -3.04716 -2.06471 2.1
      vertex -3.04716 -2.06471 1.2
    endloop
  endfacet
  facet normal 0.953798 -0.300448 0
    outer loop
      vertex -3.01076 -1.96686 2.1
      vertex -2.9792 -1.86667 1.2
      vertex -2.9792 -1.86667 2.1
    endloop
  endfacet
  facet normal 0.953798 -0.300448 0
    outer loop
      vertex -2.9792 -1.86667 1.2
      vertex -3.01076 -1.96686 2.1
      vertex -3.01076 -1.96686 1.2
    endloop
  endfacet
  facet normal 0.967662 -0.252249 0
    outer loop
      vertex -2.9792 -1.86667 2.1
      vertex -2.95247 -1.76413 1.2
      vertex -2.95247 -1.76413 2.1
    endloop
  endfacet
  facet normal 0.967662 -0.252249 0
    outer loop
      vertex -2.95247 -1.76413 1.2
      vertex -2.9792 -1.86667 2.1
      vertex -2.9792 -1.86667 1.2
    endloop
  endfacet
  facet normal 0.978891 -0.204383 0
    outer loop
      vertex -2.95247 -1.76413 2.1
      vertex -2.93057 -1.65924 1.2
      vertex -2.93057 -1.65924 2.1
    endloop
  endfacet
  facet normal 0.978891 -0.204383 0
    outer loop
      vertex -2.93057 -1.65924 1.2
      vertex -2.95247 -1.76413 2.1
      vertex -2.95247 -1.76413 1.2
    endloop
  endfacet
  facet normal 0.987582 -0.157107 0
    outer loop
      vertex -2.93057 -1.65924 2.1
      vertex -2.91351 -1.552 1.2
      vertex -2.91351 -1.552 2.1
    endloop
  endfacet
  facet normal 0.987582 -0.157107 0
    outer loop
      vertex -2.91351 -1.552 1.2
      vertex -2.93057 -1.65924 2.1
      vertex -2.93057 -1.65924 1.2
    endloop
  endfacet
  facet normal 0.0460201 0.998941 -0
    outer loop
      vertex -2.91351 -1.552 1.2
      vertex -4.29036 -1.48857 2.1
      vertex -2.91351 -1.552 2.1
    endloop
  endfacet
  facet normal 0.0460201 0.998941 0
    outer loop
      vertex -4.29036 -1.48857 2.1
      vertex -2.91351 -1.552 1.2
      vertex -4.29036 -1.48857 1.2
    endloop
  endfacet
  facet normal -0.988279 0.152658 0
    outer loop
      vertex -4.30507 -1.5838 1.2
      vertex -4.29036 -1.48857 2.1
      vertex -4.29036 -1.48857 1.2
    endloop
  endfacet
  facet normal -0.988279 0.152658 0
    outer loop
      vertex -4.29036 -1.48857 2.1
      vertex -4.30507 -1.5838 1.2
      vertex -4.30507 -1.5838 2.1
    endloop
  endfacet
  facet normal -0.979242 0.202695 0
    outer loop
      vertex -4.32378 -1.67419 1.2
      vertex -4.30507 -1.5838 2.1
      vertex -4.30507 -1.5838 1.2
    endloop
  endfacet
  facet normal -0.979242 0.202695 0
    outer loop
      vertex -4.30507 -1.5838 2.1
      vertex -4.32378 -1.67419 1.2
      vertex -4.32378 -1.67419 2.1
    endloop
  endfacet
  facet normal -0.966575 0.256383 0
    outer loop
      vertex -4.34648 -1.75977 1.2
      vertex -4.32378 -1.67419 2.1
      vertex -4.32378 -1.67419 1.2
    endloop
  endfacet
  facet normal -0.966575 0.256383 0
    outer loop
      vertex -4.32378 -1.67419 2.1
      vertex -4.34648 -1.75977 1.2
      vertex -4.34648 -1.75977 2.1
    endloop
  endfacet
  facet normal -0.949351 0.314216 0
    outer loop
      vertex -4.3732 -1.8405 1.2
      vertex -4.34648 -1.75977 2.1
      vertex -4.34648 -1.75977 1.2
    endloop
  endfacet
  facet normal -0.949351 0.314216 0
    outer loop
      vertex -4.34648 -1.75977 2.1
      vertex -4.3732 -1.8405 1.2
      vertex -4.3732 -1.8405 2.1
    endloop
  endfacet
  facet normal -0.926953 0.375178 0
    outer loop
      vertex -4.40392 -1.9164 1.2
      vertex -4.3732 -1.8405 2.1
      vertex -4.3732 -1.8405 1.2
    endloop
  endfacet
  facet normal -0.926953 0.375178 0
    outer loop
      vertex -4.3732 -1.8405 2.1
      vertex -4.40392 -1.9164 1.2
      vertex -4.40392 -1.9164 2.1
    endloop
  endfacet
  facet normal -0.898561 0.43885 0
    outer loop
      vertex -4.43863 -1.98747 1.2
      vertex -4.40392 -1.9164 2.1
      vertex -4.40392 -1.9164 1.2
    endloop
  endfacet
  facet normal -0.898561 0.43885 0
    outer loop
      vertex -4.40392 -1.9164 2.1
      vertex -4.43863 -1.98747 1.2
      vertex -4.43863 -1.98747 2.1
    endloop
  endfacet
  facet normal -0.863235 0.504803 0
    outer loop
      vertex -4.47736 -2.0537 1.2
      vertex -4.43863 -1.98747 2.1
      vertex -4.43863 -1.98747 1.2
    endloop
  endfacet
  facet normal -0.863235 0.504803 0
    outer loop
      vertex -4.43863 -1.98747 2.1
      vertex -4.47736 -2.0537 1.2
      vertex -4.47736 -2.0537 2.1
    endloop
  endfacet
  facet normal -0.820862 0.571127 0
    outer loop
      vertex -4.52008 -2.1151 1.2
      vertex -4.47736 -2.0537 2.1
      vertex -4.47736 -2.0537 1.2
    endloop
  endfacet
  facet normal -0.820862 0.571127 0
    outer loop
      vertex -4.47736 -2.0537 2.1
      vertex -4.52008 -2.1151 1.2
      vertex -4.52008 -2.1151 2.1
    endloop
  endfacet
  facet normal -0.771096 0.636719 0
    outer loop
      vertex -4.5668 -2.17168 1.2
      vertex -4.52008 -2.1151 2.1
      vertex -4.52008 -2.1151 1.2
    endloop
  endfacet
  facet normal -0.771096 0.636719 0
    outer loop
      vertex -4.52008 -2.1151 2.1
      vertex -4.5668 -2.17168 1.2
      vertex -4.5668 -2.17168 2.1
    endloop
  endfacet
  facet normal -0.713837 0.700311 0
    outer loop
      vertex -4.61754 -2.2234 1.2
      vertex -4.5668 -2.17168 2.1
      vertex -4.5668 -2.17168 1.2
    endloop
  endfacet
  facet normal -0.713837 0.700311 0
    outer loop
      vertex -4.5668 -2.17168 2.1
      vertex -4.61754 -2.2234 1.2
      vertex -4.61754 -2.2234 2.1
    endloop
  endfacet
  facet normal -0.65533 0.755343 0
    outer loop
      vertex -4.61754 -2.2234 1.2
      vertex -4.67154 -2.27025 2.1
      vertex -4.61754 -2.2234 2.1
    endloop
  endfacet
  facet normal -0.65533 0.755343 0
    outer loop
      vertex -4.67154 -2.27025 2.1
      vertex -4.61754 -2.2234 1.2
      vertex -4.67154 -2.27025 1.2
    endloop
  endfacet
  facet normal -0.595465 0.803381 0
    outer loop
      vertex -4.67154 -2.27025 1.2
      vertex -4.72807 -2.31215 2.1
      vertex -4.67154 -2.27025 2.1
    endloop
  endfacet
  facet normal -0.595465 0.803381 0
    outer loop
      vertex -4.72807 -2.31215 2.1
      vertex -4.67154 -2.27025 1.2
      vertex -4.72807 -2.31215 1.2
    endloop
  endfacet
  facet normal -0.530605 0.847619 0
    outer loop
      vertex -4.72807 -2.31215 1.2
      vertex -4.78716 -2.34914 2.1
      vertex -4.72807 -2.31215 2.1
    endloop
  endfacet
  facet normal -0.530605 0.847619 0
    outer loop
      vertex -4.78716 -2.34914 2.1
      vertex -4.72807 -2.31215 1.2
      vertex -4.78716 -2.34914 1.2
    endloop
  endfacet
  facet normal -0.461384 0.8872 0
    outer loop
      vertex -4.78716 -2.34914 1.2
      vertex -4.84877 -2.38118 2.1
      vertex -4.78716 -2.34914 2.1
    endloop
  endfacet
  facet normal -0.461384 0.8872 0
    outer loop
      vertex -4.84877 -2.38118 2.1
      vertex -4.78716 -2.34914 1.2
      vertex -4.84877 -2.38118 1.2
    endloop
  endfacet
  facet normal -0.389462 0.921043 0
    outer loop
      vertex -4.84877 -2.38118 1.2
      vertex -4.91293 -2.40831 2.1
      vertex -4.84877 -2.38118 2.1
    endloop
  endfacet
  facet normal -0.389462 0.921043 0
    outer loop
      vertex -4.91293 -2.40831 2.1
      vertex -4.84877 -2.38118 1.2
      vertex -4.91293 -2.40831 1.2
    endloop
  endfacet
  facet normal -0.315673 0.948868 0
    outer loop
      vertex -4.91293 -2.40831 1.2
      vertex -4.97963 -2.4305 2.1
      vertex -4.91293 -2.40831 2.1
    endloop
  endfacet
  facet normal -0.315673 0.948868 0
    outer loop
      vertex -4.97963 -2.4305 2.1
      vertex -4.91293 -2.40831 1.2
      vertex -4.97963 -2.4305 1.2
    endloop
  endfacet
  facet normal -0.241777 0.970332 0
    outer loop
      vertex -4.97963 -2.4305 1.2
      vertex -5.04886 -2.44775 2.1
      vertex -4.97963 -2.4305 2.1
    endloop
  endfacet
  facet normal -0.241777 0.970332 0
    outer loop
      vertex -5.04886 -2.44775 2.1
      vertex -4.97963 -2.4305 1.2
      vertex -5.04886 -2.44775 1.2
    endloop
  endfacet
  facet normal -0.169162 0.985588 0
    outer loop
      vertex -5.04886 -2.44775 1.2
      vertex -5.12064 -2.46007 2.1
      vertex -5.04886 -2.44775 2.1
    endloop
  endfacet
  facet normal -0.169162 0.985588 0
    outer loop
      vertex -5.12064 -2.46007 2.1
      vertex -5.04886 -2.44775 1.2
      vertex -5.12064 -2.46007 1.2
    endloop
  endfacet
  facet normal -0.0990927 0.995078 0
    outer loop
      vertex -5.12064 -2.46007 1.2
      vertex -5.19495 -2.46747 2.1
      vertex -5.12064 -2.46007 2.1
    endloop
  endfacet
  facet normal -0.0990927 0.995078 0
    outer loop
      vertex -5.19495 -2.46747 2.1
      vertex -5.12064 -2.46007 1.2
      vertex -5.19495 -2.46747 1.2
    endloop
  endfacet
  facet normal -0.0321239 0.999484 0
    outer loop
      vertex -5.19495 -2.46747 1.2
      vertex -5.2718 -2.46994 2.1
      vertex -5.19495 -2.46747 2.1
    endloop
  endfacet
  facet normal -0.0321239 0.999484 0
    outer loop
      vertex -5.2718 -2.46994 2.1
      vertex -5.19495 -2.46747 1.2
      vertex -5.2718 -2.46994 1.2
    endloop
  endfacet
  facet normal 0.0887176 0.996057 -0
    outer loop
      vertex -5.2718 -2.46994 1.2
      vertex -5.47681 -2.45168 2.1
      vertex -5.2718 -2.46994 2.1
    endloop
  endfacet
  facet normal 0.0887176 0.996057 0
    outer loop
      vertex -5.47681 -2.45168 2.1
      vertex -5.2718 -2.46994 1.2
      vertex -5.47681 -2.45168 1.2
    endloop
  endfacet
  facet normal 0.286169 0.958179 -0
    outer loop
      vertex -5.47681 -2.45168 1.2
      vertex -5.66023 -2.3969 2.1
      vertex -5.47681 -2.45168 2.1
    endloop
  endfacet
  facet normal 0.286169 0.958179 0
    outer loop
      vertex -5.66023 -2.3969 2.1
      vertex -5.47681 -2.45168 1.2
      vertex -5.66023 -2.3969 1.2
    endloop
  endfacet
  facet normal 0.491362 0.870955 -0
    outer loop
      vertex -5.66023 -2.3969 1.2
      vertex -5.82208 -2.30559 2.1
      vertex -5.66023 -2.3969 2.1
    endloop
  endfacet
  facet normal 0.491362 0.870955 0
    outer loop
      vertex -5.82208 -2.30559 2.1
      vertex -5.66023 -2.3969 1.2
      vertex -5.82208 -2.30559 1.2
    endloop
  endfacet
  facet normal 0.673546 0.739146 -0
    outer loop
      vertex -5.82208 -2.30559 1.2
      vertex -5.96236 -2.17776 2.1
      vertex -5.82208 -2.30559 2.1
    endloop
  endfacet
  facet normal 0.673546 0.739146 0
    outer loop
      vertex -5.96236 -2.17776 2.1
      vertex -5.82208 -2.30559 1.2
      vertex -5.96236 -2.17776 1.2
    endloop
  endfacet
  facet normal 0.81072 0.585435 0
    outer loop
      vertex -5.96236 -2.17776 2.1
      vertex -6.08104 -2.01341 1.2
      vertex -6.08104 -2.01341 2.1
    endloop
  endfacet
  facet normal 0.81072 0.585435 0
    outer loop
      vertex -6.08104 -2.01341 1.2
      vertex -5.96236 -2.17776 2.1
      vertex -5.96236 -2.17776 1.2
    endloop
  endfacet
  facet normal 0.9003 0.435269 0
    outer loop
      vertex -6.08104 -2.01341 2.1
      vertex -6.17815 -1.81255 1.2
      vertex -6.17815 -1.81255 2.1
    endloop
  endfacet
  facet normal 0.9003 0.435269 0
    outer loop
      vertex -6.17815 -1.81255 1.2
      vertex -6.08104 -2.01341 2.1
      vertex -6.08104 -2.01341 1.2
    endloop
  endfacet
  facet normal 0.952929 0.303192 0
    outer loop
      vertex -6.17815 -1.81255 2.1
      vertex -6.25368 -1.57516 1.2
      vertex -6.25368 -1.57516 2.1
    endloop
  endfacet
  facet normal 0.952929 0.303192 0
    outer loop
      vertex -6.25368 -1.57516 1.2
      vertex -6.17815 -1.81255 2.1
      vertex -6.17815 -1.81255 1.2
    endloop
  endfacet
  facet normal 0.98115 0.19325 0
    outer loop
      vertex -6.25368 -1.57516 2.1
      vertex -6.30763 -1.30125 1.2
      vertex -6.30763 -1.30125 2.1
    endloop
  endfacet
  facet normal 0.98115 0.19325 0
    outer loop
      vertex -6.30763 -1.30125 1.2
      vertex -6.25368 -1.57516 2.1
      vertex -6.25368 -1.57516 1.2
    endloop
  endfacet
  facet normal 0.994607 0.103715 0
    outer loop
      vertex -6.30763 -1.30125 2.1
      vertex -6.34 -0.990829 1.2
      vertex -6.34 -0.990829 2.1
    endloop
  endfacet
  facet normal 0.994607 0.103715 0
    outer loop
      vertex -6.34 -0.990829 1.2
      vertex -6.30763 -1.30125 2.1
      vertex -6.30763 -1.30125 1.2
    endloop
  endfacet
  facet normal 0.999518 0.0310554 0
    outer loop
      vertex -6.34 -0.990829 2.1
      vertex -6.35078 -0.643875 1.2
      vertex -6.35078 -0.643875 2.1
    endloop
  endfacet
  facet normal 0.999518 0.0310554 0
    outer loop
      vertex -6.35078 -0.643875 1.2
      vertex -6.34 -0.990829 2.1
      vertex -6.34 -0.990829 1.2
    endloop
  endfacet
  facet normal 0.999506 -0.0314325 0
    outer loop
      vertex -6.35078 -0.643875 2.1
      vertex -6.34019 -0.307129 1.2
      vertex -6.34019 -0.307129 2.1
    endloop
  endfacet
  facet normal 0.999506 -0.0314325 0
    outer loop
      vertex -6.34019 -0.307129 1.2
      vertex -6.35078 -0.643875 2.1
      vertex -6.35078 -0.643875 1.2
    endloop
  endfacet
  facet normal 0.994483 -0.104894 0
    outer loop
      vertex -6.34019 -0.307129 2.1
      vertex -6.30841 -0.00582886 1.2
      vertex -6.30841 -0.00582886 2.1
    endloop
  endfacet
  facet normal 0.994483 -0.104894 0
    outer loop
      vertex -6.30841 -0.00582886 1.2
      vertex -6.34019 -0.307129 2.1
      vertex -6.34019 -0.307129 1.2
    endloop
  endfacet
  facet normal 0.980714 -0.19545 0
    outer loop
      vertex -6.30841 -0.00582886 2.1
      vertex -6.25543 0.26001 1.2
      vertex -6.25543 0.26001 2.1
    endloop
  endfacet
  facet normal 0.980714 -0.19545 0
    outer loop
      vertex -6.25543 0.26001 1.2
      vertex -6.30841 -0.00582886 2.1
      vertex -6.30841 -0.00582886 1.2
    endloop
  endfacet
  facet normal 0.951907 -0.306386 0
    outer loop
      vertex -6.25543 0.26001 2.1
      vertex -6.18127 0.490417 1.2
      vertex -6.18127 0.490417 2.1
    endloop
  endfacet
  facet normal 0.951907 -0.306386 0
    outer loop
      vertex -6.18127 0.490417 1.2
      vertex -6.25543 0.26001 2.1
      vertex -6.25543 0.26001 1.2
    endloop
  endfacet
  facet normal 0.89832 -0.439341 0
    outer loop
      vertex -6.18127 0.490417 2.1
      vertex -6.08592 0.685379 1.2
      vertex -6.08592 0.685379 2.1
    endloop
  endfacet
  facet normal 0.89832 -0.439341 0
    outer loop
      vertex -6.08592 0.685379 1.2
      vertex -6.18127 0.490417 2.1
      vertex -6.18127 0.490417 1.2
    endloop
  endfacet
  facet normal 0.80746 -0.589922 0
    outer loop
      vertex -6.08592 0.685379 2.1
      vertex -5.96938 0.844894 1.2
      vertex -5.96938 0.844894 2.1
    endloop
  endfacet
  facet normal 0.80746 -0.589922 0
    outer loop
      vertex -5.96938 0.844894 1.2
      vertex -6.08592 0.685379 2.1
      vertex -6.08592 0.685379 1.2
    endloop
  endfacet
  facet normal 0.669254 -0.743034 0
    outer loop
      vertex -5.96938 0.844894 1.2
      vertex -5.83165 0.968948 2.1
      vertex -5.96938 0.844894 2.1
    endloop
  endfacet
  facet normal 0.669254 -0.743034 0
    outer loop
      vertex -5.83165 0.968948 2.1
      vertex -5.96938 0.844894 1.2
      vertex -5.83165 0.968948 1.2
    endloop
  endfacet
  facet normal 0.487041 -0.873379 0
    outer loop
      vertex -5.83165 0.968948 1.2
      vertex -5.67273 1.05757 2.1
      vertex -5.83165 0.968948 2.1
    endloop
  endfacet
  facet normal 0.487041 -0.873379 0
    outer loop
      vertex -5.67273 1.05757 2.1
      vertex -5.83165 0.968948 1.2
      vertex -5.67273 1.05757 1.2
    endloop
  endfacet
  facet normal 0.283164 -0.959072 0
    outer loop
      vertex -5.67273 1.05757 1.2
      vertex -5.49261 1.11075 2.1
      vertex -5.67273 1.05757 2.1
    endloop
  endfacet
  facet normal 0.283164 -0.959072 0
    outer loop
      vertex -5.49261 1.11075 2.1
      vertex -5.67273 1.05757 1.2
      vertex -5.49261 1.11075 1.2
    endloop
  endfacet
  facet normal 0.0876396 -0.996152 0
    outer loop
      vertex -5.49261 1.11075 1.2
      vertex -5.29131 1.12846 2.1
      vertex -5.49261 1.11075 2.1
    endloop
  endfacet
  facet normal 0.0876396 -0.996152 0
    outer loop
      vertex -5.29131 1.12846 2.1
      vertex -5.49261 1.11075 1.2
      vertex -5.29131 1.12846 1.2
    endloop
  endfacet
  facet normal -0.0286821 -0.999589 0
    outer loop
      vertex -5.29131 1.12846 1.2
      vertex -5.20732 1.12605 2.1
      vertex -5.29131 1.12846 2.1
    endloop
  endfacet
  facet normal -0.0286821 -0.999589 -0
    outer loop
      vertex -5.20732 1.12605 2.1
      vertex -5.29131 1.12846 1.2
      vertex -5.20732 1.12605 1.2
    endloop
  endfacet
  facet normal -0.0901657 -0.995927 0
    outer loop
      vertex -5.20732 1.12605 1.2
      vertex -5.12724 1.1188 2.1
      vertex -5.20732 1.12605 2.1
    endloop
  endfacet
  facet normal -0.0901657 -0.995927 -0
    outer loop
      vertex -5.12724 1.1188 2.1
      vertex -5.20732 1.12605 1.2
      vertex -5.12724 1.1188 1.2
    endloop
  endfacet
  facet normal -0.156635 -0.987657 0
    outer loop
      vertex -5.12724 1.1188 1.2
      vertex -5.05107 1.10672 2.1
      vertex -5.12724 1.1188 2.1
    endloop
  endfacet
  facet normal -0.156635 -0.987657 -0
    outer loop
      vertex -5.05107 1.10672 2.1
      vertex -5.12724 1.1188 1.2
      vertex -5.05107 1.10672 1.2
    endloop
  endfacet
  facet normal -0.227988 -0.973664 0
    outer loop
      vertex -5.05107 1.10672 1.2
      vertex -4.97881 1.0898 2.1
      vertex -5.05107 1.10672 2.1
    endloop
  endfacet
  facet normal -0.227988 -0.973664 -0
    outer loop
      vertex -4.97881 1.0898 2.1
      vertex -5.05107 1.10672 1.2
      vertex -4.97881 1.0898 1.2
    endloop
  endfacet
  facet normal -0.303319 -0.952889 0
    outer loop
      vertex -4.97881 1.0898 1.2
      vertex -4.91045 1.06804 2.1
      vertex -4.97881 1.0898 2.1
    endloop
  endfacet
  facet normal -0.303319 -0.952889 -0
    outer loop
      vertex -4.91045 1.06804 2.1
      vertex -4.97881 1.0898 1.2
      vertex -4.91045 1.06804 1.2
    endloop
  endfacet
  facet normal -0.381211 -0.924488 0
    outer loop
      vertex -4.91045 1.06804 1.2
      vertex -4.84599 1.04146 2.1
      vertex -4.91045 1.06804 2.1
    endloop
  endfacet
  facet normal -0.381211 -0.924488 -0
    outer loop
      vertex -4.84599 1.04146 2.1
      vertex -4.91045 1.06804 1.2
      vertex -4.84599 1.04146 1.2
    endloop
  endfacet
  facet normal -0.460766 -0.887521 0
    outer loop
      vertex -4.84599 1.04146 1.2
      vertex -4.78545 1.01003 2.1
      vertex -4.84599 1.04146 2.1
    endloop
  endfacet
  facet normal -0.460766 -0.887521 -0
    outer loop
      vertex -4.78545 1.01003 2.1
      vertex -4.84599 1.04146 1.2
      vertex -4.78545 1.01003 1.2
    endloop
  endfacet
  facet normal -0.539163 -0.842201 0
    outer loop
      vertex -4.78545 1.01003 1.2
      vertex -4.72881 0.97377 2.1
      vertex -4.78545 1.01003 2.1
    endloop
  endfacet
  facet normal -0.539163 -0.842201 -0
    outer loop
      vertex -4.72881 0.97377 2.1
      vertex -4.78545 1.01003 1.2
      vertex -4.72881 0.97377 1.2
    endloop
  endfacet
  facet normal -0.614617 -0.788826 0
    outer loop
      vertex -4.72881 0.97377 1.2
      vertex -4.67609 0.932693 2.1
      vertex -4.72881 0.97377 2.1
    endloop
  endfacet
  facet normal -0.614617 -0.788826 -0
    outer loop
      vertex -4.67609 0.932693 2.1
      vertex -4.72881 0.97377 1.2
      vertex -4.67609 0.932693 1.2
    endloop
  endfacet
  facet normal -0.68513 -0.728421 0
    outer loop
      vertex -4.67609 0.932693 1.2
      vertex -4.62726 0.886765 2.1
      vertex -4.67609 0.932693 2.1
    endloop
  endfacet
  facet normal -0.68513 -0.728421 -0
    outer loop
      vertex -4.62726 0.886765 2.1
      vertex -4.67609 0.932693 1.2
      vertex -4.62726 0.886765 1.2
    endloop
  endfacet
  facet normal -0.742228 -0.670148 0
    outer loop
      vertex -4.58214 0.836792 1.2
      vertex -4.62726 0.886765 2.1
      vertex -4.62726 0.886765 1.2
    endloop
  endfacet
  facet normal -0.742228 -0.670148 0
    outer loop
      vertex -4.62726 0.886765 2.1
      vertex -4.58214 0.836792 1.2
      vertex -4.58214 0.836792 2.1
    endloop
  endfacet
  facet normal -0.788052 -0.615608 0
    outer loop
      vertex -4.54054 0.783539 1.2
      vertex -4.58214 0.836792 2.1
      vertex -4.58214 0.836792 1.2
    endloop
  endfacet
  facet normal -0.788052 -0.615608 0
    outer loop
      vertex -4.58214 0.836792 2.1
      vertex -4.54054 0.783539 1.2
      vertex -4.54054 0.783539 2.1
    endloop
  endfacet
  facet normal -0.829327 -0.558764 0
    outer loop
      vertex -4.50246 0.72702 1.2
      vertex -4.54054 0.783539 2.1
      vertex -4.54054 0.783539 1.2
    endloop
  endfacet
  facet normal -0.829327 -0.558764 0
    outer loop
      vertex -4.54054 0.783539 2.1
      vertex -4.50246 0.72702 1.2
      vertex -4.50246 0.72702 2.1
    endloop
  endfacet
  facet normal -0.865751 -0.500474 0
    outer loop
      vertex -4.4679 0.667236 1.2
      vertex -4.50246 0.72702 2.1
      vertex -4.50246 0.72702 1.2
    endloop
  endfacet
  facet normal -0.865751 -0.500474 0
    outer loop
      vertex -4.50246 0.72702 2.1
      vertex -4.4679 0.667236 1.2
      vertex -4.4679 0.667236 2.1
    endloop
  endfacet
  facet normal -0.897055 -0.441919 0
    outer loop
      vertex -4.43684 0.604187 1.2
      vertex -4.4679 0.667236 2.1
      vertex -4.4679 0.667236 1.2
    endloop
  endfacet
  facet normal -0.897055 -0.441919 0
    outer loop
      vertex -4.4679 0.667236 2.1
      vertex -4.43684 0.604187 1.2
      vertex -4.43684 0.604187 2.1
    endloop
  endfacet
  facet normal -0.923657 -0.383221 0
    outer loop
      vertex -4.40932 0.537857 1.2
      vertex -4.43684 0.604187 2.1
      vertex -4.43684 0.604187 1.2
    endloop
  endfacet
  facet normal -0.923657 -0.383221 0
    outer loop
      vertex -4.43684 0.604187 2.1
      vertex -4.40932 0.537857 1.2
      vertex -4.40932 0.537857 2.1
    endloop
  endfacet
  facet normal -0.945282 -0.326254 0
    outer loop
      vertex -4.3853 0.468262 1.2
      vertex -4.40932 0.537857 2.1
      vertex -4.40932 0.537857 1.2
    endloop
  endfacet
  facet normal -0.945282 -0.326254 0
    outer loop
      vertex -4.40932 0.537857 2.1
      vertex -4.3853 0.468262 1.2
      vertex -4.3853 0.468262 2.1
    endloop
  endfacet
  facet normal -0.962673 -0.270668 0
    outer loop
      vertex -4.36481 0.395386 1.2
      vertex -4.3853 0.468262 2.1
      vertex -4.3853 0.468262 1.2
    endloop
  endfacet
  facet normal -0.962673 -0.270668 0
    outer loop
      vertex -4.3853 0.468262 2.1
      vertex -4.36481 0.395386 1.2
      vertex -4.36481 0.395386 2.1
    endloop
  endfacet
  facet normal -0.975998 -0.21778 0
    outer loop
      vertex -4.34782 0.319244 1.2
      vertex -4.36481 0.395386 2.1
      vertex -4.36481 0.395386 1.2
    endloop
  endfacet
  facet normal -0.975998 -0.21778 0
    outer loop
      vertex -4.36481 0.395386 2.1
      vertex -4.34782 0.319244 1.2
      vertex -4.34782 0.319244 2.1
    endloop
  endfacet
  facet normal -0.985915 -0.167245 0
    outer loop
      vertex -4.33435 0.239838 1.2
      vertex -4.34782 0.319244 2.1
      vertex -4.34782 0.319244 1.2
    endloop
  endfacet
  facet normal -0.985915 -0.167245 0
    outer loop
      vertex -4.34782 0.319244 2.1
      vertex -4.33435 0.239838 1.2
      vertex -4.33435 0.239838 2.1
    endloop
  endfacet
  facet normal 0.0493911 -0.99878 0
    outer loop
      vertex -4.33435 0.239838 1.2
      vertex -2.95261 0.308167 2.1
      vertex -4.33435 0.239838 2.1
    endloop
  endfacet
  facet normal 0.0493911 -0.99878 0
    outer loop
      vertex -2.95261 0.308167 2.1
      vertex -4.33435 0.239838 1.2
      vertex -2.95261 0.308167 1.2
    endloop
  endfacet
  facet normal 0.976317 0.216344 0
    outer loop
      vertex -2.95261 0.308167 2.1
      vertex -2.98839 0.469635 1.2
      vertex -2.98839 0.469635 2.1
    endloop
  endfacet
  facet normal 0.976317 0.216344 0
    outer loop
      vertex -2.98839 0.469635 1.2
      vertex -2.95261 0.308167 2.1
      vertex -2.95261 0.308167 1.2
    endloop
  endfacet
  facet normal 0.960237 0.279185 0
    outer loop
      vertex -2.98839 0.469635 2.1
      vertex -3.03326 0.623962 1.2
      vertex -3.03326 0.623962 2.1
    endloop
  endfacet
  facet normal 0.960237 0.279185 0
    outer loop
      vertex -3.03326 0.623962 1.2
      vertex -2.98839 0.469635 2.1
      vertex -2.98839 0.469635 1.2
    endloop
  endfacet
  facet normal 0.938905 0.344176 0
    outer loop
      vertex -3.03326 0.623962 2.1
      vertex -3.08722 0.771164 1.2
      vertex -3.08722 0.771164 2.1
    endloop
  endfacet
  facet normal 0.938905 0.344176 0
    outer loop
      vertex -3.08722 0.771164 1.2
      vertex -3.03326 0.623962 2.1
      vertex -3.03326 0.623962 1.2
    endloop
  endfacet
  facet normal 0.911932 0.410342 0
    outer loop
      vertex -3.08722 0.771164 2.1
      vertex -3.15025 0.91124 1.2
      vertex -3.15025 0.91124 2.1
    endloop
  endfacet
  facet normal 0.911932 0.410342 0
    outer loop
      vertex -3.15025 0.91124 1.2
      vertex -3.08722 0.771164 2.1
      vertex -3.08722 0.771164 1.2
    endloop
  endfacet
  facet normal 0.879 0.476822 0
    outer loop
      vertex -3.15025 0.91124 2.1
      vertex -3.22237 1.04419 1.2
      vertex -3.22237 1.04419 2.1
    endloop
  endfacet
  facet normal 0.879 0.476822 0
    outer loop
      vertex -3.22237 1.04419 1.2
      vertex -3.15025 0.91124 2.1
      vertex -3.15025 0.91124 1.2
    endloop
  endfacet
  facet normal 0.840218 0.542249 0
    outer loop
      vertex -3.22237 1.04419 2.1
      vertex -3.30357 1.17001 1.2
      vertex -3.30357 1.17001 2.1
    endloop
  endfacet
  facet normal 0.840218 0.542249 0
    outer loop
      vertex -3.30357 1.17001 1.2
      vertex -3.22237 1.04419 2.1
      vertex -3.22237 1.04419 1.2
    endloop
  endfacet
  facet normal 0.795886 0.605447 0
    outer loop
      vertex -3.30357 1.17001 2.1
      vertex -3.39386 1.2887 1.2
      vertex -3.39386 1.2887 2.1
    endloop
  endfacet
  facet normal 0.795886 0.605447 0
    outer loop
      vertex -3.39386 1.2887 1.2
      vertex -3.30357 1.17001 2.1
      vertex -3.30357 1.17001 1.2
    endloop
  endfacet
  facet normal 0.746822 0.665024 0
    outer loop
      vertex -3.39386 1.2887 2.1
      vertex -3.49321 1.40027 1.2
      vertex -3.49321 1.40027 2.1
    endloop
  endfacet
  facet normal 0.746822 0.665024 0
    outer loop
      vertex -3.49321 1.40027 1.2
      vertex -3.39386 1.2887 2.1
      vertex -3.39386 1.2887 1.2
    endloop
  endfacet
  facet normal 0.693597 0.720363 -0
    outer loop
      vertex -3.49321 1.40027 1.2
      vertex -3.60167 1.5047 2.1
      vertex -3.49321 1.40027 2.1
    endloop
  endfacet
  facet normal 0.693597 0.720363 0
    outer loop
      vertex -3.60167 1.5047 2.1
      vertex -3.49321 1.40027 1.2
      vertex -3.60167 1.5047 1.2
    endloop
  endfacet
  facet normal 0.63777 0.770227 -0
    outer loop
      vertex -3.60167 1.5047 1.2
      vertex -3.71919 1.60201 2.1
      vertex -3.60167 1.5047 2.1
    endloop
  endfacet
  facet normal 0.63777 0.770227 0
    outer loop
      vertex -3.71919 1.60201 2.1
      vertex -3.60167 1.5047 1.2
      vertex -3.71919 1.60201 1.2
    endloop
  endfacet
  facet normal 0.579403 0.815041 -0
    outer loop
      vertex -3.71919 1.60201 1.2
      vertex -3.84447 1.69107 2.1
      vertex -3.71919 1.60201 2.1
    endloop
  endfacet
  facet normal 0.579403 0.815041 0
    outer loop
      vertex -3.84447 1.69107 2.1
      vertex -3.71919 1.60201 1.2
      vertex -3.84447 1.69107 1.2
    endloop
  endfacet
  facet normal 0.517559 0.855648 -0
    outer loop
      vertex -3.84447 1.69107 1.2
      vertex -3.9762 1.77075 2.1
      vertex -3.84447 1.69107 2.1
    endloop
  endfacet
  facet normal 0.517559 0.855648 0
    outer loop
      vertex -3.9762 1.77075 2.1
      vertex -3.84447 1.69107 1.2
      vertex -3.9762 1.77075 1.2
    endloop
  endfacet
  facet normal 0.45355 0.891231 -0
    outer loop
      vertex -3.9762 1.77075 1.2
      vertex -4.11436 1.84106 2.1
      vertex -3.9762 1.77075 2.1
    endloop
  endfacet
  facet normal 0.45355 0.891231 0
    outer loop
      vertex -4.11436 1.84106 2.1
      vertex -3.9762 1.77075 1.2
      vertex -4.11436 1.84106 1.2
    endloop
  endfacet
  facet normal 0.388282 0.921541 -0
    outer loop
      vertex -4.11436 1.84106 1.2
      vertex -4.25897 1.90199 2.1
      vertex -4.11436 1.84106 2.1
    endloop
  endfacet
  facet normal 0.388282 0.921541 0
    outer loop
      vertex -4.25897 1.90199 2.1
      vertex -4.11436 1.84106 1.2
      vertex -4.25897 1.90199 1.2
    endloop
  endfacet
  facet normal 0.323023 0.946391 -0
    outer loop
      vertex -4.25897 1.90199 1.2
      vertex -4.41003 1.95355 2.1
      vertex -4.25897 1.90199 2.1
    endloop
  endfacet
  facet normal 0.323023 0.946391 0
    outer loop
      vertex -4.41003 1.95355 2.1
      vertex -4.25897 1.90199 1.2
      vertex -4.41003 1.95355 1.2
    endloop
  endfacet
  facet normal 0.258735 0.965948 -0
    outer loop
      vertex -4.41003 1.95355 1.2
      vertex -4.56754 1.99574 2.1
      vertex -4.41003 1.95355 2.1
    endloop
  endfacet
  facet normal 0.258735 0.965948 0
    outer loop
      vertex -4.56754 1.99574 2.1
      vertex -4.41003 1.95355 1.2
      vertex -4.56754 1.99574 1.2
    endloop
  endfacet
  facet normal 0.196231 0.980558 -0
    outer loop
      vertex -4.56754 1.99574 1.2
      vertex -4.73149 2.02855 2.1
      vertex -4.56754 1.99574 2.1
    endloop
  endfacet
  facet normal 0.196231 0.980558 0
    outer loop
      vertex -4.73149 2.02855 2.1
      vertex -4.56754 1.99574 1.2
      vertex -4.73149 2.02855 1.2
    endloop
  endfacet
  facet normal 0.136275 0.990671 -0
    outer loop
      vertex -4.73149 2.02855 1.2
      vertex -4.90189 2.05199 2.1
      vertex -4.73149 2.02855 2.1
    endloop
  endfacet
  facet normal 0.136275 0.990671 0
    outer loop
      vertex -4.90189 2.05199 2.1
      vertex -4.73149 2.02855 1.2
      vertex -4.90189 2.05199 1.2
    endloop
  endfacet
  facet normal 0.0792052 0.996858 -0
    outer loop
      vertex -4.90189 2.05199 1.2
      vertex -5.07872 2.06604 2.1
      vertex -4.90189 2.05199 2.1
    endloop
  endfacet
  facet normal 0.0792052 0.996858 0
    outer loop
      vertex -5.07872 2.06604 2.1
      vertex -4.90189 2.05199 1.2
      vertex -5.07872 2.06604 1.2
    endloop
  endfacet
  facet normal 0.025525 0.999674 -0
    outer loop
      vertex -5.07872 2.06604 1.2
      vertex -5.26201 2.07072 2.1
      vertex -5.07872 2.06604 2.1
    endloop
  endfacet
  facet normal 0.025525 0.999674 0
    outer loop
      vertex -5.26201 2.07072 2.1
      vertex -5.07872 2.06604 1.2
      vertex -5.26201 2.07072 1.2
    endloop
  endfacet
  facet normal -0.0307891 0.999526 0
    outer loop
      vertex -5.26201 2.07072 1.2
      vertex -5.49867 2.06343 2.1
      vertex -5.26201 2.07072 2.1
    endloop
  endfacet
  facet normal -0.0307891 0.999526 0
    outer loop
      vertex -5.49867 2.06343 2.1
      vertex -5.26201 2.07072 1.2
      vertex -5.49867 2.06343 1.2
    endloop
  endfacet
  facet normal -0.0966118 0.995322 0
    outer loop
      vertex -5.49867 2.06343 1.2
      vertex -5.72429 2.04153 2.1
      vertex -5.49867 2.06343 2.1
    endloop
  endfacet
  facet normal -0.0966118 0.995322 0
    outer loop
      vertex -5.72429 2.04153 2.1
      vertex -5.49867 2.06343 1.2
      vertex -5.72429 2.04153 1.2
    endloop
  endfacet
  facet normal -0.167631 0.98585 0
    outer loop
      vertex -5.72429 2.04153 1.2
      vertex -5.93889 2.00504 2.1
      vertex -5.72429 2.04153 2.1
    endloop
  endfacet
  facet normal -0.167631 0.98585 0
    outer loop
      vertex -5.93889 2.00504 2.1
      vertex -5.72429 2.04153 1.2
      vertex -5.93889 2.00504 1.2
    endloop
  endfacet
  facet normal -0.243533 0.969893 0
    outer loop
      vertex -5.93889 2.00504 1.2
      vertex -6.14244 1.95393 2.1
      vertex -5.93889 2.00504 2.1
    endloop
  endfacet
  facet normal -0.243533 0.969893 0
    outer loop
      vertex -6.14244 1.95393 2.1
      vertex -5.93889 2.00504 1.2
      vertex -6.14244 1.95393 1.2
    endloop
  endfacet
  facet normal -0.32293 0.946423 0
    outer loop
      vertex -6.14244 1.95393 1.2
      vertex -6.33496 1.88824 2.1
      vertex -6.14244 1.95393 2.1
    endloop
  endfacet
  facet normal -0.32293 0.946423 0
    outer loop
      vertex -6.33496 1.88824 2.1
      vertex -6.14244 1.95393 1.2
      vertex -6.33496 1.88824 1.2
    endloop
  endfacet
  facet normal -0.404572 0.914506 0
    outer loop
      vertex -6.33496 1.88824 1.2
      vertex -6.51645 1.80795 2.1
      vertex -6.33496 1.88824 2.1
    endloop
  endfacet
  facet normal -0.404572 0.914506 0
    outer loop
      vertex -6.51645 1.80795 2.1
      vertex -6.33496 1.88824 1.2
      vertex -6.51645 1.80795 1.2
    endloop
  endfacet
  facet normal -0.486409 0.873731 0
    outer loop
      vertex -6.51645 1.80795 1.2
      vertex -6.6869 1.71306 2.1
      vertex -6.51645 1.80795 2.1
    endloop
  endfacet
  facet normal -0.486409 0.873731 0
    outer loop
      vertex -6.6869 1.71306 2.1
      vertex -6.51645 1.80795 1.2
      vertex -6.6869 1.71306 1.2
    endloop
  endfacet
  facet normal -0.566079 0.824351 0
    outer loop
      vertex -6.6869 1.71306 1.2
      vertex -6.84633 1.60358 2.1
      vertex -6.6869 1.71306 2.1
    endloop
  endfacet
  facet normal -0.566079 0.824351 0
    outer loop
      vertex -6.84633 1.60358 2.1
      vertex -6.6869 1.71306 1.2
      vertex -6.84633 1.60358 1.2
    endloop
  endfacet
  facet normal -0.641556 0.767076 0
    outer loop
      vertex -6.84633 1.60358 1.2
      vertex -6.99471 1.47948 2.1
      vertex -6.84633 1.60358 2.1
    endloop
  endfacet
  facet normal -0.641556 0.767076 0
    outer loop
      vertex -6.99471 1.47948 2.1
      vertex -6.84633 1.60358 1.2
      vertex -6.99471 1.47948 1.2
    endloop
  endfacet
  facet normal -0.710531 0.703666 0
    outer loop
      vertex -7.13206 1.34079 1.2
      vertex -6.99471 1.47948 2.1
      vertex -6.99471 1.47948 1.2
    endloop
  endfacet
  facet normal -0.710531 0.703666 0
    outer loop
      vertex -6.99471 1.47948 2.1
      vertex -7.13206 1.34079 1.2
      vertex -7.13206 1.34079 2.1
    endloop
  endfacet
  facet normal -0.771303 0.636468 0
    outer loop
      vertex -7.25729 1.18903 1.2
      vertex -7.13206 1.34079 2.1
      vertex -7.13206 1.34079 1.2
    endloop
  endfacet
  facet normal -0.771303 0.636468 0
    outer loop
      vertex -7.13206 1.34079 2.1
      vertex -7.25729 1.18903 1.2
      vertex -7.25729 1.18903 2.1
    endloop
  endfacet
  facet normal -0.824638 0.565661 0
    outer loop
      vertex -7.36934 1.02568 1.2
      vertex -7.25729 1.18903 2.1
      vertex -7.25729 1.18903 1.2
    endloop
  endfacet
  facet normal -0.824638 0.565661 0
    outer loop
      vertex -7.25729 1.18903 2.1
      vertex -7.36934 1.02568 1.2
      vertex -7.36934 1.02568 2.1
    endloop
  endfacet
  facet normal -0.870569 0.492047 0
    outer loop
      vertex -7.4682 0.850769 1.2
      vertex -7.36934 1.02568 2.1
      vertex -7.36934 1.02568 1.2
    endloop
  endfacet
  facet normal -0.870569 0.492047 0
    outer loop
      vertex -7.36934 1.02568 2.1
      vertex -7.4682 0.850769 1.2
      vertex -7.4682 0.850769 2.1
    endloop
  endfacet
  facet normal -0.908688 0.417476 0
    outer loop
      vertex -7.55388 0.664276 1.2
      vertex -7.4682 0.850769 2.1
      vertex -7.4682 0.850769 1.2
    endloop
  endfacet
  facet normal -0.908688 0.417476 0
    outer loop
      vertex -7.4682 0.850769 2.1
      vertex -7.55388 0.664276 1.2
      vertex -7.55388 0.664276 2.1
    endloop
  endfacet
  facet normal -0.939069 0.343727 0
    outer loop
      vertex -7.62637 0.466232 1.2
      vertex -7.55388 0.664276 2.1
      vertex -7.55388 0.664276 1.2
    endloop
  endfacet
  facet normal -0.939069 0.343727 0
    outer loop
      vertex -7.55388 0.664276 2.1
      vertex -7.62637 0.466232 1.2
      vertex -7.62637 0.466232 2.1
    endloop
  endfacet
  facet normal -0.962203 0.272332 0
    outer loop
      vertex -7.6857 0.256607 1.2
      vertex -7.62637 0.466232 2.1
      vertex -7.62637 0.466232 1.2
    endloop
  endfacet
  facet normal -0.962203 0.272332 0
    outer loop
      vertex -7.62637 0.466232 2.1
      vertex -7.6857 0.256607 1.2
      vertex -7.6857 0.256607 2.1
    endloop
  endfacet
  facet normal -0.978938 0.20416 0
    outer loop
      vertex -7.73183 0.0354156 1.2
      vertex -7.6857 0.256607 2.1
      vertex -7.6857 0.256607 1.2
    endloop
  endfacet
  facet normal -0.978938 0.20416 0
    outer loop
      vertex -7.6857 0.256607 2.1
      vertex -7.73183 0.0354156 1.2
      vertex -7.73183 0.0354156 2.1
    endloop
  endfacet
  facet normal -0.990122 0.140208 0
    outer loop
      vertex -7.76479 -0.197342 1.2
      vertex -7.73183 0.0354156 2.1
      vertex -7.73183 0.0354156 1.2
    endloop
  endfacet
  facet normal -0.990122 0.140208 0
    outer loop
      vertex -7.73183 0.0354156 2.1
      vertex -7.76479 -0.197342 1.2
      vertex -7.76479 -0.197342 2.1
    endloop
  endfacet
  facet normal -0.996743 0.0806486 0
    outer loop
      vertex -7.78456 -0.441681 1.2
      vertex -7.76479 -0.197342 2.1
      vertex -7.76479 -0.197342 1.2
    endloop
  endfacet
  facet normal -0.996743 0.0806486 0
    outer loop
      vertex -7.76479 -0.197342 2.1
      vertex -7.78456 -0.441681 1.2
      vertex -7.78456 -0.441681 2.1
    endloop
  endfacet
  facet normal -0.999669 0.0257432 0
    outer loop
      vertex -7.79115 -0.697586 1.2
      vertex -7.78456 -0.441681 2.1
      vertex -7.78456 -0.441681 1.2
    endloop
  endfacet
  facet normal -0.999669 0.0257432 0
    outer loop
      vertex -7.78456 -0.441681 2.1
      vertex -7.79115 -0.697586 1.2
      vertex -7.79115 -0.697586 2.1
    endloop
  endfacet
  facet normal -0.999659 -0.0261304 0
    outer loop
      vertex -7.78461 -0.947784 1.2
      vertex -7.79115 -0.697586 2.1
      vertex -7.79115 -0.697586 1.2
    endloop
  endfacet
  facet normal -0.999659 -0.0261304 0
    outer loop
      vertex -7.79115 -0.697586 2.1
      vertex -7.78461 -0.947784 1.2
      vertex -7.78461 -0.947784 2.1
    endloop
  endfacet
  facet normal -0.996642 -0.08188 0
    outer loop
      vertex -7.76498 -1.18672 1.2
      vertex -7.78461 -0.947784 2.1
      vertex -7.78461 -0.947784 1.2
    endloop
  endfacet
  facet normal -0.996642 -0.08188 0
    outer loop
      vertex -7.78461 -0.947784 2.1
      vertex -7.76498 -1.18672 1.2
      vertex -7.76498 -1.18672 2.1
    endloop
  endfacet
  facet normal -0.989834 -0.142225 0
    outer loop
      vertex -7.73227 -1.41437 1.2
      vertex -7.76498 -1.18672 2.1
      vertex -7.76498 -1.18672 1.2
    endloop
  endfacet
  facet normal -0.989834 -0.142225 0
    outer loop
      vertex -7.76498 -1.18672 2.1
      vertex -7.73227 -1.41437 1.2
      vertex -7.73227 -1.41437 2.1
    endloop
  endfacet
  facet normal -0.978314 -0.207129 0
    outer loop
      vertex -7.68646 -1.63074 1.2
      vertex -7.73227 -1.41437 2.1
      vertex -7.73227 -1.41437 1.2
    endloop
  endfacet
  facet normal -0.978314 -0.207129 0
    outer loop
      vertex -7.73227 -1.41437 2.1
      vertex -7.68646 -1.63074 1.2
      vertex -7.68646 -1.63074 2.1
    endloop
  endfacet
  facet normal -0.961173 -0.275946 0
    outer loop
      vertex -7.62758 -1.83583 1.2
      vertex -7.68646 -1.63074 2.1
      vertex -7.68646 -1.63074 1.2
    endloop
  endfacet
  facet normal -0.961173 -0.275946 0
    outer loop
      vertex -7.68646 -1.63074 2.1
      vertex -7.62758 -1.83583 1.2
      vertex -7.62758 -1.83583 2.1
    endloop
  endfacet
  facet normal -0.937473 -0.348058 0
    outer loop
      vertex -7.55562 -2.02965 1.2
      vertex -7.62758 -1.83583 2.1
      vertex -7.62758 -1.83583 1.2
    endloop
  endfacet
  facet normal -0.937473 -0.348058 0
    outer loop
      vertex -7.62758 -1.83583 2.1
      vertex -7.55562 -2.02965 1.2
      vertex -7.55562 -2.02965 2.1
    endloop
  endfacet
  facet normal -0.906441 -0.422334 0
    outer loop
      vertex -7.47057 -2.21219 1.2
      vertex -7.55562 -2.02965 2.1
      vertex -7.55562 -2.02965 1.2
    endloop
  endfacet
  facet normal -0.906441 -0.422334 0
    outer loop
      vertex -7.55562 -2.02965 2.1
      vertex -7.47057 -2.21219 1.2
      vertex -7.47057 -2.21219 2.1
    endloop
  endfacet
  facet normal -0.867603 -0.497257 0
    outer loop
      vertex -7.37242 -2.38344 1.2
      vertex -7.47057 -2.21219 2.1
      vertex -7.47057 -2.21219 1.2
    endloop
  endfacet
  facet normal -0.867603 -0.497257 0
    outer loop
      vertex -7.47057 -2.21219 2.1
      vertex -7.37242 -2.38344 1.2
      vertex -7.37242 -2.38344 2.1
    endloop
  endfacet
  facet normal -0.821091 -0.570797 0
    outer loop
      vertex -7.2612 -2.54343 1.2
      vertex -7.37242 -2.38344 2.1
      vertex -7.37242 -2.38344 1.2
    endloop
  endfacet
  facet normal -0.821091 -0.570797 0
    outer loop
      vertex -7.37242 -2.38344 2.1
      vertex -7.2612 -2.54343 1.2
      vertex -7.2612 -2.54343 2.1
    endloop
  endfacet
  facet normal -0.767201 -0.641407 0
    outer loop
      vertex -7.13689 -2.69212 1.2
      vertex -7.2612 -2.54343 2.1
      vertex -7.2612 -2.54343 1.2
    endloop
  endfacet
  facet normal -0.767201 -0.641407 0
    outer loop
      vertex -7.2612 -2.54343 2.1
      vertex -7.13689 -2.69212 1.2
      vertex -7.13689 -2.69212 2.1
    endloop
  endfacet
  facet normal -0.705989 -0.708223 0
    outer loop
      vertex -7.13689 -2.69212 1.2
      vertex -7.00056 -2.82802 2.1
      vertex -7.13689 -2.69212 2.1
    endloop
  endfacet
  facet normal -0.705989 -0.708223 -0
    outer loop
      vertex -7.00056 -2.82802 2.1
      vertex -7.13689 -2.69212 1.2
      vertex -7.00056 -2.82802 1.2
    endloop
  endfacet
  facet normal -0.636727 -0.771089 0
    outer loop
      vertex -7.00056 -2.82802 1.2
      vertex -6.8533 -2.94962 2.1
      vertex -7.00056 -2.82802 2.1
    endloop
  endfacet
  facet normal -0.636727 -0.771089 -0
    outer loop
      vertex -6.8533 -2.94962 2.1
      vertex -7.00056 -2.82802 1.2
      vertex -6.8533 -2.94962 1.2
    endloop
  endfacet
  facet normal -0.561275 -0.827629 0
    outer loop
      vertex -6.8533 -2.94962 1.2
      vertex -6.69511 -3.0569 2.1
      vertex -6.8533 -2.94962 2.1
    endloop
  endfacet
  facet normal -0.561275 -0.827629 -0
    outer loop
      vertex -6.69511 -3.0569 2.1
      vertex -6.8533 -2.94962 1.2
      vertex -6.69511 -3.0569 1.2
    endloop
  endfacet
  facet normal -0.481815 -0.876273 0
    outer loop
      vertex -6.69511 -3.0569 1.2
      vertex -6.52599 -3.14989 2.1
      vertex -6.69511 -3.0569 2.1
    endloop
  endfacet
  facet normal -0.481815 -0.876273 -0
    outer loop
      vertex -6.52599 -3.14989 2.1
      vertex -6.69511 -3.0569 1.2
      vertex -6.52599 -3.14989 1.2
    endloop
  endfacet
  facet normal -0.400346 -0.916364 0
    outer loop
      vertex -6.52599 -3.14989 1.2
      vertex -6.34592 -3.22856 2.1
      vertex -6.52599 -3.14989 2.1
    endloop
  endfacet
  facet normal -0.400346 -0.916364 -0
    outer loop
      vertex -6.34592 -3.22856 2.1
      vertex -6.52599 -3.14989 1.2
      vertex -6.34592 -3.22856 1.2
    endloop
  endfacet
  facet normal -0.319396 -0.947621 0
    outer loop
      vertex -6.34592 -3.22856 1.2
      vertex -6.15491 -3.29294 2.1
      vertex -6.34592 -3.22856 2.1
    endloop
  endfacet
  facet normal -0.319396 -0.947621 -0
    outer loop
      vertex -6.15491 -3.29294 2.1
      vertex -6.34592 -3.22856 1.2
      vertex -6.15491 -3.29294 1.2
    endloop
  endfacet
  facet normal -0.240613 -0.970621 0
    outer loop
      vertex -6.15491 -3.29294 1.2
      vertex -5.95297 -3.343 2.1
      vertex -6.15491 -3.29294 2.1
    endloop
  endfacet
  facet normal -0.240613 -0.970621 -0
    outer loop
      vertex -5.95297 -3.343 2.1
      vertex -6.15491 -3.29294 1.2
      vertex -5.95297 -3.343 1.2
    endloop
  endfacet
  facet normal -0.165698 -0.986176 0
    outer loop
      vertex -5.95297 -3.343 1.2
      vertex -5.74008 -3.37877 2.1
      vertex -5.95297 -3.343 2.1
    endloop
  endfacet
  facet normal -0.165698 -0.986176 -0
    outer loop
      vertex -5.74008 -3.37877 2.1
      vertex -5.95297 -3.343 1.2
      vertex -5.74008 -3.37877 1.2
    endloop
  endfacet
  facet normal -0.0954031 -0.995439 0
    outer loop
      vertex -5.74008 -3.37877 1.2
      vertex -5.51627 -3.40022 2.1
      vertex -5.74008 -3.37877 2.1
    endloop
  endfacet
  facet normal -0.0954031 -0.995439 -0
    outer loop
      vertex -5.51627 -3.40022 2.1
      vertex -5.74008 -3.37877 1.2
      vertex -5.51627 -3.40022 1.2
    endloop
  endfacet
  facet normal -0.0304864 -0.999535 0
    outer loop
      vertex -5.51627 -3.40022 1.2
      vertex -5.28152 -3.40738 2.1
      vertex -5.51627 -3.40022 2.1
    endloop
  endfacet
  facet normal -0.0304864 -0.999535 -0
    outer loop
      vertex -5.28152 -3.40738 2.1
      vertex -5.51627 -3.40022 1.2
      vertex -5.28152 -3.40738 1.2
    endloop
  endfacet
  facet normal 0.0183166 -0.999832 0
    outer loop
      vertex -5.28152 -3.40738 1.2
      vertex -5.15488 -3.40506 2.1
      vertex -5.28152 -3.40738 2.1
    endloop
  endfacet
  facet normal 0.0183166 -0.999832 0
    outer loop
      vertex -5.15488 -3.40506 2.1
      vertex -5.28152 -3.40738 1.2
      vertex -5.15488 -3.40506 1.2
    endloop
  endfacet
  facet normal 0.552758 0.833342 -0
    outer loop
      vertex -26.8086 -4.49463 1.2
      vertex -27.0484 -4.33557 2.1
      vertex -26.8086 -4.49463 2.1
    endloop
  endfacet
  facet normal 0.552758 0.833342 0
    outer loop
      vertex -27.0484 -4.33557 2.1
      vertex -26.8086 -4.49463 1.2
      vertex -27.0484 -4.33557 1.2
    endloop
  endfacet
  facet normal 0.597127 0.802147 -0
    outer loop
      vertex -27.0484 -4.33557 1.2
      vertex -27.2792 -4.16376 2.1
      vertex -27.0484 -4.33557 2.1
    endloop
  endfacet
  facet normal 0.597127 0.802147 0
    outer loop
      vertex -27.2792 -4.16376 2.1
      vertex -27.0484 -4.33557 1.2
      vertex -27.2792 -4.16376 1.2
    endloop
  endfacet
  facet normal 0.639918 0.768443 -0
    outer loop
      vertex -27.2792 -4.16376 1.2
      vertex -27.5003 -3.97964 2.1
      vertex -27.2792 -4.16376 2.1
    endloop
  endfacet
  facet normal 0.639918 0.768443 0
    outer loop
      vertex -27.5003 -3.97964 2.1
      vertex -27.2792 -4.16376 1.2
      vertex -27.5003 -3.97964 1.2
    endloop
  endfacet
  facet normal 0.68044 0.732803 -0
    outer loop
      vertex -27.5003 -3.97964 1.2
      vertex -27.7112 -3.78381 2.1
      vertex -27.5003 -3.97964 2.1
    endloop
  endfacet
  facet normal 0.68044 0.732803 0
    outer loop
      vertex -27.7112 -3.78381 2.1
      vertex -27.5003 -3.97964 1.2
      vertex -27.7112 -3.78381 1.2
    endloop
  endfacet
  facet normal 0.719476 0.694518 0
    outer loop
      vertex -27.7112 -3.78381 2.1
      vertex -27.911 -3.57683 1.2
      vertex -27.911 -3.57683 2.1
    endloop
  endfacet
  facet normal 0.719476 0.694518 0
    outer loop
      vertex -27.911 -3.57683 1.2
      vertex -27.7112 -3.78381 2.1
      vertex -27.7112 -3.78381 1.2
    endloop
  endfacet
  facet normal 0.755906 0.65468 0
    outer loop
      vertex -27.911 -3.57683 2.1
      vertex -28.0994 -3.3593 1.2
      vertex -28.0994 -3.3593 2.1
    endloop
  endfacet
  facet normal 0.755906 0.65468 0
    outer loop
      vertex -28.0994 -3.3593 1.2
      vertex -27.911 -3.57683 2.1
      vertex -27.911 -3.57683 1.2
    endloop
  endfacet
  facet normal 0.790371 0.612629 0
    outer loop
      vertex -28.0994 -3.3593 2.1
      vertex -28.2757 -3.13185 1.2
      vertex -28.2757 -3.13185 2.1
    endloop
  endfacet
  facet normal 0.790371 0.612629 0
    outer loop
      vertex -28.2757 -3.13185 1.2
      vertex -28.0994 -3.3593 2.1
      vertex -28.0994 -3.3593 1.2
    endloop
  endfacet
  facet normal 0.822585 0.568642 0
    outer loop
      vertex -28.2757 -3.13185 2.1
      vertex -28.4393 -2.89519 1.2
      vertex -28.4393 -2.89519 2.1
    endloop
  endfacet
  facet normal 0.822585 0.568642 0
    outer loop
      vertex -28.4393 -2.89519 1.2
      vertex -28.2757 -3.13185 2.1
      vertex -28.2757 -3.13185 1.2
    endloop
  endfacet
  facet normal 0.852111 0.52336 0
    outer loop
      vertex -28.4393 -2.89519 2.1
      vertex -28.5899 -2.64999 1.2
      vertex -28.5899 -2.64999 2.1
    endloop
  endfacet
  facet normal 0.852111 0.52336 0
    outer loop
      vertex -28.5899 -2.64999 1.2
      vertex -28.4393 -2.89519 2.1
      vertex -28.4393 -2.89519 1.2
    endloop
  endfacet
  facet normal 0.879223 0.476411 0
    outer loop
      vertex -28.5899 -2.64999 2.1
      vertex -28.727 -2.39697 1.2
      vertex -28.727 -2.39697 2.1
    endloop
  endfacet
  facet normal 0.879223 0.476411 0
    outer loop
      vertex -28.727 -2.39697 1.2
      vertex -28.5899 -2.64999 2.1
      vertex -28.5899 -2.64999 1.2
    endloop
  endfacet
  facet normal 0.90386 0.427828 0
    outer loop
      vertex -28.727 -2.39697 2.1
      vertex -28.8501 -2.1369 1.2
      vertex -28.8501 -2.1369 2.1
    endloop
  endfacet
  facet normal 0.90386 0.427828 0
    outer loop
      vertex -28.8501 -2.1369 1.2
      vertex -28.727 -2.39697 2.1
      vertex -28.727 -2.39697 1.2
    endloop
  endfacet
  facet normal 0.925763 0.378104 0
    outer loop
      vertex -28.8501 -2.1369 2.1
      vertex -28.9589 -1.87051 1.2
      vertex -28.9589 -1.87051 2.1
    endloop
  endfacet
  facet normal 0.925763 0.378104 0
    outer loop
      vertex -28.9589 -1.87051 1.2
      vertex -28.8501 -2.1369 2.1
      vertex -28.8501 -2.1369 1.2
    endloop
  endfacet
  facet normal 0.944892 0.327383 0
    outer loop
      vertex -28.9589 -1.87051 2.1
      vertex -29.0531 -1.59863 1.2
      vertex -29.0531 -1.59863 2.1
    endloop
  endfacet
  facet normal 0.944892 0.327383 0
    outer loop
      vertex -29.0531 -1.59863 1.2
      vertex -28.9589 -1.87051 2.1
      vertex -28.9589 -1.87051 1.2
    endloop
  endfacet
  facet normal 0.96118 0.275923 0
    outer loop
      vertex -29.0531 -1.59863 2.1
      vertex -29.1325 -1.32204 1.2
      vertex -29.1325 -1.32204 2.1
    endloop
  endfacet
  facet normal 0.96118 0.275923 0
    outer loop
      vertex -29.1325 -1.32204 1.2
      vertex -29.0531 -1.59863 2.1
      vertex -29.0531 -1.59863 1.2
    endloop
  endfacet
  facet normal 0.974871 0.22277 0
    outer loop
      vertex -29.1325 -1.32204 2.1
      vertex -29.1966 -1.04153 1.2
      vertex -29.1966 -1.04153 2.1
    endloop
  endfacet
  facet normal 0.974871 0.22277 0
    outer loop
      vertex -29.1966 -1.04153 1.2
      vertex -29.1325 -1.32204 2.1
      vertex -29.1325 -1.32204 1.2
    endloop
  endfacet
  facet normal 0.985455 0.169939 0
    outer loop
      vertex -29.1966 -1.04153 2.1
      vertex -29.2455 -0.757965 1.2
      vertex -29.2455 -0.757965 2.1
    endloop
  endfacet
  facet normal 0.985455 0.169939 0
    outer loop
      vertex -29.2455 -0.757965 1.2
      vertex -29.1966 -1.04153 2.1
      vertex -29.1966 -1.04153 1.2
    endloop
  endfacet
  facet normal 0.99324 0.116076 0
    outer loop
      vertex -29.2455 -0.757965 2.1
      vertex -29.2789 -0.472168 1.2
      vertex -29.2789 -0.472168 2.1
    endloop
  endfacet
  facet normal 0.99324 0.116076 0
    outer loop
      vertex -29.2789 -0.472168 1.2
      vertex -29.2455 -0.757965 2.1
      vertex -29.2455 -0.757965 1.2
    endloop
  endfacet
  facet normal 0.998063 0.062205 0
    outer loop
      vertex -29.2789 -0.472168 2.1
      vertex -29.2968 -0.184967 1.2
      vertex -29.2968 -0.184967 2.1
    endloop
  endfacet
  facet normal 0.998063 0.062205 0
    outer loop
      vertex -29.2968 -0.184967 1.2
      vertex -29.2789 -0.472168 2.1
      vertex -29.2789 -0.472168 1.2
    endloop
  endfacet
  facet normal -0.0348987 0.999391 0
    outer loop
      vertex -29.2968 -0.184967 1.2
      vertex -35.1932 -0.390869 2.1
      vertex -29.2968 -0.184967 2.1
    endloop
  endfacet
  facet normal -0.0348987 0.999391 0
    outer loop
      vertex -35.1932 -0.390869 2.1
      vertex -29.2968 -0.184967 1.2
      vertex -35.1932 -0.390869 1.2
    endloop
  endfacet
  facet normal -0.998076 -0.0619992 0
    outer loop
      vertex -35.1555 -0.997772 1.2
      vertex -35.1932 -0.390869 2.1
      vertex -35.1932 -0.390869 1.2
    endloop
  endfacet
  facet normal -0.998076 -0.0619992 0
    outer loop
      vertex -35.1932 -0.390869 2.1
      vertex -35.1555 -0.997772 1.2
      vertex -35.1555 -0.997772 2.1
    endloop
  endfacet
  facet normal -0.993237 -0.116101 0
    outer loop
      vertex -35.0849 -1.60175 1.2
      vertex -35.1555 -0.997772 2.1
      vertex -35.1555 -0.997772 1.2
    endloop
  endfacet
  facet normal -0.993237 -0.116101 0
    outer loop
      vertex -35.1555 -0.997772 2.1
      vertex -35.0849 -1.60175 1.2
      vertex -35.0849 -1.60175 2.1
    endloop
  endfacet
  facet normal -0.985465 -0.169879 0
    outer loop
      vertex -34.9816 -2.20099 1.2
      vertex -35.0849 -1.60175 2.1
      vertex -35.0849 -1.60175 1.2
    endloop
  endfacet
  facet normal -0.985465 -0.169879 0
    outer loop
      vertex -35.0849 -1.60175 2.1
      vertex -34.9816 -2.20099 1.2
      vertex -34.9816 -2.20099 2.1
    endloop
  endfacet
  facet normal -0.974781 -0.223163 0
    outer loop
      vertex -34.8459 -2.79373 1.2
      vertex -34.9816 -2.20099 2.1
      vertex -34.9816 -2.20099 1.2
    endloop
  endfacet
  facet normal -0.974781 -0.223163 0
    outer loop
      vertex -34.9816 -2.20099 2.1
      vertex -34.8459 -2.79373 1.2
      vertex -34.8459 -2.79373 2.1
    endloop
  endfacet
  facet normal -0.961268 -0.275616 0
    outer loop
      vertex -34.6783 -3.37827 1.2
      vertex -34.8459 -2.79373 2.1
      vertex -34.8459 -2.79373 1.2
    endloop
  endfacet
  facet normal -0.961268 -0.275616 0
    outer loop
      vertex -34.8459 -2.79373 2.1
      vertex -34.6783 -3.37827 1.2
      vertex -34.6783 -3.37827 2.1
    endloop
  endfacet
  facet normal -0.944926 -0.327283 0
    outer loop
      vertex -34.4793 -3.95282 1.2
      vertex -34.6783 -3.37827 2.1
      vertex -34.6783 -3.37827 1.2
    endloop
  endfacet
  facet normal -0.944926 -0.327283 0
    outer loop
      vertex -34.6783 -3.37827 2.1
      vertex -34.4793 -3.95282 1.2
      vertex -34.4793 -3.95282 2.1
    endloop
  endfacet
  facet normal -0.925709 -0.378236 0
    outer loop
      vertex -34.2493 -4.51573 1.2
      vertex -34.4793 -3.95282 2.1
      vertex -34.4793 -3.95282 1.2
    endloop
  endfacet
  facet normal -0.925709 -0.378236 0
    outer loop
      vertex -34.4793 -3.95282 2.1
      vertex -34.2493 -4.51573 1.2
      vertex -34.2493 -4.51573 2.1
    endloop
  endfacet
  facet normal -0.903822 -0.427909 0
    outer loop
      vertex -33.9891 -5.06532 1.2
      vertex -34.2493 -4.51573 2.1
      vertex -34.2493 -4.51573 1.2
    endloop
  endfacet
  facet normal -0.903822 -0.427909 0
    outer loop
      vertex -34.2493 -4.51573 2.1
      vertex -33.9891 -5.06532 1.2
      vertex -33.9891 -5.06532 2.1
    endloop
  endfacet
  facet normal -0.879301 -0.476267 0
    outer loop
      vertex -33.6995 -5.59999 1.2
      vertex -33.9891 -5.06532 2.1
      vertex -33.9891 -5.06532 1.2
    endloop
  endfacet
  facet normal -0.879301 -0.476267 0
    outer loop
      vertex -33.9891 -5.06532 2.1
      vertex -33.6995 -5.59999 1.2
      vertex -33.6995 -5.59999 2.1
    endloop
  endfacet
  facet normal -0.852148 -0.523301 0
    outer loop
      vertex -33.3813 -6.11815 1.2
      vertex -33.6995 -5.59999 2.1
      vertex -33.6995 -5.59999 1.2
    endloop
  endfacet
  facet normal -0.852148 -0.523301 0
    outer loop
      vertex -33.6995 -5.59999 2.1
      vertex -33.3813 -6.11815 1.2
      vertex -33.3813 -6.11815 2.1
    endloop
  endfacet
  facet normal -0.822451 -0.568835 0
    outer loop
      vertex -33.0354 -6.61827 1.2
      vertex -33.3813 -6.11815 2.1
      vertex -33.3813 -6.11815 1.2
    endloop
  endfacet
  facet normal -0.822451 -0.568835 0
    outer loop
      vertex -33.3813 -6.11815 2.1
      vertex -33.0354 -6.61827 1.2
      vertex -33.0354 -6.61827 2.1
    endloop
  endfacet
  facet normal -0.7904 -0.612592 0
    outer loop
      vertex -32.6629 -7.09889 1.2
      vertex -33.0354 -6.61827 2.1
      vertex -33.0354 -6.61827 1.2
    endloop
  endfacet
  facet normal -0.7904 -0.612592 0
    outer loop
      vertex -33.0354 -6.61827 2.1
      vertex -32.6629 -7.09889 1.2
      vertex -32.6629 -7.09889 2.1
    endloop
  endfacet
  facet normal -0.755932 -0.654651 0
    outer loop
      vertex -32.2648 -7.55858 1.2
      vertex -32.6629 -7.09889 2.1
      vertex -32.6629 -7.09889 1.2
    endloop
  endfacet
  facet normal -0.755932 -0.654651 0
    outer loop
      vertex -32.6629 -7.09889 2.1
      vertex -32.2648 -7.55858 1.2
      vertex -32.2648 -7.55858 2.1
    endloop
  endfacet
  facet normal -0.719349 -0.694649 0
    outer loop
      vertex -31.8424 -7.996 1.2
      vertex -32.2648 -7.55858 2.1
      vertex -32.2648 -7.55858 1.2
    endloop
  endfacet
  facet normal -0.719349 -0.694649 0
    outer loop
      vertex -32.2648 -7.55858 2.1
      vertex -31.8424 -7.996 1.2
      vertex -31.8424 -7.996 2.1
    endloop
  endfacet
  facet normal -0.680594 -0.732661 0
    outer loop
      vertex -31.8424 -7.996 1.2
      vertex -31.3969 -8.40984 2.1
      vertex -31.8424 -7.996 2.1
    endloop
  endfacet
  facet normal -0.680594 -0.732661 -0
    outer loop
      vertex -31.3969 -8.40984 2.1
      vertex -31.8424 -7.996 1.2
      vertex -31.3969 -8.40984 1.2
    endloop
  endfacet
  facet normal -0.639828 -0.768518 0
    outer loop
      vertex -31.3969 -8.40984 1.2
      vertex -30.9296 -8.79889 2.1
      vertex -31.3969 -8.40984 2.1
    endloop
  endfacet
  facet normal -0.639828 -0.768518 -0
    outer loop
      vertex -30.9296 -8.79889 2.1
      vertex -31.3969 -8.40984 1.2
      vertex -30.9296 -8.79889 1.2
    endloop
  endfacet
  facet normal -0.597134 -0.802142 0
    outer loop
      vertex -30.9296 -8.79889 1.2
      vertex -30.4418 -9.16202 2.1
      vertex -30.9296 -8.79889 2.1
    endloop
  endfacet
  facet normal -0.597134 -0.802142 -0
    outer loop
      vertex -30.4418 -9.16202 2.1
      vertex -30.9296 -8.79889 1.2
      vertex -30.4418 -9.16202 1.2
    endloop
  endfacet
  facet normal -0.552763 -0.833338 0
    outer loop
      vertex -30.4418 -9.16202 1.2
      vertex -29.9351 -9.49812 2.1
      vertex -30.4418 -9.16202 2.1
    endloop
  endfacet
  facet normal -0.552763 -0.833338 -0
    outer loop
      vertex -29.9351 -9.49812 2.1
      vertex -30.4418 -9.16202 1.2
      vertex -29.9351 -9.49812 1.2
    endloop
  endfacet
  facet normal 0.84805 -0.529916 0
    outer loop
      vertex -29.9351 -9.49812 2.1
      vertex -26.8086 -4.49463 1.2
      vertex -26.8086 -4.49463 2.1
    endloop
  endfacet
  facet normal 0.84805 -0.529916 0
    outer loop
      vertex -26.8086 -4.49463 1.2
      vertex -29.9351 -9.49812 2.1
      vertex -29.9351 -9.49812 1.2
    endloop
  endfacet
  facet normal 0.597134 -0.802142 0
    outer loop
      vertex -17.5582 -9.16202 1.2
      vertex -17.0704 -8.79889 2.1
      vertex -17.5582 -9.16202 2.1
    endloop
  endfacet
  facet normal 0.597134 -0.802142 0
    outer loop
      vertex -17.0704 -8.79889 2.1
      vertex -17.5582 -9.16202 1.2
      vertex -17.0704 -8.79889 1.2
    endloop
  endfacet
  facet normal 0.639828 -0.768518 0
    outer loop
      vertex -17.0704 -8.79889 1.2
      vertex -16.6031 -8.40984 2.1
      vertex -17.0704 -8.79889 2.1
    endloop
  endfacet
  facet normal 0.639828 -0.768518 0
    outer loop
      vertex -16.6031 -8.40984 2.1
      vertex -17.0704 -8.79889 1.2
      vertex -16.6031 -8.40984 1.2
    endloop
  endfacet
  facet normal 0.680594 -0.732661 0
    outer loop
      vertex -16.6031 -8.40984 1.2
      vertex -16.1576 -7.996 2.1
      vertex -16.6031 -8.40984 2.1
    endloop
  endfacet
  facet normal 0.680594 -0.732661 0
    outer loop
      vertex -16.1576 -7.996 2.1
      vertex -16.6031 -8.40984 1.2
      vertex -16.1576 -7.996 1.2
    endloop
  endfacet
  facet normal 0.719349 -0.694649 0
    outer loop
      vertex -16.1576 -7.996 2.1
      vertex -15.7352 -7.55858 1.2
      vertex -15.7352 -7.55858 2.1
    endloop
  endfacet
  facet normal 0.719349 -0.694649 0
    outer loop
      vertex -15.7352 -7.55858 1.2
      vertex -16.1576 -7.996 2.1
      vertex -16.1576 -7.996 1.2
    endloop
  endfacet
  facet normal 0.755932 -0.654651 0
    outer loop
      vertex -15.7352 -7.55858 2.1
      vertex -15.3371 -7.09889 1.2
      vertex -15.3371 -7.09889 2.1
    endloop
  endfacet
  facet normal 0.755932 -0.654651 0
    outer loop
      vertex -15.3371 -7.09889 1.2
      vertex -15.7352 -7.55858 2.1
      vertex -15.7352 -7.55858 1.2
    endloop
  endfacet
  facet normal 0.7904 -0.612592 0
    outer loop
      vertex -15.3371 -7.09889 2.1
      vertex -14.9646 -6.61827 1.2
      vertex -14.9646 -6.61827 2.1
    endloop
  endfacet
  facet normal 0.7904 -0.612592 0
    outer loop
      vertex -14.9646 -6.61827 1.2
      vertex -15.3371 -7.09889 2.1
      vertex -15.3371 -7.09889 1.2
    endloop
  endfacet
  facet normal 0.822451 -0.568835 0
    outer loop
      vertex -14.9646 -6.61827 2.1
      vertex -14.6187 -6.11815 1.2
      vertex -14.6187 -6.11815 2.1
    endloop
  endfacet
  facet normal 0.822451 -0.568835 0
    outer loop
      vertex -14.6187 -6.11815 1.2
      vertex -14.9646 -6.61827 2.1
      vertex -14.9646 -6.61827 1.2
    endloop
  endfacet
  facet normal 0.852148 -0.523301 0
    outer loop
      vertex -14.6187 -6.11815 2.1
      vertex -14.3005 -5.59999 1.2
      vertex -14.3005 -5.59999 2.1
    endloop
  endfacet
  facet normal 0.852148 -0.523301 0
    outer loop
      vertex -14.3005 -5.59999 1.2
      vertex -14.6187 -6.11815 2.1
      vertex -14.6187 -6.11815 1.2
    endloop
  endfacet
  facet normal 0.879301 -0.476267 0
    outer loop
      vertex -14.3005 -5.59999 2.1
      vertex -14.0109 -5.06532 1.2
      vertex -14.0109 -5.06532 2.1
    endloop
  endfacet
  facet normal 0.879301 -0.476267 0
    outer loop
      vertex -14.0109 -5.06532 1.2
      vertex -14.3005 -5.59999 2.1
      vertex -14.3005 -5.59999 1.2
    endloop
  endfacet
  facet normal 0.903822 -0.427909 0
    outer loop
      vertex -14.0109 -5.06532 2.1
      vertex -13.7507 -4.51573 1.2
      vertex -13.7507 -4.51573 2.1
    endloop
  endfacet
  facet normal 0.903822 -0.427909 0
    outer loop
      vertex -13.7507 -4.51573 1.2
      vertex -14.0109 -5.06532 2.1
      vertex -14.0109 -5.06532 1.2
    endloop
  endfacet
  facet normal 0.925709 -0.378236 0
    outer loop
      vertex -13.7507 -4.51573 2.1
      vertex -13.5207 -3.95282 1.2
      vertex -13.5207 -3.95282 2.1
    endloop
  endfacet
  facet normal 0.925709 -0.378236 0
    outer loop
      vertex -13.5207 -3.95282 1.2
      vertex -13.7507 -4.51573 2.1
      vertex -13.7507 -4.51573 1.2
    endloop
  endfacet
  facet normal 0.944926 -0.327283 0
    outer loop
      vertex -13.5207 -3.95282 2.1
      vertex -13.3217 -3.37827 1.2
      vertex -13.3217 -3.37827 2.1
    endloop
  endfacet
  facet normal 0.944926 -0.327283 0
    outer loop
      vertex -13.3217 -3.37827 1.2
      vertex -13.5207 -3.95282 2.1
      vertex -13.5207 -3.95282 1.2
    endloop
  endfacet
  facet normal 0.961268 -0.275616 0
    outer loop
      vertex -13.3217 -3.37827 2.1
      vertex -13.1541 -2.79373 1.2
      vertex -13.1541 -2.79373 2.1
    endloop
  endfacet
  facet normal 0.961268 -0.275616 0
    outer loop
      vertex -13.1541 -2.79373 1.2
      vertex -13.3217 -3.37827 2.1
      vertex -13.3217 -3.37827 1.2
    endloop
  endfacet
  facet normal 0.974781 -0.223163 0
    outer loop
      vertex -13.1541 -2.79373 2.1
      vertex -13.0184 -2.20099 1.2
      vertex -13.0184 -2.20099 2.1
    endloop
  endfacet
  facet normal 0.974781 -0.223163 0
    outer loop
      vertex -13.0184 -2.20099 1.2
      vertex -13.1541 -2.79373 2.1
      vertex -13.1541 -2.79373 1.2
    endloop
  endfacet
  facet normal 0.985465 -0.169879 0
    outer loop
      vertex -13.0184 -2.20099 2.1
      vertex -12.9151 -1.60175 1.2
      vertex -12.9151 -1.60175 2.1
    endloop
  endfacet
  facet normal 0.985465 -0.169879 0
    outer loop
      vertex -12.9151 -1.60175 1.2
      vertex -13.0184 -2.20099 2.1
      vertex -13.0184 -2.20099 1.2
    endloop
  endfacet
  facet normal 0.993237 -0.116101 0
    outer loop
      vertex -12.9151 -1.60175 2.1
      vertex -12.8445 -0.997772 1.2
      vertex -12.8445 -0.997772 2.1
    endloop
  endfacet
  facet normal 0.993237 -0.116101 0
    outer loop
      vertex -12.8445 -0.997772 1.2
      vertex -12.9151 -1.60175 2.1
      vertex -12.9151 -1.60175 1.2
    endloop
  endfacet
  facet normal 0.998076 -0.0619992 0
    outer loop
      vertex -12.8445 -0.997772 2.1
      vertex -12.8068 -0.390869 1.2
      vertex -12.8068 -0.390869 2.1
    endloop
  endfacet
  facet normal 0.998076 -0.0619992 0
    outer loop
      vertex -12.8068 -0.390869 1.2
      vertex -12.8445 -0.997772 2.1
      vertex -12.8445 -0.997772 1.2
    endloop
  endfacet
  facet normal 0.0348987 0.999391 -0
    outer loop
      vertex -12.8068 -0.390869 1.2
      vertex -18.7032 -0.184967 2.1
      vertex -12.8068 -0.390869 2.1
    endloop
  endfacet
  facet normal 0.0348987 0.999391 0
    outer loop
      vertex -18.7032 -0.184967 2.1
      vertex -12.8068 -0.390869 1.2
      vertex -18.7032 -0.184967 1.2
    endloop
  endfacet
  facet normal -0.998063 0.062205 0
    outer loop
      vertex -18.7211 -0.472168 1.2
      vertex -18.7032 -0.184967 2.1
      vertex -18.7032 -0.184967 1.2
    endloop
  endfacet
  facet normal -0.998063 0.062205 0
    outer loop
      vertex -18.7032 -0.184967 2.1
      vertex -18.7211 -0.472168 1.2
      vertex -18.7211 -0.472168 2.1
    endloop
  endfacet
  facet normal -0.99324 0.116076 0
    outer loop
      vertex -18.7545 -0.757965 1.2
      vertex -18.7211 -0.472168 2.1
      vertex -18.7211 -0.472168 1.2
    endloop
  endfacet
  facet normal -0.99324 0.116076 0
    outer loop
      vertex -18.7211 -0.472168 2.1
      vertex -18.7545 -0.757965 1.2
      vertex -18.7545 -0.757965 2.1
    endloop
  endfacet
  facet normal -0.985455 0.169939 0
    outer loop
      vertex -18.8034 -1.04153 1.2
      vertex -18.7545 -0.757965 2.1
      vertex -18.7545 -0.757965 1.2
    endloop
  endfacet
  facet normal -0.985455 0.169939 0
    outer loop
      vertex -18.7545 -0.757965 2.1
      vertex -18.8034 -1.04153 1.2
      vertex -18.8034 -1.04153 2.1
    endloop
  endfacet
  facet normal -0.974871 0.22277 0
    outer loop
      vertex -18.8675 -1.32204 1.2
      vertex -18.8034 -1.04153 2.1
      vertex -18.8034 -1.04153 1.2
    endloop
  endfacet
  facet normal -0.974871 0.22277 0
    outer loop
      vertex -18.8034 -1.04153 2.1
      vertex -18.8675 -1.32204 1.2
      vertex -18.8675 -1.32204 2.1
    endloop
  endfacet
  facet normal -0.96118 0.275923 0
    outer loop
      vertex -18.9469 -1.59863 1.2
      vertex -18.8675 -1.32204 2.1
      vertex -18.8675 -1.32204 1.2
    endloop
  endfacet
  facet normal -0.96118 0.275923 0
    outer loop
      vertex -18.8675 -1.32204 2.1
      vertex -18.9469 -1.59863 1.2
      vertex -18.9469 -1.59863 2.1
    endloop
  endfacet
  facet normal -0.944892 0.327383 0
    outer loop
      vertex -19.0411 -1.87051 1.2
      vertex -18.9469 -1.59863 2.1
      vertex -18.9469 -1.59863 1.2
    endloop
  endfacet
  facet normal -0.944892 0.327383 0
    outer loop
      vertex -18.9469 -1.59863 2.1
      vertex -19.0411 -1.87051 1.2
      vertex -19.0411 -1.87051 2.1
    endloop
  endfacet
  facet normal -0.925763 0.378104 0
    outer loop
      vertex -19.1499 -2.1369 1.2
      vertex -19.0411 -1.87051 2.1
      vertex -19.0411 -1.87051 1.2
    endloop
  endfacet
  facet normal -0.925763 0.378104 0
    outer loop
      vertex -19.0411 -1.87051 2.1
      vertex -19.1499 -2.1369 1.2
      vertex -19.1499 -2.1369 2.1
    endloop
  endfacet
  facet normal -0.90386 0.427828 0
    outer loop
      vertex -19.273 -2.39697 1.2
      vertex -19.1499 -2.1369 2.1
      vertex -19.1499 -2.1369 1.2
    endloop
  endfacet
  facet normal -0.90386 0.427828 0
    outer loop
      vertex -19.1499 -2.1369 2.1
      vertex -19.273 -2.39697 1.2
      vertex -19.273 -2.39697 2.1
    endloop
  endfacet
  facet normal -0.879223 0.476411 0
    outer loop
      vertex -19.4101 -2.64999 1.2
      vertex -19.273 -2.39697 2.1
      vertex -19.273 -2.39697 1.2
    endloop
  endfacet
  facet normal -0.879223 0.476411 0
    outer loop
      vertex -19.273 -2.39697 2.1
      vertex -19.4101 -2.64999 1.2
      vertex -19.4101 -2.64999 2.1
    endloop
  endfacet
  facet normal -0.852111 0.52336 0
    outer loop
      vertex -19.5607 -2.89519 1.2
      vertex -19.4101 -2.64999 2.1
      vertex -19.4101 -2.64999 1.2
    endloop
  endfacet
  facet normal -0.852111 0.52336 0
    outer loop
      vertex -19.4101 -2.64999 2.1
      vertex -19.5607 -2.89519 1.2
      vertex -19.5607 -2.89519 2.1
    endloop
  endfacet
  facet normal -0.822585 0.568642 0
    outer loop
      vertex -19.7243 -3.13185 1.2
      vertex -19.5607 -2.89519 2.1
      vertex -19.5607 -2.89519 1.2
    endloop
  endfacet
  facet normal -0.822585 0.568642 0
    outer loop
      vertex -19.5607 -2.89519 2.1
      vertex -19.7243 -3.13185 1.2
      vertex -19.7243 -3.13185 2.1
    endloop
  endfacet
  facet normal -0.790371 0.612629 0
    outer loop
      vertex -19.9006 -3.3593 1.2
      vertex -19.7243 -3.13185 2.1
      vertex -19.7243 -3.13185 1.2
    endloop
  endfacet
  facet normal -0.790371 0.612629 0
    outer loop
      vertex -19.7243 -3.13185 2.1
      vertex -19.9006 -3.3593 1.2
      vertex -19.9006 -3.3593 2.1
    endloop
  endfacet
  facet normal -0.755906 0.65468 0
    outer loop
      vertex -20.089 -3.57683 1.2
      vertex -19.9006 -3.3593 2.1
      vertex -19.9006 -3.3593 1.2
    endloop
  endfacet
  facet normal -0.755906 0.65468 0
    outer loop
      vertex -19.9006 -3.3593 2.1
      vertex -20.089 -3.57683 1.2
      vertex -20.089 -3.57683 2.1
    endloop
  endfacet
  facet normal -0.719476 0.694518 0
    outer loop
      vertex -20.2888 -3.78381 1.2
      vertex -20.089 -3.57683 2.1
      vertex -20.089 -3.57683 1.2
    endloop
  endfacet
  facet normal -0.719476 0.694518 0
    outer loop
      vertex -20.089 -3.57683 2.1
      vertex -20.2888 -3.78381 1.2
      vertex -20.2888 -3.78381 2.1
    endloop
  endfacet
  facet normal -0.68044 0.732803 0
    outer loop
      vertex -20.2888 -3.78381 1.2
      vertex -20.4997 -3.97964 2.1
      vertex -20.2888 -3.78381 2.1
    endloop
  endfacet
  facet normal -0.68044 0.732803 0
    outer loop
      vertex -20.4997 -3.97964 2.1
      vertex -20.2888 -3.78381 1.2
      vertex -20.4997 -3.97964 1.2
    endloop
  endfacet
  facet normal -0.639918 0.768443 0
    outer loop
      vertex -20.4997 -3.97964 1.2
      vertex -20.7208 -4.16376 2.1
      vertex -20.4997 -3.97964 2.1
    endloop
  endfacet
  facet normal -0.639918 0.768443 0
    outer loop
      vertex -20.7208 -4.16376 2.1
      vertex -20.4997 -3.97964 1.2
      vertex -20.7208 -4.16376 1.2
    endloop
  endfacet
  facet normal -0.597127 0.802147 0
    outer loop
      vertex -20.7208 -4.16376 1.2
      vertex -20.9516 -4.33557 2.1
      vertex -20.7208 -4.16376 2.1
    endloop
  endfacet
  facet normal -0.597127 0.802147 0
    outer loop
      vertex -20.9516 -4.33557 2.1
      vertex -20.7208 -4.16376 1.2
      vertex -20.9516 -4.33557 1.2
    endloop
  endfacet
  facet normal -0.552758 0.833342 0
    outer loop
      vertex -20.9516 -4.33557 1.2
      vertex -21.1914 -4.49463 2.1
      vertex -20.9516 -4.33557 2.1
    endloop
  endfacet
  facet normal -0.552758 0.833342 0
    outer loop
      vertex -21.1914 -4.49463 2.1
      vertex -20.9516 -4.33557 1.2
      vertex -21.1914 -4.49463 1.2
    endloop
  endfacet
  facet normal -0.84805 -0.529916 0
    outer loop
      vertex -18.0649 -9.49812 1.2
      vertex -21.1914 -4.49463 2.1
      vertex -21.1914 -4.49463 1.2
    endloop
  endfacet
  facet normal -0.84805 -0.529916 0
    outer loop
      vertex -21.1914 -4.49463 2.1
      vertex -18.0649 -9.49812 1.2
      vertex -18.0649 -9.49812 2.1
    endloop
  endfacet
  facet normal 0.552763 -0.833338 0
    outer loop
      vertex -18.0649 -9.49812 1.2
      vertex -17.5582 -9.16202 2.1
      vertex -18.0649 -9.49812 2.1
    endloop
  endfacet
  facet normal 0.552763 -0.833338 0
    outer loop
      vertex -17.5582 -9.16202 2.1
      vertex -18.0649 -9.49812 1.2
      vertex -17.5582 -9.16202 1.2
    endloop
  endfacet
  facet normal 0 0 1
    outer loop
      vertex -21.7695 4.80775 2.1
      vertex -19.2864 10.1598 2.1
      vertex -19.8447 10.4007 2.1
    endloop
  endfacet
  facet normal 0 0 1
    outer loop
      vertex -22.0337 4.92174 2.1
      vertex -19.8447 10.4007 2.1
      vertex -20.4153 10.6108 2.1
    endloop
  endfacet
  facet normal 0 0 1
    outer loop
      vertex -22.3037 5.02119 2.1
      vertex -20.4153 10.6108 2.1
      vertex -20.9965 10.7897 2.1
    endloop
  endfacet
  facet normal 0 -0 1
    outer loop
      vertex -21.7695 4.80775 2.1
      vertex -19.8447 10.4007 2.1
      vertex -22.0337 4.92174 2.1
    endloop
  endfacet
  facet normal 0 0 1
    outer loop
      vertex -22.5787 5.10587 2.1
      vertex -20.9965 10.7897 2.1
      vertex -21.5865 10.9369 2.1
    endloop
  endfacet
  facet normal 0 0 1
    outer loop
      vertex -18.7419 9.88901 2.1
      vertex -21.7695 4.80775 2.1
      vertex -21.5118 4.67961 2.1
    endloop
  endfacet
  facet normal 0 0 1
    outer loop
      vertex -19.2864 10.1598 2.1
      vertex -21.7695 4.80775 2.1
      vertex -18.7419 9.88901 2.1
    endloop
  endfacet
  facet normal 0 0 1
    outer loop
      vertex -22.8579 5.17548 2.1
      vertex -21.5865 10.9369 2.1
      vertex -22.1836 11.0517 2.1
    endloop
  endfacet
  facet normal 0 0 1
    outer loop
      vertex -20.4153 10.6108 2.1
      vertex -22.3037 5.02119 2.1
      vertex -22.0337 4.92174 2.1
    endloop
  endfacet
  facet normal 0 0 1
    outer loop
      vertex -20.9965 10.7897 2.1
      vertex -22.5787 5.10587 2.1
      vertex -22.3037 5.02119 2.1
    endloop
  endfacet
  facet normal 0 0 1
    outer loop
      vertex -23.1405 5.22983 2.1
      vertex -22.1836 11.0517 2.1
      vertex -22.7861 11.134 2.1
    endloop
  endfacet
  facet normal 0 0 1
    outer loop
      vertex -21.5865 10.9369 2.1
      vertex -22.8579 5.17548 2.1
      vertex -22.5787 5.10587 2.1
    endloop
  endfacet
  facet normal 0 0 1
    outer loop
      vertex -22.1836 11.0517 2.1
      vertex -23.1405 5.22983 2.1
      vertex -22.8579 5.17548 2.1
    endloop
  endfacet
  facet normal 0 0 1
    outer loop
      vertex -23.4256 5.26877 2.1
      vertex -22.7861 11.134 2.1
      vertex -23.3922 11.1835 2.1
    endloop
  endfacet
  facet normal 0 0 1
    outer loop
      vertex -22.7861 11.134 2.1
      vertex -23.4256 5.26877 2.1
      vertex -23.1405 5.22983 2.1
    endloop
  endfacet
  facet normal 0 0 1
    outer loop
      vertex -23.3922 11.1835 2.1
      vertex -23.7124 5.29218 2.1
      vertex -23.4256 5.26877 2.1
    endloop
  endfacet
  facet normal 0 0 1
    outer loop
      vertex -24 11.2 2.1
      vertex -23.7124 5.29218 2.1
      vertex -23.3922 11.1835 2.1
    endloop
  endfacet
  facet normal 0 0 1
    outer loop
      vertex -24 11.2 2.1
      vertex -24 5.29999 2.1
      vertex -23.7124 5.29218 2.1
    endloop
  endfacet
  facet normal 0 0 1
    outer loop
      vertex -24 11.2 2.1
      vertex -24.2876 5.29218 2.1
      vertex -24 5.29999 2.1
    endloop
  endfacet
  facet normal -0 0 1
    outer loop
      vertex -24.6078 11.1835 2.1
      vertex -24.2876 5.29218 2.1
      vertex -24 11.2 2.1
    endloop
  endfacet
  facet normal 0 0 1
    outer loop
      vertex -24.2876 5.29218 2.1
      vertex -24.6078 11.1835 2.1
      vertex -24.5744 5.26877 2.1
    endloop
  endfacet
  facet normal -0 0 1
    outer loop
      vertex -25.2139 11.134 2.1
      vertex -24.5744 5.26877 2.1
      vertex -24.6078 11.1835 2.1
    endloop
  endfacet
  facet normal 0 0 1
    outer loop
      vertex -24.5744 5.26877 2.1
      vertex -25.2139 11.134 2.1
      vertex -24.8595 5.22983 2.1
    endloop
  endfacet
  facet normal -0 0 1
    outer loop
      vertex -25.8164 11.0517 2.1
      vertex -24.8595 5.22983 2.1
      vertex -25.2139 11.134 2.1
    endloop
  endfacet
  facet normal 0 0 1
    outer loop
      vertex -24.8595 5.22983 2.1
      vertex -25.8164 11.0517 2.1
      vertex -25.1421 5.17548 2.1
    endloop
  endfacet
  facet normal -0 0 1
    outer loop
      vertex -26.4135 10.9369 2.1
      vertex -25.1421 5.17548 2.1
      vertex -25.8164 11.0517 2.1
    endloop
  endfacet
  facet normal 0 0 1
    outer loop
      vertex -25.1421 5.17548 2.1
      vertex -26.4135 10.9369 2.1
      vertex -25.4213 5.10587 2.1
    endloop
  endfacet
  facet normal -0 0 1
    outer loop
      vertex -27.0035 10.7897 2.1
      vertex -25.4213 5.10587 2.1
      vertex -26.4135 10.9369 2.1
    endloop
  endfacet
  facet normal 0 0 1
    outer loop
      vertex -25.4213 5.10587 2.1
      vertex -27.0035 10.7897 2.1
      vertex -25.6963 5.02119 2.1
    endloop
  endfacet
  facet normal -0 0 1
    outer loop
      vertex -27.5847 10.6108 2.1
      vertex -25.6963 5.02119 2.1
      vertex -27.0035 10.7897 2.1
    endloop
  endfacet
  facet normal 0 0 1
    outer loop
      vertex -25.6963 5.02119 2.1
      vertex -27.5847 10.6108 2.1
      vertex -25.9663 4.92174 2.1
    endloop
  endfacet
  facet normal -0 0 1
    outer loop
      vertex -28.1553 10.4007 2.1
      vertex -25.9663 4.92174 2.1
      vertex -27.5847 10.6108 2.1
    endloop
  endfacet
  facet normal 0 0 1
    outer loop
      vertex -25.9663 4.92174 2.1
      vertex -28.1553 10.4007 2.1
      vertex -26.2305 4.80775 2.1
    endloop
  endfacet
  facet normal -0 0 1
    outer loop
      vertex -28.7136 10.1598 2.1
      vertex -26.2305 4.80775 2.1
      vertex -28.1553 10.4007 2.1
    endloop
  endfacet
  facet normal 0 0 1
    outer loop
      vertex -26.2305 4.80775 2.1
      vertex -28.7136 10.1598 2.1
      vertex -26.4882 4.67961 2.1
    endloop
  endfacet
  facet normal 0 0 1
    outer loop
      vertex -26.4882 4.67961 2.1
      vertex -28.7136 10.1598 2.1
      vertex -29.2581 9.88901 2.1
    endloop
  endfacet
  facet normal -0 0 1
    outer loop
      vertex -10.2261 3.5697 2.1
      vertex -8.78574 -3.30974 2.1
      vertex -8.78574 3.5697 2.1
    endloop
  endfacet
  facet normal 0 0 1
    outer loop
      vertex -8.78574 -3.30974 2.1
      vertex -10.2261 3.5697 2.1
      vertex -10.2261 -3.30974 2.1
    endloop
  endfacet
  facet normal -0 0 1
    outer loop
      vertex 8.02605 0.397644 2.1
      vertex 9.48189 0.181229 2.1
      vertex 9.47237 0.500763 2.1
    endloop
  endfacet
  facet normal 0 0 1
    outer loop
      vertex 9.48189 0.181229 2.1
      vertex 8.0318 0.181229 2.1
      vertex 9.47771 -0.0289154 2.1
    endloop
  endfacet
  facet normal 0 0 1
    outer loop
      vertex 8.02634 -0.0338745 2.1
      vertex 9.47771 -0.0289154 2.1
      vertex 8.0318 0.181229 2.1
    endloop
  endfacet
  facet normal -0 0 1
    outer loop
      vertex 8.00876 0.603561 2.1
      vertex 9.47237 0.500763 2.1
      vertex 9.4438 0.805115 2.1
    endloop
  endfacet
  facet normal 0 0 1
    outer loop
      vertex 9.47771 -0.0289154 2.1
      vertex 8.02634 -0.0338745 2.1
      vertex 9.46518 -0.233658 2.1
    endloop
  endfacet
  facet normal 0 0 1
    outer loop
      vertex 7.97995 0.798981 2.1
      vertex 9.4438 0.805115 2.1
      vertex 9.39619 1.09428 2.1
    endloop
  endfacet
  facet normal 0 0 1
    outer loop
      vertex 8.00993 -0.239822 2.1
      vertex 9.46518 -0.233658 2.1
      vertex 8.02634 -0.0338745 2.1
    endloop
  endfacet
  facet normal 0 0 1
    outer loop
      vertex 9.46518 -0.233658 2.1
      vertex 8.00993 -0.239822 2.1
      vertex 9.44431 -0.432999 2.1
    endloop
  endfacet
  facet normal 0 0 1
    outer loop
      vertex 7.93962 0.983902 2.1
      vertex 9.39619 1.09428 2.1
      vertex 9.32954 1.36826 2.1
    endloop
  endfacet
  facet normal 0 0 1
    outer loop
      vertex 9.44431 -0.432999 2.1
      vertex 8.00993 -0.239822 2.1
      vertex 9.41508 -0.626907 2.1
    endloop
  endfacet
  facet normal 0 0 1
    outer loop
      vertex 7.93962 0.983902 2.1
      vertex 9.32954 1.36826 2.1
      vertex 9.24385 1.62704 2.1
    endloop
  endfacet
  facet normal -0 0 1
    outer loop
      vertex 7.98259 -0.4366 2.1
      vertex 9.41508 -0.626907 2.1
      vertex 8.00993 -0.239822 2.1
    endloop
  endfacet
  facet normal 0 0 1
    outer loop
      vertex 9.41508 -0.626907 2.1
      vertex 7.98259 -0.4366 2.1
      vertex 9.37752 -0.815399 2.1
    endloop
  endfacet
  facet normal 0 0 1
    outer loop
      vertex 7.88777 1.15833 2.1
      vertex 9.24385 1.62704 2.1
      vertex 9.13911 1.87065 2.1
    endloop
  endfacet
  facet normal -0 0 1
    outer loop
      vertex 7.94431 -0.624176 2.1
      vertex 9.37752 -0.815399 2.1
      vertex 7.98259 -0.4366 2.1
    endloop
  endfacet
  facet normal 0 0 1
    outer loop
      vertex 7.82439 1.32227 2.1
      vertex 9.13911 1.87065 2.1
      vertex 9.01534 2.09908 2.1
    endloop
  endfacet
  facet normal 0 0 1
    outer loop
      vertex 9.37752 -0.815399 2.1
      vertex 7.94431 -0.624176 2.1
      vertex 9.3316 -0.998459 2.1
    endloop
  endfacet
  facet normal 0 0 1
    outer loop
      vertex 9.3316 -0.998459 2.1
      vertex 7.94431 -0.624176 2.1
      vertex 9.27733 -1.17612 2.1
    endloop
  endfacet
  facet normal 0 0 1
    outer loop
      vertex 7.7495 1.47569 2.1
      vertex 9.01534 2.09908 2.1
      vertex 8.87253 2.31232 2.1
    endloop
  endfacet
  facet normal -0 0 1
    outer loop
      vertex 7.8951 -0.802597 2.1
      vertex 9.27733 -1.17612 2.1
      vertex 7.94431 -0.624176 2.1
    endloop
  endfacet
  facet normal 0 0 1
    outer loop
      vertex 7.66307 1.61864 2.1
      vertex 8.87253 2.31232 2.1
      vertex 8.71066 2.51038 2.1
    endloop
  endfacet
  facet normal 0 0 1
    outer loop
      vertex 9.27733 -1.17612 2.1
      vertex 7.8951 -0.802597 2.1
      vertex 9.21471 -1.34836 2.1
    endloop
  endfacet
  facet normal -0 0 1
    outer loop
      vertex 7.83495 -0.971832 2.1
      vertex 9.21471 -1.34836 2.1
      vertex 7.8951 -0.802597 2.1
    endloop
  endfacet
  facet normal 0 0 1
    outer loop
      vertex 7.56512 1.75107 2.1
      vertex 8.71066 2.51038 2.1
      vertex 8.52975 2.69324 2.1
    endloop
  endfacet
  facet normal 0 0 1
    outer loop
      vertex 9.21471 -1.34836 2.1
      vertex 7.83495 -0.971832 2.1
      vertex 9.14374 -1.51517 2.1
    endloop
  endfacet
  facet normal 0 0 1
    outer loop
      vertex 7.45566 1.87302 2.1
      vertex 8.52975 2.69324 2.1
      vertex 8.33148 2.85977 2.1
    endloop
  endfacet
  facet normal 0 0 1
    outer loop
      vertex 9.14374 -1.51517 2.1
      vertex 7.83495 -0.971832 2.1
      vertex 9.06442 -1.67656 2.1
    endloop
  endfacet
  facet normal -0 0 1
    outer loop
      vertex 7.76385 -1.13188 2.1
      vertex 9.06442 -1.67656 2.1
      vertex 7.83495 -0.971832 2.1
    endloop
  endfacet
  facet normal 0 0 1
    outer loop
      vertex 7.45566 1.87302 2.1
      vertex 8.33148 2.85977 2.1
      vertex 8.11749 3.00877 2.1
    endloop
  endfacet
  facet normal 0 0 1
    outer loop
      vertex 9.06442 -1.67656 2.1
      vertex 7.76385 -1.13188 2.1
      vertex 8.97746 -1.83151 2.1
    endloop
  endfacet
  facet normal 0 0 1
    outer loop
      vertex 8.97746 -1.83151 2.1
      vertex 7.76385 -1.13188 2.1
      vertex 8.88358 -1.97897 2.1
    endloop
  endfacet
  facet normal 0 0 1
    outer loop
      vertex 9.48189 0.181229 2.1
      vertex 8.02605 0.397644 2.1
      vertex 8.0318 0.181229 2.1
    endloop
  endfacet
  facet normal 0 0 1
    outer loop
      vertex 9.47237 0.500763 2.1
      vertex 8.00876 0.603561 2.1
      vertex 8.02605 0.397644 2.1
    endloop
  endfacet
  facet normal 0 0 1
    outer loop
      vertex 9.4438 0.805115 2.1
      vertex 7.97995 0.798981 2.1
      vertex 8.00876 0.603561 2.1
    endloop
  endfacet
  facet normal 0 0 1
    outer loop
      vertex 9.39619 1.09428 2.1
      vertex 7.93962 0.983902 2.1
      vertex 7.97995 0.798981 2.1
    endloop
  endfacet
  facet normal 0 0 1
    outer loop
      vertex 7.33549 1.98389 2.1
      vertex 8.11749 3.00877 2.1
      vertex 7.88777 3.14023 2.1
    endloop
  endfacet
  facet normal 0 0 1
    outer loop
      vertex 9.24385 1.62704 2.1
      vertex 7.88777 1.15833 2.1
      vertex 7.93962 0.983902 2.1
    endloop
  endfacet
  facet normal 0 0 1
    outer loop
      vertex 9.13911 1.87065 2.1
      vertex 7.82439 1.32227 2.1
      vertex 7.88777 1.15833 2.1
    endloop
  endfacet
  facet normal 0 0 1
    outer loop
      vertex 9.01534 2.09908 2.1
      vertex 7.7495 1.47569 2.1
      vertex 7.82439 1.32227 2.1
    endloop
  endfacet
  facet normal 0 0 1
    outer loop
      vertex 8.87253 2.31232 2.1
      vertex 7.66307 1.61864 2.1
      vertex 7.7495 1.47569 2.1
    endloop
  endfacet
  facet normal 0 0 1
    outer loop
      vertex 7.20547 2.08307 2.1
      vertex 7.88777 3.14023 2.1
      vertex 7.64233 3.25418 2.1
    endloop
  endfacet
  facet normal 0 0 1
    outer loop
      vertex 8.71066 2.51038 2.1
      vertex 7.56512 1.75107 2.1
      vertex 7.66307 1.61864 2.1
    endloop
  endfacet
  facet normal 0 0 1
    outer loop
      vertex 8.52975 2.69324 2.1
      vertex 7.45566 1.87302 2.1
      vertex 7.56512 1.75107 2.1
    endloop
  endfacet
  facet normal 0 0 1
    outer loop
      vertex 7.0656 2.17059 2.1
      vertex 7.64233 3.25418 2.1
      vertex 7.38118 3.35059 2.1
    endloop
  endfacet
  facet normal 0 0 1
    outer loop
      vertex 8.11749 3.00877 2.1
      vertex 7.33549 1.98389 2.1
      vertex 7.45566 1.87302 2.1
    endloop
  endfacet
  facet normal 0 0 1
    outer loop
      vertex 7.88777 3.14023 2.1
      vertex 7.20547 2.08307 2.1
      vertex 7.33549 1.98389 2.1
    endloop
  endfacet
  facet normal 0 0 1
    outer loop
      vertex 6.91585 2.24644 2.1
      vertex 7.38118 3.35059 2.1
      vertex 7.10429 3.42946 2.1
    endloop
  endfacet
  facet normal 0 0 1
    outer loop
      vertex 7.64233 3.25418 2.1
      vertex 7.0656 2.17059 2.1
      vertex 7.20547 2.08307 2.1
    endloop
  endfacet
  facet normal 0 0 1
    outer loop
      vertex 7.38118 3.35059 2.1
      vertex 6.91585 2.24644 2.1
      vertex 7.0656 2.17059 2.1
    endloop
  endfacet
  facet normal 0 0 1
    outer loop
      vertex 6.75623 2.31064 2.1
      vertex 7.10429 3.42946 2.1
      vertex 6.81169 3.49081 2.1
    endloop
  endfacet
  facet normal 0 0 1
    outer loop
      vertex 7.10429 3.42946 2.1
      vertex 6.75623 2.31064 2.1
      vertex 6.91585 2.24644 2.1
    endloop
  endfacet
  facet normal 0 0 1
    outer loop
      vertex 6.81169 3.49081 2.1
      vertex 6.58676 2.36314 2.1
      vertex 6.75623 2.31064 2.1
    endloop
  endfacet
  facet normal 0 0 1
    outer loop
      vertex 6.40742 2.40399 2.1
      vertex 6.81169 3.49081 2.1
      vertex 6.50336 3.53464 2.1
    endloop
  endfacet
  facet normal 0 0 1
    outer loop
      vertex 6.81169 3.49081 2.1
      vertex 6.40742 2.40399 2.1
      vertex 6.58676 2.36314 2.1
    endloop
  endfacet
  facet normal 0 0 1
    outer loop
      vertex 6.50336 3.53464 2.1
      vertex 6.21823 2.43317 2.1
      vertex 6.40742 2.40399 2.1
    endloop
  endfacet
  facet normal 0 0 1
    outer loop
      vertex 6.17932 3.56093 2.1
      vertex 6.21823 2.43317 2.1
      vertex 6.50336 3.53464 2.1
    endloop
  endfacet
  facet normal 0 0 1
    outer loop
      vertex 6.17932 3.56093 2.1
      vertex 6.01917 2.45067 2.1
      vertex 6.21823 2.43317 2.1
    endloop
  endfacet
  facet normal 0 0 1
    outer loop
      vertex 5.83955 3.5697 2.1
      vertex 6.01917 2.45067 2.1
      vertex 6.17932 3.56093 2.1
    endloop
  endfacet
  facet normal 0 0 1
    outer loop
      vertex 5.83955 3.5697 2.1
      vertex 5.81024 2.45651 2.1
      vertex 6.01917 2.45067 2.1
    endloop
  endfacet
  facet normal 0 0 1
    outer loop
      vertex 5.83955 3.5697 2.1
      vertex 4.78978 2.45651 2.1
      vertex 5.81024 2.45651 2.1
    endloop
  endfacet
  facet normal 0 0 1
    outer loop
      vertex 4.78978 2.45651 2.1
      vertex 3.34943 3.5697 2.1
      vertex 4.78978 -2.19655 2.1
    endloop
  endfacet
  facet normal -0 0 1
    outer loop
      vertex 3.34943 3.5697 2.1
      vertex 4.78978 2.45651 2.1
      vertex 5.83955 3.5697 2.1
    endloop
  endfacet
  facet normal -0 0 1
    outer loop
      vertex 7.68182 -1.28276 2.1
      vertex 8.88358 -1.97897 2.1
      vertex 7.76385 -1.13188 2.1
    endloop
  endfacet
  facet normal 0 0 1
    outer loop
      vertex 8.88358 -1.97897 2.1
      vertex 7.68182 -1.28276 2.1
      vertex 8.78275 -2.11897 2.1
    endloop
  endfacet
  facet normal -0 0 1
    outer loop
      vertex 7.58887 -1.42445 2.1
      vertex 8.78275 -2.11897 2.1
      vertex 7.68182 -1.28276 2.1
    endloop
  endfacet
  facet normal 0 0 1
    outer loop
      vertex 8.78275 -2.11897 2.1
      vertex 7.58887 -1.42445 2.1
      vertex 8.67499 -2.25151 2.1
    endloop
  endfacet
  facet normal 0 0 1
    outer loop
      vertex 8.67499 -2.25151 2.1
      vertex 7.58887 -1.42445 2.1
      vertex 8.5603 -2.37657 2.1
    endloop
  endfacet
  facet normal -0 0 1
    outer loop
      vertex 7.48497 -1.55698 2.1
      vertex 8.5603 -2.37657 2.1
      vertex 7.58887 -1.42445 2.1
    endloop
  endfacet
  facet normal 0 0 1
    outer loop
      vertex 8.5603 -2.37657 2.1
      vertex 7.48497 -1.55698 2.1
      vertex 8.43867 -2.49416 2.1
    endloop
  endfacet
  facet normal 0 0 1
    outer loop
      vertex 8.43867 -2.49416 2.1
      vertex 7.48497 -1.55698 2.1
      vertex 8.31012 -2.60428 2.1
    endloop
  endfacet
  facet normal -0 0 1
    outer loop
      vertex 7.37178 -1.6785 2.1
      vertex 8.31012 -2.60428 2.1
      vertex 7.48497 -1.55698 2.1
    endloop
  endfacet
  facet normal 0 0 1
    outer loop
      vertex 8.31012 -2.60428 2.1
      vertex 7.37178 -1.6785 2.1
      vertex 8.17462 -2.70694 2.1
    endloop
  endfacet
  facet normal 0 0 1
    outer loop
      vertex 8.17462 -2.70694 2.1
      vertex 7.37178 -1.6785 2.1
      vertex 8.0322 -2.80212 2.1
    endloop
  endfacet
  facet normal -0 0 1
    outer loop
      vertex 7.25099 -1.78722 2.1
      vertex 8.0322 -2.80212 2.1
      vertex 7.37178 -1.6785 2.1
    endloop
  endfacet
  facet normal 0 0 1
    outer loop
      vertex 8.0322 -2.80212 2.1
      vertex 7.25099 -1.78722 2.1
      vertex 7.88283 -2.88983 2.1
    endloop
  endfacet
  facet normal -0 0 1
    outer loop
      vertex 7.12257 -1.88316 2.1
      vertex 7.88283 -2.88983 2.1
      vertex 7.25099 -1.78722 2.1
    endloop
  endfacet
  facet normal 0 0 1
    outer loop
      vertex 7.88283 -2.88983 2.1
      vertex 7.12257 -1.88316 2.1
      vertex 7.7278 -2.96962 2.1
    endloop
  endfacet
  facet normal 0 0 1
    outer loop
      vertex 7.7278 -2.96962 2.1
      vertex 7.12257 -1.88316 2.1
      vertex 7.56831 -3.041 2.1
    endloop
  endfacet
  facet normal -0 0 1
    outer loop
      vertex 6.98656 -1.96631 2.1
      vertex 7.56831 -3.041 2.1
      vertex 7.12257 -1.88316 2.1
    endloop
  endfacet
  facet normal 0 0 1
    outer loop
      vertex 7.56831 -3.041 2.1
      vertex 6.98656 -1.96631 2.1
      vertex 7.40439 -3.10399 2.1
    endloop
  endfacet
  facet normal -0 0 1
    outer loop
      vertex 6.8429 -2.03665 2.1
      vertex 7.40439 -3.10399 2.1
      vertex 6.98656 -1.96631 2.1
    endloop
  endfacet
  facet normal 0 0 1
    outer loop
      vertex 7.40439 -3.10399 2.1
      vertex 6.8429 -2.03665 2.1
      vertex 7.23602 -3.15857 2.1
    endloop
  endfacet
  facet normal 0 0 1
    outer loop
      vertex 7.23602 -3.15857 2.1
      vertex 6.8429 -2.03665 2.1
      vertex 7.0632 -3.20477 2.1
    endloop
  endfacet
  facet normal -0 0 1
    outer loop
      vertex 6.69164 -2.09422 2.1
      vertex 7.0632 -3.20477 2.1
      vertex 6.8429 -2.03665 2.1
    endloop
  endfacet
  facet normal 0 0 1
    outer loop
      vertex 7.0632 -3.20477 2.1
      vertex 6.69164 -2.09422 2.1
      vertex 6.88594 -3.24255 2.1
    endloop
  endfacet
  facet normal -0 0 1
    outer loop
      vertex 6.53276 -2.13899 2.1
      vertex 6.88594 -3.24255 2.1
      vertex 6.69164 -2.09422 2.1
    endloop
  endfacet
  facet normal 0 0 1
    outer loop
      vertex 6.88594 -3.24255 2.1
      vertex 6.53276 -2.13899 2.1
      vertex 6.70424 -3.27196 2.1
    endloop
  endfacet
  facet normal -0 0 1
    outer loop
      vertex 6.36626 -2.17097 2.1
      vertex 6.70424 -3.27196 2.1
      vertex 6.53276 -2.13899 2.1
    endloop
  endfacet
  facet normal 0 0 1
    outer loop
      vertex 6.70424 -3.27196 2.1
      vertex 6.36626 -2.17097 2.1
      vertex 6.51808 -3.29295 2.1
    endloop
  endfacet
  facet normal 0 0 1
    outer loop
      vertex 6.36626 -2.17097 2.1
      vertex 6.32748 -3.30554 2.1
      vertex 6.51808 -3.29295 2.1
    endloop
  endfacet
  facet normal -0 0 1
    outer loop
      vertex 6.19214 -2.19016 2.1
      vertex 6.32748 -3.30554 2.1
      vertex 6.36626 -2.17097 2.1
    endloop
  endfacet
  facet normal 0 0 1
    outer loop
      vertex 6.19214 -2.19016 2.1
      vertex 6.13245 -3.30974 2.1
      vertex 6.32748 -3.30554 2.1
    endloop
  endfacet
  facet normal -0 0 1
    outer loop
      vertex 6.01041 -2.19655 2.1
      vertex 6.13245 -3.30974 2.1
      vertex 6.19214 -2.19016 2.1
    endloop
  endfacet
  facet normal -0 0 1
    outer loop
      vertex 4.78978 -2.19655 2.1
      vertex 6.13245 -3.30974 2.1
      vertex 6.01041 -2.19655 2.1
    endloop
  endfacet
  facet normal 0 0 1
    outer loop
      vertex 4.78978 -2.19655 2.1
      vertex 3.34943 -3.30974 2.1
      vertex 6.13245 -3.30974 2.1
    endloop
  endfacet
  facet normal 0 0 1
    outer loop
      vertex 3.34943 -3.30974 2.1
      vertex 4.78978 -2.19655 2.1
      vertex 3.34943 3.5697 2.1
    endloop
  endfacet
  facet normal 0 0 1
    outer loop
      vertex -21.3103 0.235306 2.1
      vertex -21.3103 -0.235306 2.1
      vertex -21.3 0 2.1
    endloop
  endfacet
  facet normal 0 0 1
    outer loop
      vertex -21.341 0.468842 2.1
      vertex -21.3103 -0.235306 2.1
      vertex -21.3103 0.235306 2.1
    endloop
  endfacet
  facet normal 0 0 1
    outer loop
      vertex -21.341 0.468842 2.1
      vertex -21.341 -0.468842 2.1
      vertex -21.3103 -0.235306 2.1
    endloop
  endfacet
  facet normal 0 0 1
    outer loop
      vertex -21.392 0.698807 2.1
      vertex -21.341 -0.468842 2.1
      vertex -21.341 0.468842 2.1
    endloop
  endfacet
  facet normal 0 0 1
    outer loop
      vertex -21.392 0.698807 2.1
      vertex -21.392 -0.698807 2.1
      vertex -21.341 -0.468842 2.1
    endloop
  endfacet
  facet normal 0 0 1
    outer loop
      vertex -21.4628 0.923447 2.1
      vertex -21.392 -0.698807 2.1
      vertex -21.392 0.698807 2.1
    endloop
  endfacet
  facet normal 0 0 1
    outer loop
      vertex -21.4628 0.923447 2.1
      vertex -21.4628 -0.923447 2.1
      vertex -21.392 -0.698807 2.1
    endloop
  endfacet
  facet normal 0 0 1
    outer loop
      vertex -21.553 1.14107 2.1
      vertex -21.4628 -0.923447 2.1
      vertex -21.4628 0.923447 2.1
    endloop
  endfacet
  facet normal 0 0 1
    outer loop
      vertex -21.553 1.14107 2.1
      vertex -21.553 -1.14107 2.1
      vertex -21.4628 -0.923447 2.1
    endloop
  endfacet
  facet normal 0 0 1
    outer loop
      vertex -21.6617 1.34999 2.1
      vertex -21.553 -1.14107 2.1
      vertex -21.553 1.14107 2.1
    endloop
  endfacet
  facet normal 0 0 1
    outer loop
      vertex -21.6617 1.34999 2.1
      vertex -21.6617 -1.34999 2.1
      vertex -21.553 -1.14107 2.1
    endloop
  endfacet
  facet normal 0 0 1
    outer loop
      vertex -21.7883 1.54865 2.1
      vertex -21.6617 -1.34999 2.1
      vertex -21.6617 1.34999 2.1
    endloop
  endfacet
  facet normal 0 0 1
    outer loop
      vertex -21.7883 1.54865 2.1
      vertex -21.7883 -1.54865 2.1
      vertex -21.6617 -1.34999 2.1
    endloop
  endfacet
  facet normal 0 0 1
    outer loop
      vertex -21.9317 1.73552 2.1
      vertex -21.7883 -1.54865 2.1
      vertex -21.7883 1.54865 2.1
    endloop
  endfacet
  facet normal 0 0 1
    outer loop
      vertex -21.9317 1.73552 2.1
      vertex -21.9317 -1.73552 2.1
      vertex -21.7883 -1.54865 2.1
    endloop
  endfacet
  facet normal 0 0 1
    outer loop
      vertex -22.0908 1.90918 2.1
      vertex -21.9317 -1.73552 2.1
      vertex -21.9317 1.73552 2.1
    endloop
  endfacet
  facet normal 0 0 1
    outer loop
      vertex -22.0908 1.90918 2.1
      vertex -22.0908 -1.90918 2.1
      vertex -21.9317 -1.73552 2.1
    endloop
  endfacet
  facet normal 0 0 1
    outer loop
      vertex -22.2645 2.06831 2.1
      vertex -22.0908 -1.90918 2.1
      vertex -22.0908 1.90918 2.1
    endloop
  endfacet
  facet normal 0 0 1
    outer loop
      vertex -22.2645 2.06831 2.1
      vertex -22.2645 -2.06831 2.1
      vertex -22.0908 -1.90918 2.1
    endloop
  endfacet
  facet normal 0 0 1
    outer loop
      vertex -22.4514 2.2117 2.1
      vertex -22.2645 -2.06831 2.1
      vertex -22.2645 2.06831 2.1
    endloop
  endfacet
  facet normal 0 0 1
    outer loop
      vertex -22.4514 2.2117 2.1
      vertex -22.4514 -2.2117 2.1
      vertex -22.2645 -2.06831 2.1
    endloop
  endfacet
  facet normal 0 0 1
    outer loop
      vertex -22.65 2.33826 2.1
      vertex -22.4514 -2.2117 2.1
      vertex -22.4514 2.2117 2.1
    endloop
  endfacet
  facet normal 0 0 1
    outer loop
      vertex -22.65 2.33826 2.1
      vertex -22.65 -2.33826 2.1
      vertex -22.4514 -2.2117 2.1
    endloop
  endfacet
  facet normal 0 0 1
    outer loop
      vertex -22.8589 2.44702 2.1
      vertex -22.65 -2.33826 2.1
      vertex -22.65 2.33826 2.1
    endloop
  endfacet
  facet normal 0 0 1
    outer loop
      vertex -22.8589 2.44702 2.1
      vertex -22.8589 -2.44702 2.1
      vertex -22.65 -2.33826 2.1
    endloop
  endfacet
  facet normal 0 0 1
    outer loop
      vertex -23.0766 2.53716 2.1
      vertex -22.8589 -2.44702 2.1
      vertex -22.8589 2.44702 2.1
    endloop
  endfacet
  facet normal 0 0 1
    outer loop
      vertex -23.0766 2.53716 2.1
      vertex -23.0766 -2.53716 2.1
      vertex -22.8589 -2.44702 2.1
    endloop
  endfacet
  facet normal 0 0 1
    outer loop
      vertex -23.3012 2.60799 2.1
      vertex -23.0766 -2.53716 2.1
      vertex -23.0766 2.53716 2.1
    endloop
  endfacet
  facet normal 0 0 1
    outer loop
      vertex -23.3012 2.60799 2.1
      vertex -23.3012 -2.60799 2.1
      vertex -23.0766 -2.53716 2.1
    endloop
  endfacet
  facet normal 0 0 1
    outer loop
      vertex -23.5312 2.65897 2.1
      vertex -23.3012 -2.60799 2.1
      vertex -23.3012 2.60799 2.1
    endloop
  endfacet
  facet normal 0 0 1
    outer loop
      vertex -23.5312 2.65897 2.1
      vertex -23.5312 -2.65897 2.1
      vertex -23.3012 -2.60799 2.1
    endloop
  endfacet
  facet normal 0 0 1
    outer loop
      vertex -23.7647 2.68971 2.1
      vertex -23.5312 -2.65897 2.1
      vertex -23.5312 2.65897 2.1
    endloop
  endfacet
  facet normal 0 0 1
    outer loop
      vertex -23.7647 2.68971 2.1
      vertex -23.7647 -2.68971 2.1
      vertex -23.5312 -2.65897 2.1
    endloop
  endfacet
  facet normal 0 0 1
    outer loop
      vertex -24 2.7 2.1
      vertex -23.7647 -2.68971 2.1
      vertex -23.7647 2.68971 2.1
    endloop
  endfacet
  facet normal 0 0 1
    outer loop
      vertex -24 2.7 2.1
      vertex -24 -2.7 2.1
      vertex -23.7647 -2.68971 2.1
    endloop
  endfacet
  facet normal -0 0 1
    outer loop
      vertex -24.2353 2.68971 2.1
      vertex -24 -2.7 2.1
      vertex -24 2.7 2.1
    endloop
  endfacet
  facet normal 0 0 1
    outer loop
      vertex -24.2353 2.68971 2.1
      vertex -24.2353 -2.68971 2.1
      vertex -24 -2.7 2.1
    endloop
  endfacet
  facet normal -0 0 1
    outer loop
      vertex -24.4688 2.65897 2.1
      vertex -24.2353 -2.68971 2.1
      vertex -24.2353 2.68971 2.1
    endloop
  endfacet
  facet normal 0 0 1
    outer loop
      vertex -24.4688 2.65897 2.1
      vertex -24.4688 -2.65897 2.1
      vertex -24.2353 -2.68971 2.1
    endloop
  endfacet
  facet normal -0 0 1
    outer loop
      vertex -24.6988 2.60799 2.1
      vertex -24.4688 -2.65897 2.1
      vertex -24.4688 2.65897 2.1
    endloop
  endfacet
  facet normal 0 0 1
    outer loop
      vertex -24.6988 2.60799 2.1
      vertex -24.6988 -2.60799 2.1
      vertex -24.4688 -2.65897 2.1
    endloop
  endfacet
  facet normal -0 0 1
    outer loop
      vertex -24.9234 2.53716 2.1
      vertex -24.6988 -2.60799 2.1
      vertex -24.6988 2.60799 2.1
    endloop
  endfacet
  facet normal 0 0 1
    outer loop
      vertex -24.9234 2.53716 2.1
      vertex -24.9234 -2.53716 2.1
      vertex -24.6988 -2.60799 2.1
    endloop
  endfacet
  facet normal -0 0 1
    outer loop
      vertex -25.1411 2.44702 2.1
      vertex -24.9234 -2.53716 2.1
      vertex -24.9234 2.53716 2.1
    endloop
  endfacet
  facet normal 0 0 1
    outer loop
      vertex -25.1411 2.44702 2.1
      vertex -25.1411 -2.44702 2.1
      vertex -24.9234 -2.53716 2.1
    endloop
  endfacet
  facet normal -0 0 1
    outer loop
      vertex -25.35 2.33826 2.1
      vertex -25.1411 -2.44702 2.1
      vertex -25.1411 2.44702 2.1
    endloop
  endfacet
  facet normal 0 0 1
    outer loop
      vertex -25.35 2.33826 2.1
      vertex -25.35 -2.33826 2.1
      vertex -25.1411 -2.44702 2.1
    endloop
  endfacet
  facet normal -0 0 1
    outer loop
      vertex -25.5486 2.2117 2.1
      vertex -25.35 -2.33826 2.1
      vertex -25.35 2.33826 2.1
    endloop
  endfacet
  facet normal 0 0 1
    outer loop
      vertex -25.5486 2.2117 2.1
      vertex -25.5486 -2.2117 2.1
      vertex -25.35 -2.33826 2.1
    endloop
  endfacet
  facet normal -0 0 1
    outer loop
      vertex -25.7355 2.06831 2.1
      vertex -25.5486 -2.2117 2.1
      vertex -25.5486 2.2117 2.1
    endloop
  endfacet
  facet normal 0 0 1
    outer loop
      vertex -25.7355 2.06831 2.1
      vertex -25.7355 -2.06831 2.1
      vertex -25.5486 -2.2117 2.1
    endloop
  endfacet
  facet normal -0 0 1
    outer loop
      vertex -25.9092 1.90918 2.1
      vertex -25.7355 -2.06831 2.1
      vertex -25.7355 2.06831 2.1
    endloop
  endfacet
  facet normal 0 0 1
    outer loop
      vertex -25.9092 1.90918 2.1
      vertex -25.9092 -1.90918 2.1
      vertex -25.7355 -2.06831 2.1
    endloop
  endfacet
  facet normal -0 0 1
    outer loop
      vertex -26.0683 1.73552 2.1
      vertex -25.9092 -1.90918 2.1
      vertex -25.9092 1.90918 2.1
    endloop
  endfacet
  facet normal 0 0 1
    outer loop
      vertex -26.0683 1.73552 2.1
      vertex -26.0683 -1.73552 2.1
      vertex -25.9092 -1.90918 2.1
    endloop
  endfacet
  facet normal -0 0 1
    outer loop
      vertex -26.2117 1.54865 2.1
      vertex -26.0683 -1.73552 2.1
      vertex -26.0683 1.73552 2.1
    endloop
  endfacet
  facet normal 0 0 1
    outer loop
      vertex -26.2117 1.54865 2.1
      vertex -26.2117 -1.54865 2.1
      vertex -26.0683 -1.73552 2.1
    endloop
  endfacet
  facet normal -0 0 1
    outer loop
      vertex -26.3383 1.34999 2.1
      vertex -26.2117 -1.54865 2.1
      vertex -26.2117 1.54865 2.1
    endloop
  endfacet
  facet normal 0 0 1
    outer loop
      vertex -26.3383 1.34999 2.1
      vertex -26.3383 -1.34999 2.1
      vertex -26.2117 -1.54865 2.1
    endloop
  endfacet
  facet normal -0 0 1
    outer loop
      vertex -26.447 1.14107 2.1
      vertex -26.3383 -1.34999 2.1
      vertex -26.3383 1.34999 2.1
    endloop
  endfacet
  facet normal 0 0 1
    outer loop
      vertex -26.447 1.14107 2.1
      vertex -26.447 -1.14107 2.1
      vertex -26.3383 -1.34999 2.1
    endloop
  endfacet
  facet normal -0 0 1
    outer loop
      vertex -26.5372 0.923447 2.1
      vertex -26.447 -1.14107 2.1
      vertex -26.447 1.14107 2.1
    endloop
  endfacet
  facet normal 0 0 1
    outer loop
      vertex -26.5372 0.923447 2.1
      vertex -26.5372 -0.923447 2.1
      vertex -26.447 -1.14107 2.1
    endloop
  endfacet
  facet normal -0 0 1
    outer loop
      vertex -26.608 0.698807 2.1
      vertex -26.5372 -0.923447 2.1
      vertex -26.5372 0.923447 2.1
    endloop
  endfacet
  facet normal 0 0 1
    outer loop
      vertex -26.608 0.698807 2.1
      vertex -26.608 -0.698807 2.1
      vertex -26.5372 -0.923447 2.1
    endloop
  endfacet
  facet normal -0 0 1
    outer loop
      vertex -26.659 0.468842 2.1
      vertex -26.608 -0.698807 2.1
      vertex -26.608 0.698807 2.1
    endloop
  endfacet
  facet normal 0 0 1
    outer loop
      vertex -26.659 0.468842 2.1
      vertex -26.659 -0.468842 2.1
      vertex -26.608 -0.698807 2.1
    endloop
  endfacet
  facet normal -0 0 1
    outer loop
      vertex -26.6897 0.235306 2.1
      vertex -26.659 -0.468842 2.1
      vertex -26.659 0.468842 2.1
    endloop
  endfacet
  facet normal 0 0 1
    outer loop
      vertex -26.6897 0.235306 2.1
      vertex -26.6897 -0.235306 2.1
      vertex -26.659 -0.468842 2.1
    endloop
  endfacet
  facet normal 0 -0 1
    outer loop
      vertex -26.6897 -0.235306 2.1
      vertex -26.6897 0.235306 2.1
      vertex -26.7 0 2.1
    endloop
  endfacet
  facet normal 0 0 1
    outer loop
      vertex 11.7641 0.845215 2.1
      vertex 10.431 0.818436 2.1
      vertex 10.4311 0.732971 2.1
    endloop
  endfacet
  facet normal 0 0 1
    outer loop
      vertex 11.7036 1.95193 2.1
      vertex 10.4306 0.901016 2.1
      vertex 10.431 0.818436 2.1
    endloop
  endfacet
  facet normal 0 0 1
    outer loop
      vertex 11.7036 1.95193 2.1
      vertex 10.43 0.980728 2.1
      vertex 10.4306 0.901016 2.1
    endloop
  endfacet
  facet normal 0 0 1
    outer loop
      vertex 11.7036 1.95193 2.1
      vertex 10.4292 1.05754 2.1
      vertex 10.43 0.980728 2.1
    endloop
  endfacet
  facet normal 0 0 1
    outer loop
      vertex 11.7036 1.95193 2.1
      vertex 10.4281 1.13148 2.1
      vertex 10.4292 1.05754 2.1
    endloop
  endfacet
  facet normal 0 0 1
    outer loop
      vertex 11.7036 1.95193 2.1
      vertex 10.4267 1.20256 2.1
      vertex 10.4281 1.13148 2.1
    endloop
  endfacet
  facet normal 0 0 1
    outer loop
      vertex 11.7036 1.95193 2.1
      vertex 10.4251 1.27074 2.1
      vertex 10.4267 1.20256 2.1
    endloop
  endfacet
  facet normal 0 0 1
    outer loop
      vertex 11.7036 1.95193 2.1
      vertex 10.4233 1.33604 2.1
      vertex 10.4251 1.27074 2.1
    endloop
  endfacet
  facet normal 0 0 1
    outer loop
      vertex 11.7036 1.95193 2.1
      vertex 10.4212 1.39847 2.1
      vertex 10.4233 1.33604 2.1
    endloop
  endfacet
  facet normal 0 0 1
    outer loop
      vertex 11.7036 1.95193 2.1
      vertex 10.4189 1.45801 2.1
      vertex 10.4212 1.39847 2.1
    endloop
  endfacet
  facet normal 0 0 1
    outer loop
      vertex 11.7036 1.95193 2.1
      vertex 10.4164 1.51546 2.1
      vertex 10.4189 1.45801 2.1
    endloop
  endfacet
  facet normal 0 0 1
    outer loop
      vertex 11.7036 1.95193 2.1
      vertex 10.4139 1.57158 2.1
      vertex 10.4164 1.51546 2.1
    endloop
  endfacet
  facet normal 0 0 1
    outer loop
      vertex 11.7036 1.95193 2.1
      vertex 10.4114 1.62639 2.1
      vertex 10.4139 1.57158 2.1
    endloop
  endfacet
  facet normal 0 0 1
    outer loop
      vertex 11.7036 1.95193 2.1
      vertex 10.4088 1.67987 2.1
      vertex 10.4114 1.62639 2.1
    endloop
  endfacet
  facet normal 0 0 1
    outer loop
      vertex 11.7036 1.95193 2.1
      vertex 10.4061 1.73204 2.1
      vertex 10.4088 1.67987 2.1
    endloop
  endfacet
  facet normal 0 0 1
    outer loop
      vertex 11.7036 1.95193 2.1
      vertex 10.4034 1.7829 2.1
      vertex 10.4061 1.73204 2.1
    endloop
  endfacet
  facet normal 0 0 1
    outer loop
      vertex 11.7036 1.95193 2.1
      vertex 10.4007 1.83243 2.1
      vertex 10.4034 1.7829 2.1
    endloop
  endfacet
  facet normal 0 0 1
    outer loop
      vertex 11.7006 1.9731 2.1
      vertex 10.3979 1.88063 2.1
      vertex 10.4007 1.83243 2.1
    endloop
  endfacet
  facet normal 0 0 1
    outer loop
      vertex 11.7006 1.9731 2.1
      vertex 10.395 1.92752 2.1
      vertex 10.3979 1.88063 2.1
    endloop
  endfacet
  facet normal 0 -0 1
    outer loop
      vertex 10.395 1.92752 2.1
      vertex 11.7006 1.9731 2.1
      vertex 10.3921 1.9731 2.1
    endloop
  endfacet
  facet normal 0 0 1
    outer loop
      vertex 13.1604 0.909927 2.1
      vertex 13.4729 2.0024 2.1
      vertex 13.4397 2.01631 2.1
    endloop
  endfacet
  facet normal 0 0 1
    outer loop
      vertex 13.4729 2.0024 2.1
      vertex 13.4073 0.868927 2.1
      vertex 13.4729 0.855011 2.1
    endloop
  endfacet
  facet normal 0 0 1
    outer loop
      vertex 13.1604 0.909927 2.1
      vertex 13.4397 2.01631 2.1
      vertex 13.4044 2.02876 2.1
    endloop
  endfacet
  facet normal 0 0 1
    outer loop
      vertex 13.1604 0.909927 2.1
      vertex 13.4044 2.02876 2.1
      vertex 13.367 2.03975 2.1
    endloop
  endfacet
  facet normal 0 0 1
    outer loop
      vertex 13.4729 2.0024 2.1
      vertex 13.3432 0.881378 2.1
      vertex 13.4073 0.868927 2.1
    endloop
  endfacet
  facet normal 0 0 1
    outer loop
      vertex 13.1604 0.909927 2.1
      vertex 13.367 2.03975 2.1
      vertex 13.3277 2.04927 2.1
    endloop
  endfacet
  facet normal 0 0 1
    outer loop
      vertex 13.1604 0.909927 2.1
      vertex 13.3277 2.04927 2.1
      vertex 13.2862 2.05733 2.1
    endloop
  endfacet
  facet normal 0 0 1
    outer loop
      vertex 13.4729 2.0024 2.1
      vertex 13.2807 0.892349 2.1
      vertex 13.3432 0.881378 2.1
    endloop
  endfacet
  facet normal 0 0 1
    outer loop
      vertex 13.1026 0.916519 2.1
      vertex 13.2862 2.05733 2.1
      vertex 13.2427 2.0639 2.1
    endloop
  endfacet
  facet normal 0 0 1
    outer loop
      vertex 13.4729 2.0024 2.1
      vertex 13.2198 0.901871 2.1
      vertex 13.2807 0.892349 2.1
    endloop
  endfacet
  facet normal 0 0 1
    outer loop
      vertex 13.1026 0.916519 2.1
      vertex 13.2427 2.0639 2.1
      vertex 13.1971 2.06903 2.1
    endloop
  endfacet
  facet normal 0 0 1
    outer loop
      vertex 13.4729 2.0024 2.1
      vertex 13.1604 0.909927 2.1
      vertex 13.2198 0.901871 2.1
    endloop
  endfacet
  facet normal 0 0 1
    outer loop
      vertex 13.1026 0.916519 2.1
      vertex 13.1971 2.06903 2.1
      vertex 13.1496 2.07269 2.1
    endloop
  endfacet
  facet normal 0 0 1
    outer loop
      vertex 13.2862 2.05733 2.1
      vertex 13.1026 0.916519 2.1
      vertex 13.1604 0.909927 2.1
    endloop
  endfacet
  facet normal 0 0 1
    outer loop
      vertex 13.0464 0.921646 2.1
      vertex 13.1496 2.07269 2.1
      vertex 13.0999 2.07489 2.1
    endloop
  endfacet
  facet normal 0 0 1
    outer loop
      vertex 13.0464 0.921646 2.1
      vertex 13.0999 2.07489 2.1
      vertex 13.0482 2.07562 2.1
    endloop
  endfacet
  facet normal 0 0 1
    outer loop
      vertex 13.1496 2.07269 2.1
      vertex 13.0464 0.921646 2.1
      vertex 13.1026 0.916519 2.1
    endloop
  endfacet
  facet normal 0 0 1
    outer loop
      vertex 13.0482 2.07562 2.1
      vertex 12.9917 0.925308 2.1
      vertex 13.0464 0.921646 2.1
    endloop
  endfacet
  facet normal -0 0 1
    outer loop
      vertex 12.9848 2.07452 2.1
      vertex 12.9917 0.925308 2.1
      vertex 13.0482 2.07562 2.1
    endloop
  endfacet
  facet normal 0 0 1
    outer loop
      vertex 12.9848 2.07452 2.1
      vertex 12.9386 0.927505 2.1
      vertex 12.9917 0.925308 2.1
    endloop
  endfacet
  facet normal -0 0 1
    outer loop
      vertex 12.9236 2.07123 2.1
      vertex 12.9386 0.927505 2.1
      vertex 12.9848 2.07452 2.1
    endloop
  endfacet
  facet normal -0 0 1
    outer loop
      vertex 12.8645 2.06573 2.1
      vertex 12.9386 0.927505 2.1
      vertex 12.9236 2.07123 2.1
    endloop
  endfacet
  facet normal 0 0 1
    outer loop
      vertex 12.9386 0.927505 2.1
      vertex 12.8645 2.06573 2.1
      vertex 12.8871 0.928238 2.1
    endloop
  endfacet
  facet normal -0 0 1
    outer loop
      vertex 12.8076 2.05804 2.1
      vertex 12.8871 0.928238 2.1
      vertex 12.8645 2.06573 2.1
    endloop
  endfacet
  facet normal -0 0 1
    outer loop
      vertex 12.7528 2.04816 2.1
      vertex 12.8871 0.928238 2.1
      vertex 12.8076 2.05804 2.1
    endloop
  endfacet
  facet normal -0 0 1
    outer loop
      vertex 12.7001 2.03607 2.1
      vertex 12.8871 0.928238 2.1
      vertex 12.7528 2.04816 2.1
    endloop
  endfacet
  facet normal -0 0 1
    outer loop
      vertex 12.6496 2.02179 2.1
      vertex 12.8871 0.928238 2.1
      vertex 12.7001 2.03607 2.1
    endloop
  endfacet
  facet normal 0 0 1
    outer loop
      vertex 12.8871 0.928238 2.1
      vertex 12.6496 2.02179 2.1
      vertex 12.7868 0.924088 2.1
    endloop
  endfacet
  facet normal -0 0 1
    outer loop
      vertex 12.6013 2.00531 2.1
      vertex 12.7868 0.924088 2.1
      vertex 12.6496 2.02179 2.1
    endloop
  endfacet
  facet normal -0 0 1
    outer loop
      vertex 12.5551 1.98663 2.1
      vertex 12.7868 0.924088 2.1
      vertex 12.6013 2.00531 2.1
    endloop
  endfacet
  facet normal -0 0 1
    outer loop
      vertex 12.5111 1.96576 2.1
      vertex 12.7868 0.924088 2.1
      vertex 12.5551 1.98663 2.1
    endloop
  endfacet
  facet normal -0 0 1
    outer loop
      vertex 12.4687 1.94263 2.1
      vertex 12.7868 0.924088 2.1
      vertex 12.5111 1.96576 2.1
    endloop
  endfacet
  facet normal -0 0 1
    outer loop
      vertex 12.4275 1.91714 2.1
      vertex 12.7868 0.924088 2.1
      vertex 12.4687 1.94263 2.1
    endloop
  endfacet
  facet normal -0 0 1
    outer loop
      vertex 12.3875 1.88931 2.1
      vertex 12.7868 0.924088 2.1
      vertex 12.4275 1.91714 2.1
    endloop
  endfacet
  facet normal -0 0 1
    outer loop
      vertex 12.3486 1.85915 2.1
      vertex 12.7868 0.924088 2.1
      vertex 12.3875 1.88931 2.1
    endloop
  endfacet
  facet normal 0 0 1
    outer loop
      vertex 12.7868 0.924088 2.1
      vertex 12.3486 1.85915 2.1
      vertex 12.6911 0.911636 2.1
    endloop
  endfacet
  facet normal -0 0 1
    outer loop
      vertex 12.3109 1.82663 2.1
      vertex 12.6911 0.911636 2.1
      vertex 12.3486 1.85915 2.1
    endloop
  endfacet
  facet normal -0 0 1
    outer loop
      vertex 12.2744 1.79176 2.1
      vertex 12.6911 0.911636 2.1
      vertex 12.3109 1.82663 2.1
    endloop
  endfacet
  facet normal -0 0 1
    outer loop
      vertex 12.2391 1.75456 2.1
      vertex 12.6911 0.911636 2.1
      vertex 12.2744 1.79176 2.1
    endloop
  endfacet
  facet normal -0 0 1
    outer loop
      vertex 12.2049 1.71501 2.1
      vertex 12.6911 0.911636 2.1
      vertex 12.2391 1.75456 2.1
    endloop
  endfacet
  facet normal -0 0 1
    outer loop
      vertex 12.1719 1.67311 2.1
      vertex 12.6911 0.911636 2.1
      vertex 12.2049 1.71501 2.1
    endloop
  endfacet
  facet normal -0 0 1
    outer loop
      vertex 12.14 1.62886 2.1
      vertex 12.6911 0.911636 2.1
      vertex 12.1719 1.67311 2.1
    endloop
  endfacet
  facet normal 0 0 1
    outer loop
      vertex 12.6911 0.911636 2.1
      vertex 12.14 1.62886 2.1
      vertex 12.5999 0.890884 2.1
    endloop
  endfacet
  facet normal -0 0 1
    outer loop
      vertex 12.1084 1.58017 2.1
      vertex 12.5999 0.890884 2.1
      vertex 12.14 1.62886 2.1
    endloop
  endfacet
  facet normal -0 0 1
    outer loop
      vertex 12.0758 1.52487 2.1
      vertex 12.5999 0.890884 2.1
      vertex 12.1084 1.58017 2.1
    endloop
  endfacet
  facet normal -0 0 1
    outer loop
      vertex 12.0423 1.463 2.1
      vertex 12.5999 0.890884 2.1
      vertex 12.0758 1.52487 2.1
    endloop
  endfacet
  facet normal 0 0 1
    outer loop
      vertex 12.5999 0.890884 2.1
      vertex 12.0423 1.463 2.1
      vertex 12.5133 0.861832 2.1
    endloop
  endfacet
  facet normal -0 0 1
    outer loop
      vertex 12.008 1.39452 2.1
      vertex 12.5133 0.861832 2.1
      vertex 12.0423 1.463 2.1
    endloop
  endfacet
  facet normal -0 0 1
    outer loop
      vertex 11.9728 1.31944 2.1
      vertex 12.5133 0.861832 2.1
      vertex 12.008 1.39452 2.1
    endloop
  endfacet
  facet normal 0 0 1
    outer loop
      vertex 12.5133 0.861832 2.1
      vertex 11.9728 1.31944 2.1
      vertex 12.4312 0.824478 2.1
    endloop
  endfacet
  facet normal -0 0 1
    outer loop
      vertex 11.9367 1.23779 2.1
      vertex 12.4312 0.824478 2.1
      vertex 11.9728 1.31944 2.1
    endloop
  endfacet
  facet normal 0 0 1
    outer loop
      vertex 12.4312 0.824478 2.1
      vertex 11.9367 1.23779 2.1
      vertex 12.3536 0.778839 2.1
    endloop
  endfacet
  facet normal -0 0 1
    outer loop
      vertex 11.8998 1.14954 2.1
      vertex 12.3536 0.778839 2.1
      vertex 11.9367 1.23779 2.1
    endloop
  endfacet
  facet normal -0 0 1
    outer loop
      vertex 11.8619 1.05469 2.1
      vertex 12.3536 0.778839 2.1
      vertex 11.8998 1.14954 2.1
    endloop
  endfacet
  facet normal 0 0 1
    outer loop
      vertex 12.3536 0.778839 2.1
      vertex 11.8619 1.05469 2.1
      vertex 12.2806 0.724884 2.1
    endloop
  endfacet
  facet normal -0 0 1
    outer loop
      vertex 11.8232 0.953247 2.1
      vertex 12.2806 0.724884 2.1
      vertex 11.8619 1.05469 2.1
    endloop
  endfacet
  facet normal 0 0 1
    outer loop
      vertex 12.2806 0.724884 2.1
      vertex 11.8232 0.953247 2.1
      vertex 12.2121 0.662628 2.1
    endloop
  endfacet
  facet normal -0 0 1
    outer loop
      vertex 11.7836 0.845215 2.1
      vertex 12.2121 0.662628 2.1
      vertex 11.8232 0.953247 2.1
    endloop
  endfacet
  facet normal 0 0 1
    outer loop
      vertex 12.2121 0.662628 2.1
      vertex 11.7836 0.845215 2.1
      vertex 12.1482 0.592072 2.1
    endloop
  endfacet
  facet normal 0 0 1
    outer loop
      vertex 12.1482 0.592072 2.1
      vertex 11.7836 0.845215 2.1
      vertex 12.0888 0.513229 2.1
    endloop
  endfacet
  facet normal 0 0 1
    outer loop
      vertex 12.0888 0.513229 2.1
      vertex 11.7836 0.845215 2.1
      vertex 12.0345 0.426224 2.1
    endloop
  endfacet
  facet normal -0 0 1
    outer loop
      vertex 11.7641 0.845215 2.1
      vertex 12.0345 0.426224 2.1
      vertex 11.7836 0.845215 2.1
    endloop
  endfacet
  facet normal 0 0 1
    outer loop
      vertex 12.0345 0.426224 2.1
      vertex 11.7641 0.845215 2.1
      vertex 11.986 0.331207 2.1
    endloop
  endfacet
  facet normal 0 0 1
    outer loop
      vertex 11.986 0.331207 2.1
      vertex 11.7641 0.845215 2.1
      vertex 11.9431 0.22818 2.1
    endloop
  endfacet
  facet normal 0 0 1
    outer loop
      vertex 11.9431 0.22818 2.1
      vertex 11.7641 0.845215 2.1
      vertex 11.906 0.117157 2.1
    endloop
  endfacet
  facet normal -0 0 1
    outer loop
      vertex 10.4311 0.732971 2.1
      vertex 11.906 0.117157 2.1
      vertex 11.7641 0.845215 2.1
    endloop
  endfacet
  facet normal 0 0 1
    outer loop
      vertex 11.906 0.117157 2.1
      vertex 10.4311 0.732971 2.1
      vertex 11.8746 -0.00186157 2.1
    endloop
  endfacet
  facet normal 0 0 1
    outer loop
      vertex 11.8746 -0.00186157 2.1
      vertex 10.4311 0.732971 2.1
      vertex 11.8489 -0.128906 2.1
    endloop
  endfacet
  facet normal 0 0 1
    outer loop
      vertex 11.8489 -0.128906 2.1
      vertex 10.4311 0.732971 2.1
      vertex 11.8289 -0.263962 2.1
    endloop
  endfacet
  facet normal 0 0 1
    outer loop
      vertex 11.8289 -0.263962 2.1
      vertex 10.4311 0.732971 2.1
      vertex 11.8146 -0.407028 2.1
    endloop
  endfacet
  facet normal 0 0 1
    outer loop
      vertex 11.8146 -0.407028 2.1
      vertex 10.4311 0.732971 2.1
      vertex 11.806 -0.55809 2.1
    endloop
  endfacet
  facet normal 0 0 1
    outer loop
      vertex 11.806 -0.55809 2.1
      vertex 10.4311 0.732971 2.1
      vertex 11.8032 -0.717163 2.1
    endloop
  endfacet
  facet normal 0 0 1
    outer loop
      vertex 10.431 0.818436 2.1
      vertex 11.7638 0.877518 2.1
      vertex 11.7631 0.915833 2.1
    endloop
  endfacet
  facet normal 0 0 1
    outer loop
      vertex 10.431 0.818436 2.1
      vertex 11.7641 0.845215 2.1
      vertex 11.7638 0.877518 2.1
    endloop
  endfacet
  facet normal 0 0 1
    outer loop
      vertex 10.431 0.818436 2.1
      vertex 11.7631 0.915833 2.1
      vertex 11.7619 0.960159 2.1
    endloop
  endfacet
  facet normal 0 0 1
    outer loop
      vertex 10.431 0.818436 2.1
      vertex 11.7619 0.960159 2.1
      vertex 11.7602 1.01047 2.1
    endloop
  endfacet
  facet normal 0 0 1
    outer loop
      vertex 10.431 0.818436 2.1
      vertex 11.7602 1.01047 2.1
      vertex 11.758 1.0668 2.1
    endloop
  endfacet
  facet normal 0 0 1
    outer loop
      vertex 10.431 0.818436 2.1
      vertex 11.758 1.0668 2.1
      vertex 11.7553 1.12914 2.1
    endloop
  endfacet
  facet normal 0 0 1
    outer loop
      vertex 10.431 0.818436 2.1
      vertex 11.7553 1.12914 2.1
      vertex 11.7521 1.19746 2.1
    endloop
  endfacet
  facet normal 0 0 1
    outer loop
      vertex 10.431 0.818436 2.1
      vertex 11.7521 1.19746 2.1
      vertex 11.7484 1.2718 2.1
    endloop
  endfacet
  facet normal 0 0 1
    outer loop
      vertex 10.431 0.818436 2.1
      vertex 11.7484 1.2718 2.1
      vertex 11.7443 1.35214 2.1
    endloop
  endfacet
  facet normal 0 0 1
    outer loop
      vertex 10.431 0.818436 2.1
      vertex 11.7443 1.35214 2.1
      vertex 11.7397 1.43849 2.1
    endloop
  endfacet
  facet normal 0 0 1
    outer loop
      vertex 10.431 0.818436 2.1
      vertex 11.7397 1.43849 2.1
      vertex 11.7349 1.52426 2.1
    endloop
  endfacet
  facet normal 0 0 1
    outer loop
      vertex 10.431 0.818436 2.1
      vertex 11.7349 1.52426 2.1
      vertex 11.7303 1.60284 2.1
    endloop
  endfacet
  facet normal 0 0 1
    outer loop
      vertex 10.431 0.818436 2.1
      vertex 11.7303 1.60284 2.1
      vertex 11.7259 1.67426 2.1
    endloop
  endfacet
  facet normal 0 0 1
    outer loop
      vertex 10.431 0.818436 2.1
      vertex 11.7259 1.67426 2.1
      vertex 11.7217 1.73848 2.1
    endloop
  endfacet
  facet normal 0 0 1
    outer loop
      vertex 10.431 0.818436 2.1
      vertex 11.7217 1.73848 2.1
      vertex 11.7177 1.79553 2.1
    endloop
  endfacet
  facet normal 0 0 1
    outer loop
      vertex 10.431 0.818436 2.1
      vertex 11.7177 1.79553 2.1
      vertex 11.7139 1.8454 2.1
    endloop
  endfacet
  facet normal 0 0 1
    outer loop
      vertex 10.431 0.818436 2.1
      vertex 11.7139 1.8454 2.1
      vertex 11.7103 1.88809 2.1
    endloop
  endfacet
  facet normal 0 0 1
    outer loop
      vertex 10.431 0.818436 2.1
      vertex 11.7103 1.88809 2.1
      vertex 11.7068 1.9236 2.1
    endloop
  endfacet
  facet normal 0 0 1
    outer loop
      vertex 10.431 0.818436 2.1
      vertex 11.7068 1.9236 2.1
      vertex 11.7036 1.95193 2.1
    endloop
  endfacet
  facet normal 0 0 1
    outer loop
      vertex 10.4007 1.83243 2.1
      vertex 11.7036 1.95193 2.1
      vertex 11.7006 1.9731 2.1
    endloop
  endfacet
  facet normal 0 0 1
    outer loop
      vertex 10.4311 -3.30974 2.1
      vertex 11.8032 -0.717163 2.1
      vertex 10.4311 0.732971 2.1
    endloop
  endfacet
  facet normal 0 0 1
    outer loop
      vertex 11.8032 -0.717163 2.1
      vertex 10.4311 -3.30974 2.1
      vertex 11.8032 -3.30974 2.1
    endloop
  endfacet
  facet normal 0 0 1
    outer loop
      vertex 21.5297 0.92334 2.1
      vertex 20.1966 0.874985 2.1
      vertex 20.1968 0.79158 2.1
    endloop
  endfacet
  facet normal 0 0 1
    outer loop
      vertex 21.4692 1.95145 2.1
      vertex 20.1963 0.955322 2.1
      vertex 20.1966 0.874985 2.1
    endloop
  endfacet
  facet normal 0 0 1
    outer loop
      vertex 21.4692 1.95145 2.1
      vertex 20.1957 1.03258 2.1
      vertex 20.1963 0.955322 2.1
    endloop
  endfacet
  facet normal 0 0 1
    outer loop
      vertex 21.4692 1.95145 2.1
      vertex 20.1948 1.10675 2.1
      vertex 20.1957 1.03258 2.1
    endloop
  endfacet
  facet normal 0 0 1
    outer loop
      vertex 21.4692 1.95145 2.1
      vertex 20.1937 1.17786 2.1
      vertex 20.1948 1.10675 2.1
    endloop
  endfacet
  facet normal 0 0 1
    outer loop
      vertex 21.4692 1.95145 2.1
      vertex 20.1924 1.24588 2.1
      vertex 20.1937 1.17786 2.1
    endloop
  endfacet
  facet normal 0 0 1
    outer loop
      vertex 21.4692 1.95145 2.1
      vertex 20.1908 1.31084 2.1
      vertex 20.1924 1.24588 2.1
    endloop
  endfacet
  facet normal 0 0 1
    outer loop
      vertex 21.4692 1.95145 2.1
      vertex 20.1889 1.37271 2.1
      vertex 20.1908 1.31084 2.1
    endloop
  endfacet
  facet normal 0 0 1
    outer loop
      vertex 21.4692 1.95145 2.1
      vertex 20.1868 1.43152 2.1
      vertex 20.1889 1.37271 2.1
    endloop
  endfacet
  facet normal 0 0 1
    outer loop
      vertex 21.4692 1.95145 2.1
      vertex 20.1845 1.48724 2.1
      vertex 20.1868 1.43152 2.1
    endloop
  endfacet
  facet normal 0 0 1
    outer loop
      vertex 21.4692 1.95145 2.1
      vertex 20.1821 1.54088 2.1
      vertex 20.1845 1.48724 2.1
    endloop
  endfacet
  facet normal 0 0 1
    outer loop
      vertex 21.4692 1.95145 2.1
      vertex 20.1796 1.5934 2.1
      vertex 20.1821 1.54088 2.1
    endloop
  endfacet
  facet normal 0 0 1
    outer loop
      vertex 21.4692 1.95145 2.1
      vertex 20.177 1.64479 2.1
      vertex 20.1796 1.5934 2.1
    endloop
  endfacet
  facet normal 0 0 1
    outer loop
      vertex 21.4692 1.95145 2.1
      vertex 20.1744 1.69507 2.1
      vertex 20.177 1.64479 2.1
    endloop
  endfacet
  facet normal 0 0 1
    outer loop
      vertex 21.4692 1.95145 2.1
      vertex 20.1717 1.74422 2.1
      vertex 20.1744 1.69507 2.1
    endloop
  endfacet
  facet normal 0 0 1
    outer loop
      vertex 21.4692 1.95145 2.1
      vertex 20.169 1.79224 2.1
      vertex 20.1717 1.74422 2.1
    endloop
  endfacet
  facet normal 0 0 1
    outer loop
      vertex 21.4692 1.95145 2.1
      vertex 20.1663 1.83914 2.1
      vertex 20.169 1.79224 2.1
    endloop
  endfacet
  facet normal 0 0 1
    outer loop
      vertex 21.4662 1.9731 2.1
      vertex 20.1635 1.88492 2.1
      vertex 20.1663 1.83914 2.1
    endloop
  endfacet
  facet normal 0 0 1
    outer loop
      vertex 21.4662 1.9731 2.1
      vertex 20.1606 1.92957 2.1
      vertex 20.1635 1.88492 2.1
    endloop
  endfacet
  facet normal 0 -0 1
    outer loop
      vertex 20.1606 1.92957 2.1
      vertex 21.4662 1.9731 2.1
      vertex 20.1577 1.9731 2.1
    endloop
  endfacet
  facet normal 0 0 1
    outer loop
      vertex 24.9865 0.0445099 2.1
      vertex 23.61 -0.0816803 2.1
      vertex 23.6194 -0.346085 2.1
    endloop
  endfacet
  facet normal 0 0 1
    outer loop
      vertex 23.8577 1.99281 2.1
      vertex 23.5817 0.154861 2.1
      vertex 23.61 -0.0816803 2.1
    endloop
  endfacet
  facet normal 0 0 1
    outer loop
      vertex 23.1577 0.920212 2.1
      vertex 23.7171 2.02905 2.1
      vertex 23.5686 2.05493 2.1
    endloop
  endfacet
  facet normal 0 0 1
    outer loop
      vertex 23.8577 1.99281 2.1
      vertex 23.5346 0.363586 2.1
      vertex 23.5817 0.154861 2.1
    endloop
  endfacet
  facet normal 0 0 1
    outer loop
      vertex 23.8577 1.99281 2.1
      vertex 23.4687 0.544495 2.1
      vertex 23.5346 0.363586 2.1
    endloop
  endfacet
  facet normal 0 0 1
    outer loop
      vertex 23.1577 0.920212 2.1
      vertex 23.5686 2.05493 2.1
      vertex 23.4124 2.07045 2.1
    endloop
  endfacet
  facet normal 0 0 1
    outer loop
      vertex 23.8577 1.99281 2.1
      vertex 23.3838 0.697571 2.1
      vertex 23.4687 0.544495 2.1
    endloop
  endfacet
  facet normal 0 0 1
    outer loop
      vertex 23.8577 1.99281 2.1
      vertex 23.2802 0.8228 2.1
      vertex 23.3838 0.697571 2.1
    endloop
  endfacet
  facet normal 0 0 1
    outer loop
      vertex 23.0163 0.989792 2.1
      vertex 23.4124 2.07045 2.1
      vertex 23.2483 2.07562 2.1
    endloop
  endfacet
  facet normal 0 0 1
    outer loop
      vertex 23.7171 2.02905 2.1
      vertex 23.1577 0.920212 2.1
      vertex 23.2802 0.8228 2.1
    endloop
  endfacet
  facet normal 0 0 1
    outer loop
      vertex 23.0163 0.989792 2.1
      vertex 23.2483 2.07562 2.1
      vertex 23.1337 2.07289 2.1
    endloop
  endfacet
  facet normal 0 0 1
    outer loop
      vertex 23.0163 0.989792 2.1
      vertex 23.1337 2.07289 2.1
      vertex 23.0224 2.06468 2.1
    endloop
  endfacet
  facet normal 0 0 1
    outer loop
      vertex 23.4124 2.07045 2.1
      vertex 23.0163 0.989792 2.1
      vertex 23.1577 0.920212 2.1
    endloop
  endfacet
  facet normal 0 0 1
    outer loop
      vertex 22.8561 1.03154 2.1
      vertex 23.0224 2.06468 2.1
      vertex 22.9142 2.05101 2.1
    endloop
  endfacet
  facet normal 0 0 1
    outer loop
      vertex 23.0224 2.06468 2.1
      vertex 22.8561 1.03154 2.1
      vertex 23.0163 0.989792 2.1
    endloop
  endfacet
  facet normal -0 0 1
    outer loop
      vertex 22.8093 2.03188 2.1
      vertex 22.8561 1.03154 2.1
      vertex 22.9142 2.05101 2.1
    endloop
  endfacet
  facet normal -0 0 1
    outer loop
      vertex 22.7076 2.00726 2.1
      vertex 22.8561 1.03154 2.1
      vertex 22.8093 2.03188 2.1
    endloop
  endfacet
  facet normal 0 0 1
    outer loop
      vertex 22.7076 2.00726 2.1
      vertex 22.6771 1.04546 2.1
      vertex 22.8561 1.03154 2.1
    endloop
  endfacet
  facet normal -0 0 1
    outer loop
      vertex 22.6091 1.97719 2.1
      vertex 22.6771 1.04546 2.1
      vertex 22.7076 2.00726 2.1
    endloop
  endfacet
  facet normal -0 0 1
    outer loop
      vertex 22.5138 1.94164 2.1
      vertex 22.6771 1.04546 2.1
      vertex 22.6091 1.97719 2.1
    endloop
  endfacet
  facet normal -0 0 1
    outer loop
      vertex 22.4218 1.90062 2.1
      vertex 22.6771 1.04546 2.1
      vertex 22.5138 1.94164 2.1
    endloop
  endfacet
  facet normal 0 0 1
    outer loop
      vertex 22.6771 1.04546 2.1
      vertex 22.4218 1.90062 2.1
      vertex 22.5794 1.04118 2.1
    endloop
  endfacet
  facet normal -0 0 1
    outer loop
      vertex 22.333 1.85413 2.1
      vertex 22.5794 1.04118 2.1
      vertex 22.4218 1.90062 2.1
    endloop
  endfacet
  facet normal -0 0 1
    outer loop
      vertex 22.2474 1.80217 2.1
      vertex 22.5794 1.04118 2.1
      vertex 22.333 1.85413 2.1
    endloop
  endfacet
  facet normal 0 0 1
    outer loop
      vertex 22.5794 1.04118 2.1
      vertex 22.2474 1.80217 2.1
      vertex 22.4856 1.02837 2.1
    endloop
  endfacet
  facet normal -0 0 1
    outer loop
      vertex 22.1648 1.74417 2.1
      vertex 22.4856 1.02837 2.1
      vertex 22.2474 1.80217 2.1
    endloop
  endfacet
  facet normal -0 0 1
    outer loop
      vertex 22.0851 1.67953 2.1
      vertex 22.4856 1.02837 2.1
      vertex 22.1648 1.74417 2.1
    endloop
  endfacet
  facet normal 0 0 1
    outer loop
      vertex 22.4856 1.02837 2.1
      vertex 22.0851 1.67953 2.1
      vertex 22.3956 1.007 2.1
    endloop
  endfacet
  facet normal -0 0 1
    outer loop
      vertex 22.0082 1.60826 2.1
      vertex 22.3956 1.007 2.1
      vertex 22.0851 1.67953 2.1
    endloop
  endfacet
  facet normal 0 0 1
    outer loop
      vertex 22.3956 1.007 2.1
      vertex 22.0082 1.60826 2.1
      vertex 22.3095 0.977097 2.1
    endloop
  endfacet
  facet normal -0 0 1
    outer loop
      vertex 21.9342 1.53033 2.1
      vertex 22.3095 0.977097 2.1
      vertex 22.0082 1.60826 2.1
    endloop
  endfacet
  facet normal -0 0 1
    outer loop
      vertex 21.8629 1.44577 2.1
      vertex 22.3095 0.977097 2.1
      vertex 21.9342 1.53033 2.1
    endloop
  endfacet
  facet normal 0 0 1
    outer loop
      vertex 22.3095 0.977097 2.1
      vertex 21.8629 1.44577 2.1
      vertex 22.2273 0.938644 2.1
    endloop
  endfacet
  facet normal -0 0 1
    outer loop
      vertex 21.7945 1.35457 2.1
      vertex 22.2273 0.938644 2.1
      vertex 21.8629 1.44577 2.1
    endloop
  endfacet
  facet normal 0 0 1
    outer loop
      vertex 22.2273 0.938644 2.1
      vertex 21.7945 1.35457 2.1
      vertex 22.1489 0.891647 2.1
    endloop
  endfacet
  facet normal -0 0 1
    outer loop
      vertex 21.729 1.25671 2.1
      vertex 22.1489 0.891647 2.1
      vertex 21.7945 1.35457 2.1
    endloop
  endfacet
  facet normal 0 0 1
    outer loop
      vertex 22.1489 0.891647 2.1
      vertex 21.729 1.25671 2.1
      vertex 22.0744 0.836105 2.1
    endloop
  endfacet
  facet normal -0 0 1
    outer loop
      vertex 21.6662 1.15224 2.1
      vertex 22.0744 0.836105 2.1
      vertex 21.729 1.25671 2.1
    endloop
  endfacet
  facet normal 0 0 1
    outer loop
      vertex 22.0744 0.836105 2.1
      vertex 21.6662 1.15224 2.1
      vertex 22.0037 0.772018 2.1
    endloop
  endfacet
  facet normal -0 0 1
    outer loop
      vertex 21.6063 1.04111 2.1
      vertex 22.0037 0.772018 2.1
      vertex 21.6662 1.15224 2.1
    endloop
  endfacet
  facet normal 0 0 1
    outer loop
      vertex 22.0037 0.772018 2.1
      vertex 21.6063 1.04111 2.1
      vertex 21.9369 0.699387 2.1
    endloop
  endfacet
  facet normal -0 0 1
    outer loop
      vertex 21.5492 0.92334 2.1
      vertex 21.9369 0.699387 2.1
      vertex 21.6063 1.04111 2.1
    endloop
  endfacet
  facet normal 0 0 1
    outer loop
      vertex 21.9369 0.699387 2.1
      vertex 21.5492 0.92334 2.1
      vertex 21.8739 0.61821 2.1
    endloop
  endfacet
  facet normal 0 0 1
    outer loop
      vertex 21.8739 0.61821 2.1
      vertex 21.5492 0.92334 2.1
      vertex 21.8159 0.53035 2.1
    endloop
  endfacet
  facet normal -0 0 1
    outer loop
      vertex 21.5297 0.92334 2.1
      vertex 21.8159 0.53035 2.1
      vertex 21.5492 0.92334 2.1
    endloop
  endfacet
  facet normal 0 0 1
    outer loop
      vertex 21.8159 0.53035 2.1
      vertex 21.5297 0.92334 2.1
      vertex 21.7641 0.437668 2.1
    endloop
  endfacet
  facet normal 0 0 1
    outer loop
      vertex 21.7641 0.437668 2.1
      vertex 21.5297 0.92334 2.1
      vertex 21.7183 0.340134 2.1
    endloop
  endfacet
  facet normal 0 0 1
    outer loop
      vertex 21.7183 0.340134 2.1
      vertex 21.5297 0.92334 2.1
      vertex 21.6786 0.237778 2.1
    endloop
  endfacet
  facet normal 0 0 1
    outer loop
      vertex 21.6786 0.237778 2.1
      vertex 21.5297 0.92334 2.1
      vertex 21.6451 0.130585 2.1
    endloop
  endfacet
  facet normal -0 0 1
    outer loop
      vertex 20.1968 0.79158 2.1
      vertex 21.6451 0.130585 2.1
      vertex 21.5297 0.92334 2.1
    endloop
  endfacet
  facet normal 0 0 1
    outer loop
      vertex 21.6451 0.130585 2.1
      vertex 20.1968 0.79158 2.1
      vertex 21.6176 0.0185547 2.1
    endloop
  endfacet
  facet normal 0 0 1
    outer loop
      vertex 21.6176 0.0185547 2.1
      vertex 20.1968 0.79158 2.1
      vertex 21.5963 -0.0982971 2.1
    endloop
  endfacet
  facet normal 0 0 1
    outer loop
      vertex 21.5963 -0.0982971 2.1
      vertex 20.1968 0.79158 2.1
      vertex 21.581 -0.220001 2.1
    endloop
  endfacet
  facet normal 0 0 1
    outer loop
      vertex 21.581 -0.220001 2.1
      vertex 20.1968 0.79158 2.1
      vertex 21.5718 -0.346542 2.1
    endloop
  endfacet
  facet normal 0 0 1
    outer loop
      vertex 21.5718 -0.346542 2.1
      vertex 20.1968 0.79158 2.1
      vertex 21.5688 -0.477905 2.1
    endloop
  endfacet
  facet normal 0 0 1
    outer loop
      vertex 20.1966 0.874985 2.1
      vertex 21.5294 0.956131 2.1
      vertex 21.5287 0.993958 2.1
    endloop
  endfacet
  facet normal 0 0 1
    outer loop
      vertex 20.1966 0.874985 2.1
      vertex 21.5297 0.92334 2.1
      vertex 21.5294 0.956131 2.1
    endloop
  endfacet
  facet normal 0 0 1
    outer loop
      vertex 20.1966 0.874985 2.1
      vertex 21.5287 0.993958 2.1
      vertex 21.5275 1.0368 2.1
    endloop
  endfacet
  facet normal 0 0 1
    outer loop
      vertex 20.1966 0.874985 2.1
      vertex 21.5275 1.0368 2.1
      vertex 21.5258 1.08469 2.1
    endloop
  endfacet
  facet normal 0 0 1
    outer loop
      vertex 20.1966 0.874985 2.1
      vertex 21.5258 1.08469 2.1
      vertex 21.5236 1.13759 2.1
    endloop
  endfacet
  facet normal 0 0 1
    outer loop
      vertex 20.1966 0.874985 2.1
      vertex 21.5236 1.13759 2.1
      vertex 21.5209 1.19553 2.1
    endloop
  endfacet
  facet normal 0 0 1
    outer loop
      vertex 20.1966 0.874985 2.1
      vertex 21.5209 1.19553 2.1
      vertex 21.5177 1.25848 2.1
    endloop
  endfacet
  facet normal 0 0 1
    outer loop
      vertex 20.1966 0.874985 2.1
      vertex 21.5177 1.25848 2.1
      vertex 21.5141 1.32646 2.1
    endloop
  endfacet
  facet normal 0 0 1
    outer loop
      vertex 20.1966 0.874985 2.1
      vertex 21.5141 1.32646 2.1
      vertex 21.5099 1.39948 2.1
    endloop
  endfacet
  facet normal 0 0 1
    outer loop
      vertex 20.1966 0.874985 2.1
      vertex 21.5099 1.39948 2.1
      vertex 21.5053 1.47752 2.1
    endloop
  endfacet
  facet normal 0 0 1
    outer loop
      vertex 20.1966 0.874985 2.1
      vertex 21.5053 1.47752 2.1
      vertex 21.5005 1.55499 2.1
    endloop
  endfacet
  facet normal 0 0 1
    outer loop
      vertex 20.1966 0.874985 2.1
      vertex 21.5005 1.55499 2.1
      vertex 21.4959 1.62625 2.1
    endloop
  endfacet
  facet normal 0 0 1
    outer loop
      vertex 20.1966 0.874985 2.1
      vertex 21.4959 1.62625 2.1
      vertex 21.4915 1.69131 2.1
    endloop
  endfacet
  facet normal 0 0 1
    outer loop
      vertex 20.1966 0.874985 2.1
      vertex 21.4915 1.69131 2.1
      vertex 21.4873 1.75018 2.1
    endloop
  endfacet
  facet normal 0 0 1
    outer loop
      vertex 20.1966 0.874985 2.1
      vertex 21.4873 1.75018 2.1
      vertex 21.4833 1.80284 2.1
    endloop
  endfacet
  facet normal 0 0 1
    outer loop
      vertex 20.1966 0.874985 2.1
      vertex 21.4833 1.80284 2.1
      vertex 21.4795 1.84929 2.1
    endloop
  endfacet
  facet normal 0 0 1
    outer loop
      vertex 20.1966 0.874985 2.1
      vertex 21.4795 1.84929 2.1
      vertex 21.4759 1.88954 2.1
    endloop
  endfacet
  facet normal 0 0 1
    outer loop
      vertex 20.1966 0.874985 2.1
      vertex 21.4759 1.88954 2.1
      vertex 21.4725 1.9236 2.1
    endloop
  endfacet
  facet normal 0 0 1
    outer loop
      vertex 20.1966 0.874985 2.1
      vertex 21.4725 1.9236 2.1
      vertex 21.4692 1.95145 2.1
    endloop
  endfacet
  facet normal 0 0 1
    outer loop
      vertex 20.1663 1.83914 2.1
      vertex 21.4692 1.95145 2.1
      vertex 21.4662 1.9731 2.1
    endloop
  endfacet
  facet normal 0 0 1
    outer loop
      vertex 20.1968 -3.30974 2.1
      vertex 21.5688 -0.477905 2.1
      vertex 20.1968 0.79158 2.1
    endloop
  endfacet
  facet normal 0 0 1
    outer loop
      vertex 21.5688 -0.477905 2.1
      vertex 20.1968 -3.30974 2.1
      vertex 21.5688 -3.30974 2.1
    endloop
  endfacet
  facet normal 0 0 1
    outer loop
      vertex 23.61 -0.0816803 2.1
      vertex 24.9865 0.0445099 2.1
      vertex 24.982 0.238937 2.1
    endloop
  endfacet
  facet normal 0 0 1
    outer loop
      vertex 23.61 -0.0816803 2.1
      vertex 24.982 0.238937 2.1
      vertex 24.9685 0.423782 2.1
    endloop
  endfacet
  facet normal 0 0 1
    outer loop
      vertex 23.61 -0.0816803 2.1
      vertex 24.9685 0.423782 2.1
      vertex 24.9461 0.599075 2.1
    endloop
  endfacet
  facet normal 0 0 1
    outer loop
      vertex 23.61 -0.0816803 2.1
      vertex 24.9461 0.599075 2.1
      vertex 24.9146 0.764786 2.1
    endloop
  endfacet
  facet normal 0 0 1
    outer loop
      vertex 23.61 -0.0816803 2.1
      vertex 24.9146 0.764786 2.1
      vertex 24.8742 0.920929 2.1
    endloop
  endfacet
  facet normal 0 0 1
    outer loop
      vertex 23.61 -0.0816803 2.1
      vertex 24.8742 0.920929 2.1
      vertex 24.8248 1.0675 2.1
    endloop
  endfacet
  facet normal 0 0 1
    outer loop
      vertex 23.61 -0.0816803 2.1
      vertex 24.8248 1.0675 2.1
      vertex 24.7664 1.2045 2.1
    endloop
  endfacet
  facet normal 0 0 1
    outer loop
      vertex 23.61 -0.0816803 2.1
      vertex 24.7664 1.2045 2.1
      vertex 24.699 1.33194 2.1
    endloop
  endfacet
  facet normal 0 0 1
    outer loop
      vertex 23.61 -0.0816803 2.1
      vertex 24.699 1.33194 2.1
      vertex 24.6226 1.4498 2.1
    endloop
  endfacet
  facet normal 0 0 1
    outer loop
      vertex 23.61 -0.0816803 2.1
      vertex 24.6226 1.4498 2.1
      vertex 24.5373 1.55809 2.1
    endloop
  endfacet
  facet normal 0 0 1
    outer loop
      vertex 23.61 -0.0816803 2.1
      vertex 24.5373 1.55809 2.1
      vertex 24.4435 1.65642 2.1
    endloop
  endfacet
  facet normal 0 0 1
    outer loop
      vertex 23.61 -0.0816803 2.1
      vertex 24.4435 1.65642 2.1
      vertex 24.342 1.7444 2.1
    endloop
  endfacet
  facet normal 0 0 1
    outer loop
      vertex 23.61 -0.0816803 2.1
      vertex 24.342 1.7444 2.1
      vertex 24.2326 1.82204 2.1
    endloop
  endfacet
  facet normal 0 0 1
    outer loop
      vertex 23.61 -0.0816803 2.1
      vertex 24.2326 1.82204 2.1
      vertex 24.1155 1.88931 2.1
    endloop
  endfacet
  facet normal 0 0 1
    outer loop
      vertex 23.61 -0.0816803 2.1
      vertex 24.1155 1.88931 2.1
      vertex 23.9905 1.94624 2.1
    endloop
  endfacet
  facet normal 0 0 1
    outer loop
      vertex 23.61 -0.0816803 2.1
      vertex 23.9905 1.94624 2.1
      vertex 23.8577 1.99281 2.1
    endloop
  endfacet
  facet normal 0 0 1
    outer loop
      vertex 23.2802 0.8228 2.1
      vertex 23.8577 1.99281 2.1
      vertex 23.7171 2.02905 2.1
    endloop
  endfacet
  facet normal 0 0 1
    outer loop
      vertex 24.9865 0.0445099 2.1
      vertex 23.6194 -0.346085 2.1
      vertex 24.9865 -3.30974 2.1
    endloop
  endfacet
  facet normal 0 0 1
    outer loop
      vertex 24.9865 -3.30974 2.1
      vertex 23.6194 -0.346085 2.1
      vertex 23.6194 -3.30974 2.1
    endloop
  endfacet
  facet normal 0 0 1
    outer loop
      vertex 0.718307 1.00189 2.1
      vertex 1.3019 1.79916 2.1
      vertex 1.13344 1.88214 2.1
    endloop
  endfacet
  facet normal 0 0 1
    outer loop
      vertex 1.3019 1.79916 2.1
      vertex 1.13066 0.0520782 2.1
      vertex 1.14078 -0.0726166 2.1
    endloop
  endfacet
  facet normal 0 0 1
    outer loop
      vertex 1.3019 1.79916 2.1
      vertex 1.11597 0.17041 2.1
      vertex 1.13066 0.0520782 2.1
    endloop
  endfacet
  facet normal 0 0 1
    outer loop
      vertex 1.3019 1.79916 2.1
      vertex 1.09668 0.282333 2.1
      vertex 1.11597 0.17041 2.1
    endloop
  endfacet
  facet normal 0 0 1
    outer loop
      vertex 1.3019 1.79916 2.1
      vertex 1.07278 0.387863 2.1
      vertex 1.09668 0.282333 2.1
    endloop
  endfacet
  facet normal 0 0 1
    outer loop
      vertex 1.3019 1.79916 2.1
      vertex 1.04433 0.487 2.1
      vertex 1.07278 0.387863 2.1
    endloop
  endfacet
  facet normal 0 0 1
    outer loop
      vertex 1.3019 1.79916 2.1
      vertex 1.01126 0.579742 2.1
      vertex 1.04433 0.487 2.1
    endloop
  endfacet
  facet normal 0 0 1
    outer loop
      vertex 1.3019 1.79916 2.1
      vertex 0.973618 0.666092 2.1
      vertex 1.01126 0.579742 2.1
    endloop
  endfacet
  facet normal 0 0 1
    outer loop
      vertex 0.655334 1.04987 2.1
      vertex 1.13344 1.88214 2.1
      vertex 0.954239 1.95004 2.1
    endloop
  endfacet
  facet normal 0 0 1
    outer loop
      vertex 1.3019 1.79916 2.1
      vertex 0.931366 0.746048 2.1
      vertex 0.973618 0.666092 2.1
    endloop
  endfacet
  facet normal 0 0 1
    outer loop
      vertex 1.3019 1.79916 2.1
      vertex 0.884537 0.819595 2.1
      vertex 0.931366 0.746048 2.1
    endloop
  endfacet
  facet normal 0 0 1
    outer loop
      vertex 1.3019 1.79916 2.1
      vertex 0.83313 0.886765 2.1
      vertex 0.884537 0.819595 2.1
    endloop
  endfacet
  facet normal 0 0 1
    outer loop
      vertex 1.3019 1.79916 2.1
      vertex 0.777573 0.947525 2.1
      vertex 0.83313 0.886765 2.1
    endloop
  endfacet
  facet normal 0 0 1
    outer loop
      vertex 0.518234 1.12663 2.1
      vertex 0.954239 1.95004 2.1
      vertex 0.764313 2.00284 2.1
    endloop
  endfacet
  facet normal 0 0 1
    outer loop
      vertex 1.3019 1.79916 2.1
      vertex 0.718307 1.00189 2.1
      vertex 0.777573 0.947525 2.1
    endloop
  endfacet
  facet normal 0 0 1
    outer loop
      vertex 1.13344 1.88214 2.1
      vertex 0.655334 1.04987 2.1
      vertex 0.718307 1.00189 2.1
    endloop
  endfacet
  facet normal 0 0 1
    outer loop
      vertex 0.954239 1.95004 2.1
      vertex 0.588638 1.09145 2.1
      vertex 0.655334 1.04987 2.1
    endloop
  endfacet
  facet normal 0 0 1
    outer loop
      vertex 0.444122 1.15541 2.1
      vertex 0.764313 2.00284 2.1
      vertex 0.563629 2.04056 2.1
    endloop
  endfacet
  facet normal 0 0 1
    outer loop
      vertex 0.954239 1.95004 2.1
      vertex 0.518234 1.12663 2.1
      vertex 0.588638 1.09145 2.1
    endloop
  endfacet
  facet normal 0 0 1
    outer loop
      vertex 0.764313 2.00284 2.1
      vertex 0.444122 1.15541 2.1
      vertex 0.518234 1.12663 2.1
    endloop
  endfacet
  facet normal 0 0 1
    outer loop
      vertex 0.563629 2.04056 2.1
      vertex 0.366287 1.1778 2.1
      vertex 0.444122 1.15541 2.1
    endloop
  endfacet
  facet normal 0 0 1
    outer loop
      vertex 0.352203 2.06319 2.1
      vertex 0.366287 1.1778 2.1
      vertex 0.563629 2.04056 2.1
    endloop
  endfacet
  facet normal 0 0 1
    outer loop
      vertex 0.352203 2.06319 2.1
      vertex 0.284744 1.19379 2.1
      vertex 0.366287 1.1778 2.1
    endloop
  endfacet
  facet normal 0 0 1
    outer loop
      vertex 0.352203 2.06319 2.1
      vertex 0.199493 1.20338 2.1
      vertex 0.284744 1.19379 2.1
    endloop
  endfacet
  facet normal 0 0 1
    outer loop
      vertex 0.130051 2.07072 2.1
      vertex 0.199493 1.20338 2.1
      vertex 0.352203 2.06319 2.1
    endloop
  endfacet
  facet normal 0 0 1
    outer loop
      vertex 0.130051 2.07072 2.1
      vertex 0.110535 1.20659 2.1
      vertex 0.199493 1.20338 2.1
    endloop
  endfacet
  facet normal 0 0 1
    outer loop
      vertex 0.130051 2.07072 2.1
      vertex 0.0160828 1.20322 2.1
      vertex 0.110535 1.20659 2.1
    endloop
  endfacet
  facet normal -0 0 1
    outer loop
      vertex -0.102798 2.06371 2.1
      vertex 0.0160828 1.20322 2.1
      vertex 0.130051 2.07072 2.1
    endloop
  endfacet
  facet normal 0 0 1
    outer loop
      vertex 0.0160828 1.20322 2.1
      vertex -0.102798 2.06371 2.1
      vertex -0.0739136 1.19312 2.1
    endloop
  endfacet
  facet normal -0 0 1
    outer loop
      vertex -0.324799 2.0426 2.1
      vertex -0.0739136 1.19312 2.1
      vertex -0.102798 2.06371 2.1
    endloop
  endfacet
  facet normal 0 0 1
    outer loop
      vertex -0.0739136 1.19312 2.1
      vertex -0.324799 2.0426 2.1
      vertex -0.15947 1.17625 2.1
    endloop
  endfacet
  facet normal 0 0 1
    outer loop
      vertex -0.15947 1.17625 2.1
      vertex -0.324799 2.0426 2.1
      vertex -0.240601 1.15268 2.1
    endloop
  endfacet
  facet normal -0 0 1
    outer loop
      vertex -0.535965 2.00745 2.1
      vertex -0.240601 1.15268 2.1
      vertex -0.324799 2.0426 2.1
    endloop
  endfacet
  facet normal 0 0 1
    outer loop
      vertex -0.240601 1.15268 2.1
      vertex -0.535965 2.00745 2.1
      vertex -0.317276 1.12234 2.1
    endloop
  endfacet
  facet normal -0 0 1
    outer loop
      vertex -0.736298 1.95824 2.1
      vertex -0.317276 1.12234 2.1
      vertex -0.535965 2.00745 2.1
    endloop
  endfacet
  facet normal 0 0 1
    outer loop
      vertex -0.317276 1.12234 2.1
      vertex -0.736298 1.95824 2.1
      vertex -0.389511 1.08528 2.1
    endloop
  endfacet
  facet normal -0 0 1
    outer loop
      vertex -0.925781 1.89496 2.1
      vertex -0.389511 1.08528 2.1
      vertex -0.736298 1.95824 2.1
    endloop
  endfacet
  facet normal 0 0 1
    outer loop
      vertex -0.389511 1.08528 2.1
      vertex -0.925781 1.89496 2.1
      vertex -0.457291 1.04147 2.1
    endloop
  endfacet
  facet normal 0 0 1
    outer loop
      vertex -0.457291 1.04147 2.1
      vertex -0.925781 1.89496 2.1
      vertex -0.520645 0.990936 2.1
    endloop
  endfacet
  facet normal -0 0 1
    outer loop
      vertex -1.10443 1.81763 2.1
      vertex -0.520645 0.990936 2.1
      vertex -0.925781 1.89496 2.1
    endloop
  endfacet
  facet normal 0 0 1
    outer loop
      vertex -0.520645 0.990936 2.1
      vertex -1.10443 1.81763 2.1
      vertex -0.579559 0.933655 2.1
    endloop
  endfacet
  facet normal -0 0 1
    outer loop
      vertex -1.27223 1.72623 2.1
      vertex -0.579559 0.933655 2.1
      vertex -1.10443 1.81763 2.1
    endloop
  endfacet
  facet normal 0 0 1
    outer loop
      vertex -0.579559 0.933655 2.1
      vertex -1.27223 1.72623 2.1
      vertex -0.634018 0.869629 2.1
    endloop
  endfacet
  facet normal -0 0 1
    outer loop
      vertex -1.42921 1.62076 2.1
      vertex -0.634018 0.869629 2.1
      vertex -1.27223 1.72623 2.1
    endloop
  endfacet
  facet normal 0 0 1
    outer loop
      vertex -0.634018 0.869629 2.1
      vertex -1.42921 1.62076 2.1
      vertex -0.683792 0.799561 2.1
    endloop
  endfacet
  facet normal -0 0 1
    outer loop
      vertex -1.57535 1.50124 2.1
      vertex -0.683792 0.799561 2.1
      vertex -1.42921 1.62076 2.1
    endloop
  endfacet
  facet normal 0 0 1
    outer loop
      vertex -0.683792 0.799561 2.1
      vertex -1.57535 1.50124 2.1
      vertex -0.728638 0.724136 2.1
    endloop
  endfacet
  facet normal -0 0 1
    outer loop
      vertex -1.71063 1.36765 2.1
      vertex -0.728638 0.724136 2.1
      vertex -1.57535 1.50124 2.1
    endloop
  endfacet
  facet normal 0 0 1
    outer loop
      vertex -0.728638 0.724136 2.1
      vertex -1.71063 1.36765 2.1
      vertex -0.768555 0.643326 2.1
    endloop
  endfacet
  facet normal -0 0 1
    outer loop
      vertex -1.94441 1.06221 2.1
      vertex -0.803543 0.557159 2.1
      vertex -1.83401 1.22098 2.1
    endloop
  endfacet
  facet normal 0 0 1
    outer loop
      vertex -0.768555 0.643326 2.1
      vertex -1.83401 1.22098 2.1
      vertex -0.803543 0.557159 2.1
    endloop
  endfacet
  facet normal -0 0 1
    outer loop
      vertex -1.83401 1.22098 2.1
      vertex -0.768555 0.643326 2.1
      vertex -1.71063 1.36765 2.1
    endloop
  endfacet
  facet normal 0 0 1
    outer loop
      vertex 1.14078 -0.0726166 2.1
      vertex 2.46883 -0.892914 2.1
      vertex 2.46281 -0.608932 2.1
    endloop
  endfacet
  facet normal 0 0 1
    outer loop
      vertex 1.14078 -0.0726166 2.1
      vertex 2.46281 -0.608932 2.1
      vertex 2.44479 -0.338959 2.1
    endloop
  endfacet
  facet normal 0 0 1
    outer loop
      vertex 1.14078 -0.0726166 2.1
      vertex 2.44479 -0.338959 2.1
      vertex 2.41478 -0.0829926 2.1
    endloop
  endfacet
  facet normal -0 0 1
    outer loop
      vertex 1.14078 -0.0726166 2.1
      vertex 2.41478 -0.0829926 2.1
      vertex 2.37273 0.158951 2.1
    endloop
  endfacet
  facet normal 0 0 1
    outer loop
      vertex 1.14078 -0.0726166 2.1
      vertex 2.37273 0.158951 2.1
      vertex 2.31868 0.386887 2.1
    endloop
  endfacet
  facet normal 0 0 1
    outer loop
      vertex 1.14078 -0.0726166 2.1
      vertex 2.31868 0.386887 2.1
      vertex 2.25262 0.600815 2.1
    endloop
  endfacet
  facet normal 0 0 1
    outer loop
      vertex 1.14078 -0.0726166 2.1
      vertex 2.25262 0.600815 2.1
      vertex 2.17455 0.80072 2.1
    endloop
  endfacet
  facet normal 0 0 1
    outer loop
      vertex 1.14078 -0.0726166 2.1
      vertex 2.17455 0.80072 2.1
      vertex 2.08447 0.986618 2.1
    endloop
  endfacet
  facet normal 0 0 1
    outer loop
      vertex 1.14078 -0.0726166 2.1
      vertex 2.08447 0.986618 2.1
      vertex 1.98238 1.15851 2.1
    endloop
  endfacet
  facet normal 0 0 1
    outer loop
      vertex 1.14078 -0.0726166 2.1
      vertex 1.98238 1.15851 2.1
      vertex 1.86827 1.31639 2.1
    endloop
  endfacet
  facet normal 0 0 1
    outer loop
      vertex 1.14078 -0.0726166 2.1
      vertex 1.86827 1.31639 2.1
      vertex 1.74278 1.45972 2.1
    endloop
  endfacet
  facet normal 0 0 1
    outer loop
      vertex 1.14078 -0.0726166 2.1
      vertex 1.74278 1.45972 2.1
      vertex 1.60657 1.58795 2.1
    endloop
  endfacet
  facet normal 0 0 1
    outer loop
      vertex 1.14078 -0.0726166 2.1
      vertex 1.60657 1.58795 2.1
      vertex 1.45959 1.7011 2.1
    endloop
  endfacet
  facet normal 0 0 1
    outer loop
      vertex 1.14078 -0.0726166 2.1
      vertex 1.45959 1.7011 2.1
      vertex 1.3019 1.79916 2.1
    endloop
  endfacet
  facet normal 0 0 1
    outer loop
      vertex 2.46883 -0.892914 2.1
      vertex 1.14078 -0.0726166 2.1
      vertex 2.46883 -0.931946 2.1
    endloop
  endfacet
  facet normal 0 0 1
    outer loop
      vertex -0.919647 -0.931946 2.1
      vertex 1.14078 -0.0726166 2.1
      vertex -0.909927 -0.0726166 2.1
    endloop
  endfacet
  facet normal 0 0 1
    outer loop
      vertex 1.14078 -0.0726166 2.1
      vertex -0.919647 -0.931946 2.1
      vertex 2.46883 -0.931946 2.1
    endloop
  endfacet
  facet normal 0 0 1
    outer loop
      vertex 1.09679 -1.85966 2.1
      vertex 2.26683 -2.24464 2.1
      vertex 2.3907 -1.97191 2.1
    endloop
  endfacet
  facet normal 0 0 1
    outer loop
      vertex 2.26683 -2.24464 2.1
      vertex 1.09679 -1.85966 2.1
      vertex 2.11981 -2.48868 2.1
    endloop
  endfacet
  facet normal -0 0 1
    outer loop
      vertex 1.05334 -1.97932 2.1
      vertex 2.11981 -2.48868 2.1
      vertex 1.09679 -1.85966 2.1
    endloop
  endfacet
  facet normal -0 0 1
    outer loop
      vertex 0.999161 -2.08638 2.1
      vertex 1.94965 -2.70399 2.1
      vertex 1.05334 -1.97932 2.1
    endloop
  endfacet
  facet normal 0 0 1
    outer loop
      vertex 1.94965 -2.70399 2.1
      vertex 0.999161 -2.08638 2.1
      vertex 1.75635 -2.89061 2.1
    endloop
  endfacet
  facet normal 0 0 1
    outer loop
      vertex 2.11981 -2.48868 2.1
      vertex 1.05334 -1.97932 2.1
      vertex 1.94965 -2.70399 2.1
    endloop
  endfacet
  facet normal -0 0 1
    outer loop
      vertex 0.934235 -2.18085 2.1
      vertex 1.75635 -2.89061 2.1
      vertex 0.999161 -2.08638 2.1
    endloop
  endfacet
  facet normal 0 0 1
    outer loop
      vertex 1.75635 -2.89061 2.1
      vertex 0.934235 -2.18085 2.1
      vertex 1.5399 -3.04851 2.1
    endloop
  endfacet
  facet normal -0 0 1
    outer loop
      vertex 0.858551 -2.26273 2.1
      vertex 1.5399 -3.04851 2.1
      vertex 0.934235 -2.18085 2.1
    endloop
  endfacet
  facet normal 0 0 1
    outer loop
      vertex 1.5399 -3.04851 2.1
      vertex 0.858551 -2.26273 2.1
      vertex 1.30031 -3.1777 2.1
    endloop
  endfacet
  facet normal -0 0 1
    outer loop
      vertex 0.772141 -2.332 2.1
      vertex 1.30031 -3.1777 2.1
      vertex 0.858551 -2.26273 2.1
    endloop
  endfacet
  facet normal 0 0 1
    outer loop
      vertex 1.30031 -3.1777 2.1
      vertex 0.772141 -2.332 2.1
      vertex 1.03758 -3.27818 2.1
    endloop
  endfacet
  facet normal -0 0 1
    outer loop
      vertex 0.674988 -2.38869 2.1
      vertex 1.03758 -3.27818 2.1
      vertex 0.772141 -2.332 2.1
    endloop
  endfacet
  facet normal -0 0 1
    outer loop
      vertex 0.567093 -2.43277 2.1
      vertex 1.03758 -3.27818 2.1
      vertex 0.674988 -2.38869 2.1
    endloop
  endfacet
  facet normal 0 0 1
    outer loop
      vertex 1.03758 -3.27818 2.1
      vertex 0.567093 -2.43277 2.1
      vertex 0.751709 -3.34996 2.1
    endloop
  endfacet
  facet normal -0 0 1
    outer loop
      vertex 0.448441 -2.46425 2.1
      vertex 0.751709 -3.34996 2.1
      vertex 0.567093 -2.43277 2.1
    endloop
  endfacet
  facet normal 0 0 1
    outer loop
      vertex 0.448441 -2.46425 2.1
      vertex 0.442688 -3.39302 2.1
      vertex 0.751709 -3.34996 2.1
    endloop
  endfacet
  facet normal -0 0 1
    outer loop
      vertex 0.319061 -2.48315 2.1
      vertex 0.442688 -3.39302 2.1
      vertex 0.448441 -2.46425 2.1
    endloop
  endfacet
  facet normal -0 0 1
    outer loop
      vertex 0.17894 -2.48944 2.1
      vertex 0.442688 -3.39302 2.1
      vertex 0.319061 -2.48315 2.1
    endloop
  endfacet
  facet normal 0 0 1
    outer loop
      vertex 0.17894 -2.48944 2.1
      vertex 0.110535 -3.40738 2.1
      vertex 0.442688 -3.39302 2.1
    endloop
  endfacet
  facet normal 0 0 1
    outer loop
      vertex 0.075882 -2.48552 2.1
      vertex 0.110535 -3.40738 2.1
      vertex 0.17894 -2.48944 2.1
    endloop
  endfacet
  facet normal 0 0 1
    outer loop
      vertex -0.122208 -3.40031 2.1
      vertex 0.075882 -2.48552 2.1
      vertex -0.0223236 -2.47372 2.1
    endloop
  endfacet
  facet normal 0 0 1
    outer loop
      vertex -0.122208 -3.40031 2.1
      vertex -0.0223236 -2.47372 2.1
      vertex -0.115707 -2.45407 2.1
    endloop
  endfacet
  facet normal 0 0 1
    outer loop
      vertex 0.075882 -2.48552 2.1
      vertex -0.122208 -3.40031 2.1
      vertex 0.110535 -3.40738 2.1
    endloop
  endfacet
  facet normal 0 0 1
    outer loop
      vertex -0.343918 -3.37915 2.1
      vertex -0.115707 -2.45407 2.1
      vertex -0.204254 -2.42657 2.1
    endloop
  endfacet
  facet normal 0 0 1
    outer loop
      vertex -0.554596 -3.34387 2.1
      vertex -0.204254 -2.42657 2.1
      vertex -0.287964 -2.3912 2.1
    endloop
  endfacet
  facet normal 0 0 1
    outer loop
      vertex -0.115707 -2.45407 2.1
      vertex -0.343918 -3.37915 2.1
      vertex -0.122208 -3.40031 2.1
    endloop
  endfacet
  facet normal 0 0 1
    outer loop
      vertex -0.754242 -3.29449 2.1
      vertex -0.287964 -2.3912 2.1
      vertex -0.366852 -2.34798 2.1
    endloop
  endfacet
  facet normal 0 0 1
    outer loop
      vertex -0.942856 -3.23099 2.1
      vertex -0.366852 -2.34798 2.1
      vertex -0.440887 -2.29689 2.1
    endloop
  endfacet
  facet normal 0 0 1
    outer loop
      vertex -1.12044 -3.15338 2.1
      vertex -0.440887 -2.29689 2.1
      vertex -0.510101 -2.23795 2.1
    endloop
  endfacet
  facet normal 0 0 1
    outer loop
      vertex -0.204254 -2.42657 2.1
      vertex -0.554596 -3.34387 2.1
      vertex -0.343918 -3.37915 2.1
    endloop
  endfacet
  facet normal 0 0 1
    outer loop
      vertex -1.28699 -3.06166 2.1
      vertex -0.510101 -2.23795 2.1
      vertex -0.574478 -2.17114 2.1
    endloop
  endfacet
  facet normal 0 0 1
    outer loop
      vertex -1.4425 -2.95584 2.1
      vertex -0.574478 -2.17114 2.1
      vertex -0.634018 -2.09647 2.1
    endloop
  endfacet
  facet normal 0 0 1
    outer loop
      vertex -1.58698 -2.83589 2.1
      vertex -0.634018 -2.09647 2.1
      vertex -0.688293 -2.01408 2.1
    endloop
  endfacet
  facet normal 0 0 1
    outer loop
      vertex -1.72043 -2.70184 2.1
      vertex -0.688293 -2.01408 2.1
      vertex -0.736847 -1.92412 2.1
    endloop
  endfacet
  facet normal 0 0 1
    outer loop
      vertex -0.287964 -2.3912 2.1
      vertex -0.754242 -3.29449 2.1
      vertex -0.554596 -3.34387 2.1
    endloop
  endfacet
  facet normal 0 0 1
    outer loop
      vertex -1.84195 -2.55428 2.1
      vertex -0.736847 -1.92412 2.1
      vertex -0.779694 -1.82658 2.1
    endloop
  endfacet
  facet normal 0 0 1
    outer loop
      vertex -1.95067 -2.39375 2.1
      vertex -0.779694 -1.82658 2.1
      vertex -0.816818 -1.72148 2.1
    endloop
  endfacet
  facet normal 0 0 1
    outer loop
      vertex -2.12976 -2.03392 2.1
      vertex -0.816818 -1.72148 2.1
      vertex -0.848236 -1.60881 2.1
    endloop
  endfacet
  facet normal 0 0 1
    outer loop
      vertex -2.2001 -1.83459 2.1
      vertex -0.848236 -1.60881 2.1
      vertex -0.873947 -1.48857 2.1
    endloop
  endfacet
  facet normal 0 0 1
    outer loop
      vertex -2.25768 -1.62231 2.1
      vertex -0.873947 -1.48857 2.1
      vertex -0.893936 -1.36078 2.1
    endloop
  endfacet
  facet normal 0 0 1
    outer loop
      vertex -2.30244 -1.39711 2.1
      vertex -0.893936 -1.36078 2.1
      vertex -0.908218 -1.2254 2.1
    endloop
  endfacet
  facet normal 0 0 1
    outer loop
      vertex -0.366852 -2.34798 2.1
      vertex -0.942856 -3.23099 2.1
      vertex -0.754242 -3.29449 2.1
    endloop
  endfacet
  facet normal 0 0 1
    outer loop
      vertex -2.30244 -1.39711 2.1
      vertex -0.908218 -1.2254 2.1
      vertex -0.916779 -1.08246 2.1
    endloop
  endfacet
  facet normal 0 0 1
    outer loop
      vertex -2.33441 -1.15897 2.1
      vertex -0.916779 -1.08246 2.1
      vertex -0.919647 -0.931946 2.1
    endloop
  endfacet
  facet normal 0 0 1
    outer loop
      vertex -0.803543 0.557159 2.1
      vertex -1.94441 1.06221 2.1
      vertex -0.833603 0.465622 2.1
    endloop
  endfacet
  facet normal -0 0 1
    outer loop
      vertex -2.04181 0.891312 2.1
      vertex -0.833603 0.465622 2.1
      vertex -1.94441 1.06221 2.1
    endloop
  endfacet
  facet normal -0 -0 1
    outer loop
      vertex -2.35361 -0.907898 2.1
      vertex -0.919647 -0.931946 2.1
      vertex -2.36 -0.643875 2.1
    endloop
  endfacet
  facet normal 0 0 1
    outer loop
      vertex -0.833603 0.465622 2.1
      vertex -2.04181 0.891312 2.1
      vertex -0.858734 0.368698 2.1
    endloop
  endfacet
  facet normal 0 -0 1
    outer loop
      vertex -2.33441 -1.15897 2.1
      vertex -0.919647 -0.931946 2.1
      vertex -2.35361 -0.907898 2.1
    endloop
  endfacet
  facet normal -0 0 1
    outer loop
      vertex -2.12624 0.708328 2.1
      vertex -0.858734 0.368698 2.1
      vertex -2.04181 0.891312 2.1
    endloop
  endfacet
  facet normal 0 0 1
    outer loop
      vertex -0.916779 -1.08246 2.1
      vertex -2.33441 -1.15897 2.1
      vertex -2.30244 -1.39711 2.1
    endloop
  endfacet
  facet normal 0 0 1
    outer loop
      vertex -0.858734 0.368698 2.1
      vertex -2.12624 0.708328 2.1
      vertex -0.878922 0.266418 2.1
    endloop
  endfacet
  facet normal 0 0 1
    outer loop
      vertex -0.893936 -1.36078 2.1
      vertex -2.30244 -1.39711 2.1
      vertex -2.25768 -1.62231 2.1
    endloop
  endfacet
  facet normal -0 0 1
    outer loop
      vertex -2.19766 0.513229 2.1
      vertex -0.878922 0.266418 2.1
      vertex -2.12624 0.708328 2.1
    endloop
  endfacet
  facet normal 0 0 1
    outer loop
      vertex -0.873947 -1.48857 2.1
      vertex -2.25768 -1.62231 2.1
      vertex -2.2001 -1.83459 2.1
    endloop
  endfacet
  facet normal 0 0 1
    outer loop
      vertex -0.878922 0.266418 2.1
      vertex -2.19766 0.513229 2.1
      vertex -0.89418 0.158768 2.1
    endloop
  endfacet
  facet normal 0 0 1
    outer loop
      vertex -0.848236 -1.60881 2.1
      vertex -2.2001 -1.83459 2.1
      vertex -2.12976 -2.03392 2.1
    endloop
  endfacet
  facet normal -0 0 1
    outer loop
      vertex -2.2561 0.306015 2.1
      vertex -0.89418 0.158768 2.1
      vertex -2.19766 0.513229 2.1
    endloop
  endfacet
  facet normal 0 0 1
    outer loop
      vertex -0.816818 -1.72148 2.1
      vertex -2.12976 -2.03392 2.1
      vertex -2.04662 -2.22031 2.1
    endloop
  endfacet
  facet normal 0 0 1
    outer loop
      vertex -0.89418 0.158768 2.1
      vertex -2.2561 0.306015 2.1
      vertex -0.904526 0.0457458 2.1
    endloop
  endfacet
  facet normal 0 0 1
    outer loop
      vertex -0.816818 -1.72148 2.1
      vertex -2.04662 -2.22031 2.1
      vertex -1.95067 -2.39375 2.1
    endloop
  endfacet
  facet normal -0 0 1
    outer loop
      vertex -2.30156 0.0867004 2.1
      vertex -0.904526 0.0457458 2.1
      vertex -2.2561 0.306015 2.1
    endloop
  endfacet
  facet normal 0 0 1
    outer loop
      vertex -0.440887 -2.29689 2.1
      vertex -1.12044 -3.15338 2.1
      vertex -0.942856 -3.23099 2.1
    endloop
  endfacet
  facet normal 0 0 1
    outer loop
      vertex -0.904526 0.0457458 2.1
      vertex -2.30156 0.0867004 2.1
      vertex -0.909927 -0.0726166 2.1
    endloop
  endfacet
  facet normal 0 0 1
    outer loop
      vertex -2.33403 -0.144699 2.1
      vertex -0.909927 -0.0726166 2.1
      vertex -2.30156 0.0867004 2.1
    endloop
  endfacet
  facet normal 0 0 1
    outer loop
      vertex -2.35352 -0.388229 2.1
      vertex -0.909927 -0.0726166 2.1
      vertex -2.33403 -0.144699 2.1
    endloop
  endfacet
  facet normal 0 0 1
    outer loop
      vertex -0.634018 -2.09647 2.1
      vertex -1.58698 -2.83589 2.1
      vertex -1.4425 -2.95584 2.1
    endloop
  endfacet
  facet normal 0 0 1
    outer loop
      vertex -0.909927 -0.0726166 2.1
      vertex -2.35352 -0.388229 2.1
      vertex -0.919647 -0.931946 2.1
    endloop
  endfacet
  facet normal 0 0 1
    outer loop
      vertex -0.688293 -2.01408 2.1
      vertex -1.72043 -2.70184 2.1
      vertex -1.58698 -2.83589 2.1
    endloop
  endfacet
  facet normal 0 0 1
    outer loop
      vertex -0.919647 -0.931946 2.1
      vertex -2.35352 -0.388229 2.1
      vertex -2.36 -0.643875 2.1
    endloop
  endfacet
  facet normal 0 0 1
    outer loop
      vertex -0.779694 -1.82658 2.1
      vertex -1.95067 -2.39375 2.1
      vertex -1.84195 -2.55428 2.1
    endloop
  endfacet
  facet normal 0 0 1
    outer loop
      vertex -0.510101 -2.23795 2.1
      vertex -1.28699 -3.06166 2.1
      vertex -1.12044 -3.15338 2.1
    endloop
  endfacet
  facet normal 0 0 1
    outer loop
      vertex -0.736847 -1.92412 2.1
      vertex -1.84195 -2.55428 2.1
      vertex -1.72043 -2.70184 2.1
    endloop
  endfacet
  facet normal 0 0 1
    outer loop
      vertex -0.574478 -2.17114 2.1
      vertex -1.4425 -2.95584 2.1
      vertex -1.28699 -3.06166 2.1
    endloop
  endfacet
  facet normal 0 0 1
    outer loop
      vertex 17.8153 -0.663452 2.1
      vertex 19.2507 -0.663452 2.1
      vertex 19.2439 -0.404984 2.1
    endloop
  endfacet
  facet normal -0 0 1
    outer loop
      vertex 17.803 -0.30722 2.1
      vertex 19.2439 -0.404984 2.1
      vertex 19.2235 -0.158875 2.1
    endloop
  endfacet
  facet normal 0 0 1
    outer loop
      vertex 19.2507 -0.663452 2.1
      vertex 17.8153 -0.663452 2.1
      vertex 19.2436 -0.914719 2.1
    endloop
  endfacet
  facet normal -0 0 1
    outer loop
      vertex 17.7876 -0.144638 2.1
      vertex 19.2235 -0.158875 2.1
      vertex 19.1894 0.0748596 2.1
    endloop
  endfacet
  facet normal 0 0 1
    outer loop
      vertex 17.8027 -1.00668 2.1
      vertex 19.2436 -0.914719 2.1
      vertex 17.8153 -0.663452 2.1
    endloop
  endfacet
  facet normal 0 0 1
    outer loop
      vertex 17.7876 -0.144638 2.1
      vertex 19.1894 0.0748596 2.1
      vertex 19.1417 0.296265 2.1
    endloop
  endfacet
  facet normal 0 0 1
    outer loop
      vertex 19.2436 -0.914719 2.1
      vertex 17.8027 -1.00668 2.1
      vertex 19.2222 -1.15491 2.1
    endloop
  endfacet
  facet normal 0 0 1
    outer loop
      vertex 17.7661 0.00759888 2.1
      vertex 19.1417 0.296265 2.1
      vertex 19.0804 0.50531 2.1
    endloop
  endfacet
  facet normal 0 0 1
    outer loop
      vertex 19.2222 -1.15491 2.1
      vertex 17.8027 -1.00668 2.1
      vertex 19.1866 -1.38402 2.1
    endloop
  endfacet
  facet normal 0 0 1
    outer loop
      vertex 17.7384 0.149475 2.1
      vertex 19.0804 0.50531 2.1
      vertex 19.0055 0.701996 2.1
    endloop
  endfacet
  facet normal -0 0 1
    outer loop
      vertex 17.7647 -1.31378 2.1
      vertex 19.1866 -1.38402 2.1
      vertex 17.8027 -1.00668 2.1
    endloop
  endfacet
  facet normal 0 0 1
    outer loop
      vertex 17.7046 0.281021 2.1
      vertex 19.0055 0.701996 2.1
      vertex 18.917 0.886337 2.1
    endloop
  endfacet
  facet normal 0 0 1
    outer loop
      vertex 19.1866 -1.38402 2.1
      vertex 17.7647 -1.31378 2.1
      vertex 19.1367 -1.60204 2.1
    endloop
  endfacet
  facet normal 0 0 1
    outer loop
      vertex 17.6646 0.402206 2.1
      vertex 18.917 0.886337 2.1
      vertex 18.8148 1.0583 2.1
    endloop
  endfacet
  facet normal 0 0 1
    outer loop
      vertex 19.1367 -1.60204 2.1
      vertex 17.7647 -1.31378 2.1
      vertex 19.0725 -1.80898 2.1
    endloop
  endfacet
  facet normal 0 0 1
    outer loop
      vertex 17.6184 0.513046 2.1
      vertex 18.8148 1.0583 2.1
      vertex 18.699 1.21793 2.1
    endloop
  endfacet
  facet normal -0 0 1
    outer loop
      vertex 17.7015 -1.58476 2.1
      vertex 19.0725 -1.80898 2.1
      vertex 17.7647 -1.31378 2.1
    endloop
  endfacet
  facet normal 0 0 1
    outer loop
      vertex 17.5661 0.613525 2.1
      vertex 18.699 1.21793 2.1
      vertex 18.5696 1.3652 2.1
    endloop
  endfacet
  facet normal 0 0 1
    outer loop
      vertex 19.0725 -1.80898 2.1
      vertex 17.7015 -1.58476 2.1
      vertex 18.9941 -2.00484 2.1
    endloop
  endfacet
  facet normal 0 0 1
    outer loop
      vertex 17.5661 0.613525 2.1
      vertex 18.5696 1.3652 2.1
      vertex 18.4273 1.49925 2.1
    endloop
  endfacet
  facet normal 0 0 1
    outer loop
      vertex 18.9941 -2.00484 2.1
      vertex 17.7015 -1.58476 2.1
      vertex 18.9014 -2.18961 2.1
    endloop
  endfacet
  facet normal 0 0 1
    outer loop
      vertex 17.5077 0.703659 2.1
      vertex 18.4273 1.49925 2.1
      vertex 18.2727 1.61919 2.1
    endloop
  endfacet
  facet normal 0 0 1
    outer loop
      vertex 18.9014 -2.18961 2.1
      vertex 17.7015 -1.58476 2.1
      vertex 18.7945 -2.3633 2.1
    endloop
  endfacet
  facet normal 0 0 1
    outer loop
      vertex 17.4434 0.784378 2.1
      vertex 18.2727 1.61919 2.1
      vertex 18.1058 1.72502 2.1
    endloop
  endfacet
  facet normal -0 0 1
    outer loop
      vertex 17.613 -1.8196 2.1
      vertex 18.7945 -2.3633 2.1
      vertex 17.7015 -1.58476 2.1
    endloop
  endfacet
  facet normal 0 0 1
    outer loop
      vertex 17.3735 0.856598 2.1
      vertex 18.1058 1.72502 2.1
      vertex 17.9267 1.81674 2.1
    endloop
  endfacet
  facet normal 0 0 1
    outer loop
      vertex 18.7945 -2.3633 2.1
      vertex 17.613 -1.8196 2.1
      vertex 18.6733 -2.52591 2.1
    endloop
  endfacet
  facet normal 0 0 1
    outer loop
      vertex 18.6733 -2.52591 2.1
      vertex 17.613 -1.8196 2.1
      vertex 18.5378 -2.67744 2.1
    endloop
  endfacet
  facet normal 0 0 1
    outer loop
      vertex 19.2439 -0.404984 2.1
      vertex 17.8122 -0.480164 2.1
      vertex 17.8153 -0.663452 2.1
    endloop
  endfacet
  facet normal 0 0 1
    outer loop
      vertex 19.2439 -0.404984 2.1
      vertex 17.803 -0.30722 2.1
      vertex 17.8122 -0.480164 2.1
    endloop
  endfacet
  facet normal 0 0 1
    outer loop
      vertex 19.2235 -0.158875 2.1
      vertex 17.7876 -0.144638 2.1
      vertex 17.803 -0.30722 2.1
    endloop
  endfacet
  facet normal 0 0 1
    outer loop
      vertex 19.1417 0.296265 2.1
      vertex 17.7661 0.00759888 2.1
      vertex 17.7876 -0.144638 2.1
    endloop
  endfacet
  facet normal 0 0 1
    outer loop
      vertex 19.0804 0.50531 2.1
      vertex 17.7384 0.149475 2.1
      vertex 17.7661 0.00759888 2.1
    endloop
  endfacet
  facet normal 0 0 1
    outer loop
      vertex 17.2981 0.920319 2.1
      vertex 17.9267 1.81674 2.1
      vertex 17.7353 1.89435 2.1
    endloop
  endfacet
  facet normal 0 0 1
    outer loop
      vertex 19.0055 0.701996 2.1
      vertex 17.7046 0.281021 2.1
      vertex 17.7384 0.149475 2.1
    endloop
  endfacet
  facet normal 0 0 1
    outer loop
      vertex 18.917 0.886337 2.1
      vertex 17.6646 0.402206 2.1
      vertex 17.7046 0.281021 2.1
    endloop
  endfacet
  facet normal 0 0 1
    outer loop
      vertex 18.8148 1.0583 2.1
      vertex 17.6184 0.513046 2.1
      vertex 17.6646 0.402206 2.1
    endloop
  endfacet
  facet normal 0 0 1
    outer loop
      vertex 18.699 1.21793 2.1
      vertex 17.5661 0.613525 2.1
      vertex 17.6184 0.513046 2.1
    endloop
  endfacet
  facet normal 0 0 1
    outer loop
      vertex 17.2171 0.97554 2.1
      vertex 17.7353 1.89435 2.1
      vertex 17.5317 1.95784 2.1
    endloop
  endfacet
  facet normal 0 0 1
    outer loop
      vertex 18.4273 1.49925 2.1
      vertex 17.5077 0.703659 2.1
      vertex 17.5661 0.613525 2.1
    endloop
  endfacet
  facet normal 0 0 1
    outer loop
      vertex 18.2727 1.61919 2.1
      vertex 17.4434 0.784378 2.1
      vertex 17.5077 0.703659 2.1
    endloop
  endfacet
  facet normal 0 0 1
    outer loop
      vertex 18.1058 1.72502 2.1
      vertex 17.3735 0.856598 2.1
      vertex 17.4434 0.784378 2.1
    endloop
  endfacet
  facet normal 0 0 1
    outer loop
      vertex 17.1305 1.02226 2.1
      vertex 17.5317 1.95784 2.1
      vertex 17.3158 2.00723 2.1
    endloop
  endfacet
  facet normal 0 0 1
    outer loop
      vertex 17.9267 1.81674 2.1
      vertex 17.2981 0.920319 2.1
      vertex 17.3735 0.856598 2.1
    endloop
  endfacet
  facet normal 0 0 1
    outer loop
      vertex 17.7353 1.89435 2.1
      vertex 17.2171 0.97554 2.1
      vertex 17.2981 0.920319 2.1
    endloop
  endfacet
  facet normal 0 0 1
    outer loop
      vertex 17.5317 1.95784 2.1
      vertex 17.1305 1.02226 2.1
      vertex 17.2171 0.97554 2.1
    endloop
  endfacet
  facet normal 0 0 1
    outer loop
      vertex 16.9407 1.09024 2.1
      vertex 17.3158 2.00723 2.1
      vertex 17.0877 2.04251 2.1
    endloop
  endfacet
  facet normal 0 0 1
    outer loop
      vertex 17.3158 2.00723 2.1
      vertex 17.0384 1.0605 2.1
      vertex 17.1305 1.02226 2.1
    endloop
  endfacet
  facet normal 0 0 1
    outer loop
      vertex 17.3158 2.00723 2.1
      vertex 16.9407 1.09024 2.1
      vertex 17.0384 1.0605 2.1
    endloop
  endfacet
  facet normal 0 0 1
    outer loop
      vertex 16.8374 1.11148 2.1
      vertex 17.0877 2.04251 2.1
      vertex 16.8473 2.06367 2.1
    endloop
  endfacet
  facet normal 0 0 1
    outer loop
      vertex 17.0877 2.04251 2.1
      vertex 16.8374 1.11148 2.1
      vertex 16.9407 1.09024 2.1
    endloop
  endfacet
  facet normal 0 0 1
    outer loop
      vertex 16.8473 2.06367 2.1
      vertex 16.7286 1.12422 2.1
      vertex 16.8374 1.11148 2.1
    endloop
  endfacet
  facet normal 0 0 1
    outer loop
      vertex 16.5946 2.07072 2.1
      vertex 16.7286 1.12422 2.1
      vertex 16.8473 2.06367 2.1
    endloop
  endfacet
  facet normal 0 0 1
    outer loop
      vertex 16.7286 1.12422 2.1
      vertex 16.5946 2.07072 2.1
      vertex 16.6142 1.12846 2.1
    endloop
  endfacet
  facet normal -0 0 1
    outer loop
      vertex 16.3473 2.06343 2.1
      vertex 16.6142 1.12846 2.1
      vertex 16.5946 2.07072 2.1
    endloop
  endfacet
  facet normal 0 0 1
    outer loop
      vertex 16.6142 1.12846 2.1
      vertex 16.3473 2.06343 2.1
      vertex 16.3767 1.11055 2.1
    endloop
  endfacet
  facet normal -0 0 1
    outer loop
      vertex 16.1113 2.04153 2.1
      vertex 16.3767 1.11055 2.1
      vertex 16.3473 2.06343 2.1
    endloop
  endfacet
  facet normal 0 0 1
    outer loop
      vertex 16.3767 1.11055 2.1
      vertex 16.1113 2.04153 2.1
      vertex 16.1642 1.05679 2.1
    endloop
  endfacet
  facet normal -0 0 1
    outer loop
      vertex 15.8864 2.00504 2.1
      vertex 16.1642 1.05679 2.1
      vertex 16.1113 2.04153 2.1
    endloop
  endfacet
  facet normal -0 0 1
    outer loop
      vertex 15.6728 1.95393 2.1
      vertex 16.1642 1.05679 2.1
      vertex 15.8864 2.00504 2.1
    endloop
  endfacet
  facet normal 0 0 1
    outer loop
      vertex 16.1642 1.05679 2.1
      vertex 15.6728 1.95393 2.1
      vertex 15.9768 0.967194 2.1
    endloop
  endfacet
  facet normal -0 0 1
    outer loop
      vertex 15.4705 1.88824 2.1
      vertex 15.9768 0.967194 2.1
      vertex 15.6728 1.95393 2.1
    endloop
  endfacet
  facet normal -0 0 1
    outer loop
      vertex 15.2793 1.80795 2.1
      vertex 15.9768 0.967194 2.1
      vertex 15.4705 1.88824 2.1
    endloop
  endfacet
  facet normal 0 0 1
    outer loop
      vertex 15.9768 0.967194 2.1
      vertex 15.2793 1.80795 2.1
      vertex 15.8143 0.841751 2.1
    endloop
  endfacet
  facet normal -0 0 1
    outer loop
      vertex 15.0994 1.71306 2.1
      vertex 15.8143 0.841751 2.1
      vertex 15.2793 1.80795 2.1
    endloop
  endfacet
  facet normal -0 0 1
    outer loop
      vertex 14.9307 1.60358 2.1
      vertex 15.8143 0.841751 2.1
      vertex 15.0994 1.71306 2.1
    endloop
  endfacet
  facet normal 0 0 1
    outer loop
      vertex 15.8143 0.841751 2.1
      vertex 14.9307 1.60358 2.1
      vertex 15.6768 0.680481 2.1
    endloop
  endfacet
  facet normal -0 0 1
    outer loop
      vertex 14.7732 1.47948 2.1
      vertex 15.6768 0.680481 2.1
      vertex 14.9307 1.60358 2.1
    endloop
  endfacet
  facet normal 0 0 1
    outer loop
      vertex 15.6768 0.680481 2.1
      vertex 14.627 1.34079 2.1
      vertex 15.5643 0.483368 2.1
    endloop
  endfacet
  facet normal -0 0 1
    outer loop
      vertex 14.627 1.34079 2.1
      vertex 15.6768 0.680481 2.1
      vertex 14.7732 1.47948 2.1
    endloop
  endfacet
  facet normal -0 0 1
    outer loop
      vertex 17.4992 -2.01831 2.1
      vertex 18.5378 -2.67744 2.1
      vertex 17.613 -1.8196 2.1
    endloop
  endfacet
  facet normal 0 0 1
    outer loop
      vertex 18.5378 -2.67744 2.1
      vertex 17.4992 -2.01831 2.1
      vertex 18.3898 -2.81613 2.1
    endloop
  endfacet
  facet normal 0 0 1
    outer loop
      vertex 18.3898 -2.81613 2.1
      vertex 17.4992 -2.01831 2.1
      vertex 18.2309 -2.94022 2.1
    endloop
  endfacet
  facet normal -0 0 1
    outer loop
      vertex 17.3601 -2.18089 2.1
      vertex 18.2309 -2.94022 2.1
      vertex 17.4992 -2.01831 2.1
    endloop
  endfacet
  facet normal 0 0 1
    outer loop
      vertex 18.2309 -2.94022 2.1
      vertex 17.3601 -2.18089 2.1
      vertex 18.0609 -3.04971 2.1
    endloop
  endfacet
  facet normal 0 0 1
    outer loop
      vertex 18.0609 -3.04971 2.1
      vertex 17.3601 -2.18089 2.1
      vertex 17.8801 -3.14459 2.1
    endloop
  endfacet
  facet normal -0 0 1
    outer loop
      vertex 17.1957 -2.30736 2.1
      vertex 17.8801 -3.14459 2.1
      vertex 17.3601 -2.18089 2.1
    endloop
  endfacet
  facet normal 0 0 1
    outer loop
      vertex 17.8801 -3.14459 2.1
      vertex 17.1957 -2.30736 2.1
      vertex 17.6883 -3.22488 2.1
    endloop
  endfacet
  facet normal 0 0 1
    outer loop
      vertex 17.6883 -3.22488 2.1
      vertex 17.1957 -2.30736 2.1
      vertex 17.4856 -3.29059 2.1
    endloop
  endfacet
  facet normal -0 0 1
    outer loop
      vertex 17.006 -2.39767 2.1
      vertex 17.4856 -3.29059 2.1
      vertex 17.1957 -2.30736 2.1
    endloop
  endfacet
  facet normal 0 0 1
    outer loop
      vertex 17.4856 -3.29059 2.1
      vertex 17.006 -2.39767 2.1
      vertex 17.272 -3.34167 2.1
    endloop
  endfacet
  facet normal 0 0 1
    outer loop
      vertex 17.272 -3.34167 2.1
      vertex 17.006 -2.39767 2.1
      vertex 17.0474 -3.37817 2.1
    endloop
  endfacet
  facet normal -0 0 1
    outer loop
      vertex 16.791 -2.45187 2.1
      vertex 17.0474 -3.37817 2.1
      vertex 17.006 -2.39767 2.1
    endloop
  endfacet
  facet normal 0 0 1
    outer loop
      vertex 17.0474 -3.37817 2.1
      vertex 16.791 -2.45187 2.1
      vertex 16.8119 -3.40007 2.1
    endloop
  endfacet
  facet normal -0 0 1
    outer loop
      vertex 16.5507 -2.46994 2.1
      vertex 16.8119 -3.40007 2.1
      vertex 16.791 -2.45187 2.1
    endloop
  endfacet
  facet normal 0 0 1
    outer loop
      vertex 16.8119 -3.40007 2.1
      vertex 16.5507 -2.46994 2.1
      vertex 16.5654 -3.40738 2.1
    endloop
  endfacet
  facet normal 0 0 1
    outer loop
      vertex 16.4382 -2.46532 2.1
      vertex 16.5654 -3.40738 2.1
      vertex 16.5507 -2.46994 2.1
    endloop
  endfacet
  facet normal 0 0 1
    outer loop
      vertex 16.3237 -3.40005 2.1
      vertex 16.4382 -2.46532 2.1
      vertex 16.3311 -2.45148 2.1
    endloop
  endfacet
  facet normal 0 0 1
    outer loop
      vertex 16.4382 -2.46532 2.1
      vertex 16.3237 -3.40005 2.1
      vertex 16.5654 -3.40738 2.1
    endloop
  endfacet
  facet normal 0 0 1
    outer loop
      vertex 16.0926 -3.37808 2.1
      vertex 16.3311 -2.45148 2.1
      vertex 16.2294 -2.42841 2.1
    endloop
  endfacet
  facet normal 0 0 1
    outer loop
      vertex 15.8721 -3.34146 2.1
      vertex 16.2294 -2.42841 2.1
      vertex 16.1332 -2.39612 2.1
    endloop
  endfacet
  facet normal 0 0 1
    outer loop
      vertex 16.3311 -2.45148 2.1
      vertex 16.0926 -3.37808 2.1
      vertex 16.3237 -3.40005 2.1
    endloop
  endfacet
  facet normal 0 0 1
    outer loop
      vertex 15.6623 -3.29019 2.1
      vertex 16.1332 -2.39612 2.1
      vertex 16.0423 -2.35458 2.1
    endloop
  endfacet
  facet normal 0 0 1
    outer loop
      vertex 15.6623 -3.29019 2.1
      vertex 16.0423 -2.35458 2.1
      vertex 15.9569 -2.30383 2.1
    endloop
  endfacet
  facet normal 0 0 1
    outer loop
      vertex 15.4632 -3.22427 2.1
      vertex 15.9569 -2.30383 2.1
      vertex 15.8769 -2.24387 2.1
    endloop
  endfacet
  facet normal 0 0 1
    outer loop
      vertex 16.2294 -2.42841 2.1
      vertex 15.8721 -3.34146 2.1
      vertex 16.0926 -3.37808 2.1
    endloop
  endfacet
  facet normal 0 0 1
    outer loop
      vertex 15.2746 -3.14372 2.1
      vertex 15.8769 -2.24387 2.1
      vertex 15.8023 -2.17465 2.1
    endloop
  endfacet
  facet normal 0 0 1
    outer loop
      vertex 15.0968 -3.04851 2.1
      vertex 15.8023 -2.17465 2.1
      vertex 15.7332 -2.09622 2.1
    endloop
  endfacet
  facet normal 0 0 1
    outer loop
      vertex 14.7729 -2.81415 2.1
      vertex 15.7332 -2.09622 2.1
      vertex 15.6694 -2.00856 2.1
    endloop
  endfacet
  facet normal 0 0 1
    outer loop
      vertex 16.1332 -2.39612 2.1
      vertex 15.6623 -3.29019 2.1
      vertex 15.8721 -3.34146 2.1
    endloop
  endfacet
  facet normal 0 0 1
    outer loop
      vertex 14.627 -2.67499 2.1
      vertex 15.6694 -2.00856 2.1
      vertex 15.6115 -1.91206 2.1
    endloop
  endfacet
  facet normal 0 0 1
    outer loop
      vertex 14.4934 -2.52304 2.1
      vertex 15.6115 -1.91206 2.1
      vertex 15.5596 -1.80711 2.1
    endloop
  endfacet
  facet normal 0 0 1
    outer loop
      vertex 14.3739 -2.36017 2.1
      vertex 15.5596 -1.80711 2.1
      vertex 15.5138 -1.69373 2.1
    endloop
  endfacet
  facet normal 0 0 1
    outer loop
      vertex 14.2684 -2.18636 2.1
      vertex 15.5138 -1.69373 2.1
      vertex 15.4742 -1.57188 2.1
    endloop
  endfacet
  facet normal 0 0 1
    outer loop
      vertex 15.9569 -2.30383 2.1
      vertex 15.4632 -3.22427 2.1
      vertex 15.6623 -3.29019 2.1
    endloop
  endfacet
  facet normal 0 0 1
    outer loop
      vertex 14.177 -2.0016 2.1
      vertex 15.4742 -1.57188 2.1
      vertex 15.4406 -1.44159 2.1
    endloop
  endfacet
  facet normal 0 0 1
    outer loop
      vertex 14.0997 -1.80591 2.1
      vertex 15.4406 -1.44159 2.1
      vertex 15.4131 -1.30286 2.1
    endloop
  endfacet
  facet normal 0 0 1
    outer loop
      vertex 14.0364 -1.59929 2.1
      vertex 15.4131 -1.30286 2.1
      vertex 15.3918 -1.15569 2.1
    endloop
  endfacet
  facet normal -0 0 1
    outer loop
      vertex 13.9521 -1.15324 2.1
      vertex 15.3918 -1.15569 2.1
      vertex 15.3765 -1.00005 2.1
    endloop
  endfacet
  facet normal -0 0 1
    outer loop
      vertex 13.931 -0.913818 2.1
      vertex 15.3765 -1.00005 2.1
      vertex 15.3673 -0.835983 2.1
    endloop
  endfacet
  facet normal -0 0 1
    outer loop
      vertex 14.4934 1.18936 2.1
      vertex 15.5643 0.483368 2.1
      vertex 14.627 1.34079 2.1
    endloop
  endfacet
  facet normal 0 0 1
    outer loop
      vertex 15.8769 -2.24387 2.1
      vertex 15.2746 -3.14372 2.1
      vertex 15.4632 -3.22427 2.1
    endloop
  endfacet
  facet normal -0 0 1
    outer loop
      vertex 14.3739 1.02704 2.1
      vertex 15.5643 0.483368 2.1
      vertex 14.4934 1.18936 2.1
    endloop
  endfacet
  facet normal 0 0 1
    outer loop
      vertex 15.5643 0.483368 2.1
      vertex 14.3739 1.02704 2.1
      vertex 15.4768 0.250412 2.1
    endloop
  endfacet
  facet normal 0 -0 1
    outer loop
      vertex 13.931 -0.913818 2.1
      vertex 15.3673 -0.835983 2.1
      vertex 13.9239 -0.663452 2.1
    endloop
  endfacet
  facet normal -0 0 1
    outer loop
      vertex 14.2684 0.853836 2.1
      vertex 15.4768 0.250412 2.1
      vertex 14.3739 1.02704 2.1
    endloop
  endfacet
  facet normal 0 0 1
    outer loop
      vertex 15.3765 -1.00005 2.1
      vertex 13.931 -0.913818 2.1
      vertex 13.9521 -1.15324 2.1
    endloop
  endfacet
  facet normal -0 0 1
    outer loop
      vertex 14.177 0.669739 2.1
      vertex 15.4768 0.250412 2.1
      vertex 14.2684 0.853836 2.1
    endloop
  endfacet
  facet normal 0 0 1
    outer loop
      vertex 15.3918 -1.15569 2.1
      vertex 13.9521 -1.15324 2.1
      vertex 13.9872 -1.38173 2.1
    endloop
  endfacet
  facet normal -0 0 1
    outer loop
      vertex 14.0997 0.474762 2.1
      vertex 15.4768 0.250412 2.1
      vertex 14.177 0.669739 2.1
    endloop
  endfacet
  facet normal 0 0 1
    outer loop
      vertex 15.8023 -2.17465 2.1
      vertex 15.0968 -3.04851 2.1
      vertex 15.2746 -3.14372 2.1
    endloop
  endfacet
  facet normal 0 0 1
    outer loop
      vertex 15.4768 0.250412 2.1
      vertex 14.0997 0.474762 2.1
      vertex 15.4143 -0.0183563 2.1
    endloop
  endfacet
  facet normal 0 0 1
    outer loop
      vertex 15.7332 -2.09622 2.1
      vertex 14.9295 -2.93864 2.1
      vertex 15.0968 -3.04851 2.1
    endloop
  endfacet
  facet normal -0 0 1
    outer loop
      vertex 14.0364 0.26889 2.1
      vertex 15.4143 -0.0183563 2.1
      vertex 14.0997 0.474762 2.1
    endloop
  endfacet
  facet normal 0 0 1
    outer loop
      vertex 15.7332 -2.09622 2.1
      vertex 14.7729 -2.81415 2.1
      vertex 14.9295 -2.93864 2.1
    endloop
  endfacet
  facet normal -0 0 1
    outer loop
      vertex 13.9872 0.0521393 2.1
      vertex 15.4143 -0.0183563 2.1
      vertex 14.0364 0.26889 2.1
    endloop
  endfacet
  facet normal 0 0 1
    outer loop
      vertex 15.3643 -0.663452 2.1
      vertex 13.9239 -0.663452 2.1
      vertex 15.3673 -0.835983 2.1
    endloop
  endfacet
  facet normal 0 0 1
    outer loop
      vertex 15.4143 -0.0183563 2.1
      vertex 13.9872 0.0521393 2.1
      vertex 15.3768 -0.322983 2.1
    endloop
  endfacet
  facet normal 0 0 1
    outer loop
      vertex 15.6694 -2.00856 2.1
      vertex 14.627 -2.67499 2.1
      vertex 14.7729 -2.81415 2.1
    endloop
  endfacet
  facet normal -0 0 1
    outer loop
      vertex 13.9521 -0.175491 2.1
      vertex 15.3768 -0.322983 2.1
      vertex 13.9872 0.0521393 2.1
    endloop
  endfacet
  facet normal 0 0 1
    outer loop
      vertex 15.6115 -1.91206 2.1
      vertex 14.4934 -2.52304 2.1
      vertex 14.627 -2.67499 2.1
    endloop
  endfacet
  facet normal 0 0 1
    outer loop
      vertex 13.931 -0.414032 2.1
      vertex 15.3768 -0.322983 2.1
      vertex 13.9521 -0.175491 2.1
    endloop
  endfacet
  facet normal 0 0 1
    outer loop
      vertex 15.5596 -1.80711 2.1
      vertex 14.3739 -2.36017 2.1
      vertex 14.4934 -2.52304 2.1
    endloop
  endfacet
  facet normal 0 0 1
    outer loop
      vertex 15.3768 -0.322983 2.1
      vertex 13.931 -0.414032 2.1
      vertex 15.3643 -0.663452 2.1
    endloop
  endfacet
  facet normal 0 0 1
    outer loop
      vertex 13.9239 -0.663452 2.1
      vertex 15.3643 -0.663452 2.1
      vertex 13.931 -0.414032 2.1
    endloop
  endfacet
  facet normal 0 0 1
    outer loop
      vertex 15.5138 -1.69373 2.1
      vertex 14.2684 -2.18636 2.1
      vertex 14.3739 -2.36017 2.1
    endloop
  endfacet
  facet normal 0 0 1
    outer loop
      vertex 15.3918 -1.15569 2.1
      vertex 13.9872 -1.38173 2.1
      vertex 14.0364 -1.59929 2.1
    endloop
  endfacet
  facet normal 0 0 1
    outer loop
      vertex 15.4406 -1.44159 2.1
      vertex 14.0997 -1.80591 2.1
      vertex 14.177 -2.0016 2.1
    endloop
  endfacet
  facet normal 0 0 1
    outer loop
      vertex 15.4131 -1.30286 2.1
      vertex 14.0364 -1.59929 2.1
      vertex 14.0997 -1.80591 2.1
    endloop
  endfacet
  facet normal 0 0 1
    outer loop
      vertex 15.4742 -1.57188 2.1
      vertex 14.177 -2.0016 2.1
      vertex 14.2684 -2.18636 2.1
    endloop
  endfacet
  facet normal 0 0 1
    outer loop
      vertex 28.9327 1.00189 2.1
      vertex 29.5163 1.79916 2.1
      vertex 29.3479 1.88214 2.1
    endloop
  endfacet
  facet normal 0 0 1
    outer loop
      vertex 29.5163 1.79916 2.1
      vertex 29.3451 0.0520782 2.1
      vertex 29.3552 -0.0726166 2.1
    endloop
  endfacet
  facet normal 0 0 1
    outer loop
      vertex 29.5163 1.79916 2.1
      vertex 29.3304 0.17041 2.1
      vertex 29.3451 0.0520782 2.1
    endloop
  endfacet
  facet normal 0 0 1
    outer loop
      vertex 29.5163 1.79916 2.1
      vertex 29.3111 0.282333 2.1
      vertex 29.3304 0.17041 2.1
    endloop
  endfacet
  facet normal 0 0 1
    outer loop
      vertex 29.5163 1.79916 2.1
      vertex 29.2872 0.387863 2.1
      vertex 29.3111 0.282333 2.1
    endloop
  endfacet
  facet normal 0 0 1
    outer loop
      vertex 29.5163 1.79916 2.1
      vertex 29.2587 0.487 2.1
      vertex 29.2872 0.387863 2.1
    endloop
  endfacet
  facet normal 0 0 1
    outer loop
      vertex 29.5163 1.79916 2.1
      vertex 29.2257 0.579742 2.1
      vertex 29.2587 0.487 2.1
    endloop
  endfacet
  facet normal 0 0 1
    outer loop
      vertex 29.5163 1.79916 2.1
      vertex 29.188 0.666092 2.1
      vertex 29.2257 0.579742 2.1
    endloop
  endfacet
  facet normal 0 0 1
    outer loop
      vertex 28.8698 1.04987 2.1
      vertex 29.3479 1.88214 2.1
      vertex 29.1687 1.95004 2.1
    endloop
  endfacet
  facet normal 0 0 1
    outer loop
      vertex 29.5163 1.79916 2.1
      vertex 29.1458 0.746048 2.1
      vertex 29.188 0.666092 2.1
    endloop
  endfacet
  facet normal 0 0 1
    outer loop
      vertex 29.5163 1.79916 2.1
      vertex 29.099 0.819595 2.1
      vertex 29.1458 0.746048 2.1
    endloop
  endfacet
  facet normal 0 0 1
    outer loop
      vertex 29.5163 1.79916 2.1
      vertex 29.0475 0.886765 2.1
      vertex 29.099 0.819595 2.1
    endloop
  endfacet
  facet normal 0 0 1
    outer loop
      vertex 29.5163 1.79916 2.1
      vertex 28.992 0.947525 2.1
      vertex 29.0475 0.886765 2.1
    endloop
  endfacet
  facet normal 0 0 1
    outer loop
      vertex 28.7327 1.12663 2.1
      vertex 29.1687 1.95004 2.1
      vertex 28.9787 2.00284 2.1
    endloop
  endfacet
  facet normal 0 0 1
    outer loop
      vertex 29.5163 1.79916 2.1
      vertex 28.9327 1.00189 2.1
      vertex 28.992 0.947525 2.1
    endloop
  endfacet
  facet normal 0 0 1
    outer loop
      vertex 29.3479 1.88214 2.1
      vertex 28.8698 1.04987 2.1
      vertex 28.9327 1.00189 2.1
    endloop
  endfacet
  facet normal 0 0 1
    outer loop
      vertex 29.1687 1.95004 2.1
      vertex 28.8031 1.09145 2.1
      vertex 28.8698 1.04987 2.1
    endloop
  endfacet
  facet normal 0 0 1
    outer loop
      vertex 28.6585 1.15541 2.1
      vertex 28.9787 2.00284 2.1
      vertex 28.778 2.04056 2.1
    endloop
  endfacet
  facet normal 0 0 1
    outer loop
      vertex 29.1687 1.95004 2.1
      vertex 28.7327 1.12663 2.1
      vertex 28.8031 1.09145 2.1
    endloop
  endfacet
  facet normal 0 0 1
    outer loop
      vertex 28.9787 2.00284 2.1
      vertex 28.6585 1.15541 2.1
      vertex 28.7327 1.12663 2.1
    endloop
  endfacet
  facet normal 0 0 1
    outer loop
      vertex 28.778 2.04056 2.1
      vertex 28.5807 1.1778 2.1
      vertex 28.6585 1.15541 2.1
    endloop
  endfacet
  facet normal 0 0 1
    outer loop
      vertex 28.5666 2.06319 2.1
      vertex 28.5807 1.1778 2.1
      vertex 28.778 2.04056 2.1
    endloop
  endfacet
  facet normal 0 0 1
    outer loop
      vertex 28.5666 2.06319 2.1
      vertex 28.4992 1.19379 2.1
      vertex 28.5807 1.1778 2.1
    endloop
  endfacet
  facet normal 0 0 1
    outer loop
      vertex 28.5666 2.06319 2.1
      vertex 28.4139 1.20338 2.1
      vertex 28.4992 1.19379 2.1
    endloop
  endfacet
  facet normal 0 0 1
    outer loop
      vertex 28.3445 2.07072 2.1
      vertex 28.4139 1.20338 2.1
      vertex 28.5666 2.06319 2.1
    endloop
  endfacet
  facet normal 0 0 1
    outer loop
      vertex 28.3445 2.07072 2.1
      vertex 28.325 1.20659 2.1
      vertex 28.4139 1.20338 2.1
    endloop
  endfacet
  facet normal 0 0 1
    outer loop
      vertex 28.3445 2.07072 2.1
      vertex 28.2305 1.20322 2.1
      vertex 28.325 1.20659 2.1
    endloop
  endfacet
  facet normal -0 0 1
    outer loop
      vertex 28.1116 2.06371 2.1
      vertex 28.2305 1.20322 2.1
      vertex 28.3445 2.07072 2.1
    endloop
  endfacet
  facet normal 0 0 1
    outer loop
      vertex 28.2305 1.20322 2.1
      vertex 28.1116 2.06371 2.1
      vertex 28.1405 1.19312 2.1
    endloop
  endfacet
  facet normal -0 0 1
    outer loop
      vertex 27.8896 2.0426 2.1
      vertex 28.1405 1.19312 2.1
      vertex 28.1116 2.06371 2.1
    endloop
  endfacet
  facet normal 0 0 1
    outer loop
      vertex 28.1405 1.19312 2.1
      vertex 27.8896 2.0426 2.1
      vertex 28.0549 1.17625 2.1
    endloop
  endfacet
  facet normal 0 0 1
    outer loop
      vertex 28.0549 1.17625 2.1
      vertex 27.8896 2.0426 2.1
      vertex 27.9738 1.15268 2.1
    endloop
  endfacet
  facet normal -0 0 1
    outer loop
      vertex 27.6785 2.00745 2.1
      vertex 27.9738 1.15268 2.1
      vertex 27.8896 2.0426 2.1
    endloop
  endfacet
  facet normal 0 0 1
    outer loop
      vertex 27.9738 1.15268 2.1
      vertex 27.6785 2.00745 2.1
      vertex 27.8972 1.12234 2.1
    endloop
  endfacet
  facet normal -0 0 1
    outer loop
      vertex 27.4781 1.95824 2.1
      vertex 27.8972 1.12234 2.1
      vertex 27.6785 2.00745 2.1
    endloop
  endfacet
  facet normal 0 0 1
    outer loop
      vertex 27.8972 1.12234 2.1
      vertex 27.4781 1.95824 2.1
      vertex 27.8249 1.08528 2.1
    endloop
  endfacet
  facet normal -0 0 1
    outer loop
      vertex 27.2886 1.89496 2.1
      vertex 27.8249 1.08528 2.1
      vertex 27.4781 1.95824 2.1
    endloop
  endfacet
  facet normal 0 0 1
    outer loop
      vertex 27.8249 1.08528 2.1
      vertex 27.2886 1.89496 2.1
      vertex 27.7571 1.04147 2.1
    endloop
  endfacet
  facet normal 0 0 1
    outer loop
      vertex 27.7571 1.04147 2.1
      vertex 27.2886 1.89496 2.1
      vertex 27.6938 0.990936 2.1
    endloop
  endfacet
  facet normal -0 0 1
    outer loop
      vertex 27.11 1.81763 2.1
      vertex 27.6938 0.990936 2.1
      vertex 27.2886 1.89496 2.1
    endloop
  endfacet
  facet normal 0 0 1
    outer loop
      vertex 27.6938 0.990936 2.1
      vertex 27.11 1.81763 2.1
      vertex 27.6349 0.933655 2.1
    endloop
  endfacet
  facet normal -0 0 1
    outer loop
      vertex 26.9422 1.72623 2.1
      vertex 27.6349 0.933655 2.1
      vertex 27.11 1.81763 2.1
    endloop
  endfacet
  facet normal 0 0 1
    outer loop
      vertex 27.6349 0.933655 2.1
      vertex 26.9422 1.72623 2.1
      vertex 27.5804 0.869629 2.1
    endloop
  endfacet
  facet normal -0 0 1
    outer loop
      vertex 26.7852 1.62076 2.1
      vertex 27.5804 0.869629 2.1
      vertex 26.9422 1.72623 2.1
    endloop
  endfacet
  facet normal 0 0 1
    outer loop
      vertex 27.5804 0.869629 2.1
      vertex 26.7852 1.62076 2.1
      vertex 27.5306 0.799561 2.1
    endloop
  endfacet
  facet normal -0 0 1
    outer loop
      vertex 26.6391 1.50124 2.1
      vertex 27.5306 0.799561 2.1
      vertex 26.7852 1.62076 2.1
    endloop
  endfacet
  facet normal 0 0 1
    outer loop
      vertex 27.5306 0.799561 2.1
      vertex 26.6391 1.50124 2.1
      vertex 27.4858 0.724136 2.1
    endloop
  endfacet
  facet normal -0 0 1
    outer loop
      vertex 26.5038 1.36765 2.1
      vertex 27.4858 0.724136 2.1
      vertex 26.6391 1.50124 2.1
    endloop
  endfacet
  facet normal 0 0 1
    outer loop
      vertex 27.4858 0.724136 2.1
      vertex 26.5038 1.36765 2.1
      vertex 27.4459 0.643326 2.1
    endloop
  endfacet
  facet normal -0 0 1
    outer loop
      vertex 26.27 1.06221 2.1
      vertex 27.4109 0.557159 2.1
      vertex 26.3804 1.22098 2.1
    endloop
  endfacet
  facet normal 0 0 1
    outer loop
      vertex 27.4459 0.643326 2.1
      vertex 26.3804 1.22098 2.1
      vertex 27.4109 0.557159 2.1
    endloop
  endfacet
  facet normal -0 0 1
    outer loop
      vertex 26.3804 1.22098 2.1
      vertex 27.4459 0.643326 2.1
      vertex 26.5038 1.36765 2.1
    endloop
  endfacet
  facet normal 0 0 1
    outer loop
      vertex 29.3552 -0.0726166 2.1
      vertex 30.6832 -0.892914 2.1
      vertex 30.6772 -0.608932 2.1
    endloop
  endfacet
  facet normal 0 0 1
    outer loop
      vertex 29.3552 -0.0726166 2.1
      vertex 30.6772 -0.608932 2.1
      vertex 30.6592 -0.338959 2.1
    endloop
  endfacet
  facet normal 0 0 1
    outer loop
      vertex 29.3552 -0.0726166 2.1
      vertex 30.6592 -0.338959 2.1
      vertex 30.6292 -0.0829926 2.1
    endloop
  endfacet
  facet normal -0 0 1
    outer loop
      vertex 29.3552 -0.0726166 2.1
      vertex 30.6292 -0.0829926 2.1
      vertex 30.5872 0.158951 2.1
    endloop
  endfacet
  facet normal 0 0 1
    outer loop
      vertex 29.3552 -0.0726166 2.1
      vertex 30.5872 0.158951 2.1
      vertex 30.5331 0.386887 2.1
    endloop
  endfacet
  facet normal 0 0 1
    outer loop
      vertex 29.3552 -0.0726166 2.1
      vertex 30.5331 0.386887 2.1
      vertex 30.467 0.600815 2.1
    endloop
  endfacet
  facet normal 0 0 1
    outer loop
      vertex 29.3552 -0.0726166 2.1
      vertex 30.467 0.600815 2.1
      vertex 30.389 0.80072 2.1
    endloop
  endfacet
  facet normal 0 0 1
    outer loop
      vertex 29.3552 -0.0726166 2.1
      vertex 30.389 0.80072 2.1
      vertex 30.2989 0.986618 2.1
    endloop
  endfacet
  facet normal 0 0 1
    outer loop
      vertex 29.3552 -0.0726166 2.1
      vertex 30.2989 0.986618 2.1
      vertex 30.1968 1.15851 2.1
    endloop
  endfacet
  facet normal 0 0 1
    outer loop
      vertex 29.3552 -0.0726166 2.1
      vertex 30.1968 1.15851 2.1
      vertex 30.0827 1.31639 2.1
    endloop
  endfacet
  facet normal 0 0 1
    outer loop
      vertex 29.3552 -0.0726166 2.1
      vertex 30.0827 1.31639 2.1
      vertex 29.9572 1.45972 2.1
    endloop
  endfacet
  facet normal 0 0 1
    outer loop
      vertex 29.3552 -0.0726166 2.1
      vertex 29.9572 1.45972 2.1
      vertex 29.821 1.58795 2.1
    endloop
  endfacet
  facet normal 0 0 1
    outer loop
      vertex 29.3552 -0.0726166 2.1
      vertex 29.821 1.58795 2.1
      vertex 29.674 1.7011 2.1
    endloop
  endfacet
  facet normal 0 0 1
    outer loop
      vertex 29.3552 -0.0726166 2.1
      vertex 29.674 1.7011 2.1
      vertex 29.5163 1.79916 2.1
    endloop
  endfacet
  facet normal 0 0 1
    outer loop
      vertex 30.6832 -0.892914 2.1
      vertex 29.3552 -0.0726166 2.1
      vertex 30.6832 -0.931946 2.1
    endloop
  endfacet
  facet normal 0 0 1
    outer loop
      vertex 27.2948 -0.931946 2.1
      vertex 29.3552 -0.0726166 2.1
      vertex 27.3045 -0.0726166 2.1
    endloop
  endfacet
  facet normal 0 0 1
    outer loop
      vertex 29.3552 -0.0726166 2.1
      vertex 27.2948 -0.931946 2.1
      vertex 30.6832 -0.931946 2.1
    endloop
  endfacet
  facet normal 0 0 1
    outer loop
      vertex 29.3112 -1.85966 2.1
      vertex 30.4812 -2.24464 2.1
      vertex 30.6051 -1.97191 2.1
    endloop
  endfacet
  facet normal 0 0 1
    outer loop
      vertex 30.4812 -2.24464 2.1
      vertex 29.3112 -1.85966 2.1
      vertex 30.3342 -2.48868 2.1
    endloop
  endfacet
  facet normal -0 0 1
    outer loop
      vertex 29.2678 -1.97932 2.1
      vertex 30.3342 -2.48868 2.1
      vertex 29.3112 -1.85966 2.1
    endloop
  endfacet
  facet normal -0 0 1
    outer loop
      vertex 29.2136 -2.08638 2.1
      vertex 30.1641 -2.70399 2.1
      vertex 29.2678 -1.97932 2.1
    endloop
  endfacet
  facet normal 0 0 1
    outer loop
      vertex 30.1641 -2.70399 2.1
      vertex 29.2136 -2.08638 2.1
      vertex 29.9708 -2.89061 2.1
    endloop
  endfacet
  facet normal 0 0 1
    outer loop
      vertex 30.3342 -2.48868 2.1
      vertex 29.2678 -1.97932 2.1
      vertex 30.1641 -2.70399 2.1
    endloop
  endfacet
  facet normal -0 0 1
    outer loop
      vertex 29.1487 -2.18085 2.1
      vertex 29.9708 -2.89061 2.1
      vertex 29.2136 -2.08638 2.1
    endloop
  endfacet
  facet normal 0 0 1
    outer loop
      vertex 29.9708 -2.89061 2.1
      vertex 29.1487 -2.18085 2.1
      vertex 29.7543 -3.04851 2.1
    endloop
  endfacet
  facet normal -0 0 1
    outer loop
      vertex 29.073 -2.26273 2.1
      vertex 29.7543 -3.04851 2.1
      vertex 29.1487 -2.18085 2.1
    endloop
  endfacet
  facet normal 0 0 1
    outer loop
      vertex 29.7543 -3.04851 2.1
      vertex 29.073 -2.26273 2.1
      vertex 29.5147 -3.1777 2.1
    endloop
  endfacet
  facet normal -0 0 1
    outer loop
      vertex 28.9866 -2.332 2.1
      vertex 29.5147 -3.1777 2.1
      vertex 29.073 -2.26273 2.1
    endloop
  endfacet
  facet normal 0 0 1
    outer loop
      vertex 29.5147 -3.1777 2.1
      vertex 28.9866 -2.332 2.1
      vertex 29.252 -3.27818 2.1
    endloop
  endfacet
  facet normal -0 0 1
    outer loop
      vertex 28.8894 -2.38869 2.1
      vertex 29.252 -3.27818 2.1
      vertex 28.9866 -2.332 2.1
    endloop
  endfacet
  facet normal -0 0 1
    outer loop
      vertex 28.7815 -2.43277 2.1
      vertex 29.252 -3.27818 2.1
      vertex 28.8894 -2.38869 2.1
    endloop
  endfacet
  facet normal 0 0 1
    outer loop
      vertex 29.252 -3.27818 2.1
      vertex 28.7815 -2.43277 2.1
      vertex 28.9661 -3.34996 2.1
    endloop
  endfacet
  facet normal -0 0 1
    outer loop
      vertex 28.6629 -2.46425 2.1
      vertex 28.9661 -3.34996 2.1
      vertex 28.7815 -2.43277 2.1
    endloop
  endfacet
  facet normal 0 0 1
    outer loop
      vertex 28.6629 -2.46425 2.1
      vertex 28.6571 -3.39302 2.1
      vertex 28.9661 -3.34996 2.1
    endloop
  endfacet
  facet normal -0 0 1
    outer loop
      vertex 28.5335 -2.48315 2.1
      vertex 28.6571 -3.39302 2.1
      vertex 28.6629 -2.46425 2.1
    endloop
  endfacet
  facet normal -0 0 1
    outer loop
      vertex 28.3934 -2.48944 2.1
      vertex 28.6571 -3.39302 2.1
      vertex 28.5335 -2.48315 2.1
    endloop
  endfacet
  facet normal 0 0 1
    outer loop
      vertex 28.3934 -2.48944 2.1
      vertex 28.325 -3.40738 2.1
      vertex 28.6571 -3.39302 2.1
    endloop
  endfacet
  facet normal 0 0 1
    outer loop
      vertex 28.2903 -2.48552 2.1
      vertex 28.325 -3.40738 2.1
      vertex 28.3934 -2.48944 2.1
    endloop
  endfacet
  facet normal 0 0 1
    outer loop
      vertex 28.0922 -3.40031 2.1
      vertex 28.2903 -2.48552 2.1
      vertex 28.1921 -2.47372 2.1
    endloop
  endfacet
  facet normal 0 0 1
    outer loop
      vertex 28.0922 -3.40031 2.1
      vertex 28.1921 -2.47372 2.1
      vertex 28.0987 -2.45407 2.1
    endloop
  endfacet
  facet normal 0 0 1
    outer loop
      vertex 28.2903 -2.48552 2.1
      vertex 28.0922 -3.40031 2.1
      vertex 28.325 -3.40738 2.1
    endloop
  endfacet
  facet normal 0 0 1
    outer loop
      vertex 27.8705 -3.37915 2.1
      vertex 28.0987 -2.45407 2.1
      vertex 28.0102 -2.42657 2.1
    endloop
  endfacet
  facet normal 0 0 1
    outer loop
      vertex 27.6598 -3.34387 2.1
      vertex 28.0102 -2.42657 2.1
      vertex 27.9265 -2.3912 2.1
    endloop
  endfacet
  facet normal 0 0 1
    outer loop
      vertex 28.0987 -2.45407 2.1
      vertex 27.8705 -3.37915 2.1
      vertex 28.0922 -3.40031 2.1
    endloop
  endfacet
  facet normal 0 0 1
    outer loop
      vertex 27.4602 -3.29449 2.1
      vertex 27.9265 -2.3912 2.1
      vertex 27.8476 -2.34798 2.1
    endloop
  endfacet
  facet normal 0 0 1
    outer loop
      vertex 27.2716 -3.23099 2.1
      vertex 27.8476 -2.34798 2.1
      vertex 27.7735 -2.29689 2.1
    endloop
  endfacet
  facet normal 0 0 1
    outer loop
      vertex 27.094 -3.15338 2.1
      vertex 27.7735 -2.29689 2.1
      vertex 27.7043 -2.23795 2.1
    endloop
  endfacet
  facet normal 0 0 1
    outer loop
      vertex 28.0102 -2.42657 2.1
      vertex 27.6598 -3.34387 2.1
      vertex 27.8705 -3.37915 2.1
    endloop
  endfacet
  facet normal 0 0 1
    outer loop
      vertex 26.9274 -3.06166 2.1
      vertex 27.7043 -2.23795 2.1
      vertex 27.64 -2.17114 2.1
    endloop
  endfacet
  facet normal 0 0 1
    outer loop
      vertex 26.7719 -2.95584 2.1
      vertex 27.64 -2.17114 2.1
      vertex 27.5804 -2.09647 2.1
    endloop
  endfacet
  facet normal 0 0 1
    outer loop
      vertex 26.6274 -2.83589 2.1
      vertex 27.5804 -2.09647 2.1
      vertex 27.5261 -2.01408 2.1
    endloop
  endfacet
  facet normal 0 0 1
    outer loop
      vertex 26.494 -2.70184 2.1
      vertex 27.5261 -2.01408 2.1
      vertex 27.4776 -1.92412 2.1
    endloop
  endfacet
  facet normal 0 0 1
    outer loop
      vertex 27.9265 -2.3912 2.1
      vertex 27.4602 -3.29449 2.1
      vertex 27.6598 -3.34387 2.1
    endloop
  endfacet
  facet normal 0 0 1
    outer loop
      vertex 26.3725 -2.55428 2.1
      vertex 27.4776 -1.92412 2.1
      vertex 27.4347 -1.82658 2.1
    endloop
  endfacet
  facet normal 0 0 1
    outer loop
      vertex 26.2637 -2.39375 2.1
      vertex 27.4347 -1.82658 2.1
      vertex 27.3976 -1.72148 2.1
    endloop
  endfacet
  facet normal 0 0 1
    outer loop
      vertex 26.0847 -2.03392 2.1
      vertex 27.3976 -1.72148 2.1
      vertex 27.3662 -1.60881 2.1
    endloop
  endfacet
  facet normal 0 0 1
    outer loop
      vertex 26.0143 -1.83459 2.1
      vertex 27.3662 -1.60881 2.1
      vertex 27.3405 -1.48857 2.1
    endloop
  endfacet
  facet normal 0 0 1
    outer loop
      vertex 25.9568 -1.62231 2.1
      vertex 27.3405 -1.48857 2.1
      vertex 27.3205 -1.36078 2.1
    endloop
  endfacet
  facet normal 0 0 1
    outer loop
      vertex 25.912 -1.39711 2.1
      vertex 27.3205 -1.36078 2.1
      vertex 27.3062 -1.2254 2.1
    endloop
  endfacet
  facet normal 0 0 1
    outer loop
      vertex 27.8476 -2.34798 2.1
      vertex 27.2716 -3.23099 2.1
      vertex 27.4602 -3.29449 2.1
    endloop
  endfacet
  facet normal 0 0 1
    outer loop
      vertex 25.912 -1.39711 2.1
      vertex 27.3062 -1.2254 2.1
      vertex 27.2976 -1.08246 2.1
    endloop
  endfacet
  facet normal 0 0 1
    outer loop
      vertex 25.88 -1.15897 2.1
      vertex 27.2976 -1.08246 2.1
      vertex 27.2948 -0.931946 2.1
    endloop
  endfacet
  facet normal 0 0 1
    outer loop
      vertex 27.4109 0.557159 2.1
      vertex 26.27 1.06221 2.1
      vertex 27.3808 0.465622 2.1
    endloop
  endfacet
  facet normal -0 0 1
    outer loop
      vertex 26.1726 0.891312 2.1
      vertex 27.3808 0.465622 2.1
      vertex 26.27 1.06221 2.1
    endloop
  endfacet
  facet normal -0 -0 1
    outer loop
      vertex 25.8608 -0.907898 2.1
      vertex 27.2948 -0.931946 2.1
      vertex 25.8544 -0.643875 2.1
    endloop
  endfacet
  facet normal 0 0 1
    outer loop
      vertex 27.3808 0.465622 2.1
      vertex 26.1726 0.891312 2.1
      vertex 27.3557 0.368698 2.1
    endloop
  endfacet
  facet normal 0 -0 1
    outer loop
      vertex 25.88 -1.15897 2.1
      vertex 27.2948 -0.931946 2.1
      vertex 25.8608 -0.907898 2.1
    endloop
  endfacet
  facet normal -0 0 1
    outer loop
      vertex 26.0882 0.708328 2.1
      vertex 27.3557 0.368698 2.1
      vertex 26.1726 0.891312 2.1
    endloop
  endfacet
  facet normal 0 0 1
    outer loop
      vertex 27.2976 -1.08246 2.1
      vertex 25.88 -1.15897 2.1
      vertex 25.912 -1.39711 2.1
    endloop
  endfacet
  facet normal 0 0 1
    outer loop
      vertex 27.3557 0.368698 2.1
      vertex 26.0882 0.708328 2.1
      vertex 27.3355 0.266418 2.1
    endloop
  endfacet
  facet normal 0 0 1
    outer loop
      vertex 27.3205 -1.36078 2.1
      vertex 25.912 -1.39711 2.1
      vertex 25.9568 -1.62231 2.1
    endloop
  endfacet
  facet normal -0 0 1
    outer loop
      vertex 26.0168 0.513229 2.1
      vertex 27.3355 0.266418 2.1
      vertex 26.0882 0.708328 2.1
    endloop
  endfacet
  facet normal 0 0 1
    outer loop
      vertex 27.3405 -1.48857 2.1
      vertex 25.9568 -1.62231 2.1
      vertex 26.0143 -1.83459 2.1
    endloop
  endfacet
  facet normal 0 0 1
    outer loop
      vertex 27.3355 0.266418 2.1
      vertex 26.0168 0.513229 2.1
      vertex 27.3202 0.158768 2.1
    endloop
  endfacet
  facet normal 0 0 1
    outer loop
      vertex 27.3662 -1.60881 2.1
      vertex 26.0143 -1.83459 2.1
      vertex 26.0847 -2.03392 2.1
    endloop
  endfacet
  facet normal -0 0 1
    outer loop
      vertex 25.9583 0.306015 2.1
      vertex 27.3202 0.158768 2.1
      vertex 26.0168 0.513229 2.1
    endloop
  endfacet
  facet normal 0 0 1
    outer loop
      vertex 27.3976 -1.72148 2.1
      vertex 26.0847 -2.03392 2.1
      vertex 26.1678 -2.22031 2.1
    endloop
  endfacet
  facet normal 0 0 1
    outer loop
      vertex 27.3202 0.158768 2.1
      vertex 25.9583 0.306015 2.1
      vertex 27.3099 0.0457458 2.1
    endloop
  endfacet
  facet normal 0 0 1
    outer loop
      vertex 27.3976 -1.72148 2.1
      vertex 26.1678 -2.22031 2.1
      vertex 26.2637 -2.39375 2.1
    endloop
  endfacet
  facet normal -0 0 1
    outer loop
      vertex 25.9129 0.0867004 2.1
      vertex 27.3099 0.0457458 2.1
      vertex 25.9583 0.306015 2.1
    endloop
  endfacet
  facet normal 0 0 1
    outer loop
      vertex 27.7735 -2.29689 2.1
      vertex 27.094 -3.15338 2.1
      vertex 27.2716 -3.23099 2.1
    endloop
  endfacet
  facet normal 0 0 1
    outer loop
      vertex 27.3099 0.0457458 2.1
      vertex 25.9129 0.0867004 2.1
      vertex 27.3045 -0.0726166 2.1
    endloop
  endfacet
  facet normal 0 0 1
    outer loop
      vertex 25.8804 -0.144699 2.1
      vertex 27.3045 -0.0726166 2.1
      vertex 25.9129 0.0867004 2.1
    endloop
  endfacet
  facet normal 0 0 1
    outer loop
      vertex 25.8609 -0.388229 2.1
      vertex 27.3045 -0.0726166 2.1
      vertex 25.8804 -0.144699 2.1
    endloop
  endfacet
  facet normal 0 0 1
    outer loop
      vertex 27.5804 -2.09647 2.1
      vertex 26.6274 -2.83589 2.1
      vertex 26.7719 -2.95584 2.1
    endloop
  endfacet
  facet normal 0 0 1
    outer loop
      vertex 27.3045 -0.0726166 2.1
      vertex 25.8609 -0.388229 2.1
      vertex 27.2948 -0.931946 2.1
    endloop
  endfacet
  facet normal 0 0 1
    outer loop
      vertex 27.5261 -2.01408 2.1
      vertex 26.494 -2.70184 2.1
      vertex 26.6274 -2.83589 2.1
    endloop
  endfacet
  facet normal 0 0 1
    outer loop
      vertex 27.2948 -0.931946 2.1
      vertex 25.8609 -0.388229 2.1
      vertex 25.8544 -0.643875 2.1
    endloop
  endfacet
  facet normal 0 0 1
    outer loop
      vertex 27.4347 -1.82658 2.1
      vertex 26.2637 -2.39375 2.1
      vertex 26.3725 -2.55428 2.1
    endloop
  endfacet
  facet normal 0 0 1
    outer loop
      vertex 27.7043 -2.23795 2.1
      vertex 26.9274 -3.06166 2.1
      vertex 27.094 -3.15338 2.1
    endloop
  endfacet
  facet normal 0 0 1
    outer loop
      vertex 27.4776 -1.92412 2.1
      vertex 26.3725 -2.55428 2.1
      vertex 26.494 -2.70184 2.1
    endloop
  endfacet
  facet normal 0 0 1
    outer loop
      vertex 27.64 -2.17114 2.1
      vertex 26.7719 -2.95584 2.1
      vertex 26.9274 -3.06166 2.1
    endloop
  endfacet
  facet normal 0 0 1
    outer loop
      vertex -4.33435 0.239838 2.1
      vertex -2.98839 0.469635 2.1
      vertex -3.03326 0.623962 2.1
    endloop
  endfacet
  facet normal 0 0 1
    outer loop
      vertex -4.34782 0.319244 2.1
      vertex -3.03326 0.623962 2.1
      vertex -3.08722 0.771164 2.1
    endloop
  endfacet
  facet normal 0 0 1
    outer loop
      vertex -4.36481 0.395386 2.1
      vertex -3.08722 0.771164 2.1
      vertex -3.15025 0.91124 2.1
    endloop
  endfacet
  facet normal 0 0 1
    outer loop
      vertex -4.3853 0.468262 2.1
      vertex -3.15025 0.91124 2.1
      vertex -3.22237 1.04419 2.1
    endloop
  endfacet
  facet normal 0 0 1
    outer loop
      vertex -4.40932 0.537857 2.1
      vertex -3.22237 1.04419 2.1
      vertex -3.30357 1.17001 2.1
    endloop
  endfacet
  facet normal 0 0 1
    outer loop
      vertex -4.43684 0.604187 2.1
      vertex -3.30357 1.17001 2.1
      vertex -3.39386 1.2887 2.1
    endloop
  endfacet
  facet normal 0 0 1
    outer loop
      vertex -4.4679 0.667236 2.1
      vertex -3.39386 1.2887 2.1
      vertex -3.49321 1.40027 2.1
    endloop
  endfacet
  facet normal 0 0 1
    outer loop
      vertex -4.50246 0.72702 2.1
      vertex -3.49321 1.40027 2.1
      vertex -3.60167 1.5047 2.1
    endloop
  endfacet
  facet normal 0 0 1
    outer loop
      vertex -4.54054 0.783539 2.1
      vertex -3.60167 1.5047 2.1
      vertex -3.71919 1.60201 2.1
    endloop
  endfacet
  facet normal 0 0 1
    outer loop
      vertex -4.58214 0.836792 2.1
      vertex -3.71919 1.60201 2.1
      vertex -3.84447 1.69107 2.1
    endloop
  endfacet
  facet normal 0 0 1
    outer loop
      vertex -4.62726 0.886765 2.1
      vertex -3.84447 1.69107 2.1
      vertex -3.9762 1.77075 2.1
    endloop
  endfacet
  facet normal 0 0 1
    outer loop
      vertex -4.67609 0.932693 2.1
      vertex -3.9762 1.77075 2.1
      vertex -4.11436 1.84106 2.1
    endloop
  endfacet
  facet normal 0 0 1
    outer loop
      vertex -4.72881 0.97377 2.1
      vertex -4.11436 1.84106 2.1
      vertex -4.25897 1.90199 2.1
    endloop
  endfacet
  facet normal 0 0 1
    outer loop
      vertex -3.39386 1.2887 2.1
      vertex -4.4679 0.667236 2.1
      vertex -4.43684 0.604187 2.1
    endloop
  endfacet
  facet normal 0 0 1
    outer loop
      vertex -2.98839 0.469635 2.1
      vertex -4.33435 0.239838 2.1
      vertex -2.95261 0.308167 2.1
    endloop
  endfacet
  facet normal 0 0 1
    outer loop
      vertex -3.03326 0.623962 2.1
      vertex -4.34782 0.319244 2.1
      vertex -4.33435 0.239838 2.1
    endloop
  endfacet
  facet normal 0 0 1
    outer loop
      vertex -3.08722 0.771164 2.1
      vertex -4.36481 0.395386 2.1
      vertex -4.34782 0.319244 2.1
    endloop
  endfacet
  facet normal 0 0 1
    outer loop
      vertex -3.15025 0.91124 2.1
      vertex -4.3853 0.468262 2.1
      vertex -4.36481 0.395386 2.1
    endloop
  endfacet
  facet normal 0 0 1
    outer loop
      vertex -4.78545 1.01003 2.1
      vertex -4.25897 1.90199 2.1
      vertex -4.41003 1.95355 2.1
    endloop
  endfacet
  facet normal 0 0 1
    outer loop
      vertex -3.22237 1.04419 2.1
      vertex -4.40932 0.537857 2.1
      vertex -4.3853 0.468262 2.1
    endloop
  endfacet
  facet normal 0 0 1
    outer loop
      vertex -3.30357 1.17001 2.1
      vertex -4.43684 0.604187 2.1
      vertex -4.40932 0.537857 2.1
    endloop
  endfacet
  facet normal 0 0 1
    outer loop
      vertex -3.49321 1.40027 2.1
      vertex -4.50246 0.72702 2.1
      vertex -4.4679 0.667236 2.1
    endloop
  endfacet
  facet normal 0 0 1
    outer loop
      vertex -3.60167 1.5047 2.1
      vertex -4.54054 0.783539 2.1
      vertex -4.50246 0.72702 2.1
    endloop
  endfacet
  facet normal 0 0 1
    outer loop
      vertex -4.84599 1.04146 2.1
      vertex -4.41003 1.95355 2.1
      vertex -4.56754 1.99574 2.1
    endloop
  endfacet
  facet normal 0 0 1
    outer loop
      vertex -3.71919 1.60201 2.1
      vertex -4.58214 0.836792 2.1
      vertex -4.54054 0.783539 2.1
    endloop
  endfacet
  facet normal 0 0 1
    outer loop
      vertex -3.84447 1.69107 2.1
      vertex -4.62726 0.886765 2.1
      vertex -4.58214 0.836792 2.1
    endloop
  endfacet
  facet normal 0 0 1
    outer loop
      vertex -3.9762 1.77075 2.1
      vertex -4.67609 0.932693 2.1
      vertex -4.62726 0.886765 2.1
    endloop
  endfacet
  facet normal 0 0 1
    outer loop
      vertex -4.11436 1.84106 2.1
      vertex -4.72881 0.97377 2.1
      vertex -4.67609 0.932693 2.1
    endloop
  endfacet
  facet normal 0 0 1
    outer loop
      vertex -4.91045 1.06804 2.1
      vertex -4.56754 1.99574 2.1
      vertex -4.73149 2.02855 2.1
    endloop
  endfacet
  facet normal 0 0 1
    outer loop
      vertex -4.25897 1.90199 2.1
      vertex -4.78545 1.01003 2.1
      vertex -4.72881 0.97377 2.1
    endloop
  endfacet
  facet normal 0 0 1
    outer loop
      vertex -4.41003 1.95355 2.1
      vertex -4.84599 1.04146 2.1
      vertex -4.78545 1.01003 2.1
    endloop
  endfacet
  facet normal 0 0 1
    outer loop
      vertex -4.97881 1.0898 2.1
      vertex -4.73149 2.02855 2.1
      vertex -4.90189 2.05199 2.1
    endloop
  endfacet
  facet normal 0 0 1
    outer loop
      vertex -4.56754 1.99574 2.1
      vertex -4.91045 1.06804 2.1
      vertex -4.84599 1.04146 2.1
    endloop
  endfacet
  facet normal 0 0 1
    outer loop
      vertex -4.73149 2.02855 2.1
      vertex -4.97881 1.0898 2.1
      vertex -4.91045 1.06804 2.1
    endloop
  endfacet
  facet normal 0 0 1
    outer loop
      vertex -4.90189 2.05199 2.1
      vertex -5.05107 1.10672 2.1
      vertex -4.97881 1.0898 2.1
    endloop
  endfacet
  facet normal 0 0 1
    outer loop
      vertex -5.12724 1.1188 2.1
      vertex -4.90189 2.05199 2.1
      vertex -5.07872 2.06604 2.1
    endloop
  endfacet
  facet normal 0 0 1
    outer loop
      vertex -4.90189 2.05199 2.1
      vertex -5.12724 1.1188 2.1
      vertex -5.05107 1.10672 2.1
    endloop
  endfacet
  facet normal 0 0 1
    outer loop
      vertex -5.07872 2.06604 2.1
      vertex -5.20732 1.12605 2.1
      vertex -5.12724 1.1188 2.1
    endloop
  endfacet
  facet normal 0 0 1
    outer loop
      vertex -5.26201 2.07072 2.1
      vertex -5.20732 1.12605 2.1
      vertex -5.07872 2.06604 2.1
    endloop
  endfacet
  facet normal 0 0 1
    outer loop
      vertex -5.26201 2.07072 2.1
      vertex -5.29131 1.12846 2.1
      vertex -5.20732 1.12605 2.1
    endloop
  endfacet
  facet normal -0 0 1
    outer loop
      vertex -5.49867 2.06343 2.1
      vertex -5.29131 1.12846 2.1
      vertex -5.26201 2.07072 2.1
    endloop
  endfacet
  facet normal 0 0 1
    outer loop
      vertex -5.29131 1.12846 2.1
      vertex -5.49867 2.06343 2.1
      vertex -5.49261 1.11075 2.1
    endloop
  endfacet
  facet normal -0 0 1
    outer loop
      vertex -5.72429 2.04153 2.1
      vertex -5.49261 1.11075 2.1
      vertex -5.49867 2.06343 2.1
    endloop
  endfacet
  facet normal 0 0 1
    outer loop
      vertex -5.49261 1.11075 2.1
      vertex -5.72429 2.04153 2.1
      vertex -5.67273 1.05757 2.1
    endloop
  endfacet
  facet normal -0 0 1
    outer loop
      vertex -5.93889 2.00504 2.1
      vertex -5.67273 1.05757 2.1
      vertex -5.72429 2.04153 2.1
    endloop
  endfacet
  facet normal -0 0 1
    outer loop
      vertex -6.14244 1.95393 2.1
      vertex -5.67273 1.05757 2.1
      vertex -5.93889 2.00504 2.1
    endloop
  endfacet
  facet normal 0 0 1
    outer loop
      vertex -5.67273 1.05757 2.1
      vertex -6.14244 1.95393 2.1
      vertex -5.83165 0.968948 2.1
    endloop
  endfacet
  facet normal -0 0 1
    outer loop
      vertex -6.33496 1.88824 2.1
      vertex -5.83165 0.968948 2.1
      vertex -6.14244 1.95393 2.1
    endloop
  endfacet
  facet normal -0 0 1
    outer loop
      vertex -6.51645 1.80795 2.1
      vertex -5.83165 0.968948 2.1
      vertex -6.33496 1.88824 2.1
    endloop
  endfacet
  facet normal 0 0 1
    outer loop
      vertex -5.83165 0.968948 2.1
      vertex -6.51645 1.80795 2.1
      vertex -5.96938 0.844894 2.1
    endloop
  endfacet
  facet normal -0 0 1
    outer loop
      vertex -6.6869 1.71306 2.1
      vertex -5.96938 0.844894 2.1
      vertex -6.51645 1.80795 2.1
    endloop
  endfacet
  facet normal -0 0 1
    outer loop
      vertex -6.84633 1.60358 2.1
      vertex -5.96938 0.844894 2.1
      vertex -6.6869 1.71306 2.1
    endloop
  endfacet
  facet normal 0 0 1
    outer loop
      vertex -5.96938 0.844894 2.1
      vertex -6.84633 1.60358 2.1
      vertex -6.08592 0.685379 2.1
    endloop
  endfacet
  facet normal -0 0 1
    outer loop
      vertex -6.99471 1.47948 2.1
      vertex -6.08592 0.685379 2.1
      vertex -6.84633 1.60358 2.1
    endloop
  endfacet
  facet normal -0 0 1
    outer loop
      vertex -7.13206 1.34079 2.1
      vertex -6.08592 0.685379 2.1
      vertex -6.99471 1.47948 2.1
    endloop
  endfacet
  facet normal 0 0 1
    outer loop
      vertex -6.08592 0.685379 2.1
      vertex -7.13206 1.34079 2.1
      vertex -6.18127 0.490417 2.1
    endloop
  endfacet
  facet normal 0 0 1
    outer loop
      vertex -4.29036 -1.48857 2.1
      vertex -2.93057 -1.65924 2.1
      vertex -2.91351 -1.552 2.1
    endloop
  endfacet
  facet normal 0 0 1
    outer loop
      vertex -2.93057 -1.65924 2.1
      vertex -4.29036 -1.48857 2.1
      vertex -2.95247 -1.76413 2.1
    endloop
  endfacet
  facet normal 0 0 1
    outer loop
      vertex -2.95247 -1.76413 2.1
      vertex -4.29036 -1.48857 2.1
      vertex -2.9792 -1.86667 2.1
    endloop
  endfacet
  facet normal -0 0 1
    outer loop
      vertex -4.30507 -1.5838 2.1
      vertex -2.9792 -1.86667 2.1
      vertex -4.29036 -1.48857 2.1
    endloop
  endfacet
  facet normal -0 0 1
    outer loop
      vertex -4.32378 -1.67419 2.1
      vertex -3.01076 -1.96686 2.1
      vertex -4.30507 -1.5838 2.1
    endloop
  endfacet
  facet normal 0 0 1
    outer loop
      vertex -3.01076 -1.96686 2.1
      vertex -4.32378 -1.67419 2.1
      vertex -3.04716 -2.06471 2.1
    endloop
  endfacet
  facet normal 0 0 1
    outer loop
      vertex -3.04716 -2.06471 2.1
      vertex -4.32378 -1.67419 2.1
      vertex -3.08839 -2.16023 2.1
    endloop
  endfacet
  facet normal -0 0 1
    outer loop
      vertex -4.34648 -1.75977 2.1
      vertex -3.08839 -2.16023 2.1
      vertex -4.32378 -1.67419 2.1
    endloop
  endfacet
  facet normal 0 0 1
    outer loop
      vertex -3.13446 -2.25339 2.1
      vertex -4.34648 -1.75977 2.1
      vertex -3.18536 -2.34421 2.1
    endloop
  endfacet
  facet normal -0 0 1
    outer loop
      vertex -4.3732 -1.8405 2.1
      vertex -3.18536 -2.34421 2.1
      vertex -4.34648 -1.75977 2.1
    endloop
  endfacet
  facet normal 0 0 1
    outer loop
      vertex -3.18536 -2.34421 2.1
      vertex -4.3732 -1.8405 2.1
      vertex -3.24109 -2.43269 2.1
    endloop
  endfacet
  facet normal -0 0 1
    outer loop
      vertex -4.40392 -1.9164 2.1
      vertex -3.30167 -2.51883 2.1
      vertex -4.3732 -1.8405 2.1
    endloop
  endfacet
  facet normal 0 0 1
    outer loop
      vertex -3.30167 -2.51883 2.1
      vertex -4.40392 -1.9164 2.1
      vertex -3.36662 -2.60184 2.1
    endloop
  endfacet
  facet normal -0 0 1
    outer loop
      vertex -4.43863 -1.98747 2.1
      vertex -3.36662 -2.60184 2.1
      vertex -4.40392 -1.9164 2.1
    endloop
  endfacet
  facet normal 0 0 1
    outer loop
      vertex -3.43555 -2.681 2.1
      vertex -4.43863 -1.98747 2.1
      vertex -3.50842 -2.7563 2.1
    endloop
  endfacet
  facet normal -0 0 1
    outer loop
      vertex -4.47736 -2.0537 2.1
      vertex -3.50842 -2.7563 2.1
      vertex -4.43863 -1.98747 2.1
    endloop
  endfacet
  facet normal 0 0 1
    outer loop
      vertex -3.50842 -2.7563 2.1
      vertex -4.47736 -2.0537 2.1
      vertex -3.58525 -2.82776 2.1
    endloop
  endfacet
  facet normal -0 0 1
    outer loop
      vertex -4.52008 -2.1151 2.1
      vertex -3.66603 -2.89534 2.1
      vertex -4.47736 -2.0537 2.1
    endloop
  endfacet
  facet normal 0 0 1
    outer loop
      vertex -3.66603 -2.89534 2.1
      vertex -4.52008 -2.1151 2.1
      vertex -3.75078 -2.95908 2.1
    endloop
  endfacet
  facet normal -0 0 1
    outer loop
      vertex -4.5668 -2.17168 2.1
      vertex -3.75078 -2.95908 2.1
      vertex -4.52008 -2.1151 2.1
    endloop
  endfacet
  facet normal 0 0 1
    outer loop
      vertex -2.9792 -1.86667 2.1
      vertex -4.30507 -1.5838 2.1
      vertex -3.01076 -1.96686 2.1
    endloop
  endfacet
  facet normal 0 0 1
    outer loop
      vertex -3.08839 -2.16023 2.1
      vertex -4.34648 -1.75977 2.1
      vertex -3.13446 -2.25339 2.1
    endloop
  endfacet
  facet normal 0 0 1
    outer loop
      vertex -3.24109 -2.43269 2.1
      vertex -4.3732 -1.8405 2.1
      vertex -3.30167 -2.51883 2.1
    endloop
  endfacet
  facet normal 0 0 1
    outer loop
      vertex -3.36662 -2.60184 2.1
      vertex -4.43863 -1.98747 2.1
      vertex -3.43555 -2.681 2.1
    endloop
  endfacet
  facet normal 0 0 1
    outer loop
      vertex -3.58525 -2.82776 2.1
      vertex -4.47736 -2.0537 2.1
      vertex -3.66603 -2.89534 2.1
    endloop
  endfacet
  facet normal 0 0 1
    outer loop
      vertex -3.75078 -2.95908 2.1
      vertex -4.5668 -2.17168 2.1
      vertex -3.83948 -3.01897 2.1
    endloop
  endfacet
  facet normal 0 0 1
    outer loop
      vertex -3.83948 -3.01897 2.1
      vertex -4.5668 -2.17168 2.1
      vertex -3.93213 -3.07498 2.1
    endloop
  endfacet
  facet normal -0 0 1
    outer loop
      vertex -4.61754 -2.2234 2.1
      vertex -3.93213 -3.07498 2.1
      vertex -4.5668 -2.17168 2.1
    endloop
  endfacet
  facet normal 0 0 1
    outer loop
      vertex -3.93213 -3.07498 2.1
      vertex -4.61754 -2.2234 2.1
      vertex -4.02873 -3.12715 2.1
    endloop
  endfacet
  facet normal -0 0 1
    outer loop
      vertex -4.67154 -2.27025 2.1
      vertex -4.02873 -3.12715 2.1
      vertex -4.61754 -2.2234 2.1
    endloop
  endfacet
  facet normal 0 0 1
    outer loop
      vertex -4.02873 -3.12715 2.1
      vertex -4.67154 -2.27025 2.1
      vertex -4.1293 -3.17546 2.1
    endloop
  endfacet
  facet normal 0 0 1
    outer loop
      vertex -4.1293 -3.17546 2.1
      vertex -4.67154 -2.27025 2.1
      vertex -4.23309 -3.21953 2.1
    endloop
  endfacet
  facet normal -0 0 1
    outer loop
      vertex -4.72807 -2.31215 2.1
      vertex -4.23309 -3.21953 2.1
      vertex -4.67154 -2.27025 2.1
    endloop
  endfacet
  facet normal 0 0 1
    outer loop
      vertex -4.23309 -3.21953 2.1
      vertex -4.72807 -2.31215 2.1
      vertex -4.33943 -3.25896 2.1
    endloop
  endfacet
  facet normal -0 0 1
    outer loop
      vertex -4.78716 -2.34914 2.1
      vertex -4.33943 -3.25896 2.1
      vertex -4.72807 -2.31215 2.1
    endloop
  endfacet
  facet normal 0 0 1
    outer loop
      vertex -4.33943 -3.25896 2.1
      vertex -4.78716 -2.34914 2.1
      vertex -4.4483 -3.29373 2.1
    endloop
  endfacet
  facet normal -0 0 1
    outer loop
      vertex -4.84877 -2.38118 2.1
      vertex -4.4483 -3.29373 2.1
      vertex -4.78716 -2.34914 2.1
    endloop
  endfacet
  facet normal 0 0 1
    outer loop
      vertex -4.4483 -3.29373 2.1
      vertex -4.84877 -2.38118 2.1
      vertex -4.55972 -3.32388 2.1
    endloop
  endfacet
  facet normal -0 0 1
    outer loop
      vertex -4.91293 -2.40831 2.1
      vertex -4.55972 -3.32388 2.1
      vertex -4.84877 -2.38118 2.1
    endloop
  endfacet
  facet normal 0 0 1
    outer loop
      vertex -4.55972 -3.32388 2.1
      vertex -4.91293 -2.40831 2.1
      vertex -4.67368 -3.3494 2.1
    endloop
  endfacet
  facet normal -0 0 1
    outer loop
      vertex -4.97963 -2.4305 2.1
      vertex -4.67368 -3.3494 2.1
      vertex -4.91293 -2.40831 2.1
    endloop
  endfacet
  facet normal 0 0 1
    outer loop
      vertex -4.67368 -3.3494 2.1
      vertex -4.97963 -2.4305 2.1
      vertex -4.79016 -3.37027 2.1
    endloop
  endfacet
  facet normal -0 0 1
    outer loop
      vertex -5.04886 -2.44775 2.1
      vertex -4.79016 -3.37027 2.1
      vertex -4.97963 -2.4305 2.1
    endloop
  endfacet
  facet normal 0 0 1
    outer loop
      vertex -4.79016 -3.37027 2.1
      vertex -5.04886 -2.44775 2.1
      vertex -4.90919 -3.38651 2.1
    endloop
  endfacet
  facet normal -0 0 1
    outer loop
      vertex -5.12064 -2.46007 2.1
      vertex -4.90919 -3.38651 2.1
      vertex -5.04886 -2.44775 2.1
    endloop
  endfacet
  facet normal 0 0 1
    outer loop
      vertex -4.90919 -3.38651 2.1
      vertex -5.12064 -2.46007 2.1
      vertex -5.03076 -3.3981 2.1
    endloop
  endfacet
  facet normal -0 0 1
    outer loop
      vertex -5.19495 -2.46747 2.1
      vertex -5.03076 -3.3981 2.1
      vertex -5.12064 -2.46007 2.1
    endloop
  endfacet
  facet normal 0 0 1
    outer loop
      vertex -5.03076 -3.3981 2.1
      vertex -5.19495 -2.46747 2.1
      vertex -5.15488 -3.40506 2.1
    endloop
  endfacet
  facet normal -0 0 1
    outer loop
      vertex -5.2718 -2.46994 2.1
      vertex -5.15488 -3.40506 2.1
      vertex -5.19495 -2.46747 2.1
    endloop
  endfacet
  facet normal 0 0 1
    outer loop
      vertex -5.2718 -2.46994 2.1
      vertex -5.28152 -3.40738 2.1
      vertex -5.15488 -3.40506 2.1
    endloop
  endfacet
  facet normal 0 0 1
    outer loop
      vertex -5.51627 -3.40022 2.1
      vertex -5.2718 -2.46994 2.1
      vertex -5.47681 -2.45168 2.1
    endloop
  endfacet
  facet normal 0 0 1
    outer loop
      vertex -5.2718 -2.46994 2.1
      vertex -5.51627 -3.40022 2.1
      vertex -5.28152 -3.40738 2.1
    endloop
  endfacet
  facet normal 0 0 1
    outer loop
      vertex -5.74008 -3.37877 2.1
      vertex -5.47681 -2.45168 2.1
      vertex -5.66023 -2.3969 2.1
    endloop
  endfacet
  facet normal 0 0 1
    outer loop
      vertex -5.47681 -2.45168 2.1
      vertex -5.74008 -3.37877 2.1
      vertex -5.51627 -3.40022 2.1
    endloop
  endfacet
  facet normal 0 0 1
    outer loop
      vertex -6.15491 -3.29294 2.1
      vertex -5.66023 -2.3969 2.1
      vertex -5.82208 -2.30559 2.1
    endloop
  endfacet
  facet normal 0 0 1
    outer loop
      vertex -5.66023 -2.3969 2.1
      vertex -5.95297 -3.343 2.1
      vertex -5.74008 -3.37877 2.1
    endloop
  endfacet
  facet normal 0 0 1
    outer loop
      vertex -6.52599 -3.14989 2.1
      vertex -5.82208 -2.30559 2.1
      vertex -5.96236 -2.17776 2.1
    endloop
  endfacet
  facet normal 0 0 1
    outer loop
      vertex -6.8533 -2.94962 2.1
      vertex -5.96236 -2.17776 2.1
      vertex -6.08104 -2.01341 2.1
    endloop
  endfacet
  facet normal 0 0 1
    outer loop
      vertex -5.66023 -2.3969 2.1
      vertex -6.15491 -3.29294 2.1
      vertex -5.95297 -3.343 2.1
    endloop
  endfacet
  facet normal 0 0 1
    outer loop
      vertex -7.2612 -2.54343 2.1
      vertex -6.08104 -2.01341 2.1
      vertex -6.17815 -1.81255 2.1
    endloop
  endfacet
  facet normal 0 0 1
    outer loop
      vertex -7.47057 -2.21219 2.1
      vertex -6.17815 -1.81255 2.1
      vertex -6.25368 -1.57516 2.1
    endloop
  endfacet
  facet normal 0 0 1
    outer loop
      vertex -7.62758 -1.83583 2.1
      vertex -6.25368 -1.57516 2.1
      vertex -6.30763 -1.30125 2.1
    endloop
  endfacet
  facet normal 0 0 1
    outer loop
      vertex -7.73227 -1.41437 2.1
      vertex -6.30763 -1.30125 2.1
      vertex -6.34 -0.990829 2.1
    endloop
  endfacet
  facet normal 0 0 1
    outer loop
      vertex -5.82208 -2.30559 2.1
      vertex -6.34592 -3.22856 2.1
      vertex -6.15491 -3.29294 2.1
    endloop
  endfacet
  facet normal -0 0 1
    outer loop
      vertex -7.78461 -0.947784 2.1
      vertex -6.34 -0.990829 2.1
      vertex -6.35078 -0.643875 2.1
    endloop
  endfacet
  facet normal -0 0 1
    outer loop
      vertex -7.25729 1.18903 2.1
      vertex -6.18127 0.490417 2.1
      vertex -7.13206 1.34079 2.1
    endloop
  endfacet
  facet normal 0 0 1
    outer loop
      vertex -7.79115 -0.697586 2.1
      vertex -6.35078 -0.643875 2.1
      vertex -7.78456 -0.441681 2.1
    endloop
  endfacet
  facet normal -0 0 1
    outer loop
      vertex -7.36934 1.02568 2.1
      vertex -6.18127 0.490417 2.1
      vertex -7.25729 1.18903 2.1
    endloop
  endfacet
  facet normal 0 -0 1
    outer loop
      vertex -7.78461 -0.947784 2.1
      vertex -6.35078 -0.643875 2.1
      vertex -7.79115 -0.697586 2.1
    endloop
  endfacet
  facet normal -0 0 1
    outer loop
      vertex -7.4682 0.850769 2.1
      vertex -6.18127 0.490417 2.1
      vertex -7.36934 1.02568 2.1
    endloop
  endfacet
  facet normal 0 0 1
    outer loop
      vertex -6.34 -0.990829 2.1
      vertex -7.78461 -0.947784 2.1
      vertex -7.76498 -1.18672 2.1
    endloop
  endfacet
  facet normal 0 0 1
    outer loop
      vertex -6.18127 0.490417 2.1
      vertex -7.4682 0.850769 2.1
      vertex -6.25543 0.26001 2.1
    endloop
  endfacet
  facet normal 0 0 1
    outer loop
      vertex -6.34 -0.990829 2.1
      vertex -7.76498 -1.18672 2.1
      vertex -7.73227 -1.41437 2.1
    endloop
  endfacet
  facet normal -0 0 1
    outer loop
      vertex -7.55388 0.664276 2.1
      vertex -6.25543 0.26001 2.1
      vertex -7.4682 0.850769 2.1
    endloop
  endfacet
  facet normal 0 0 1
    outer loop
      vertex -6.30763 -1.30125 2.1
      vertex -7.73227 -1.41437 2.1
      vertex -7.68646 -1.63074 2.1
    endloop
  endfacet
  facet normal -0 0 1
    outer loop
      vertex -7.62637 0.466232 2.1
      vertex -6.25543 0.26001 2.1
      vertex -7.55388 0.664276 2.1
    endloop
  endfacet
  facet normal 0 0 1
    outer loop
      vertex -6.30763 -1.30125 2.1
      vertex -7.68646 -1.63074 2.1
      vertex -7.62758 -1.83583 2.1
    endloop
  endfacet
  facet normal 0 0 1
    outer loop
      vertex -6.25543 0.26001 2.1
      vertex -7.62637 0.466232 2.1
      vertex -6.30841 -0.00582886 2.1
    endloop
  endfacet
  facet normal 0 0 1
    outer loop
      vertex -6.25368 -1.57516 2.1
      vertex -7.62758 -1.83583 2.1
      vertex -7.55562 -2.02965 2.1
    endloop
  endfacet
  facet normal -0 0 1
    outer loop
      vertex -7.6857 0.256607 2.1
      vertex -6.30841 -0.00582886 2.1
      vertex -7.62637 0.466232 2.1
    endloop
  endfacet
  facet normal 0 0 1
    outer loop
      vertex -5.82208 -2.30559 2.1
      vertex -6.52599 -3.14989 2.1
      vertex -6.34592 -3.22856 2.1
    endloop
  endfacet
  facet normal -0 0 1
    outer loop
      vertex -7.73183 0.0354156 2.1
      vertex -6.30841 -0.00582886 2.1
      vertex -7.6857 0.256607 2.1
    endloop
  endfacet
  facet normal 0 0 1
    outer loop
      vertex -5.96236 -2.17776 2.1
      vertex -6.69511 -3.0569 2.1
      vertex -6.52599 -3.14989 2.1
    endloop
  endfacet
  facet normal 0 0 1
    outer loop
      vertex -6.30841 -0.00582886 2.1
      vertex -7.73183 0.0354156 2.1
      vertex -6.34019 -0.307129 2.1
    endloop
  endfacet
  facet normal 0 0 1
    outer loop
      vertex -5.96236 -2.17776 2.1
      vertex -6.8533 -2.94962 2.1
      vertex -6.69511 -3.0569 2.1
    endloop
  endfacet
  facet normal -0 0 1
    outer loop
      vertex -7.76479 -0.197342 2.1
      vertex -6.34019 -0.307129 2.1
      vertex -7.73183 0.0354156 2.1
    endloop
  endfacet
  facet normal 0 0 1
    outer loop
      vertex -7.78456 -0.441681 2.1
      vertex -6.34019 -0.307129 2.1
      vertex -7.76479 -0.197342 2.1
    endloop
  endfacet
  facet normal 0 0 1
    outer loop
      vertex -6.34019 -0.307129 2.1
      vertex -7.78456 -0.441681 2.1
      vertex -6.35078 -0.643875 2.1
    endloop
  endfacet
  facet normal 0 0 1
    outer loop
      vertex -6.08104 -2.01341 2.1
      vertex -7.00056 -2.82802 2.1
      vertex -6.8533 -2.94962 2.1
    endloop
  endfacet
  facet normal 0 0 1
    outer loop
      vertex -6.08104 -2.01341 2.1
      vertex -7.13689 -2.69212 2.1
      vertex -7.00056 -2.82802 2.1
    endloop
  endfacet
  facet normal 0 0 1
    outer loop
      vertex -6.08104 -2.01341 2.1
      vertex -7.2612 -2.54343 2.1
      vertex -7.13689 -2.69212 2.1
    endloop
  endfacet
  facet normal 0 0 1
    outer loop
      vertex -6.25368 -1.57516 2.1
      vertex -7.55562 -2.02965 2.1
      vertex -7.47057 -2.21219 2.1
    endloop
  endfacet
  facet normal 0 0 1
    outer loop
      vertex -6.17815 -1.81255 2.1
      vertex -7.37242 -2.38344 2.1
      vertex -7.2612 -2.54343 2.1
    endloop
  endfacet
  facet normal 0 0 1
    outer loop
      vertex -6.17815 -1.81255 2.1
      vertex -7.47057 -2.21219 2.1
      vertex -7.37242 -2.38344 2.1
    endloop
  endfacet
  facet normal 0 0 1
    outer loop
      vertex -27.0484 -4.33557 2.1
      vertex -29.9351 -9.49812 2.1
      vertex -26.8086 -4.49463 2.1
    endloop
  endfacet
  facet normal 0 0 1
    outer loop
      vertex -30.4418 -9.16202 2.1
      vertex -27.0484 -4.33557 2.1
      vertex -27.2792 -4.16376 2.1
    endloop
  endfacet
  facet normal 0 0 1
    outer loop
      vertex -30.9296 -8.79889 2.1
      vertex -27.2792 -4.16376 2.1
      vertex -27.5003 -3.97964 2.1
    endloop
  endfacet
  facet normal 0 0 1
    outer loop
      vertex -31.3969 -8.40984 2.1
      vertex -27.5003 -3.97964 2.1
      vertex -27.7112 -3.78381 2.1
    endloop
  endfacet
  facet normal 0 0 1
    outer loop
      vertex -31.8424 -7.996 2.1
      vertex -27.7112 -3.78381 2.1
      vertex -27.911 -3.57683 2.1
    endloop
  endfacet
  facet normal 0 0 1
    outer loop
      vertex -32.2648 -7.55858 2.1
      vertex -27.911 -3.57683 2.1
      vertex -28.0994 -3.3593 2.1
    endloop
  endfacet
  facet normal 0 0 1
    outer loop
      vertex -32.6629 -7.09889 2.1
      vertex -28.0994 -3.3593 2.1
      vertex -28.2757 -3.13185 2.1
    endloop
  endfacet
  facet normal 0 0 1
    outer loop
      vertex -33.0354 -6.61827 2.1
      vertex -28.2757 -3.13185 2.1
      vertex -28.4393 -2.89519 2.1
    endloop
  endfacet
  facet normal 0 0 1
    outer loop
      vertex -33.3813 -6.11815 2.1
      vertex -28.4393 -2.89519 2.1
      vertex -28.5899 -2.64999 2.1
    endloop
  endfacet
  facet normal 0 0 1
    outer loop
      vertex -33.6995 -5.59999 2.1
      vertex -28.5899 -2.64999 2.1
      vertex -28.727 -2.39697 2.1
    endloop
  endfacet
  facet normal 0 0 1
    outer loop
      vertex -33.9891 -5.06532 2.1
      vertex -28.727 -2.39697 2.1
      vertex -28.8501 -2.1369 2.1
    endloop
  endfacet
  facet normal 0 0 1
    outer loop
      vertex -34.2493 -4.51573 2.1
      vertex -28.8501 -2.1369 2.1
      vertex -28.9589 -1.87051 2.1
    endloop
  endfacet
  facet normal 0 0 1
    outer loop
      vertex -34.4793 -3.95282 2.1
      vertex -28.9589 -1.87051 2.1
      vertex -29.0531 -1.59863 2.1
    endloop
  endfacet
  facet normal 0 0 1
    outer loop
      vertex -34.6783 -3.37827 2.1
      vertex -29.0531 -1.59863 2.1
      vertex -29.1325 -1.32204 2.1
    endloop
  endfacet
  facet normal 0 0 1
    outer loop
      vertex -34.8459 -2.79373 2.1
      vertex -29.1325 -1.32204 2.1
      vertex -29.1966 -1.04153 2.1
    endloop
  endfacet
  facet normal 0 0 1
    outer loop
      vertex -34.9816 -2.20099 2.1
      vertex -29.1966 -1.04153 2.1
      vertex -29.2455 -0.757965 2.1
    endloop
  endfacet
  facet normal 0 0 1
    outer loop
      vertex -35.0849 -1.60175 2.1
      vertex -29.2455 -0.757965 2.1
      vertex -29.2789 -0.472168 2.1
    endloop
  endfacet
  facet normal 0 0 1
    outer loop
      vertex -35.1555 -0.997772 2.1
      vertex -29.2789 -0.472168 2.1
      vertex -29.2968 -0.184967 2.1
    endloop
  endfacet
  facet normal 0 0 1
    outer loop
      vertex -27.0484 -4.33557 2.1
      vertex -30.4418 -9.16202 2.1
      vertex -29.9351 -9.49812 2.1
    endloop
  endfacet
  facet normal 0 0 1
    outer loop
      vertex -27.2792 -4.16376 2.1
      vertex -30.9296 -8.79889 2.1
      vertex -30.4418 -9.16202 2.1
    endloop
  endfacet
  facet normal 0 0 1
    outer loop
      vertex -27.5003 -3.97964 2.1
      vertex -31.3969 -8.40984 2.1
      vertex -30.9296 -8.79889 2.1
    endloop
  endfacet
  facet normal 0 0 1
    outer loop
      vertex -27.7112 -3.78381 2.1
      vertex -31.8424 -7.996 2.1
      vertex -31.3969 -8.40984 2.1
    endloop
  endfacet
  facet normal 0 0 1
    outer loop
      vertex -27.911 -3.57683 2.1
      vertex -32.2648 -7.55858 2.1
      vertex -31.8424 -7.996 2.1
    endloop
  endfacet
  facet normal 0 0 1
    outer loop
      vertex -28.0994 -3.3593 2.1
      vertex -32.6629 -7.09889 2.1
      vertex -32.2648 -7.55858 2.1
    endloop
  endfacet
  facet normal 0 0 1
    outer loop
      vertex -28.2757 -3.13185 2.1
      vertex -33.0354 -6.61827 2.1
      vertex -32.6629 -7.09889 2.1
    endloop
  endfacet
  facet normal 0 0 1
    outer loop
      vertex -28.4393 -2.89519 2.1
      vertex -33.3813 -6.11815 2.1
      vertex -33.0354 -6.61827 2.1
    endloop
  endfacet
  facet normal 0 0 1
    outer loop
      vertex -28.5899 -2.64999 2.1
      vertex -33.6995 -5.59999 2.1
      vertex -33.3813 -6.11815 2.1
    endloop
  endfacet
  facet normal 0 0 1
    outer loop
      vertex -28.727 -2.39697 2.1
      vertex -33.9891 -5.06532 2.1
      vertex -33.6995 -5.59999 2.1
    endloop
  endfacet
  facet normal 0 0 1
    outer loop
      vertex -28.8501 -2.1369 2.1
      vertex -34.2493 -4.51573 2.1
      vertex -33.9891 -5.06532 2.1
    endloop
  endfacet
  facet normal 0 0 1
    outer loop
      vertex -28.9589 -1.87051 2.1
      vertex -34.4793 -3.95282 2.1
      vertex -34.2493 -4.51573 2.1
    endloop
  endfacet
  facet normal 0 0 1
    outer loop
      vertex -29.0531 -1.59863 2.1
      vertex -34.6783 -3.37827 2.1
      vertex -34.4793 -3.95282 2.1
    endloop
  endfacet
  facet normal 0 0 1
    outer loop
      vertex -29.1325 -1.32204 2.1
      vertex -34.8459 -2.79373 2.1
      vertex -34.6783 -3.37827 2.1
    endloop
  endfacet
  facet normal 0 0 1
    outer loop
      vertex -29.1966 -1.04153 2.1
      vertex -34.9816 -2.20099 2.1
      vertex -34.8459 -2.79373 2.1
    endloop
  endfacet
  facet normal 0 0 1
    outer loop
      vertex -29.2455 -0.757965 2.1
      vertex -35.0849 -1.60175 2.1
      vertex -34.9816 -2.20099 2.1
    endloop
  endfacet
  facet normal 0 0 1
    outer loop
      vertex -29.2789 -0.472168 2.1
      vertex -35.1555 -0.997772 2.1
      vertex -35.0849 -1.60175 2.1
    endloop
  endfacet
  facet normal 0 -0 1
    outer loop
      vertex -35.1555 -0.997772 2.1
      vertex -29.2968 -0.184967 2.1
      vertex -35.1932 -0.390869 2.1
    endloop
  endfacet
  facet normal -0 0 1
    outer loop
      vertex -18.7211 -0.472168 2.1
      vertex -12.8445 -0.997772 2.1
      vertex -12.8068 -0.390869 2.1
    endloop
  endfacet
  facet normal 0 0 1
    outer loop
      vertex -12.8445 -0.997772 2.1
      vertex -18.7211 -0.472168 2.1
      vertex -12.9151 -1.60175 2.1
    endloop
  endfacet
  facet normal 0 0 1
    outer loop
      vertex -12.9151 -1.60175 2.1
      vertex -18.7545 -0.757965 2.1
      vertex -13.0184 -2.20099 2.1
    endloop
  endfacet
  facet normal -0 0 1
    outer loop
      vertex -18.8034 -1.04153 2.1
      vertex -13.0184 -2.20099 2.1
      vertex -18.7545 -0.757965 2.1
    endloop
  endfacet
  facet normal -0 0 1
    outer loop
      vertex -18.8675 -1.32204 2.1
      vertex -13.1541 -2.79373 2.1
      vertex -18.8034 -1.04153 2.1
    endloop
  endfacet
  facet normal 0 0 1
    outer loop
      vertex -13.1541 -2.79373 2.1
      vertex -18.8675 -1.32204 2.1
      vertex -13.3217 -3.37827 2.1
    endloop
  endfacet
  facet normal 0 0 1
    outer loop
      vertex -13.3217 -3.37827 2.1
      vertex -18.9469 -1.59863 2.1
      vertex -13.5207 -3.95282 2.1
    endloop
  endfacet
  facet normal -0 0 1
    outer loop
      vertex -19.0411 -1.87051 2.1
      vertex -13.5207 -3.95282 2.1
      vertex -18.9469 -1.59863 2.1
    endloop
  endfacet
  facet normal -0 0 1
    outer loop
      vertex -19.1499 -2.1369 2.1
      vertex -13.7507 -4.51573 2.1
      vertex -19.0411 -1.87051 2.1
    endloop
  endfacet
  facet normal 0 0 1
    outer loop
      vertex -13.7507 -4.51573 2.1
      vertex -19.1499 -2.1369 2.1
      vertex -14.0109 -5.06532 2.1
    endloop
  endfacet
  facet normal 0 0 1
    outer loop
      vertex -14.0109 -5.06532 2.1
      vertex -19.273 -2.39697 2.1
      vertex -14.3005 -5.59999 2.1
    endloop
  endfacet
  facet normal -0 0 1
    outer loop
      vertex -19.4101 -2.64999 2.1
      vertex -14.3005 -5.59999 2.1
      vertex -19.273 -2.39697 2.1
    endloop
  endfacet
  facet normal -0 0 1
    outer loop
      vertex -19.5607 -2.89519 2.1
      vertex -14.6187 -6.11815 2.1
      vertex -19.4101 -2.64999 2.1
    endloop
  endfacet
  facet normal 0 0 1
    outer loop
      vertex -14.6187 -6.11815 2.1
      vertex -19.5607 -2.89519 2.1
      vertex -14.9646 -6.61827 2.1
    endloop
  endfacet
  facet normal 0 0 1
    outer loop
      vertex -14.9646 -6.61827 2.1
      vertex -19.7243 -3.13185 2.1
      vertex -15.3371 -7.09889 2.1
    endloop
  endfacet
  facet normal -0 0 1
    outer loop
      vertex -19.9006 -3.3593 2.1
      vertex -15.3371 -7.09889 2.1
      vertex -19.7243 -3.13185 2.1
    endloop
  endfacet
  facet normal -0 0 1
    outer loop
      vertex -20.089 -3.57683 2.1
      vertex -15.7352 -7.55858 2.1
      vertex -19.9006 -3.3593 2.1
    endloop
  endfacet
  facet normal 0 0 1
    outer loop
      vertex -18.7211 -0.472168 2.1
      vertex -12.8068 -0.390869 2.1
      vertex -18.7032 -0.184967 2.1
    endloop
  endfacet
  facet normal 0 0 1
    outer loop
      vertex -12.9151 -1.60175 2.1
      vertex -18.7211 -0.472168 2.1
      vertex -18.7545 -0.757965 2.1
    endloop
  endfacet
  facet normal 0 0 1
    outer loop
      vertex -13.0184 -2.20099 2.1
      vertex -18.8034 -1.04153 2.1
      vertex -13.1541 -2.79373 2.1
    endloop
  endfacet
  facet normal -0 0 1
    outer loop
      vertex -18.9469 -1.59863 2.1
      vertex -13.3217 -3.37827 2.1
      vertex -18.8675 -1.32204 2.1
    endloop
  endfacet
  facet normal 0 0 1
    outer loop
      vertex -13.5207 -3.95282 2.1
      vertex -19.0411 -1.87051 2.1
      vertex -13.7507 -4.51573 2.1
    endloop
  endfacet
  facet normal -0 0 1
    outer loop
      vertex -19.273 -2.39697 2.1
      vertex -14.0109 -5.06532 2.1
      vertex -19.1499 -2.1369 2.1
    endloop
  endfacet
  facet normal 0 0 1
    outer loop
      vertex -14.3005 -5.59999 2.1
      vertex -19.4101 -2.64999 2.1
      vertex -14.6187 -6.11815 2.1
    endloop
  endfacet
  facet normal -0 0 1
    outer loop
      vertex -19.7243 -3.13185 2.1
      vertex -14.9646 -6.61827 2.1
      vertex -19.5607 -2.89519 2.1
    endloop
  endfacet
  facet normal 0 0 1
    outer loop
      vertex -15.3371 -7.09889 2.1
      vertex -19.9006 -3.3593 2.1
      vertex -15.7352 -7.55858 2.1
    endloop
  endfacet
  facet normal 0 0 1
    outer loop
      vertex -15.7352 -7.55858 2.1
      vertex -20.089 -3.57683 2.1
      vertex -16.1576 -7.996 2.1
    endloop
  endfacet
  facet normal -0 0 1
    outer loop
      vertex -20.2888 -3.78381 2.1
      vertex -16.1576 -7.996 2.1
      vertex -20.089 -3.57683 2.1
    endloop
  endfacet
  facet normal 0 0 1
    outer loop
      vertex -16.1576 -7.996 2.1
      vertex -20.2888 -3.78381 2.1
      vertex -16.6031 -8.40984 2.1
    endloop
  endfacet
  facet normal -0 0 1
    outer loop
      vertex -20.4997 -3.97964 2.1
      vertex -16.6031 -8.40984 2.1
      vertex -20.2888 -3.78381 2.1
    endloop
  endfacet
  facet normal 0 0 1
    outer loop
      vertex -16.6031 -8.40984 2.1
      vertex -20.4997 -3.97964 2.1
      vertex -17.0704 -8.79889 2.1
    endloop
  endfacet
  facet normal -0 0 1
    outer loop
      vertex -20.7208 -4.16376 2.1
      vertex -17.0704 -8.79889 2.1
      vertex -20.4997 -3.97964 2.1
    endloop
  endfacet
  facet normal 0 0 1
    outer loop
      vertex -17.0704 -8.79889 2.1
      vertex -20.7208 -4.16376 2.1
      vertex -17.5582 -9.16202 2.1
    endloop
  endfacet
  facet normal -0 0 1
    outer loop
      vertex -20.9516 -4.33557 2.1
      vertex -17.5582 -9.16202 2.1
      vertex -20.7208 -4.16376 2.1
    endloop
  endfacet
  facet normal 0 0 1
    outer loop
      vertex -17.5582 -9.16202 2.1
      vertex -20.9516 -4.33557 2.1
      vertex -18.0649 -9.49812 2.1
    endloop
  endfacet
  facet normal 0 0 1
    outer loop
      vertex -18.0649 -9.49812 2.1
      vertex -20.9516 -4.33557 2.1
      vertex -21.1914 -4.49463 2.1
    endloop
  endfacet
endsolid OpenSCAD_Model
