solid OpenSCAD_Model
  facet normal -0.242974 -0.970033 0
    outer loop
      vertex -1.50948 5.02391 0
      vertex -1.01447 4.89992 4.2
      vertex -1.50948 5.02391 4.2
    endloop
  endfacet
  facet normal -0.242974 -0.970033 -0
    outer loop
      vertex -1.01447 4.89992 4.2
      vertex -1.50948 5.02391 0
      vertex -1.01447 4.89992 0
    endloop
  endfacet
  facet normal -0.514179 0.857683 0
    outer loop
      vertex -2.45126 14.586 0
      vertex -2.88896 14.3236 4.2
      vertex -2.45126 14.586 4.2
    endloop
  endfacet
  facet normal -0.514179 0.857683 0
    outer loop
      vertex -2.88896 14.3236 4.2
      vertex -2.45126 14.586 0
      vertex -2.88896 14.3236 0
    endloop
  endfacet
  facet normal -0.857731 -0.514098 0
    outer loop
      vertex -4.32364 7.11103 0
      vertex -4.58599 7.54874 4.2
      vertex -4.58599 7.54874 0
    endloop
  endfacet
  facet normal -0.857731 -0.514098 0
    outer loop
      vertex -4.58599 7.54874 4.2
      vertex -4.32364 7.11103 0
      vertex -4.32364 7.11103 4.2
    endloop
  endfacet
  facet normal -0.595588 0.80329 0
    outer loop
      vertex -2.88896 14.3236 0
      vertex -3.29884 14.0197 4.2
      vertex -2.88896 14.3236 4.2
    endloop
  endfacet
  facet normal -0.595588 0.80329 0
    outer loop
      vertex -3.29884 14.0197 4.2
      vertex -2.88896 14.3236 0
      vertex -3.29884 14.0197 0
    endloop
  endfacet
  facet normal -0.803205 -0.595702 0
    outer loop
      vertex -4.01965 6.70115 0
      vertex -4.32364 7.11103 4.2
      vertex -4.32364 7.11103 0
    endloop
  endfacet
  facet normal -0.803205 -0.595702 0
    outer loop
      vertex -4.32364 7.11103 4.2
      vertex -4.01965 6.70115 0
      vertex -4.01965 6.70115 4.2
    endloop
  endfacet
  facet normal -0.67155 0.740959 0
    outer loop
      vertex -3.29884 14.0197 0
      vertex -3.67696 13.677 4.2
      vertex -3.29884 14.0197 4.2
    endloop
  endfacet
  facet normal -0.67155 0.740959 0
    outer loop
      vertex -3.67696 13.677 4.2
      vertex -3.29884 14.0197 0
      vertex -3.67696 13.677 0
    endloop
  endfacet
  facet normal -0.74096 -0.671549 0
    outer loop
      vertex -3.67696 6.32304 0
      vertex -4.01965 6.70115 4.2
      vertex -4.01965 6.70115 0
    endloop
  endfacet
  facet normal -0.74096 -0.671549 0
    outer loop
      vertex -4.01965 6.70115 4.2
      vertex -3.67696 6.32304 0
      vertex -3.67696 6.32304 4.2
    endloop
  endfacet
  facet normal -0.0490689 -0.998795 0
    outer loop
      vertex -0.509688 4.82504 0
      vertex 0 4.8 4.2
      vertex -0.509688 4.82504 4.2
    endloop
  endfacet
  facet normal -0.0490689 -0.998795 -0
    outer loop
      vertex 0 4.8 4.2
      vertex -0.509688 4.82504 0
      vertex 0 4.8 0
    endloop
  endfacet
  facet normal -0.741039 0.671462 0
    outer loop
      vertex -4.01965 13.2988 0
      vertex -3.67696 13.677 4.2
      vertex -3.67696 13.677 0
    endloop
  endfacet
  facet normal -0.741039 0.671462 0
    outer loop
      vertex -3.67696 13.677 4.2
      vertex -4.01965 13.2988 0
      vertex -4.01965 13.2988 4.2
    endloop
  endfacet
  facet normal -0.970033 -0.242974 0
    outer loop
      vertex -4.97609 8.49052 0
      vertex -5.10008 8.98553 4.2
      vertex -5.10008 8.98553 0
    endloop
  endfacet
  facet normal -0.970033 -0.242974 0
    outer loop
      vertex -5.10008 8.98553 4.2
      vertex -4.97609 8.49052 0
      vertex -4.97609 8.49052 4.2
    endloop
  endfacet
  facet normal -0.427582 0.903977 0
    outer loop
      vertex -1.98995 14.8042 0
      vertex -2.45126 14.586 4.2
      vertex -1.98995 14.8042 4.2
    endloop
  endfacet
  facet normal -0.427582 0.903977 0
    outer loop
      vertex -2.45126 14.586 4.2
      vertex -1.98995 14.8042 0
      vertex -2.45126 14.586 0
    endloop
  endfacet
  facet normal -0.59569 -0.803215 0
    outer loop
      vertex -3.29884 5.98034 0
      vertex -2.88896 5.67636 4.2
      vertex -3.29884 5.98034 4.2
    endloop
  endfacet
  facet normal -0.59569 -0.803215 -0
    outer loop
      vertex -2.88896 5.67636 4.2
      vertex -3.29884 5.98034 0
      vertex -2.88896 5.67636 0
    endloop
  endfacet
  facet normal -0.0489907 0.998799 0
    outer loop
      vertex 0 15.2 0
      vertex -0.509688 15.175 4.2
      vertex 0 15.2 4.2
    endloop
  endfacet
  facet normal -0.0489907 0.998799 0
    outer loop
      vertex -0.509688 15.175 4.2
      vertex 0 15.2 0
      vertex -0.509688 15.175 0
    endloop
  endfacet
  facet normal -0.80315 0.595777 0
    outer loop
      vertex -4.32364 12.889 0
      vertex -4.01965 13.2988 4.2
      vertex -4.01965 13.2988 0
    endloop
  endfacet
  facet normal -0.80315 0.595777 0
    outer loop
      vertex -4.01965 13.2988 4.2
      vertex -4.32364 12.889 0
      vertex -4.32364 12.889 4.2
    endloop
  endfacet
  facet normal -0.989176 -0.146736 0
    outer loop
      vertex -5.10008 8.98553 0
      vertex -5.17496 9.49031 4.2
      vertex -5.17496 9.49031 0
    endloop
  endfacet
  facet normal -0.989176 -0.146736 0
    outer loop
      vertex -5.17496 9.49031 4.2
      vertex -5.10008 8.98553 0
      vertex -5.10008 8.98553 4.2
    endloop
  endfacet
  facet normal -0.941541 -0.336899 0
    outer loop
      vertex -4.80417 8.01005 0
      vertex -4.97609 8.49052 4.2
      vertex -4.97609 8.49052 0
    endloop
  endfacet
  facet normal -0.941541 -0.336899 0
    outer loop
      vertex -4.97609 8.49052 4.2
      vertex -4.80417 8.01005 0
      vertex -4.80417 8.01005 4.2
    endloop
  endfacet
  facet normal -0.336899 -0.941541 0
    outer loop
      vertex -1.98995 5.19583 0
      vertex -1.50948 5.02391 4.2
      vertex -1.98995 5.19583 4.2
    endloop
  endfacet
  facet normal -0.336899 -0.941541 -0
    outer loop
      vertex -1.50948 5.02391 4.2
      vertex -1.98995 5.19583 0
      vertex -1.50948 5.02391 0
    endloop
  endfacet
  facet normal -0.42755 -0.903992 0
    outer loop
      vertex -2.45126 5.41401 0
      vertex -1.98995 5.19583 4.2
      vertex -2.45126 5.41401 4.2
    endloop
  endfacet
  facet normal -0.42755 -0.903992 -0
    outer loop
      vertex -1.98995 5.19583 4.2
      vertex -2.45126 5.41401 0
      vertex -1.98995 5.19583 0
    endloop
  endfacet
  facet normal -0.67155 -0.740959 0
    outer loop
      vertex -3.67696 6.32304 0
      vertex -3.29884 5.98034 4.2
      vertex -3.67696 6.32304 4.2
    endloop
  endfacet
  facet normal -0.67155 -0.740959 -0
    outer loop
      vertex -3.29884 5.98034 4.2
      vertex -3.67696 6.32304 0
      vertex -3.29884 5.98034 0
    endloop
  endfacet
  facet normal -0.903988 0.427557 0
    outer loop
      vertex -4.80417 11.99 0
      vertex -4.58599 12.4513 4.2
      vertex -4.58599 12.4513 0
    endloop
  endfacet
  facet normal -0.903988 0.427557 0
    outer loop
      vertex -4.58599 12.4513 4.2
      vertex -4.80417 11.99 0
      vertex -4.80417 11.99 4.2
    endloop
  endfacet
  facet normal -0.242992 0.970028 0
    outer loop
      vertex -1.01447 15.1001 0
      vertex -1.50948 14.9761 4.2
      vertex -1.01447 15.1001 4.2
    endloop
  endfacet
  facet normal -0.242992 0.970028 0
    outer loop
      vertex -1.50948 14.9761 4.2
      vertex -1.01447 15.1001 0
      vertex -1.50948 14.9761 0
    endloop
  endfacet
  facet normal -0.857726 0.514107 0
    outer loop
      vertex -4.58599 12.4513 0
      vertex -4.32364 12.889 4.2
      vertex -4.32364 12.889 0
    endloop
  endfacet
  facet normal -0.857726 0.514107 0
    outer loop
      vertex -4.32364 12.889 4.2
      vertex -4.58599 12.4513 0
      vertex -4.58599 12.4513 4.2
    endloop
  endfacet
  facet normal -0.146774 0.98917 0
    outer loop
      vertex -0.509688 15.175 0
      vertex -1.01447 15.1001 4.2
      vertex -0.509688 15.175 4.2
    endloop
  endfacet
  facet normal -0.146774 0.98917 0
    outer loop
      vertex -1.01447 15.1001 4.2
      vertex -0.509688 15.175 0
      vertex -1.01447 15.1001 0
    endloop
  endfacet
  facet normal -0.336864 0.941553 0
    outer loop
      vertex -1.50948 14.9761 0
      vertex -1.98995 14.8042 4.2
      vertex -1.50948 14.9761 4.2
    endloop
  endfacet
  facet normal -0.336864 0.941553 0
    outer loop
      vertex -1.98995 14.8042 4.2
      vertex -1.50948 14.9761 0
      vertex -1.98995 14.8042 0
    endloop
  endfacet
  facet normal -0.970032 0.242978 0
    outer loop
      vertex -5.10008 11.0145 0
      vertex -4.97609 11.5095 4.2
      vertex -4.97609 11.5095 0
    endloop
  endfacet
  facet normal -0.970032 0.242978 0
    outer loop
      vertex -4.97609 11.5095 4.2
      vertex -5.10008 11.0145 0
      vertex -5.10008 11.0145 4.2
    endloop
  endfacet
  facet normal -0.998795 -0.0490687 0
    outer loop
      vertex -5.17496 9.49031 0
      vertex -5.2 10 4.2
      vertex -5.2 10 0
    endloop
  endfacet
  facet normal -0.998795 -0.0490687 0
    outer loop
      vertex -5.2 10 4.2
      vertex -5.17496 9.49031 0
      vertex -5.17496 9.49031 4.2
    endloop
  endfacet
  facet normal 0.0489402 -0.998802 0
    outer loop
      vertex 0 4.8 0
      vertex 0.00979614 4.80048 4.2
      vertex 0 4.8 4.2
    endloop
  endfacet
  facet normal 0.0489402 -0.998802 0
    outer loop
      vertex 0.00979614 4.80048 4.2
      vertex 0 4.8 0
      vertex 0.00979614 4.80048 0
    endloop
  endfacet
  facet normal -0.989177 0.14673 0
    outer loop
      vertex -5.17496 10.5097 0
      vertex -5.10008 11.0145 4.2
      vertex -5.10008 11.0145 0
    endloop
  endfacet
  facet normal -0.989177 0.14673 0
    outer loop
      vertex -5.10008 11.0145 4.2
      vertex -5.17496 10.5097 0
      vertex -5.17496 10.5097 4.2
    endloop
  endfacet
  facet normal -0.903992 -0.42755 0
    outer loop
      vertex -4.58599 7.54874 0
      vertex -4.80417 8.01005 4.2
      vertex -4.80417 8.01005 0
    endloop
  endfacet
  facet normal -0.903992 -0.42755 0
    outer loop
      vertex -4.80417 8.01005 4.2
      vertex -4.58599 7.54874 0
      vertex -4.58599 7.54874 4.2
    endloop
  endfacet
  facet normal -0.514107 -0.857726 0
    outer loop
      vertex -2.88896 5.67636 0
      vertex -2.45126 5.41401 4.2
      vertex -2.88896 5.67636 4.2
    endloop
  endfacet
  facet normal -0.514107 -0.857726 -0
    outer loop
      vertex -2.45126 5.41401 4.2
      vertex -2.88896 5.67636 0
      vertex -2.45126 5.41401 0
    endloop
  endfacet
  facet normal -0.941548 0.33688 0
    outer loop
      vertex -4.97609 11.5095 0
      vertex -4.80417 11.99 4.2
      vertex -4.80417 11.99 0
    endloop
  endfacet
  facet normal -0.941548 0.33688 0
    outer loop
      vertex -4.80417 11.99 4.2
      vertex -4.97609 11.5095 0
      vertex -4.97609 11.5095 4.2
    endloop
  endfacet
  facet normal -0.998795 0.0490678 0
    outer loop
      vertex -5.2 10 0
      vertex -5.17496 10.5097 4.2
      vertex -5.17496 10.5097 0
    endloop
  endfacet
  facet normal -0.998795 0.0490678 0
    outer loop
      vertex -5.17496 10.5097 4.2
      vertex -5.2 10 0
      vertex -5.2 10 4.2
    endloop
  endfacet
  facet normal -0.146736 -0.989176 0
    outer loop
      vertex -1.01447 4.89992 0
      vertex -0.509688 4.82504 4.2
      vertex -1.01447 4.89992 4.2
    endloop
  endfacet
  facet normal -0.146736 -0.989176 -0
    outer loop
      vertex -0.509688 4.82504 4.2
      vertex -1.01447 4.89992 0
      vertex -0.509688 4.82504 0
    endloop
  endfacet
  facet normal 0 0 1
    outer loop
      vertex 115.2 120 4.2
      vertex 111.675 120 4.2
      vertex 115.2 119.99 4.2
    endloop
  endfacet
  facet normal 0 0 1
    outer loop
      vertex 111.675 120 4.2
      vertex 115.2 120 4.2
      vertex 115.175 120.51 4.2
    endloop
  endfacet
  facet normal 0 0 1
    outer loop
      vertex 111.675 0 4.2
      vertex 115.2 0 4.2
      vertex 115.2 0.0097964 4.2
    endloop
  endfacet
  facet normal 0 0 1
    outer loop
      vertex 115.2 119.99 4.2
      vertex 104 41 4.2
      vertex 115.2 0.0097964 4.2
    endloop
  endfacet
  facet normal 0 0 1
    outer loop
      vertex 111.667 120.164 4.2
      vertex 115.175 120.51 4.2
      vertex 115.1 121.014 4.2
    endloop
  endfacet
  facet normal -0 0 1
    outer loop
      vertex 104 15 4.2
      vertex 115.2 0.0097964 4.2
      vertex 104 41 4.2
    endloop
  endfacet
  facet normal 0 0 1
    outer loop
      vertex 111.643 120.327 4.2
      vertex 115.1 121.014 4.2
      vertex 114.976 121.509 4.2
    endloop
  endfacet
  facet normal -0 -0 1
    outer loop
      vertex 110.79 1.47722 4.2
      vertex 115.2 0.0097964 4.2
      vertex 104 15 4.2
    endloop
  endfacet
  facet normal 0 0 1
    outer loop
      vertex 111.603 120.486 4.2
      vertex 114.976 121.509 4.2
      vertex 114.804 121.99 4.2
    endloop
  endfacet
  facet normal -0 -0 1
    outer loop
      vertex 111.063 1.29479 4.2
      vertex 115.2 0.0097964 4.2
      vertex 110.931 1.39271 4.2
    endloop
  endfacet
  facet normal 0 0 1
    outer loop
      vertex 111.548 120.641 4.2
      vertex 114.804 121.99 4.2
      vertex 114.586 122.451 4.2
    endloop
  endfacet
  facet normal -0 -0 1
    outer loop
      vertex 111.295 1.06261 4.2
      vertex 115.2 0.0097964 4.2
      vertex 111.184 1.1844 4.2
    endloop
  endfacet
  facet normal 0 0 1
    outer loop
      vertex 111.477 120.79 4.2
      vertex 114.586 122.451 4.2
      vertex 114.324 122.889 4.2
    endloop
  endfacet
  facet normal -0 -0 1
    outer loop
      vertex 111.477 0.789589 4.2
      vertex 115.2 0.0097964 4.2
      vertex 111.393 0.93058 4.2
    endloop
  endfacet
  facet normal 0 0 1
    outer loop
      vertex 111.393 120.931 4.2
      vertex 114.324 122.889 4.2
      vertex 114.02 123.299 4.2
    endloop
  endfacet
  facet normal -0 -0 1
    outer loop
      vertex 111.548 0.640994 4.2
      vertex 115.2 0.0097964 4.2
      vertex 111.477 0.789589 4.2
    endloop
  endfacet
  facet normal 0 0 1
    outer loop
      vertex 111.295 121.063 4.2
      vertex 114.02 123.299 4.2
      vertex 113.677 123.677 4.2
    endloop
  endfacet
  facet normal 0 -0 1
    outer loop
      vertex 111.675 0 4.2
      vertex 115.2 0.0097964 4.2
      vertex 111.667 0.164178 4.2
    endloop
  endfacet
  facet normal 0 0 1
    outer loop
      vertex 111.184 121.184 4.2
      vertex 113.677 123.677 4.2
      vertex 113.299 124.02 4.2
    endloop
  endfacet
  facet normal -0 0 1
    outer loop
      vertex 111.667 -0.164178 4.2
      vertex 115.175 -0.509688 4.2
      vertex 111.675 0 4.2
    endloop
  endfacet
  facet normal 0 0 1
    outer loop
      vertex 111.063 121.295 4.2
      vertex 113.299 124.02 4.2
      vertex 112.889 124.324 4.2
    endloop
  endfacet
  facet normal 0 0 1
    outer loop
      vertex 115.2 119.99 4.2
      vertex 111.643 119.673 4.2
      vertex 111.603 119.514 4.2
    endloop
  endfacet
  facet normal 0 0 1
    outer loop
      vertex 110.931 121.393 4.2
      vertex 112.889 124.324 4.2
      vertex 112.451 124.586 4.2
    endloop
  endfacet
  facet normal 0 0 1
    outer loop
      vertex 115.2 119.99 4.2
      vertex 111.667 119.836 4.2
      vertex 111.643 119.673 4.2
    endloop
  endfacet
  facet normal 0 0 1
    outer loop
      vertex 110.79 121.477 4.2
      vertex 112.451 124.586 4.2
      vertex 111.99 124.804 4.2
    endloop
  endfacet
  facet normal 0 0 1
    outer loop
      vertex 115.2 119.99 4.2
      vertex 111.603 119.514 4.2
      vertex 111.548 119.359 4.2
    endloop
  endfacet
  facet normal 0 0 1
    outer loop
      vertex 115.2 119.99 4.2
      vertex 111.675 120 4.2
      vertex 111.667 119.836 4.2
    endloop
  endfacet
  facet normal 0 0 1
    outer loop
      vertex 115.175 120.51 4.2
      vertex 111.667 120.164 4.2
      vertex 111.675 120 4.2
    endloop
  endfacet
  facet normal 0 0 1
    outer loop
      vertex 115.1 121.014 4.2
      vertex 111.643 120.327 4.2
      vertex 111.667 120.164 4.2
    endloop
  endfacet
  facet normal 0 0 1
    outer loop
      vertex 114.976 121.509 4.2
      vertex 111.603 120.486 4.2
      vertex 111.643 120.327 4.2
    endloop
  endfacet
  facet normal 0 0 1
    outer loop
      vertex 114.804 121.99 4.2
      vertex 111.548 120.641 4.2
      vertex 111.603 120.486 4.2
    endloop
  endfacet
  facet normal 0 0 1
    outer loop
      vertex 110.641 121.548 4.2
      vertex 111.99 124.804 4.2
      vertex 111.509 124.976 4.2
    endloop
  endfacet
  facet normal 0 0 1
    outer loop
      vertex 114.586 122.451 4.2
      vertex 111.477 120.79 4.2
      vertex 111.548 120.641 4.2
    endloop
  endfacet
  facet normal 0 0 1
    outer loop
      vertex 114.324 122.889 4.2
      vertex 111.393 120.931 4.2
      vertex 111.477 120.79 4.2
    endloop
  endfacet
  facet normal 0 0 1
    outer loop
      vertex 114.02 123.299 4.2
      vertex 111.295 121.063 4.2
      vertex 111.393 120.931 4.2
    endloop
  endfacet
  facet normal 0 0 1
    outer loop
      vertex 113.677 123.677 4.2
      vertex 111.184 121.184 4.2
      vertex 111.295 121.063 4.2
    endloop
  endfacet
  facet normal 0 0 1
    outer loop
      vertex 113.299 124.02 4.2
      vertex 111.063 121.295 4.2
      vertex 111.184 121.184 4.2
    endloop
  endfacet
  facet normal 0 0 1
    outer loop
      vertex 110.486 121.603 4.2
      vertex 111.509 124.976 4.2
      vertex 111.014 125.1 4.2
    endloop
  endfacet
  facet normal 0 0 1
    outer loop
      vertex 112.889 124.324 4.2
      vertex 110.931 121.393 4.2
      vertex 111.063 121.295 4.2
    endloop
  endfacet
  facet normal 0 0 1
    outer loop
      vertex 112.451 124.586 4.2
      vertex 110.79 121.477 4.2
      vertex 110.931 121.393 4.2
    endloop
  endfacet
  facet normal 0 0 1
    outer loop
      vertex 111.99 124.804 4.2
      vertex 110.641 121.548 4.2
      vertex 110.79 121.477 4.2
    endloop
  endfacet
  facet normal 0 0 1
    outer loop
      vertex 110.327 121.643 4.2
      vertex 111.014 125.1 4.2
      vertex 110.51 125.175 4.2
    endloop
  endfacet
  facet normal 0 0 1
    outer loop
      vertex 111.509 124.976 4.2
      vertex 110.486 121.603 4.2
      vertex 110.641 121.548 4.2
    endloop
  endfacet
  facet normal 0 0 1
    outer loop
      vertex 111.014 125.1 4.2
      vertex 110.327 121.643 4.2
      vertex 110.486 121.603 4.2
    endloop
  endfacet
  facet normal 0 0 1
    outer loop
      vertex 110.51 125.175 4.2
      vertex 110.164 121.667 4.2
      vertex 110.327 121.643 4.2
    endloop
  endfacet
  facet normal 0 0 1
    outer loop
      vertex 110 125.2 4.2
      vertex 110.164 121.667 4.2
      vertex 110.51 125.175 4.2
    endloop
  endfacet
  facet normal 0 0 1
    outer loop
      vertex 110 125.2 4.2
      vertex 110 121.675 4.2
      vertex 110.164 121.667 4.2
    endloop
  endfacet
  facet normal 0 0 1
    outer loop
      vertex 110 125.2 4.2
      vertex 109.836 121.667 4.2
      vertex 110 121.675 4.2
    endloop
  endfacet
  facet normal -0 0 1
    outer loop
      vertex 109.49 125.175 4.2
      vertex 109.836 121.667 4.2
      vertex 110 125.2 4.2
    endloop
  endfacet
  facet normal 0 0 1
    outer loop
      vertex 109.836 121.667 4.2
      vertex 109.49 125.175 4.2
      vertex 109.673 121.643 4.2
    endloop
  endfacet
  facet normal -0 0 1
    outer loop
      vertex 108.986 125.1 4.2
      vertex 109.673 121.643 4.2
      vertex 109.49 125.175 4.2
    endloop
  endfacet
  facet normal 0 0 1
    outer loop
      vertex 109.673 121.643 4.2
      vertex 108.986 125.1 4.2
      vertex 109.514 121.603 4.2
    endloop
  endfacet
  facet normal -0 0 1
    outer loop
      vertex 108.491 124.976 4.2
      vertex 109.514 121.603 4.2
      vertex 108.986 125.1 4.2
    endloop
  endfacet
  facet normal 0 0 1
    outer loop
      vertex 109.514 121.603 4.2
      vertex 108.491 124.976 4.2
      vertex 109.359 121.548 4.2
    endloop
  endfacet
  facet normal -0 0 1
    outer loop
      vertex 108.01 124.804 4.2
      vertex 109.359 121.548 4.2
      vertex 108.491 124.976 4.2
    endloop
  endfacet
  facet normal 0 0 1
    outer loop
      vertex 109.359 121.548 4.2
      vertex 108.01 124.804 4.2
      vertex 109.21 121.477 4.2
    endloop
  endfacet
  facet normal 0 0 1
    outer loop
      vertex 109.21 121.477 4.2
      vertex 108.01 124.804 4.2
      vertex 109.069 121.393 4.2
    endloop
  endfacet
  facet normal 0 0 1
    outer loop
      vertex 109.069 121.393 4.2
      vertex 108.01 124.804 4.2
      vertex 108.937 121.295 4.2
    endloop
  endfacet
  facet normal 0 0 1
    outer loop
      vertex 108.937 121.295 4.2
      vertex 108.01 124.804 4.2
      vertex 108.816 121.184 4.2
    endloop
  endfacet
  facet normal 0 0 1
    outer loop
      vertex 108.816 121.184 4.2
      vertex 108.01 124.804 4.2
      vertex 108.705 121.063 4.2
    endloop
  endfacet
  facet normal 0 0 1
    outer loop
      vertex 108.705 121.063 4.2
      vertex 108.01 124.804 4.2
      vertex 108.607 120.931 4.2
    endloop
  endfacet
  facet normal 0 0 1
    outer loop
      vertex 108.607 120.931 4.2
      vertex 108.01 124.804 4.2
      vertex 108.523 120.79 4.2
    endloop
  endfacet
  facet normal 0 0 1
    outer loop
      vertex 108.523 120.79 4.2
      vertex 108.01 124.804 4.2
      vertex 108.452 120.641 4.2
    endloop
  endfacet
  facet normal 0 0 1
    outer loop
      vertex 108.452 120.641 4.2
      vertex 108.01 124.804 4.2
      vertex 108.397 120.486 4.2
    endloop
  endfacet
  facet normal 0 0 1
    outer loop
      vertex 108.397 120.486 4.2
      vertex 108.01 124.804 4.2
      vertex 108.357 120.327 4.2
    endloop
  endfacet
  facet normal 0 0 1
    outer loop
      vertex 108.357 120.327 4.2
      vertex 108.01 124.804 4.2
      vertex 108.333 120.164 4.2
    endloop
  endfacet
  facet normal 0 0 1
    outer loop
      vertex 108.452 0.640994 4.2
      vertex 104.8 0 4.2
      vertex 108.397 0.486226 4.2
    endloop
  endfacet
  facet normal 0 0 1
    outer loop
      vertex 108.333 120.164 4.2
      vertex 108.01 124.804 4.2
      vertex 108.325 120 4.2
    endloop
  endfacet
  facet normal 0 0 1
    outer loop
      vertex -0.164178 108.333 4.2
      vertex 0 104.8 4.2
      vertex 0 108.325 4.2
    endloop
  endfacet
  facet normal 0 0 1
    outer loop
      vertex -0.509688 104.825 4.2
      vertex -0.164178 108.333 4.2
      vertex -0.326776 108.357 4.2
    endloop
  endfacet
  facet normal 0 0 1
    outer loop
      vertex -1.01447 104.9 4.2
      vertex -0.326776 108.357 4.2
      vertex -0.486226 108.397 4.2
    endloop
  endfacet
  facet normal 0 0 1
    outer loop
      vertex -0.164178 108.333 4.2
      vertex -0.509688 104.825 4.2
      vertex 0 104.8 4.2
    endloop
  endfacet
  facet normal 0 0 1
    outer loop
      vertex -1.50948 105.024 4.2
      vertex -0.486226 108.397 4.2
      vertex -0.640994 108.452 4.2
    endloop
  endfacet
  facet normal 0 0 1
    outer loop
      vertex -1.98995 105.196 4.2
      vertex -0.640994 108.452 4.2
      vertex -0.789589 108.523 4.2
    endloop
  endfacet
  facet normal 0 0 1
    outer loop
      vertex -2.45126 105.414 4.2
      vertex -0.789589 108.523 4.2
      vertex -0.93058 108.607 4.2
    endloop
  endfacet
  facet normal 0 0 1
    outer loop
      vertex -0.326776 108.357 4.2
      vertex -1.01447 104.9 4.2
      vertex -0.509688 104.825 4.2
    endloop
  endfacet
  facet normal 0 0 1
    outer loop
      vertex -2.88896 105.676 4.2
      vertex -0.93058 108.607 4.2
      vertex -1.06261 108.705 4.2
    endloop
  endfacet
  facet normal 0 0 1
    outer loop
      vertex -3.29884 105.98 4.2
      vertex -1.06261 108.705 4.2
      vertex -1.1844 108.816 4.2
    endloop
  endfacet
  facet normal 0 0 1
    outer loop
      vertex -3.67696 106.323 4.2
      vertex -1.1844 108.816 4.2
      vertex -1.29479 108.937 4.2
    endloop
  endfacet
  facet normal 0 0 1
    outer loop
      vertex -4.01965 106.701 4.2
      vertex -1.29479 108.937 4.2
      vertex -1.39271 109.069 4.2
    endloop
  endfacet
  facet normal 0 0 1
    outer loop
      vertex -4.32364 107.111 4.2
      vertex -1.39271 109.069 4.2
      vertex -1.47722 109.21 4.2
    endloop
  endfacet
  facet normal 0 0 1
    outer loop
      vertex -0.486226 108.397 4.2
      vertex -1.50948 105.024 4.2
      vertex -1.01447 104.9 4.2
    endloop
  endfacet
  facet normal 0 0 1
    outer loop
      vertex -4.58599 107.549 4.2
      vertex -1.47722 109.21 4.2
      vertex -1.5475 109.359 4.2
    endloop
  endfacet
  facet normal 0 0 1
    outer loop
      vertex -4.80417 108.01 4.2
      vertex -1.5475 109.359 4.2
      vertex -1.60287 109.514 4.2
    endloop
  endfacet
  facet normal 0 0 1
    outer loop
      vertex -4.97609 108.491 4.2
      vertex -1.60287 109.514 4.2
      vertex -1.64281 109.673 4.2
    endloop
  endfacet
  facet normal 0 0 1
    outer loop
      vertex -5.10008 108.986 4.2
      vertex -1.64281 109.673 4.2
      vertex -1.66693 109.836 4.2
    endloop
  endfacet
  facet normal 0 0 1
    outer loop
      vertex -5.17496 109.49 4.2
      vertex -1.66693 109.836 4.2
      vertex -1.675 110 4.2
    endloop
  endfacet
  facet normal 0 0 1
    outer loop
      vertex -1.39271 110.931 4.2
      vertex -4.32364 112.889 4.2
      vertex -1.47722 110.79 4.2
    endloop
  endfacet
  facet normal 0 0 1
    outer loop
      vertex -0.640994 108.452 4.2
      vertex -1.98995 105.196 4.2
      vertex -1.50948 105.024 4.2
    endloop
  endfacet
  facet normal -0 0 1
    outer loop
      vertex -4.58599 112.451 4.2
      vertex -1.47722 110.79 4.2
      vertex -4.32364 112.889 4.2
    endloop
  endfacet
  facet normal 0 0 1
    outer loop
      vertex -0.789589 108.523 4.2
      vertex -2.45126 105.414 4.2
      vertex -1.98995 105.196 4.2
    endloop
  endfacet
  facet normal 0 0 1
    outer loop
      vertex -1.47722 110.79 4.2
      vertex -4.58599 112.451 4.2
      vertex -1.5475 110.641 4.2
    endloop
  endfacet
  facet normal 0 0 1
    outer loop
      vertex -0.93058 108.607 4.2
      vertex -2.88896 105.676 4.2
      vertex -2.45126 105.414 4.2
    endloop
  endfacet
  facet normal -0 0 1
    outer loop
      vertex -4.80417 111.99 4.2
      vertex -1.5475 110.641 4.2
      vertex -4.58599 112.451 4.2
    endloop
  endfacet
  facet normal 0 0 1
    outer loop
      vertex -1.06261 108.705 4.2
      vertex -3.29884 105.98 4.2
      vertex -2.88896 105.676 4.2
    endloop
  endfacet
  facet normal 0 0 1
    outer loop
      vertex -1.5475 110.641 4.2
      vertex -4.80417 111.99 4.2
      vertex -1.60287 110.486 4.2
    endloop
  endfacet
  facet normal 0 0 1
    outer loop
      vertex -1.1844 108.816 4.2
      vertex -3.67696 106.323 4.2
      vertex -3.29884 105.98 4.2
    endloop
  endfacet
  facet normal -0 0 1
    outer loop
      vertex -4.97609 111.509 4.2
      vertex -1.60287 110.486 4.2
      vertex -4.80417 111.99 4.2
    endloop
  endfacet
  facet normal 0 0 1
    outer loop
      vertex -1.29479 108.937 4.2
      vertex -4.01965 106.701 4.2
      vertex -3.67696 106.323 4.2
    endloop
  endfacet
  facet normal 0 0 1
    outer loop
      vertex -1.60287 110.486 4.2
      vertex -4.97609 111.509 4.2
      vertex -1.64281 110.327 4.2
    endloop
  endfacet
  facet normal 0 0 1
    outer loop
      vertex -1.39271 109.069 4.2
      vertex -4.32364 107.111 4.2
      vertex -4.01965 106.701 4.2
    endloop
  endfacet
  facet normal -0 0 1
    outer loop
      vertex -5.10008 111.014 4.2
      vertex -1.64281 110.327 4.2
      vertex -4.97609 111.509 4.2
    endloop
  endfacet
  facet normal 0 0 1
    outer loop
      vertex -1.47722 109.21 4.2
      vertex -4.58599 107.549 4.2
      vertex -4.32364 107.111 4.2
    endloop
  endfacet
  facet normal 0 0 1
    outer loop
      vertex -1.64281 110.327 4.2
      vertex -5.10008 111.014 4.2
      vertex -1.66693 110.164 4.2
    endloop
  endfacet
  facet normal 0 0 1
    outer loop
      vertex -1.5475 109.359 4.2
      vertex -4.80417 108.01 4.2
      vertex -4.58599 107.549 4.2
    endloop
  endfacet
  facet normal -0 0 1
    outer loop
      vertex -5.17496 110.51 4.2
      vertex -1.66693 110.164 4.2
      vertex -5.10008 111.014 4.2
    endloop
  endfacet
  facet normal 0 0 1
    outer loop
      vertex -1.60287 109.514 4.2
      vertex -4.97609 108.491 4.2
      vertex -4.80417 108.01 4.2
    endloop
  endfacet
  facet normal 0 0 1
    outer loop
      vertex -1.66693 110.164 4.2
      vertex -5.17496 110.51 4.2
      vertex -1.675 110 4.2
    endloop
  endfacet
  facet normal 0 0 1
    outer loop
      vertex -1.64281 109.673 4.2
      vertex -5.10008 108.986 4.2
      vertex -4.97609 108.491 4.2
    endloop
  endfacet
  facet normal 0 0 1
    outer loop
      vertex -5.2 110 4.2
      vertex -1.675 110 4.2
      vertex -5.17496 110.51 4.2
    endloop
  endfacet
  facet normal 0 0 1
    outer loop
      vertex -1.66693 109.836 4.2
      vertex -5.17496 109.49 4.2
      vertex -5.10008 108.986 4.2
    endloop
  endfacet
  facet normal 0 0 1
    outer loop
      vertex -1.675 110 4.2
      vertex -5.2 110 4.2
      vertex -5.17496 109.49 4.2
    endloop
  endfacet
  facet normal -0 0 1
    outer loop
      vertex 1.5475 109.359 4.2
      vertex 29 103 4.2
      vertex 1.60287 109.514 4.2
    endloop
  endfacet
  facet normal 0 0 1
    outer loop
      vertex 24 41 4.2
      vertex 1.66693 10.1642 4.2
      vertex 1.675 10 4.2
    endloop
  endfacet
  facet normal -0 0 1
    outer loop
      vertex 1.47722 109.21 4.2
      vertex 29 103 4.2
      vertex 1.5475 109.359 4.2
    endloop
  endfacet
  facet normal 0 0 1
    outer loop
      vertex 24 41 4.2
      vertex 1.64281 10.3268 4.2
      vertex 1.66693 10.1642 4.2
    endloop
  endfacet
  facet normal 0 0 1
    outer loop
      vertex 29 103 4.2
      vertex 0 104.8 4.2
      vertex 29 83 4.2
    endloop
  endfacet
  facet normal 0 0 1
    outer loop
      vertex 24 41 4.2
      vertex 1.60287 10.4862 4.2
      vertex 1.64281 10.3268 4.2
    endloop
  endfacet
  facet normal 0 0 1
    outer loop
      vertex 29 83 4.2
      vertex 0 104.8 4.2
      vertex 24 41 4.2
    endloop
  endfacet
  facet normal 0 0 1
    outer loop
      vertex 24 41 4.2
      vertex 1.5475 10.641 4.2
      vertex 1.60287 10.4862 4.2
    endloop
  endfacet
  facet normal 0 0 1
    outer loop
      vertex 29 103 4.2
      vertex 1.47722 109.21 4.2
      vertex 0 104.8 4.2
    endloop
  endfacet
  facet normal 0 0 1
    outer loop
      vertex 0 15.2 4.2
      vertex 24 41 4.2
      vertex 0 104.8 4.2
    endloop
  endfacet
  facet normal 0 0 1
    outer loop
      vertex 0 104.8 4.2
      vertex 1.47722 109.21 4.2
      vertex 1.39271 109.069 4.2
    endloop
  endfacet
  facet normal 0 0 1
    outer loop
      vertex 24 41 4.2
      vertex 0 15.2 4.2
      vertex 1.5475 10.641 4.2
    endloop
  endfacet
  facet normal 0 0 1
    outer loop
      vertex 0 104.8 4.2
      vertex 1.39271 109.069 4.2
      vertex 1.29479 108.937 4.2
    endloop
  endfacet
  facet normal 0 0 1
    outer loop
      vertex 1.5475 10.641 4.2
      vertex 0 15.2 4.2
      vertex 1.47722 10.7896 4.2
    endloop
  endfacet
  facet normal 0 0 1
    outer loop
      vertex 0 104.8 4.2
      vertex 1.29479 108.937 4.2
      vertex 1.1844 108.816 4.2
    endloop
  endfacet
  facet normal 0 0 1
    outer loop
      vertex 1.47722 10.7896 4.2
      vertex 0 15.2 4.2
      vertex 1.39271 10.9306 4.2
    endloop
  endfacet
  facet normal 0 0 1
    outer loop
      vertex 0 104.8 4.2
      vertex 1.1844 108.816 4.2
      vertex 1.06261 108.705 4.2
    endloop
  endfacet
  facet normal 0 0 1
    outer loop
      vertex 1.39271 10.9306 4.2
      vertex 0 15.2 4.2
      vertex 1.29479 11.0626 4.2
    endloop
  endfacet
  facet normal 0 0 1
    outer loop
      vertex 0 104.8 4.2
      vertex 1.06261 108.705 4.2
      vertex 0.93058 108.607 4.2
    endloop
  endfacet
  facet normal 0 0 1
    outer loop
      vertex 1.29479 11.0626 4.2
      vertex 0 15.2 4.2
      vertex 1.1844 11.1844 4.2
    endloop
  endfacet
  facet normal 0 0 1
    outer loop
      vertex 0 104.8 4.2
      vertex 0.93058 108.607 4.2
      vertex 0.789589 108.523 4.2
    endloop
  endfacet
  facet normal 0 0 1
    outer loop
      vertex 1.1844 11.1844 4.2
      vertex 0 15.2 4.2
      vertex 1.06261 11.2948 4.2
    endloop
  endfacet
  facet normal 0 0 1
    outer loop
      vertex 0 104.8 4.2
      vertex 0.789589 108.523 4.2
      vertex 0.640994 108.452 4.2
    endloop
  endfacet
  facet normal 0 0 1
    outer loop
      vertex 1.06261 11.2948 4.2
      vertex 0 15.2 4.2
      vertex 0.93058 11.3927 4.2
    endloop
  endfacet
  facet normal 0 0 1
    outer loop
      vertex 0 104.8 4.2
      vertex 0.640994 108.452 4.2
      vertex 0.486226 108.397 4.2
    endloop
  endfacet
  facet normal 0 0 1
    outer loop
      vertex 0.93058 11.3927 4.2
      vertex 0 15.2 4.2
      vertex 0.789589 11.4772 4.2
    endloop
  endfacet
  facet normal 0 0 1
    outer loop
      vertex 0 104.8 4.2
      vertex 0.486226 108.397 4.2
      vertex 0.326776 108.357 4.2
    endloop
  endfacet
  facet normal 0 0 1
    outer loop
      vertex 0.789589 11.4772 4.2
      vertex 0 15.2 4.2
      vertex 0.640994 11.5475 4.2
    endloop
  endfacet
  facet normal 0 0 1
    outer loop
      vertex 0 104.8 4.2
      vertex 0.326776 108.357 4.2
      vertex 0.164178 108.333 4.2
    endloop
  endfacet
  facet normal 0 0 1
    outer loop
      vertex 0.640994 11.5475 4.2
      vertex 0 15.2 4.2
      vertex 0.486226 11.6029 4.2
    endloop
  endfacet
  facet normal 0 0 1
    outer loop
      vertex 0 104.8 4.2
      vertex 0.164178 108.333 4.2
      vertex 0 108.325 4.2
    endloop
  endfacet
  facet normal 0 0 1
    outer loop
      vertex 0.486226 11.6029 4.2
      vertex 0 15.2 4.2
      vertex 0.326776 11.6428 4.2
    endloop
  endfacet
  facet normal 0 0 1
    outer loop
      vertex 0.326776 11.6428 4.2
      vertex 0 15.2 4.2
      vertex 0.164178 11.6669 4.2
    endloop
  endfacet
  facet normal 0 0 1
    outer loop
      vertex 0 15.2 4.2
      vertex 0 11.675 4.2
      vertex 0.164178 11.6669 4.2
    endloop
  endfacet
  facet normal 0 0 1
    outer loop
      vertex 0 15.2 4.2
      vertex -0.164178 11.6669 4.2
      vertex 0 11.675 4.2
    endloop
  endfacet
  facet normal -0 0 1
    outer loop
      vertex -0.509688 15.175 4.2
      vertex -0.164178 11.6669 4.2
      vertex 0 15.2 4.2
    endloop
  endfacet
  facet normal 0 0 1
    outer loop
      vertex -0.164178 11.6669 4.2
      vertex -0.509688 15.175 4.2
      vertex -0.326776 11.6428 4.2
    endloop
  endfacet
  facet normal -0 0 1
    outer loop
      vertex -1.01447 15.1001 4.2
      vertex -0.326776 11.6428 4.2
      vertex -0.509688 15.175 4.2
    endloop
  endfacet
  facet normal 0 0 1
    outer loop
      vertex -0.326776 11.6428 4.2
      vertex -1.01447 15.1001 4.2
      vertex -0.486226 11.6029 4.2
    endloop
  endfacet
  facet normal -0 0 1
    outer loop
      vertex -1.50948 14.9761 4.2
      vertex -0.486226 11.6029 4.2
      vertex -1.01447 15.1001 4.2
    endloop
  endfacet
  facet normal 0 0 1
    outer loop
      vertex -0.486226 11.6029 4.2
      vertex -1.50948 14.9761 4.2
      vertex -0.640994 11.5475 4.2
    endloop
  endfacet
  facet normal -0 0 1
    outer loop
      vertex -1.98995 14.8042 4.2
      vertex -0.640994 11.5475 4.2
      vertex -1.50948 14.9761 4.2
    endloop
  endfacet
  facet normal 0 0 1
    outer loop
      vertex -0.640994 11.5475 4.2
      vertex -1.98995 14.8042 4.2
      vertex -0.789589 11.4772 4.2
    endloop
  endfacet
  facet normal -0 0 1
    outer loop
      vertex -2.45126 14.586 4.2
      vertex -0.789589 11.4772 4.2
      vertex -1.98995 14.8042 4.2
    endloop
  endfacet
  facet normal 0 0 1
    outer loop
      vertex -0.789589 11.4772 4.2
      vertex -2.45126 14.586 4.2
      vertex -0.93058 11.3927 4.2
    endloop
  endfacet
  facet normal -0 0 1
    outer loop
      vertex -2.88896 14.3236 4.2
      vertex -0.93058 11.3927 4.2
      vertex -2.45126 14.586 4.2
    endloop
  endfacet
  facet normal 0 0 1
    outer loop
      vertex -0.93058 11.3927 4.2
      vertex -2.88896 14.3236 4.2
      vertex -1.06261 11.2948 4.2
    endloop
  endfacet
  facet normal -0 0 1
    outer loop
      vertex -3.29884 14.0197 4.2
      vertex -1.06261 11.2948 4.2
      vertex -2.88896 14.3236 4.2
    endloop
  endfacet
  facet normal 0 0 1
    outer loop
      vertex -1.06261 11.2948 4.2
      vertex -3.29884 14.0197 4.2
      vertex -1.1844 11.1844 4.2
    endloop
  endfacet
  facet normal -0 0 1
    outer loop
      vertex -3.67696 13.677 4.2
      vertex -1.1844 11.1844 4.2
      vertex -3.29884 14.0197 4.2
    endloop
  endfacet
  facet normal 0 0 1
    outer loop
      vertex -1.1844 11.1844 4.2
      vertex -3.67696 13.677 4.2
      vertex -1.29479 11.0626 4.2
    endloop
  endfacet
  facet normal -0 0 1
    outer loop
      vertex -4.01965 13.2988 4.2
      vertex -1.29479 11.0626 4.2
      vertex -3.67696 13.677 4.2
    endloop
  endfacet
  facet normal 0 0 1
    outer loop
      vertex -1.29479 11.0626 4.2
      vertex -4.01965 13.2988 4.2
      vertex -1.39271 10.9306 4.2
    endloop
  endfacet
  facet normal -0 0 1
    outer loop
      vertex -4.32364 12.889 4.2
      vertex -1.39271 10.9306 4.2
      vertex -4.01965 13.2988 4.2
    endloop
  endfacet
  facet normal 0 0 1
    outer loop
      vertex 1.60287 109.514 4.2
      vertex 10.4862 118.397 4.2
      vertex 1.64281 109.673 4.2
    endloop
  endfacet
  facet normal 0 0 1
    outer loop
      vertex 10.4862 118.397 4.2
      vertex 1.60287 109.514 4.2
      vertex 29 103 4.2
    endloop
  endfacet
  facet normal 0 0 1
    outer loop
      vertex 0.0097964 115.2 4.2
      vertex 4.5099 119.976 4.2
      vertex 4.02454 119.904 4.2
    endloop
  endfacet
  facet normal 0 0 1
    outer loop
      vertex 24 41 4.2
      vertex 1.675 10 4.2
      vertex 4.80048 0.00979614 4.2
    endloop
  endfacet
  facet normal 0 0 1
    outer loop
      vertex 0.0097964 115.2 4.2
      vertex 4.02454 119.904 4.2
      vertex 3.54857 119.785 4.2
    endloop
  endfacet
  facet normal -0 0 1
    outer loop
      vertex 1.66693 9.83582 4.2
      vertex 4.80048 0.00979614 4.2
      vertex 1.675 10 4.2
    endloop
  endfacet
  facet normal 0 0 1
    outer loop
      vertex 0.0097964 115.2 4.2
      vertex 3.54857 119.785 4.2
      vertex 3.08658 119.619 4.2
    endloop
  endfacet
  facet normal -0 0 1
    outer loop
      vertex 1.64281 9.67322 4.2
      vertex 4.80048 0.00979614 4.2
      vertex 1.66693 9.83582 4.2
    endloop
  endfacet
  facet normal 0 0 1
    outer loop
      vertex 0.0097964 115.2 4.2
      vertex 3.08658 119.619 4.2
      vertex 2.64301 119.41 4.2
    endloop
  endfacet
  facet normal -0 0 1
    outer loop
      vertex 1.60287 9.51377 4.2
      vertex 4.80048 0.00979614 4.2
      vertex 1.64281 9.67322 4.2
    endloop
  endfacet
  facet normal 0 0 1
    outer loop
      vertex 0.0097964 115.2 4.2
      vertex 2.64301 119.41 4.2
      vertex 2.22214 119.157 4.2
    endloop
  endfacet
  facet normal -0 0 1
    outer loop
      vertex 1.5475 9.359 4.2
      vertex 4.80048 0.00979614 4.2
      vertex 1.60287 9.51377 4.2
    endloop
  endfacet
  facet normal 0 0 1
    outer loop
      vertex 0.0097964 115.2 4.2
      vertex 2.22214 119.157 4.2
      vertex 1.82803 118.865 4.2
    endloop
  endfacet
  facet normal -0 0 1
    outer loop
      vertex 1.47722 9.21041 4.2
      vertex 4.80048 0.00979614 4.2
      vertex 1.5475 9.359 4.2
    endloop
  endfacet
  facet normal -0 0 1
    outer loop
      vertex 1.39271 9.06942 4.2
      vertex 4.80048 0.00979614 4.2
      vertex 1.47722 9.21041 4.2
    endloop
  endfacet
  facet normal 0 0 1
    outer loop
      vertex 4.5099 119.976 4.2
      vertex 1.66693 110.164 4.2
      vertex 1.675 110 4.2
    endloop
  endfacet
  facet normal 0 0 1
    outer loop
      vertex 4.5099 119.976 4.2
      vertex 1.64281 110.327 4.2
      vertex 1.66693 110.164 4.2
    endloop
  endfacet
  facet normal 0 0 1
    outer loop
      vertex 4.5099 119.976 4.2
      vertex 1.60287 110.486 4.2
      vertex 1.64281 110.327 4.2
    endloop
  endfacet
  facet normal 0 0 1
    outer loop
      vertex 4.5099 119.976 4.2
      vertex 1.5475 110.641 4.2
      vertex 1.60287 110.486 4.2
    endloop
  endfacet
  facet normal 0 0 1
    outer loop
      vertex 4.5099 119.976 4.2
      vertex 1.47722 110.79 4.2
      vertex 1.5475 110.641 4.2
    endloop
  endfacet
  facet normal 0 0 1
    outer loop
      vertex 0.0097964 115.2 4.2
      vertex 1.82803 118.865 4.2
      vertex 1.46446 118.536 4.2
    endloop
  endfacet
  facet normal 0 0 1
    outer loop
      vertex 4.5099 119.976 4.2
      vertex 1.39271 110.931 4.2
      vertex 1.47722 110.79 4.2
    endloop
  endfacet
  facet normal 0 0 1
    outer loop
      vertex 4.5099 119.976 4.2
      vertex 1.29479 111.063 4.2
      vertex 1.39271 110.931 4.2
    endloop
  endfacet
  facet normal 0 0 1
    outer loop
      vertex 4.5099 119.976 4.2
      vertex 0.0097964 115.2 4.2
      vertex 1.29479 111.063 4.2
    endloop
  endfacet
  facet normal 0 0 1
    outer loop
      vertex 0.0097964 115.2 4.2
      vertex 1.46446 118.536 4.2
      vertex 1.13493 118.172 4.2
    endloop
  endfacet
  facet normal 0 0 1
    outer loop
      vertex 1.29479 111.063 4.2
      vertex 0.0097964 115.2 4.2
      vertex 1.1844 111.184 4.2
    endloop
  endfacet
  facet normal 0 0 1
    outer loop
      vertex 1.1844 111.184 4.2
      vertex 0.0097964 115.2 4.2
      vertex 1.06261 111.295 4.2
    endloop
  endfacet
  facet normal 0 0 1
    outer loop
      vertex 0.0097964 115.2 4.2
      vertex 1.13493 118.172 4.2
      vertex 0.842651 117.778 4.2
    endloop
  endfacet
  facet normal 0 0 1
    outer loop
      vertex 1.06261 111.295 4.2
      vertex 0.0097964 115.2 4.2
      vertex 0.93058 111.393 4.2
    endloop
  endfacet
  facet normal 0 0 1
    outer loop
      vertex 0.93058 111.393 4.2
      vertex 0.0097964 115.2 4.2
      vertex 0.789589 111.477 4.2
    endloop
  endfacet
  facet normal 0 0 1
    outer loop
      vertex 0.0097964 115.2 4.2
      vertex 0.842651 117.778 4.2
      vertex 0.590393 117.357 4.2
    endloop
  endfacet
  facet normal 0 0 1
    outer loop
      vertex 0.789589 111.477 4.2
      vertex 0.0097964 115.2 4.2
      vertex 0.640994 111.548 4.2
    endloop
  endfacet
  facet normal 0 0 1
    outer loop
      vertex 0.0097964 115.2 4.2
      vertex 0.590393 117.357 4.2
      vertex 0.3806 116.913 4.2
    endloop
  endfacet
  facet normal 0 0 1
    outer loop
      vertex 0.640994 111.548 4.2
      vertex 0.0097964 115.2 4.2
      vertex 0.486226 111.603 4.2
    endloop
  endfacet
  facet normal 0 0 1
    outer loop
      vertex 0.0097964 115.2 4.2
      vertex 0.3806 116.913 4.2
      vertex 0.215286 116.451 4.2
    endloop
  endfacet
  facet normal 0 0 1
    outer loop
      vertex 0.486226 111.603 4.2
      vertex 0.0097964 115.2 4.2
      vertex 0.326776 111.643 4.2
    endloop
  endfacet
  facet normal 0 0 1
    outer loop
      vertex 0.0097964 115.2 4.2
      vertex 0.215286 116.451 4.2
      vertex 0.0960693 115.975 4.2
    endloop
  endfacet
  facet normal 0 0 1
    outer loop
      vertex 0.0097964 115.2 4.2
      vertex 0.0960693 115.975 4.2
      vertex 0.0240631 115.49 4.2
    endloop
  endfacet
  facet normal 0 0 1
    outer loop
      vertex 0.326776 111.643 4.2
      vertex 0.0097964 115.2 4.2
      vertex 0.164178 111.667 4.2
    endloop
  endfacet
  facet normal 0 0 1
    outer loop
      vertex 0 111.675 4.2
      vertex 0.0097964 115.2 4.2
      vertex 0 115.2 4.2
    endloop
  endfacet
  facet normal 0 0 1
    outer loop
      vertex 0.0097964 115.2 4.2
      vertex 0 111.675 4.2
      vertex 0.164178 111.667 4.2
    endloop
  endfacet
  facet normal 0 0 1
    outer loop
      vertex 0 115.2 4.2
      vertex -0.164178 111.667 4.2
      vertex 0 111.675 4.2
    endloop
  endfacet
  facet normal -0 0 1
    outer loop
      vertex -0.509688 115.175 4.2
      vertex -0.164178 111.667 4.2
      vertex 0 115.2 4.2
    endloop
  endfacet
  facet normal 0 0 1
    outer loop
      vertex -0.164178 111.667 4.2
      vertex -0.509688 115.175 4.2
      vertex -0.326776 111.643 4.2
    endloop
  endfacet
  facet normal -0 0 1
    outer loop
      vertex -1.01447 115.1 4.2
      vertex -0.326776 111.643 4.2
      vertex -0.509688 115.175 4.2
    endloop
  endfacet
  facet normal 0 0 1
    outer loop
      vertex -0.326776 111.643 4.2
      vertex -1.01447 115.1 4.2
      vertex -0.486226 111.603 4.2
    endloop
  endfacet
  facet normal -0 0 1
    outer loop
      vertex -1.50948 114.976 4.2
      vertex -0.486226 111.603 4.2
      vertex -1.01447 115.1 4.2
    endloop
  endfacet
  facet normal 0 0 1
    outer loop
      vertex -0.486226 111.603 4.2
      vertex -1.50948 114.976 4.2
      vertex -0.640994 111.548 4.2
    endloop
  endfacet
  facet normal -0 0 1
    outer loop
      vertex -1.98995 114.804 4.2
      vertex -0.640994 111.548 4.2
      vertex -1.50948 114.976 4.2
    endloop
  endfacet
  facet normal 0 0 1
    outer loop
      vertex -0.640994 111.548 4.2
      vertex -1.98995 114.804 4.2
      vertex -0.789589 111.477 4.2
    endloop
  endfacet
  facet normal -0 0 1
    outer loop
      vertex -2.45126 114.586 4.2
      vertex -0.789589 111.477 4.2
      vertex -1.98995 114.804 4.2
    endloop
  endfacet
  facet normal 0 0 1
    outer loop
      vertex -0.789589 111.477 4.2
      vertex -2.45126 114.586 4.2
      vertex -0.93058 111.393 4.2
    endloop
  endfacet
  facet normal -0 0 1
    outer loop
      vertex -2.88896 114.324 4.2
      vertex -0.93058 111.393 4.2
      vertex -2.45126 114.586 4.2
    endloop
  endfacet
  facet normal 0 0 1
    outer loop
      vertex -0.93058 111.393 4.2
      vertex -2.88896 114.324 4.2
      vertex -1.06261 111.295 4.2
    endloop
  endfacet
  facet normal -0 0 1
    outer loop
      vertex -3.29884 114.02 4.2
      vertex -1.06261 111.295 4.2
      vertex -2.88896 114.324 4.2
    endloop
  endfacet
  facet normal 0 0 1
    outer loop
      vertex -1.06261 111.295 4.2
      vertex -3.29884 114.02 4.2
      vertex -1.1844 111.184 4.2
    endloop
  endfacet
  facet normal -0 0 1
    outer loop
      vertex -3.67696 113.677 4.2
      vertex -1.1844 111.184 4.2
      vertex -3.29884 114.02 4.2
    endloop
  endfacet
  facet normal 0 0 1
    outer loop
      vertex -1.1844 111.184 4.2
      vertex -3.67696 113.677 4.2
      vertex -1.29479 111.063 4.2
    endloop
  endfacet
  facet normal -0 0 1
    outer loop
      vertex -4.01965 113.299 4.2
      vertex -1.29479 111.063 4.2
      vertex -3.67696 113.677 4.2
    endloop
  endfacet
  facet normal 0 0 1
    outer loop
      vertex -1.29479 111.063 4.2
      vertex -4.01965 113.299 4.2
      vertex -1.39271 110.931 4.2
    endloop
  endfacet
  facet normal -0 0 1
    outer loop
      vertex -4.32364 112.889 4.2
      vertex -1.39271 110.931 4.2
      vertex -4.01965 113.299 4.2
    endloop
  endfacet
  facet normal 0 0 1
    outer loop
      vertex 4.8 0 4.2
      vertex 8.325 0 4.2
      vertex 4.80048 0.00979614 4.2
    endloop
  endfacet
  facet normal 0 0 1
    outer loop
      vertex 8.325 0 4.2
      vertex 4.8 0 4.2
      vertex 4.82504 -0.509688 4.2
    endloop
  endfacet
  facet normal -0 0 1
    outer loop
      vertex 1.29479 8.93739 4.2
      vertex 4.80048 0.00979614 4.2
      vertex 1.39271 9.06942 4.2
    endloop
  endfacet
  facet normal -0 0 1
    outer loop
      vertex 0.00979614 4.80048 4.2
      vertex 4.80048 0.00979614 4.2
      vertex 1.29479 8.93739 4.2
    endloop
  endfacet
  facet normal -0 -0 1
    outer loop
      vertex 4.02454 0.0960693 4.2
      vertex 4.80048 0.00979614 4.2
      vertex 0.00979614 4.80048 4.2
    endloop
  endfacet
  facet normal 0 0 1
    outer loop
      vertex 4.80048 0.00979614 4.2
      vertex 4.02454 0.0960693 4.2
      vertex 4.5099 0.0240631 4.2
    endloop
  endfacet
  facet normal 0 0 1
    outer loop
      vertex 4.02454 0.0960693 4.2
      vertex 0.00979614 4.80048 4.2
      vertex 3.54857 0.215286 4.2
    endloop
  endfacet
  facet normal 0 0 1
    outer loop
      vertex 3.54857 0.215286 4.2
      vertex 0.00979614 4.80048 4.2
      vertex 3.08658 0.3806 4.2
    endloop
  endfacet
  facet normal 0 0 1
    outer loop
      vertex 3.08658 0.3806 4.2
      vertex 0.00979614 4.80048 4.2
      vertex 2.64301 0.590393 4.2
    endloop
  endfacet
  facet normal 0 0 1
    outer loop
      vertex 2.64301 0.590393 4.2
      vertex 0.00979614 4.80048 4.2
      vertex 2.22214 0.842651 4.2
    endloop
  endfacet
  facet normal 0 0 1
    outer loop
      vertex 2.22214 0.842651 4.2
      vertex 0.00979614 4.80048 4.2
      vertex 1.82803 1.13493 4.2
    endloop
  endfacet
  facet normal 0 0 1
    outer loop
      vertex 0.00979614 4.80048 4.2
      vertex 1.29479 8.93739 4.2
      vertex 1.1844 8.8156 4.2
    endloop
  endfacet
  facet normal 0 0 1
    outer loop
      vertex 1.82803 1.13493 4.2
      vertex 0.00979614 4.80048 4.2
      vertex 1.46446 1.46446 4.2
    endloop
  endfacet
  facet normal 0 0 1
    outer loop
      vertex 0.00979614 4.80048 4.2
      vertex 1.1844 8.8156 4.2
      vertex 1.06261 8.70521 4.2
    endloop
  endfacet
  facet normal 0 0 1
    outer loop
      vertex 0.00979614 4.80048 4.2
      vertex 1.06261 8.70521 4.2
      vertex 0.93058 8.60729 4.2
    endloop
  endfacet
  facet normal 0 0 1
    outer loop
      vertex 1.46446 1.46446 4.2
      vertex 0.00979614 4.80048 4.2
      vertex 1.13493 1.82803 4.2
    endloop
  endfacet
  facet normal 0 0 1
    outer loop
      vertex 0.00979614 4.80048 4.2
      vertex 0.93058 8.60729 4.2
      vertex 0.789589 8.52278 4.2
    endloop
  endfacet
  facet normal 0 0 1
    outer loop
      vertex 0.00979614 4.80048 4.2
      vertex 0.789589 8.52278 4.2
      vertex 0.640994 8.4525 4.2
    endloop
  endfacet
  facet normal 0 0 1
    outer loop
      vertex 1.13493 1.82803 4.2
      vertex 0.00979614 4.80048 4.2
      vertex 0.842651 2.22214 4.2
    endloop
  endfacet
  facet normal 0 0 1
    outer loop
      vertex 0.00979614 4.80048 4.2
      vertex 0.640994 8.4525 4.2
      vertex 0.486226 8.39712 4.2
    endloop
  endfacet
  facet normal 0 0 1
    outer loop
      vertex 0.842651 2.22214 4.2
      vertex 0.00979614 4.80048 4.2
      vertex 0.590393 2.64301 4.2
    endloop
  endfacet
  facet normal 0 0 1
    outer loop
      vertex 0.00979614 4.80048 4.2
      vertex 0.486226 8.39712 4.2
      vertex 0.326776 8.35718 4.2
    endloop
  endfacet
  facet normal 0 0 1
    outer loop
      vertex 0.590393 2.64301 4.2
      vertex 0.00979614 4.80048 4.2
      vertex 0.3806 3.08658 4.2
    endloop
  endfacet
  facet normal 0 0 1
    outer loop
      vertex 0.00979614 4.80048 4.2
      vertex 0.326776 8.35718 4.2
      vertex 0.164178 8.33307 4.2
    endloop
  endfacet
  facet normal 0 0 1
    outer loop
      vertex 0.3806 3.08658 4.2
      vertex 0.00979614 4.80048 4.2
      vertex 0.215286 3.54857 4.2
    endloop
  endfacet
  facet normal 0 0 1
    outer loop
      vertex 0.215286 3.54857 4.2
      vertex 0.00979614 4.80048 4.2
      vertex 0.0960693 4.02454 4.2
    endloop
  endfacet
  facet normal 0 0 1
    outer loop
      vertex 0.0960693 4.02454 4.2
      vertex 0.00979614 4.80048 4.2
      vertex 0.0240631 4.5099 4.2
    endloop
  endfacet
  facet normal -0 0 1
    outer loop
      vertex 0 8.325 4.2
      vertex 0.00979614 4.80048 4.2
      vertex 0.164178 8.33307 4.2
    endloop
  endfacet
  facet normal 0 0 1
    outer loop
      vertex 0 8.325 4.2
      vertex 0 4.8 4.2
      vertex 0.00979614 4.80048 4.2
    endloop
  endfacet
  facet normal 0 0 1
    outer loop
      vertex -0.164178 8.33307 4.2
      vertex 0 4.8 4.2
      vertex 0 8.325 4.2
    endloop
  endfacet
  facet normal 0 0 1
    outer loop
      vertex -0.509688 4.82504 4.2
      vertex -0.164178 8.33307 4.2
      vertex -0.326776 8.35718 4.2
    endloop
  endfacet
  facet normal 0 0 1
    outer loop
      vertex -1.01447 4.89992 4.2
      vertex -0.326776 8.35718 4.2
      vertex -0.486226 8.39712 4.2
    endloop
  endfacet
  facet normal 0 0 1
    outer loop
      vertex -0.164178 8.33307 4.2
      vertex -0.509688 4.82504 4.2
      vertex 0 4.8 4.2
    endloop
  endfacet
  facet normal 0 0 1
    outer loop
      vertex -1.50948 5.02391 4.2
      vertex -0.486226 8.39712 4.2
      vertex -0.640994 8.4525 4.2
    endloop
  endfacet
  facet normal 0 0 1
    outer loop
      vertex -1.98995 5.19583 4.2
      vertex -0.640994 8.4525 4.2
      vertex -0.789589 8.52278 4.2
    endloop
  endfacet
  facet normal 0 0 1
    outer loop
      vertex -2.45126 5.41401 4.2
      vertex -0.789589 8.52278 4.2
      vertex -0.93058 8.60729 4.2
    endloop
  endfacet
  facet normal 0 0 1
    outer loop
      vertex -0.326776 8.35718 4.2
      vertex -1.01447 4.89992 4.2
      vertex -0.509688 4.82504 4.2
    endloop
  endfacet
  facet normal 0 0 1
    outer loop
      vertex -2.88896 5.67636 4.2
      vertex -0.93058 8.60729 4.2
      vertex -1.06261 8.70521 4.2
    endloop
  endfacet
  facet normal 0 0 1
    outer loop
      vertex -3.29884 5.98034 4.2
      vertex -1.06261 8.70521 4.2
      vertex -1.1844 8.8156 4.2
    endloop
  endfacet
  facet normal 0 0 1
    outer loop
      vertex -3.67696 6.32304 4.2
      vertex -1.1844 8.8156 4.2
      vertex -1.29479 8.93739 4.2
    endloop
  endfacet
  facet normal 0 0 1
    outer loop
      vertex -4.01965 6.70115 4.2
      vertex -1.29479 8.93739 4.2
      vertex -1.39271 9.06942 4.2
    endloop
  endfacet
  facet normal 0 0 1
    outer loop
      vertex -4.32364 7.11103 4.2
      vertex -1.39271 9.06942 4.2
      vertex -1.47722 9.21041 4.2
    endloop
  endfacet
  facet normal 0 0 1
    outer loop
      vertex -0.486226 8.39712 4.2
      vertex -1.50948 5.02391 4.2
      vertex -1.01447 4.89992 4.2
    endloop
  endfacet
  facet normal 0 0 1
    outer loop
      vertex -4.58599 7.54874 4.2
      vertex -1.47722 9.21041 4.2
      vertex -1.5475 9.359 4.2
    endloop
  endfacet
  facet normal 0 0 1
    outer loop
      vertex -4.80417 8.01005 4.2
      vertex -1.5475 9.359 4.2
      vertex -1.60287 9.51377 4.2
    endloop
  endfacet
  facet normal 0 0 1
    outer loop
      vertex -4.97609 8.49052 4.2
      vertex -1.60287 9.51377 4.2
      vertex -1.64281 9.67322 4.2
    endloop
  endfacet
  facet normal 0 0 1
    outer loop
      vertex -5.10008 8.98553 4.2
      vertex -1.64281 9.67322 4.2
      vertex -1.66693 9.83582 4.2
    endloop
  endfacet
  facet normal 0 0 1
    outer loop
      vertex -5.17496 9.49031 4.2
      vertex -1.66693 9.83582 4.2
      vertex -1.675 10 4.2
    endloop
  endfacet
  facet normal 0 0 1
    outer loop
      vertex -1.39271 10.9306 4.2
      vertex -4.32364 12.889 4.2
      vertex -1.47722 10.7896 4.2
    endloop
  endfacet
  facet normal 0 0 1
    outer loop
      vertex -0.640994 8.4525 4.2
      vertex -1.98995 5.19583 4.2
      vertex -1.50948 5.02391 4.2
    endloop
  endfacet
  facet normal -0 0 1
    outer loop
      vertex -4.58599 12.4513 4.2
      vertex -1.47722 10.7896 4.2
      vertex -4.32364 12.889 4.2
    endloop
  endfacet
  facet normal 0 0 1
    outer loop
      vertex -0.789589 8.52278 4.2
      vertex -2.45126 5.41401 4.2
      vertex -1.98995 5.19583 4.2
    endloop
  endfacet
  facet normal 0 0 1
    outer loop
      vertex -1.47722 10.7896 4.2
      vertex -4.58599 12.4513 4.2
      vertex -1.5475 10.641 4.2
    endloop
  endfacet
  facet normal 0 0 1
    outer loop
      vertex -0.93058 8.60729 4.2
      vertex -2.88896 5.67636 4.2
      vertex -2.45126 5.41401 4.2
    endloop
  endfacet
  facet normal -0 0 1
    outer loop
      vertex -4.80417 11.99 4.2
      vertex -1.5475 10.641 4.2
      vertex -4.58599 12.4513 4.2
    endloop
  endfacet
  facet normal 0 0 1
    outer loop
      vertex -1.06261 8.70521 4.2
      vertex -3.29884 5.98034 4.2
      vertex -2.88896 5.67636 4.2
    endloop
  endfacet
  facet normal 0 0 1
    outer loop
      vertex -1.5475 10.641 4.2
      vertex -4.80417 11.99 4.2
      vertex -1.60287 10.4862 4.2
    endloop
  endfacet
  facet normal 0 0 1
    outer loop
      vertex -1.1844 8.8156 4.2
      vertex -3.67696 6.32304 4.2
      vertex -3.29884 5.98034 4.2
    endloop
  endfacet
  facet normal -0 0 1
    outer loop
      vertex -4.97609 11.5095 4.2
      vertex -1.60287 10.4862 4.2
      vertex -4.80417 11.99 4.2
    endloop
  endfacet
  facet normal 0 0 1
    outer loop
      vertex -1.29479 8.93739 4.2
      vertex -4.01965 6.70115 4.2
      vertex -3.67696 6.32304 4.2
    endloop
  endfacet
  facet normal 0 0 1
    outer loop
      vertex -1.60287 10.4862 4.2
      vertex -4.97609 11.5095 4.2
      vertex -1.64281 10.3268 4.2
    endloop
  endfacet
  facet normal 0 0 1
    outer loop
      vertex -1.39271 9.06942 4.2
      vertex -4.32364 7.11103 4.2
      vertex -4.01965 6.70115 4.2
    endloop
  endfacet
  facet normal -0 0 1
    outer loop
      vertex -5.10008 11.0145 4.2
      vertex -1.64281 10.3268 4.2
      vertex -4.97609 11.5095 4.2
    endloop
  endfacet
  facet normal 0 0 1
    outer loop
      vertex -1.47722 9.21041 4.2
      vertex -4.58599 7.54874 4.2
      vertex -4.32364 7.11103 4.2
    endloop
  endfacet
  facet normal 0 0 1
    outer loop
      vertex -1.64281 10.3268 4.2
      vertex -5.10008 11.0145 4.2
      vertex -1.66693 10.1642 4.2
    endloop
  endfacet
  facet normal 0 0 1
    outer loop
      vertex -1.5475 9.359 4.2
      vertex -4.80417 8.01005 4.2
      vertex -4.58599 7.54874 4.2
    endloop
  endfacet
  facet normal -0 0 1
    outer loop
      vertex -5.17496 10.5097 4.2
      vertex -1.66693 10.1642 4.2
      vertex -5.10008 11.0145 4.2
    endloop
  endfacet
  facet normal 0 0 1
    outer loop
      vertex -1.60287 9.51377 4.2
      vertex -4.97609 8.49052 4.2
      vertex -4.80417 8.01005 4.2
    endloop
  endfacet
  facet normal 0 0 1
    outer loop
      vertex -1.66693 10.1642 4.2
      vertex -5.17496 10.5097 4.2
      vertex -1.675 10 4.2
    endloop
  endfacet
  facet normal 0 0 1
    outer loop
      vertex -1.64281 9.67322 4.2
      vertex -5.10008 8.98553 4.2
      vertex -4.97609 8.49052 4.2
    endloop
  endfacet
  facet normal 0 0 1
    outer loop
      vertex -5.2 10 4.2
      vertex -1.675 10 4.2
      vertex -5.17496 10.5097 4.2
    endloop
  endfacet
  facet normal 0 0 1
    outer loop
      vertex -1.66693 9.83582 4.2
      vertex -5.17496 9.49031 4.2
      vertex -5.10008 8.98553 4.2
    endloop
  endfacet
  facet normal 0 0 1
    outer loop
      vertex -1.675 10 4.2
      vertex -5.2 10 4.2
      vertex -5.17496 9.49031 4.2
    endloop
  endfacet
  facet normal 0 0 1
    outer loop
      vertex 11.4772 119.21 4.2
      vertex 15.2 120 4.2
      vertex 11.5475 119.359 4.2
    endloop
  endfacet
  facet normal 0 0 1
    outer loop
      vertex 24 41 4.2
      vertex 11.6669 0.164178 4.2
      vertex 11.675 0 4.2
    endloop
  endfacet
  facet normal 0 0 1
    outer loop
      vertex 11.3927 119.069 4.2
      vertex 15.2 120 4.2
      vertex 11.4772 119.21 4.2
    endloop
  endfacet
  facet normal 0 0 1
    outer loop
      vertex 24 41 4.2
      vertex 11.6428 0.326776 4.2
      vertex 11.6669 0.164178 4.2
    endloop
  endfacet
  facet normal 0 0 1
    outer loop
      vertex 11.2948 118.937 4.2
      vertex 15.2 120 4.2
      vertex 11.3927 119.069 4.2
    endloop
  endfacet
  facet normal 0 0 1
    outer loop
      vertex 24 41 4.2
      vertex 11.6029 0.486226 4.2
      vertex 11.6428 0.326776 4.2
    endloop
  endfacet
  facet normal 0 0 1
    outer loop
      vertex 11.1844 118.816 4.2
      vertex 15.2 120 4.2
      vertex 11.2948 118.937 4.2
    endloop
  endfacet
  facet normal 0 0 1
    outer loop
      vertex 24 41 4.2
      vertex 11.5475 0.640994 4.2
      vertex 11.6029 0.486226 4.2
    endloop
  endfacet
  facet normal 0 0 1
    outer loop
      vertex 11.0626 118.705 4.2
      vertex 15.2 120 4.2
      vertex 11.1844 118.816 4.2
    endloop
  endfacet
  facet normal 0 0 1
    outer loop
      vertex 24 41 4.2
      vertex 11.4772 0.789589 4.2
      vertex 11.5475 0.640994 4.2
    endloop
  endfacet
  facet normal 0 0 1
    outer loop
      vertex 10.9306 118.607 4.2
      vertex 15.2 120 4.2
      vertex 11.0626 118.705 4.2
    endloop
  endfacet
  facet normal 0 0 1
    outer loop
      vertex 24 41 4.2
      vertex 11.3927 0.93058 4.2
      vertex 11.4772 0.789589 4.2
    endloop
  endfacet
  facet normal 0 0 1
    outer loop
      vertex 10.7896 118.523 4.2
      vertex 15.2 120 4.2
      vertex 10.9306 118.607 4.2
    endloop
  endfacet
  facet normal 0 0 1
    outer loop
      vertex 24 41 4.2
      vertex 11.2948 1.06261 4.2
      vertex 11.3927 0.93058 4.2
    endloop
  endfacet
  facet normal 0 0 1
    outer loop
      vertex 15.2 120 4.2
      vertex 10.7896 118.523 4.2
      vertex 29 103 4.2
    endloop
  endfacet
  facet normal 0 0 1
    outer loop
      vertex 24 41 4.2
      vertex 11.1844 1.1844 4.2
      vertex 11.2948 1.06261 4.2
    endloop
  endfacet
  facet normal -0 0 1
    outer loop
      vertex 10.641 118.452 4.2
      vertex 29 103 4.2
      vertex 10.7896 118.523 4.2
    endloop
  endfacet
  facet normal 0 0 1
    outer loop
      vertex 24 41 4.2
      vertex 11.0626 1.29479 4.2
      vertex 11.1844 1.1844 4.2
    endloop
  endfacet
  facet normal -0 0 1
    outer loop
      vertex 10.4862 118.397 4.2
      vertex 29 103 4.2
      vertex 10.641 118.452 4.2
    endloop
  endfacet
  facet normal 0 0 1
    outer loop
      vertex 24 41 4.2
      vertex 10.9306 1.39271 4.2
      vertex 11.0626 1.29479 4.2
    endloop
  endfacet
  facet normal -0 0 1
    outer loop
      vertex 10.1642 118.333 4.2
      vertex 1.66693 109.836 4.2
      vertex 10.3268 118.357 4.2
    endloop
  endfacet
  facet normal 0 0 1
    outer loop
      vertex 24 41 4.2
      vertex 10.7896 1.47722 4.2
      vertex 10.9306 1.39271 4.2
    endloop
  endfacet
  facet normal 0 0 1
    outer loop
      vertex 1.66693 109.836 4.2
      vertex 10.1642 118.333 4.2
      vertex 1.675 110 4.2
    endloop
  endfacet
  facet normal 0 0 1
    outer loop
      vertex 24 41 4.2
      vertex 10.641 1.5475 4.2
      vertex 10.7896 1.47722 4.2
    endloop
  endfacet
  facet normal 0 0 1
    outer loop
      vertex 1.675 110 4.2
      vertex 10.1642 118.333 4.2
      vertex 10 118.325 4.2
    endloop
  endfacet
  facet normal 0 0 1
    outer loop
      vertex 24 41 4.2
      vertex 10.4862 1.60287 4.2
      vertex 10.641 1.5475 4.2
    endloop
  endfacet
  facet normal 0 0 1
    outer loop
      vertex 1.675 110 4.2
      vertex 10 118.325 4.2
      vertex 9.83582 118.333 4.2
    endloop
  endfacet
  facet normal 0 0 1
    outer loop
      vertex 24 41 4.2
      vertex 10.3268 1.64281 4.2
      vertex 10.4862 1.60287 4.2
    endloop
  endfacet
  facet normal 0 0 1
    outer loop
      vertex 1.675 110 4.2
      vertex 9.83582 118.333 4.2
      vertex 9.67322 118.357 4.2
    endloop
  endfacet
  facet normal 0 0 1
    outer loop
      vertex 24 41 4.2
      vertex 10.1642 1.66693 4.2
      vertex 10.3268 1.64281 4.2
    endloop
  endfacet
  facet normal 0 0 1
    outer loop
      vertex 1.64281 109.673 4.2
      vertex 10.3268 118.357 4.2
      vertex 1.66693 109.836 4.2
    endloop
  endfacet
  facet normal 0 0 1
    outer loop
      vertex 24 41 4.2
      vertex 10 1.675 4.2
      vertex 10.1642 1.66693 4.2
    endloop
  endfacet
  facet normal 0 0 1
    outer loop
      vertex 1.675 110 4.2
      vertex 9.67322 118.357 4.2
      vertex 9.51377 118.397 4.2
    endloop
  endfacet
  facet normal 0 0 1
    outer loop
      vertex 24 41 4.2
      vertex 9.83582 1.66693 4.2
      vertex 10 1.675 4.2
    endloop
  endfacet
  facet normal 0 0 1
    outer loop
      vertex 1.675 110 4.2
      vertex 9.51377 118.397 4.2
      vertex 9.359 118.452 4.2
    endloop
  endfacet
  facet normal 0 0 1
    outer loop
      vertex 24 41 4.2
      vertex 9.67322 1.64281 4.2
      vertex 9.83582 1.66693 4.2
    endloop
  endfacet
  facet normal 0 0 1
    outer loop
      vertex 9.06942 118.607 4.2
      vertex 1.675 110 4.2
      vertex 9.21041 118.523 4.2
    endloop
  endfacet
  facet normal 0 0 1
    outer loop
      vertex 24 41 4.2
      vertex 9.51377 1.60287 4.2
      vertex 9.67322 1.64281 4.2
    endloop
  endfacet
  facet normal 0 0 1
    outer loop
      vertex 9.21041 118.523 4.2
      vertex 1.675 110 4.2
      vertex 9.359 118.452 4.2
    endloop
  endfacet
  facet normal 0 0 1
    outer loop
      vertex 24 41 4.2
      vertex 9.359 1.5475 4.2
      vertex 9.51377 1.60287 4.2
    endloop
  endfacet
  facet normal 0 0 1
    outer loop
      vertex 8.93739 118.705 4.2
      vertex 1.675 110 4.2
      vertex 9.06942 118.607 4.2
    endloop
  endfacet
  facet normal -0 0 1
    outer loop
      vertex 10.3268 118.357 4.2
      vertex 1.64281 109.673 4.2
      vertex 10.4862 118.397 4.2
    endloop
  endfacet
  facet normal 0 0 1
    outer loop
      vertex 1.675 110 4.2
      vertex 4.80048 119.99 4.2
      vertex 4.5099 119.976 4.2
    endloop
  endfacet
  facet normal 0 0 1
    outer loop
      vertex 4.80048 0.00979614 4.2
      vertex 9.359 1.5475 4.2
      vertex 24 41 4.2
    endloop
  endfacet
  facet normal 0 0 1
    outer loop
      vertex 1.675 110 4.2
      vertex 8.93739 118.705 4.2
      vertex 4.80048 119.99 4.2
    endloop
  endfacet
  facet normal 0 0 1
    outer loop
      vertex 9.359 1.5475 4.2
      vertex 4.80048 0.00979614 4.2
      vertex 9.21041 1.47722 4.2
    endloop
  endfacet
  facet normal 0 0 1
    outer loop
      vertex 4.80048 119.99 4.2
      vertex 8.93739 118.705 4.2
      vertex 8.8156 118.816 4.2
    endloop
  endfacet
  facet normal 0 0 1
    outer loop
      vertex 4.80048 0.00979614 4.2
      vertex 9.06942 1.39271 4.2
      vertex 9.21041 1.47722 4.2
    endloop
  endfacet
  facet normal 0 0 1
    outer loop
      vertex 4.80048 119.99 4.2
      vertex 8.8156 118.816 4.2
      vertex 8.70521 118.937 4.2
    endloop
  endfacet
  facet normal 0 0 1
    outer loop
      vertex 4.80048 0.00979614 4.2
      vertex 8.93739 1.29479 4.2
      vertex 9.06942 1.39271 4.2
    endloop
  endfacet
  facet normal 0 0 1
    outer loop
      vertex 4.80048 119.99 4.2
      vertex 8.70521 118.937 4.2
      vertex 8.60729 119.069 4.2
    endloop
  endfacet
  facet normal 0 0 1
    outer loop
      vertex 4.80048 0.00979614 4.2
      vertex 8.8156 1.1844 4.2
      vertex 8.93739 1.29479 4.2
    endloop
  endfacet
  facet normal 0 0 1
    outer loop
      vertex 4.80048 119.99 4.2
      vertex 8.60729 119.069 4.2
      vertex 8.52278 119.21 4.2
    endloop
  endfacet
  facet normal 0 0 1
    outer loop
      vertex 4.80048 0.00979614 4.2
      vertex 8.70521 1.06261 4.2
      vertex 8.8156 1.1844 4.2
    endloop
  endfacet
  facet normal 0 0 1
    outer loop
      vertex 4.80048 119.99 4.2
      vertex 8.52278 119.21 4.2
      vertex 8.4525 119.359 4.2
    endloop
  endfacet
  facet normal 0 0 1
    outer loop
      vertex 4.80048 0.00979614 4.2
      vertex 8.60729 0.93058 4.2
      vertex 8.70521 1.06261 4.2
    endloop
  endfacet
  facet normal 0 0 1
    outer loop
      vertex 4.80048 119.99 4.2
      vertex 8.4525 119.359 4.2
      vertex 8.39712 119.514 4.2
    endloop
  endfacet
  facet normal 0 0 1
    outer loop
      vertex 4.80048 0.00979614 4.2
      vertex 8.52278 0.789589 4.2
      vertex 8.60729 0.93058 4.2
    endloop
  endfacet
  facet normal 0 0 1
    outer loop
      vertex 4.80048 119.99 4.2
      vertex 8.39712 119.514 4.2
      vertex 8.35718 119.673 4.2
    endloop
  endfacet
  facet normal 0 0 1
    outer loop
      vertex 4.80048 0.00979614 4.2
      vertex 8.4525 0.640994 4.2
      vertex 8.52278 0.789589 4.2
    endloop
  endfacet
  facet normal 0 0 1
    outer loop
      vertex 4.80048 119.99 4.2
      vertex 8.35718 119.673 4.2
      vertex 8.33307 119.836 4.2
    endloop
  endfacet
  facet normal 0 0 1
    outer loop
      vertex 4.80048 0.00979614 4.2
      vertex 8.39712 0.486226 4.2
      vertex 8.4525 0.640994 4.2
    endloop
  endfacet
  facet normal -0 0 1
    outer loop
      vertex 4.80048 119.99 4.2
      vertex 8.33307 119.836 4.2
      vertex 8.325 120 4.2
    endloop
  endfacet
  facet normal 0 0 1
    outer loop
      vertex 4.80048 0.00979614 4.2
      vertex 8.35718 0.326776 4.2
      vertex 8.39712 0.486226 4.2
    endloop
  endfacet
  facet normal -0 0 1
    outer loop
      vertex 11.3927 -0.93058 4.2
      vertex 14.3236 -2.88896 4.2
      vertex 11.4772 -0.789589 4.2
    endloop
  endfacet
  facet normal 0 0 1
    outer loop
      vertex 14.3236 -2.88896 4.2
      vertex 11.3927 -0.93058 4.2
      vertex 14.0197 -3.29884 4.2
    endloop
  endfacet
  facet normal -0 0 1
    outer loop
      vertex 11.2948 -1.06261 4.2
      vertex 14.0197 -3.29884 4.2
      vertex 11.3927 -0.93058 4.2
    endloop
  endfacet
  facet normal 0 0 1
    outer loop
      vertex 14.0197 -3.29884 4.2
      vertex 11.2948 -1.06261 4.2
      vertex 13.677 -3.67696 4.2
    endloop
  endfacet
  facet normal -0 0 1
    outer loop
      vertex 11.1844 -1.1844 4.2
      vertex 13.677 -3.67696 4.2
      vertex 11.2948 -1.06261 4.2
    endloop
  endfacet
  facet normal 0 0 1
    outer loop
      vertex 13.677 -3.67696 4.2
      vertex 11.1844 -1.1844 4.2
      vertex 13.2988 -4.01965 4.2
    endloop
  endfacet
  facet normal -0 0 1
    outer loop
      vertex 11.0626 -1.29479 4.2
      vertex 13.2988 -4.01965 4.2
      vertex 11.1844 -1.1844 4.2
    endloop
  endfacet
  facet normal 0 0 1
    outer loop
      vertex 13.2988 -4.01965 4.2
      vertex 11.0626 -1.29479 4.2
      vertex 12.889 -4.32364 4.2
    endloop
  endfacet
  facet normal -0 0 1
    outer loop
      vertex 10.9306 -1.39271 4.2
      vertex 12.889 -4.32364 4.2
      vertex 11.0626 -1.29479 4.2
    endloop
  endfacet
  facet normal 0 0 1
    outer loop
      vertex 12.889 -4.32364 4.2
      vertex 10.9306 -1.39271 4.2
      vertex 12.4513 -4.58599 4.2
    endloop
  endfacet
  facet normal -0 0 1
    outer loop
      vertex 10.7896 -1.47722 4.2
      vertex 12.4513 -4.58599 4.2
      vertex 10.9306 -1.39271 4.2
    endloop
  endfacet
  facet normal 0 0 1
    outer loop
      vertex 12.4513 -4.58599 4.2
      vertex 10.7896 -1.47722 4.2
      vertex 11.99 -4.80417 4.2
    endloop
  endfacet
  facet normal -0 0 1
    outer loop
      vertex 10.641 -1.5475 4.2
      vertex 11.99 -4.80417 4.2
      vertex 10.7896 -1.47722 4.2
    endloop
  endfacet
  facet normal 0 0 1
    outer loop
      vertex 11.99 -4.80417 4.2
      vertex 10.641 -1.5475 4.2
      vertex 11.5095 -4.97609 4.2
    endloop
  endfacet
  facet normal -0 0 1
    outer loop
      vertex 10.4862 -1.60287 4.2
      vertex 11.5095 -4.97609 4.2
      vertex 10.641 -1.5475 4.2
    endloop
  endfacet
  facet normal 0 0 1
    outer loop
      vertex 11.5095 -4.97609 4.2
      vertex 10.4862 -1.60287 4.2
      vertex 11.0145 -5.10008 4.2
    endloop
  endfacet
  facet normal -0 0 1
    outer loop
      vertex 10.3268 -1.64281 4.2
      vertex 11.0145 -5.10008 4.2
      vertex 10.4862 -1.60287 4.2
    endloop
  endfacet
  facet normal 0 0 1
    outer loop
      vertex 11.0145 -5.10008 4.2
      vertex 10.3268 -1.64281 4.2
      vertex 10.5097 -5.17496 4.2
    endloop
  endfacet
  facet normal -0 0 1
    outer loop
      vertex 10.1642 -1.66693 4.2
      vertex 10.5097 -5.17496 4.2
      vertex 10.3268 -1.64281 4.2
    endloop
  endfacet
  facet normal -0 0 1
    outer loop
      vertex 10 -1.675 4.2
      vertex 10.5097 -5.17496 4.2
      vertex 10.1642 -1.66693 4.2
    endloop
  endfacet
  facet normal 0 0 1
    outer loop
      vertex 10 -1.675 4.2
      vertex 10 -5.2 4.2
      vertex 10.5097 -5.17496 4.2
    endloop
  endfacet
  facet normal 0 0 1
    outer loop
      vertex 9.83582 -1.66693 4.2
      vertex 10 -5.2 4.2
      vertex 10 -1.675 4.2
    endloop
  endfacet
  facet normal 0 0 1
    outer loop
      vertex 9.49031 -5.17496 4.2
      vertex 9.83582 -1.66693 4.2
      vertex 9.67322 -1.64281 4.2
    endloop
  endfacet
  facet normal 0 0 1
    outer loop
      vertex 8.98553 -5.10008 4.2
      vertex 9.67322 -1.64281 4.2
      vertex 9.51377 -1.60287 4.2
    endloop
  endfacet
  facet normal 0 0 1
    outer loop
      vertex 9.83582 -1.66693 4.2
      vertex 9.49031 -5.17496 4.2
      vertex 10 -5.2 4.2
    endloop
  endfacet
  facet normal 0 0 1
    outer loop
      vertex 8.49052 -4.97609 4.2
      vertex 9.51377 -1.60287 4.2
      vertex 9.359 -1.5475 4.2
    endloop
  endfacet
  facet normal 0 0 1
    outer loop
      vertex 8.01005 -4.80417 4.2
      vertex 9.359 -1.5475 4.2
      vertex 9.21041 -1.47722 4.2
    endloop
  endfacet
  facet normal 0 0 1
    outer loop
      vertex 7.54874 -4.58599 4.2
      vertex 9.21041 -1.47722 4.2
      vertex 9.06942 -1.39271 4.2
    endloop
  endfacet
  facet normal 0 0 1
    outer loop
      vertex 9.67322 -1.64281 4.2
      vertex 8.98553 -5.10008 4.2
      vertex 9.49031 -5.17496 4.2
    endloop
  endfacet
  facet normal 0 0 1
    outer loop
      vertex 7.11103 -4.32364 4.2
      vertex 9.06942 -1.39271 4.2
      vertex 8.93739 -1.29479 4.2
    endloop
  endfacet
  facet normal 0 0 1
    outer loop
      vertex 6.70115 -4.01965 4.2
      vertex 8.93739 -1.29479 4.2
      vertex 8.8156 -1.1844 4.2
    endloop
  endfacet
  facet normal 0 0 1
    outer loop
      vertex 6.32304 -3.67696 4.2
      vertex 8.8156 -1.1844 4.2
      vertex 8.70521 -1.06261 4.2
    endloop
  endfacet
  facet normal 0 0 1
    outer loop
      vertex 5.98034 -3.29884 4.2
      vertex 8.70521 -1.06261 4.2
      vertex 8.60729 -0.93058 4.2
    endloop
  endfacet
  facet normal 0 0 1
    outer loop
      vertex 5.67636 -2.88896 4.2
      vertex 8.60729 -0.93058 4.2
      vertex 8.52278 -0.789589 4.2
    endloop
  endfacet
  facet normal 0 0 1
    outer loop
      vertex 9.51377 -1.60287 4.2
      vertex 8.49052 -4.97609 4.2
      vertex 8.98553 -5.10008 4.2
    endloop
  endfacet
  facet normal 0 0 1
    outer loop
      vertex 5.41401 -2.45126 4.2
      vertex 8.52278 -0.789589 4.2
      vertex 8.4525 -0.640994 4.2
    endloop
  endfacet
  facet normal 0 0 1
    outer loop
      vertex 5.19583 -1.98995 4.2
      vertex 8.4525 -0.640994 4.2
      vertex 8.39712 -0.486226 4.2
    endloop
  endfacet
  facet normal 0 0 1
    outer loop
      vertex 5.02391 -1.50948 4.2
      vertex 8.39712 -0.486226 4.2
      vertex 8.35718 -0.326776 4.2
    endloop
  endfacet
  facet normal 0 0 1
    outer loop
      vertex 4.89992 -1.01447 4.2
      vertex 8.35718 -0.326776 4.2
      vertex 8.33307 -0.164178 4.2
    endloop
  endfacet
  facet normal 0 0 1
    outer loop
      vertex 4.82504 -0.509688 4.2
      vertex 8.33307 -0.164178 4.2
      vertex 8.325 0 4.2
    endloop
  endfacet
  facet normal 0 0 1
    outer loop
      vertex 9.359 -1.5475 4.2
      vertex 8.01005 -4.80417 4.2
      vertex 8.49052 -4.97609 4.2
    endloop
  endfacet
  facet normal 0 0 1
    outer loop
      vertex 4.80048 0.00979614 4.2
      vertex 8.33307 0.164178 4.2
      vertex 8.35718 0.326776 4.2
    endloop
  endfacet
  facet normal 0 0 1
    outer loop
      vertex 4.80048 119.99 4.2
      vertex 8.01005 124.804 4.2
      vertex 7.54874 124.586 4.2
    endloop
  endfacet
  facet normal -0 0 1
    outer loop
      vertex 4.80048 0.00979614 4.2
      vertex 8.325 0 4.2
      vertex 8.33307 0.164178 4.2
    endloop
  endfacet
  facet normal 0 0 1
    outer loop
      vertex 4.80048 119.99 4.2
      vertex 7.54874 124.586 4.2
      vertex 7.11103 124.324 4.2
    endloop
  endfacet
  facet normal 0 0 1
    outer loop
      vertex 8.33307 -0.164178 4.2
      vertex 4.82504 -0.509688 4.2
      vertex 4.89992 -1.01447 4.2
    endloop
  endfacet
  facet normal 0 0 1
    outer loop
      vertex 4.80048 119.99 4.2
      vertex 7.11103 124.324 4.2
      vertex 6.70115 124.02 4.2
    endloop
  endfacet
  facet normal 0 0 1
    outer loop
      vertex 9.21041 -1.47722 4.2
      vertex 7.54874 -4.58599 4.2
      vertex 8.01005 -4.80417 4.2
    endloop
  endfacet
  facet normal 0 0 1
    outer loop
      vertex 4.80048 119.99 4.2
      vertex 6.70115 124.02 4.2
      vertex 6.32304 123.677 4.2
    endloop
  endfacet
  facet normal 0 0 1
    outer loop
      vertex 9.06942 -1.39271 4.2
      vertex 7.11103 -4.32364 4.2
      vertex 7.54874 -4.58599 4.2
    endloop
  endfacet
  facet normal 0 0 1
    outer loop
      vertex 4.80048 119.99 4.2
      vertex 6.32304 123.677 4.2
      vertex 5.98034 123.299 4.2
    endloop
  endfacet
  facet normal 0 0 1
    outer loop
      vertex 8.93739 -1.29479 4.2
      vertex 6.70115 -4.01965 4.2
      vertex 7.11103 -4.32364 4.2
    endloop
  endfacet
  facet normal 0 0 1
    outer loop
      vertex 4.80048 119.99 4.2
      vertex 5.98034 123.299 4.2
      vertex 5.67636 122.889 4.2
    endloop
  endfacet
  facet normal 0 0 1
    outer loop
      vertex 8.8156 -1.1844 4.2
      vertex 6.32304 -3.67696 4.2
      vertex 6.70115 -4.01965 4.2
    endloop
  endfacet
  facet normal 0 0 1
    outer loop
      vertex 4.80048 119.99 4.2
      vertex 5.67636 122.889 4.2
      vertex 5.41401 122.451 4.2
    endloop
  endfacet
  facet normal 0 0 1
    outer loop
      vertex 8.70521 -1.06261 4.2
      vertex 5.98034 -3.29884 4.2
      vertex 6.32304 -3.67696 4.2
    endloop
  endfacet
  facet normal 0 0 1
    outer loop
      vertex 4.80048 119.99 4.2
      vertex 5.41401 122.451 4.2
      vertex 5.19583 121.99 4.2
    endloop
  endfacet
  facet normal 0 0 1
    outer loop
      vertex 8.60729 -0.93058 4.2
      vertex 5.67636 -2.88896 4.2
      vertex 5.98034 -3.29884 4.2
    endloop
  endfacet
  facet normal 0 0 1
    outer loop
      vertex 4.80048 119.99 4.2
      vertex 5.19583 121.99 4.2
      vertex 5.02391 121.509 4.2
    endloop
  endfacet
  facet normal 0 0 1
    outer loop
      vertex 8.52278 -0.789589 4.2
      vertex 5.41401 -2.45126 4.2
      vertex 5.67636 -2.88896 4.2
    endloop
  endfacet
  facet normal 0 0 1
    outer loop
      vertex 4.80048 119.99 4.2
      vertex 5.02391 121.509 4.2
      vertex 4.89992 121.014 4.2
    endloop
  endfacet
  facet normal 0 0 1
    outer loop
      vertex 8.4525 -0.640994 4.2
      vertex 5.19583 -1.98995 4.2
      vertex 5.41401 -2.45126 4.2
    endloop
  endfacet
  facet normal 0 0 1
    outer loop
      vertex 4.80048 119.99 4.2
      vertex 4.89992 121.014 4.2
      vertex 4.82504 120.51 4.2
    endloop
  endfacet
  facet normal 0 0 1
    outer loop
      vertex 8.39712 -0.486226 4.2
      vertex 5.02391 -1.50948 4.2
      vertex 5.19583 -1.98995 4.2
    endloop
  endfacet
  facet normal 0 0 1
    outer loop
      vertex 8.35718 -0.326776 4.2
      vertex 4.89992 -1.01447 4.2
      vertex 5.02391 -1.50948 4.2
    endloop
  endfacet
  facet normal 0 -0 1
    outer loop
      vertex 4.80048 119.99 4.2
      vertex 4.82504 120.51 4.2
      vertex 4.8 120 4.2
    endloop
  endfacet
  facet normal 0 0 1
    outer loop
      vertex 108.333 0.164178 4.2
      vertex 104.8 0 4.2
      vertex 108.325 0 4.2
    endloop
  endfacet
  facet normal -0 0 1
    outer loop
      vertex 24 15 4.2
      vertex 104.8 0 4.2
      vertex 104 15 4.2
    endloop
  endfacet
  facet normal 0 0 1
    outer loop
      vertex 24 15 4.2
      vertex 15.2 0 4.2
      vertex 104.8 0 4.2
    endloop
  endfacet
  facet normal 0 0 1
    outer loop
      vertex 11.675 0 4.2
      vertex 24 15 4.2
      vertex 24 41 4.2
    endloop
  endfacet
  facet normal 0 0 1
    outer loop
      vertex 11.675 120 4.2
      vertex 15.2 120 4.2
      vertex 15.175 120.51 4.2
    endloop
  endfacet
  facet normal 0 0 1
    outer loop
      vertex 11.5475 119.359 4.2
      vertex 15.2 120 4.2
      vertex 11.6029 119.514 4.2
    endloop
  endfacet
  facet normal 0 0 1
    outer loop
      vertex 11.6669 120.164 4.2
      vertex 15.175 120.51 4.2
      vertex 15.1001 121.014 4.2
    endloop
  endfacet
  facet normal 0 0 1
    outer loop
      vertex 24 15 4.2
      vertex 11.675 0 4.2
      vertex 15.2 0 4.2
    endloop
  endfacet
  facet normal 0 0 1
    outer loop
      vertex 11.6428 120.327 4.2
      vertex 15.1001 121.014 4.2
      vertex 14.9761 121.509 4.2
    endloop
  endfacet
  facet normal -0 0 1
    outer loop
      vertex 11.675 0 4.2
      vertex 15.175 -0.509688 4.2
      vertex 15.2 0 4.2
    endloop
  endfacet
  facet normal 0 0 1
    outer loop
      vertex 11.6029 120.486 4.2
      vertex 14.9761 121.509 4.2
      vertex 14.8042 121.99 4.2
    endloop
  endfacet
  facet normal -0 0 1
    outer loop
      vertex 11.6669 -0.164178 4.2
      vertex 15.175 -0.509688 4.2
      vertex 11.675 0 4.2
    endloop
  endfacet
  facet normal 0 0 1
    outer loop
      vertex 11.5475 120.641 4.2
      vertex 14.8042 121.99 4.2
      vertex 14.586 122.451 4.2
    endloop
  endfacet
  facet normal 0 0 1
    outer loop
      vertex 15.175 -0.509688 4.2
      vertex 11.6669 -0.164178 4.2
      vertex 15.1001 -1.01447 4.2
    endloop
  endfacet
  facet normal 0 0 1
    outer loop
      vertex 11.4772 120.79 4.2
      vertex 14.586 122.451 4.2
      vertex 14.3236 122.889 4.2
    endloop
  endfacet
  facet normal -0 0 1
    outer loop
      vertex 11.6428 -0.326776 4.2
      vertex 15.1001 -1.01447 4.2
      vertex 11.6669 -0.164178 4.2
    endloop
  endfacet
  facet normal 0 0 1
    outer loop
      vertex 11.3927 120.931 4.2
      vertex 14.3236 122.889 4.2
      vertex 14.0197 123.299 4.2
    endloop
  endfacet
  facet normal 0 0 1
    outer loop
      vertex 15.1001 -1.01447 4.2
      vertex 11.6428 -0.326776 4.2
      vertex 14.9761 -1.50948 4.2
    endloop
  endfacet
  facet normal 0 0 1
    outer loop
      vertex 11.2948 121.063 4.2
      vertex 14.0197 123.299 4.2
      vertex 13.677 123.677 4.2
    endloop
  endfacet
  facet normal -0 0 1
    outer loop
      vertex 11.6029 -0.486226 4.2
      vertex 14.9761 -1.50948 4.2
      vertex 11.6428 -0.326776 4.2
    endloop
  endfacet
  facet normal 0 0 1
    outer loop
      vertex 11.1844 121.184 4.2
      vertex 13.677 123.677 4.2
      vertex 13.2988 124.02 4.2
    endloop
  endfacet
  facet normal 0 0 1
    outer loop
      vertex 14.9761 -1.50948 4.2
      vertex 11.6029 -0.486226 4.2
      vertex 14.8042 -1.98995 4.2
    endloop
  endfacet
  facet normal 0 0 1
    outer loop
      vertex 11.0626 121.295 4.2
      vertex 13.2988 124.02 4.2
      vertex 12.889 124.324 4.2
    endloop
  endfacet
  facet normal -0 0 1
    outer loop
      vertex 11.5475 -0.640994 4.2
      vertex 14.8042 -1.98995 4.2
      vertex 11.6029 -0.486226 4.2
    endloop
  endfacet
  facet normal 0 0 1
    outer loop
      vertex 10.9306 121.393 4.2
      vertex 12.889 124.324 4.2
      vertex 12.4513 124.586 4.2
    endloop
  endfacet
  facet normal 0 0 1
    outer loop
      vertex 14.8042 -1.98995 4.2
      vertex 11.5475 -0.640994 4.2
      vertex 14.586 -2.45126 4.2
    endloop
  endfacet
  facet normal 0 0 1
    outer loop
      vertex 10.7896 121.477 4.2
      vertex 12.4513 124.586 4.2
      vertex 11.99 124.804 4.2
    endloop
  endfacet
  facet normal -0 0 1
    outer loop
      vertex 11.4772 -0.789589 4.2
      vertex 14.586 -2.45126 4.2
      vertex 11.5475 -0.640994 4.2
    endloop
  endfacet
  facet normal 0 0 1
    outer loop
      vertex 14.586 -2.45126 4.2
      vertex 11.4772 -0.789589 4.2
      vertex 14.3236 -2.88896 4.2
    endloop
  endfacet
  facet normal 0 0 1
    outer loop
      vertex 15.175 120.51 4.2
      vertex 11.6669 120.164 4.2
      vertex 11.675 120 4.2
    endloop
  endfacet
  facet normal 0 0 1
    outer loop
      vertex 15.1001 121.014 4.2
      vertex 11.6428 120.327 4.2
      vertex 11.6669 120.164 4.2
    endloop
  endfacet
  facet normal 0 0 1
    outer loop
      vertex 14.9761 121.509 4.2
      vertex 11.6029 120.486 4.2
      vertex 11.6428 120.327 4.2
    endloop
  endfacet
  facet normal 0 0 1
    outer loop
      vertex 14.8042 121.99 4.2
      vertex 11.5475 120.641 4.2
      vertex 11.6029 120.486 4.2
    endloop
  endfacet
  facet normal 0 0 1
    outer loop
      vertex 10.641 121.548 4.2
      vertex 11.99 124.804 4.2
      vertex 11.5095 124.976 4.2
    endloop
  endfacet
  facet normal 0 0 1
    outer loop
      vertex 14.586 122.451 4.2
      vertex 11.4772 120.79 4.2
      vertex 11.5475 120.641 4.2
    endloop
  endfacet
  facet normal 0 0 1
    outer loop
      vertex 14.3236 122.889 4.2
      vertex 11.3927 120.931 4.2
      vertex 11.4772 120.79 4.2
    endloop
  endfacet
  facet normal 0 0 1
    outer loop
      vertex 14.0197 123.299 4.2
      vertex 11.2948 121.063 4.2
      vertex 11.3927 120.931 4.2
    endloop
  endfacet
  facet normal 0 0 1
    outer loop
      vertex 13.677 123.677 4.2
      vertex 11.1844 121.184 4.2
      vertex 11.2948 121.063 4.2
    endloop
  endfacet
  facet normal 0 0 1
    outer loop
      vertex 13.2988 124.02 4.2
      vertex 11.0626 121.295 4.2
      vertex 11.1844 121.184 4.2
    endloop
  endfacet
  facet normal 0 0 1
    outer loop
      vertex 10.4862 121.603 4.2
      vertex 11.5095 124.976 4.2
      vertex 11.0145 125.1 4.2
    endloop
  endfacet
  facet normal 0 0 1
    outer loop
      vertex 12.889 124.324 4.2
      vertex 10.9306 121.393 4.2
      vertex 11.0626 121.295 4.2
    endloop
  endfacet
  facet normal 0 0 1
    outer loop
      vertex 12.4513 124.586 4.2
      vertex 10.7896 121.477 4.2
      vertex 10.9306 121.393 4.2
    endloop
  endfacet
  facet normal 0 0 1
    outer loop
      vertex 11.99 124.804 4.2
      vertex 10.641 121.548 4.2
      vertex 10.7896 121.477 4.2
    endloop
  endfacet
  facet normal 0 0 1
    outer loop
      vertex 10.3268 121.643 4.2
      vertex 11.0145 125.1 4.2
      vertex 10.5097 125.175 4.2
    endloop
  endfacet
  facet normal 0 0 1
    outer loop
      vertex 11.5095 124.976 4.2
      vertex 10.4862 121.603 4.2
      vertex 10.641 121.548 4.2
    endloop
  endfacet
  facet normal 0 0 1
    outer loop
      vertex 11.0145 125.1 4.2
      vertex 10.3268 121.643 4.2
      vertex 10.4862 121.603 4.2
    endloop
  endfacet
  facet normal 0 0 1
    outer loop
      vertex 10.5097 125.175 4.2
      vertex 10.1642 121.667 4.2
      vertex 10.3268 121.643 4.2
    endloop
  endfacet
  facet normal 0 0 1
    outer loop
      vertex 10 125.2 4.2
      vertex 10.1642 121.667 4.2
      vertex 10.5097 125.175 4.2
    endloop
  endfacet
  facet normal 0 0 1
    outer loop
      vertex 10 125.2 4.2
      vertex 10 121.675 4.2
      vertex 10.1642 121.667 4.2
    endloop
  endfacet
  facet normal 0 0 1
    outer loop
      vertex 10 125.2 4.2
      vertex 9.83582 121.667 4.2
      vertex 10 121.675 4.2
    endloop
  endfacet
  facet normal -0 0 1
    outer loop
      vertex 9.49031 125.175 4.2
      vertex 9.83582 121.667 4.2
      vertex 10 125.2 4.2
    endloop
  endfacet
  facet normal 0 0 1
    outer loop
      vertex 9.83582 121.667 4.2
      vertex 9.49031 125.175 4.2
      vertex 9.67322 121.643 4.2
    endloop
  endfacet
  facet normal -0 0 1
    outer loop
      vertex 8.98553 125.1 4.2
      vertex 9.67322 121.643 4.2
      vertex 9.49031 125.175 4.2
    endloop
  endfacet
  facet normal 0 0 1
    outer loop
      vertex 9.67322 121.643 4.2
      vertex 8.98553 125.1 4.2
      vertex 9.51377 121.603 4.2
    endloop
  endfacet
  facet normal -0 0 1
    outer loop
      vertex 8.49052 124.976 4.2
      vertex 9.51377 121.603 4.2
      vertex 8.98553 125.1 4.2
    endloop
  endfacet
  facet normal 0 0 1
    outer loop
      vertex 9.51377 121.603 4.2
      vertex 8.49052 124.976 4.2
      vertex 9.359 121.548 4.2
    endloop
  endfacet
  facet normal -0 0 1
    outer loop
      vertex 8.01005 124.804 4.2
      vertex 9.359 121.548 4.2
      vertex 8.49052 124.976 4.2
    endloop
  endfacet
  facet normal 0 0 1
    outer loop
      vertex 9.359 121.548 4.2
      vertex 8.01005 124.804 4.2
      vertex 9.21041 121.477 4.2
    endloop
  endfacet
  facet normal 0 0 1
    outer loop
      vertex 9.21041 121.477 4.2
      vertex 8.01005 124.804 4.2
      vertex 9.06942 121.393 4.2
    endloop
  endfacet
  facet normal 0 0 1
    outer loop
      vertex 9.06942 121.393 4.2
      vertex 8.01005 124.804 4.2
      vertex 8.93739 121.295 4.2
    endloop
  endfacet
  facet normal 0 0 1
    outer loop
      vertex 8.93739 121.295 4.2
      vertex 8.01005 124.804 4.2
      vertex 8.8156 121.184 4.2
    endloop
  endfacet
  facet normal 0 0 1
    outer loop
      vertex 8.8156 121.184 4.2
      vertex 8.01005 124.804 4.2
      vertex 8.70521 121.063 4.2
    endloop
  endfacet
  facet normal 0 0 1
    outer loop
      vertex 8.70521 121.063 4.2
      vertex 8.01005 124.804 4.2
      vertex 8.60729 120.931 4.2
    endloop
  endfacet
  facet normal 0 0 1
    outer loop
      vertex 4.80048 119.99 4.2
      vertex 8.60729 120.931 4.2
      vertex 8.01005 124.804 4.2
    endloop
  endfacet
  facet normal 0 0 1
    outer loop
      vertex 8.60729 120.931 4.2
      vertex 4.80048 119.99 4.2
      vertex 8.52278 120.79 4.2
    endloop
  endfacet
  facet normal 0 0 1
    outer loop
      vertex 8.52278 120.79 4.2
      vertex 4.80048 119.99 4.2
      vertex 8.4525 120.641 4.2
    endloop
  endfacet
  facet normal 0 0 1
    outer loop
      vertex 8.4525 120.641 4.2
      vertex 4.80048 119.99 4.2
      vertex 8.39712 120.486 4.2
    endloop
  endfacet
  facet normal 0 0 1
    outer loop
      vertex 8.39712 120.486 4.2
      vertex 4.80048 119.99 4.2
      vertex 8.35718 120.327 4.2
    endloop
  endfacet
  facet normal 0 0 1
    outer loop
      vertex 8.33307 120.164 4.2
      vertex 4.80048 119.99 4.2
      vertex 8.325 120 4.2
    endloop
  endfacet
  facet normal 0 0 1
    outer loop
      vertex 8.35718 120.327 4.2
      vertex 4.80048 119.99 4.2
      vertex 8.33307 120.164 4.2
    endloop
  endfacet
  facet normal 0 0 1
    outer loop
      vertex 104.8 120 4.2
      vertex 63 83 4.2
      vertex 104 41 4.2
    endloop
  endfacet
  facet normal 0 0 1
    outer loop
      vertex 24 41 4.2
      vertex 63 83 4.2
      vertex 29 83 4.2
    endloop
  endfacet
  facet normal 0 0 1
    outer loop
      vertex 63 83 4.2
      vertex 24 41 4.2
      vertex 104 41 4.2
    endloop
  endfacet
  facet normal 0 0 1
    outer loop
      vertex 114.586 -2.45126 4.2
      vertex 111.477 -0.789589 4.2
      vertex 114.324 -2.88896 4.2
    endloop
  endfacet
  facet normal -0 0 1
    outer loop
      vertex 111.393 -0.93058 4.2
      vertex 114.324 -2.88896 4.2
      vertex 111.477 -0.789589 4.2
    endloop
  endfacet
  facet normal -0 0 1
    outer loop
      vertex 111.548 -0.640994 4.2
      vertex 114.804 -1.98995 4.2
      vertex 111.603 -0.486226 4.2
    endloop
  endfacet
  facet normal 0 0 1
    outer loop
      vertex 114.804 -1.98995 4.2
      vertex 111.548 -0.640994 4.2
      vertex 114.586 -2.45126 4.2
    endloop
  endfacet
  facet normal -0 0 1
    outer loop
      vertex 111.643 -0.326776 4.2
      vertex 115.1 -1.01447 4.2
      vertex 111.667 -0.164178 4.2
    endloop
  endfacet
  facet normal 0 0 1
    outer loop
      vertex 114.976 -1.50948 4.2
      vertex 111.603 -0.486226 4.2
      vertex 114.804 -1.98995 4.2
    endloop
  endfacet
  facet normal 0 0 1
    outer loop
      vertex 115.2 119.99 4.2
      vertex 111.548 119.359 4.2
      vertex 111.477 119.21 4.2
    endloop
  endfacet
  facet normal -0 0 1
    outer loop
      vertex 111.603 -0.486226 4.2
      vertex 114.976 -1.50948 4.2
      vertex 111.643 -0.326776 4.2
    endloop
  endfacet
  facet normal 0 0 1
    outer loop
      vertex 115.2 119.99 4.2
      vertex 111.477 119.21 4.2
      vertex 111.393 119.069 4.2
    endloop
  endfacet
  facet normal 0 0 1
    outer loop
      vertex 115.1 -1.01447 4.2
      vertex 111.643 -0.326776 4.2
      vertex 114.976 -1.50948 4.2
    endloop
  endfacet
  facet normal 0 0 1
    outer loop
      vertex 115.2 119.99 4.2
      vertex 111.393 119.069 4.2
      vertex 111.295 118.937 4.2
    endloop
  endfacet
  facet normal 0 0 1
    outer loop
      vertex 115.175 -0.509688 4.2
      vertex 111.667 -0.164178 4.2
      vertex 115.1 -1.01447 4.2
    endloop
  endfacet
  facet normal 0 0 1
    outer loop
      vertex 115.2 119.99 4.2
      vertex 111.295 118.937 4.2
      vertex 111.184 118.816 4.2
    endloop
  endfacet
  facet normal 0 0 1
    outer loop
      vertex 115.2 0 4.2
      vertex 111.675 0 4.2
      vertex 115.175 -0.509688 4.2
    endloop
  endfacet
  facet normal 0 0 1
    outer loop
      vertex 115.2 119.99 4.2
      vertex 111.184 118.816 4.2
      vertex 111.063 118.705 4.2
    endloop
  endfacet
  facet normal -0 -0 1
    outer loop
      vertex 111.667 0.164178 4.2
      vertex 115.2 0.0097964 4.2
      vertex 111.643 0.326776 4.2
    endloop
  endfacet
  facet normal 0 0 1
    outer loop
      vertex 115.2 119.99 4.2
      vertex 111.063 118.705 4.2
      vertex 110.931 118.607 4.2
    endloop
  endfacet
  facet normal -0 -0 1
    outer loop
      vertex 111.643 0.326776 4.2
      vertex 115.2 0.0097964 4.2
      vertex 111.603 0.486226 4.2
    endloop
  endfacet
  facet normal 0 0 1
    outer loop
      vertex 115.2 119.99 4.2
      vertex 110.931 118.607 4.2
      vertex 110.79 118.523 4.2
    endloop
  endfacet
  facet normal -0 -0 1
    outer loop
      vertex 111.603 0.486226 4.2
      vertex 115.2 0.0097964 4.2
      vertex 111.548 0.640994 4.2
    endloop
  endfacet
  facet normal 0 0 1
    outer loop
      vertex 110.641 118.452 4.2
      vertex 115.2 119.99 4.2
      vertex 110.79 118.523 4.2
    endloop
  endfacet
  facet normal -0 -0 1
    outer loop
      vertex 111.393 0.93058 4.2
      vertex 115.2 0.0097964 4.2
      vertex 111.295 1.06261 4.2
    endloop
  endfacet
  facet normal 0 0 1
    outer loop
      vertex 115.2 119.99 4.2
      vertex 110.641 118.452 4.2
      vertex 104 41 4.2
    endloop
  endfacet
  facet normal -0 -0 1
    outer loop
      vertex 111.184 1.1844 4.2
      vertex 115.2 0.0097964 4.2
      vertex 111.063 1.29479 4.2
    endloop
  endfacet
  facet normal 0 0 1
    outer loop
      vertex 104 41 4.2
      vertex 110.641 118.452 4.2
      vertex 110.486 118.397 4.2
    endloop
  endfacet
  facet normal 0 0 1
    outer loop
      vertex 115.2 0.0097964 4.2
      vertex 110.79 1.47722 4.2
      vertex 110.931 1.39271 4.2
    endloop
  endfacet
  facet normal 0 0 1
    outer loop
      vertex 104 41 4.2
      vertex 110.486 118.397 4.2
      vertex 110.327 118.357 4.2
    endloop
  endfacet
  facet normal 0 0 1
    outer loop
      vertex 110.79 1.47722 4.2
      vertex 104 15 4.2
      vertex 110.641 1.5475 4.2
    endloop
  endfacet
  facet normal 0 0 1
    outer loop
      vertex 104 41 4.2
      vertex 110.327 118.357 4.2
      vertex 110.164 118.333 4.2
    endloop
  endfacet
  facet normal 0 0 1
    outer loop
      vertex 110.641 1.5475 4.2
      vertex 104 15 4.2
      vertex 110.486 1.60287 4.2
    endloop
  endfacet
  facet normal 0 0 1
    outer loop
      vertex 104 41 4.2
      vertex 110.164 118.333 4.2
      vertex 110 118.325 4.2
    endloop
  endfacet
  facet normal 0 0 1
    outer loop
      vertex 110.486 1.60287 4.2
      vertex 104 15 4.2
      vertex 110.327 1.64281 4.2
    endloop
  endfacet
  facet normal 0 0 1
    outer loop
      vertex 104 41 4.2
      vertex 110 118.325 4.2
      vertex 109.836 118.333 4.2
    endloop
  endfacet
  facet normal 0 0 1
    outer loop
      vertex 110.327 1.64281 4.2
      vertex 104 15 4.2
      vertex 110.164 1.66693 4.2
    endloop
  endfacet
  facet normal 0 0 1
    outer loop
      vertex 104 41 4.2
      vertex 109.836 118.333 4.2
      vertex 109.673 118.357 4.2
    endloop
  endfacet
  facet normal 0 0 1
    outer loop
      vertex 110.164 1.66693 4.2
      vertex 104 15 4.2
      vertex 110 1.675 4.2
    endloop
  endfacet
  facet normal 0 0 1
    outer loop
      vertex 104 41 4.2
      vertex 109.673 118.357 4.2
      vertex 109.514 118.397 4.2
    endloop
  endfacet
  facet normal 0 0 1
    outer loop
      vertex 110 1.675 4.2
      vertex 104 15 4.2
      vertex 109.836 1.66693 4.2
    endloop
  endfacet
  facet normal 0 0 1
    outer loop
      vertex 104 41 4.2
      vertex 109.514 118.397 4.2
      vertex 109.359 118.452 4.2
    endloop
  endfacet
  facet normal 0 0 1
    outer loop
      vertex 109.836 1.66693 4.2
      vertex 104 15 4.2
      vertex 109.673 1.64281 4.2
    endloop
  endfacet
  facet normal 0 0 1
    outer loop
      vertex 104 41 4.2
      vertex 109.359 118.452 4.2
      vertex 109.21 118.523 4.2
    endloop
  endfacet
  facet normal 0 0 1
    outer loop
      vertex 109.673 1.64281 4.2
      vertex 104 15 4.2
      vertex 109.514 1.60287 4.2
    endloop
  endfacet
  facet normal 0 0 1
    outer loop
      vertex 104 41 4.2
      vertex 109.21 118.523 4.2
      vertex 109.069 118.607 4.2
    endloop
  endfacet
  facet normal 0 0 1
    outer loop
      vertex 109.514 1.60287 4.2
      vertex 104 15 4.2
      vertex 109.359 1.5475 4.2
    endloop
  endfacet
  facet normal 0 0 1
    outer loop
      vertex 104 41 4.2
      vertex 109.069 118.607 4.2
      vertex 108.937 118.705 4.2
    endloop
  endfacet
  facet normal 0 0 1
    outer loop
      vertex 109.359 1.5475 4.2
      vertex 104 15 4.2
      vertex 109.21 1.47722 4.2
    endloop
  endfacet
  facet normal 0 0 1
    outer loop
      vertex 104 41 4.2
      vertex 108.937 118.705 4.2
      vertex 108.816 118.816 4.2
    endloop
  endfacet
  facet normal 0 0 1
    outer loop
      vertex 109.21 1.47722 4.2
      vertex 104 15 4.2
      vertex 109.069 1.39271 4.2
    endloop
  endfacet
  facet normal 0 0 1
    outer loop
      vertex 104 41 4.2
      vertex 108.816 118.816 4.2
      vertex 108.705 118.937 4.2
    endloop
  endfacet
  facet normal 0 -0 1
    outer loop
      vertex 104.8 0 4.2
      vertex 109.069 1.39271 4.2
      vertex 104 15 4.2
    endloop
  endfacet
  facet normal 0 0 1
    outer loop
      vertex 104 41 4.2
      vertex 108.705 118.937 4.2
      vertex 108.607 119.069 4.2
    endloop
  endfacet
  facet normal 0 0 1
    outer loop
      vertex 109.069 1.39271 4.2
      vertex 104.8 0 4.2
      vertex 108.937 1.29479 4.2
    endloop
  endfacet
  facet normal 0 0 1
    outer loop
      vertex 104 41 4.2
      vertex 108.607 119.069 4.2
      vertex 108.523 119.21 4.2
    endloop
  endfacet
  facet normal 0 0 1
    outer loop
      vertex 108.937 1.29479 4.2
      vertex 104.8 0 4.2
      vertex 108.816 1.1844 4.2
    endloop
  endfacet
  facet normal 0 0 1
    outer loop
      vertex 104 41 4.2
      vertex 108.523 119.21 4.2
      vertex 108.452 119.359 4.2
    endloop
  endfacet
  facet normal 0 0 1
    outer loop
      vertex 108.816 1.1844 4.2
      vertex 104.8 0 4.2
      vertex 108.705 1.06261 4.2
    endloop
  endfacet
  facet normal 0 0 1
    outer loop
      vertex 104 41 4.2
      vertex 108.452 119.359 4.2
      vertex 108.397 119.514 4.2
    endloop
  endfacet
  facet normal 0 0 1
    outer loop
      vertex 108.705 1.06261 4.2
      vertex 104.8 0 4.2
      vertex 108.607 0.93058 4.2
    endloop
  endfacet
  facet normal 0 0 1
    outer loop
      vertex 104 41 4.2
      vertex 108.397 119.514 4.2
      vertex 108.357 119.673 4.2
    endloop
  endfacet
  facet normal 0 0 1
    outer loop
      vertex 108.607 0.93058 4.2
      vertex 104.8 0 4.2
      vertex 108.523 0.789589 4.2
    endloop
  endfacet
  facet normal 0 0 1
    outer loop
      vertex 104 41 4.2
      vertex 108.357 119.673 4.2
      vertex 108.333 119.836 4.2
    endloop
  endfacet
  facet normal 0 0 1
    outer loop
      vertex 108.523 0.789589 4.2
      vertex 104.8 0 4.2
      vertex 108.452 0.640994 4.2
    endloop
  endfacet
  facet normal 0 0 1
    outer loop
      vertex 108.01 124.804 4.2
      vertex 108.333 119.836 4.2
      vertex 108.325 120 4.2
    endloop
  endfacet
  facet normal 0 0 1
    outer loop
      vertex 104 41 4.2
      vertex 108.333 119.836 4.2
      vertex 108.01 124.804 4.2
    endloop
  endfacet
  facet normal -0 0 1
    outer loop
      vertex 111.477 -0.789589 4.2
      vertex 114.586 -2.45126 4.2
      vertex 111.548 -0.640994 4.2
    endloop
  endfacet
  facet normal 0 0 1
    outer loop
      vertex 114.324 -2.88896 4.2
      vertex 111.393 -0.93058 4.2
      vertex 114.02 -3.29884 4.2
    endloop
  endfacet
  facet normal -0 0 1
    outer loop
      vertex 111.295 -1.06261 4.2
      vertex 114.02 -3.29884 4.2
      vertex 111.393 -0.93058 4.2
    endloop
  endfacet
  facet normal 0 0 1
    outer loop
      vertex 114.02 -3.29884 4.2
      vertex 111.295 -1.06261 4.2
      vertex 113.677 -3.67696 4.2
    endloop
  endfacet
  facet normal -0 0 1
    outer loop
      vertex 111.184 -1.1844 4.2
      vertex 113.677 -3.67696 4.2
      vertex 111.295 -1.06261 4.2
    endloop
  endfacet
  facet normal 0 0 1
    outer loop
      vertex 113.677 -3.67696 4.2
      vertex 111.184 -1.1844 4.2
      vertex 113.299 -4.01965 4.2
    endloop
  endfacet
  facet normal -0 0 1
    outer loop
      vertex 111.063 -1.29479 4.2
      vertex 113.299 -4.01965 4.2
      vertex 111.184 -1.1844 4.2
    endloop
  endfacet
  facet normal 0 0 1
    outer loop
      vertex 113.299 -4.01965 4.2
      vertex 111.063 -1.29479 4.2
      vertex 112.889 -4.32364 4.2
    endloop
  endfacet
  facet normal -0 0 1
    outer loop
      vertex 110.931 -1.39271 4.2
      vertex 112.889 -4.32364 4.2
      vertex 111.063 -1.29479 4.2
    endloop
  endfacet
  facet normal 0 0 1
    outer loop
      vertex 112.889 -4.32364 4.2
      vertex 110.931 -1.39271 4.2
      vertex 112.451 -4.58599 4.2
    endloop
  endfacet
  facet normal -0 0 1
    outer loop
      vertex 110.79 -1.47722 4.2
      vertex 112.451 -4.58599 4.2
      vertex 110.931 -1.39271 4.2
    endloop
  endfacet
  facet normal 0 0 1
    outer loop
      vertex 112.451 -4.58599 4.2
      vertex 110.79 -1.47722 4.2
      vertex 111.99 -4.80417 4.2
    endloop
  endfacet
  facet normal -0 0 1
    outer loop
      vertex 110.641 -1.5475 4.2
      vertex 111.99 -4.80417 4.2
      vertex 110.79 -1.47722 4.2
    endloop
  endfacet
  facet normal 0 0 1
    outer loop
      vertex 111.99 -4.80417 4.2
      vertex 110.641 -1.5475 4.2
      vertex 111.509 -4.97609 4.2
    endloop
  endfacet
  facet normal -0 0 1
    outer loop
      vertex 110.486 -1.60287 4.2
      vertex 111.509 -4.97609 4.2
      vertex 110.641 -1.5475 4.2
    endloop
  endfacet
  facet normal 0 0 1
    outer loop
      vertex 111.509 -4.97609 4.2
      vertex 110.486 -1.60287 4.2
      vertex 111.014 -5.10008 4.2
    endloop
  endfacet
  facet normal -0 0 1
    outer loop
      vertex 110.327 -1.64281 4.2
      vertex 111.014 -5.10008 4.2
      vertex 110.486 -1.60287 4.2
    endloop
  endfacet
  facet normal 0 0 1
    outer loop
      vertex 111.014 -5.10008 4.2
      vertex 110.327 -1.64281 4.2
      vertex 110.51 -5.17496 4.2
    endloop
  endfacet
  facet normal -0 0 1
    outer loop
      vertex 110.164 -1.66693 4.2
      vertex 110.51 -5.17496 4.2
      vertex 110.327 -1.64281 4.2
    endloop
  endfacet
  facet normal -0 0 1
    outer loop
      vertex 110 -1.675 4.2
      vertex 110.51 -5.17496 4.2
      vertex 110.164 -1.66693 4.2
    endloop
  endfacet
  facet normal 0 0 1
    outer loop
      vertex 110 -1.675 4.2
      vertex 110 -5.2 4.2
      vertex 110.51 -5.17496 4.2
    endloop
  endfacet
  facet normal 0 0 1
    outer loop
      vertex 109.836 -1.66693 4.2
      vertex 110 -5.2 4.2
      vertex 110 -1.675 4.2
    endloop
  endfacet
  facet normal 0 0 1
    outer loop
      vertex 109.49 -5.17496 4.2
      vertex 109.836 -1.66693 4.2
      vertex 109.673 -1.64281 4.2
    endloop
  endfacet
  facet normal 0 0 1
    outer loop
      vertex 108.986 -5.10008 4.2
      vertex 109.673 -1.64281 4.2
      vertex 109.514 -1.60287 4.2
    endloop
  endfacet
  facet normal 0 0 1
    outer loop
      vertex 109.836 -1.66693 4.2
      vertex 109.49 -5.17496 4.2
      vertex 110 -5.2 4.2
    endloop
  endfacet
  facet normal 0 0 1
    outer loop
      vertex 108.491 -4.97609 4.2
      vertex 109.514 -1.60287 4.2
      vertex 109.359 -1.5475 4.2
    endloop
  endfacet
  facet normal 0 0 1
    outer loop
      vertex 108.01 -4.80417 4.2
      vertex 109.359 -1.5475 4.2
      vertex 109.21 -1.47722 4.2
    endloop
  endfacet
  facet normal 0 0 1
    outer loop
      vertex 107.549 -4.58599 4.2
      vertex 109.21 -1.47722 4.2
      vertex 109.069 -1.39271 4.2
    endloop
  endfacet
  facet normal 0 0 1
    outer loop
      vertex 109.673 -1.64281 4.2
      vertex 108.986 -5.10008 4.2
      vertex 109.49 -5.17496 4.2
    endloop
  endfacet
  facet normal 0 0 1
    outer loop
      vertex 107.111 -4.32364 4.2
      vertex 109.069 -1.39271 4.2
      vertex 108.937 -1.29479 4.2
    endloop
  endfacet
  facet normal 0 0 1
    outer loop
      vertex 106.701 -4.01965 4.2
      vertex 108.937 -1.29479 4.2
      vertex 108.816 -1.1844 4.2
    endloop
  endfacet
  facet normal 0 0 1
    outer loop
      vertex 106.323 -3.67696 4.2
      vertex 108.816 -1.1844 4.2
      vertex 108.705 -1.06261 4.2
    endloop
  endfacet
  facet normal 0 0 1
    outer loop
      vertex 105.98 -3.29884 4.2
      vertex 108.705 -1.06261 4.2
      vertex 108.607 -0.93058 4.2
    endloop
  endfacet
  facet normal 0 0 1
    outer loop
      vertex 105.676 -2.88896 4.2
      vertex 108.607 -0.93058 4.2
      vertex 108.523 -0.789589 4.2
    endloop
  endfacet
  facet normal 0 0 1
    outer loop
      vertex 109.514 -1.60287 4.2
      vertex 108.491 -4.97609 4.2
      vertex 108.986 -5.10008 4.2
    endloop
  endfacet
  facet normal 0 0 1
    outer loop
      vertex 105.414 -2.45126 4.2
      vertex 108.523 -0.789589 4.2
      vertex 108.452 -0.640994 4.2
    endloop
  endfacet
  facet normal 0 0 1
    outer loop
      vertex 105.196 -1.98995 4.2
      vertex 108.452 -0.640994 4.2
      vertex 108.397 -0.486226 4.2
    endloop
  endfacet
  facet normal 0 0 1
    outer loop
      vertex 105.024 -1.50948 4.2
      vertex 108.397 -0.486226 4.2
      vertex 108.357 -0.326776 4.2
    endloop
  endfacet
  facet normal 0 0 1
    outer loop
      vertex 104.9 -1.01447 4.2
      vertex 108.357 -0.326776 4.2
      vertex 108.333 -0.164178 4.2
    endloop
  endfacet
  facet normal 0 0 1
    outer loop
      vertex 104.825 -0.509688 4.2
      vertex 108.333 -0.164178 4.2
      vertex 108.325 0 4.2
    endloop
  endfacet
  facet normal 0 0 1
    outer loop
      vertex 109.359 -1.5475 4.2
      vertex 108.01 -4.80417 4.2
      vertex 108.491 -4.97609 4.2
    endloop
  endfacet
  facet normal 0 0 1
    outer loop
      vertex 108.397 0.486226 4.2
      vertex 104.8 0 4.2
      vertex 108.357 0.326776 4.2
    endloop
  endfacet
  facet normal 0 0 1
    outer loop
      vertex 104.8 120 4.2
      vertex 108.01 124.804 4.2
      vertex 107.549 124.586 4.2
    endloop
  endfacet
  facet normal 0 0 1
    outer loop
      vertex 108.357 0.326776 4.2
      vertex 104.8 0 4.2
      vertex 108.333 0.164178 4.2
    endloop
  endfacet
  facet normal 0 0 1
    outer loop
      vertex 104.8 120 4.2
      vertex 107.549 124.586 4.2
      vertex 107.111 124.324 4.2
    endloop
  endfacet
  facet normal 0 -0 1
    outer loop
      vertex 104.825 -0.509688 4.2
      vertex 108.325 0 4.2
      vertex 104.8 0 4.2
    endloop
  endfacet
  facet normal 0 0 1
    outer loop
      vertex 104.8 120 4.2
      vertex 107.111 124.324 4.2
      vertex 106.701 124.02 4.2
    endloop
  endfacet
  facet normal 0 0 1
    outer loop
      vertex 109.21 -1.47722 4.2
      vertex 107.549 -4.58599 4.2
      vertex 108.01 -4.80417 4.2
    endloop
  endfacet
  facet normal 0 0 1
    outer loop
      vertex 104.8 120 4.2
      vertex 106.701 124.02 4.2
      vertex 106.323 123.677 4.2
    endloop
  endfacet
  facet normal 0 0 1
    outer loop
      vertex 109.069 -1.39271 4.2
      vertex 107.111 -4.32364 4.2
      vertex 107.549 -4.58599 4.2
    endloop
  endfacet
  facet normal 0 0 1
    outer loop
      vertex 104.8 120 4.2
      vertex 106.323 123.677 4.2
      vertex 105.98 123.299 4.2
    endloop
  endfacet
  facet normal 0 0 1
    outer loop
      vertex 108.937 -1.29479 4.2
      vertex 106.701 -4.01965 4.2
      vertex 107.111 -4.32364 4.2
    endloop
  endfacet
  facet normal 0 0 1
    outer loop
      vertex 104.8 120 4.2
      vertex 105.98 123.299 4.2
      vertex 105.676 122.889 4.2
    endloop
  endfacet
  facet normal 0 0 1
    outer loop
      vertex 108.816 -1.1844 4.2
      vertex 106.323 -3.67696 4.2
      vertex 106.701 -4.01965 4.2
    endloop
  endfacet
  facet normal 0 0 1
    outer loop
      vertex 104.8 120 4.2
      vertex 105.676 122.889 4.2
      vertex 105.414 122.451 4.2
    endloop
  endfacet
  facet normal 0 0 1
    outer loop
      vertex 108.705 -1.06261 4.2
      vertex 105.98 -3.29884 4.2
      vertex 106.323 -3.67696 4.2
    endloop
  endfacet
  facet normal 0 0 1
    outer loop
      vertex 104.8 120 4.2
      vertex 105.414 122.451 4.2
      vertex 105.196 121.99 4.2
    endloop
  endfacet
  facet normal 0 0 1
    outer loop
      vertex 108.607 -0.93058 4.2
      vertex 105.676 -2.88896 4.2
      vertex 105.98 -3.29884 4.2
    endloop
  endfacet
  facet normal 0 0 1
    outer loop
      vertex 104.8 120 4.2
      vertex 105.196 121.99 4.2
      vertex 105.024 121.509 4.2
    endloop
  endfacet
  facet normal 0 0 1
    outer loop
      vertex 108.523 -0.789589 4.2
      vertex 105.414 -2.45126 4.2
      vertex 105.676 -2.88896 4.2
    endloop
  endfacet
  facet normal 0 0 1
    outer loop
      vertex 104.8 120 4.2
      vertex 105.024 121.509 4.2
      vertex 104.9 121.014 4.2
    endloop
  endfacet
  facet normal 0 0 1
    outer loop
      vertex 108.452 -0.640994 4.2
      vertex 105.196 -1.98995 4.2
      vertex 105.414 -2.45126 4.2
    endloop
  endfacet
  facet normal 0 0 1
    outer loop
      vertex 104.8 120 4.2
      vertex 104.9 121.014 4.2
      vertex 104.825 120.51 4.2
    endloop
  endfacet
  facet normal 0 0 1
    outer loop
      vertex 108.397 -0.486226 4.2
      vertex 105.024 -1.50948 4.2
      vertex 105.196 -1.98995 4.2
    endloop
  endfacet
  facet normal 0 0 1
    outer loop
      vertex 108.01 124.804 4.2
      vertex 104.8 120 4.2
      vertex 104 41 4.2
    endloop
  endfacet
  facet normal 0 0 1
    outer loop
      vertex 108.357 -0.326776 4.2
      vertex 104.9 -1.01447 4.2
      vertex 105.024 -1.50948 4.2
    endloop
  endfacet
  facet normal 0 0 1
    outer loop
      vertex 108.333 -0.164178 4.2
      vertex 104.825 -0.509688 4.2
      vertex 104.9 -1.01447 4.2
    endloop
  endfacet
  facet normal 0 0 1
    outer loop
      vertex 63 83 4.2
      vertex 104.8 120 4.2
      vertex 63 103 4.2
    endloop
  endfacet
  facet normal -0 0 1
    outer loop
      vertex 15.2 120 4.2
      vertex 63 103 4.2
      vertex 104.8 120 4.2
    endloop
  endfacet
  facet normal 0 0 1
    outer loop
      vertex 11.6669 119.836 4.2
      vertex 15.2 120 4.2
      vertex 11.675 120 4.2
    endloop
  endfacet
  facet normal 0 0 1
    outer loop
      vertex 11.6029 119.514 4.2
      vertex 15.2 120 4.2
      vertex 11.6428 119.673 4.2
    endloop
  endfacet
  facet normal 0 0 1
    outer loop
      vertex 11.6428 119.673 4.2
      vertex 15.2 120 4.2
      vertex 11.6669 119.836 4.2
    endloop
  endfacet
  facet normal 0 0 1
    outer loop
      vertex 63 103 4.2
      vertex 15.2 120 4.2
      vertex 29 103 4.2
    endloop
  endfacet
  facet normal 0 0 1
    outer loop
      vertex 121.675 110 4.2
      vertex 125.2 110 4.2
      vertex 125.175 110.51 4.2
    endloop
  endfacet
  facet normal 0 0 1
    outer loop
      vertex 121.667 110.164 4.2
      vertex 125.175 110.51 4.2
      vertex 125.1 111.014 4.2
    endloop
  endfacet
  facet normal 0 0 1
    outer loop
      vertex 125.2 110 4.2
      vertex 121.675 110 4.2
      vertex 125.175 109.49 4.2
    endloop
  endfacet
  facet normal 0 0 1
    outer loop
      vertex 121.643 110.327 4.2
      vertex 125.1 111.014 4.2
      vertex 124.976 111.509 4.2
    endloop
  endfacet
  facet normal -0 0 1
    outer loop
      vertex 121.667 109.836 4.2
      vertex 125.175 109.49 4.2
      vertex 121.675 110 4.2
    endloop
  endfacet
  facet normal 0 0 1
    outer loop
      vertex 121.603 110.486 4.2
      vertex 124.976 111.509 4.2
      vertex 124.804 111.99 4.2
    endloop
  endfacet
  facet normal 0 0 1
    outer loop
      vertex 125.175 109.49 4.2
      vertex 121.667 109.836 4.2
      vertex 125.1 108.986 4.2
    endloop
  endfacet
  facet normal 0 0 1
    outer loop
      vertex 121.548 110.641 4.2
      vertex 124.804 111.99 4.2
      vertex 124.586 112.451 4.2
    endloop
  endfacet
  facet normal -0 0 1
    outer loop
      vertex 121.643 109.673 4.2
      vertex 125.1 108.986 4.2
      vertex 121.667 109.836 4.2
    endloop
  endfacet
  facet normal 0 0 1
    outer loop
      vertex 121.477 110.79 4.2
      vertex 124.586 112.451 4.2
      vertex 124.324 112.889 4.2
    endloop
  endfacet
  facet normal 0 0 1
    outer loop
      vertex 125.1 108.986 4.2
      vertex 121.643 109.673 4.2
      vertex 124.976 108.491 4.2
    endloop
  endfacet
  facet normal 0 0 1
    outer loop
      vertex 121.393 110.931 4.2
      vertex 124.324 112.889 4.2
      vertex 124.02 113.299 4.2
    endloop
  endfacet
  facet normal -0 0 1
    outer loop
      vertex 121.603 109.514 4.2
      vertex 124.976 108.491 4.2
      vertex 121.643 109.673 4.2
    endloop
  endfacet
  facet normal 0 0 1
    outer loop
      vertex 121.295 111.063 4.2
      vertex 124.02 113.299 4.2
      vertex 123.677 113.677 4.2
    endloop
  endfacet
  facet normal 0 0 1
    outer loop
      vertex 124.976 108.491 4.2
      vertex 121.603 109.514 4.2
      vertex 124.804 108.01 4.2
    endloop
  endfacet
  facet normal 0 0 1
    outer loop
      vertex 121.184 111.184 4.2
      vertex 123.677 113.677 4.2
      vertex 123.299 114.02 4.2
    endloop
  endfacet
  facet normal -0 0 1
    outer loop
      vertex 121.548 109.359 4.2
      vertex 124.804 108.01 4.2
      vertex 121.603 109.514 4.2
    endloop
  endfacet
  facet normal 0 0 1
    outer loop
      vertex 121.063 111.295 4.2
      vertex 123.299 114.02 4.2
      vertex 122.889 114.324 4.2
    endloop
  endfacet
  facet normal 0 0 1
    outer loop
      vertex 124.804 108.01 4.2
      vertex 121.548 109.359 4.2
      vertex 124.586 107.549 4.2
    endloop
  endfacet
  facet normal 0 0 1
    outer loop
      vertex 120.931 111.393 4.2
      vertex 122.889 114.324 4.2
      vertex 122.451 114.586 4.2
    endloop
  endfacet
  facet normal -0 0 1
    outer loop
      vertex 121.477 109.21 4.2
      vertex 124.586 107.549 4.2
      vertex 121.548 109.359 4.2
    endloop
  endfacet
  facet normal 0 0 1
    outer loop
      vertex 120.79 111.477 4.2
      vertex 122.451 114.586 4.2
      vertex 121.99 114.804 4.2
    endloop
  endfacet
  facet normal 0 0 1
    outer loop
      vertex 124.586 107.549 4.2
      vertex 121.477 109.21 4.2
      vertex 124.324 107.111 4.2
    endloop
  endfacet
  facet normal -0 0 1
    outer loop
      vertex 121.393 109.069 4.2
      vertex 124.324 107.111 4.2
      vertex 121.477 109.21 4.2
    endloop
  endfacet
  facet normal 0 0 1
    outer loop
      vertex 125.175 110.51 4.2
      vertex 121.667 110.164 4.2
      vertex 121.675 110 4.2
    endloop
  endfacet
  facet normal 0 0 1
    outer loop
      vertex 125.1 111.014 4.2
      vertex 121.643 110.327 4.2
      vertex 121.667 110.164 4.2
    endloop
  endfacet
  facet normal 0 0 1
    outer loop
      vertex 124.976 111.509 4.2
      vertex 121.603 110.486 4.2
      vertex 121.643 110.327 4.2
    endloop
  endfacet
  facet normal 0 0 1
    outer loop
      vertex 124.804 111.99 4.2
      vertex 121.548 110.641 4.2
      vertex 121.603 110.486 4.2
    endloop
  endfacet
  facet normal 0 0 1
    outer loop
      vertex 120.641 111.548 4.2
      vertex 121.99 114.804 4.2
      vertex 121.509 114.976 4.2
    endloop
  endfacet
  facet normal 0 0 1
    outer loop
      vertex 124.586 112.451 4.2
      vertex 121.477 110.79 4.2
      vertex 121.548 110.641 4.2
    endloop
  endfacet
  facet normal 0 0 1
    outer loop
      vertex 124.324 112.889 4.2
      vertex 121.393 110.931 4.2
      vertex 121.477 110.79 4.2
    endloop
  endfacet
  facet normal 0 0 1
    outer loop
      vertex 124.02 113.299 4.2
      vertex 121.295 111.063 4.2
      vertex 121.393 110.931 4.2
    endloop
  endfacet
  facet normal 0 0 1
    outer loop
      vertex 123.677 113.677 4.2
      vertex 121.184 111.184 4.2
      vertex 121.295 111.063 4.2
    endloop
  endfacet
  facet normal 0 0 1
    outer loop
      vertex 123.299 114.02 4.2
      vertex 121.063 111.295 4.2
      vertex 121.184 111.184 4.2
    endloop
  endfacet
  facet normal 0 0 1
    outer loop
      vertex 120.486 111.603 4.2
      vertex 121.509 114.976 4.2
      vertex 121.014 115.1 4.2
    endloop
  endfacet
  facet normal 0 0 1
    outer loop
      vertex 122.889 114.324 4.2
      vertex 120.931 111.393 4.2
      vertex 121.063 111.295 4.2
    endloop
  endfacet
  facet normal 0 0 1
    outer loop
      vertex 122.451 114.586 4.2
      vertex 120.79 111.477 4.2
      vertex 120.931 111.393 4.2
    endloop
  endfacet
  facet normal 0 0 1
    outer loop
      vertex 121.99 114.804 4.2
      vertex 120.641 111.548 4.2
      vertex 120.79 111.477 4.2
    endloop
  endfacet
  facet normal 0 0 1
    outer loop
      vertex 120.327 111.643 4.2
      vertex 121.014 115.1 4.2
      vertex 120.51 115.175 4.2
    endloop
  endfacet
  facet normal 0 0 1
    outer loop
      vertex 121.509 114.976 4.2
      vertex 120.486 111.603 4.2
      vertex 120.641 111.548 4.2
    endloop
  endfacet
  facet normal 0 0 1
    outer loop
      vertex 121.014 115.1 4.2
      vertex 120.327 111.643 4.2
      vertex 120.486 111.603 4.2
    endloop
  endfacet
  facet normal 0 0 1
    outer loop
      vertex 120.51 115.175 4.2
      vertex 120.164 111.667 4.2
      vertex 120.327 111.643 4.2
    endloop
  endfacet
  facet normal 0 0 1
    outer loop
      vertex 120 115.2 4.2
      vertex 120.164 111.667 4.2
      vertex 120.51 115.175 4.2
    endloop
  endfacet
  facet normal 0 0 1
    outer loop
      vertex 120 115.2 4.2
      vertex 120 111.675 4.2
      vertex 120.164 111.667 4.2
    endloop
  endfacet
  facet normal -0 0 1
    outer loop
      vertex 119.99 115.2 4.2
      vertex 120 111.675 4.2
      vertex 120 115.2 4.2
    endloop
  endfacet
  facet normal 0 0 1
    outer loop
      vertex 119.904 115.975 4.2
      vertex 119.99 115.2 4.2
      vertex 119.976 115.49 4.2
    endloop
  endfacet
  facet normal 0 0 1
    outer loop
      vertex 119.99 115.2 4.2
      vertex 119.904 115.975 4.2
      vertex 115.2 119.99 4.2
    endloop
  endfacet
  facet normal 0 0 1
    outer loop
      vertex 119.99 115.2 4.2
      vertex 119.836 111.667 4.2
      vertex 120 111.675 4.2
    endloop
  endfacet
  facet normal 0 0 1
    outer loop
      vertex 115.2 119.99 4.2
      vertex 119.904 115.975 4.2
      vertex 119.785 116.451 4.2
    endloop
  endfacet
  facet normal 0 0 1
    outer loop
      vertex 119.99 115.2 4.2
      vertex 119.673 111.643 4.2
      vertex 119.836 111.667 4.2
    endloop
  endfacet
  facet normal 0 0 1
    outer loop
      vertex 115.2 119.99 4.2
      vertex 119.785 116.451 4.2
      vertex 119.619 116.913 4.2
    endloop
  endfacet
  facet normal 0 0 1
    outer loop
      vertex 119.99 115.2 4.2
      vertex 119.514 111.603 4.2
      vertex 119.673 111.643 4.2
    endloop
  endfacet
  facet normal 0 0 1
    outer loop
      vertex 115.2 119.99 4.2
      vertex 119.619 116.913 4.2
      vertex 119.41 117.357 4.2
    endloop
  endfacet
  facet normal 0 0 1
    outer loop
      vertex 119.99 115.2 4.2
      vertex 119.359 111.548 4.2
      vertex 119.514 111.603 4.2
    endloop
  endfacet
  facet normal 0 0 1
    outer loop
      vertex 119.99 115.2 4.2
      vertex 119.21 111.477 4.2
      vertex 119.359 111.548 4.2
    endloop
  endfacet
  facet normal 0 0 1
    outer loop
      vertex 115.2 119.99 4.2
      vertex 119.41 117.357 4.2
      vertex 119.157 117.778 4.2
    endloop
  endfacet
  facet normal 0 0 1
    outer loop
      vertex 119.99 115.2 4.2
      vertex 119.069 111.393 4.2
      vertex 119.21 111.477 4.2
    endloop
  endfacet
  facet normal 0 0 1
    outer loop
      vertex 119.99 115.2 4.2
      vertex 118.937 111.295 4.2
      vertex 119.069 111.393 4.2
    endloop
  endfacet
  facet normal 0 0 1
    outer loop
      vertex 115.2 119.99 4.2
      vertex 119.157 117.778 4.2
      vertex 118.865 118.172 4.2
    endloop
  endfacet
  facet normal 0 0 1
    outer loop
      vertex 119.99 115.2 4.2
      vertex 118.816 111.184 4.2
      vertex 118.937 111.295 4.2
    endloop
  endfacet
  facet normal 0 0 1
    outer loop
      vertex 119.99 115.2 4.2
      vertex 118.705 111.063 4.2
      vertex 118.816 111.184 4.2
    endloop
  endfacet
  facet normal 0 0 1
    outer loop
      vertex 119.99 115.2 4.2
      vertex 115.2 119.99 4.2
      vertex 118.705 111.063 4.2
    endloop
  endfacet
  facet normal 0 0 1
    outer loop
      vertex 115.2 119.99 4.2
      vertex 118.865 118.172 4.2
      vertex 118.536 118.536 4.2
    endloop
  endfacet
  facet normal 0 0 1
    outer loop
      vertex 118.705 111.063 4.2
      vertex 115.2 119.99 4.2
      vertex 118.607 110.931 4.2
    endloop
  endfacet
  facet normal 0 0 1
    outer loop
      vertex 118.607 110.931 4.2
      vertex 115.2 119.99 4.2
      vertex 118.523 110.79 4.2
    endloop
  endfacet
  facet normal 0 0 1
    outer loop
      vertex 118.523 110.79 4.2
      vertex 115.2 119.99 4.2
      vertex 118.452 110.641 4.2
    endloop
  endfacet
  facet normal 0 0 1
    outer loop
      vertex 118.452 110.641 4.2
      vertex 115.2 119.99 4.2
      vertex 118.397 110.486 4.2
    endloop
  endfacet
  facet normal 0 0 1
    outer loop
      vertex 118.397 110.486 4.2
      vertex 115.2 119.99 4.2
      vertex 118.357 110.327 4.2
    endloop
  endfacet
  facet normal 0 0 1
    outer loop
      vertex 118.357 110.327 4.2
      vertex 115.2 119.99 4.2
      vertex 118.333 110.164 4.2
    endloop
  endfacet
  facet normal 0 0 1
    outer loop
      vertex 118.333 110.164 4.2
      vertex 115.2 119.99 4.2
      vertex 118.325 110 4.2
    endloop
  endfacet
  facet normal 0 0 1
    outer loop
      vertex 115.2 119.99 4.2
      vertex 118.536 118.536 4.2
      vertex 118.172 118.865 4.2
    endloop
  endfacet
  facet normal 0 0 1
    outer loop
      vertex 124.324 107.111 4.2
      vertex 121.393 109.069 4.2
      vertex 124.02 106.701 4.2
    endloop
  endfacet
  facet normal -0 0 1
    outer loop
      vertex 121.295 108.937 4.2
      vertex 124.02 106.701 4.2
      vertex 121.393 109.069 4.2
    endloop
  endfacet
  facet normal 0 0 1
    outer loop
      vertex 124.02 106.701 4.2
      vertex 121.295 108.937 4.2
      vertex 123.677 106.323 4.2
    endloop
  endfacet
  facet normal -0 0 1
    outer loop
      vertex 121.184 108.816 4.2
      vertex 123.677 106.323 4.2
      vertex 121.295 108.937 4.2
    endloop
  endfacet
  facet normal 0 0 1
    outer loop
      vertex 123.677 106.323 4.2
      vertex 121.184 108.816 4.2
      vertex 123.299 105.98 4.2
    endloop
  endfacet
  facet normal -0 0 1
    outer loop
      vertex 121.063 108.705 4.2
      vertex 123.299 105.98 4.2
      vertex 121.184 108.816 4.2
    endloop
  endfacet
  facet normal 0 0 1
    outer loop
      vertex 123.299 105.98 4.2
      vertex 121.063 108.705 4.2
      vertex 122.889 105.676 4.2
    endloop
  endfacet
  facet normal -0 0 1
    outer loop
      vertex 120.931 108.607 4.2
      vertex 122.889 105.676 4.2
      vertex 121.063 108.705 4.2
    endloop
  endfacet
  facet normal 0 0 1
    outer loop
      vertex 122.889 105.676 4.2
      vertex 120.931 108.607 4.2
      vertex 122.451 105.414 4.2
    endloop
  endfacet
  facet normal -0 0 1
    outer loop
      vertex 120.79 108.523 4.2
      vertex 122.451 105.414 4.2
      vertex 120.931 108.607 4.2
    endloop
  endfacet
  facet normal 0 0 1
    outer loop
      vertex 122.451 105.414 4.2
      vertex 120.79 108.523 4.2
      vertex 121.99 105.196 4.2
    endloop
  endfacet
  facet normal -0 0 1
    outer loop
      vertex 120.641 108.452 4.2
      vertex 121.99 105.196 4.2
      vertex 120.79 108.523 4.2
    endloop
  endfacet
  facet normal 0 0 1
    outer loop
      vertex 121.99 105.196 4.2
      vertex 120.641 108.452 4.2
      vertex 121.509 105.024 4.2
    endloop
  endfacet
  facet normal -0 0 1
    outer loop
      vertex 120.486 108.397 4.2
      vertex 121.509 105.024 4.2
      vertex 120.641 108.452 4.2
    endloop
  endfacet
  facet normal 0 0 1
    outer loop
      vertex 121.509 105.024 4.2
      vertex 120.486 108.397 4.2
      vertex 121.014 104.9 4.2
    endloop
  endfacet
  facet normal -0 0 1
    outer loop
      vertex 120.327 108.357 4.2
      vertex 121.014 104.9 4.2
      vertex 120.486 108.397 4.2
    endloop
  endfacet
  facet normal 0 0 1
    outer loop
      vertex 121.014 104.9 4.2
      vertex 120.327 108.357 4.2
      vertex 120.51 104.825 4.2
    endloop
  endfacet
  facet normal -0 0 1
    outer loop
      vertex 120.164 108.333 4.2
      vertex 120.51 104.825 4.2
      vertex 120.327 108.357 4.2
    endloop
  endfacet
  facet normal -0 0 1
    outer loop
      vertex 120 108.325 4.2
      vertex 120.51 104.825 4.2
      vertex 120.164 108.333 4.2
    endloop
  endfacet
  facet normal 0 0 1
    outer loop
      vertex 120 108.325 4.2
      vertex 120 104.8 4.2
      vertex 120.51 104.825 4.2
    endloop
  endfacet
  facet normal 0 0 1
    outer loop
      vertex 119.836 108.333 4.2
      vertex 120 104.8 4.2
      vertex 120 108.325 4.2
    endloop
  endfacet
  facet normal 0 0 1
    outer loop
      vertex 119.673 108.357 4.2
      vertex 120 104.8 4.2
      vertex 119.836 108.333 4.2
    endloop
  endfacet
  facet normal 0 0 1
    outer loop
      vertex 119.514 108.397 4.2
      vertex 120 104.8 4.2
      vertex 119.673 108.357 4.2
    endloop
  endfacet
  facet normal 0 0 1
    outer loop
      vertex 120 15.2 4.2
      vertex 119.836 11.6669 4.2
      vertex 120 11.675 4.2
    endloop
  endfacet
  facet normal 0 0 1
    outer loop
      vertex 119.359 108.452 4.2
      vertex 120 104.8 4.2
      vertex 119.514 108.397 4.2
    endloop
  endfacet
  facet normal 0 0 1
    outer loop
      vertex 120 15.2 4.2
      vertex 119.673 11.6428 4.2
      vertex 119.836 11.6669 4.2
    endloop
  endfacet
  facet normal 0 0 1
    outer loop
      vertex 119.21 108.523 4.2
      vertex 120 104.8 4.2
      vertex 119.359 108.452 4.2
    endloop
  endfacet
  facet normal 0 0 1
    outer loop
      vertex 120 15.2 4.2
      vertex 119.514 11.6029 4.2
      vertex 119.673 11.6428 4.2
    endloop
  endfacet
  facet normal 0 0 1
    outer loop
      vertex 119.069 108.607 4.2
      vertex 120 104.8 4.2
      vertex 119.21 108.523 4.2
    endloop
  endfacet
  facet normal 0 0 1
    outer loop
      vertex 120 15.2 4.2
      vertex 119.359 11.5475 4.2
      vertex 119.514 11.6029 4.2
    endloop
  endfacet
  facet normal 0 0 1
    outer loop
      vertex 118.937 108.705 4.2
      vertex 120 104.8 4.2
      vertex 119.069 108.607 4.2
    endloop
  endfacet
  facet normal 0 0 1
    outer loop
      vertex 120 15.2 4.2
      vertex 119.21 11.4772 4.2
      vertex 119.359 11.5475 4.2
    endloop
  endfacet
  facet normal 0 0 1
    outer loop
      vertex 118.816 108.816 4.2
      vertex 120 104.8 4.2
      vertex 118.937 108.705 4.2
    endloop
  endfacet
  facet normal 0 0 1
    outer loop
      vertex 120 15.2 4.2
      vertex 119.069 11.3927 4.2
      vertex 119.21 11.4772 4.2
    endloop
  endfacet
  facet normal 0 0 1
    outer loop
      vertex 118.705 108.937 4.2
      vertex 120 104.8 4.2
      vertex 118.816 108.816 4.2
    endloop
  endfacet
  facet normal 0 0 1
    outer loop
      vertex 120 15.2 4.2
      vertex 118.937 11.2948 4.2
      vertex 119.069 11.3927 4.2
    endloop
  endfacet
  facet normal 0 0 1
    outer loop
      vertex 118.607 109.069 4.2
      vertex 120 104.8 4.2
      vertex 118.705 108.937 4.2
    endloop
  endfacet
  facet normal 0 0 1
    outer loop
      vertex 120 15.2 4.2
      vertex 118.816 11.1844 4.2
      vertex 118.937 11.2948 4.2
    endloop
  endfacet
  facet normal 0 0 1
    outer loop
      vertex 118.523 109.21 4.2
      vertex 120 104.8 4.2
      vertex 118.607 109.069 4.2
    endloop
  endfacet
  facet normal 0 0 1
    outer loop
      vertex 120 15.2 4.2
      vertex 118.705 11.0626 4.2
      vertex 118.816 11.1844 4.2
    endloop
  endfacet
  facet normal 0 0 1
    outer loop
      vertex 118.452 109.359 4.2
      vertex 120 104.8 4.2
      vertex 118.523 109.21 4.2
    endloop
  endfacet
  facet normal 0 0 1
    outer loop
      vertex 120 15.2 4.2
      vertex 118.607 10.9306 4.2
      vertex 118.705 11.0626 4.2
    endloop
  endfacet
  facet normal 0 0 1
    outer loop
      vertex 120 104.8 4.2
      vertex 118.452 109.359 4.2
      vertex 120 15.2 4.2
    endloop
  endfacet
  facet normal 0 0 1
    outer loop
      vertex 120 15.2 4.2
      vertex 118.523 10.7896 4.2
      vertex 118.607 10.9306 4.2
    endloop
  endfacet
  facet normal 0 0 1
    outer loop
      vertex 118.452 10.641 4.2
      vertex 120 15.2 4.2
      vertex 118.452 109.359 4.2
    endloop
  endfacet
  facet normal 0 0 1
    outer loop
      vertex 120 15.2 4.2
      vertex 118.452 10.641 4.2
      vertex 118.523 10.7896 4.2
    endloop
  endfacet
  facet normal 0 0 1
    outer loop
      vertex 118.397 109.514 4.2
      vertex 118.452 10.641 4.2
      vertex 118.452 109.359 4.2
    endloop
  endfacet
  facet normal 0 0 1
    outer loop
      vertex 118.397 109.514 4.2
      vertex 118.397 10.4862 4.2
      vertex 118.452 10.641 4.2
    endloop
  endfacet
  facet normal 0 0 1
    outer loop
      vertex 118.357 109.673 4.2
      vertex 118.397 10.4862 4.2
      vertex 118.397 109.514 4.2
    endloop
  endfacet
  facet normal 0 0 1
    outer loop
      vertex 118.357 109.673 4.2
      vertex 118.357 10.3268 4.2
      vertex 118.397 10.4862 4.2
    endloop
  endfacet
  facet normal 0 0 1
    outer loop
      vertex 118.333 109.836 4.2
      vertex 118.357 10.3268 4.2
      vertex 118.357 109.673 4.2
    endloop
  endfacet
  facet normal 0 0 1
    outer loop
      vertex 118.333 109.836 4.2
      vertex 118.333 10.1642 4.2
      vertex 118.357 10.3268 4.2
    endloop
  endfacet
  facet normal 0 0 1
    outer loop
      vertex 118.325 110 4.2
      vertex 118.333 10.1642 4.2
      vertex 118.333 109.836 4.2
    endloop
  endfacet
  facet normal 0 0 1
    outer loop
      vertex 118.333 10.1642 4.2
      vertex 118.325 110 4.2
      vertex 118.325 10 4.2
    endloop
  endfacet
  facet normal 0 0 1
    outer loop
      vertex 121.675 10 4.2
      vertex 125.2 10 4.2
      vertex 125.175 10.5097 4.2
    endloop
  endfacet
  facet normal 0 0 1
    outer loop
      vertex 121.667 10.1642 4.2
      vertex 125.175 10.5097 4.2
      vertex 125.1 11.0145 4.2
    endloop
  endfacet
  facet normal 0 0 1
    outer loop
      vertex 125.2 10 4.2
      vertex 121.675 10 4.2
      vertex 125.175 9.49031 4.2
    endloop
  endfacet
  facet normal 0 0 1
    outer loop
      vertex 121.643 10.3268 4.2
      vertex 125.1 11.0145 4.2
      vertex 124.976 11.5095 4.2
    endloop
  endfacet
  facet normal -0 0 1
    outer loop
      vertex 121.667 9.83582 4.2
      vertex 125.175 9.49031 4.2
      vertex 121.675 10 4.2
    endloop
  endfacet
  facet normal 0 0 1
    outer loop
      vertex 121.603 10.4862 4.2
      vertex 124.976 11.5095 4.2
      vertex 124.804 11.99 4.2
    endloop
  endfacet
  facet normal 0 0 1
    outer loop
      vertex 125.175 9.49031 4.2
      vertex 121.667 9.83582 4.2
      vertex 125.1 8.98553 4.2
    endloop
  endfacet
  facet normal 0 0 1
    outer loop
      vertex 121.548 10.641 4.2
      vertex 124.804 11.99 4.2
      vertex 124.586 12.4513 4.2
    endloop
  endfacet
  facet normal -0 0 1
    outer loop
      vertex 121.643 9.67322 4.2
      vertex 125.1 8.98553 4.2
      vertex 121.667 9.83582 4.2
    endloop
  endfacet
  facet normal 0 0 1
    outer loop
      vertex 121.477 10.7896 4.2
      vertex 124.586 12.4513 4.2
      vertex 124.324 12.889 4.2
    endloop
  endfacet
  facet normal 0 0 1
    outer loop
      vertex 125.1 8.98553 4.2
      vertex 121.643 9.67322 4.2
      vertex 124.976 8.49052 4.2
    endloop
  endfacet
  facet normal 0 0 1
    outer loop
      vertex 121.393 10.9306 4.2
      vertex 124.324 12.889 4.2
      vertex 124.02 13.2988 4.2
    endloop
  endfacet
  facet normal -0 0 1
    outer loop
      vertex 121.603 9.51377 4.2
      vertex 124.976 8.49052 4.2
      vertex 121.643 9.67322 4.2
    endloop
  endfacet
  facet normal 0 0 1
    outer loop
      vertex 121.295 11.0626 4.2
      vertex 124.02 13.2988 4.2
      vertex 123.677 13.677 4.2
    endloop
  endfacet
  facet normal 0 0 1
    outer loop
      vertex 124.976 8.49052 4.2
      vertex 121.603 9.51377 4.2
      vertex 124.804 8.01005 4.2
    endloop
  endfacet
  facet normal 0 0 1
    outer loop
      vertex 121.184 11.1844 4.2
      vertex 123.677 13.677 4.2
      vertex 123.299 14.0197 4.2
    endloop
  endfacet
  facet normal -0 0 1
    outer loop
      vertex 121.548 9.359 4.2
      vertex 124.804 8.01005 4.2
      vertex 121.603 9.51377 4.2
    endloop
  endfacet
  facet normal 0 0 1
    outer loop
      vertex 121.063 11.2948 4.2
      vertex 123.299 14.0197 4.2
      vertex 122.889 14.3236 4.2
    endloop
  endfacet
  facet normal 0 0 1
    outer loop
      vertex 124.804 8.01005 4.2
      vertex 121.548 9.359 4.2
      vertex 124.586 7.54874 4.2
    endloop
  endfacet
  facet normal 0 0 1
    outer loop
      vertex 120.931 11.3927 4.2
      vertex 122.889 14.3236 4.2
      vertex 122.451 14.586 4.2
    endloop
  endfacet
  facet normal -0 0 1
    outer loop
      vertex 121.477 9.21041 4.2
      vertex 124.586 7.54874 4.2
      vertex 121.548 9.359 4.2
    endloop
  endfacet
  facet normal 0 0 1
    outer loop
      vertex 120.79 11.4772 4.2
      vertex 122.451 14.586 4.2
      vertex 121.99 14.8042 4.2
    endloop
  endfacet
  facet normal 0 0 1
    outer loop
      vertex 124.586 7.54874 4.2
      vertex 121.477 9.21041 4.2
      vertex 124.324 7.11103 4.2
    endloop
  endfacet
  facet normal -0 0 1
    outer loop
      vertex 121.393 9.06942 4.2
      vertex 124.324 7.11103 4.2
      vertex 121.477 9.21041 4.2
    endloop
  endfacet
  facet normal 0 0 1
    outer loop
      vertex 125.175 10.5097 4.2
      vertex 121.667 10.1642 4.2
      vertex 121.675 10 4.2
    endloop
  endfacet
  facet normal 0 0 1
    outer loop
      vertex 125.1 11.0145 4.2
      vertex 121.643 10.3268 4.2
      vertex 121.667 10.1642 4.2
    endloop
  endfacet
  facet normal 0 0 1
    outer loop
      vertex 124.976 11.5095 4.2
      vertex 121.603 10.4862 4.2
      vertex 121.643 10.3268 4.2
    endloop
  endfacet
  facet normal 0 0 1
    outer loop
      vertex 124.804 11.99 4.2
      vertex 121.548 10.641 4.2
      vertex 121.603 10.4862 4.2
    endloop
  endfacet
  facet normal 0 0 1
    outer loop
      vertex 120.641 11.5475 4.2
      vertex 121.99 14.8042 4.2
      vertex 121.509 14.9761 4.2
    endloop
  endfacet
  facet normal 0 0 1
    outer loop
      vertex 124.586 12.4513 4.2
      vertex 121.477 10.7896 4.2
      vertex 121.548 10.641 4.2
    endloop
  endfacet
  facet normal 0 0 1
    outer loop
      vertex 124.324 12.889 4.2
      vertex 121.393 10.9306 4.2
      vertex 121.477 10.7896 4.2
    endloop
  endfacet
  facet normal 0 0 1
    outer loop
      vertex 124.02 13.2988 4.2
      vertex 121.295 11.0626 4.2
      vertex 121.393 10.9306 4.2
    endloop
  endfacet
  facet normal 0 0 1
    outer loop
      vertex 123.677 13.677 4.2
      vertex 121.184 11.1844 4.2
      vertex 121.295 11.0626 4.2
    endloop
  endfacet
  facet normal 0 0 1
    outer loop
      vertex 123.299 14.0197 4.2
      vertex 121.063 11.2948 4.2
      vertex 121.184 11.1844 4.2
    endloop
  endfacet
  facet normal 0 0 1
    outer loop
      vertex 120.486 11.6029 4.2
      vertex 121.509 14.9761 4.2
      vertex 121.014 15.1001 4.2
    endloop
  endfacet
  facet normal 0 0 1
    outer loop
      vertex 122.889 14.3236 4.2
      vertex 120.931 11.3927 4.2
      vertex 121.063 11.2948 4.2
    endloop
  endfacet
  facet normal 0 0 1
    outer loop
      vertex 122.451 14.586 4.2
      vertex 120.79 11.4772 4.2
      vertex 120.931 11.3927 4.2
    endloop
  endfacet
  facet normal 0 0 1
    outer loop
      vertex 121.99 14.8042 4.2
      vertex 120.641 11.5475 4.2
      vertex 120.79 11.4772 4.2
    endloop
  endfacet
  facet normal 0 0 1
    outer loop
      vertex 120.327 11.6428 4.2
      vertex 121.014 15.1001 4.2
      vertex 120.51 15.175 4.2
    endloop
  endfacet
  facet normal 0 0 1
    outer loop
      vertex 121.509 14.9761 4.2
      vertex 120.486 11.6029 4.2
      vertex 120.641 11.5475 4.2
    endloop
  endfacet
  facet normal 0 0 1
    outer loop
      vertex 121.014 15.1001 4.2
      vertex 120.327 11.6428 4.2
      vertex 120.486 11.6029 4.2
    endloop
  endfacet
  facet normal 0 0 1
    outer loop
      vertex 120.51 15.175 4.2
      vertex 120.164 11.6669 4.2
      vertex 120.327 11.6428 4.2
    endloop
  endfacet
  facet normal 0 0 1
    outer loop
      vertex 120 15.2 4.2
      vertex 120.164 11.6669 4.2
      vertex 120.51 15.175 4.2
    endloop
  endfacet
  facet normal 0 0 1
    outer loop
      vertex 120.164 11.6669 4.2
      vertex 120 15.2 4.2
      vertex 120 11.675 4.2
    endloop
  endfacet
  facet normal 0 0 1
    outer loop
      vertex 124.324 7.11103 4.2
      vertex 121.393 9.06942 4.2
      vertex 124.02 6.70115 4.2
    endloop
  endfacet
  facet normal -0 0 1
    outer loop
      vertex 121.295 8.93739 4.2
      vertex 124.02 6.70115 4.2
      vertex 121.393 9.06942 4.2
    endloop
  endfacet
  facet normal 0 0 1
    outer loop
      vertex 124.02 6.70115 4.2
      vertex 121.295 8.93739 4.2
      vertex 123.677 6.32304 4.2
    endloop
  endfacet
  facet normal -0 0 1
    outer loop
      vertex 121.184 8.8156 4.2
      vertex 123.677 6.32304 4.2
      vertex 121.295 8.93739 4.2
    endloop
  endfacet
  facet normal 0 0 1
    outer loop
      vertex 123.677 6.32304 4.2
      vertex 121.184 8.8156 4.2
      vertex 123.299 5.98034 4.2
    endloop
  endfacet
  facet normal -0 0 1
    outer loop
      vertex 121.063 8.70521 4.2
      vertex 123.299 5.98034 4.2
      vertex 121.184 8.8156 4.2
    endloop
  endfacet
  facet normal 0 0 1
    outer loop
      vertex 123.299 5.98034 4.2
      vertex 121.063 8.70521 4.2
      vertex 122.889 5.67636 4.2
    endloop
  endfacet
  facet normal -0 0 1
    outer loop
      vertex 120.931 8.60729 4.2
      vertex 122.889 5.67636 4.2
      vertex 121.063 8.70521 4.2
    endloop
  endfacet
  facet normal 0 0 1
    outer loop
      vertex 122.889 5.67636 4.2
      vertex 120.931 8.60729 4.2
      vertex 122.451 5.41401 4.2
    endloop
  endfacet
  facet normal -0 0 1
    outer loop
      vertex 120.79 8.52278 4.2
      vertex 122.451 5.41401 4.2
      vertex 120.931 8.60729 4.2
    endloop
  endfacet
  facet normal 0 0 1
    outer loop
      vertex 122.451 5.41401 4.2
      vertex 120.79 8.52278 4.2
      vertex 121.99 5.19583 4.2
    endloop
  endfacet
  facet normal -0 0 1
    outer loop
      vertex 120.641 8.4525 4.2
      vertex 121.99 5.19583 4.2
      vertex 120.79 8.52278 4.2
    endloop
  endfacet
  facet normal 0 0 1
    outer loop
      vertex 121.99 5.19583 4.2
      vertex 120.641 8.4525 4.2
      vertex 121.509 5.02391 4.2
    endloop
  endfacet
  facet normal -0 0 1
    outer loop
      vertex 120.486 8.39712 4.2
      vertex 121.509 5.02391 4.2
      vertex 120.641 8.4525 4.2
    endloop
  endfacet
  facet normal 0 0 1
    outer loop
      vertex 121.509 5.02391 4.2
      vertex 120.486 8.39712 4.2
      vertex 121.014 4.89992 4.2
    endloop
  endfacet
  facet normal -0 0 1
    outer loop
      vertex 120.327 8.35718 4.2
      vertex 121.014 4.89992 4.2
      vertex 120.486 8.39712 4.2
    endloop
  endfacet
  facet normal 0 0 1
    outer loop
      vertex 121.014 4.89992 4.2
      vertex 120.327 8.35718 4.2
      vertex 120.51 4.82504 4.2
    endloop
  endfacet
  facet normal -0 0 1
    outer loop
      vertex 120.164 8.33307 4.2
      vertex 120.51 4.82504 4.2
      vertex 120.327 8.35718 4.2
    endloop
  endfacet
  facet normal -0 0 1
    outer loop
      vertex 120 8.325 4.2
      vertex 120.51 4.82504 4.2
      vertex 120.164 8.33307 4.2
    endloop
  endfacet
  facet normal 0 0 1
    outer loop
      vertex 120 8.325 4.2
      vertex 120 4.8 4.2
      vertex 120.51 4.82504 4.2
    endloop
  endfacet
  facet normal 0 0 1
    outer loop
      vertex 120 8.325 4.2
      vertex 119.99 4.80048 4.2
      vertex 120 4.8 4.2
    endloop
  endfacet
  facet normal 0 0 1
    outer loop
      vertex 119.836 8.33307 4.2
      vertex 119.99 4.80048 4.2
      vertex 120 8.325 4.2
    endloop
  endfacet
  facet normal 0 0 1
    outer loop
      vertex 119.673 8.35718 4.2
      vertex 119.99 4.80048 4.2
      vertex 119.836 8.33307 4.2
    endloop
  endfacet
  facet normal 0 0 1
    outer loop
      vertex 119.514 8.39712 4.2
      vertex 119.99 4.80048 4.2
      vertex 119.673 8.35718 4.2
    endloop
  endfacet
  facet normal 0 0 1
    outer loop
      vertex 119.359 8.4525 4.2
      vertex 119.99 4.80048 4.2
      vertex 119.514 8.39712 4.2
    endloop
  endfacet
  facet normal 0 0 1
    outer loop
      vertex 119.21 8.52278 4.2
      vertex 119.99 4.80048 4.2
      vertex 119.359 8.4525 4.2
    endloop
  endfacet
  facet normal 0 0 1
    outer loop
      vertex 119.069 8.60729 4.2
      vertex 119.99 4.80048 4.2
      vertex 119.21 8.52278 4.2
    endloop
  endfacet
  facet normal 0 0 1
    outer loop
      vertex 118.937 8.70521 4.2
      vertex 119.99 4.80048 4.2
      vertex 119.069 8.60729 4.2
    endloop
  endfacet
  facet normal 0 0 1
    outer loop
      vertex 118.816 8.8156 4.2
      vertex 119.99 4.80048 4.2
      vertex 118.937 8.70521 4.2
    endloop
  endfacet
  facet normal 0 0 1
    outer loop
      vertex 118.705 8.93739 4.2
      vertex 119.99 4.80048 4.2
      vertex 118.816 8.8156 4.2
    endloop
  endfacet
  facet normal 0 0 1
    outer loop
      vertex 115.2 0.0097964 4.2
      vertex 119.99 4.80048 4.2
      vertex 118.705 8.93739 4.2
    endloop
  endfacet
  facet normal 0 -0 1
    outer loop
      vertex 119.904 4.02454 4.2
      vertex 119.99 4.80048 4.2
      vertex 115.2 0.0097964 4.2
    endloop
  endfacet
  facet normal 0 0 1
    outer loop
      vertex 119.99 4.80048 4.2
      vertex 119.904 4.02454 4.2
      vertex 119.976 4.5099 4.2
    endloop
  endfacet
  facet normal 0 0 1
    outer loop
      vertex 119.904 4.02454 4.2
      vertex 115.2 0.0097964 4.2
      vertex 119.785 3.54857 4.2
    endloop
  endfacet
  facet normal 0 0 1
    outer loop
      vertex 119.785 3.54857 4.2
      vertex 115.2 0.0097964 4.2
      vertex 119.619 3.08658 4.2
    endloop
  endfacet
  facet normal 0 0 1
    outer loop
      vertex 119.619 3.08658 4.2
      vertex 115.2 0.0097964 4.2
      vertex 119.41 2.64301 4.2
    endloop
  endfacet
  facet normal 0 0 1
    outer loop
      vertex 119.41 2.64301 4.2
      vertex 115.2 0.0097964 4.2
      vertex 119.157 2.22214 4.2
    endloop
  endfacet
  facet normal 0 0 1
    outer loop
      vertex 115.2 0.0097964 4.2
      vertex 118.705 8.93739 4.2
      vertex 118.607 9.06942 4.2
    endloop
  endfacet
  facet normal 0 0 1
    outer loop
      vertex 119.157 2.22214 4.2
      vertex 115.2 0.0097964 4.2
      vertex 118.865 1.82803 4.2
    endloop
  endfacet
  facet normal 0 0 1
    outer loop
      vertex 115.2 0.0097964 4.2
      vertex 118.607 9.06942 4.2
      vertex 118.523 9.21041 4.2
    endloop
  endfacet
  facet normal 0 0 1
    outer loop
      vertex 115.2 0.0097964 4.2
      vertex 118.523 9.21041 4.2
      vertex 118.452 9.359 4.2
    endloop
  endfacet
  facet normal 0 0 1
    outer loop
      vertex 115.2 0.0097964 4.2
      vertex 118.452 9.359 4.2
      vertex 118.397 9.51377 4.2
    endloop
  endfacet
  facet normal 0 0 1
    outer loop
      vertex 115.2 0.0097964 4.2
      vertex 118.397 9.51377 4.2
      vertex 118.357 9.67322 4.2
    endloop
  endfacet
  facet normal 0 0 1
    outer loop
      vertex 115.2 0.0097964 4.2
      vertex 118.357 9.67322 4.2
      vertex 118.333 9.83582 4.2
    endloop
  endfacet
  facet normal 0 0 1
    outer loop
      vertex 115.2 0.0097964 4.2
      vertex 118.333 9.83582 4.2
      vertex 118.325 10 4.2
    endloop
  endfacet
  facet normal 0 0 1
    outer loop
      vertex 118.865 1.82803 4.2
      vertex 115.2 0.0097964 4.2
      vertex 118.536 1.46446 4.2
    endloop
  endfacet
  facet normal 0 0 1
    outer loop
      vertex 118.325 110 4.2
      vertex 115.2 119.99 4.2
      vertex 118.325 10 4.2
    endloop
  endfacet
  facet normal 0 0 1
    outer loop
      vertex 115.2 119.99 4.2
      vertex 118.172 118.865 4.2
      vertex 117.778 119.157 4.2
    endloop
  endfacet
  facet normal 0 0 1
    outer loop
      vertex 115.2 0.0097964 4.2
      vertex 118.325 10 4.2
      vertex 115.2 119.99 4.2
    endloop
  endfacet
  facet normal 0 0 1
    outer loop
      vertex 115.2 119.99 4.2
      vertex 117.778 119.157 4.2
      vertex 117.357 119.41 4.2
    endloop
  endfacet
  facet normal 0 0 1
    outer loop
      vertex 118.536 1.46446 4.2
      vertex 115.2 0.0097964 4.2
      vertex 118.172 1.13493 4.2
    endloop
  endfacet
  facet normal 0 0 1
    outer loop
      vertex 115.2 119.99 4.2
      vertex 117.357 119.41 4.2
      vertex 116.913 119.619 4.2
    endloop
  endfacet
  facet normal 0 0 1
    outer loop
      vertex 118.172 1.13493 4.2
      vertex 115.2 0.0097964 4.2
      vertex 117.778 0.842651 4.2
    endloop
  endfacet
  facet normal 0 0 1
    outer loop
      vertex 115.2 119.99 4.2
      vertex 116.913 119.619 4.2
      vertex 116.451 119.785 4.2
    endloop
  endfacet
  facet normal 0 0 1
    outer loop
      vertex 117.778 0.842651 4.2
      vertex 115.2 0.0097964 4.2
      vertex 117.357 0.590393 4.2
    endloop
  endfacet
  facet normal 0 0 1
    outer loop
      vertex 115.2 119.99 4.2
      vertex 116.451 119.785 4.2
      vertex 115.975 119.904 4.2
    endloop
  endfacet
  facet normal 0 0 1
    outer loop
      vertex 117.357 0.590393 4.2
      vertex 115.2 0.0097964 4.2
      vertex 116.913 0.3806 4.2
    endloop
  endfacet
  facet normal 0 0 1
    outer loop
      vertex 115.2 119.99 4.2
      vertex 115.975 119.904 4.2
      vertex 115.49 119.976 4.2
    endloop
  endfacet
  facet normal 0 0 1
    outer loop
      vertex 116.913 0.3806 4.2
      vertex 115.2 0.0097964 4.2
      vertex 116.451 0.215286 4.2
    endloop
  endfacet
  facet normal 0 0 1
    outer loop
      vertex 116.451 0.215286 4.2
      vertex 115.2 0.0097964 4.2
      vertex 115.975 0.0960693 4.2
    endloop
  endfacet
  facet normal 0 0 1
    outer loop
      vertex 115.975 0.0960693 4.2
      vertex 115.2 0.0097964 4.2
      vertex 115.49 0.0240631 4.2
    endloop
  endfacet
  facet normal 0 0 -1
    outer loop
      vertex 111.675 0 0
      vertex 115.2 0 0
      vertex 115.175 -0.509688 0
    endloop
  endfacet
  facet normal 0 0 -1
    outer loop
      vertex 114.53 114.53 0
      vertex 118.865 118.172 0
      vertex 114.714 114.326 0
    endloop
  endfacet
  facet normal -0 0 -1
    outer loop
      vertex 118.865 118.172 0
      vertex 114.53 114.53 0
      vertex 118.536 118.536 0
    endloop
  endfacet
  facet normal -0 0 -1
    outer loop
      vertex 118.536 118.536 0
      vertex 114.53 114.53 0
      vertex 118.172 118.865 0
    endloop
  endfacet
  facet normal 0 0 -1
    outer loop
      vertex 114.326 114.714 0
      vertex 118.172 118.865 0
      vertex 114.53 114.53 0
    endloop
  endfacet
  facet normal -0 0 -1
    outer loop
      vertex 118.172 118.865 0
      vertex 114.326 114.714 0
      vertex 117.778 119.157 0
    endloop
  endfacet
  facet normal -0 0 -1
    outer loop
      vertex 117.778 119.157 0
      vertex 114.326 114.714 0
      vertex 117.357 119.41 0
    endloop
  endfacet
  facet normal -0 0 -1
    outer loop
      vertex 117.357 119.41 0
      vertex 114.326 114.714 0
      vertex 116.913 119.619 0
    endloop
  endfacet
  facet normal 0 0 -1
    outer loop
      vertex 114.106 114.878 0
      vertex 116.913 119.619 0
      vertex 114.326 114.714 0
    endloop
  endfacet
  facet normal -0 0 -1
    outer loop
      vertex 116.913 119.619 0
      vertex 114.106 114.878 0
      vertex 116.451 119.785 0
    endloop
  endfacet
  facet normal -0 0 -1
    outer loop
      vertex 116.451 119.785 0
      vertex 114.106 114.878 0
      vertex 115.975 119.904 0
    endloop
  endfacet
  facet normal 0 0 -1
    outer loop
      vertex 113.87 115.019 0
      vertex 115.975 119.904 0
      vertex 114.106 114.878 0
    endloop
  endfacet
  facet normal -0 0 -1
    outer loop
      vertex 115.975 119.904 0
      vertex 113.87 115.019 0
      vertex 115.49 119.976 0
    endloop
  endfacet
  facet normal -0 0 -1
    outer loop
      vertex 115.49 119.976 0
      vertex 113.87 115.019 0
      vertex 115.2 119.99 0
    endloop
  endfacet
  facet normal 0 0 -1
    outer loop
      vertex 113.622 115.137 0
      vertex 115.2 119.99 0
      vertex 113.87 115.019 0
    endloop
  endfacet
  facet normal 0 0 -1
    outer loop
      vertex 113.363 115.229 0
      vertex 115.2 119.99 0
      vertex 113.622 115.137 0
    endloop
  endfacet
  facet normal 0 0 -1
    outer loop
      vertex 113.096 115.296 0
      vertex 115.2 119.99 0
      vertex 113.363 115.229 0
    endloop
  endfacet
  facet normal 0 -0 -1
    outer loop
      vertex 111.548 119.359 0
      vertex 115.2 119.99 0
      vertex 111.477 119.21 0
    endloop
  endfacet
  facet normal 0 -0 -1
    outer loop
      vertex 111.667 119.836 0
      vertex 115.2 119.99 0
      vertex 111.643 119.673 0
    endloop
  endfacet
  facet normal -0 0 -1
    outer loop
      vertex 115.175 120.51 0
      vertex 111.667 120.164 0
      vertex 115.1 121.014 0
    endloop
  endfacet
  facet normal 0 0 -1
    outer loop
      vertex 111.643 120.327 0
      vertex 115.1 121.014 0
      vertex 111.667 120.164 0
    endloop
  endfacet
  facet normal 0 0 -1
    outer loop
      vertex 111.603 120.486 0
      vertex 114.976 121.509 0
      vertex 111.643 120.327 0
    endloop
  endfacet
  facet normal 0 0 -1
    outer loop
      vertex 115.2 119.99 0
      vertex 111.675 120 0
      vertex 115.175 120.51 0
    endloop
  endfacet
  facet normal 0 -0 -1
    outer loop
      vertex 111.643 119.673 0
      vertex 115.2 119.99 0
      vertex 111.603 119.514 0
    endloop
  endfacet
  facet normal -0 0 -1
    outer loop
      vertex 114.976 121.509 0
      vertex 111.603 120.486 0
      vertex 114.804 121.99 0
    endloop
  endfacet
  facet normal 0 0 -1
    outer loop
      vertex 115.2 119.99 0
      vertex 113.096 115.296 0
      vertex 111.477 119.21 0
    endloop
  endfacet
  facet normal -0 0 -1
    outer loop
      vertex 114.804 121.99 0
      vertex 111.548 120.641 0
      vertex 114.586 122.451 0
    endloop
  endfacet
  facet normal 0 0 -1
    outer loop
      vertex 111.393 119.069 0
      vertex 113.096 115.296 0
      vertex 112.824 115.337 0
    endloop
  endfacet
  facet normal 0 0 -1
    outer loop
      vertex 111.295 118.937 0
      vertex 112.824 115.337 0
      vertex 112.55 115.35 0
    endloop
  endfacet
  facet normal 0 0 -1
    outer loop
      vertex 111.477 120.79 0
      vertex 114.586 122.451 0
      vertex 111.548 120.641 0
    endloop
  endfacet
  facet normal -0 0 -1
    outer loop
      vertex 114.586 122.451 0
      vertex 111.477 120.79 0
      vertex 114.324 122.889 0
    endloop
  endfacet
  facet normal 0 0 -1
    outer loop
      vertex 111.393 120.931 0
      vertex 114.324 122.889 0
      vertex 111.477 120.79 0
    endloop
  endfacet
  facet normal 0 0 -1
    outer loop
      vertex 111.548 120.641 0
      vertex 114.804 121.99 0
      vertex 111.603 120.486 0
    endloop
  endfacet
  facet normal -0 0 -1
    outer loop
      vertex 115.1 121.014 0
      vertex 111.643 120.327 0
      vertex 114.976 121.509 0
    endloop
  endfacet
  facet normal 0 0 -1
    outer loop
      vertex 111.667 120.164 0
      vertex 115.175 120.51 0
      vertex 111.675 120 0
    endloop
  endfacet
  facet normal 0 -0 -1
    outer loop
      vertex 111.675 120 0
      vertex 115.2 119.99 0
      vertex 111.667 119.836 0
    endloop
  endfacet
  facet normal 0 -0 -1
    outer loop
      vertex 111.603 119.514 0
      vertex 115.2 119.99 0
      vertex 111.548 119.359 0
    endloop
  endfacet
  facet normal 0 0 -1
    outer loop
      vertex 113.096 115.296 0
      vertex 111.393 119.069 0
      vertex 111.477 119.21 0
    endloop
  endfacet
  facet normal 0 0 -1
    outer loop
      vertex 112.824 115.337 0
      vertex 111.295 118.937 0
      vertex 111.393 119.069 0
    endloop
  endfacet
  facet normal 0 0 -1
    outer loop
      vertex 112.55 115.35 0
      vertex 111.184 118.816 0
      vertex 111.295 118.937 0
    endloop
  endfacet
  facet normal 0 0 -1
    outer loop
      vertex 112.55 115.35 0
      vertex 111.063 118.705 0
      vertex 111.184 118.816 0
    endloop
  endfacet
  facet normal 0 0 -1
    outer loop
      vertex 112.55 115.35 0
      vertex 110.931 118.607 0
      vertex 111.063 118.705 0
    endloop
  endfacet
  facet normal 0 0 -1
    outer loop
      vertex 112.55 115.35 0
      vertex 110.79 118.523 0
      vertex 110.931 118.607 0
    endloop
  endfacet
  facet normal 0 0 -1
    outer loop
      vertex 112.55 115.35 0
      vertex 110.641 118.452 0
      vertex 110.79 118.523 0
    endloop
  endfacet
  facet normal 0 0 -1
    outer loop
      vertex 112.55 115.35 0
      vertex 110.486 118.397 0
      vertex 110.641 118.452 0
    endloop
  endfacet
  facet normal 0 0 -1
    outer loop
      vertex 112.55 115.35 0
      vertex 110.327 118.357 0
      vertex 110.486 118.397 0
    endloop
  endfacet
  facet normal 0 0 -1
    outer loop
      vertex 112.55 115.35 0
      vertex 110.164 118.333 0
      vertex 110.327 118.357 0
    endloop
  endfacet
  facet normal 0 0 -1
    outer loop
      vertex 112.55 115.35 0
      vertex 110 118.325 0
      vertex 110.164 118.333 0
    endloop
  endfacet
  facet normal 0 0 -1
    outer loop
      vertex 112.55 115.35 0
      vertex 109.836 118.333 0
      vertex 110 118.325 0
    endloop
  endfacet
  facet normal 0 0 -1
    outer loop
      vertex 112.55 115.35 0
      vertex 109.673 118.357 0
      vertex 109.836 118.333 0
    endloop
  endfacet
  facet normal 0 0 -1
    outer loop
      vertex 112.55 115.35 0
      vertex 109.514 118.397 0
      vertex 109.673 118.357 0
    endloop
  endfacet
  facet normal 0 0 -1
    outer loop
      vertex 112.55 115.35 0
      vertex 109.359 118.452 0
      vertex 109.514 118.397 0
    endloop
  endfacet
  facet normal 0 0 -1
    outer loop
      vertex 112.55 115.35 0
      vertex 109.21 118.523 0
      vertex 109.359 118.452 0
    endloop
  endfacet
  facet normal 0 0 -1
    outer loop
      vertex 112.55 115.35 0
      vertex 109.069 118.607 0
      vertex 109.21 118.523 0
    endloop
  endfacet
  facet normal 0 0 -1
    outer loop
      vertex 104.8 120 0
      vertex 109.069 118.607 0
      vertex 112.55 115.35 0
    endloop
  endfacet
  facet normal 0 0 -1
    outer loop
      vertex 109.069 118.607 0
      vertex 104.8 120 0
      vertex 108.937 118.705 0
    endloop
  endfacet
  facet normal 0 0 -1
    outer loop
      vertex 104.8 120 0
      vertex 108.325 120 0
      vertex 108.333 119.836 0
    endloop
  endfacet
  facet normal 0 0 -1
    outer loop
      vertex 108.325 120 0
      vertex 107.549 124.586 0
      vertex 108.01 124.804 0
    endloop
  endfacet
  facet normal 0 0 -1
    outer loop
      vertex 104.8 120 0
      vertex 108.333 119.836 0
      vertex 108.357 119.673 0
    endloop
  endfacet
  facet normal 0 0 -1
    outer loop
      vertex 108.325 120 0
      vertex 107.111 124.324 0
      vertex 107.549 124.586 0
    endloop
  endfacet
  facet normal 0 0 -1
    outer loop
      vertex 104.8 120 0
      vertex 108.357 119.673 0
      vertex 108.397 119.514 0
    endloop
  endfacet
  facet normal 0 0 -1
    outer loop
      vertex 108.325 120 0
      vertex 106.701 124.02 0
      vertex 107.111 124.324 0
    endloop
  endfacet
  facet normal 0 0 -1
    outer loop
      vertex 104.8 120 0
      vertex 108.397 119.514 0
      vertex 108.452 119.359 0
    endloop
  endfacet
  facet normal 0 0 -1
    outer loop
      vertex 108.325 120 0
      vertex 106.323 123.677 0
      vertex 106.701 124.02 0
    endloop
  endfacet
  facet normal 0 0 -1
    outer loop
      vertex 104.8 120 0
      vertex 108.452 119.359 0
      vertex 108.523 119.21 0
    endloop
  endfacet
  facet normal 0 0 -1
    outer loop
      vertex 108.325 120 0
      vertex 105.98 123.299 0
      vertex 106.323 123.677 0
    endloop
  endfacet
  facet normal 0 0 -1
    outer loop
      vertex 104.8 120 0
      vertex 108.523 119.21 0
      vertex 108.607 119.069 0
    endloop
  endfacet
  facet normal 0 0 -1
    outer loop
      vertex 108.325 120 0
      vertex 105.676 122.889 0
      vertex 105.98 123.299 0
    endloop
  endfacet
  facet normal 0 0 -1
    outer loop
      vertex 104.8 120 0
      vertex 108.607 119.069 0
      vertex 108.705 118.937 0
    endloop
  endfacet
  facet normal 0 0 -1
    outer loop
      vertex 108.325 120 0
      vertex 105.414 122.451 0
      vertex 105.676 122.889 0
    endloop
  endfacet
  facet normal 0 0 -1
    outer loop
      vertex 104.8 120 0
      vertex 108.705 118.937 0
      vertex 108.816 118.816 0
    endloop
  endfacet
  facet normal 0 0 -1
    outer loop
      vertex 108.325 120 0
      vertex 105.196 121.99 0
      vertex 105.414 122.451 0
    endloop
  endfacet
  facet normal 0 0 -1
    outer loop
      vertex 108.937 118.705 0
      vertex 104.8 120 0
      vertex 108.816 118.816 0
    endloop
  endfacet
  facet normal 0 0 -1
    outer loop
      vertex 108.325 120 0
      vertex 105.024 121.509 0
      vertex 105.196 121.99 0
    endloop
  endfacet
  facet normal 0 0 -1
    outer loop
      vertex 108.325 120 0
      vertex 104.9 121.014 0
      vertex 105.024 121.509 0
    endloop
  endfacet
  facet normal 0 0 -1
    outer loop
      vertex 108.325 120 0
      vertex 104.825 120.51 0
      vertex 104.9 121.014 0
    endloop
  endfacet
  facet normal 0 0 -1
    outer loop
      vertex 108.325 120 0
      vertex 104.8 120 0
      vertex 104.825 120.51 0
    endloop
  endfacet
  facet normal 0 0 -1
    outer loop
      vertex 112.55 115.35 0
      vertex 15.2 120 0
      vertex 104.8 120 0
    endloop
  endfacet
  facet normal 0 0 -1
    outer loop
      vertex 11.6669 120.164 0
      vertex 15.175 120.51 0
      vertex 15.2 120 0
    endloop
  endfacet
  facet normal -0 0 -1
    outer loop
      vertex 15.175 120.51 0
      vertex 11.6669 120.164 0
      vertex 15.1001 121.014 0
    endloop
  endfacet
  facet normal -0 0 -1
    outer loop
      vertex 15.1001 121.014 0
      vertex 11.6428 120.327 0
      vertex 14.9761 121.509 0
    endloop
  endfacet
  facet normal 0 0 -1
    outer loop
      vertex 11.6029 120.486 0
      vertex 14.9761 121.509 0
      vertex 11.6428 120.327 0
    endloop
  endfacet
  facet normal 0 0 -1
    outer loop
      vertex 11.5475 120.641 0
      vertex 14.8042 121.99 0
      vertex 11.6029 120.486 0
    endloop
  endfacet
  facet normal -0 0 -1
    outer loop
      vertex 14.8042 121.99 0
      vertex 11.5475 120.641 0
      vertex 14.586 122.451 0
    endloop
  endfacet
  facet normal -0 0 -1
    outer loop
      vertex 14.586 122.451 0
      vertex 11.4772 120.79 0
      vertex 14.3236 122.889 0
    endloop
  endfacet
  facet normal 0 0 -1
    outer loop
      vertex 11.3927 120.931 0
      vertex 14.3236 122.889 0
      vertex 11.4772 120.79 0
    endloop
  endfacet
  facet normal 0 0 -1
    outer loop
      vertex 11.2948 121.063 0
      vertex 14.0197 123.299 0
      vertex 11.3927 120.931 0
    endloop
  endfacet
  facet normal -0 0 -1
    outer loop
      vertex 14.0197 123.299 0
      vertex 11.2948 121.063 0
      vertex 13.677 123.677 0
    endloop
  endfacet
  facet normal -0 0 -1
    outer loop
      vertex 13.677 123.677 0
      vertex 11.1844 121.184 0
      vertex 13.2988 124.02 0
    endloop
  endfacet
  facet normal 0 0 -1
    outer loop
      vertex 11.6669 120.164 0
      vertex 15.2 120 0
      vertex 11.675 120 0
    endloop
  endfacet
  facet normal 0 0 -1
    outer loop
      vertex 7.44999 115.35 0
      vertex 15.2 120 0
      vertex 112.55 115.35 0
    endloop
  endfacet
  facet normal -0 0 -1
    outer loop
      vertex 15.2 120 0
      vertex 11.6669 119.836 0
      vertex 11.675 120 0
    endloop
  endfacet
  facet normal 0 0 -1
    outer loop
      vertex 15.2 120 0
      vertex 11.6428 119.673 0
      vertex 11.6669 119.836 0
    endloop
  endfacet
  facet normal 0 0 -1
    outer loop
      vertex 15.2 120 0
      vertex 11.6029 119.514 0
      vertex 11.6428 119.673 0
    endloop
  endfacet
  facet normal 0 0 -1
    outer loop
      vertex 15.2 120 0
      vertex 11.5475 119.359 0
      vertex 11.6029 119.514 0
    endloop
  endfacet
  facet normal 0 0 -1
    outer loop
      vertex 15.2 120 0
      vertex 11.4772 119.21 0
      vertex 11.5475 119.359 0
    endloop
  endfacet
  facet normal 0 0 -1
    outer loop
      vertex 15.2 120 0
      vertex 11.3927 119.069 0
      vertex 11.4772 119.21 0
    endloop
  endfacet
  facet normal 0 0 -1
    outer loop
      vertex 15.2 120 0
      vertex 11.2948 118.937 0
      vertex 11.3927 119.069 0
    endloop
  endfacet
  facet normal 0 0 -1
    outer loop
      vertex 15.2 120 0
      vertex 11.1844 118.816 0
      vertex 11.2948 118.937 0
    endloop
  endfacet
  facet normal 0 0 -1
    outer loop
      vertex 15.2 120 0
      vertex 11.0626 118.705 0
      vertex 11.1844 118.816 0
    endloop
  endfacet
  facet normal 0 -0 -1
    outer loop
      vertex 10.9306 118.607 0
      vertex 15.2 120 0
      vertex 7.44999 115.35 0
    endloop
  endfacet
  facet normal 0 0 -1
    outer loop
      vertex 15.2 120 0
      vertex 10.9306 118.607 0
      vertex 11.0626 118.705 0
    endloop
  endfacet
  facet normal 0 0 -1
    outer loop
      vertex 10.9306 118.607 0
      vertex 7.44999 115.35 0
      vertex 10.7896 118.523 0
    endloop
  endfacet
  facet normal 0 0 -1
    outer loop
      vertex 10.7896 118.523 0
      vertex 7.44999 115.35 0
      vertex 10.641 118.452 0
    endloop
  endfacet
  facet normal 0 0 -1
    outer loop
      vertex 10.641 118.452 0
      vertex 7.44999 115.35 0
      vertex 10.4862 118.397 0
    endloop
  endfacet
  facet normal 0 0 -1
    outer loop
      vertex 10.4862 118.397 0
      vertex 7.44999 115.35 0
      vertex 10.3268 118.357 0
    endloop
  endfacet
  facet normal 0 0 -1
    outer loop
      vertex 10.3268 118.357 0
      vertex 7.44999 115.35 0
      vertex 10.1642 118.333 0
    endloop
  endfacet
  facet normal 0 0 -1
    outer loop
      vertex 4.80048 119.99 0
      vertex 8.325 120 0
      vertex 8.33307 119.836 0
    endloop
  endfacet
  facet normal 0 0 -1
    outer loop
      vertex 8.325 120 0
      vertex 7.54874 124.586 0
      vertex 8.01005 124.804 0
    endloop
  endfacet
  facet normal 0 0 -1
    outer loop
      vertex 4.80048 119.99 0
      vertex 8.33307 119.836 0
      vertex 8.35718 119.673 0
    endloop
  endfacet
  facet normal 0 0 -1
    outer loop
      vertex 10.1642 118.333 0
      vertex 7.44999 115.35 0
      vertex 10 118.325 0
    endloop
  endfacet
  facet normal 0 0 -1
    outer loop
      vertex 7.44999 115.35 0
      vertex 9.83582 118.333 0
      vertex 10 118.325 0
    endloop
  endfacet
  facet normal 0 0 -1
    outer loop
      vertex 7.44999 115.35 0
      vertex 9.67322 118.357 0
      vertex 9.83582 118.333 0
    endloop
  endfacet
  facet normal 0 0 -1
    outer loop
      vertex 7.44999 115.35 0
      vertex 9.51377 118.397 0
      vertex 9.67322 118.357 0
    endloop
  endfacet
  facet normal 0 0 -1
    outer loop
      vertex 7.44999 115.35 0
      vertex 9.359 118.452 0
      vertex 9.51377 118.397 0
    endloop
  endfacet
  facet normal 0 0 -1
    outer loop
      vertex 7.44999 115.35 0
      vertex 9.21041 118.523 0
      vertex 9.359 118.452 0
    endloop
  endfacet
  facet normal 0 0 -1
    outer loop
      vertex 7.44999 115.35 0
      vertex 9.06942 118.607 0
      vertex 9.21041 118.523 0
    endloop
  endfacet
  facet normal 0 0 -1
    outer loop
      vertex 7.44999 115.35 0
      vertex 8.93739 118.705 0
      vertex 9.06942 118.607 0
    endloop
  endfacet
  facet normal 0 0 -1
    outer loop
      vertex 7.44999 115.35 0
      vertex 8.8156 118.816 0
      vertex 8.93739 118.705 0
    endloop
  endfacet
  facet normal 0 0 -1
    outer loop
      vertex 7.44999 115.35 0
      vertex 8.70521 118.937 0
      vertex 8.8156 118.816 0
    endloop
  endfacet
  facet normal 0 0 -1
    outer loop
      vertex 7.17554 115.337 0
      vertex 8.70521 118.937 0
      vertex 7.44999 115.35 0
    endloop
  endfacet
  facet normal -0 0 -1
    outer loop
      vertex 8.70521 118.937 0
      vertex 7.17554 115.337 0
      vertex 8.60729 119.069 0
    endloop
  endfacet
  facet normal 0 0 -1
    outer loop
      vertex 6.90374 115.296 0
      vertex 8.60729 119.069 0
      vertex 7.17554 115.337 0
    endloop
  endfacet
  facet normal -0 0 -1
    outer loop
      vertex 8.60729 119.069 0
      vertex 6.90374 115.296 0
      vertex 8.52278 119.21 0
    endloop
  endfacet
  facet normal 0 0 -1
    outer loop
      vertex 4.80048 119.99 0
      vertex 8.52278 119.21 0
      vertex 6.90374 115.296 0
    endloop
  endfacet
  facet normal 0 0 -1
    outer loop
      vertex 8.52278 119.21 0
      vertex 4.80048 119.99 0
      vertex 8.4525 119.359 0
    endloop
  endfacet
  facet normal 0 0 -1
    outer loop
      vertex 8.4525 119.359 0
      vertex 4.80048 119.99 0
      vertex 8.39712 119.514 0
    endloop
  endfacet
  facet normal -0 0 -1
    outer loop
      vertex 8.325 120 0
      vertex 4.80048 119.99 0
      vertex 4.8 120 0
    endloop
  endfacet
  facet normal 0 0 -1
    outer loop
      vertex 8.39712 119.514 0
      vertex 4.80048 119.99 0
      vertex 8.35718 119.673 0
    endloop
  endfacet
  facet normal 0 0 -1
    outer loop
      vertex 8.325 120 0
      vertex 7.11103 124.324 0
      vertex 7.54874 124.586 0
    endloop
  endfacet
  facet normal 0 0 -1
    outer loop
      vertex 4.80048 119.99 0
      vertex 6.90374 115.296 0
      vertex 6.6372 115.229 0
    endloop
  endfacet
  facet normal 0 0 -1
    outer loop
      vertex 4.80048 119.99 0
      vertex 6.6372 115.229 0
      vertex 6.37849 115.137 0
    endloop
  endfacet
  facet normal 0 0 -1
    outer loop
      vertex 8.325 120 0
      vertex 6.70115 124.02 0
      vertex 7.11103 124.324 0
    endloop
  endfacet
  facet normal 0 0 -1
    outer loop
      vertex 4.80048 119.99 0
      vertex 6.37849 115.137 0
      vertex 6.13009 115.019 0
    endloop
  endfacet
  facet normal 0 0 -1
    outer loop
      vertex 8.325 120 0
      vertex 6.32304 123.677 0
      vertex 6.70115 124.02 0
    endloop
  endfacet
  facet normal 0 0 -1
    outer loop
      vertex 4.02454 119.904 0
      vertex 6.13009 115.019 0
      vertex 5.8944 114.878 0
    endloop
  endfacet
  facet normal 0 0 -1
    outer loop
      vertex 8.325 120 0
      vertex 5.98034 123.299 0
      vertex 6.32304 123.677 0
    endloop
  endfacet
  facet normal 0 0 -1
    outer loop
      vertex 3.08658 119.619 0
      vertex 5.8944 114.878 0
      vertex 5.6737 114.714 0
    endloop
  endfacet
  facet normal 0 0 -1
    outer loop
      vertex 1.82803 118.865 0
      vertex 5.6737 114.714 0
      vertex 5.4701 114.53 0
    endloop
  endfacet
  facet normal 0 0 -1
    outer loop
      vertex 8.325 120 0
      vertex 5.67636 122.889 0
      vertex 5.98034 123.299 0
    endloop
  endfacet
  facet normal 0 0 -1
    outer loop
      vertex 1.13493 118.172 0
      vertex 5.4701 114.53 0
      vertex 5.28556 114.326 0
    endloop
  endfacet
  facet normal 0 0 -1
    outer loop
      vertex 8.325 120 0
      vertex 5.41401 122.451 0
      vertex 5.67636 122.889 0
    endloop
  endfacet
  facet normal 0 0 -1
    outer loop
      vertex 0.3806 116.913 0
      vertex 5.28556 114.326 0
      vertex 5.12188 114.106 0
    endloop
  endfacet
  facet normal 0 0 -1
    outer loop
      vertex 8.325 120 0
      vertex 5.19583 121.99 0
      vertex 5.41401 122.451 0
    endloop
  endfacet
  facet normal 0 0 -1
    outer loop
      vertex 0.0960693 115.975 0
      vertex 5.12188 114.106 0
      vertex 4.98061 113.87 0
    endloop
  endfacet
  facet normal 0 0 -1
    outer loop
      vertex 8.325 120 0
      vertex 5.02391 121.509 0
      vertex 5.19583 121.99 0
    endloop
  endfacet
  facet normal 0 0 -1
    outer loop
      vertex 0.0097964 115.2 0
      vertex 4.98061 113.87 0
      vertex 4.86313 113.622 0
    endloop
  endfacet
  facet normal 0 0 -1
    outer loop
      vertex 8.325 120 0
      vertex 4.89992 121.014 0
      vertex 5.02391 121.509 0
    endloop
  endfacet
  facet normal 0 0 -1
    outer loop
      vertex 8.325 120 0
      vertex 4.82504 120.51 0
      vertex 4.89992 121.014 0
    endloop
  endfacet
  facet normal 0 0 -1
    outer loop
      vertex 0.0097964 115.2 0
      vertex 4.86313 113.622 0
      vertex 4.77056 113.363 0
    endloop
  endfacet
  facet normal 0 0 -1
    outer loop
      vertex 0.0097964 115.2 0
      vertex 4.77056 113.363 0
      vertex 4.70379 113.096 0
    endloop
  endfacet
  facet normal 0 0 -1
    outer loop
      vertex 0.93058 111.393 0
      vertex 4.70379 113.096 0
      vertex 4.66347 112.824 0
    endloop
  endfacet
  facet normal 0 0 -1
    outer loop
      vertex 1.06261 111.295 0
      vertex 4.66347 112.824 0
      vertex 4.65 112.55 0
    endloop
  endfacet
  facet normal 0 0 -1
    outer loop
      vertex 6.13009 115.019 0
      vertex 4.5099 119.976 0
      vertex 4.80048 119.99 0
    endloop
  endfacet
  facet normal 0 0 -1
    outer loop
      vertex 1.60287 10.4862 0
      vertex 4.65 7.44999 0
      vertex 1.64281 10.3268 0
    endloop
  endfacet
  facet normal 0 0 -1
    outer loop
      vertex 0.00979614 4.80048 0
      vertex 4.5099 0.0240631 0
      vertex 4.02454 0.0960693 0
    endloop
  endfacet
  facet normal 0 0 -1
    outer loop
      vertex 1.5475 10.641 0
      vertex 4.65 7.44999 0
      vertex 1.60287 10.4862 0
    endloop
  endfacet
  facet normal 0 0 -1
    outer loop
      vertex 0.00979614 4.80048 0
      vertex 4.02454 0.0960693 0
      vertex 3.54857 0.215286 0
    endloop
  endfacet
  facet normal 0 -0 -1
    outer loop
      vertex 1.66693 109.836 0
      vertex 4.65 112.55 0
      vertex 1.64281 109.673 0
    endloop
  endfacet
  facet normal 0 0 -1
    outer loop
      vertex 0.00979614 4.80048 0
      vertex 3.54857 0.215286 0
      vertex 3.08658 0.3806 0
    endloop
  endfacet
  facet normal 0 0 -1
    outer loop
      vertex 4.5099 0.0240631 0
      vertex 1.66693 10.1642 0
      vertex 1.64281 10.3268 0
    endloop
  endfacet
  facet normal 0 0 -1
    outer loop
      vertex 0.00979614 4.80048 0
      vertex 3.08658 0.3806 0
      vertex 2.64301 0.590393 0
    endloop
  endfacet
  facet normal 0 -0 -1
    outer loop
      vertex 1.675 110 0
      vertex 4.65 112.55 0
      vertex 1.66693 109.836 0
    endloop
  endfacet
  facet normal 0 0 -1
    outer loop
      vertex 0.00979614 4.80048 0
      vertex 2.64301 0.590393 0
      vertex 2.22214 0.842651 0
    endloop
  endfacet
  facet normal 0 0 -1
    outer loop
      vertex 4.5099 0.0240631 0
      vertex 1.675 10 0
      vertex 1.66693 10.1642 0
    endloop
  endfacet
  facet normal 0 0 -1
    outer loop
      vertex 0.00979614 4.80048 0
      vertex 2.22214 0.842651 0
      vertex 1.82803 1.13493 0
    endloop
  endfacet
  facet normal 0 0 -1
    outer loop
      vertex 1.60287 110.486 0
      vertex 4.65 112.55 0
      vertex 1.64281 110.327 0
    endloop
  endfacet
  facet normal 0 0 -1
    outer loop
      vertex 1.39271 110.931 0
      vertex 4.65 112.55 0
      vertex 1.47722 110.79 0
    endloop
  endfacet
  facet normal 0 0 -1
    outer loop
      vertex 4.5099 0.0240631 0
      vertex 1.66693 9.83582 0
      vertex 1.675 10 0
    endloop
  endfacet
  facet normal 0 0 -1
    outer loop
      vertex 4.5099 0.0240631 0
      vertex 1.64281 9.67322 0
      vertex 1.66693 9.83582 0
    endloop
  endfacet
  facet normal 0 0 -1
    outer loop
      vertex 4.5099 0.0240631 0
      vertex 1.60287 9.51377 0
      vertex 1.64281 9.67322 0
    endloop
  endfacet
  facet normal 0 0 -1
    outer loop
      vertex 4.5099 0.0240631 0
      vertex 1.5475 9.359 0
      vertex 1.60287 9.51377 0
    endloop
  endfacet
  facet normal 0 0 -1
    outer loop
      vertex 4.5099 0.0240631 0
      vertex 1.47722 9.21041 0
      vertex 1.5475 9.359 0
    endloop
  endfacet
  facet normal 0 0 -1
    outer loop
      vertex 0.00979614 4.80048 0
      vertex 1.82803 1.13493 0
      vertex 1.46446 1.46446 0
    endloop
  endfacet
  facet normal 0 0 -1
    outer loop
      vertex 4.5099 0.0240631 0
      vertex 1.39271 9.06942 0
      vertex 1.47722 9.21041 0
    endloop
  endfacet
  facet normal 0 0 -1
    outer loop
      vertex 4.5099 0.0240631 0
      vertex 1.29479 8.93739 0
      vertex 1.39271 9.06942 0
    endloop
  endfacet
  facet normal 0 0 -1
    outer loop
      vertex 4.5099 0.0240631 0
      vertex 0.00979614 4.80048 0
      vertex 1.29479 8.93739 0
    endloop
  endfacet
  facet normal 0 0 -1
    outer loop
      vertex 0.00979614 4.80048 0
      vertex 1.46446 1.46446 0
      vertex 1.13493 1.82803 0
    endloop
  endfacet
  facet normal 0 0 -1
    outer loop
      vertex 1.29479 8.93739 0
      vertex 0.00979614 4.80048 0
      vertex 1.1844 8.8156 0
    endloop
  endfacet
  facet normal 0 0 -1
    outer loop
      vertex 1.1844 8.8156 0
      vertex 0.00979614 4.80048 0
      vertex 1.06261 8.70521 0
    endloop
  endfacet
  facet normal 0 0 -1
    outer loop
      vertex 0.00979614 4.80048 0
      vertex 1.13493 1.82803 0
      vertex 0.842651 2.22214 0
    endloop
  endfacet
  facet normal 0 0 -1
    outer loop
      vertex 1.06261 8.70521 0
      vertex 0.00979614 4.80048 0
      vertex 0.93058 8.60729 0
    endloop
  endfacet
  facet normal 0 0 -1
    outer loop
      vertex 0.93058 8.60729 0
      vertex 0.00979614 4.80048 0
      vertex 0.789589 8.52278 0
    endloop
  endfacet
  facet normal 0 0 -1
    outer loop
      vertex 0.00979614 4.80048 0
      vertex 0.842651 2.22214 0
      vertex 0.590393 2.64301 0
    endloop
  endfacet
  facet normal 0 0 -1
    outer loop
      vertex 0.789589 8.52278 0
      vertex 0.00979614 4.80048 0
      vertex 0.640994 8.4525 0
    endloop
  endfacet
  facet normal 0 0 -1
    outer loop
      vertex 0.00979614 4.80048 0
      vertex 0.590393 2.64301 0
      vertex 0.3806 3.08658 0
    endloop
  endfacet
  facet normal 0 0 -1
    outer loop
      vertex 0.640994 8.4525 0
      vertex 0.00979614 4.80048 0
      vertex 0.486226 8.39712 0
    endloop
  endfacet
  facet normal 0 0 -1
    outer loop
      vertex 0.00979614 4.80048 0
      vertex 0.3806 3.08658 0
      vertex 0.215286 3.54857 0
    endloop
  endfacet
  facet normal 0 0 -1
    outer loop
      vertex 0.486226 8.39712 0
      vertex 0.00979614 4.80048 0
      vertex 0.326776 8.35718 0
    endloop
  endfacet
  facet normal 0 0 -1
    outer loop
      vertex 0.00979614 4.80048 0
      vertex 0.215286 3.54857 0
      vertex 0.0960693 4.02454 0
    endloop
  endfacet
  facet normal 0 0 -1
    outer loop
      vertex 0.00979614 4.80048 0
      vertex 0.0960693 4.02454 0
      vertex 0.0240631 4.5099 0
    endloop
  endfacet
  facet normal 0 0 -1
    outer loop
      vertex 0.326776 8.35718 0
      vertex 0.00979614 4.80048 0
      vertex 0.164178 8.33307 0
    endloop
  endfacet
  facet normal 0 0 -1
    outer loop
      vertex 0 8.325 0
      vertex 0.00979614 4.80048 0
      vertex 0 4.8 0
    endloop
  endfacet
  facet normal 0 0 -1
    outer loop
      vertex 0.00979614 4.80048 0
      vertex 0 8.325 0
      vertex 0.164178 8.33307 0
    endloop
  endfacet
  facet normal 0 0 -1
    outer loop
      vertex 0 4.8 0
      vertex -0.164178 8.33307 0
      vertex 0 8.325 0
    endloop
  endfacet
  facet normal 0 0 -1
    outer loop
      vertex -0.509688 4.82504 0
      vertex -0.164178 8.33307 0
      vertex 0 4.8 0
    endloop
  endfacet
  facet normal -0 0 -1
    outer loop
      vertex -0.164178 8.33307 0
      vertex -0.509688 4.82504 0
      vertex -0.326776 8.35718 0
    endloop
  endfacet
  facet normal 0 0 -1
    outer loop
      vertex -1.01447 4.89992 0
      vertex -0.326776 8.35718 0
      vertex -0.509688 4.82504 0
    endloop
  endfacet
  facet normal -0 0 -1
    outer loop
      vertex -0.326776 8.35718 0
      vertex -1.01447 4.89992 0
      vertex -0.486226 8.39712 0
    endloop
  endfacet
  facet normal 0 0 -1
    outer loop
      vertex -1.50948 5.02391 0
      vertex -0.486226 8.39712 0
      vertex -1.01447 4.89992 0
    endloop
  endfacet
  facet normal -0 0 -1
    outer loop
      vertex -0.486226 8.39712 0
      vertex -1.50948 5.02391 0
      vertex -0.640994 8.4525 0
    endloop
  endfacet
  facet normal 0 0 -1
    outer loop
      vertex -1.98995 5.19583 0
      vertex -0.640994 8.4525 0
      vertex -1.50948 5.02391 0
    endloop
  endfacet
  facet normal -0 0 -1
    outer loop
      vertex -0.640994 8.4525 0
      vertex -1.98995 5.19583 0
      vertex -0.789589 8.52278 0
    endloop
  endfacet
  facet normal 0 0 -1
    outer loop
      vertex -2.45126 5.41401 0
      vertex -0.789589 8.52278 0
      vertex -1.98995 5.19583 0
    endloop
  endfacet
  facet normal -0 0 -1
    outer loop
      vertex -0.789589 8.52278 0
      vertex -2.45126 5.41401 0
      vertex -0.93058 8.60729 0
    endloop
  endfacet
  facet normal 0 0 -1
    outer loop
      vertex -2.88896 5.67636 0
      vertex -0.93058 8.60729 0
      vertex -2.45126 5.41401 0
    endloop
  endfacet
  facet normal -0 0 -1
    outer loop
      vertex -0.93058 8.60729 0
      vertex -2.88896 5.67636 0
      vertex -1.06261 8.70521 0
    endloop
  endfacet
  facet normal 0 0 -1
    outer loop
      vertex -3.29884 5.98034 0
      vertex -1.06261 8.70521 0
      vertex -2.88896 5.67636 0
    endloop
  endfacet
  facet normal -0 0 -1
    outer loop
      vertex -1.06261 8.70521 0
      vertex -3.29884 5.98034 0
      vertex -1.1844 8.8156 0
    endloop
  endfacet
  facet normal 0 0 -1
    outer loop
      vertex -3.67696 6.32304 0
      vertex -1.1844 8.8156 0
      vertex -3.29884 5.98034 0
    endloop
  endfacet
  facet normal -0 0 -1
    outer loop
      vertex -1.1844 8.8156 0
      vertex -3.67696 6.32304 0
      vertex -1.29479 8.93739 0
    endloop
  endfacet
  facet normal 0 0 -1
    outer loop
      vertex -4.01965 6.70115 0
      vertex -1.29479 8.93739 0
      vertex -3.67696 6.32304 0
    endloop
  endfacet
  facet normal -0 0 -1
    outer loop
      vertex -1.29479 8.93739 0
      vertex -4.01965 6.70115 0
      vertex -1.39271 9.06942 0
    endloop
  endfacet
  facet normal 0 0 -1
    outer loop
      vertex -4.32364 7.11103 0
      vertex -1.39271 9.06942 0
      vertex -4.01965 6.70115 0
    endloop
  endfacet
  facet normal 0 0 -1
    outer loop
      vertex -0.164178 11.6669 0
      vertex 0 15.2 0
      vertex 0 11.675 0
    endloop
  endfacet
  facet normal 0 0 -1
    outer loop
      vertex -0.509688 15.175 0
      vertex -0.164178 11.6669 0
      vertex -0.326776 11.6428 0
    endloop
  endfacet
  facet normal 0 0 -1
    outer loop
      vertex -1.01447 15.1001 0
      vertex -0.326776 11.6428 0
      vertex -0.486226 11.6029 0
    endloop
  endfacet
  facet normal 0 0 -1
    outer loop
      vertex -0.164178 11.6669 0
      vertex -0.509688 15.175 0
      vertex 0 15.2 0
    endloop
  endfacet
  facet normal 0 0 -1
    outer loop
      vertex -1.50948 14.9761 0
      vertex -0.486226 11.6029 0
      vertex -0.640994 11.5475 0
    endloop
  endfacet
  facet normal 0 0 -1
    outer loop
      vertex -1.98995 14.8042 0
      vertex -0.640994 11.5475 0
      vertex -0.789589 11.4772 0
    endloop
  endfacet
  facet normal 0 0 -1
    outer loop
      vertex -2.45126 14.586 0
      vertex -0.789589 11.4772 0
      vertex -0.93058 11.3927 0
    endloop
  endfacet
  facet normal 0 0 -1
    outer loop
      vertex -0.326776 11.6428 0
      vertex -1.01447 15.1001 0
      vertex -0.509688 15.175 0
    endloop
  endfacet
  facet normal 0 0 -1
    outer loop
      vertex -2.88896 14.3236 0
      vertex -0.93058 11.3927 0
      vertex -1.06261 11.2948 0
    endloop
  endfacet
  facet normal 0 0 -1
    outer loop
      vertex -3.29884 14.0197 0
      vertex -1.06261 11.2948 0
      vertex -1.1844 11.1844 0
    endloop
  endfacet
  facet normal 0 0 -1
    outer loop
      vertex -3.67696 13.677 0
      vertex -1.1844 11.1844 0
      vertex -1.29479 11.0626 0
    endloop
  endfacet
  facet normal 0 0 -1
    outer loop
      vertex -4.01965 13.2988 0
      vertex -1.29479 11.0626 0
      vertex -1.39271 10.9306 0
    endloop
  endfacet
  facet normal 0 0 -1
    outer loop
      vertex -4.32364 12.889 0
      vertex -1.39271 10.9306 0
      vertex -1.47722 10.7896 0
    endloop
  endfacet
  facet normal 0 0 -1
    outer loop
      vertex -0.486226 11.6029 0
      vertex -1.50948 14.9761 0
      vertex -1.01447 15.1001 0
    endloop
  endfacet
  facet normal 0 0 -1
    outer loop
      vertex -4.58599 12.4513 0
      vertex -1.47722 10.7896 0
      vertex -1.5475 10.641 0
    endloop
  endfacet
  facet normal 0 0 -1
    outer loop
      vertex -4.80417 11.99 0
      vertex -1.5475 10.641 0
      vertex -1.60287 10.4862 0
    endloop
  endfacet
  facet normal 0 0 -1
    outer loop
      vertex -4.97609 11.5095 0
      vertex -1.60287 10.4862 0
      vertex -1.64281 10.3268 0
    endloop
  endfacet
  facet normal 0 0 -1
    outer loop
      vertex -5.10008 11.0145 0
      vertex -1.64281 10.3268 0
      vertex -1.66693 10.1642 0
    endloop
  endfacet
  facet normal 0 0 -1
    outer loop
      vertex -5.17496 10.5097 0
      vertex -1.66693 10.1642 0
      vertex -1.675 10 0
    endloop
  endfacet
  facet normal -0 0 -1
    outer loop
      vertex -1.39271 9.06942 0
      vertex -4.32364 7.11103 0
      vertex -1.47722 9.21041 0
    endloop
  endfacet
  facet normal 0 0 -1
    outer loop
      vertex -0.640994 11.5475 0
      vertex -1.98995 14.8042 0
      vertex -1.50948 14.9761 0
    endloop
  endfacet
  facet normal 0 0 -1
    outer loop
      vertex -4.58599 7.54874 0
      vertex -1.47722 9.21041 0
      vertex -4.32364 7.11103 0
    endloop
  endfacet
  facet normal 0 0 -1
    outer loop
      vertex -0.789589 11.4772 0
      vertex -2.45126 14.586 0
      vertex -1.98995 14.8042 0
    endloop
  endfacet
  facet normal -0 0 -1
    outer loop
      vertex -1.47722 9.21041 0
      vertex -4.58599 7.54874 0
      vertex -1.5475 9.359 0
    endloop
  endfacet
  facet normal 0 0 -1
    outer loop
      vertex -0.93058 11.3927 0
      vertex -2.88896 14.3236 0
      vertex -2.45126 14.586 0
    endloop
  endfacet
  facet normal 0 0 -1
    outer loop
      vertex -4.80417 8.01005 0
      vertex -1.5475 9.359 0
      vertex -4.58599 7.54874 0
    endloop
  endfacet
  facet normal 0 0 -1
    outer loop
      vertex -1.06261 11.2948 0
      vertex -3.29884 14.0197 0
      vertex -2.88896 14.3236 0
    endloop
  endfacet
  facet normal -0 0 -1
    outer loop
      vertex -1.5475 9.359 0
      vertex -4.80417 8.01005 0
      vertex -1.60287 9.51377 0
    endloop
  endfacet
  facet normal 0 0 -1
    outer loop
      vertex -1.1844 11.1844 0
      vertex -3.67696 13.677 0
      vertex -3.29884 14.0197 0
    endloop
  endfacet
  facet normal 0 0 -1
    outer loop
      vertex -4.97609 8.49052 0
      vertex -1.60287 9.51377 0
      vertex -4.80417 8.01005 0
    endloop
  endfacet
  facet normal 0 0 -1
    outer loop
      vertex -1.29479 11.0626 0
      vertex -4.01965 13.2988 0
      vertex -3.67696 13.677 0
    endloop
  endfacet
  facet normal -0 0 -1
    outer loop
      vertex -1.60287 9.51377 0
      vertex -4.97609 8.49052 0
      vertex -1.64281 9.67322 0
    endloop
  endfacet
  facet normal 0 0 -1
    outer loop
      vertex -1.39271 10.9306 0
      vertex -4.32364 12.889 0
      vertex -4.01965 13.2988 0
    endloop
  endfacet
  facet normal 0 0 -1
    outer loop
      vertex -5.10008 8.98553 0
      vertex -1.64281 9.67322 0
      vertex -4.97609 8.49052 0
    endloop
  endfacet
  facet normal 0 0 -1
    outer loop
      vertex -1.47722 10.7896 0
      vertex -4.58599 12.4513 0
      vertex -4.32364 12.889 0
    endloop
  endfacet
  facet normal -0 0 -1
    outer loop
      vertex -1.64281 9.67322 0
      vertex -5.10008 8.98553 0
      vertex -1.66693 9.83582 0
    endloop
  endfacet
  facet normal 0 0 -1
    outer loop
      vertex -1.5475 10.641 0
      vertex -4.80417 11.99 0
      vertex -4.58599 12.4513 0
    endloop
  endfacet
  facet normal 0 0 -1
    outer loop
      vertex -5.17496 9.49031 0
      vertex -1.66693 9.83582 0
      vertex -5.10008 8.98553 0
    endloop
  endfacet
  facet normal 0 0 -1
    outer loop
      vertex -1.60287 10.4862 0
      vertex -4.97609 11.5095 0
      vertex -4.80417 11.99 0
    endloop
  endfacet
  facet normal -0 0 -1
    outer loop
      vertex -1.66693 9.83582 0
      vertex -5.17496 9.49031 0
      vertex -1.675 10 0
    endloop
  endfacet
  facet normal 0 0 -1
    outer loop
      vertex -1.64281 10.3268 0
      vertex -5.10008 11.0145 0
      vertex -4.97609 11.5095 0
    endloop
  endfacet
  facet normal 0 0 -1
    outer loop
      vertex -5.2 10 0
      vertex -1.675 10 0
      vertex -5.17496 9.49031 0
    endloop
  endfacet
  facet normal 0 0 -1
    outer loop
      vertex -1.66693 10.1642 0
      vertex -5.17496 10.5097 0
      vertex -5.10008 11.0145 0
    endloop
  endfacet
  facet normal 0 0 -1
    outer loop
      vertex -1.675 10 0
      vertex -5.2 10 0
      vertex -5.17496 10.5097 0
    endloop
  endfacet
  facet normal 0 0 -1
    outer loop
      vertex 1.5475 110.641 0
      vertex 4.65 112.55 0
      vertex 1.60287 110.486 0
    endloop
  endfacet
  facet normal 0 0 -1
    outer loop
      vertex 1.47722 110.79 0
      vertex 4.65 112.55 0
      vertex 1.5475 110.641 0
    endloop
  endfacet
  facet normal 0 0 -1
    outer loop
      vertex 1.66693 110.164 0
      vertex 4.65 112.55 0
      vertex 1.675 110 0
    endloop
  endfacet
  facet normal 0 0 -1
    outer loop
      vertex 1.64281 110.327 0
      vertex 4.65 112.55 0
      vertex 1.66693 110.164 0
    endloop
  endfacet
  facet normal 0 0 -1
    outer loop
      vertex 1.47722 10.7896 0
      vertex 4.65 7.44999 0
      vertex 1.5475 10.641 0
    endloop
  endfacet
  facet normal 0 0 -1
    outer loop
      vertex 4.65 112.55 0
      vertex 1.60287 109.514 0
      vertex 1.64281 109.673 0
    endloop
  endfacet
  facet normal 0 0 -1
    outer loop
      vertex 4.65 7.44999 0
      vertex 0 15.2 0
      vertex 4.65 112.55 0
    endloop
  endfacet
  facet normal 0 0 -1
    outer loop
      vertex 4.65 112.55 0
      vertex 1.5475 109.359 0
      vertex 1.60287 109.514 0
    endloop
  endfacet
  facet normal 0 0 -1
    outer loop
      vertex 4.65 7.44999 0
      vertex 1.47722 10.7896 0
      vertex 0 15.2 0
    endloop
  endfacet
  facet normal 0 0 -1
    outer loop
      vertex 0 104.8 0
      vertex 4.65 112.55 0
      vertex 0 15.2 0
    endloop
  endfacet
  facet normal 0 0 -1
    outer loop
      vertex 0 15.2 0
      vertex 1.47722 10.7896 0
      vertex 1.39271 10.9306 0
    endloop
  endfacet
  facet normal 0 -0 -1
    outer loop
      vertex 1.47722 109.21 0
      vertex 4.65 112.55 0
      vertex 0 104.8 0
    endloop
  endfacet
  facet normal 0 0 -1
    outer loop
      vertex 0 15.2 0
      vertex 1.39271 10.9306 0
      vertex 1.29479 11.0626 0
    endloop
  endfacet
  facet normal 0 0 -1
    outer loop
      vertex 4.65 112.55 0
      vertex 1.47722 109.21 0
      vertex 1.5475 109.359 0
    endloop
  endfacet
  facet normal 0 0 -1
    outer loop
      vertex 0 15.2 0
      vertex 1.29479 11.0626 0
      vertex 1.1844 11.1844 0
    endloop
  endfacet
  facet normal 0 0 -1
    outer loop
      vertex 1.47722 109.21 0
      vertex 0 104.8 0
      vertex 1.39271 109.069 0
    endloop
  endfacet
  facet normal 0 0 -1
    outer loop
      vertex 0 15.2 0
      vertex 1.1844 11.1844 0
      vertex 1.06261 11.2948 0
    endloop
  endfacet
  facet normal 0 0 -1
    outer loop
      vertex 1.39271 109.069 0
      vertex 0 104.8 0
      vertex 1.29479 108.937 0
    endloop
  endfacet
  facet normal 0 0 -1
    outer loop
      vertex 0 15.2 0
      vertex 1.06261 11.2948 0
      vertex 0.93058 11.3927 0
    endloop
  endfacet
  facet normal 0 0 -1
    outer loop
      vertex 1.29479 108.937 0
      vertex 0 104.8 0
      vertex 1.1844 108.816 0
    endloop
  endfacet
  facet normal 0 0 -1
    outer loop
      vertex 0 15.2 0
      vertex 0.93058 11.3927 0
      vertex 0.789589 11.4772 0
    endloop
  endfacet
  facet normal 0 0 -1
    outer loop
      vertex 1.1844 108.816 0
      vertex 0 104.8 0
      vertex 1.06261 108.705 0
    endloop
  endfacet
  facet normal 0 0 -1
    outer loop
      vertex 0 15.2 0
      vertex 0.789589 11.4772 0
      vertex 0.640994 11.5475 0
    endloop
  endfacet
  facet normal 0 0 -1
    outer loop
      vertex 1.06261 108.705 0
      vertex 0 104.8 0
      vertex 0.93058 108.607 0
    endloop
  endfacet
  facet normal 0 0 -1
    outer loop
      vertex 0 15.2 0
      vertex 0.640994 11.5475 0
      vertex 0.486226 11.6029 0
    endloop
  endfacet
  facet normal 0 0 -1
    outer loop
      vertex 0.93058 108.607 0
      vertex 0 104.8 0
      vertex 0.789589 108.523 0
    endloop
  endfacet
  facet normal 0 0 -1
    outer loop
      vertex 0 15.2 0
      vertex 0.486226 11.6029 0
      vertex 0.326776 11.6428 0
    endloop
  endfacet
  facet normal 0 0 -1
    outer loop
      vertex 0.789589 108.523 0
      vertex 0 104.8 0
      vertex 0.640994 108.452 0
    endloop
  endfacet
  facet normal 0 0 -1
    outer loop
      vertex 0 15.2 0
      vertex 0.326776 11.6428 0
      vertex 0.164178 11.6669 0
    endloop
  endfacet
  facet normal 0 0 -1
    outer loop
      vertex 0.640994 108.452 0
      vertex 0 104.8 0
      vertex 0.486226 108.397 0
    endloop
  endfacet
  facet normal 0 0 -1
    outer loop
      vertex 0 15.2 0
      vertex 0.164178 11.6669 0
      vertex 0 11.675 0
    endloop
  endfacet
  facet normal 0 0 -1
    outer loop
      vertex 0.486226 108.397 0
      vertex 0 104.8 0
      vertex 0.326776 108.357 0
    endloop
  endfacet
  facet normal 0 0 -1
    outer loop
      vertex 0.326776 108.357 0
      vertex 0 104.8 0
      vertex 0.164178 108.333 0
    endloop
  endfacet
  facet normal 0 0 -1
    outer loop
      vertex 0 104.8 0
      vertex 0 108.325 0
      vertex 0.164178 108.333 0
    endloop
  endfacet
  facet normal 0 0 -1
    outer loop
      vertex 0 104.8 0
      vertex -0.164178 108.333 0
      vertex 0 108.325 0
    endloop
  endfacet
  facet normal 0 0 -1
    outer loop
      vertex -0.509688 104.825 0
      vertex -0.164178 108.333 0
      vertex 0 104.8 0
    endloop
  endfacet
  facet normal -0 0 -1
    outer loop
      vertex -0.164178 108.333 0
      vertex -0.509688 104.825 0
      vertex -0.326776 108.357 0
    endloop
  endfacet
  facet normal 0 0 -1
    outer loop
      vertex -1.01447 104.9 0
      vertex -0.326776 108.357 0
      vertex -0.509688 104.825 0
    endloop
  endfacet
  facet normal -0 0 -1
    outer loop
      vertex -0.326776 108.357 0
      vertex -1.01447 104.9 0
      vertex -0.486226 108.397 0
    endloop
  endfacet
  facet normal 0 0 -1
    outer loop
      vertex -1.50948 105.024 0
      vertex -0.486226 108.397 0
      vertex -1.01447 104.9 0
    endloop
  endfacet
  facet normal -0 0 -1
    outer loop
      vertex -0.486226 108.397 0
      vertex -1.50948 105.024 0
      vertex -0.640994 108.452 0
    endloop
  endfacet
  facet normal 0 0 -1
    outer loop
      vertex -1.98995 105.196 0
      vertex -0.640994 108.452 0
      vertex -1.50948 105.024 0
    endloop
  endfacet
  facet normal -0 0 -1
    outer loop
      vertex -0.640994 108.452 0
      vertex -1.98995 105.196 0
      vertex -0.789589 108.523 0
    endloop
  endfacet
  facet normal 0 0 -1
    outer loop
      vertex -2.45126 105.414 0
      vertex -0.789589 108.523 0
      vertex -1.98995 105.196 0
    endloop
  endfacet
  facet normal -0 0 -1
    outer loop
      vertex -0.789589 108.523 0
      vertex -2.45126 105.414 0
      vertex -0.93058 108.607 0
    endloop
  endfacet
  facet normal 0 0 -1
    outer loop
      vertex -2.88896 105.676 0
      vertex -0.93058 108.607 0
      vertex -2.45126 105.414 0
    endloop
  endfacet
  facet normal -0 0 -1
    outer loop
      vertex -0.93058 108.607 0
      vertex -2.88896 105.676 0
      vertex -1.06261 108.705 0
    endloop
  endfacet
  facet normal 0 0 -1
    outer loop
      vertex -3.29884 105.98 0
      vertex -1.06261 108.705 0
      vertex -2.88896 105.676 0
    endloop
  endfacet
  facet normal -0 0 -1
    outer loop
      vertex -1.06261 108.705 0
      vertex -3.29884 105.98 0
      vertex -1.1844 108.816 0
    endloop
  endfacet
  facet normal 0 0 -1
    outer loop
      vertex -3.67696 106.323 0
      vertex -1.1844 108.816 0
      vertex -3.29884 105.98 0
    endloop
  endfacet
  facet normal -0 0 -1
    outer loop
      vertex -1.1844 108.816 0
      vertex -3.67696 106.323 0
      vertex -1.29479 108.937 0
    endloop
  endfacet
  facet normal 0 0 -1
    outer loop
      vertex -4.01965 106.701 0
      vertex -1.29479 108.937 0
      vertex -3.67696 106.323 0
    endloop
  endfacet
  facet normal -0 0 -1
    outer loop
      vertex -1.29479 108.937 0
      vertex -4.01965 106.701 0
      vertex -1.39271 109.069 0
    endloop
  endfacet
  facet normal 0 0 -1
    outer loop
      vertex -4.32364 107.111 0
      vertex -1.39271 109.069 0
      vertex -4.01965 106.701 0
    endloop
  endfacet
  facet normal 0 0 -1
    outer loop
      vertex 1.29479 111.063 0
      vertex 4.65 112.55 0
      vertex 1.39271 110.931 0
    endloop
  endfacet
  facet normal 0 0 -1
    outer loop
      vertex 1.1844 111.184 0
      vertex 4.65 112.55 0
      vertex 1.29479 111.063 0
    endloop
  endfacet
  facet normal 0 0 -1
    outer loop
      vertex 4.98061 113.87 0
      vertex 0.0097964 115.2 0
      vertex 0.0240631 115.49 0
    endloop
  endfacet
  facet normal 0 0 -1
    outer loop
      vertex 6.13009 115.019 0
      vertex 4.02454 119.904 0
      vertex 4.5099 119.976 0
    endloop
  endfacet
  facet normal 0 0 -1
    outer loop
      vertex 5.8944 114.878 0
      vertex 3.54857 119.785 0
      vertex 4.02454 119.904 0
    endloop
  endfacet
  facet normal 0 0 -1
    outer loop
      vertex 5.8944 114.878 0
      vertex 3.08658 119.619 0
      vertex 3.54857 119.785 0
    endloop
  endfacet
  facet normal 0 0 -1
    outer loop
      vertex 5.6737 114.714 0
      vertex 2.64301 119.41 0
      vertex 3.08658 119.619 0
    endloop
  endfacet
  facet normal 0 0 -1
    outer loop
      vertex 5.6737 114.714 0
      vertex 2.22214 119.157 0
      vertex 2.64301 119.41 0
    endloop
  endfacet
  facet normal 0 0 -1
    outer loop
      vertex 5.6737 114.714 0
      vertex 1.82803 118.865 0
      vertex 2.22214 119.157 0
    endloop
  endfacet
  facet normal 0 0 -1
    outer loop
      vertex 1.06261 111.295 0
      vertex 4.65 112.55 0
      vertex 1.1844 111.184 0
    endloop
  endfacet
  facet normal 0 0 -1
    outer loop
      vertex 5.4701 114.53 0
      vertex 1.46446 118.536 0
      vertex 1.82803 118.865 0
    endloop
  endfacet
  facet normal 0 0 -1
    outer loop
      vertex 4.66347 112.824 0
      vertex 1.06261 111.295 0
      vertex 0.93058 111.393 0
    endloop
  endfacet
  facet normal 0 0 -1
    outer loop
      vertex 4.70379 113.096 0
      vertex 0.93058 111.393 0
      vertex 0.789589 111.477 0
    endloop
  endfacet
  facet normal 0 0 -1
    outer loop
      vertex 5.4701 114.53 0
      vertex 1.13493 118.172 0
      vertex 1.46446 118.536 0
    endloop
  endfacet
  facet normal -0 0 -1
    outer loop
      vertex 4.70379 113.096 0
      vertex 0.789589 111.477 0
      vertex 0.0097964 115.2 0
    endloop
  endfacet
  facet normal 0 0 -1
    outer loop
      vertex 0.0097964 115.2 0
      vertex 0.789589 111.477 0
      vertex 0.640994 111.548 0
    endloop
  endfacet
  facet normal 0 0 -1
    outer loop
      vertex 5.28556 114.326 0
      vertex 0.842651 117.778 0
      vertex 1.13493 118.172 0
    endloop
  endfacet
  facet normal 0 0 -1
    outer loop
      vertex 0.0097964 115.2 0
      vertex 0.640994 111.548 0
      vertex 0.486226 111.603 0
    endloop
  endfacet
  facet normal 0 0 -1
    outer loop
      vertex 5.28556 114.326 0
      vertex 0.590393 117.357 0
      vertex 0.842651 117.778 0
    endloop
  endfacet
  facet normal 0 0 -1
    outer loop
      vertex 0.0097964 115.2 0
      vertex 0.486226 111.603 0
      vertex 0.326776 111.643 0
    endloop
  endfacet
  facet normal 0 0 -1
    outer loop
      vertex 5.28556 114.326 0
      vertex 0.3806 116.913 0
      vertex 0.590393 117.357 0
    endloop
  endfacet
  facet normal 0 0 -1
    outer loop
      vertex 0.0097964 115.2 0
      vertex 0.326776 111.643 0
      vertex 0.164178 111.667 0
    endloop
  endfacet
  facet normal 0 0 -1
    outer loop
      vertex 5.12188 114.106 0
      vertex 0.215286 116.451 0
      vertex 0.3806 116.913 0
    endloop
  endfacet
  facet normal 0 0 -1
    outer loop
      vertex 5.12188 114.106 0
      vertex 0.0960693 115.975 0
      vertex 0.215286 116.451 0
    endloop
  endfacet
  facet normal 0 0 -1
    outer loop
      vertex 4.98061 113.87 0
      vertex 0.0240631 115.49 0
      vertex 0.0960693 115.975 0
    endloop
  endfacet
  facet normal 0 0 -1
    outer loop
      vertex 0 111.675 0
      vertex 0.0097964 115.2 0
      vertex 0.164178 111.667 0
    endloop
  endfacet
  facet normal 0 0 -1
    outer loop
      vertex 0 111.675 0
      vertex 0 115.2 0
      vertex 0.0097964 115.2 0
    endloop
  endfacet
  facet normal 0 0 -1
    outer loop
      vertex -0.164178 111.667 0
      vertex 0 115.2 0
      vertex 0 111.675 0
    endloop
  endfacet
  facet normal 0 0 -1
    outer loop
      vertex -0.509688 115.175 0
      vertex -0.164178 111.667 0
      vertex -0.326776 111.643 0
    endloop
  endfacet
  facet normal 0 0 -1
    outer loop
      vertex -1.01447 115.1 0
      vertex -0.326776 111.643 0
      vertex -0.486226 111.603 0
    endloop
  endfacet
  facet normal 0 0 -1
    outer loop
      vertex -0.164178 111.667 0
      vertex -0.509688 115.175 0
      vertex 0 115.2 0
    endloop
  endfacet
  facet normal 0 0 -1
    outer loop
      vertex -1.50948 114.976 0
      vertex -0.486226 111.603 0
      vertex -0.640994 111.548 0
    endloop
  endfacet
  facet normal 0 0 -1
    outer loop
      vertex -1.98995 114.804 0
      vertex -0.640994 111.548 0
      vertex -0.789589 111.477 0
    endloop
  endfacet
  facet normal 0 0 -1
    outer loop
      vertex -2.45126 114.586 0
      vertex -0.789589 111.477 0
      vertex -0.93058 111.393 0
    endloop
  endfacet
  facet normal 0 0 -1
    outer loop
      vertex -0.326776 111.643 0
      vertex -1.01447 115.1 0
      vertex -0.509688 115.175 0
    endloop
  endfacet
  facet normal 0 0 -1
    outer loop
      vertex -2.88896 114.324 0
      vertex -0.93058 111.393 0
      vertex -1.06261 111.295 0
    endloop
  endfacet
  facet normal 0 0 -1
    outer loop
      vertex -3.29884 114.02 0
      vertex -1.06261 111.295 0
      vertex -1.1844 111.184 0
    endloop
  endfacet
  facet normal 0 0 -1
    outer loop
      vertex -3.67696 113.677 0
      vertex -1.1844 111.184 0
      vertex -1.29479 111.063 0
    endloop
  endfacet
  facet normal 0 0 -1
    outer loop
      vertex -4.01965 113.299 0
      vertex -1.29479 111.063 0
      vertex -1.39271 110.931 0
    endloop
  endfacet
  facet normal 0 0 -1
    outer loop
      vertex -4.32364 112.889 0
      vertex -1.39271 110.931 0
      vertex -1.47722 110.79 0
    endloop
  endfacet
  facet normal 0 0 -1
    outer loop
      vertex -0.486226 111.603 0
      vertex -1.50948 114.976 0
      vertex -1.01447 115.1 0
    endloop
  endfacet
  facet normal 0 0 -1
    outer loop
      vertex -4.58599 112.451 0
      vertex -1.47722 110.79 0
      vertex -1.5475 110.641 0
    endloop
  endfacet
  facet normal 0 0 -1
    outer loop
      vertex -4.80417 111.99 0
      vertex -1.5475 110.641 0
      vertex -1.60287 110.486 0
    endloop
  endfacet
  facet normal 0 0 -1
    outer loop
      vertex -4.97609 111.509 0
      vertex -1.60287 110.486 0
      vertex -1.64281 110.327 0
    endloop
  endfacet
  facet normal 0 0 -1
    outer loop
      vertex -5.10008 111.014 0
      vertex -1.64281 110.327 0
      vertex -1.66693 110.164 0
    endloop
  endfacet
  facet normal 0 0 -1
    outer loop
      vertex -5.17496 110.51 0
      vertex -1.66693 110.164 0
      vertex -1.675 110 0
    endloop
  endfacet
  facet normal -0 0 -1
    outer loop
      vertex -1.39271 109.069 0
      vertex -4.32364 107.111 0
      vertex -1.47722 109.21 0
    endloop
  endfacet
  facet normal 0 0 -1
    outer loop
      vertex -0.640994 111.548 0
      vertex -1.98995 114.804 0
      vertex -1.50948 114.976 0
    endloop
  endfacet
  facet normal 0 0 -1
    outer loop
      vertex -4.58599 107.549 0
      vertex -1.47722 109.21 0
      vertex -4.32364 107.111 0
    endloop
  endfacet
  facet normal 0 0 -1
    outer loop
      vertex -0.789589 111.477 0
      vertex -2.45126 114.586 0
      vertex -1.98995 114.804 0
    endloop
  endfacet
  facet normal -0 0 -1
    outer loop
      vertex -1.47722 109.21 0
      vertex -4.58599 107.549 0
      vertex -1.5475 109.359 0
    endloop
  endfacet
  facet normal 0 0 -1
    outer loop
      vertex -0.93058 111.393 0
      vertex -2.88896 114.324 0
      vertex -2.45126 114.586 0
    endloop
  endfacet
  facet normal 0 0 -1
    outer loop
      vertex -4.80417 108.01 0
      vertex -1.5475 109.359 0
      vertex -4.58599 107.549 0
    endloop
  endfacet
  facet normal 0 0 -1
    outer loop
      vertex -1.06261 111.295 0
      vertex -3.29884 114.02 0
      vertex -2.88896 114.324 0
    endloop
  endfacet
  facet normal -0 0 -1
    outer loop
      vertex -1.5475 109.359 0
      vertex -4.80417 108.01 0
      vertex -1.60287 109.514 0
    endloop
  endfacet
  facet normal 0 0 -1
    outer loop
      vertex -1.1844 111.184 0
      vertex -3.67696 113.677 0
      vertex -3.29884 114.02 0
    endloop
  endfacet
  facet normal 0 0 -1
    outer loop
      vertex -4.97609 108.491 0
      vertex -1.60287 109.514 0
      vertex -4.80417 108.01 0
    endloop
  endfacet
  facet normal 0 0 -1
    outer loop
      vertex -1.29479 111.063 0
      vertex -4.01965 113.299 0
      vertex -3.67696 113.677 0
    endloop
  endfacet
  facet normal -0 0 -1
    outer loop
      vertex -1.60287 109.514 0
      vertex -4.97609 108.491 0
      vertex -1.64281 109.673 0
    endloop
  endfacet
  facet normal 0 0 -1
    outer loop
      vertex -1.39271 110.931 0
      vertex -4.32364 112.889 0
      vertex -4.01965 113.299 0
    endloop
  endfacet
  facet normal 0 0 -1
    outer loop
      vertex -5.10008 108.986 0
      vertex -1.64281 109.673 0
      vertex -4.97609 108.491 0
    endloop
  endfacet
  facet normal 0 0 -1
    outer loop
      vertex -1.47722 110.79 0
      vertex -4.58599 112.451 0
      vertex -4.32364 112.889 0
    endloop
  endfacet
  facet normal -0 0 -1
    outer loop
      vertex -1.64281 109.673 0
      vertex -5.10008 108.986 0
      vertex -1.66693 109.836 0
    endloop
  endfacet
  facet normal 0 0 -1
    outer loop
      vertex -1.5475 110.641 0
      vertex -4.80417 111.99 0
      vertex -4.58599 112.451 0
    endloop
  endfacet
  facet normal 0 0 -1
    outer loop
      vertex -5.17496 109.49 0
      vertex -1.66693 109.836 0
      vertex -5.10008 108.986 0
    endloop
  endfacet
  facet normal 0 0 -1
    outer loop
      vertex -1.60287 110.486 0
      vertex -4.97609 111.509 0
      vertex -4.80417 111.99 0
    endloop
  endfacet
  facet normal -0 0 -1
    outer loop
      vertex -1.66693 109.836 0
      vertex -5.17496 109.49 0
      vertex -1.675 110 0
    endloop
  endfacet
  facet normal 0 0 -1
    outer loop
      vertex -1.64281 110.327 0
      vertex -5.10008 111.014 0
      vertex -4.97609 111.509 0
    endloop
  endfacet
  facet normal 0 0 -1
    outer loop
      vertex -5.2 110 0
      vertex -1.675 110 0
      vertex -5.17496 109.49 0
    endloop
  endfacet
  facet normal 0 0 -1
    outer loop
      vertex -1.66693 110.164 0
      vertex -5.17496 110.51 0
      vertex -5.10008 111.014 0
    endloop
  endfacet
  facet normal 0 0 -1
    outer loop
      vertex -1.675 110 0
      vertex -5.2 110 0
      vertex -5.17496 110.51 0
    endloop
  endfacet
  facet normal 0 0 -1
    outer loop
      vertex 8.325 0 0
      vertex 4.8 0 0
      vertex 4.80048 0.00979614 0
    endloop
  endfacet
  facet normal 0 0 -1
    outer loop
      vertex 8.325 120 0
      vertex 4.8 120 0
      vertex 4.82504 120.51 0
    endloop
  endfacet
  facet normal 0 0 -1
    outer loop
      vertex 15.175 -0.509688 0
      vertex 11.6669 -0.164178 0
      vertex 11.675 0 0
    endloop
  endfacet
  facet normal 0 0 -1
    outer loop
      vertex 12.4513 -4.58599 0
      vertex 11.6428 -0.326776 0
      vertex 11.6669 -0.164178 0
    endloop
  endfacet
  facet normal 0 0 -1
    outer loop
      vertex 12.4513 -4.58599 0
      vertex 11.6029 -0.486226 0
      vertex 11.6428 -0.326776 0
    endloop
  endfacet
  facet normal 0 0 -1
    outer loop
      vertex 12.4513 -4.58599 0
      vertex 11.5475 -0.640994 0
      vertex 11.6029 -0.486226 0
    endloop
  endfacet
  facet normal 0 0 -1
    outer loop
      vertex 10.641 -1.5475 0
      vertex 11.99 -4.80417 0
      vertex 11.5095 -4.97609 0
    endloop
  endfacet
  facet normal 0 0 -1
    outer loop
      vertex 12.4513 -4.58599 0
      vertex 11.4772 -0.789589 0
      vertex 11.5475 -0.640994 0
    endloop
  endfacet
  facet normal 0 0 -1
    outer loop
      vertex 12.4513 -4.58599 0
      vertex 11.3927 -0.93058 0
      vertex 11.4772 -0.789589 0
    endloop
  endfacet
  facet normal 0 0 -1
    outer loop
      vertex 12.4513 -4.58599 0
      vertex 11.2948 -1.06261 0
      vertex 11.3927 -0.93058 0
    endloop
  endfacet
  facet normal 0 0 -1
    outer loop
      vertex 12.4513 -4.58599 0
      vertex 11.1844 -1.1844 0
      vertex 11.2948 -1.06261 0
    endloop
  endfacet
  facet normal 0 0 -1
    outer loop
      vertex 12.4513 -4.58599 0
      vertex 11.0626 -1.29479 0
      vertex 11.1844 -1.1844 0
    endloop
  endfacet
  facet normal 0 0 -1
    outer loop
      vertex 10.4862 -1.60287 0
      vertex 11.5095 -4.97609 0
      vertex 11.0145 -5.10008 0
    endloop
  endfacet
  facet normal 0 0 -1
    outer loop
      vertex 12.4513 -4.58599 0
      vertex 10.9306 -1.39271 0
      vertex 11.0626 -1.29479 0
    endloop
  endfacet
  facet normal 0 0 -1
    outer loop
      vertex 12.4513 -4.58599 0
      vertex 10.7896 -1.47722 0
      vertex 10.9306 -1.39271 0
    endloop
  endfacet
  facet normal 0 0 -1
    outer loop
      vertex 11.99 -4.80417 0
      vertex 10.641 -1.5475 0
      vertex 10.7896 -1.47722 0
    endloop
  endfacet
  facet normal 0 0 -1
    outer loop
      vertex 10.3268 -1.64281 0
      vertex 11.0145 -5.10008 0
      vertex 10.5097 -5.17496 0
    endloop
  endfacet
  facet normal 0 0 -1
    outer loop
      vertex 11.5095 -4.97609 0
      vertex 10.4862 -1.60287 0
      vertex 10.641 -1.5475 0
    endloop
  endfacet
  facet normal 0 0 -1
    outer loop
      vertex 11.0145 -5.10008 0
      vertex 10.3268 -1.64281 0
      vertex 10.4862 -1.60287 0
    endloop
  endfacet
  facet normal 0 0 -1
    outer loop
      vertex 10.5097 -5.17496 0
      vertex 10.1642 -1.66693 0
      vertex 10.3268 -1.64281 0
    endloop
  endfacet
  facet normal 0 0 -1
    outer loop
      vertex 10 -5.2 0
      vertex 10.1642 -1.66693 0
      vertex 10.5097 -5.17496 0
    endloop
  endfacet
  facet normal 0 0 -1
    outer loop
      vertex 10 -5.2 0
      vertex 10 -1.675 0
      vertex 10.1642 -1.66693 0
    endloop
  endfacet
  facet normal 0 0 -1
    outer loop
      vertex 10 -5.2 0
      vertex 9.83582 -1.66693 0
      vertex 10 -1.675 0
    endloop
  endfacet
  facet normal 0 0 -1
    outer loop
      vertex 9.49031 -5.17496 0
      vertex 9.83582 -1.66693 0
      vertex 10 -5.2 0
    endloop
  endfacet
  facet normal -0 0 -1
    outer loop
      vertex 9.83582 -1.66693 0
      vertex 9.49031 -5.17496 0
      vertex 9.67322 -1.64281 0
    endloop
  endfacet
  facet normal 0 0 -1
    outer loop
      vertex 8.98553 -5.10008 0
      vertex 9.67322 -1.64281 0
      vertex 9.49031 -5.17496 0
    endloop
  endfacet
  facet normal -0 0 -1
    outer loop
      vertex 9.67322 -1.64281 0
      vertex 8.98553 -5.10008 0
      vertex 9.51377 -1.60287 0
    endloop
  endfacet
  facet normal 0 0 -1
    outer loop
      vertex 8.49052 -4.97609 0
      vertex 9.51377 -1.60287 0
      vertex 8.98553 -5.10008 0
    endloop
  endfacet
  facet normal -0 0 -1
    outer loop
      vertex 9.51377 -1.60287 0
      vertex 8.49052 -4.97609 0
      vertex 9.359 -1.5475 0
    endloop
  endfacet
  facet normal 0 0 -1
    outer loop
      vertex 8.01005 -4.80417 0
      vertex 9.359 -1.5475 0
      vertex 8.49052 -4.97609 0
    endloop
  endfacet
  facet normal -0 0 -1
    outer loop
      vertex 9.359 -1.5475 0
      vertex 8.01005 -4.80417 0
      vertex 9.21041 -1.47722 0
    endloop
  endfacet
  facet normal 0 0 -1
    outer loop
      vertex 7.54874 -4.58599 0
      vertex 9.21041 -1.47722 0
      vertex 8.01005 -4.80417 0
    endloop
  endfacet
  facet normal -0 0 -1
    outer loop
      vertex 9.21041 -1.47722 0
      vertex 7.54874 -4.58599 0
      vertex 9.06942 -1.39271 0
    endloop
  endfacet
  facet normal 0 0 -1
    outer loop
      vertex 7.11103 -4.32364 0
      vertex 9.06942 -1.39271 0
      vertex 7.54874 -4.58599 0
    endloop
  endfacet
  facet normal -0 0 -1
    outer loop
      vertex 9.06942 -1.39271 0
      vertex 7.11103 -4.32364 0
      vertex 8.93739 -1.29479 0
    endloop
  endfacet
  facet normal 0 0 -1
    outer loop
      vertex 6.70115 -4.01965 0
      vertex 8.93739 -1.29479 0
      vertex 7.11103 -4.32364 0
    endloop
  endfacet
  facet normal -0 0 -1
    outer loop
      vertex 8.93739 -1.29479 0
      vertex 6.70115 -4.01965 0
      vertex 8.8156 -1.1844 0
    endloop
  endfacet
  facet normal 0 0 -1
    outer loop
      vertex 6.32304 -3.67696 0
      vertex 8.8156 -1.1844 0
      vertex 6.70115 -4.01965 0
    endloop
  endfacet
  facet normal -0 0 -1
    outer loop
      vertex 8.8156 -1.1844 0
      vertex 6.32304 -3.67696 0
      vertex 8.70521 -1.06261 0
    endloop
  endfacet
  facet normal 0 0 -1
    outer loop
      vertex 5.98034 -3.29884 0
      vertex 8.70521 -1.06261 0
      vertex 6.32304 -3.67696 0
    endloop
  endfacet
  facet normal -0 0 -1
    outer loop
      vertex 8.70521 -1.06261 0
      vertex 5.98034 -3.29884 0
      vertex 8.60729 -0.93058 0
    endloop
  endfacet
  facet normal 0 0 -1
    outer loop
      vertex 5.67636 -2.88896 0
      vertex 8.60729 -0.93058 0
      vertex 5.98034 -3.29884 0
    endloop
  endfacet
  facet normal 0 0 -1
    outer loop
      vertex 15.1001 121.014 0
      vertex 11.6669 120.164 0
      vertex 11.6428 120.327 0
    endloop
  endfacet
  facet normal -0 0 -1
    outer loop
      vertex 14.9761 121.509 0
      vertex 11.6029 120.486 0
      vertex 14.8042 121.99 0
    endloop
  endfacet
  facet normal 0 0 -1
    outer loop
      vertex 11.4772 120.79 0
      vertex 14.586 122.451 0
      vertex 11.5475 120.641 0
    endloop
  endfacet
  facet normal -0 0 -1
    outer loop
      vertex 14.3236 122.889 0
      vertex 11.3927 120.931 0
      vertex 14.0197 123.299 0
    endloop
  endfacet
  facet normal 0 0 -1
    outer loop
      vertex 11.1844 121.184 0
      vertex 13.677 123.677 0
      vertex 11.2948 121.063 0
    endloop
  endfacet
  facet normal 0 0 -1
    outer loop
      vertex 11.0626 121.295 0
      vertex 13.2988 124.02 0
      vertex 11.1844 121.184 0
    endloop
  endfacet
  facet normal -0 0 -1
    outer loop
      vertex 13.2988 124.02 0
      vertex 11.0626 121.295 0
      vertex 12.889 124.324 0
    endloop
  endfacet
  facet normal 0 0 -1
    outer loop
      vertex 10.9306 121.393 0
      vertex 12.889 124.324 0
      vertex 11.0626 121.295 0
    endloop
  endfacet
  facet normal -0 0 -1
    outer loop
      vertex 12.889 124.324 0
      vertex 10.9306 121.393 0
      vertex 12.4513 124.586 0
    endloop
  endfacet
  facet normal 0 0 -1
    outer loop
      vertex 10.7896 121.477 0
      vertex 12.4513 124.586 0
      vertex 10.9306 121.393 0
    endloop
  endfacet
  facet normal -0 0 -1
    outer loop
      vertex 12.4513 124.586 0
      vertex 10.7896 121.477 0
      vertex 11.99 124.804 0
    endloop
  endfacet
  facet normal 0 0 -1
    outer loop
      vertex 10.641 121.548 0
      vertex 11.99 124.804 0
      vertex 10.7896 121.477 0
    endloop
  endfacet
  facet normal -0 0 -1
    outer loop
      vertex 11.99 124.804 0
      vertex 10.641 121.548 0
      vertex 11.5095 124.976 0
    endloop
  endfacet
  facet normal 0 0 -1
    outer loop
      vertex 10.4862 121.603 0
      vertex 11.5095 124.976 0
      vertex 10.641 121.548 0
    endloop
  endfacet
  facet normal -0 0 -1
    outer loop
      vertex 11.5095 124.976 0
      vertex 10.4862 121.603 0
      vertex 11.0145 125.1 0
    endloop
  endfacet
  facet normal 0 0 -1
    outer loop
      vertex 10.3268 121.643 0
      vertex 11.0145 125.1 0
      vertex 10.4862 121.603 0
    endloop
  endfacet
  facet normal -0 0 -1
    outer loop
      vertex 11.0145 125.1 0
      vertex 10.3268 121.643 0
      vertex 10.5097 125.175 0
    endloop
  endfacet
  facet normal 0 0 -1
    outer loop
      vertex 10.1642 121.667 0
      vertex 10.5097 125.175 0
      vertex 10.3268 121.643 0
    endloop
  endfacet
  facet normal 0 0 -1
    outer loop
      vertex 10 121.675 0
      vertex 10.5097 125.175 0
      vertex 10.1642 121.667 0
    endloop
  endfacet
  facet normal 0 0 -1
    outer loop
      vertex 10 121.675 0
      vertex 10 125.2 0
      vertex 10.5097 125.175 0
    endloop
  endfacet
  facet normal 0 0 -1
    outer loop
      vertex 9.83582 121.667 0
      vertex 10 125.2 0
      vertex 10 121.675 0
    endloop
  endfacet
  facet normal 0 0 -1
    outer loop
      vertex 9.49031 125.175 0
      vertex 9.83582 121.667 0
      vertex 9.67322 121.643 0
    endloop
  endfacet
  facet normal 0 0 -1
    outer loop
      vertex 8.98553 125.1 0
      vertex 9.67322 121.643 0
      vertex 9.51377 121.603 0
    endloop
  endfacet
  facet normal 0 0 -1
    outer loop
      vertex 9.83582 121.667 0
      vertex 9.49031 125.175 0
      vertex 10 125.2 0
    endloop
  endfacet
  facet normal 0 0 -1
    outer loop
      vertex 8.49052 124.976 0
      vertex 9.51377 121.603 0
      vertex 9.359 121.548 0
    endloop
  endfacet
  facet normal 0 0 -1
    outer loop
      vertex 8.01005 124.804 0
      vertex 9.359 121.548 0
      vertex 9.21041 121.477 0
    endloop
  endfacet
  facet normal 0 0 -1
    outer loop
      vertex 8.01005 124.804 0
      vertex 9.21041 121.477 0
      vertex 9.06942 121.393 0
    endloop
  endfacet
  facet normal 0 0 -1
    outer loop
      vertex 9.67322 121.643 0
      vertex 8.98553 125.1 0
      vertex 9.49031 125.175 0
    endloop
  endfacet
  facet normal 0 0 -1
    outer loop
      vertex 8.01005 124.804 0
      vertex 9.06942 121.393 0
      vertex 8.93739 121.295 0
    endloop
  endfacet
  facet normal 0 0 -1
    outer loop
      vertex 8.01005 124.804 0
      vertex 8.93739 121.295 0
      vertex 8.8156 121.184 0
    endloop
  endfacet
  facet normal 0 0 -1
    outer loop
      vertex 8.01005 124.804 0
      vertex 8.8156 121.184 0
      vertex 8.70521 121.063 0
    endloop
  endfacet
  facet normal 0 0 -1
    outer loop
      vertex 8.01005 124.804 0
      vertex 8.70521 121.063 0
      vertex 8.60729 120.931 0
    endloop
  endfacet
  facet normal 0 0 -1
    outer loop
      vertex 8.01005 124.804 0
      vertex 8.60729 120.931 0
      vertex 8.52278 120.79 0
    endloop
  endfacet
  facet normal 0 0 -1
    outer loop
      vertex 9.51377 121.603 0
      vertex 8.49052 124.976 0
      vertex 8.98553 125.1 0
    endloop
  endfacet
  facet normal 0 0 -1
    outer loop
      vertex 8.01005 124.804 0
      vertex 8.52278 120.79 0
      vertex 8.4525 120.641 0
    endloop
  endfacet
  facet normal 0 0 -1
    outer loop
      vertex 8.01005 124.804 0
      vertex 8.4525 120.641 0
      vertex 8.39712 120.486 0
    endloop
  endfacet
  facet normal 0 0 -1
    outer loop
      vertex 8.01005 124.804 0
      vertex 8.39712 120.486 0
      vertex 8.35718 120.327 0
    endloop
  endfacet
  facet normal 0 0 -1
    outer loop
      vertex 8.01005 124.804 0
      vertex 8.35718 120.327 0
      vertex 8.33307 120.164 0
    endloop
  endfacet
  facet normal 0 0 -1
    outer loop
      vertex 8.01005 124.804 0
      vertex 8.33307 120.164 0
      vertex 8.325 120 0
    endloop
  endfacet
  facet normal 0 0 -1
    outer loop
      vertex 9.359 121.548 0
      vertex 8.01005 124.804 0
      vertex 8.49052 124.976 0
    endloop
  endfacet
  facet normal 0 0 -1
    outer loop
      vertex 115.175 -0.509688 0
      vertex 111.667 -0.164178 0
      vertex 111.675 0 0
    endloop
  endfacet
  facet normal 0 0 -1
    outer loop
      vertex 112.451 -4.58599 0
      vertex 111.643 -0.326776 0
      vertex 111.667 -0.164178 0
    endloop
  endfacet
  facet normal 0 0 -1
    outer loop
      vertex 112.451 -4.58599 0
      vertex 111.603 -0.486226 0
      vertex 111.643 -0.326776 0
    endloop
  endfacet
  facet normal 0 0 -1
    outer loop
      vertex 112.451 -4.58599 0
      vertex 111.548 -0.640994 0
      vertex 111.603 -0.486226 0
    endloop
  endfacet
  facet normal 0 0 -1
    outer loop
      vertex 110.641 -1.5475 0
      vertex 111.99 -4.80417 0
      vertex 111.509 -4.97609 0
    endloop
  endfacet
  facet normal 0 0 -1
    outer loop
      vertex 112.451 -4.58599 0
      vertex 111.477 -0.789589 0
      vertex 111.548 -0.640994 0
    endloop
  endfacet
  facet normal 0 0 -1
    outer loop
      vertex 112.451 -4.58599 0
      vertex 111.393 -0.93058 0
      vertex 111.477 -0.789589 0
    endloop
  endfacet
  facet normal 0 0 -1
    outer loop
      vertex 112.451 -4.58599 0
      vertex 111.295 -1.06261 0
      vertex 111.393 -0.93058 0
    endloop
  endfacet
  facet normal 0 0 -1
    outer loop
      vertex 112.451 -4.58599 0
      vertex 111.184 -1.1844 0
      vertex 111.295 -1.06261 0
    endloop
  endfacet
  facet normal 0 0 -1
    outer loop
      vertex 112.451 -4.58599 0
      vertex 111.063 -1.29479 0
      vertex 111.184 -1.1844 0
    endloop
  endfacet
  facet normal 0 0 -1
    outer loop
      vertex 110.486 -1.60287 0
      vertex 111.509 -4.97609 0
      vertex 111.014 -5.10008 0
    endloop
  endfacet
  facet normal 0 0 -1
    outer loop
      vertex 112.451 -4.58599 0
      vertex 110.931 -1.39271 0
      vertex 111.063 -1.29479 0
    endloop
  endfacet
  facet normal 0 0 -1
    outer loop
      vertex 112.451 -4.58599 0
      vertex 110.79 -1.47722 0
      vertex 110.931 -1.39271 0
    endloop
  endfacet
  facet normal 0 0 -1
    outer loop
      vertex 111.99 -4.80417 0
      vertex 110.641 -1.5475 0
      vertex 110.79 -1.47722 0
    endloop
  endfacet
  facet normal 0 0 -1
    outer loop
      vertex 110.327 -1.64281 0
      vertex 111.014 -5.10008 0
      vertex 110.51 -5.17496 0
    endloop
  endfacet
  facet normal 0 0 -1
    outer loop
      vertex 111.509 -4.97609 0
      vertex 110.486 -1.60287 0
      vertex 110.641 -1.5475 0
    endloop
  endfacet
  facet normal 0 0 -1
    outer loop
      vertex 111.014 -5.10008 0
      vertex 110.327 -1.64281 0
      vertex 110.486 -1.60287 0
    endloop
  endfacet
  facet normal 0 0 -1
    outer loop
      vertex 110.51 -5.17496 0
      vertex 110.164 -1.66693 0
      vertex 110.327 -1.64281 0
    endloop
  endfacet
  facet normal 0 0 -1
    outer loop
      vertex 110 -5.2 0
      vertex 110.164 -1.66693 0
      vertex 110.51 -5.17496 0
    endloop
  endfacet
  facet normal 0 0 -1
    outer loop
      vertex 110 -5.2 0
      vertex 110 -1.675 0
      vertex 110.164 -1.66693 0
    endloop
  endfacet
  facet normal 0 0 -1
    outer loop
      vertex 110 -5.2 0
      vertex 109.836 -1.66693 0
      vertex 110 -1.675 0
    endloop
  endfacet
  facet normal 0 0 -1
    outer loop
      vertex 109.49 -5.17496 0
      vertex 109.836 -1.66693 0
      vertex 110 -5.2 0
    endloop
  endfacet
  facet normal -0 0 -1
    outer loop
      vertex 109.836 -1.66693 0
      vertex 109.49 -5.17496 0
      vertex 109.673 -1.64281 0
    endloop
  endfacet
  facet normal 0 0 -1
    outer loop
      vertex 108.986 -5.10008 0
      vertex 109.673 -1.64281 0
      vertex 109.49 -5.17496 0
    endloop
  endfacet
  facet normal -0 0 -1
    outer loop
      vertex 109.673 -1.64281 0
      vertex 108.986 -5.10008 0
      vertex 109.514 -1.60287 0
    endloop
  endfacet
  facet normal 0 0 -1
    outer loop
      vertex 108.491 -4.97609 0
      vertex 109.514 -1.60287 0
      vertex 108.986 -5.10008 0
    endloop
  endfacet
  facet normal -0 0 -1
    outer loop
      vertex 109.514 -1.60287 0
      vertex 108.491 -4.97609 0
      vertex 109.359 -1.5475 0
    endloop
  endfacet
  facet normal 0 0 -1
    outer loop
      vertex 108.01 -4.80417 0
      vertex 109.359 -1.5475 0
      vertex 108.491 -4.97609 0
    endloop
  endfacet
  facet normal -0 0 -1
    outer loop
      vertex 109.359 -1.5475 0
      vertex 108.01 -4.80417 0
      vertex 109.21 -1.47722 0
    endloop
  endfacet
  facet normal 0 0 -1
    outer loop
      vertex 107.549 -4.58599 0
      vertex 109.21 -1.47722 0
      vertex 108.01 -4.80417 0
    endloop
  endfacet
  facet normal -0 0 -1
    outer loop
      vertex 109.21 -1.47722 0
      vertex 107.549 -4.58599 0
      vertex 109.069 -1.39271 0
    endloop
  endfacet
  facet normal 0 0 -1
    outer loop
      vertex 107.111 -4.32364 0
      vertex 109.069 -1.39271 0
      vertex 107.549 -4.58599 0
    endloop
  endfacet
  facet normal -0 0 -1
    outer loop
      vertex 109.069 -1.39271 0
      vertex 107.111 -4.32364 0
      vertex 108.937 -1.29479 0
    endloop
  endfacet
  facet normal 0 0 -1
    outer loop
      vertex 106.701 -4.01965 0
      vertex 108.937 -1.29479 0
      vertex 107.111 -4.32364 0
    endloop
  endfacet
  facet normal -0 0 -1
    outer loop
      vertex 108.937 -1.29479 0
      vertex 106.701 -4.01965 0
      vertex 108.816 -1.1844 0
    endloop
  endfacet
  facet normal 0 0 -1
    outer loop
      vertex 106.323 -3.67696 0
      vertex 108.816 -1.1844 0
      vertex 106.701 -4.01965 0
    endloop
  endfacet
  facet normal -0 0 -1
    outer loop
      vertex 108.816 -1.1844 0
      vertex 106.323 -3.67696 0
      vertex 108.705 -1.06261 0
    endloop
  endfacet
  facet normal 0 0 -1
    outer loop
      vertex 105.98 -3.29884 0
      vertex 108.705 -1.06261 0
      vertex 106.323 -3.67696 0
    endloop
  endfacet
  facet normal -0 0 -1
    outer loop
      vertex 108.705 -1.06261 0
      vertex 105.98 -3.29884 0
      vertex 108.607 -0.93058 0
    endloop
  endfacet
  facet normal 0 0 -1
    outer loop
      vertex 105.676 -2.88896 0
      vertex 108.607 -0.93058 0
      vertex 105.98 -3.29884 0
    endloop
  endfacet
  facet normal -0 -0 -1
    outer loop
      vertex 115.2 120 0
      vertex 115.2 119.99 0
      vertex 115.175 120.51 0
    endloop
  endfacet
  facet normal -0 0 -1
    outer loop
      vertex 114.324 122.889 0
      vertex 111.393 120.931 0
      vertex 114.02 123.299 0
    endloop
  endfacet
  facet normal 0 0 -1
    outer loop
      vertex 111.295 121.063 0
      vertex 114.02 123.299 0
      vertex 111.393 120.931 0
    endloop
  endfacet
  facet normal -0 0 -1
    outer loop
      vertex 114.02 123.299 0
      vertex 111.295 121.063 0
      vertex 113.677 123.677 0
    endloop
  endfacet
  facet normal 0 0 -1
    outer loop
      vertex 111.184 121.184 0
      vertex 113.677 123.677 0
      vertex 111.295 121.063 0
    endloop
  endfacet
  facet normal -0 0 -1
    outer loop
      vertex 113.677 123.677 0
      vertex 111.184 121.184 0
      vertex 113.299 124.02 0
    endloop
  endfacet
  facet normal 0 0 -1
    outer loop
      vertex 111.063 121.295 0
      vertex 113.299 124.02 0
      vertex 111.184 121.184 0
    endloop
  endfacet
  facet normal -0 0 -1
    outer loop
      vertex 113.299 124.02 0
      vertex 111.063 121.295 0
      vertex 112.889 124.324 0
    endloop
  endfacet
  facet normal 0 0 -1
    outer loop
      vertex 110.931 121.393 0
      vertex 112.889 124.324 0
      vertex 111.063 121.295 0
    endloop
  endfacet
  facet normal -0 0 -1
    outer loop
      vertex 112.889 124.324 0
      vertex 110.931 121.393 0
      vertex 112.451 124.586 0
    endloop
  endfacet
  facet normal 0 0 -1
    outer loop
      vertex 110.79 121.477 0
      vertex 112.451 124.586 0
      vertex 110.931 121.393 0
    endloop
  endfacet
  facet normal -0 0 -1
    outer loop
      vertex 112.451 124.586 0
      vertex 110.79 121.477 0
      vertex 111.99 124.804 0
    endloop
  endfacet
  facet normal 0 0 -1
    outer loop
      vertex 110.641 121.548 0
      vertex 111.99 124.804 0
      vertex 110.79 121.477 0
    endloop
  endfacet
  facet normal -0 0 -1
    outer loop
      vertex 111.99 124.804 0
      vertex 110.641 121.548 0
      vertex 111.509 124.976 0
    endloop
  endfacet
  facet normal 0 0 -1
    outer loop
      vertex 110.486 121.603 0
      vertex 111.509 124.976 0
      vertex 110.641 121.548 0
    endloop
  endfacet
  facet normal -0 0 -1
    outer loop
      vertex 111.509 124.976 0
      vertex 110.486 121.603 0
      vertex 111.014 125.1 0
    endloop
  endfacet
  facet normal 0 0 -1
    outer loop
      vertex 110.327 121.643 0
      vertex 111.014 125.1 0
      vertex 110.486 121.603 0
    endloop
  endfacet
  facet normal -0 0 -1
    outer loop
      vertex 111.014 125.1 0
      vertex 110.327 121.643 0
      vertex 110.51 125.175 0
    endloop
  endfacet
  facet normal 0 0 -1
    outer loop
      vertex 110.164 121.667 0
      vertex 110.51 125.175 0
      vertex 110.327 121.643 0
    endloop
  endfacet
  facet normal 0 0 -1
    outer loop
      vertex 110 121.675 0
      vertex 110.51 125.175 0
      vertex 110.164 121.667 0
    endloop
  endfacet
  facet normal 0 0 -1
    outer loop
      vertex 110 121.675 0
      vertex 110 125.2 0
      vertex 110.51 125.175 0
    endloop
  endfacet
  facet normal 0 0 -1
    outer loop
      vertex 109.836 121.667 0
      vertex 110 125.2 0
      vertex 110 121.675 0
    endloop
  endfacet
  facet normal 0 0 -1
    outer loop
      vertex 109.49 125.175 0
      vertex 109.836 121.667 0
      vertex 109.673 121.643 0
    endloop
  endfacet
  facet normal 0 0 -1
    outer loop
      vertex 108.986 125.1 0
      vertex 109.673 121.643 0
      vertex 109.514 121.603 0
    endloop
  endfacet
  facet normal 0 0 -1
    outer loop
      vertex 109.836 121.667 0
      vertex 109.49 125.175 0
      vertex 110 125.2 0
    endloop
  endfacet
  facet normal 0 0 -1
    outer loop
      vertex 108.491 124.976 0
      vertex 109.514 121.603 0
      vertex 109.359 121.548 0
    endloop
  endfacet
  facet normal 0 0 -1
    outer loop
      vertex 108.01 124.804 0
      vertex 109.359 121.548 0
      vertex 109.21 121.477 0
    endloop
  endfacet
  facet normal 0 0 -1
    outer loop
      vertex 108.01 124.804 0
      vertex 109.21 121.477 0
      vertex 109.069 121.393 0
    endloop
  endfacet
  facet normal 0 0 -1
    outer loop
      vertex 109.673 121.643 0
      vertex 108.986 125.1 0
      vertex 109.49 125.175 0
    endloop
  endfacet
  facet normal 0 0 -1
    outer loop
      vertex 108.01 124.804 0
      vertex 109.069 121.393 0
      vertex 108.937 121.295 0
    endloop
  endfacet
  facet normal 0 0 -1
    outer loop
      vertex 108.01 124.804 0
      vertex 108.937 121.295 0
      vertex 108.816 121.184 0
    endloop
  endfacet
  facet normal 0 0 -1
    outer loop
      vertex 108.01 124.804 0
      vertex 108.816 121.184 0
      vertex 108.705 121.063 0
    endloop
  endfacet
  facet normal 0 0 -1
    outer loop
      vertex 108.01 124.804 0
      vertex 108.705 121.063 0
      vertex 108.607 120.931 0
    endloop
  endfacet
  facet normal 0 0 -1
    outer loop
      vertex 108.01 124.804 0
      vertex 108.607 120.931 0
      vertex 108.523 120.79 0
    endloop
  endfacet
  facet normal 0 0 -1
    outer loop
      vertex 109.514 121.603 0
      vertex 108.491 124.976 0
      vertex 108.986 125.1 0
    endloop
  endfacet
  facet normal 0 0 -1
    outer loop
      vertex 108.01 124.804 0
      vertex 108.523 120.79 0
      vertex 108.452 120.641 0
    endloop
  endfacet
  facet normal 0 0 -1
    outer loop
      vertex 108.01 124.804 0
      vertex 108.452 120.641 0
      vertex 108.397 120.486 0
    endloop
  endfacet
  facet normal 0 0 -1
    outer loop
      vertex 108.01 124.804 0
      vertex 108.397 120.486 0
      vertex 108.357 120.327 0
    endloop
  endfacet
  facet normal 0 0 -1
    outer loop
      vertex 108.01 124.804 0
      vertex 108.357 120.327 0
      vertex 108.333 120.164 0
    endloop
  endfacet
  facet normal 0 0 -1
    outer loop
      vertex 108.01 124.804 0
      vertex 108.333 120.164 0
      vertex 108.325 120 0
    endloop
  endfacet
  facet normal 0 0 -1
    outer loop
      vertex 109.359 121.548 0
      vertex 108.01 124.804 0
      vertex 108.491 124.976 0
    endloop
  endfacet
  facet normal 0 0 -1
    outer loop
      vertex 121.675 10 0
      vertex 125.2 10 0
      vertex 125.175 9.49031 0
    endloop
  endfacet
  facet normal 0 0 -1
    outer loop
      vertex 121.667 9.83582 0
      vertex 125.175 9.49031 0
      vertex 125.1 8.98553 0
    endloop
  endfacet
  facet normal 0 0 -1
    outer loop
      vertex 125.2 10 0
      vertex 121.675 10 0
      vertex 125.175 10.5097 0
    endloop
  endfacet
  facet normal 0 0 -1
    outer loop
      vertex 121.643 9.67322 0
      vertex 125.1 8.98553 0
      vertex 124.976 8.49052 0
    endloop
  endfacet
  facet normal 0 0 -1
    outer loop
      vertex 121.667 10.1642 0
      vertex 125.175 10.5097 0
      vertex 121.675 10 0
    endloop
  endfacet
  facet normal 0 0 -1
    outer loop
      vertex 121.603 9.51377 0
      vertex 124.976 8.49052 0
      vertex 124.804 8.01005 0
    endloop
  endfacet
  facet normal -0 0 -1
    outer loop
      vertex 125.175 10.5097 0
      vertex 121.667 10.1642 0
      vertex 125.1 11.0145 0
    endloop
  endfacet
  facet normal 0 0 -1
    outer loop
      vertex 121.548 9.359 0
      vertex 124.804 8.01005 0
      vertex 124.586 7.54874 0
    endloop
  endfacet
  facet normal 0 0 -1
    outer loop
      vertex 121.643 10.3268 0
      vertex 125.1 11.0145 0
      vertex 121.667 10.1642 0
    endloop
  endfacet
  facet normal 0 0 -1
    outer loop
      vertex 121.477 9.21041 0
      vertex 124.586 7.54874 0
      vertex 124.324 7.11103 0
    endloop
  endfacet
  facet normal -0 0 -1
    outer loop
      vertex 125.1 11.0145 0
      vertex 121.643 10.3268 0
      vertex 124.976 11.5095 0
    endloop
  endfacet
  facet normal 0 0 -1
    outer loop
      vertex 121.393 9.06942 0
      vertex 124.324 7.11103 0
      vertex 124.02 6.70115 0
    endloop
  endfacet
  facet normal 0 0 -1
    outer loop
      vertex 121.603 10.4862 0
      vertex 124.976 11.5095 0
      vertex 121.643 10.3268 0
    endloop
  endfacet
  facet normal 0 0 -1
    outer loop
      vertex 121.295 8.93739 0
      vertex 124.02 6.70115 0
      vertex 123.677 6.32304 0
    endloop
  endfacet
  facet normal -0 0 -1
    outer loop
      vertex 124.976 11.5095 0
      vertex 121.603 10.4862 0
      vertex 124.804 11.99 0
    endloop
  endfacet
  facet normal 0 0 -1
    outer loop
      vertex 121.184 8.8156 0
      vertex 123.677 6.32304 0
      vertex 123.299 5.98034 0
    endloop
  endfacet
  facet normal 0 0 -1
    outer loop
      vertex 121.548 10.641 0
      vertex 124.804 11.99 0
      vertex 121.603 10.4862 0
    endloop
  endfacet
  facet normal 0 0 -1
    outer loop
      vertex 121.063 8.70521 0
      vertex 123.299 5.98034 0
      vertex 122.889 5.67636 0
    endloop
  endfacet
  facet normal -0 0 -1
    outer loop
      vertex 124.804 11.99 0
      vertex 121.548 10.641 0
      vertex 124.586 12.4513 0
    endloop
  endfacet
  facet normal 0 0 -1
    outer loop
      vertex 120.931 8.60729 0
      vertex 122.889 5.67636 0
      vertex 122.451 5.41401 0
    endloop
  endfacet
  facet normal 0 0 -1
    outer loop
      vertex 121.477 10.7896 0
      vertex 124.586 12.4513 0
      vertex 121.548 10.641 0
    endloop
  endfacet
  facet normal 0 0 -1
    outer loop
      vertex 120.79 8.52278 0
      vertex 122.451 5.41401 0
      vertex 121.99 5.19583 0
    endloop
  endfacet
  facet normal -0 0 -1
    outer loop
      vertex 124.586 12.4513 0
      vertex 121.477 10.7896 0
      vertex 124.324 12.889 0
    endloop
  endfacet
  facet normal 0 0 -1
    outer loop
      vertex 121.393 10.9306 0
      vertex 124.324 12.889 0
      vertex 121.477 10.7896 0
    endloop
  endfacet
  facet normal 0 0 -1
    outer loop
      vertex 125.175 9.49031 0
      vertex 121.667 9.83582 0
      vertex 121.675 10 0
    endloop
  endfacet
  facet normal 0 0 -1
    outer loop
      vertex 125.1 8.98553 0
      vertex 121.643 9.67322 0
      vertex 121.667 9.83582 0
    endloop
  endfacet
  facet normal 0 0 -1
    outer loop
      vertex 124.976 8.49052 0
      vertex 121.603 9.51377 0
      vertex 121.643 9.67322 0
    endloop
  endfacet
  facet normal 0 0 -1
    outer loop
      vertex 124.804 8.01005 0
      vertex 121.548 9.359 0
      vertex 121.603 9.51377 0
    endloop
  endfacet
  facet normal 0 0 -1
    outer loop
      vertex 120.641 8.4525 0
      vertex 121.99 5.19583 0
      vertex 121.509 5.02391 0
    endloop
  endfacet
  facet normal 0 0 -1
    outer loop
      vertex 124.586 7.54874 0
      vertex 121.477 9.21041 0
      vertex 121.548 9.359 0
    endloop
  endfacet
  facet normal 0 0 -1
    outer loop
      vertex 124.324 7.11103 0
      vertex 121.393 9.06942 0
      vertex 121.477 9.21041 0
    endloop
  endfacet
  facet normal 0 0 -1
    outer loop
      vertex 124.02 6.70115 0
      vertex 121.295 8.93739 0
      vertex 121.393 9.06942 0
    endloop
  endfacet
  facet normal 0 0 -1
    outer loop
      vertex 123.677 6.32304 0
      vertex 121.184 8.8156 0
      vertex 121.295 8.93739 0
    endloop
  endfacet
  facet normal 0 0 -1
    outer loop
      vertex 123.299 5.98034 0
      vertex 121.063 8.70521 0
      vertex 121.184 8.8156 0
    endloop
  endfacet
  facet normal 0 0 -1
    outer loop
      vertex 120.486 8.39712 0
      vertex 121.509 5.02391 0
      vertex 121.014 4.89992 0
    endloop
  endfacet
  facet normal 0 0 -1
    outer loop
      vertex 122.889 5.67636 0
      vertex 120.931 8.60729 0
      vertex 121.063 8.70521 0
    endloop
  endfacet
  facet normal 0 0 -1
    outer loop
      vertex 122.451 5.41401 0
      vertex 120.79 8.52278 0
      vertex 120.931 8.60729 0
    endloop
  endfacet
  facet normal 0 0 -1
    outer loop
      vertex 121.99 5.19583 0
      vertex 120.641 8.4525 0
      vertex 120.79 8.52278 0
    endloop
  endfacet
  facet normal 0 0 -1
    outer loop
      vertex 120.327 8.35718 0
      vertex 121.014 4.89992 0
      vertex 120.51 4.82504 0
    endloop
  endfacet
  facet normal 0 0 -1
    outer loop
      vertex 121.509 5.02391 0
      vertex 120.486 8.39712 0
      vertex 120.641 8.4525 0
    endloop
  endfacet
  facet normal 0 0 -1
    outer loop
      vertex 121.014 4.89992 0
      vertex 120.327 8.35718 0
      vertex 120.486 8.39712 0
    endloop
  endfacet
  facet normal 0 0 -1
    outer loop
      vertex 120.51 4.82504 0
      vertex 120.164 8.33307 0
      vertex 120.327 8.35718 0
    endloop
  endfacet
  facet normal 0 0 -1
    outer loop
      vertex 120 4.8 0
      vertex 120.164 8.33307 0
      vertex 120.51 4.82504 0
    endloop
  endfacet
  facet normal 0 0 -1
    outer loop
      vertex 120 4.8 0
      vertex 120 8.325 0
      vertex 120.164 8.33307 0
    endloop
  endfacet
  facet normal 0 0 -1
    outer loop
      vertex 119.99 4.80048 0
      vertex 120 8.325 0
      vertex 120 4.8 0
    endloop
  endfacet
  facet normal 0 0 -1
    outer loop
      vertex 115.229 6.6372 0
      vertex 119.99 4.80048 0
      vertex 119.976 4.5099 0
    endloop
  endfacet
  facet normal 0 0 -1
    outer loop
      vertex 115.229 6.6372 0
      vertex 119.976 4.5099 0
      vertex 119.904 4.02454 0
    endloop
  endfacet
  facet normal 0 0 -1
    outer loop
      vertex 119.99 4.80048 0
      vertex 119.836 8.33307 0
      vertex 120 8.325 0
    endloop
  endfacet
  facet normal 0 0 -1
    outer loop
      vertex 115.229 6.6372 0
      vertex 119.904 4.02454 0
      vertex 119.785 3.54857 0
    endloop
  endfacet
  facet normal 0 0 -1
    outer loop
      vertex 119.99 4.80048 0
      vertex 119.673 8.35718 0
      vertex 119.836 8.33307 0
    endloop
  endfacet
  facet normal 0 0 -1
    outer loop
      vertex 115.229 6.6372 0
      vertex 119.785 3.54857 0
      vertex 119.619 3.08658 0
    endloop
  endfacet
  facet normal 0 0 -1
    outer loop
      vertex 119.99 4.80048 0
      vertex 119.514 8.39712 0
      vertex 119.673 8.35718 0
    endloop
  endfacet
  facet normal 0 0 -1
    outer loop
      vertex 115.229 6.6372 0
      vertex 119.619 3.08658 0
      vertex 119.41 2.64301 0
    endloop
  endfacet
  facet normal 0 0 -1
    outer loop
      vertex 119.99 4.80048 0
      vertex 119.359 8.4525 0
      vertex 119.514 8.39712 0
    endloop
  endfacet
  facet normal 0 0 -1
    outer loop
      vertex 119.99 4.80048 0
      vertex 115.229 6.6372 0
      vertex 115.296 6.90374 0
    endloop
  endfacet
  facet normal 0 0 -1
    outer loop
      vertex 115.229 6.6372 0
      vertex 119.41 2.64301 0
      vertex 119.157 2.22214 0
    endloop
  endfacet
  facet normal 0 0 -1
    outer loop
      vertex 119.99 4.80048 0
      vertex 119.21 8.52278 0
      vertex 119.359 8.4525 0
    endloop
  endfacet
  facet normal 0 0 -1
    outer loop
      vertex 119.99 4.80048 0
      vertex 115.296 6.90374 0
      vertex 119.21 8.52278 0
    endloop
  endfacet
  facet normal 0 0 -1
    outer loop
      vertex 115.229 6.6372 0
      vertex 119.157 2.22214 0
      vertex 118.865 1.82803 0
    endloop
  endfacet
  facet normal -0 0 -1
    outer loop
      vertex 119.21 8.52278 0
      vertex 115.296 6.90374 0
      vertex 119.069 8.60729 0
    endloop
  endfacet
  facet normal 0 -0 -1
    outer loop
      vertex 115.337 7.17554 0
      vertex 119.069 8.60729 0
      vertex 115.296 6.90374 0
    endloop
  endfacet
  facet normal -0 0 -1
    outer loop
      vertex 119.069 8.60729 0
      vertex 115.337 7.17554 0
      vertex 118.937 8.70521 0
    endloop
  endfacet
  facet normal 0 0 -1
    outer loop
      vertex 115.229 6.6372 0
      vertex 118.865 1.82803 0
      vertex 118.536 1.46446 0
    endloop
  endfacet
  facet normal -0 0 -1
    outer loop
      vertex 118.937 8.70521 0
      vertex 115.337 7.17554 0
      vertex 118.816 8.8156 0
    endloop
  endfacet
  facet normal 0 -0 -1
    outer loop
      vertex 115.35 7.44999 0
      vertex 118.816 8.8156 0
      vertex 115.337 7.17554 0
    endloop
  endfacet
  facet normal -0 0 -1
    outer loop
      vertex 118.816 8.8156 0
      vertex 115.35 7.44999 0
      vertex 118.705 8.93739 0
    endloop
  endfacet
  facet normal -0 0 -1
    outer loop
      vertex 118.705 8.93739 0
      vertex 115.35 7.44999 0
      vertex 118.607 9.06942 0
    endloop
  endfacet
  facet normal -0 0 -1
    outer loop
      vertex 118.607 9.06942 0
      vertex 115.35 7.44999 0
      vertex 118.523 9.21041 0
    endloop
  endfacet
  facet normal -0 0 -1
    outer loop
      vertex 118.523 9.21041 0
      vertex 115.35 7.44999 0
      vertex 118.452 9.359 0
    endloop
  endfacet
  facet normal -0 0 -1
    outer loop
      vertex 118.452 9.359 0
      vertex 115.35 7.44999 0
      vertex 118.397 9.51377 0
    endloop
  endfacet
  facet normal 0 0 -1
    outer loop
      vertex 115.229 6.6372 0
      vertex 118.536 1.46446 0
      vertex 118.172 1.13493 0
    endloop
  endfacet
  facet normal -0 0 -1
    outer loop
      vertex 124.324 12.889 0
      vertex 121.393 10.9306 0
      vertex 124.02 13.2988 0
    endloop
  endfacet
  facet normal 0 0 -1
    outer loop
      vertex 121.295 11.0626 0
      vertex 124.02 13.2988 0
      vertex 121.393 10.9306 0
    endloop
  endfacet
  facet normal -0 0 -1
    outer loop
      vertex 124.02 13.2988 0
      vertex 121.295 11.0626 0
      vertex 123.677 13.677 0
    endloop
  endfacet
  facet normal 0 0 -1
    outer loop
      vertex 121.184 11.1844 0
      vertex 123.677 13.677 0
      vertex 121.295 11.0626 0
    endloop
  endfacet
  facet normal -0 0 -1
    outer loop
      vertex 123.677 13.677 0
      vertex 121.184 11.1844 0
      vertex 123.299 14.0197 0
    endloop
  endfacet
  facet normal 0 0 -1
    outer loop
      vertex 121.063 11.2948 0
      vertex 123.299 14.0197 0
      vertex 121.184 11.1844 0
    endloop
  endfacet
  facet normal -0 0 -1
    outer loop
      vertex 123.299 14.0197 0
      vertex 121.063 11.2948 0
      vertex 122.889 14.3236 0
    endloop
  endfacet
  facet normal 0 0 -1
    outer loop
      vertex 120.931 11.3927 0
      vertex 122.889 14.3236 0
      vertex 121.063 11.2948 0
    endloop
  endfacet
  facet normal -0 0 -1
    outer loop
      vertex 122.889 14.3236 0
      vertex 120.931 11.3927 0
      vertex 122.451 14.586 0
    endloop
  endfacet
  facet normal 0 0 -1
    outer loop
      vertex 120.79 11.4772 0
      vertex 122.451 14.586 0
      vertex 120.931 11.3927 0
    endloop
  endfacet
  facet normal -0 0 -1
    outer loop
      vertex 122.451 14.586 0
      vertex 120.79 11.4772 0
      vertex 121.99 14.8042 0
    endloop
  endfacet
  facet normal 0 0 -1
    outer loop
      vertex 120.641 11.5475 0
      vertex 121.99 14.8042 0
      vertex 120.79 11.4772 0
    endloop
  endfacet
  facet normal -0 0 -1
    outer loop
      vertex 121.99 14.8042 0
      vertex 120.641 11.5475 0
      vertex 121.509 14.9761 0
    endloop
  endfacet
  facet normal 0 0 -1
    outer loop
      vertex 120.486 11.6029 0
      vertex 121.509 14.9761 0
      vertex 120.641 11.5475 0
    endloop
  endfacet
  facet normal -0 0 -1
    outer loop
      vertex 121.509 14.9761 0
      vertex 120.486 11.6029 0
      vertex 121.014 15.1001 0
    endloop
  endfacet
  facet normal 0 0 -1
    outer loop
      vertex 120.327 11.6428 0
      vertex 121.014 15.1001 0
      vertex 120.486 11.6029 0
    endloop
  endfacet
  facet normal -0 0 -1
    outer loop
      vertex 121.014 15.1001 0
      vertex 120.327 11.6428 0
      vertex 120.51 15.175 0
    endloop
  endfacet
  facet normal 0 0 -1
    outer loop
      vertex 120.164 11.6669 0
      vertex 120.51 15.175 0
      vertex 120.327 11.6428 0
    endloop
  endfacet
  facet normal 0 0 -1
    outer loop
      vertex 120 11.675 0
      vertex 120.51 15.175 0
      vertex 120.164 11.6669 0
    endloop
  endfacet
  facet normal 0 0 -1
    outer loop
      vertex 120 11.675 0
      vertex 120 15.2 0
      vertex 120.51 15.175 0
    endloop
  endfacet
  facet normal 0 0 -1
    outer loop
      vertex 119.836 11.6669 0
      vertex 120 15.2 0
      vertex 120 11.675 0
    endloop
  endfacet
  facet normal 0 0 -1
    outer loop
      vertex 119.673 11.6428 0
      vertex 120 15.2 0
      vertex 119.836 11.6669 0
    endloop
  endfacet
  facet normal 0 0 -1
    outer loop
      vertex 119.514 11.6029 0
      vertex 120 15.2 0
      vertex 119.673 11.6428 0
    endloop
  endfacet
  facet normal 0 0 -1
    outer loop
      vertex 120 104.8 0
      vertex 119.836 108.333 0
      vertex 120 108.325 0
    endloop
  endfacet
  facet normal 0 0 -1
    outer loop
      vertex 119.359 11.5475 0
      vertex 120 15.2 0
      vertex 119.514 11.6029 0
    endloop
  endfacet
  facet normal 0 0 -1
    outer loop
      vertex 120 104.8 0
      vertex 119.673 108.357 0
      vertex 119.836 108.333 0
    endloop
  endfacet
  facet normal 0 0 -1
    outer loop
      vertex 119.21 11.4772 0
      vertex 120 15.2 0
      vertex 119.359 11.5475 0
    endloop
  endfacet
  facet normal 0 0 -1
    outer loop
      vertex 120 104.8 0
      vertex 119.514 108.397 0
      vertex 119.673 108.357 0
    endloop
  endfacet
  facet normal 0 0 -1
    outer loop
      vertex 119.069 11.3927 0
      vertex 120 15.2 0
      vertex 119.21 11.4772 0
    endloop
  endfacet
  facet normal 0 0 -1
    outer loop
      vertex 120 104.8 0
      vertex 119.359 108.452 0
      vertex 119.514 108.397 0
    endloop
  endfacet
  facet normal 0 0 -1
    outer loop
      vertex 118.937 11.2948 0
      vertex 120 15.2 0
      vertex 119.069 11.3927 0
    endloop
  endfacet
  facet normal 0 0 -1
    outer loop
      vertex 120 104.8 0
      vertex 119.21 108.523 0
      vertex 119.359 108.452 0
    endloop
  endfacet
  facet normal 0 0 -1
    outer loop
      vertex 118.816 11.1844 0
      vertex 120 15.2 0
      vertex 118.937 11.2948 0
    endloop
  endfacet
  facet normal 0 0 -1
    outer loop
      vertex 120 104.8 0
      vertex 119.069 108.607 0
      vertex 119.21 108.523 0
    endloop
  endfacet
  facet normal 0 0 -1
    outer loop
      vertex 118.705 11.0626 0
      vertex 120 15.2 0
      vertex 118.816 11.1844 0
    endloop
  endfacet
  facet normal 0 0 -1
    outer loop
      vertex 120 104.8 0
      vertex 118.937 108.705 0
      vertex 119.069 108.607 0
    endloop
  endfacet
  facet normal 0 0 -1
    outer loop
      vertex 118.607 10.9306 0
      vertex 120 15.2 0
      vertex 118.705 11.0626 0
    endloop
  endfacet
  facet normal 0 0 -1
    outer loop
      vertex 120 104.8 0
      vertex 118.816 108.816 0
      vertex 118.937 108.705 0
    endloop
  endfacet
  facet normal 0 0 -1
    outer loop
      vertex 118.523 10.7896 0
      vertex 120 15.2 0
      vertex 118.607 10.9306 0
    endloop
  endfacet
  facet normal 0 0 -1
    outer loop
      vertex 120 104.8 0
      vertex 118.705 108.937 0
      vertex 118.816 108.816 0
    endloop
  endfacet
  facet normal 0 0 -1
    outer loop
      vertex 118.452 10.641 0
      vertex 120 15.2 0
      vertex 118.523 10.7896 0
    endloop
  endfacet
  facet normal 0 0 -1
    outer loop
      vertex 120 104.8 0
      vertex 118.607 109.069 0
      vertex 118.705 108.937 0
    endloop
  endfacet
  facet normal -0 0 -1
    outer loop
      vertex 120 15.2 0
      vertex 118.452 10.641 0
      vertex 120 104.8 0
    endloop
  endfacet
  facet normal 0 0 -1
    outer loop
      vertex 120 104.8 0
      vertex 118.523 109.21 0
      vertex 118.607 109.069 0
    endloop
  endfacet
  facet normal 0 0 -1
    outer loop
      vertex 118.452 109.359 0
      vertex 120 104.8 0
      vertex 118.452 10.641 0
    endloop
  endfacet
  facet normal 0 0 -1
    outer loop
      vertex 120 104.8 0
      vertex 118.452 109.359 0
      vertex 118.523 109.21 0
    endloop
  endfacet
  facet normal 0 0 -1
    outer loop
      vertex 118.397 10.4862 0
      vertex 118.452 109.359 0
      vertex 118.452 10.641 0
    endloop
  endfacet
  facet normal 0 0 -1
    outer loop
      vertex 118.397 10.4862 0
      vertex 118.397 109.514 0
      vertex 118.452 109.359 0
    endloop
  endfacet
  facet normal 0 0 -1
    outer loop
      vertex 118.357 10.3268 0
      vertex 118.397 109.514 0
      vertex 118.397 10.4862 0
    endloop
  endfacet
  facet normal 0 0 -1
    outer loop
      vertex 118.357 10.3268 0
      vertex 118.357 109.673 0
      vertex 118.397 109.514 0
    endloop
  endfacet
  facet normal 0 0 -1
    outer loop
      vertex 118.333 10.1642 0
      vertex 118.357 109.673 0
      vertex 118.357 10.3268 0
    endloop
  endfacet
  facet normal 0 0 -1
    outer loop
      vertex 118.333 10.1642 0
      vertex 118.333 109.836 0
      vertex 118.357 109.673 0
    endloop
  endfacet
  facet normal 0 0 -1
    outer loop
      vertex 118.325 10 0
      vertex 118.333 109.836 0
      vertex 118.333 10.1642 0
    endloop
  endfacet
  facet normal -0 0 -1
    outer loop
      vertex 118.333 109.836 0
      vertex 118.325 10 0
      vertex 118.325 110 0
    endloop
  endfacet
  facet normal 0 0 -1
    outer loop
      vertex 121.675 110 0
      vertex 125.2 110 0
      vertex 125.175 109.49 0
    endloop
  endfacet
  facet normal 0 0 -1
    outer loop
      vertex 121.667 109.836 0
      vertex 125.175 109.49 0
      vertex 125.1 108.986 0
    endloop
  endfacet
  facet normal 0 0 -1
    outer loop
      vertex 125.2 110 0
      vertex 121.675 110 0
      vertex 125.175 110.51 0
    endloop
  endfacet
  facet normal 0 0 -1
    outer loop
      vertex 121.643 109.673 0
      vertex 125.1 108.986 0
      vertex 124.976 108.491 0
    endloop
  endfacet
  facet normal 0 0 -1
    outer loop
      vertex 121.667 110.164 0
      vertex 125.175 110.51 0
      vertex 121.675 110 0
    endloop
  endfacet
  facet normal 0 0 -1
    outer loop
      vertex 121.603 109.514 0
      vertex 124.976 108.491 0
      vertex 124.804 108.01 0
    endloop
  endfacet
  facet normal -0 0 -1
    outer loop
      vertex 125.175 110.51 0
      vertex 121.667 110.164 0
      vertex 125.1 111.014 0
    endloop
  endfacet
  facet normal 0 0 -1
    outer loop
      vertex 121.548 109.359 0
      vertex 124.804 108.01 0
      vertex 124.586 107.549 0
    endloop
  endfacet
  facet normal 0 0 -1
    outer loop
      vertex 121.643 110.327 0
      vertex 125.1 111.014 0
      vertex 121.667 110.164 0
    endloop
  endfacet
  facet normal 0 0 -1
    outer loop
      vertex 121.477 109.21 0
      vertex 124.586 107.549 0
      vertex 124.324 107.111 0
    endloop
  endfacet
  facet normal -0 0 -1
    outer loop
      vertex 125.1 111.014 0
      vertex 121.643 110.327 0
      vertex 124.976 111.509 0
    endloop
  endfacet
  facet normal 0 0 -1
    outer loop
      vertex 121.393 109.069 0
      vertex 124.324 107.111 0
      vertex 124.02 106.701 0
    endloop
  endfacet
  facet normal 0 0 -1
    outer loop
      vertex 121.603 110.486 0
      vertex 124.976 111.509 0
      vertex 121.643 110.327 0
    endloop
  endfacet
  facet normal 0 0 -1
    outer loop
      vertex 121.295 108.937 0
      vertex 124.02 106.701 0
      vertex 123.677 106.323 0
    endloop
  endfacet
  facet normal -0 0 -1
    outer loop
      vertex 124.976 111.509 0
      vertex 121.603 110.486 0
      vertex 124.804 111.99 0
    endloop
  endfacet
  facet normal 0 0 -1
    outer loop
      vertex 121.184 108.816 0
      vertex 123.677 106.323 0
      vertex 123.299 105.98 0
    endloop
  endfacet
  facet normal 0 0 -1
    outer loop
      vertex 121.548 110.641 0
      vertex 124.804 111.99 0
      vertex 121.603 110.486 0
    endloop
  endfacet
  facet normal 0 0 -1
    outer loop
      vertex 121.063 108.705 0
      vertex 123.299 105.98 0
      vertex 122.889 105.676 0
    endloop
  endfacet
  facet normal -0 0 -1
    outer loop
      vertex 124.804 111.99 0
      vertex 121.548 110.641 0
      vertex 124.586 112.451 0
    endloop
  endfacet
  facet normal 0 0 -1
    outer loop
      vertex 120.931 108.607 0
      vertex 122.889 105.676 0
      vertex 122.451 105.414 0
    endloop
  endfacet
  facet normal 0 0 -1
    outer loop
      vertex 121.477 110.79 0
      vertex 124.586 112.451 0
      vertex 121.548 110.641 0
    endloop
  endfacet
  facet normal 0 0 -1
    outer loop
      vertex 120.79 108.523 0
      vertex 122.451 105.414 0
      vertex 121.99 105.196 0
    endloop
  endfacet
  facet normal -0 0 -1
    outer loop
      vertex 124.586 112.451 0
      vertex 121.477 110.79 0
      vertex 124.324 112.889 0
    endloop
  endfacet
  facet normal 0 0 -1
    outer loop
      vertex 121.393 110.931 0
      vertex 124.324 112.889 0
      vertex 121.477 110.79 0
    endloop
  endfacet
  facet normal 0 0 -1
    outer loop
      vertex 125.175 109.49 0
      vertex 121.667 109.836 0
      vertex 121.675 110 0
    endloop
  endfacet
  facet normal 0 0 -1
    outer loop
      vertex 125.1 108.986 0
      vertex 121.643 109.673 0
      vertex 121.667 109.836 0
    endloop
  endfacet
  facet normal 0 0 -1
    outer loop
      vertex 124.976 108.491 0
      vertex 121.603 109.514 0
      vertex 121.643 109.673 0
    endloop
  endfacet
  facet normal 0 0 -1
    outer loop
      vertex 124.804 108.01 0
      vertex 121.548 109.359 0
      vertex 121.603 109.514 0
    endloop
  endfacet
  facet normal 0 0 -1
    outer loop
      vertex 120.641 108.452 0
      vertex 121.99 105.196 0
      vertex 121.509 105.024 0
    endloop
  endfacet
  facet normal 0 0 -1
    outer loop
      vertex 124.586 107.549 0
      vertex 121.477 109.21 0
      vertex 121.548 109.359 0
    endloop
  endfacet
  facet normal 0 0 -1
    outer loop
      vertex 124.324 107.111 0
      vertex 121.393 109.069 0
      vertex 121.477 109.21 0
    endloop
  endfacet
  facet normal 0 0 -1
    outer loop
      vertex 124.02 106.701 0
      vertex 121.295 108.937 0
      vertex 121.393 109.069 0
    endloop
  endfacet
  facet normal 0 0 -1
    outer loop
      vertex 123.677 106.323 0
      vertex 121.184 108.816 0
      vertex 121.295 108.937 0
    endloop
  endfacet
  facet normal 0 0 -1
    outer loop
      vertex 123.299 105.98 0
      vertex 121.063 108.705 0
      vertex 121.184 108.816 0
    endloop
  endfacet
  facet normal 0 0 -1
    outer loop
      vertex 120.486 108.397 0
      vertex 121.509 105.024 0
      vertex 121.014 104.9 0
    endloop
  endfacet
  facet normal 0 0 -1
    outer loop
      vertex 122.889 105.676 0
      vertex 120.931 108.607 0
      vertex 121.063 108.705 0
    endloop
  endfacet
  facet normal 0 0 -1
    outer loop
      vertex 122.451 105.414 0
      vertex 120.79 108.523 0
      vertex 120.931 108.607 0
    endloop
  endfacet
  facet normal 0 0 -1
    outer loop
      vertex 121.99 105.196 0
      vertex 120.641 108.452 0
      vertex 120.79 108.523 0
    endloop
  endfacet
  facet normal 0 0 -1
    outer loop
      vertex 120.327 108.357 0
      vertex 121.014 104.9 0
      vertex 120.51 104.825 0
    endloop
  endfacet
  facet normal 0 0 -1
    outer loop
      vertex 121.509 105.024 0
      vertex 120.486 108.397 0
      vertex 120.641 108.452 0
    endloop
  endfacet
  facet normal 0 0 -1
    outer loop
      vertex 121.014 104.9 0
      vertex 120.327 108.357 0
      vertex 120.486 108.397 0
    endloop
  endfacet
  facet normal 0 0 -1
    outer loop
      vertex 120.51 104.825 0
      vertex 120.164 108.333 0
      vertex 120.327 108.357 0
    endloop
  endfacet
  facet normal 0 0 -1
    outer loop
      vertex 120 104.8 0
      vertex 120.164 108.333 0
      vertex 120.51 104.825 0
    endloop
  endfacet
  facet normal 0 0 -1
    outer loop
      vertex 120.164 108.333 0
      vertex 120 104.8 0
      vertex 120 108.325 0
    endloop
  endfacet
  facet normal -0 0 -1
    outer loop
      vertex 124.324 112.889 0
      vertex 121.393 110.931 0
      vertex 124.02 113.299 0
    endloop
  endfacet
  facet normal 0 0 -1
    outer loop
      vertex 121.295 111.063 0
      vertex 124.02 113.299 0
      vertex 121.393 110.931 0
    endloop
  endfacet
  facet normal -0 0 -1
    outer loop
      vertex 124.02 113.299 0
      vertex 121.295 111.063 0
      vertex 123.677 113.677 0
    endloop
  endfacet
  facet normal 0 0 -1
    outer loop
      vertex 121.184 111.184 0
      vertex 123.677 113.677 0
      vertex 121.295 111.063 0
    endloop
  endfacet
  facet normal -0 0 -1
    outer loop
      vertex 123.677 113.677 0
      vertex 121.184 111.184 0
      vertex 123.299 114.02 0
    endloop
  endfacet
  facet normal 0 0 -1
    outer loop
      vertex 121.063 111.295 0
      vertex 123.299 114.02 0
      vertex 121.184 111.184 0
    endloop
  endfacet
  facet normal -0 0 -1
    outer loop
      vertex 123.299 114.02 0
      vertex 121.063 111.295 0
      vertex 122.889 114.324 0
    endloop
  endfacet
  facet normal 0 0 -1
    outer loop
      vertex 120.931 111.393 0
      vertex 122.889 114.324 0
      vertex 121.063 111.295 0
    endloop
  endfacet
  facet normal -0 0 -1
    outer loop
      vertex 122.889 114.324 0
      vertex 120.931 111.393 0
      vertex 122.451 114.586 0
    endloop
  endfacet
  facet normal 0 0 -1
    outer loop
      vertex 120.79 111.477 0
      vertex 122.451 114.586 0
      vertex 120.931 111.393 0
    endloop
  endfacet
  facet normal -0 0 -1
    outer loop
      vertex 122.451 114.586 0
      vertex 120.79 111.477 0
      vertex 121.99 114.804 0
    endloop
  endfacet
  facet normal 0 0 -1
    outer loop
      vertex 120.641 111.548 0
      vertex 121.99 114.804 0
      vertex 120.79 111.477 0
    endloop
  endfacet
  facet normal -0 0 -1
    outer loop
      vertex 121.99 114.804 0
      vertex 120.641 111.548 0
      vertex 121.509 114.976 0
    endloop
  endfacet
  facet normal 0 0 -1
    outer loop
      vertex 120.486 111.603 0
      vertex 121.509 114.976 0
      vertex 120.641 111.548 0
    endloop
  endfacet
  facet normal -0 0 -1
    outer loop
      vertex 121.509 114.976 0
      vertex 120.486 111.603 0
      vertex 121.014 115.1 0
    endloop
  endfacet
  facet normal 0 0 -1
    outer loop
      vertex 120.327 111.643 0
      vertex 121.014 115.1 0
      vertex 120.486 111.603 0
    endloop
  endfacet
  facet normal -0 0 -1
    outer loop
      vertex 121.014 115.1 0
      vertex 120.327 111.643 0
      vertex 120.51 115.175 0
    endloop
  endfacet
  facet normal 0 0 -1
    outer loop
      vertex 120.164 111.667 0
      vertex 120.51 115.175 0
      vertex 120.327 111.643 0
    endloop
  endfacet
  facet normal 0 0 -1
    outer loop
      vertex 120 111.675 0
      vertex 120.51 115.175 0
      vertex 120.164 111.667 0
    endloop
  endfacet
  facet normal 0 0 -1
    outer loop
      vertex 120 111.675 0
      vertex 120 115.2 0
      vertex 120.51 115.175 0
    endloop
  endfacet
  facet normal 0 0 -1
    outer loop
      vertex 120 111.675 0
      vertex 119.99 115.2 0
      vertex 120 115.2 0
    endloop
  endfacet
  facet normal 0 0 -1
    outer loop
      vertex 119.836 111.667 0
      vertex 119.99 115.2 0
      vertex 120 111.675 0
    endloop
  endfacet
  facet normal 0 0 -1
    outer loop
      vertex 119.673 111.643 0
      vertex 119.99 115.2 0
      vertex 119.836 111.667 0
    endloop
  endfacet
  facet normal 0 0 -1
    outer loop
      vertex 119.514 111.603 0
      vertex 119.99 115.2 0
      vertex 119.673 111.643 0
    endloop
  endfacet
  facet normal 0 0 -1
    outer loop
      vertex 119.359 111.548 0
      vertex 119.99 115.2 0
      vertex 119.514 111.603 0
    endloop
  endfacet
  facet normal 0 0 -1
    outer loop
      vertex 119.21 111.477 0
      vertex 119.99 115.2 0
      vertex 119.359 111.548 0
    endloop
  endfacet
  facet normal 0 0 -1
    outer loop
      vertex 115.296 113.096 0
      vertex 119.069 111.393 0
      vertex 115.337 112.824 0
    endloop
  endfacet
  facet normal 0 0 -1
    outer loop
      vertex 115.337 112.824 0
      vertex 118.937 111.295 0
      vertex 115.35 112.55 0
    endloop
  endfacet
  facet normal 0 0 -1
    outer loop
      vertex 115.35 112.55 0
      vertex 118.937 111.295 0
      vertex 118.816 111.184 0
    endloop
  endfacet
  facet normal 0 0 -1
    outer loop
      vertex 115.35 112.55 0
      vertex 118.816 111.184 0
      vertex 118.705 111.063 0
    endloop
  endfacet
  facet normal 0 0 -1
    outer loop
      vertex 118.937 111.295 0
      vertex 115.337 112.824 0
      vertex 119.069 111.393 0
    endloop
  endfacet
  facet normal 0 0 -1
    outer loop
      vertex 119.21 111.477 0
      vertex 115.296 113.096 0
      vertex 119.99 115.2 0
    endloop
  endfacet
  facet normal 0 0 -1
    outer loop
      vertex 119.069 111.393 0
      vertex 115.296 113.096 0
      vertex 119.21 111.477 0
    endloop
  endfacet
  facet normal 0 0 -1
    outer loop
      vertex 115.229 113.363 0
      vertex 119.99 115.2 0
      vertex 115.296 113.096 0
    endloop
  endfacet
  facet normal 0 0 -1
    outer loop
      vertex 115.137 113.622 0
      vertex 119.99 115.2 0
      vertex 115.229 113.363 0
    endloop
  endfacet
  facet normal 0 0 -1
    outer loop
      vertex 115.019 113.87 0
      vertex 119.99 115.2 0
      vertex 115.137 113.622 0
    endloop
  endfacet
  facet normal -0 0 -1
    outer loop
      vertex 119.99 115.2 0
      vertex 115.019 113.87 0
      vertex 119.976 115.49 0
    endloop
  endfacet
  facet normal 0 0 -1
    outer loop
      vertex 115.35 112.55 0
      vertex 118.705 111.063 0
      vertex 118.607 110.931 0
    endloop
  endfacet
  facet normal -0 0 -1
    outer loop
      vertex 119.976 115.49 0
      vertex 115.019 113.87 0
      vertex 119.904 115.975 0
    endloop
  endfacet
  facet normal 0 0 -1
    outer loop
      vertex 115.35 112.55 0
      vertex 118.607 110.931 0
      vertex 118.523 110.79 0
    endloop
  endfacet
  facet normal 0 0 -1
    outer loop
      vertex 115.35 112.55 0
      vertex 118.523 110.79 0
      vertex 118.452 110.641 0
    endloop
  endfacet
  facet normal 0 0 -1
    outer loop
      vertex 115.35 112.55 0
      vertex 118.452 110.641 0
      vertex 118.397 110.486 0
    endloop
  endfacet
  facet normal 0 0 -1
    outer loop
      vertex 115.35 112.55 0
      vertex 118.397 110.486 0
      vertex 118.357 110.327 0
    endloop
  endfacet
  facet normal 0 0 -1
    outer loop
      vertex 115.35 112.55 0
      vertex 118.357 110.327 0
      vertex 118.333 110.164 0
    endloop
  endfacet
  facet normal 0 0 -1
    outer loop
      vertex 115.35 112.55 0
      vertex 118.333 110.164 0
      vertex 118.325 110 0
    endloop
  endfacet
  facet normal 0 0 -1
    outer loop
      vertex 114.878 114.106 0
      vertex 119.904 115.975 0
      vertex 115.019 113.87 0
    endloop
  endfacet
  facet normal -0 0 -1
    outer loop
      vertex 118.325 10 0
      vertex 115.35 7.44999 0
      vertex 118.325 110 0
    endloop
  endfacet
  facet normal 0 0 -1
    outer loop
      vertex 114.326 5.28556 0
      vertex 118.172 1.13493 0
      vertex 117.778 0.842651 0
    endloop
  endfacet
  facet normal 0 0 -1
    outer loop
      vertex 115.35 112.55 0
      vertex 118.325 110 0
      vertex 115.35 7.44999 0
    endloop
  endfacet
  facet normal 0 0 -1
    outer loop
      vertex 114.326 5.28556 0
      vertex 117.778 0.842651 0
      vertex 117.357 0.590393 0
    endloop
  endfacet
  facet normal -0 0 -1
    outer loop
      vertex 119.904 115.975 0
      vertex 114.878 114.106 0
      vertex 119.785 116.451 0
    endloop
  endfacet
  facet normal 0 0 -1
    outer loop
      vertex 114.326 5.28556 0
      vertex 117.357 0.590393 0
      vertex 116.913 0.3806 0
    endloop
  endfacet
  facet normal -0 0 -1
    outer loop
      vertex 119.785 116.451 0
      vertex 114.878 114.106 0
      vertex 119.619 116.913 0
    endloop
  endfacet
  facet normal 0 0 -1
    outer loop
      vertex 114.106 5.12188 0
      vertex 116.913 0.3806 0
      vertex 116.451 0.215286 0
    endloop
  endfacet
  facet normal 0 0 -1
    outer loop
      vertex 114.714 114.326 0
      vertex 119.619 116.913 0
      vertex 114.878 114.106 0
    endloop
  endfacet
  facet normal 0 0 -1
    outer loop
      vertex 114.106 5.12188 0
      vertex 116.451 0.215286 0
      vertex 115.975 0.0960693 0
    endloop
  endfacet
  facet normal -0 0 -1
    outer loop
      vertex 119.619 116.913 0
      vertex 114.714 114.326 0
      vertex 119.41 117.357 0
    endloop
  endfacet
  facet normal 0 0 -1
    outer loop
      vertex 113.87 4.98061 0
      vertex 115.975 0.0960693 0
      vertex 115.49 0.0240631 0
    endloop
  endfacet
  facet normal -0 0 -1
    outer loop
      vertex 119.41 117.357 0
      vertex 114.714 114.326 0
      vertex 119.157 117.778 0
    endloop
  endfacet
  facet normal -0 0 -1
    outer loop
      vertex 119.157 117.778 0
      vertex 114.714 114.326 0
      vertex 118.865 118.172 0
    endloop
  endfacet
  facet normal -0 0 -1
    outer loop
      vertex 118.333 9.83582 0
      vertex 115.35 7.44999 0
      vertex 118.325 10 0
    endloop
  endfacet
  facet normal -0 0 -1
    outer loop
      vertex 118.357 9.67322 0
      vertex 115.35 7.44999 0
      vertex 118.333 9.83582 0
    endloop
  endfacet
  facet normal -0 0 -1
    outer loop
      vertex 118.397 9.51377 0
      vertex 115.35 7.44999 0
      vertex 118.357 9.67322 0
    endloop
  endfacet
  facet normal 0 0 -1
    outer loop
      vertex 113.87 4.98061 0
      vertex 115.49 0.0240631 0
      vertex 115.2 0.0097964 0
    endloop
  endfacet
  facet normal 0 0 -1
    outer loop
      vertex 115.2 0 0
      vertex 111.675 0 0
      vertex 115.2 0.0097964 0
    endloop
  endfacet
  facet normal 0 0 -1
    outer loop
      vertex 118.172 1.13493 0
      vertex 115.137 6.37849 0
      vertex 115.229 6.6372 0
    endloop
  endfacet
  facet normal 0 0 -1
    outer loop
      vertex 111.667 -0.164178 0
      vertex 115.175 -0.509688 0
      vertex 115.1 -1.01447 0
    endloop
  endfacet
  facet normal 0 0 -1
    outer loop
      vertex 118.172 1.13493 0
      vertex 115.019 6.13009 0
      vertex 115.137 6.37849 0
    endloop
  endfacet
  facet normal 0 0 -1
    outer loop
      vertex 111.667 -0.164178 0
      vertex 115.1 -1.01447 0
      vertex 114.976 -1.50948 0
    endloop
  endfacet
  facet normal 0 0 -1
    outer loop
      vertex 118.172 1.13493 0
      vertex 114.878 5.8944 0
      vertex 115.019 6.13009 0
    endloop
  endfacet
  facet normal 0 0 -1
    outer loop
      vertex 111.667 -0.164178 0
      vertex 114.976 -1.50948 0
      vertex 114.804 -1.98995 0
    endloop
  endfacet
  facet normal 0 0 -1
    outer loop
      vertex 118.172 1.13493 0
      vertex 114.714 5.6737 0
      vertex 114.878 5.8944 0
    endloop
  endfacet
  facet normal 0 0 -1
    outer loop
      vertex 111.667 -0.164178 0
      vertex 114.804 -1.98995 0
      vertex 114.586 -2.45126 0
    endloop
  endfacet
  facet normal 0 0 -1
    outer loop
      vertex 118.172 1.13493 0
      vertex 114.53 5.4701 0
      vertex 114.714 5.6737 0
    endloop
  endfacet
  facet normal 0 0 -1
    outer loop
      vertex 118.172 1.13493 0
      vertex 114.326 5.28556 0
      vertex 114.53 5.4701 0
    endloop
  endfacet
  facet normal 0 0 -1
    outer loop
      vertex 111.667 -0.164178 0
      vertex 114.586 -2.45126 0
      vertex 114.324 -2.88896 0
    endloop
  endfacet
  facet normal 0 0 -1
    outer loop
      vertex 116.913 0.3806 0
      vertex 114.106 5.12188 0
      vertex 114.326 5.28556 0
    endloop
  endfacet
  facet normal 0 0 -1
    outer loop
      vertex 111.667 -0.164178 0
      vertex 114.324 -2.88896 0
      vertex 114.02 -3.29884 0
    endloop
  endfacet
  facet normal 0 0 -1
    outer loop
      vertex 115.975 0.0960693 0
      vertex 113.87 4.98061 0
      vertex 114.106 5.12188 0
    endloop
  endfacet
  facet normal 0 0 -1
    outer loop
      vertex 111.667 -0.164178 0
      vertex 114.02 -3.29884 0
      vertex 113.677 -3.67696 0
    endloop
  endfacet
  facet normal 0 0 -1
    outer loop
      vertex 115.2 0.0097964 0
      vertex 111.667 0.164178 0
      vertex 111.643 0.326776 0
    endloop
  endfacet
  facet normal 0 0 -1
    outer loop
      vertex 115.2 0.0097964 0
      vertex 111.643 0.326776 0
      vertex 111.603 0.486226 0
    endloop
  endfacet
  facet normal 0 0 -1
    outer loop
      vertex 111.667 -0.164178 0
      vertex 113.677 -3.67696 0
      vertex 113.299 -4.01965 0
    endloop
  endfacet
  facet normal -0 0 -1
    outer loop
      vertex 115.2 0.0097964 0
      vertex 111.675 0 0
      vertex 111.667 0.164178 0
    endloop
  endfacet
  facet normal 0 0 -1
    outer loop
      vertex 111.667 -0.164178 0
      vertex 113.299 -4.01965 0
      vertex 112.889 -4.32364 0
    endloop
  endfacet
  facet normal 0 0 -1
    outer loop
      vertex 115.2 0.0097964 0
      vertex 113.622 4.86313 0
      vertex 113.87 4.98061 0
    endloop
  endfacet
  facet normal 0 0 -1
    outer loop
      vertex 115.2 0.0097964 0
      vertex 111.603 0.486226 0
      vertex 111.548 0.640994 0
    endloop
  endfacet
  facet normal 0 0 -1
    outer loop
      vertex 111.667 -0.164178 0
      vertex 112.889 -4.32364 0
      vertex 112.451 -4.58599 0
    endloop
  endfacet
  facet normal 0 0 -1
    outer loop
      vertex 110.79 -1.47722 0
      vertex 112.451 -4.58599 0
      vertex 111.99 -4.80417 0
    endloop
  endfacet
  facet normal 0 0 -1
    outer loop
      vertex 115.2 0.0097964 0
      vertex 111.548 0.640994 0
      vertex 111.477 0.789589 0
    endloop
  endfacet
  facet normal 0 0 -1
    outer loop
      vertex 115.2 0.0097964 0
      vertex 113.363 4.77056 0
      vertex 113.622 4.86313 0
    endloop
  endfacet
  facet normal 0 -0 -1
    outer loop
      vertex 113.096 4.70379 0
      vertex 115.2 0.0097964 0
      vertex 111.477 0.789589 0
    endloop
  endfacet
  facet normal 0 0 -1
    outer loop
      vertex 115.2 0.0097964 0
      vertex 113.096 4.70379 0
      vertex 113.363 4.77056 0
    endloop
  endfacet
  facet normal 0 0 -1
    outer loop
      vertex 111.393 0.93058 0
      vertex 113.096 4.70379 0
      vertex 111.477 0.789589 0
    endloop
  endfacet
  facet normal 0 0 -1
    outer loop
      vertex 113.096 4.70379 0
      vertex 111.393 0.93058 0
      vertex 112.824 4.66347 0
    endloop
  endfacet
  facet normal 0 0 -1
    outer loop
      vertex 111.295 1.06261 0
      vertex 112.824 4.66347 0
      vertex 111.393 0.93058 0
    endloop
  endfacet
  facet normal 0 0 -1
    outer loop
      vertex 112.824 4.66347 0
      vertex 111.295 1.06261 0
      vertex 112.55 4.65 0
    endloop
  endfacet
  facet normal 0 0 -1
    outer loop
      vertex 111.184 1.1844 0
      vertex 112.55 4.65 0
      vertex 111.295 1.06261 0
    endloop
  endfacet
  facet normal 0 0 -1
    outer loop
      vertex 111.063 1.29479 0
      vertex 112.55 4.65 0
      vertex 111.184 1.1844 0
    endloop
  endfacet
  facet normal 0 0 -1
    outer loop
      vertex 110.931 1.39271 0
      vertex 112.55 4.65 0
      vertex 111.063 1.29479 0
    endloop
  endfacet
  facet normal 0 0 -1
    outer loop
      vertex 110.79 1.47722 0
      vertex 112.55 4.65 0
      vertex 110.931 1.39271 0
    endloop
  endfacet
  facet normal 0 0 -1
    outer loop
      vertex 110.641 1.5475 0
      vertex 112.55 4.65 0
      vertex 110.79 1.47722 0
    endloop
  endfacet
  facet normal 0 0 -1
    outer loop
      vertex 110.486 1.60287 0
      vertex 112.55 4.65 0
      vertex 110.641 1.5475 0
    endloop
  endfacet
  facet normal 0 0 -1
    outer loop
      vertex 110.327 1.64281 0
      vertex 112.55 4.65 0
      vertex 110.486 1.60287 0
    endloop
  endfacet
  facet normal 0 0 -1
    outer loop
      vertex 110.164 1.66693 0
      vertex 112.55 4.65 0
      vertex 110.327 1.64281 0
    endloop
  endfacet
  facet normal 0 0 -1
    outer loop
      vertex 110 1.675 0
      vertex 112.55 4.65 0
      vertex 110.164 1.66693 0
    endloop
  endfacet
  facet normal 0 0 -1
    outer loop
      vertex 109.836 1.66693 0
      vertex 112.55 4.65 0
      vertex 110 1.675 0
    endloop
  endfacet
  facet normal 0 0 -1
    outer loop
      vertex 109.673 1.64281 0
      vertex 112.55 4.65 0
      vertex 109.836 1.66693 0
    endloop
  endfacet
  facet normal 0 0 -1
    outer loop
      vertex 109.514 1.60287 0
      vertex 112.55 4.65 0
      vertex 109.673 1.64281 0
    endloop
  endfacet
  facet normal 0 0 -1
    outer loop
      vertex 109.359 1.5475 0
      vertex 112.55 4.65 0
      vertex 109.514 1.60287 0
    endloop
  endfacet
  facet normal 0 0 -1
    outer loop
      vertex 109.21 1.47722 0
      vertex 112.55 4.65 0
      vertex 109.359 1.5475 0
    endloop
  endfacet
  facet normal 0 0 -1
    outer loop
      vertex 109.069 1.39271 0
      vertex 112.55 4.65 0
      vertex 109.21 1.47722 0
    endloop
  endfacet
  facet normal 0 0 -1
    outer loop
      vertex 104.8 0 0
      vertex 109.069 1.39271 0
      vertex 108.937 1.29479 0
    endloop
  endfacet
  facet normal 0 0 -1
    outer loop
      vertex 104.8 0 0
      vertex 108.937 1.29479 0
      vertex 108.816 1.1844 0
    endloop
  endfacet
  facet normal -0 0 -1
    outer loop
      vertex 108.607 -0.93058 0
      vertex 105.676 -2.88896 0
      vertex 108.523 -0.789589 0
    endloop
  endfacet
  facet normal 0 0 -1
    outer loop
      vertex 105.414 -2.45126 0
      vertex 108.523 -0.789589 0
      vertex 105.676 -2.88896 0
    endloop
  endfacet
  facet normal -0 0 -1
    outer loop
      vertex 108.523 -0.789589 0
      vertex 105.414 -2.45126 0
      vertex 108.452 -0.640994 0
    endloop
  endfacet
  facet normal 0 0 -1
    outer loop
      vertex 105.196 -1.98995 0
      vertex 108.452 -0.640994 0
      vertex 105.414 -2.45126 0
    endloop
  endfacet
  facet normal -0 0 -1
    outer loop
      vertex 108.452 -0.640994 0
      vertex 105.196 -1.98995 0
      vertex 108.397 -0.486226 0
    endloop
  endfacet
  facet normal 0 0 -1
    outer loop
      vertex 105.024 -1.50948 0
      vertex 108.397 -0.486226 0
      vertex 105.196 -1.98995 0
    endloop
  endfacet
  facet normal -0 0 -1
    outer loop
      vertex 108.397 -0.486226 0
      vertex 105.024 -1.50948 0
      vertex 108.357 -0.326776 0
    endloop
  endfacet
  facet normal 0 0 -1
    outer loop
      vertex 104.9 -1.01447 0
      vertex 108.357 -0.326776 0
      vertex 105.024 -1.50948 0
    endloop
  endfacet
  facet normal -0 0 -1
    outer loop
      vertex 108.357 -0.326776 0
      vertex 104.9 -1.01447 0
      vertex 108.333 -0.164178 0
    endloop
  endfacet
  facet normal 0 0 -1
    outer loop
      vertex 104.825 -0.509688 0
      vertex 108.333 -0.164178 0
      vertex 104.9 -1.01447 0
    endloop
  endfacet
  facet normal -0 0 -1
    outer loop
      vertex 108.333 -0.164178 0
      vertex 104.825 -0.509688 0
      vertex 108.325 0 0
    endloop
  endfacet
  facet normal 0 0 -1
    outer loop
      vertex 104.8 0 0
      vertex 108.325 0 0
      vertex 104.825 -0.509688 0
    endloop
  endfacet
  facet normal 0 0 -1
    outer loop
      vertex 108.325 0 0
      vertex 104.8 0 0
      vertex 108.333 0.164178 0
    endloop
  endfacet
  facet normal -0 0 -1
    outer loop
      vertex 108.333 0.164178 0
      vertex 104.8 0 0
      vertex 108.357 0.326776 0
    endloop
  endfacet
  facet normal -0 0 -1
    outer loop
      vertex 108.357 0.326776 0
      vertex 104.8 0 0
      vertex 108.397 0.486226 0
    endloop
  endfacet
  facet normal -0 0 -1
    outer loop
      vertex 108.397 0.486226 0
      vertex 104.8 0 0
      vertex 108.452 0.640994 0
    endloop
  endfacet
  facet normal -0 0 -1
    outer loop
      vertex 108.452 0.640994 0
      vertex 104.8 0 0
      vertex 108.523 0.789589 0
    endloop
  endfacet
  facet normal -0 0 -1
    outer loop
      vertex 108.523 0.789589 0
      vertex 104.8 0 0
      vertex 108.607 0.93058 0
    endloop
  endfacet
  facet normal -0 0 -1
    outer loop
      vertex 108.607 0.93058 0
      vertex 104.8 0 0
      vertex 108.705 1.06261 0
    endloop
  endfacet
  facet normal -0 0 -1
    outer loop
      vertex 108.705 1.06261 0
      vertex 104.8 0 0
      vertex 108.816 1.1844 0
    endloop
  endfacet
  facet normal -0 0 -1
    outer loop
      vertex 109.069 1.39271 0
      vertex 104.8 0 0
      vertex 112.55 4.65 0
    endloop
  endfacet
  facet normal 0 0 -1
    outer loop
      vertex 15.2 0 0
      vertex 112.55 4.65 0
      vertex 104.8 0 0
    endloop
  endfacet
  facet normal 0 0 -1
    outer loop
      vertex 11.6669 -0.164178 0
      vertex 15.175 -0.509688 0
      vertex 15.1001 -1.01447 0
    endloop
  endfacet
  facet normal 0 0 -1
    outer loop
      vertex 11.6669 -0.164178 0
      vertex 15.1001 -1.01447 0
      vertex 14.9761 -1.50948 0
    endloop
  endfacet
  facet normal 0 0 -1
    outer loop
      vertex 11.6669 -0.164178 0
      vertex 14.9761 -1.50948 0
      vertex 14.8042 -1.98995 0
    endloop
  endfacet
  facet normal 0 0 -1
    outer loop
      vertex 11.6669 -0.164178 0
      vertex 14.8042 -1.98995 0
      vertex 14.586 -2.45126 0
    endloop
  endfacet
  facet normal 0 0 -1
    outer loop
      vertex 11.6669 -0.164178 0
      vertex 14.586 -2.45126 0
      vertex 14.3236 -2.88896 0
    endloop
  endfacet
  facet normal 0 0 -1
    outer loop
      vertex 11.6669 -0.164178 0
      vertex 14.3236 -2.88896 0
      vertex 14.0197 -3.29884 0
    endloop
  endfacet
  facet normal 0 0 -1
    outer loop
      vertex 11.6669 -0.164178 0
      vertex 14.0197 -3.29884 0
      vertex 13.677 -3.67696 0
    endloop
  endfacet
  facet normal 0 0 -1
    outer loop
      vertex 11.6669 -0.164178 0
      vertex 13.677 -3.67696 0
      vertex 13.2988 -4.01965 0
    endloop
  endfacet
  facet normal 0 0 -1
    outer loop
      vertex 11.6669 -0.164178 0
      vertex 13.2988 -4.01965 0
      vertex 12.889 -4.32364 0
    endloop
  endfacet
  facet normal 0 0 -1
    outer loop
      vertex 11.6669 -0.164178 0
      vertex 12.889 -4.32364 0
      vertex 12.4513 -4.58599 0
    endloop
  endfacet
  facet normal 0 0 -1
    outer loop
      vertex 10.7896 -1.47722 0
      vertex 12.4513 -4.58599 0
      vertex 11.99 -4.80417 0
    endloop
  endfacet
  facet normal 0 0 -1
    outer loop
      vertex 15.175 -0.509688 0
      vertex 11.675 0 0
      vertex 15.2 0 0
    endloop
  endfacet
  facet normal 0 0 -1
    outer loop
      vertex 11.6669 0.164178 0
      vertex 15.2 0 0
      vertex 11.675 0 0
    endloop
  endfacet
  facet normal 0 0 -1
    outer loop
      vertex 11.6428 0.326776 0
      vertex 15.2 0 0
      vertex 11.6669 0.164178 0
    endloop
  endfacet
  facet normal 0 0 -1
    outer loop
      vertex 11.6029 0.486226 0
      vertex 15.2 0 0
      vertex 11.6428 0.326776 0
    endloop
  endfacet
  facet normal 0 0 -1
    outer loop
      vertex 11.5475 0.640994 0
      vertex 15.2 0 0
      vertex 11.6029 0.486226 0
    endloop
  endfacet
  facet normal 0 0 -1
    outer loop
      vertex 11.4772 0.789589 0
      vertex 15.2 0 0
      vertex 11.5475 0.640994 0
    endloop
  endfacet
  facet normal 0 0 -1
    outer loop
      vertex 11.3927 0.93058 0
      vertex 15.2 0 0
      vertex 11.4772 0.789589 0
    endloop
  endfacet
  facet normal 0 0 -1
    outer loop
      vertex 11.2948 1.06261 0
      vertex 15.2 0 0
      vertex 11.3927 0.93058 0
    endloop
  endfacet
  facet normal 0 0 -1
    outer loop
      vertex 11.1844 1.1844 0
      vertex 15.2 0 0
      vertex 11.2948 1.06261 0
    endloop
  endfacet
  facet normal 0 0 -1
    outer loop
      vertex 11.0626 1.29479 0
      vertex 15.2 0 0
      vertex 11.1844 1.1844 0
    endloop
  endfacet
  facet normal 0 0 -1
    outer loop
      vertex 10.9306 1.39271 0
      vertex 15.2 0 0
      vertex 11.0626 1.29479 0
    endloop
  endfacet
  facet normal 0 0 -1
    outer loop
      vertex 15.2 0 0
      vertex 10.9306 1.39271 0
      vertex 7.44999 4.65 0
    endloop
  endfacet
  facet normal 0 0 -1
    outer loop
      vertex 7.44999 4.65 0
      vertex 10.9306 1.39271 0
      vertex 10.7896 1.47722 0
    endloop
  endfacet
  facet normal 0 0 -1
    outer loop
      vertex 7.44999 4.65 0
      vertex 10.7896 1.47722 0
      vertex 10.641 1.5475 0
    endloop
  endfacet
  facet normal 0 0 -1
    outer loop
      vertex 7.44999 4.65 0
      vertex 10.641 1.5475 0
      vertex 10.4862 1.60287 0
    endloop
  endfacet
  facet normal 0 0 -1
    outer loop
      vertex 7.44999 4.65 0
      vertex 10.4862 1.60287 0
      vertex 10.3268 1.64281 0
    endloop
  endfacet
  facet normal 0 0 -1
    outer loop
      vertex 7.44999 4.65 0
      vertex 10.3268 1.64281 0
      vertex 10.1642 1.66693 0
    endloop
  endfacet
  facet normal 0 0 -1
    outer loop
      vertex 7.44999 4.65 0
      vertex 10.1642 1.66693 0
      vertex 10 1.675 0
    endloop
  endfacet
  facet normal -0 0 -1
    outer loop
      vertex 8.60729 -0.93058 0
      vertex 5.67636 -2.88896 0
      vertex 8.52278 -0.789589 0
    endloop
  endfacet
  facet normal 0 0 -1
    outer loop
      vertex 5.41401 -2.45126 0
      vertex 8.52278 -0.789589 0
      vertex 5.67636 -2.88896 0
    endloop
  endfacet
  facet normal -0 0 -1
    outer loop
      vertex 8.52278 -0.789589 0
      vertex 5.41401 -2.45126 0
      vertex 8.4525 -0.640994 0
    endloop
  endfacet
  facet normal 0 0 -1
    outer loop
      vertex 15.2 0 0
      vertex 7.44999 4.65 0
      vertex 112.55 4.65 0
    endloop
  endfacet
  facet normal 0 0 -1
    outer loop
      vertex 9.83582 1.66693 0
      vertex 7.44999 4.65 0
      vertex 10 1.675 0
    endloop
  endfacet
  facet normal 0 0 -1
    outer loop
      vertex 9.67322 1.64281 0
      vertex 7.44999 4.65 0
      vertex 9.83582 1.66693 0
    endloop
  endfacet
  facet normal 0 0 -1
    outer loop
      vertex 9.51377 1.60287 0
      vertex 7.44999 4.65 0
      vertex 9.67322 1.64281 0
    endloop
  endfacet
  facet normal 0 0 -1
    outer loop
      vertex 9.359 1.5475 0
      vertex 7.44999 4.65 0
      vertex 9.51377 1.60287 0
    endloop
  endfacet
  facet normal 0 0 -1
    outer loop
      vertex 9.21041 1.47722 0
      vertex 7.44999 4.65 0
      vertex 9.359 1.5475 0
    endloop
  endfacet
  facet normal 0 0 -1
    outer loop
      vertex 9.06942 1.39271 0
      vertex 7.44999 4.65 0
      vertex 9.21041 1.47722 0
    endloop
  endfacet
  facet normal 0 0 -1
    outer loop
      vertex 8.93739 1.29479 0
      vertex 7.44999 4.65 0
      vertex 9.06942 1.39271 0
    endloop
  endfacet
  facet normal 0 0 -1
    outer loop
      vertex 8.8156 1.1844 0
      vertex 7.44999 4.65 0
      vertex 8.93739 1.29479 0
    endloop
  endfacet
  facet normal 0 0 -1
    outer loop
      vertex 8.70521 1.06261 0
      vertex 7.44999 4.65 0
      vertex 8.8156 1.1844 0
    endloop
  endfacet
  facet normal 0 0 -1
    outer loop
      vertex 7.17554 4.66347 0
      vertex 8.70521 1.06261 0
      vertex 8.60729 0.93058 0
    endloop
  endfacet
  facet normal 0 0 -1
    outer loop
      vertex 6.90374 4.70379 0
      vertex 8.60729 0.93058 0
      vertex 8.52278 0.789589 0
    endloop
  endfacet
  facet normal 0 0 -1
    outer loop
      vertex 4.80048 0.00979614 0
      vertex 8.52278 0.789589 0
      vertex 8.4525 0.640994 0
    endloop
  endfacet
  facet normal 0 0 -1
    outer loop
      vertex 4.80048 0.00979614 0
      vertex 8.4525 0.640994 0
      vertex 8.39712 0.486226 0
    endloop
  endfacet
  facet normal 0 0 -1
    outer loop
      vertex 4.80048 0.00979614 0
      vertex 8.39712 0.486226 0
      vertex 8.35718 0.326776 0
    endloop
  endfacet
  facet normal 0 0 -1
    outer loop
      vertex 5.19583 -1.98995 0
      vertex 8.4525 -0.640994 0
      vertex 5.41401 -2.45126 0
    endloop
  endfacet
  facet normal -0 0 -1
    outer loop
      vertex 8.52278 0.789589 0
      vertex 4.80048 0.00979614 0
      vertex 6.90374 4.70379 0
    endloop
  endfacet
  facet normal -0 0 -1
    outer loop
      vertex 8.4525 -0.640994 0
      vertex 5.19583 -1.98995 0
      vertex 8.39712 -0.486226 0
    endloop
  endfacet
  facet normal 0 0 -1
    outer loop
      vertex 8.70521 1.06261 0
      vertex 7.17554 4.66347 0
      vertex 7.44999 4.65 0
    endloop
  endfacet
  facet normal 0 0 -1
    outer loop
      vertex 5.02391 -1.50948 0
      vertex 8.39712 -0.486226 0
      vertex 5.19583 -1.98995 0
    endloop
  endfacet
  facet normal 0 0 -1
    outer loop
      vertex 8.60729 0.93058 0
      vertex 6.90374 4.70379 0
      vertex 7.17554 4.66347 0
    endloop
  endfacet
  facet normal -0 0 -1
    outer loop
      vertex 6.90374 4.70379 0
      vertex 4.80048 0.00979614 0
      vertex 6.6372 4.77056 0
    endloop
  endfacet
  facet normal -0 0 -1
    outer loop
      vertex 8.39712 -0.486226 0
      vertex 5.02391 -1.50948 0
      vertex 8.35718 -0.326776 0
    endloop
  endfacet
  facet normal -0 0 -1
    outer loop
      vertex 6.6372 4.77056 0
      vertex 4.80048 0.00979614 0
      vertex 6.37849 4.86313 0
    endloop
  endfacet
  facet normal 0 0 -1
    outer loop
      vertex 4.89992 -1.01447 0
      vertex 8.35718 -0.326776 0
      vertex 5.02391 -1.50948 0
    endloop
  endfacet
  facet normal -0 0 -1
    outer loop
      vertex 6.37849 4.86313 0
      vertex 4.80048 0.00979614 0
      vertex 6.13009 4.98061 0
    endloop
  endfacet
  facet normal -0 0 -1
    outer loop
      vertex 8.35718 -0.326776 0
      vertex 4.89992 -1.01447 0
      vertex 8.33307 -0.164178 0
    endloop
  endfacet
  facet normal 0 0 -1
    outer loop
      vertex 4.5099 0.0240631 0
      vertex 6.13009 4.98061 0
      vertex 4.80048 0.00979614 0
    endloop
  endfacet
  facet normal -0 0 -1
    outer loop
      vertex 6.13009 4.98061 0
      vertex 4.5099 0.0240631 0
      vertex 5.8944 5.12188 0
    endloop
  endfacet
  facet normal 0 0 -1
    outer loop
      vertex 4.82504 -0.509688 0
      vertex 8.33307 -0.164178 0
      vertex 4.89992 -1.01447 0
    endloop
  endfacet
  facet normal -0 0 -1
    outer loop
      vertex 5.8944 5.12188 0
      vertex 4.5099 0.0240631 0
      vertex 5.6737 5.28556 0
    endloop
  endfacet
  facet normal -0 0 -1
    outer loop
      vertex 8.33307 -0.164178 0
      vertex 4.82504 -0.509688 0
      vertex 8.325 0 0
    endloop
  endfacet
  facet normal -0 0 -1
    outer loop
      vertex 5.6737 5.28556 0
      vertex 4.5099 0.0240631 0
      vertex 5.4701 5.4701 0
    endloop
  endfacet
  facet normal 0 0 -1
    outer loop
      vertex 4.8 0 0
      vertex 8.325 0 0
      vertex 4.82504 -0.509688 0
    endloop
  endfacet
  facet normal -0 0 -1
    outer loop
      vertex 5.4701 5.4701 0
      vertex 4.5099 0.0240631 0
      vertex 5.28556 5.6737 0
    endloop
  endfacet
  facet normal 0 0 -1
    outer loop
      vertex 8.325 0 0
      vertex 4.80048 0.00979614 0
      vertex 8.33307 0.164178 0
    endloop
  endfacet
  facet normal -0 0 -1
    outer loop
      vertex 5.28556 5.6737 0
      vertex 4.5099 0.0240631 0
      vertex 5.12188 5.8944 0
    endloop
  endfacet
  facet normal -0 0 -1
    outer loop
      vertex 8.33307 0.164178 0
      vertex 4.80048 0.00979614 0
      vertex 8.35718 0.326776 0
    endloop
  endfacet
  facet normal -0 0 -1
    outer loop
      vertex 5.12188 5.8944 0
      vertex 4.5099 0.0240631 0
      vertex 4.98061 6.13009 0
    endloop
  endfacet
  facet normal -0 0 -1
    outer loop
      vertex 4.98061 6.13009 0
      vertex 4.5099 0.0240631 0
      vertex 4.86313 6.37849 0
    endloop
  endfacet
  facet normal 0 0 -1
    outer loop
      vertex 1.64281 10.3268 0
      vertex 4.86313 6.37849 0
      vertex 4.5099 0.0240631 0
    endloop
  endfacet
  facet normal 0 0 -1
    outer loop
      vertex 4.86313 6.37849 0
      vertex 1.64281 10.3268 0
      vertex 4.77056 6.6372 0
    endloop
  endfacet
  facet normal 0 0 -1
    outer loop
      vertex 4.77056 6.6372 0
      vertex 1.64281 10.3268 0
      vertex 4.70379 6.90374 0
    endloop
  endfacet
  facet normal 0 0 -1
    outer loop
      vertex 4.66347 7.17554 0
      vertex 1.64281 10.3268 0
      vertex 4.65 7.44999 0
    endloop
  endfacet
  facet normal 0 0 -1
    outer loop
      vertex 4.70379 6.90374 0
      vertex 1.64281 10.3268 0
      vertex 4.66347 7.17554 0
    endloop
  endfacet
  facet normal 0 0 -1
    outer loop
      vertex 21 44 0
      vertex 66 80 0
      vertex 107 44 0
    endloop
  endfacet
  facet normal 0 0 -1
    outer loop
      vertex 6.95 112.25 0
      vertex 26 80 0
      vertex 21 44 0
    endloop
  endfacet
  facet normal -0 0 -1
    outer loop
      vertex 66 80 0
      vertex 21 44 0
      vertex 26 80 0
    endloop
  endfacet
  facet normal 0 0 -1
    outer loop
      vertex 112.25 6.95 0
      vertex 113.05 7.74999 0
      vertex 113.046 7.67157 0
    endloop
  endfacet
  facet normal 0 0 -1
    outer loop
      vertex 113.05 7.74999 0
      vertex 107 44 0
      vertex 113.05 112.25 0
    endloop
  endfacet
  facet normal 0 0 -1
    outer loop
      vertex 112.25 6.95 0
      vertex 113.046 7.67157 0
      vertex 113.035 7.59392 0
    endloop
  endfacet
  facet normal 0 0 -1
    outer loop
      vertex 66 80 0
      vertex 113.05 112.25 0
      vertex 107 44 0
    endloop
  endfacet
  facet normal 0 0 -1
    outer loop
      vertex 112.25 6.95 0
      vertex 113.035 7.59392 0
      vertex 113.016 7.51776 0
    endloop
  endfacet
  facet normal 0 -0 -1
    outer loop
      vertex 112.25 113.05 0
      vertex 113.05 112.25 0
      vertex 66 80 0
    endloop
  endfacet
  facet normal 0 0 -1
    outer loop
      vertex 112.25 6.95 0
      vertex 113.016 7.51776 0
      vertex 112.989 7.44385 0
    endloop
  endfacet
  facet normal 0 0 -1
    outer loop
      vertex 113.05 112.25 0
      vertex 112.25 113.05 0
      vertex 113.046 112.328 0
    endloop
  endfacet
  facet normal 0 0 -1
    outer loop
      vertex 112.25 6.95 0
      vertex 112.989 7.44385 0
      vertex 112.956 7.37288 0
    endloop
  endfacet
  facet normal 0 0 -1
    outer loop
      vertex 113.046 112.328 0
      vertex 112.25 113.05 0
      vertex 113.035 112.406 0
    endloop
  endfacet
  facet normal 0 0 -1
    outer loop
      vertex 112.25 6.95 0
      vertex 112.956 7.37288 0
      vertex 112.915 7.30553 0
    endloop
  endfacet
  facet normal 0 0 -1
    outer loop
      vertex 113.035 112.406 0
      vertex 112.25 113.05 0
      vertex 113.016 112.482 0
    endloop
  endfacet
  facet normal 0 0 -1
    outer loop
      vertex 112.25 6.95 0
      vertex 112.915 7.30553 0
      vertex 112.868 7.24248 0
    endloop
  endfacet
  facet normal 0 0 -1
    outer loop
      vertex 113.016 112.482 0
      vertex 112.25 113.05 0
      vertex 112.989 112.556 0
    endloop
  endfacet
  facet normal 0 0 -1
    outer loop
      vertex 112.25 6.95 0
      vertex 112.868 7.24248 0
      vertex 112.816 7.18431 0
    endloop
  endfacet
  facet normal 0 0 -1
    outer loop
      vertex 112.989 112.556 0
      vertex 112.25 113.05 0
      vertex 112.956 112.627 0
    endloop
  endfacet
  facet normal 0 0 -1
    outer loop
      vertex 112.25 6.95 0
      vertex 112.816 7.18431 0
      vertex 112.758 7.13158 0
    endloop
  endfacet
  facet normal 0 0 -1
    outer loop
      vertex 112.956 112.627 0
      vertex 112.25 113.05 0
      vertex 112.915 112.694 0
    endloop
  endfacet
  facet normal 0 0 -1
    outer loop
      vertex 112.25 6.95 0
      vertex 112.758 7.13158 0
      vertex 112.694 7.08481 0
    endloop
  endfacet
  facet normal 0 0 -1
    outer loop
      vertex 112.915 112.694 0
      vertex 112.25 113.05 0
      vertex 112.868 112.758 0
    endloop
  endfacet
  facet normal 0 0 -1
    outer loop
      vertex 112.25 6.95 0
      vertex 112.694 7.08481 0
      vertex 112.627 7.04445 0
    endloop
  endfacet
  facet normal 0 0 -1
    outer loop
      vertex 112.868 112.758 0
      vertex 112.25 113.05 0
      vertex 112.816 112.816 0
    endloop
  endfacet
  facet normal 0 0 -1
    outer loop
      vertex 112.25 6.95 0
      vertex 112.627 7.04445 0
      vertex 112.556 7.01088 0
    endloop
  endfacet
  facet normal 0 0 -1
    outer loop
      vertex 112.758 112.868 0
      vertex 112.25 113.05 0
      vertex 112.694 112.915 0
    endloop
  endfacet
  facet normal 0 0 -1
    outer loop
      vertex 112.25 6.95 0
      vertex 112.556 7.01088 0
      vertex 112.482 6.98444 0
    endloop
  endfacet
  facet normal 0 0 -1
    outer loop
      vertex 112.694 112.915 0
      vertex 112.25 113.05 0
      vertex 112.627 112.956 0
    endloop
  endfacet
  facet normal 0 0 -1
    outer loop
      vertex 112.25 6.95 0
      vertex 112.482 6.98444 0
      vertex 112.406 6.96536 0
    endloop
  endfacet
  facet normal 0 0 -1
    outer loop
      vertex 112.627 112.956 0
      vertex 112.25 113.05 0
      vertex 112.556 112.989 0
    endloop
  endfacet
  facet normal 0 0 -1
    outer loop
      vertex 112.25 6.95 0
      vertex 112.406 6.96536 0
      vertex 112.328 6.95384 0
    endloop
  endfacet
  facet normal 0 0 -1
    outer loop
      vertex 112.556 112.989 0
      vertex 112.25 113.05 0
      vertex 112.482 113.016 0
    endloop
  endfacet
  facet normal -0 0 -1
    outer loop
      vertex 113.05 7.74999 0
      vertex 112.25 6.95 0
      vertex 107 12 0
    endloop
  endfacet
  facet normal 0 0 -1
    outer loop
      vertex 112.482 113.016 0
      vertex 112.25 113.05 0
      vertex 112.406 113.035 0
    endloop
  endfacet
  facet normal 0 0 -1
    outer loop
      vertex 113.05 7.74999 0
      vertex 107 12 0
      vertex 107 44 0
    endloop
  endfacet
  facet normal 0 0 -1
    outer loop
      vertex 112.25 6.95 0
      vertex 21 12 0
      vertex 107 12 0
    endloop
  endfacet
  facet normal 0 0 -1
    outer loop
      vertex 6.95 7.74999 0
      vertex 21 12 0
      vertex 7.74999 6.95 0
    endloop
  endfacet
  facet normal 0 0 -1
    outer loop
      vertex 7.74999 6.95 0
      vertex 21 12 0
      vertex 112.25 6.95 0
    endloop
  endfacet
  facet normal 0 0 -1
    outer loop
      vertex 112.406 113.035 0
      vertex 112.25 113.05 0
      vertex 112.328 113.046 0
    endloop
  endfacet
  facet normal 0 0 -1
    outer loop
      vertex 112.816 112.816 0
      vertex 112.25 113.05 0
      vertex 112.758 112.868 0
    endloop
  endfacet
  facet normal 0 0 -1
    outer loop
      vertex 66 106 0
      vertex 112.25 113.05 0
      vertex 66 80 0
    endloop
  endfacet
  facet normal 0 0 -1
    outer loop
      vertex 7.74999 113.05 0
      vertex 66 106 0
      vertex 26 106 0
    endloop
  endfacet
  facet normal -0 0 -1
    outer loop
      vertex 21 12 0
      vertex 6.95 7.74999 0
      vertex 21 44 0
    endloop
  endfacet
  facet normal 0 0 -1
    outer loop
      vertex 66 106 0
      vertex 7.74999 113.05 0
      vertex 112.25 113.05 0
    endloop
  endfacet
  facet normal 0 0 -1
    outer loop
      vertex 6.95 112.25 0
      vertex 21 44 0
      vertex 6.95 7.74999 0
    endloop
  endfacet
  facet normal 0 0 -1
    outer loop
      vertex 6.95 7.74999 0
      vertex 7.74999 6.95 0
      vertex 7.67157 6.95384 0
    endloop
  endfacet
  facet normal 0 0 -1
    outer loop
      vertex 26 80 0
      vertex 6.95 112.25 0
      vertex 26 106 0
    endloop
  endfacet
  facet normal 0 0 -1
    outer loop
      vertex 6.95 7.74999 0
      vertex 7.67157 6.95384 0
      vertex 7.59392 6.96536 0
    endloop
  endfacet
  facet normal 0 0 -1
    outer loop
      vertex 26 106 0
      vertex 6.95 112.25 0
      vertex 7.74999 113.05 0
    endloop
  endfacet
  facet normal 0 0 -1
    outer loop
      vertex 6.95 7.74999 0
      vertex 7.59392 6.96536 0
      vertex 7.51776 6.98444 0
    endloop
  endfacet
  facet normal 0 0 -1
    outer loop
      vertex 7.74999 113.05 0
      vertex 6.95 112.25 0
      vertex 7.67157 113.046 0
    endloop
  endfacet
  facet normal 0 0 -1
    outer loop
      vertex 6.95 7.74999 0
      vertex 7.51776 6.98444 0
      vertex 7.44385 7.01088 0
    endloop
  endfacet
  facet normal 0 0 -1
    outer loop
      vertex 7.67157 113.046 0
      vertex 6.95 112.25 0
      vertex 7.59392 113.035 0
    endloop
  endfacet
  facet normal 0 0 -1
    outer loop
      vertex 6.95 7.74999 0
      vertex 7.44385 7.01088 0
      vertex 7.37288 7.04445 0
    endloop
  endfacet
  facet normal 0 0 -1
    outer loop
      vertex 7.59392 113.035 0
      vertex 6.95 112.25 0
      vertex 7.51776 113.016 0
    endloop
  endfacet
  facet normal 0 0 -1
    outer loop
      vertex 6.95 7.74999 0
      vertex 7.37288 7.04445 0
      vertex 7.30553 7.08481 0
    endloop
  endfacet
  facet normal 0 0 -1
    outer loop
      vertex 7.51776 113.016 0
      vertex 6.95 112.25 0
      vertex 7.44385 112.989 0
    endloop
  endfacet
  facet normal 0 0 -1
    outer loop
      vertex 6.95 7.74999 0
      vertex 7.30553 7.08481 0
      vertex 7.24248 7.13158 0
    endloop
  endfacet
  facet normal 0 0 -1
    outer loop
      vertex 7.44385 112.989 0
      vertex 6.95 112.25 0
      vertex 7.37288 112.956 0
    endloop
  endfacet
  facet normal 0 0 -1
    outer loop
      vertex 6.95 7.74999 0
      vertex 7.24248 7.13158 0
      vertex 7.18431 7.18431 0
    endloop
  endfacet
  facet normal 0 0 -1
    outer loop
      vertex 7.37288 112.956 0
      vertex 6.95 112.25 0
      vertex 7.30553 112.915 0
    endloop
  endfacet
  facet normal 0 0 -1
    outer loop
      vertex 6.95 7.74999 0
      vertex 7.18431 7.18431 0
      vertex 7.13158 7.24248 0
    endloop
  endfacet
  facet normal 0 0 -1
    outer loop
      vertex 7.30553 112.915 0
      vertex 6.95 112.25 0
      vertex 7.24248 112.868 0
    endloop
  endfacet
  facet normal 0 0 -1
    outer loop
      vertex 6.95 7.74999 0
      vertex 7.13158 7.24248 0
      vertex 7.08481 7.30553 0
    endloop
  endfacet
  facet normal 0 0 -1
    outer loop
      vertex 7.24248 112.868 0
      vertex 6.95 112.25 0
      vertex 7.18431 112.816 0
    endloop
  endfacet
  facet normal 0 0 -1
    outer loop
      vertex 6.95 7.74999 0
      vertex 7.08481 7.30553 0
      vertex 7.04445 7.37288 0
    endloop
  endfacet
  facet normal 0 0 -1
    outer loop
      vertex 7.18431 112.816 0
      vertex 6.95 112.25 0
      vertex 7.13158 112.758 0
    endloop
  endfacet
  facet normal 0 0 -1
    outer loop
      vertex 6.95 7.74999 0
      vertex 7.04445 7.37288 0
      vertex 7.01088 7.44385 0
    endloop
  endfacet
  facet normal 0 0 -1
    outer loop
      vertex 7.13158 112.758 0
      vertex 6.95 112.25 0
      vertex 7.08481 112.694 0
    endloop
  endfacet
  facet normal 0 0 -1
    outer loop
      vertex 6.95 7.74999 0
      vertex 7.01088 7.44385 0
      vertex 6.98444 7.51776 0
    endloop
  endfacet
  facet normal 0 0 -1
    outer loop
      vertex 7.08481 112.694 0
      vertex 6.95 112.25 0
      vertex 7.04445 112.627 0
    endloop
  endfacet
  facet normal 0 0 -1
    outer loop
      vertex 6.95 7.74999 0
      vertex 6.98444 7.51776 0
      vertex 6.96536 7.59392 0
    endloop
  endfacet
  facet normal 0 0 -1
    outer loop
      vertex 7.04445 112.627 0
      vertex 6.95 112.25 0
      vertex 7.01088 112.556 0
    endloop
  endfacet
  facet normal 0 0 -1
    outer loop
      vertex 6.95 7.74999 0
      vertex 6.96536 7.59392 0
      vertex 6.95384 7.67157 0
    endloop
  endfacet
  facet normal 0 0 -1
    outer loop
      vertex 7.01088 112.556 0
      vertex 6.95 112.25 0
      vertex 6.98444 112.482 0
    endloop
  endfacet
  facet normal 0 0 -1
    outer loop
      vertex 6.98444 112.482 0
      vertex 6.95 112.25 0
      vertex 6.96536 112.406 0
    endloop
  endfacet
  facet normal 0 0 -1
    outer loop
      vertex 6.96536 112.406 0
      vertex 6.95 112.25 0
      vertex 6.95384 112.328 0
    endloop
  endfacet
  facet normal -0.242992 -0.970028 0
    outer loop
      vertex -1.50948 105.024 0
      vertex -1.01447 104.9 4.2
      vertex -1.50948 105.024 4.2
    endloop
  endfacet
  facet normal -0.242992 -0.970028 -0
    outer loop
      vertex -1.01447 104.9 4.2
      vertex -1.50948 105.024 0
      vertex -1.01447 104.9 0
    endloop
  endfacet
  facet normal -0.513602 0.858029 0
    outer loop
      vertex -2.45126 114.586 0
      vertex -2.88896 114.324 4.2
      vertex -2.45126 114.586 4.2
    endloop
  endfacet
  facet normal -0.513602 0.858029 0
    outer loop
      vertex -2.88896 114.324 4.2
      vertex -2.45126 114.586 0
      vertex -2.88896 114.324 0
    endloop
  endfacet
  facet normal -0.857882 -0.513848 0
    outer loop
      vertex -4.32364 107.111 0
      vertex -4.58599 107.549 4.2
      vertex -4.58599 107.549 0
    endloop
  endfacet
  facet normal -0.857882 -0.513848 0
    outer loop
      vertex -4.58599 107.549 4.2
      vertex -4.32364 107.111 0
      vertex -4.32364 107.111 4.2
    endloop
  endfacet
  facet normal -0.146966 -0.989142 0
    outer loop
      vertex -1.01447 104.9 0
      vertex -0.509688 104.825 4.2
      vertex -1.01447 104.9 4.2
    endloop
  endfacet
  facet normal -0.146966 -0.989142 -0
    outer loop
      vertex -0.509688 104.825 4.2
      vertex -1.01447 104.9 0
      vertex -0.509688 104.825 0
    endloop
  endfacet
  facet normal -0.595715 0.803196 0
    outer loop
      vertex -2.88896 114.324 0
      vertex -3.29884 114.02 4.2
      vertex -2.88896 114.324 4.2
    endloop
  endfacet
  facet normal -0.595715 0.803196 0
    outer loop
      vertex -3.29884 114.02 4.2
      vertex -2.88896 114.324 0
      vertex -3.29884 114.02 0
    endloop
  endfacet
  facet normal -0.803289 -0.59559 0
    outer loop
      vertex -4.01965 106.701 0
      vertex -4.32364 107.111 4.2
      vertex -4.32364 107.111 0
    endloop
  endfacet
  facet normal -0.803289 -0.59559 0
    outer loop
      vertex -4.32364 107.111 4.2
      vertex -4.01965 106.701 0
      vertex -4.01965 106.701 4.2
    endloop
  endfacet
  facet normal -0.671873 0.740666 0
    outer loop
      vertex -3.29884 114.02 0
      vertex -3.67696 113.677 4.2
      vertex -3.29884 114.02 4.2
    endloop
  endfacet
  facet normal -0.671873 0.740666 0
    outer loop
      vertex -3.67696 113.677 4.2
      vertex -3.29884 114.02 0
      vertex -3.67696 113.677 0
    endloop
  endfacet
  facet normal -0.740863 -0.671657 0
    outer loop
      vertex -3.67696 106.323 0
      vertex -4.01965 106.701 4.2
      vertex -4.01965 106.701 0
    endloop
  endfacet
  facet normal -0.740863 -0.671657 0
    outer loop
      vertex -4.01965 106.701 4.2
      vertex -3.67696 106.323 0
      vertex -3.67696 106.323 4.2
    endloop
  endfacet
  facet normal -0.0489907 -0.998799 0
    outer loop
      vertex -0.509688 104.825 0
      vertex 0 104.8 4.2
      vertex -0.509688 104.825 4.2
    endloop
  endfacet
  facet normal -0.0489907 -0.998799 -0
    outer loop
      vertex 0 104.8 4.2
      vertex -0.509688 104.825 0
      vertex 0 104.8 0
    endloop
  endfacet
  facet normal -0.740863 0.671657 0
    outer loop
      vertex -4.01965 113.299 0
      vertex -3.67696 113.677 4.2
      vertex -3.67696 113.677 0
    endloop
  endfacet
  facet normal -0.740863 0.671657 0
    outer loop
      vertex -3.67696 113.677 4.2
      vertex -4.01965 113.299 0
      vertex -4.01965 113.299 4.2
    endloop
  endfacet
  facet normal -0.970032 -0.242978 0
    outer loop
      vertex -4.97609 108.491 0
      vertex -5.10008 108.986 4.2
      vertex -5.10008 108.986 0
    endloop
  endfacet
  facet normal -0.970032 -0.242978 0
    outer loop
      vertex -5.10008 108.986 4.2
      vertex -4.97609 108.491 0
      vertex -4.97609 108.491 4.2
    endloop
  endfacet
  facet normal -0.427261 0.904128 0
    outer loop
      vertex -1.98995 114.804 0
      vertex -2.45126 114.586 4.2
      vertex -1.98995 114.804 4.2
    endloop
  endfacet
  facet normal -0.427261 0.904128 0
    outer loop
      vertex -2.45126 114.586 4.2
      vertex -1.98995 114.804 0
      vertex -2.45126 114.586 0
    endloop
  endfacet
  facet normal -0.595715 -0.803196 0
    outer loop
      vertex -3.29884 105.98 0
      vertex -2.88896 105.676 4.2
      vertex -3.29884 105.98 4.2
    endloop
  endfacet
  facet normal -0.595715 -0.803196 -0
    outer loop
      vertex -2.88896 105.676 4.2
      vertex -3.29884 105.98 0
      vertex -2.88896 105.676 0
    endloop
  endfacet
  facet normal -0.0489907 0.998799 0
    outer loop
      vertex 0 115.2 0
      vertex -0.509688 115.175 4.2
      vertex 0 115.2 4.2
    endloop
  endfacet
  facet normal -0.0489907 0.998799 0
    outer loop
      vertex -0.509688 115.175 4.2
      vertex 0 115.2 0
      vertex -0.509688 115.175 0
    endloop
  endfacet
  facet normal -0.803289 0.59559 0
    outer loop
      vertex -4.32364 112.889 0
      vertex -4.01965 113.299 4.2
      vertex -4.01965 113.299 0
    endloop
  endfacet
  facet normal -0.803289 0.59559 0
    outer loop
      vertex -4.01965 113.299 4.2
      vertex -4.32364 112.889 0
      vertex -4.32364 112.889 4.2
    endloop
  endfacet
  facet normal -0.989143 -0.146958 0
    outer loop
      vertex -5.10008 108.986 0
      vertex -5.17496 109.49 4.2
      vertex -5.17496 109.49 0
    endloop
  endfacet
  facet normal -0.989143 -0.146958 0
    outer loop
      vertex -5.17496 109.49 4.2
      vertex -5.10008 108.986 0
      vertex -5.10008 108.986 4.2
    endloop
  endfacet
  facet normal 0 1 -0
    outer loop
      vertex 0.0097964 115.2 0
      vertex 0 115.2 4.2
      vertex 0.0097964 115.2 4.2
    endloop
  endfacet
  facet normal 0 1 0
    outer loop
      vertex 0 115.2 4.2
      vertex 0.0097964 115.2 0
      vertex 0 115.2 0
    endloop
  endfacet
  facet normal -0.941659 -0.33657 0
    outer loop
      vertex -4.80417 108.01 0
      vertex -4.97609 108.491 4.2
      vertex -4.97609 108.491 0
    endloop
  endfacet
  facet normal -0.941659 -0.33657 0
    outer loop
      vertex -4.97609 108.491 4.2
      vertex -4.80417 108.01 0
      vertex -4.80417 108.01 4.2
    endloop
  endfacet
  facet normal -0.337038 -0.941491 0
    outer loop
      vertex -1.98995 105.196 0
      vertex -1.50948 105.024 4.2
      vertex -1.98995 105.196 4.2
    endloop
  endfacet
  facet normal -0.337038 -0.941491 -0
    outer loop
      vertex -1.50948 105.024 4.2
      vertex -1.98995 105.196 0
      vertex -1.50948 105.024 0
    endloop
  endfacet
  facet normal -0.427261 -0.904128 0
    outer loop
      vertex -2.45126 105.414 0
      vertex -1.98995 105.196 4.2
      vertex -2.45126 105.414 4.2
    endloop
  endfacet
  facet normal -0.427261 -0.904128 -0
    outer loop
      vertex -1.98995 105.196 4.2
      vertex -2.45126 105.414 0
      vertex -1.98995 105.196 0
    endloop
  endfacet
  facet normal -0.671873 -0.740666 0
    outer loop
      vertex -3.67696 106.323 0
      vertex -3.29884 105.98 4.2
      vertex -3.67696 106.323 4.2
    endloop
  endfacet
  facet normal -0.671873 -0.740666 -0
    outer loop
      vertex -3.29884 105.98 4.2
      vertex -3.67696 106.323 0
      vertex -3.29884 105.98 0
    endloop
  endfacet
  facet normal -0.903881 0.427785 0
    outer loop
      vertex -4.80417 111.99 0
      vertex -4.58599 112.451 4.2
      vertex -4.58599 112.451 0
    endloop
  endfacet
  facet normal -0.903881 0.427785 0
    outer loop
      vertex -4.58599 112.451 4.2
      vertex -4.80417 111.99 0
      vertex -4.80417 111.99 4.2
    endloop
  endfacet
  facet normal -0.242992 0.970028 0
    outer loop
      vertex -1.01447 115.1 0
      vertex -1.50948 114.976 4.2
      vertex -1.01447 115.1 4.2
    endloop
  endfacet
  facet normal -0.242992 0.970028 0
    outer loop
      vertex -1.50948 114.976 4.2
      vertex -1.01447 115.1 0
      vertex -1.50948 114.976 0
    endloop
  endfacet
  facet normal -0.857882 0.513848 0
    outer loop
      vertex -4.58599 112.451 0
      vertex -4.32364 112.889 4.2
      vertex -4.32364 112.889 0
    endloop
  endfacet
  facet normal -0.857882 0.513848 0
    outer loop
      vertex -4.32364 112.889 4.2
      vertex -4.58599 112.451 0
      vertex -4.58599 112.451 4.2
    endloop
  endfacet
  facet normal -0.146966 0.989142 0
    outer loop
      vertex -0.509688 115.175 0
      vertex -1.01447 115.1 4.2
      vertex -0.509688 115.175 4.2
    endloop
  endfacet
  facet normal -0.146966 0.989142 0
    outer loop
      vertex -1.01447 115.1 4.2
      vertex -0.509688 115.175 0
      vertex -1.01447 115.1 0
    endloop
  endfacet
  facet normal -0.337038 0.941491 0
    outer loop
      vertex -1.50948 114.976 0
      vertex -1.98995 114.804 4.2
      vertex -1.50948 114.976 4.2
    endloop
  endfacet
  facet normal -0.337038 0.941491 0
    outer loop
      vertex -1.98995 114.804 4.2
      vertex -1.50948 114.976 0
      vertex -1.98995 114.804 0
    endloop
  endfacet
  facet normal -0.970032 0.242978 0
    outer loop
      vertex -5.10008 111.014 0
      vertex -4.97609 111.509 4.2
      vertex -4.97609 111.509 0
    endloop
  endfacet
  facet normal -0.970032 0.242978 0
    outer loop
      vertex -4.97609 111.509 4.2
      vertex -5.10008 111.014 0
      vertex -5.10008 111.014 4.2
    endloop
  endfacet
  facet normal -0.998797 -0.049039 0
    outer loop
      vertex -5.17496 109.49 0
      vertex -5.2 110 4.2
      vertex -5.2 110 0
    endloop
  endfacet
  facet normal -0.998797 -0.049039 0
    outer loop
      vertex -5.2 110 4.2
      vertex -5.17496 109.49 0
      vertex -5.17496 109.49 4.2
    endloop
  endfacet
  facet normal -0.989143 0.146958 0
    outer loop
      vertex -5.17496 110.51 0
      vertex -5.10008 111.014 4.2
      vertex -5.10008 111.014 0
    endloop
  endfacet
  facet normal -0.989143 0.146958 0
    outer loop
      vertex -5.10008 111.014 4.2
      vertex -5.17496 110.51 0
      vertex -5.17496 110.51 4.2
    endloop
  endfacet
  facet normal -0.903881 -0.427785 0
    outer loop
      vertex -4.58599 107.549 0
      vertex -4.80417 108.01 4.2
      vertex -4.80417 108.01 0
    endloop
  endfacet
  facet normal -0.903881 -0.427785 0
    outer loop
      vertex -4.80417 108.01 4.2
      vertex -4.58599 107.549 0
      vertex -4.58599 107.549 4.2
    endloop
  endfacet
  facet normal -0.513602 -0.858029 0
    outer loop
      vertex -2.88896 105.676 0
      vertex -2.45126 105.414 4.2
      vertex -2.88896 105.676 4.2
    endloop
  endfacet
  facet normal -0.513602 -0.858029 -0
    outer loop
      vertex -2.45126 105.414 4.2
      vertex -2.88896 105.676 0
      vertex -2.45126 105.414 0
    endloop
  endfacet
  facet normal -0.941659 0.33657 0
    outer loop
      vertex -4.97609 111.509 0
      vertex -4.80417 111.99 4.2
      vertex -4.80417 111.99 0
    endloop
  endfacet
  facet normal -0.941659 0.33657 0
    outer loop
      vertex -4.80417 111.99 4.2
      vertex -4.97609 111.509 0
      vertex -4.97609 111.509 4.2
    endloop
  endfacet
  facet normal -0.998797 0.049039 0
    outer loop
      vertex -5.2 110 0
      vertex -5.17496 110.51 4.2
      vertex -5.17496 110.51 0
    endloop
  endfacet
  facet normal -0.998797 0.049039 0
    outer loop
      vertex -5.17496 110.51 4.2
      vertex -5.2 110 0
      vertex -5.2 110 4.2
    endloop
  endfacet
  facet normal 0.989142 0.146961 0
    outer loop
      vertex 125.175 10.5097 4.2
      vertex 125.1 11.0145 0
      vertex 125.1 11.0145 4.2
    endloop
  endfacet
  facet normal 0.989142 0.146961 0
    outer loop
      vertex 125.1 11.0145 0
      vertex 125.175 10.5097 4.2
      vertex 125.175 10.5097 0
    endloop
  endfacet
  facet normal 0.998799 0.0489896 0
    outer loop
      vertex 125.2 10 4.2
      vertex 125.175 10.5097 0
      vertex 125.175 10.5097 4.2
    endloop
  endfacet
  facet normal 0.998799 0.0489896 0
    outer loop
      vertex 125.175 10.5097 0
      vertex 125.2 10 4.2
      vertex 125.2 10 0
    endloop
  endfacet
  facet normal 0.970027 0.242997 0
    outer loop
      vertex 125.1 11.0145 4.2
      vertex 124.976 11.5095 0
      vertex 124.976 11.5095 4.2
    endloop
  endfacet
  facet normal 0.970027 0.242997 0
    outer loop
      vertex 124.976 11.5095 0
      vertex 125.1 11.0145 4.2
      vertex 125.1 11.0145 0
    endloop
  endfacet
  facet normal 0.998799 -0.0489905 0
    outer loop
      vertex 125.175 9.49031 4.2
      vertex 125.2 10 0
      vertex 125.2 10 4.2
    endloop
  endfacet
  facet normal 0.998799 -0.0489905 0
    outer loop
      vertex 125.2 10 0
      vertex 125.175 9.49031 4.2
      vertex 125.175 9.49031 0
    endloop
  endfacet
  facet normal 0.427785 -0.903881 0
    outer loop
      vertex 121.99 5.19583 0
      vertex 122.451 5.41401 4.2
      vertex 121.99 5.19583 4.2
    endloop
  endfacet
  facet normal 0.427785 -0.903881 0
    outer loop
      vertex 122.451 5.41401 4.2
      vertex 121.99 5.19583 0
      vertex 122.451 5.41401 0
    endloop
  endfacet
  facet normal 0.146997 0.989137 -0
    outer loop
      vertex 121.014 15.1001 0
      vertex 120.51 15.175 4.2
      vertex 121.014 15.1001 4.2
    endloop
  endfacet
  facet normal 0.146997 0.989137 0
    outer loop
      vertex 120.51 15.175 4.2
      vertex 121.014 15.1001 0
      vertex 120.51 15.175 0
    endloop
  endfacet
  facet normal 0.941491 -0.337038 0
    outer loop
      vertex 124.804 8.01005 4.2
      vertex 124.976 8.49052 0
      vertex 124.976 8.49052 4.2
    endloop
  endfacet
  facet normal 0.941491 -0.337038 0
    outer loop
      vertex 124.976 8.49052 0
      vertex 124.804 8.01005 4.2
      vertex 124.804 8.01005 0
    endloop
  endfacet
  facet normal 0.904128 -0.427261 0
    outer loop
      vertex 124.586 7.54874 4.2
      vertex 124.804 8.01005 0
      vertex 124.804 8.01005 4.2
    endloop
  endfacet
  facet normal 0.904128 -0.427261 0
    outer loop
      vertex 124.804 8.01005 0
      vertex 124.586 7.54874 4.2
      vertex 124.586 7.54874 0
    endloop
  endfacet
  facet normal 0.740658 -0.671883 0
    outer loop
      vertex 123.677 6.32304 4.2
      vertex 124.02 6.70115 0
      vertex 124.02 6.70115 4.2
    endloop
  endfacet
  facet normal 0.740658 -0.671883 0
    outer loop
      vertex 124.02 6.70115 0
      vertex 123.677 6.32304 4.2
      vertex 123.677 6.32304 0
    endloop
  endfacet
  facet normal -0.0479448 -0.99885 0
    outer loop
      vertex 119.99 4.80048 0
      vertex 120 4.8 4.2
      vertex 119.99 4.80048 4.2
    endloop
  endfacet
  facet normal -0.0479448 -0.99885 -0
    outer loop
      vertex 120 4.8 4.2
      vertex 119.99 4.80048 0
      vertex 120 4.8 0
    endloop
  endfacet
  facet normal 0.989142 -0.146966 0
    outer loop
      vertex 125.1 8.98553 4.2
      vertex 125.175 9.49031 0
      vertex 125.175 9.49031 4.2
    endloop
  endfacet
  facet normal 0.989142 -0.146966 0
    outer loop
      vertex 125.175 9.49031 0
      vertex 125.1 8.98553 4.2
      vertex 125.1 8.98553 0
    endloop
  endfacet
  facet normal 0.33657 -0.941659 0
    outer loop
      vertex 121.509 5.02391 0
      vertex 121.99 5.19583 4.2
      vertex 121.509 5.02391 4.2
    endloop
  endfacet
  facet normal 0.33657 -0.941659 0
    outer loop
      vertex 121.99 5.19583 4.2
      vertex 121.509 5.02391 0
      vertex 121.99 5.19583 0
    endloop
  endfacet
  facet normal 0.595476 0.803373 -0
    outer loop
      vertex 123.299 14.0197 0
      vertex 122.889 14.3236 4.2
      vertex 123.299 14.0197 4.2
    endloop
  endfacet
  facet normal 0.595476 0.803373 0
    outer loop
      vertex 122.889 14.3236 4.2
      vertex 123.299 14.0197 0
      vertex 122.889 14.3236 0
    endloop
  endfacet
  facet normal 0.242978 -0.970032 0
    outer loop
      vertex 121.014 4.89992 0
      vertex 121.509 5.02391 4.2
      vertex 121.014 4.89992 4.2
    endloop
  endfacet
  facet normal 0.242978 -0.970032 0
    outer loop
      vertex 121.509 5.02391 4.2
      vertex 121.014 4.89992 0
      vertex 121.509 5.02391 0
    endloop
  endfacet
  facet normal 0.671667 -0.740853 0
    outer loop
      vertex 123.299 5.98034 0
      vertex 123.677 6.32304 4.2
      vertex 123.299 5.98034 4.2
    endloop
  endfacet
  facet normal 0.671667 -0.740853 0
    outer loop
      vertex 123.677 6.32304 4.2
      vertex 123.299 5.98034 0
      vertex 123.677 6.32304 0
    endloop
  endfacet
  facet normal 0.80314 0.59579 0
    outer loop
      vertex 124.324 12.889 4.2
      vertex 124.02 13.2988 0
      vertex 124.02 13.2988 4.2
    endloop
  endfacet
  facet normal 0.80314 0.59579 0
    outer loop
      vertex 124.02 13.2988 0
      vertex 124.324 12.889 4.2
      vertex 124.324 12.889 0
    endloop
  endfacet
  facet normal 0.146958 -0.989143 0
    outer loop
      vertex 120.51 4.82504 0
      vertex 121.014 4.89992 4.2
      vertex 120.51 4.82504 4.2
    endloop
  endfacet
  facet normal 0.146958 -0.989143 0
    outer loop
      vertex 121.014 4.89992 4.2
      vertex 120.51 4.82504 0
      vertex 121.014 4.89992 0
    endloop
  endfacet
  facet normal 0.427817 0.903866 -0
    outer loop
      vertex 122.451 14.586 0
      vertex 121.99 14.8042 4.2
      vertex 122.451 14.586 4.2
    endloop
  endfacet
  facet normal 0.427817 0.903866 0
    outer loop
      vertex 121.99 14.8042 4.2
      vertex 122.451 14.586 0
      vertex 121.99 14.8042 0
    endloop
  endfacet
  facet normal 0.803196 -0.595715 0
    outer loop
      vertex 124.02 6.70115 4.2
      vertex 124.324 7.11103 0
      vertex 124.324 7.11103 4.2
    endloop
  endfacet
  facet normal 0.803196 -0.595715 0
    outer loop
      vertex 124.324 7.11103 0
      vertex 124.02 6.70115 4.2
      vertex 124.02 6.70115 0
    endloop
  endfacet
  facet normal 0.336535 0.941671 -0
    outer loop
      vertex 121.99 14.8042 0
      vertex 121.509 14.9761 4.2
      vertex 121.99 14.8042 4.2
    endloop
  endfacet
  facet normal 0.336535 0.941671 0
    outer loop
      vertex 121.509 14.9761 4.2
      vertex 121.99 14.8042 0
      vertex 121.509 14.9761 0
    endloop
  endfacet
  facet normal 0.0489608 0.998801 -0
    outer loop
      vertex 120.51 15.175 0
      vertex 120 15.2 4.2
      vertex 120.51 15.175 4.2
    endloop
  endfacet
  facet normal 0.0489608 0.998801 0
    outer loop
      vertex 120 15.2 4.2
      vertex 120.51 15.175 0
      vertex 120 15.2 0
    endloop
  endfacet
  facet normal 0.595577 -0.803298 0
    outer loop
      vertex 122.889 5.67636 0
      vertex 123.299 5.98034 4.2
      vertex 122.889 5.67636 4.2
    endloop
  endfacet
  facet normal 0.595577 -0.803298 0
    outer loop
      vertex 123.299 5.98034 4.2
      vertex 122.889 5.67636 0
      vertex 123.299 5.98034 0
    endloop
  endfacet
  facet normal 0.858034 -0.513593 0
    outer loop
      vertex 124.324 7.11103 4.2
      vertex 124.586 7.54874 0
      vertex 124.586 7.54874 4.2
    endloop
  endfacet
  facet normal 0.858034 -0.513593 0
    outer loop
      vertex 124.586 7.54874 0
      vertex 124.324 7.11103 4.2
      vertex 124.324 7.11103 0
    endloop
  endfacet
  facet normal 0.941498 0.337019 0
    outer loop
      vertex 124.976 11.5095 4.2
      vertex 124.804 11.99 0
      vertex 124.804 11.99 4.2
    endloop
  endfacet
  facet normal 0.941498 0.337019 0
    outer loop
      vertex 124.804 11.99 0
      vertex 124.976 11.5095 4.2
      vertex 124.976 11.5095 0
    endloop
  endfacet
  facet normal 0.51392 0.857838 -0
    outer loop
      vertex 122.889 14.3236 0
      vertex 122.451 14.586 4.2
      vertex 122.889 14.3236 4.2
    endloop
  endfacet
  facet normal 0.51392 0.857838 0
    outer loop
      vertex 122.451 14.586 4.2
      vertex 122.889 14.3236 0
      vertex 122.451 14.586 0
    endloop
  endfacet
  facet normal 0.970028 -0.242992 0
    outer loop
      vertex 124.976 8.49052 4.2
      vertex 125.1 8.98553 0
      vertex 125.1 8.98553 4.2
    endloop
  endfacet
  facet normal 0.970028 -0.242992 0
    outer loop
      vertex 125.1 8.98553 0
      vertex 124.976 8.49052 4.2
      vertex 124.976 8.49052 0
    endloop
  endfacet
  facet normal 0.904125 0.427269 0
    outer loop
      vertex 124.804 11.99 4.2
      vertex 124.586 12.4513 0
      vertex 124.586 12.4513 4.2
    endloop
  endfacet
  facet normal 0.904125 0.427269 0
    outer loop
      vertex 124.586 12.4513 0
      vertex 124.804 11.99 4.2
      vertex 124.804 11.99 0
    endloop
  endfacet
  facet normal 0.858029 0.513602 0
    outer loop
      vertex 124.586 12.4513 4.2
      vertex 124.324 12.889 0
      vertex 124.324 12.889 4.2
    endloop
  endfacet
  facet normal 0.858029 0.513602 0
    outer loop
      vertex 124.324 12.889 0
      vertex 124.586 12.4513 4.2
      vertex 124.586 12.4513 0
    endloop
  endfacet
  facet normal 0.242997 0.970027 -0
    outer loop
      vertex 121.509 14.9761 0
      vertex 121.014 15.1001 4.2
      vertex 121.509 14.9761 4.2
    endloop
  endfacet
  facet normal 0.242997 0.970027 0
    outer loop
      vertex 121.014 15.1001 4.2
      vertex 121.509 14.9761 0
      vertex 121.014 15.1001 0
    endloop
  endfacet
  facet normal 0.513848 -0.857882 0
    outer loop
      vertex 122.451 5.41401 0
      vertex 122.889 5.67636 4.2
      vertex 122.451 5.41401 4.2
    endloop
  endfacet
  facet normal 0.513848 -0.857882 0
    outer loop
      vertex 122.889 5.67636 4.2
      vertex 122.451 5.41401 0
      vertex 122.889 5.67636 0
    endloop
  endfacet
  facet normal 0.049039 -0.998797 0
    outer loop
      vertex 120 4.8 0
      vertex 120.51 4.82504 4.2
      vertex 120 4.8 4.2
    endloop
  endfacet
  facet normal 0.049039 -0.998797 0
    outer loop
      vertex 120.51 4.82504 4.2
      vertex 120 4.8 0
      vertex 120.51 4.82504 0
    endloop
  endfacet
  facet normal 0.671667 0.740853 -0
    outer loop
      vertex 123.677 13.677 0
      vertex 123.299 14.0197 4.2
      vertex 123.677 13.677 4.2
    endloop
  endfacet
  facet normal 0.671667 0.740853 0
    outer loop
      vertex 123.299 14.0197 4.2
      vertex 123.677 13.677 0
      vertex 123.299 14.0197 0
    endloop
  endfacet
  facet normal 0.740737 0.671795 0
    outer loop
      vertex 124.02 13.2988 4.2
      vertex 123.677 13.677 0
      vertex 123.677 13.677 4.2
    endloop
  endfacet
  facet normal 0.740737 0.671795 0
    outer loop
      vertex 123.677 13.677 0
      vertex 124.02 13.2988 4.2
      vertex 124.02 13.2988 0
    endloop
  endfacet
  facet normal 0.989108 0.147189 0
    outer loop
      vertex 125.175 110.51 4.2
      vertex 125.1 111.014 0
      vertex 125.1 111.014 4.2
    endloop
  endfacet
  facet normal 0.989108 0.147189 0
    outer loop
      vertex 125.1 111.014 0
      vertex 125.175 110.51 4.2
      vertex 125.175 110.51 0
    endloop
  endfacet
  facet normal 0.998801 0.0489608 0
    outer loop
      vertex 125.2 110 4.2
      vertex 125.175 110.51 0
      vertex 125.175 110.51 4.2
    endloop
  endfacet
  facet normal 0.998801 0.0489608 0
    outer loop
      vertex 125.175 110.51 0
      vertex 125.2 110 4.2
      vertex 125.2 110 0
    endloop
  endfacet
  facet normal 0.970027 0.242997 0
    outer loop
      vertex 125.1 111.014 4.2
      vertex 124.976 111.509 0
      vertex 124.976 111.509 4.2
    endloop
  endfacet
  facet normal 0.970027 0.242997 0
    outer loop
      vertex 124.976 111.509 0
      vertex 125.1 111.014 4.2
      vertex 125.1 111.014 0
    endloop
  endfacet
  facet normal 0.998801 -0.0489608 0
    outer loop
      vertex 125.175 109.49 4.2
      vertex 125.2 110 0
      vertex 125.2 110 4.2
    endloop
  endfacet
  facet normal 0.998801 -0.0489608 0
    outer loop
      vertex 125.2 110 0
      vertex 125.175 109.49 4.2
      vertex 125.175 109.49 0
    endloop
  endfacet
  facet normal 0.427496 -0.904017 0
    outer loop
      vertex 121.99 105.196 0
      vertex 122.451 105.414 4.2
      vertex 121.99 105.196 4.2
    endloop
  endfacet
  facet normal 0.427496 -0.904017 0
    outer loop
      vertex 122.451 105.414 4.2
      vertex 121.99 105.196 0
      vertex 122.451 105.414 0
    endloop
  endfacet
  facet normal 0.147189 0.989108 -0
    outer loop
      vertex 121.014 115.1 0
      vertex 120.51 115.175 4.2
      vertex 121.014 115.1 4.2
    endloop
  endfacet
  facet normal 0.147189 0.989108 0
    outer loop
      vertex 120.51 115.175 4.2
      vertex 121.014 115.1 0
      vertex 120.51 115.175 0
    endloop
  endfacet
  facet normal 0.941609 -0.336708 0
    outer loop
      vertex 124.804 108.01 4.2
      vertex 124.976 108.491 0
      vertex 124.976 108.491 4.2
    endloop
  endfacet
  facet normal 0.941609 -0.336708 0
    outer loop
      vertex 124.976 108.491 0
      vertex 124.804 108.01 4.2
      vertex 124.804 108.01 0
    endloop
  endfacet
  facet normal 0.904017 -0.427496 0
    outer loop
      vertex 124.586 107.549 4.2
      vertex 124.804 108.01 0
      vertex 124.804 108.01 4.2
    endloop
  endfacet
  facet normal 0.904017 -0.427496 0
    outer loop
      vertex 124.804 108.01 0
      vertex 124.586 107.549 4.2
      vertex 124.586 107.549 0
    endloop
  endfacet
  facet normal 0.74056 -0.67199 0
    outer loop
      vertex 123.677 106.323 4.2
      vertex 124.02 106.701 0
      vertex 124.02 106.701 4.2
    endloop
  endfacet
  facet normal 0.74056 -0.67199 0
    outer loop
      vertex 124.02 106.701 0
      vertex 123.677 106.323 4.2
      vertex 123.677 106.323 0
    endloop
  endfacet
  facet normal 0.989108 -0.147189 0
    outer loop
      vertex 125.1 108.986 4.2
      vertex 125.175 109.49 0
      vertex 125.175 109.49 4.2
    endloop
  endfacet
  facet normal 0.989108 -0.147189 0
    outer loop
      vertex 125.175 109.49 0
      vertex 125.1 108.986 4.2
      vertex 125.1 108.986 0
    endloop
  endfacet
  facet normal 0.336708 -0.941609 0
    outer loop
      vertex 121.509 105.024 0
      vertex 121.99 105.196 4.2
      vertex 121.509 105.024 4.2
    endloop
  endfacet
  facet normal 0.336708 -0.941609 0
    outer loop
      vertex 121.99 105.196 4.2
      vertex 121.509 105.024 0
      vertex 121.99 105.196 0
    endloop
  endfacet
  facet normal 0.595602 0.803279 -0
    outer loop
      vertex 123.299 114.02 0
      vertex 122.889 114.324 4.2
      vertex 123.299 114.02 4.2
    endloop
  endfacet
  facet normal 0.595602 0.803279 0
    outer loop
      vertex 122.889 114.324 4.2
      vertex 123.299 114.02 0
      vertex 122.889 114.324 0
    endloop
  endfacet
  facet normal 0.242997 -0.970027 0
    outer loop
      vertex 121.014 104.9 0
      vertex 121.509 105.024 4.2
      vertex 121.014 104.9 4.2
    endloop
  endfacet
  facet normal 0.242997 -0.970027 0
    outer loop
      vertex 121.509 105.024 4.2
      vertex 121.014 104.9 0
      vertex 121.509 105.024 0
    endloop
  endfacet
  facet normal 0.67199 -0.74056 0
    outer loop
      vertex 123.299 105.98 0
      vertex 123.677 106.323 4.2
      vertex 123.299 105.98 4.2
    endloop
  endfacet
  facet normal 0.67199 -0.74056 0
    outer loop
      vertex 123.677 106.323 4.2
      vertex 123.299 105.98 0
      vertex 123.677 106.323 0
    endloop
  endfacet
  facet normal 0.803279 0.595602 0
    outer loop
      vertex 124.324 112.889 4.2
      vertex 124.02 113.299 0
      vertex 124.02 113.299 4.2
    endloop
  endfacet
  facet normal 0.803279 0.595602 0
    outer loop
      vertex 124.02 113.299 0
      vertex 124.324 112.889 4.2
      vertex 124.324 112.889 0
    endloop
  endfacet
  facet normal 0.147189 -0.989108 0
    outer loop
      vertex 120.51 104.825 0
      vertex 121.014 104.9 4.2
      vertex 120.51 104.825 4.2
    endloop
  endfacet
  facet normal 0.147189 -0.989108 0
    outer loop
      vertex 121.014 104.9 4.2
      vertex 120.51 104.825 0
      vertex 121.014 104.9 0
    endloop
  endfacet
  facet normal 0.427496 0.904017 -0
    outer loop
      vertex 122.451 114.586 0
      vertex 121.99 114.804 4.2
      vertex 122.451 114.586 4.2
    endloop
  endfacet
  facet normal 0.427496 0.904017 0
    outer loop
      vertex 121.99 114.804 4.2
      vertex 122.451 114.586 0
      vertex 121.99 114.804 0
    endloop
  endfacet
  facet normal 0 1 -0
    outer loop
      vertex 120 115.2 0
      vertex 119.99 115.2 4.2
      vertex 120 115.2 4.2
    endloop
  endfacet
  facet normal 0 1 0
    outer loop
      vertex 119.99 115.2 4.2
      vertex 120 115.2 0
      vertex 119.99 115.2 0
    endloop
  endfacet
  facet normal 0.803279 -0.595602 0
    outer loop
      vertex 124.02 106.701 4.2
      vertex 124.324 107.111 0
      vertex 124.324 107.111 4.2
    endloop
  endfacet
  facet normal 0.803279 -0.595602 0
    outer loop
      vertex 124.324 107.111 0
      vertex 124.02 106.701 4.2
      vertex 124.02 106.701 0
    endloop
  endfacet
  facet normal 0.336708 0.941609 -0
    outer loop
      vertex 121.99 114.804 0
      vertex 121.509 114.976 4.2
      vertex 121.99 114.804 4.2
    endloop
  endfacet
  facet normal 0.336708 0.941609 0
    outer loop
      vertex 121.509 114.976 4.2
      vertex 121.99 114.804 0
      vertex 121.509 114.976 0
    endloop
  endfacet
  facet normal 0.0489608 0.998801 -0
    outer loop
      vertex 120.51 115.175 0
      vertex 120 115.2 4.2
      vertex 120.51 115.175 4.2
    endloop
  endfacet
  facet normal 0.0489608 0.998801 0
    outer loop
      vertex 120 115.2 4.2
      vertex 120.51 115.175 0
      vertex 120 115.2 0
    endloop
  endfacet
  facet normal 0.595602 -0.803279 0
    outer loop
      vertex 122.889 105.676 0
      vertex 123.299 105.98 4.2
      vertex 122.889 105.676 4.2
    endloop
  endfacet
  facet normal 0.595602 -0.803279 0
    outer loop
      vertex 123.299 105.98 4.2
      vertex 122.889 105.676 0
      vertex 123.299 105.98 0
    endloop
  endfacet
  facet normal 0.858184 -0.513343 0
    outer loop
      vertex 124.324 107.111 4.2
      vertex 124.586 107.549 0
      vertex 124.586 107.549 4.2
    endloop
  endfacet
  facet normal 0.858184 -0.513343 0
    outer loop
      vertex 124.586 107.549 0
      vertex 124.324 107.111 4.2
      vertex 124.324 107.111 0
    endloop
  endfacet
  facet normal 0.941609 0.336708 0
    outer loop
      vertex 124.976 111.509 4.2
      vertex 124.804 111.99 0
      vertex 124.804 111.99 4.2
    endloop
  endfacet
  facet normal 0.941609 0.336708 0
    outer loop
      vertex 124.804 111.99 0
      vertex 124.976 111.509 4.2
      vertex 124.976 111.509 0
    endloop
  endfacet
  facet normal 0.513343 0.858184 -0
    outer loop
      vertex 122.889 114.324 0
      vertex 122.451 114.586 4.2
      vertex 122.889 114.324 4.2
    endloop
  endfacet
  facet normal 0.513343 0.858184 0
    outer loop
      vertex 122.451 114.586 4.2
      vertex 122.889 114.324 0
      vertex 122.451 114.586 0
    endloop
  endfacet
  facet normal 0.970027 -0.242997 0
    outer loop
      vertex 124.976 108.491 4.2
      vertex 125.1 108.986 0
      vertex 125.1 108.986 4.2
    endloop
  endfacet
  facet normal 0.970027 -0.242997 0
    outer loop
      vertex 125.1 108.986 0
      vertex 124.976 108.491 4.2
      vertex 124.976 108.491 0
    endloop
  endfacet
  facet normal 0.904017 0.427496 0
    outer loop
      vertex 124.804 111.99 4.2
      vertex 124.586 112.451 0
      vertex 124.586 112.451 4.2
    endloop
  endfacet
  facet normal 0.904017 0.427496 0
    outer loop
      vertex 124.586 112.451 0
      vertex 124.804 111.99 4.2
      vertex 124.804 111.99 0
    endloop
  endfacet
  facet normal 0.858184 0.513343 0
    outer loop
      vertex 124.586 112.451 4.2
      vertex 124.324 112.889 0
      vertex 124.324 112.889 4.2
    endloop
  endfacet
  facet normal 0.858184 0.513343 0
    outer loop
      vertex 124.324 112.889 0
      vertex 124.586 112.451 4.2
      vertex 124.586 112.451 0
    endloop
  endfacet
  facet normal 0.242997 0.970027 -0
    outer loop
      vertex 121.509 114.976 0
      vertex 121.014 115.1 4.2
      vertex 121.509 114.976 4.2
    endloop
  endfacet
  facet normal 0.242997 0.970027 0
    outer loop
      vertex 121.014 115.1 4.2
      vertex 121.509 114.976 0
      vertex 121.014 115.1 0
    endloop
  endfacet
  facet normal 0.513343 -0.858184 0
    outer loop
      vertex 122.451 105.414 0
      vertex 122.889 105.676 4.2
      vertex 122.451 105.414 4.2
    endloop
  endfacet
  facet normal 0.513343 -0.858184 0
    outer loop
      vertex 122.889 105.676 4.2
      vertex 122.451 105.414 0
      vertex 122.889 105.676 0
    endloop
  endfacet
  facet normal 0.0489608 -0.998801 0
    outer loop
      vertex 120 104.8 0
      vertex 120.51 104.825 4.2
      vertex 120 104.8 4.2
    endloop
  endfacet
  facet normal 0.0489608 -0.998801 0
    outer loop
      vertex 120.51 104.825 4.2
      vertex 120 104.8 0
      vertex 120.51 104.825 0
    endloop
  endfacet
  facet normal 0.67199 0.74056 -0
    outer loop
      vertex 123.677 113.677 0
      vertex 123.299 114.02 4.2
      vertex 123.677 113.677 4.2
    endloop
  endfacet
  facet normal 0.67199 0.74056 0
    outer loop
      vertex 123.299 114.02 4.2
      vertex 123.677 113.677 0
      vertex 123.299 114.02 0
    endloop
  endfacet
  facet normal 0.74056 0.67199 0
    outer loop
      vertex 124.02 113.299 4.2
      vertex 123.677 113.677 0
      vertex 123.677 113.677 4.2
    endloop
  endfacet
  facet normal 0.74056 0.67199 0
    outer loop
      vertex 123.677 113.677 0
      vertex 124.02 113.299 4.2
      vertex 124.02 113.299 0
    endloop
  endfacet
  facet normal -0.671549 -0.74096 0
    outer loop
      vertex 6.32304 -3.67696 0
      vertex 6.70115 -4.01965 4.2
      vertex 6.32304 -3.67696 4.2
    endloop
  endfacet
  facet normal -0.671549 -0.74096 -0
    outer loop
      vertex 6.70115 -4.01965 4.2
      vertex 6.32304 -3.67696 0
      vertex 6.70115 -4.01965 0
    endloop
  endfacet
  facet normal -0.514098 -0.857731 0
    outer loop
      vertex 7.11103 -4.32364 0
      vertex 7.54874 -4.58599 4.2
      vertex 7.11103 -4.32364 4.2
    endloop
  endfacet
  facet normal -0.514098 -0.857731 -0
    outer loop
      vertex 7.54874 -4.58599 4.2
      vertex 7.11103 -4.32364 0
      vertex 7.54874 -4.58599 0
    endloop
  endfacet
  facet normal -0.146736 -0.989176 0
    outer loop
      vertex 8.98553 -5.10008 0
      vertex 9.49031 -5.17496 4.2
      vertex 8.98553 -5.10008 4.2
    endloop
  endfacet
  facet normal -0.146736 -0.989176 -0
    outer loop
      vertex 9.49031 -5.17496 4.2
      vertex 8.98553 -5.10008 0
      vertex 9.49031 -5.17496 0
    endloop
  endfacet
  facet normal 0.0490678 -0.998795 0
    outer loop
      vertex 10 -5.2 0
      vertex 10.5097 -5.17496 4.2
      vertex 10 -5.2 4.2
    endloop
  endfacet
  facet normal 0.0490678 -0.998795 0
    outer loop
      vertex 10.5097 -5.17496 4.2
      vertex 10 -5.2 0
      vertex 10.5097 -5.17496 0
    endloop
  endfacet
  facet normal 0.98917 -0.146774 0
    outer loop
      vertex 15.1001 -1.01447 4.2
      vertex 15.175 -0.509688 0
      vertex 15.175 -0.509688 4.2
    endloop
  endfacet
  facet normal 0.98917 -0.146774 0
    outer loop
      vertex 15.175 -0.509688 0
      vertex 15.1001 -1.01447 4.2
      vertex 15.1001 -1.01447 0
    endloop
  endfacet
  facet normal -0.857726 -0.514107 0
    outer loop
      vertex 5.67636 -2.88896 0
      vertex 5.41401 -2.45126 4.2
      vertex 5.41401 -2.45126 0
    endloop
  endfacet
  facet normal -0.857726 -0.514107 0
    outer loop
      vertex 5.41401 -2.45126 4.2
      vertex 5.67636 -2.88896 0
      vertex 5.67636 -2.88896 4.2
    endloop
  endfacet
  facet normal 0.941553 -0.336864 0
    outer loop
      vertex 14.8042 -1.98995 4.2
      vertex 14.9761 -1.50948 0
      vertex 14.9761 -1.50948 4.2
    endloop
  endfacet
  facet normal 0.941553 -0.336864 0
    outer loop
      vertex 14.9761 -1.50948 0
      vertex 14.8042 -1.98995 4.2
      vertex 14.8042 -1.98995 0
    endloop
  endfacet
  facet normal -0.970033 -0.242974 0
    outer loop
      vertex 5.02391 -1.50948 0
      vertex 4.89992 -1.01447 4.2
      vertex 4.89992 -1.01447 0
    endloop
  endfacet
  facet normal -0.970033 -0.242974 0
    outer loop
      vertex 4.89992 -1.01447 4.2
      vertex 5.02391 -1.50948 0
      vertex 5.02391 -1.50948 4.2
    endloop
  endfacet
  facet normal -0.941541 -0.336899 0
    outer loop
      vertex 5.19583 -1.98995 0
      vertex 5.02391 -1.50948 4.2
      vertex 5.02391 -1.50948 0
    endloop
  endfacet
  facet normal -0.941541 -0.336899 0
    outer loop
      vertex 5.02391 -1.50948 4.2
      vertex 5.19583 -1.98995 0
      vertex 5.19583 -1.98995 4.2
    endloop
  endfacet
  facet normal 0.970028 -0.242992 0
    outer loop
      vertex 14.9761 -1.50948 4.2
      vertex 15.1001 -1.01447 0
      vertex 15.1001 -1.01447 4.2
    endloop
  endfacet
  facet normal 0.970028 -0.242992 0
    outer loop
      vertex 15.1001 -1.01447 0
      vertex 14.9761 -1.50948 4.2
      vertex 14.9761 -1.50948 0
    endloop
  endfacet
  facet normal -0.998795 -0.0490689 0
    outer loop
      vertex 4.82504 -0.509688 0
      vertex 4.8 0 4.2
      vertex 4.8 0 0
    endloop
  endfacet
  facet normal -0.998795 -0.0490689 0
    outer loop
      vertex 4.8 0 4.2
      vertex 4.82504 -0.509688 0
      vertex 4.82504 -0.509688 4.2
    endloop
  endfacet
  facet normal 0.427557 -0.903988 0
    outer loop
      vertex 11.99 -4.80417 0
      vertex 12.4513 -4.58599 4.2
      vertex 11.99 -4.80417 4.2
    endloop
  endfacet
  facet normal 0.427557 -0.903988 0
    outer loop
      vertex 12.4513 -4.58599 4.2
      vertex 11.99 -4.80417 0
      vertex 12.4513 -4.58599 0
    endloop
  endfacet
  facet normal -0.336899 -0.941541 0
    outer loop
      vertex 8.01005 -4.80417 0
      vertex 8.49052 -4.97609 4.2
      vertex 8.01005 -4.80417 4.2
    endloop
  endfacet
  facet normal -0.336899 -0.941541 -0
    outer loop
      vertex 8.49052 -4.97609 4.2
      vertex 8.01005 -4.80417 0
      vertex 8.49052 -4.97609 0
    endloop
  endfacet
  facet normal 0.514107 -0.857726 0
    outer loop
      vertex 12.4513 -4.58599 0
      vertex 12.889 -4.32364 4.2
      vertex 12.4513 -4.58599 4.2
    endloop
  endfacet
  facet normal 0.514107 -0.857726 0
    outer loop
      vertex 12.889 -4.32364 4.2
      vertex 12.4513 -4.58599 0
      vertex 12.889 -4.32364 0
    endloop
  endfacet
  facet normal 0.14673 -0.989177 0
    outer loop
      vertex 10.5097 -5.17496 0
      vertex 11.0145 -5.10008 4.2
      vertex 10.5097 -5.17496 4.2
    endloop
  endfacet
  facet normal 0.14673 -0.989177 0
    outer loop
      vertex 11.0145 -5.10008 4.2
      vertex 10.5097 -5.17496 0
      vertex 11.0145 -5.10008 0
    endloop
  endfacet
  facet normal 0.740959 -0.67155 0
    outer loop
      vertex 13.677 -3.67696 4.2
      vertex 14.0197 -3.29884 0
      vertex 14.0197 -3.29884 4.2
    endloop
  endfacet
  facet normal 0.740959 -0.67155 0
    outer loop
      vertex 14.0197 -3.29884 0
      vertex 13.677 -3.67696 4.2
      vertex 13.677 -3.67696 0
    endloop
  endfacet
  facet normal 0.80329 -0.595588 0
    outer loop
      vertex 14.0197 -3.29884 4.2
      vertex 14.3236 -2.88896 0
      vertex 14.3236 -2.88896 4.2
    endloop
  endfacet
  facet normal 0.80329 -0.595588 0
    outer loop
      vertex 14.3236 -2.88896 0
      vertex 14.0197 -3.29884 4.2
      vertex 14.0197 -3.29884 0
    endloop
  endfacet
  facet normal -0.242974 -0.970033 0
    outer loop
      vertex 8.49052 -4.97609 0
      vertex 8.98553 -5.10008 4.2
      vertex 8.49052 -4.97609 4.2
    endloop
  endfacet
  facet normal -0.242974 -0.970033 -0
    outer loop
      vertex 8.98553 -5.10008 4.2
      vertex 8.49052 -4.97609 0
      vertex 8.98553 -5.10008 0
    endloop
  endfacet
  facet normal -0.803215 -0.59569 0
    outer loop
      vertex 5.98034 -3.29884 0
      vertex 5.67636 -2.88896 4.2
      vertex 5.67636 -2.88896 0
    endloop
  endfacet
  facet normal -0.803215 -0.59569 0
    outer loop
      vertex 5.67636 -2.88896 4.2
      vertex 5.98034 -3.29884 0
      vertex 5.98034 -3.29884 4.2
    endloop
  endfacet
  facet normal -0.903992 -0.42755 0
    outer loop
      vertex 5.41401 -2.45126 0
      vertex 5.19583 -1.98995 4.2
      vertex 5.19583 -1.98995 0
    endloop
  endfacet
  facet normal -0.903992 -0.42755 0
    outer loop
      vertex 5.19583 -1.98995 4.2
      vertex 5.41401 -2.45126 0
      vertex 5.41401 -2.45126 4.2
    endloop
  endfacet
  facet normal -0.42755 -0.903992 0
    outer loop
      vertex 7.54874 -4.58599 0
      vertex 8.01005 -4.80417 4.2
      vertex 7.54874 -4.58599 4.2
    endloop
  endfacet
  facet normal -0.42755 -0.903992 -0
    outer loop
      vertex 8.01005 -4.80417 4.2
      vertex 7.54874 -4.58599 0
      vertex 8.01005 -4.80417 0
    endloop
  endfacet
  facet normal 0.595777 -0.80315 0
    outer loop
      vertex 12.889 -4.32364 0
      vertex 13.2988 -4.01965 4.2
      vertex 12.889 -4.32364 4.2
    endloop
  endfacet
  facet normal 0.595777 -0.80315 0
    outer loop
      vertex 13.2988 -4.01965 4.2
      vertex 12.889 -4.32364 0
      vertex 13.2988 -4.01965 0
    endloop
  endfacet
  facet normal 0.998799 -0.0489907 0
    outer loop
      vertex 15.175 -0.509688 4.2
      vertex 15.2 0 0
      vertex 15.2 0 4.2
    endloop
  endfacet
  facet normal 0.998799 -0.0489907 0
    outer loop
      vertex 15.2 0 0
      vertex 15.175 -0.509688 4.2
      vertex 15.175 -0.509688 0
    endloop
  endfacet
  facet normal -0.989176 -0.146736 0
    outer loop
      vertex 4.89992 -1.01447 0
      vertex 4.82504 -0.509688 4.2
      vertex 4.82504 -0.509688 0
    endloop
  endfacet
  facet normal -0.989176 -0.146736 0
    outer loop
      vertex 4.82504 -0.509688 4.2
      vertex 4.89992 -1.01447 0
      vertex 4.89992 -1.01447 4.2
    endloop
  endfacet
  facet normal 0.33688 -0.941548 0
    outer loop
      vertex 11.5095 -4.97609 0
      vertex 11.99 -4.80417 4.2
      vertex 11.5095 -4.97609 4.2
    endloop
  endfacet
  facet normal 0.33688 -0.941548 0
    outer loop
      vertex 11.99 -4.80417 4.2
      vertex 11.5095 -4.97609 0
      vertex 11.99 -4.80417 0
    endloop
  endfacet
  facet normal 0.242978 -0.970032 0
    outer loop
      vertex 11.0145 -5.10008 0
      vertex 11.5095 -4.97609 4.2
      vertex 11.0145 -5.10008 4.2
    endloop
  endfacet
  facet normal 0.242978 -0.970032 0
    outer loop
      vertex 11.5095 -4.97609 4.2
      vertex 11.0145 -5.10008 0
      vertex 11.5095 -4.97609 0
    endloop
  endfacet
  facet normal -0.740959 -0.67155 0
    outer loop
      vertex 6.32304 -3.67696 0
      vertex 5.98034 -3.29884 4.2
      vertex 5.98034 -3.29884 0
    endloop
  endfacet
  facet normal -0.740959 -0.67155 0
    outer loop
      vertex 5.98034 -3.29884 4.2
      vertex 6.32304 -3.67696 0
      vertex 6.32304 -3.67696 4.2
    endloop
  endfacet
  facet normal -0.595702 -0.803205 0
    outer loop
      vertex 6.70115 -4.01965 0
      vertex 7.11103 -4.32364 4.2
      vertex 6.70115 -4.01965 4.2
    endloop
  endfacet
  facet normal -0.595702 -0.803205 -0
    outer loop
      vertex 7.11103 -4.32364 4.2
      vertex 6.70115 -4.01965 0
      vertex 7.11103 -4.32364 0
    endloop
  endfacet
  facet normal 0.903977 -0.427582 0
    outer loop
      vertex 14.586 -2.45126 4.2
      vertex 14.8042 -1.98995 0
      vertex 14.8042 -1.98995 4.2
    endloop
  endfacet
  facet normal 0.903977 -0.427582 0
    outer loop
      vertex 14.8042 -1.98995 0
      vertex 14.586 -2.45126 4.2
      vertex 14.586 -2.45126 0
    endloop
  endfacet
  facet normal 0.857683 -0.514179 0
    outer loop
      vertex 14.3236 -2.88896 4.2
      vertex 14.586 -2.45126 0
      vertex 14.586 -2.45126 4.2
    endloop
  endfacet
  facet normal 0.857683 -0.514179 0
    outer loop
      vertex 14.586 -2.45126 0
      vertex 14.3236 -2.88896 4.2
      vertex 14.3236 -2.88896 0
    endloop
  endfacet
  facet normal -0.0490687 -0.998795 0
    outer loop
      vertex 9.49031 -5.17496 0
      vertex 10 -5.2 4.2
      vertex 9.49031 -5.17496 4.2
    endloop
  endfacet
  facet normal -0.0490687 -0.998795 -0
    outer loop
      vertex 10 -5.2 4.2
      vertex 9.49031 -5.17496 0
      vertex 10 -5.2 0
    endloop
  endfacet
  facet normal -0.998802 0.0489402 0
    outer loop
      vertex 4.8 0 0
      vertex 4.80048 0.00979614 4.2
      vertex 4.80048 0.00979614 0
    endloop
  endfacet
  facet normal -0.998802 0.0489402 0
    outer loop
      vertex 4.80048 0.00979614 4.2
      vertex 4.8 0 0
      vertex 4.8 0 4.2
    endloop
  endfacet
  facet normal 0.671462 -0.741039 0
    outer loop
      vertex 13.2988 -4.01965 0
      vertex 13.677 -3.67696 4.2
      vertex 13.2988 -4.01965 4.2
    endloop
  endfacet
  facet normal 0.671462 -0.741039 0
    outer loop
      vertex 13.677 -3.67696 4.2
      vertex 13.2988 -4.01965 0
      vertex 13.677 -3.67696 0
    endloop
  endfacet
  facet normal -0.671657 -0.740863 0
    outer loop
      vertex 106.323 -3.67696 0
      vertex 106.701 -4.01965 4.2
      vertex 106.323 -3.67696 4.2
    endloop
  endfacet
  facet normal -0.671657 -0.740863 -0
    outer loop
      vertex 106.701 -4.01965 4.2
      vertex 106.323 -3.67696 0
      vertex 106.701 -4.01965 0
    endloop
  endfacet
  facet normal 1 -0 0
    outer loop
      vertex 115.2 0 4.2
      vertex 115.2 0.0097964 0
      vertex 115.2 0.0097964 4.2
    endloop
  endfacet
  facet normal 1 0 0
    outer loop
      vertex 115.2 0.0097964 0
      vertex 115.2 0 4.2
      vertex 115.2 0 0
    endloop
  endfacet
  facet normal -0.513848 -0.857882 0
    outer loop
      vertex 107.111 -4.32364 0
      vertex 107.549 -4.58599 4.2
      vertex 107.111 -4.32364 4.2
    endloop
  endfacet
  facet normal -0.513848 -0.857882 -0
    outer loop
      vertex 107.549 -4.58599 4.2
      vertex 107.111 -4.32364 0
      vertex 107.549 -4.58599 0
    endloop
  endfacet
  facet normal -0.146958 -0.989143 0
    outer loop
      vertex 108.986 -5.10008 0
      vertex 109.49 -5.17496 4.2
      vertex 108.986 -5.10008 4.2
    endloop
  endfacet
  facet normal -0.146958 -0.989143 -0
    outer loop
      vertex 109.49 -5.17496 4.2
      vertex 108.986 -5.10008 0
      vertex 109.49 -5.17496 0
    endloop
  endfacet
  facet normal 0.049039 -0.998797 0
    outer loop
      vertex 110 -5.2 0
      vertex 110.51 -5.17496 4.2
      vertex 110 -5.2 4.2
    endloop
  endfacet
  facet normal 0.049039 -0.998797 0
    outer loop
      vertex 110.51 -5.17496 4.2
      vertex 110 -5.2 0
      vertex 110.51 -5.17496 0
    endloop
  endfacet
  facet normal 0.989142 -0.146966 0
    outer loop
      vertex 115.1 -1.01447 4.2
      vertex 115.175 -0.509688 0
      vertex 115.175 -0.509688 4.2
    endloop
  endfacet
  facet normal 0.989142 -0.146966 0
    outer loop
      vertex 115.175 -0.509688 0
      vertex 115.1 -1.01447 4.2
      vertex 115.1 -1.01447 0
    endloop
  endfacet
  facet normal -0.858029 -0.513602 0
    outer loop
      vertex 105.676 -2.88896 0
      vertex 105.414 -2.45126 4.2
      vertex 105.414 -2.45126 0
    endloop
  endfacet
  facet normal -0.858029 -0.513602 0
    outer loop
      vertex 105.414 -2.45126 4.2
      vertex 105.676 -2.88896 0
      vertex 105.676 -2.88896 4.2
    endloop
  endfacet
  facet normal 0.941491 -0.337038 0
    outer loop
      vertex 114.804 -1.98995 4.2
      vertex 114.976 -1.50948 0
      vertex 114.976 -1.50948 4.2
    endloop
  endfacet
  facet normal 0.941491 -0.337038 0
    outer loop
      vertex 114.976 -1.50948 0
      vertex 114.804 -1.98995 4.2
      vertex 114.804 -1.98995 0
    endloop
  endfacet
  facet normal -0.970028 -0.242992 0
    outer loop
      vertex 105.024 -1.50948 0
      vertex 104.9 -1.01447 4.2
      vertex 104.9 -1.01447 0
    endloop
  endfacet
  facet normal -0.970028 -0.242992 0
    outer loop
      vertex 104.9 -1.01447 4.2
      vertex 105.024 -1.50948 0
      vertex 105.024 -1.50948 4.2
    endloop
  endfacet
  facet normal -0.941491 -0.337038 0
    outer loop
      vertex 105.196 -1.98995 0
      vertex 105.024 -1.50948 4.2
      vertex 105.024 -1.50948 0
    endloop
  endfacet
  facet normal -0.941491 -0.337038 0
    outer loop
      vertex 105.024 -1.50948 4.2
      vertex 105.196 -1.98995 0
      vertex 105.196 -1.98995 4.2
    endloop
  endfacet
  facet normal 0.970028 -0.242992 0
    outer loop
      vertex 114.976 -1.50948 4.2
      vertex 115.1 -1.01447 0
      vertex 115.1 -1.01447 4.2
    endloop
  endfacet
  facet normal 0.970028 -0.242992 0
    outer loop
      vertex 115.1 -1.01447 0
      vertex 114.976 -1.50948 4.2
      vertex 114.976 -1.50948 0
    endloop
  endfacet
  facet normal -0.998799 -0.0489907 0
    outer loop
      vertex 104.825 -0.509688 0
      vertex 104.8 0 4.2
      vertex 104.8 0 0
    endloop
  endfacet
  facet normal -0.998799 -0.0489907 0
    outer loop
      vertex 104.8 0 4.2
      vertex 104.825 -0.509688 0
      vertex 104.825 -0.509688 4.2
    endloop
  endfacet
  facet normal 0.427785 -0.903881 0
    outer loop
      vertex 111.99 -4.80417 0
      vertex 112.451 -4.58599 4.2
      vertex 111.99 -4.80417 4.2
    endloop
  endfacet
  facet normal 0.427785 -0.903881 0
    outer loop
      vertex 112.451 -4.58599 4.2
      vertex 111.99 -4.80417 0
      vertex 112.451 -4.58599 0
    endloop
  endfacet
  facet normal 0.513848 -0.857882 0
    outer loop
      vertex 112.451 -4.58599 0
      vertex 112.889 -4.32364 4.2
      vertex 112.451 -4.58599 4.2
    endloop
  endfacet
  facet normal 0.513848 -0.857882 0
    outer loop
      vertex 112.889 -4.32364 4.2
      vertex 112.451 -4.58599 0
      vertex 112.889 -4.32364 0
    endloop
  endfacet
  facet normal 0.146958 -0.989143 0
    outer loop
      vertex 110.51 -5.17496 0
      vertex 111.014 -5.10008 4.2
      vertex 110.51 -5.17496 4.2
    endloop
  endfacet
  facet normal 0.146958 -0.989143 0
    outer loop
      vertex 111.014 -5.10008 4.2
      vertex 110.51 -5.17496 0
      vertex 111.014 -5.10008 0
    endloop
  endfacet
  facet normal 0.740666 -0.671873 0
    outer loop
      vertex 113.677 -3.67696 4.2
      vertex 114.02 -3.29884 0
      vertex 114.02 -3.29884 4.2
    endloop
  endfacet
  facet normal 0.740666 -0.671873 0
    outer loop
      vertex 114.02 -3.29884 0
      vertex 113.677 -3.67696 4.2
      vertex 113.677 -3.67696 0
    endloop
  endfacet
  facet normal 0.803196 -0.595715 0
    outer loop
      vertex 114.02 -3.29884 4.2
      vertex 114.324 -2.88896 0
      vertex 114.324 -2.88896 4.2
    endloop
  endfacet
  facet normal 0.803196 -0.595715 0
    outer loop
      vertex 114.324 -2.88896 0
      vertex 114.02 -3.29884 4.2
      vertex 114.02 -3.29884 0
    endloop
  endfacet
  facet normal -0.242978 -0.970032 0
    outer loop
      vertex 108.491 -4.97609 0
      vertex 108.986 -5.10008 4.2
      vertex 108.491 -4.97609 4.2
    endloop
  endfacet
  facet normal -0.242978 -0.970032 -0
    outer loop
      vertex 108.986 -5.10008 4.2
      vertex 108.491 -4.97609 0
      vertex 108.986 -5.10008 0
    endloop
  endfacet
  facet normal -0.803196 -0.595715 0
    outer loop
      vertex 105.98 -3.29884 0
      vertex 105.676 -2.88896 4.2
      vertex 105.676 -2.88896 0
    endloop
  endfacet
  facet normal -0.803196 -0.595715 0
    outer loop
      vertex 105.676 -2.88896 4.2
      vertex 105.98 -3.29884 0
      vertex 105.98 -3.29884 4.2
    endloop
  endfacet
  facet normal -0.904128 -0.427261 0
    outer loop
      vertex 105.414 -2.45126 0
      vertex 105.196 -1.98995 4.2
      vertex 105.196 -1.98995 0
    endloop
  endfacet
  facet normal -0.904128 -0.427261 0
    outer loop
      vertex 105.196 -1.98995 4.2
      vertex 105.414 -2.45126 0
      vertex 105.414 -2.45126 4.2
    endloop
  endfacet
  facet normal -0.427785 -0.903881 0
    outer loop
      vertex 107.549 -4.58599 0
      vertex 108.01 -4.80417 4.2
      vertex 107.549 -4.58599 4.2
    endloop
  endfacet
  facet normal -0.427785 -0.903881 -0
    outer loop
      vertex 108.01 -4.80417 4.2
      vertex 107.549 -4.58599 0
      vertex 108.01 -4.80417 0
    endloop
  endfacet
  facet normal 0.59559 -0.803289 0
    outer loop
      vertex 112.889 -4.32364 0
      vertex 113.299 -4.01965 4.2
      vertex 112.889 -4.32364 4.2
    endloop
  endfacet
  facet normal 0.59559 -0.803289 0
    outer loop
      vertex 113.299 -4.01965 4.2
      vertex 112.889 -4.32364 0
      vertex 113.299 -4.01965 0
    endloop
  endfacet
  facet normal 0.998799 -0.0489907 0
    outer loop
      vertex 115.175 -0.509688 4.2
      vertex 115.2 0 0
      vertex 115.2 0 4.2
    endloop
  endfacet
  facet normal 0.998799 -0.0489907 0
    outer loop
      vertex 115.2 0 0
      vertex 115.175 -0.509688 4.2
      vertex 115.175 -0.509688 0
    endloop
  endfacet
  facet normal -0.989142 -0.146966 0
    outer loop
      vertex 104.9 -1.01447 0
      vertex 104.825 -0.509688 4.2
      vertex 104.825 -0.509688 0
    endloop
  endfacet
  facet normal -0.989142 -0.146966 0
    outer loop
      vertex 104.825 -0.509688 4.2
      vertex 104.9 -1.01447 0
      vertex 104.9 -1.01447 4.2
    endloop
  endfacet
  facet normal 0.33657 -0.941659 0
    outer loop
      vertex 111.509 -4.97609 0
      vertex 111.99 -4.80417 4.2
      vertex 111.509 -4.97609 4.2
    endloop
  endfacet
  facet normal 0.33657 -0.941659 0
    outer loop
      vertex 111.99 -4.80417 4.2
      vertex 111.509 -4.97609 0
      vertex 111.99 -4.80417 0
    endloop
  endfacet
  facet normal 0.242978 -0.970032 0
    outer loop
      vertex 111.014 -5.10008 0
      vertex 111.509 -4.97609 4.2
      vertex 111.014 -5.10008 4.2
    endloop
  endfacet
  facet normal 0.242978 -0.970032 0
    outer loop
      vertex 111.509 -4.97609 4.2
      vertex 111.014 -5.10008 0
      vertex 111.509 -4.97609 0
    endloop
  endfacet
  facet normal -0.740666 -0.671873 0
    outer loop
      vertex 106.323 -3.67696 0
      vertex 105.98 -3.29884 4.2
      vertex 105.98 -3.29884 0
    endloop
  endfacet
  facet normal -0.740666 -0.671873 0
    outer loop
      vertex 105.98 -3.29884 4.2
      vertex 106.323 -3.67696 0
      vertex 106.323 -3.67696 4.2
    endloop
  endfacet
  facet normal -0.59559 -0.803289 0
    outer loop
      vertex 106.701 -4.01965 0
      vertex 107.111 -4.32364 4.2
      vertex 106.701 -4.01965 4.2
    endloop
  endfacet
  facet normal -0.59559 -0.803289 -0
    outer loop
      vertex 107.111 -4.32364 4.2
      vertex 106.701 -4.01965 0
      vertex 107.111 -4.32364 0
    endloop
  endfacet
  facet normal 0.904128 -0.427261 0
    outer loop
      vertex 114.586 -2.45126 4.2
      vertex 114.804 -1.98995 0
      vertex 114.804 -1.98995 4.2
    endloop
  endfacet
  facet normal 0.904128 -0.427261 0
    outer loop
      vertex 114.804 -1.98995 0
      vertex 114.586 -2.45126 4.2
      vertex 114.586 -2.45126 0
    endloop
  endfacet
  facet normal 0.858029 -0.513602 0
    outer loop
      vertex 114.324 -2.88896 4.2
      vertex 114.586 -2.45126 0
      vertex 114.586 -2.45126 4.2
    endloop
  endfacet
  facet normal 0.858029 -0.513602 0
    outer loop
      vertex 114.586 -2.45126 0
      vertex 114.324 -2.88896 4.2
      vertex 114.324 -2.88896 0
    endloop
  endfacet
  facet normal -0.049039 -0.998797 0
    outer loop
      vertex 109.49 -5.17496 0
      vertex 110 -5.2 4.2
      vertex 109.49 -5.17496 4.2
    endloop
  endfacet
  facet normal -0.049039 -0.998797 -0
    outer loop
      vertex 110 -5.2 4.2
      vertex 109.49 -5.17496 0
      vertex 110 -5.2 0
    endloop
  endfacet
  facet normal -0.33657 -0.941659 0
    outer loop
      vertex 108.01 -4.80417 0
      vertex 108.491 -4.97609 4.2
      vertex 108.01 -4.80417 4.2
    endloop
  endfacet
  facet normal -0.33657 -0.941659 -0
    outer loop
      vertex 108.491 -4.97609 4.2
      vertex 108.01 -4.80417 0
      vertex 108.491 -4.97609 0
    endloop
  endfacet
  facet normal 0.671657 -0.740863 0
    outer loop
      vertex 113.299 -4.01965 0
      vertex 113.677 -3.67696 4.2
      vertex 113.299 -4.01965 4.2
    endloop
  endfacet
  facet normal 0.671657 -0.740863 0
    outer loop
      vertex 113.677 -3.67696 4.2
      vertex 113.299 -4.01965 0
      vertex 113.677 -3.67696 0
    endloop
  endfacet
  facet normal 0.989137 0.146997 0
    outer loop
      vertex 15.175 120.51 4.2
      vertex 15.1001 121.014 0
      vertex 15.1001 121.014 4.2
    endloop
  endfacet
  facet normal 0.989137 0.146997 0
    outer loop
      vertex 15.1001 121.014 0
      vertex 15.175 120.51 4.2
      vertex 15.175 120.51 0
    endloop
  endfacet
  facet normal 0.998801 0.0489608 0
    outer loop
      vertex 15.2 120 4.2
      vertex 15.175 120.51 0
      vertex 15.175 120.51 4.2
    endloop
  endfacet
  facet normal 0.998801 0.0489608 0
    outer loop
      vertex 15.175 120.51 0
      vertex 15.2 120 4.2
      vertex 15.2 120 0
    endloop
  endfacet
  facet normal 0.970027 0.242997 0
    outer loop
      vertex 15.1001 121.014 4.2
      vertex 14.9761 121.509 0
      vertex 14.9761 121.509 4.2
    endloop
  endfacet
  facet normal 0.970027 0.242997 0
    outer loop
      vertex 14.9761 121.509 0
      vertex 15.1001 121.014 4.2
      vertex 15.1001 121.014 0
    endloop
  endfacet
  facet normal -0.513593 0.858034 0
    outer loop
      vertex 7.54874 124.586 0
      vertex 7.11103 124.324 4.2
      vertex 7.54874 124.586 4.2
    endloop
  endfacet
  facet normal -0.513593 0.858034 0
    outer loop
      vertex 7.11103 124.324 4.2
      vertex 7.54874 124.586 0
      vertex 7.11103 124.324 0
    endloop
  endfacet
  facet normal 0.146961 0.989142 -0
    outer loop
      vertex 11.0145 125.1 0
      vertex 10.5097 125.175 4.2
      vertex 11.0145 125.1 4.2
    endloop
  endfacet
  facet normal 0.146961 0.989142 0
    outer loop
      vertex 10.5097 125.175 4.2
      vertex 11.0145 125.1 0
      vertex 10.5097 125.175 0
    endloop
  endfacet
  facet normal -0.595715 0.803196 0
    outer loop
      vertex 7.11103 124.324 0
      vertex 6.70115 124.02 4.2
      vertex 7.11103 124.324 4.2
    endloop
  endfacet
  facet normal -0.595715 0.803196 0
    outer loop
      vertex 6.70115 124.02 4.2
      vertex 7.11103 124.324 0
      vertex 6.70115 124.02 0
    endloop
  endfacet
  facet normal -0.671883 0.740658 0
    outer loop
      vertex 6.70115 124.02 0
      vertex 6.32304 123.677 4.2
      vertex 6.70115 124.02 4.2
    endloop
  endfacet
  facet normal -0.671883 0.740658 0
    outer loop
      vertex 6.32304 123.677 4.2
      vertex 6.70115 124.02 0
      vertex 6.32304 123.677 0
    endloop
  endfacet
  facet normal -0.740853 0.671667 0
    outer loop
      vertex 5.98034 123.299 0
      vertex 6.32304 123.677 4.2
      vertex 6.32304 123.677 0
    endloop
  endfacet
  facet normal -0.740853 0.671667 0
    outer loop
      vertex 6.32304 123.677 4.2
      vertex 5.98034 123.299 0
      vertex 5.98034 123.299 4.2
    endloop
  endfacet
  facet normal 0.59579 0.80314 -0
    outer loop
      vertex 13.2988 124.02 0
      vertex 12.889 124.324 4.2
      vertex 13.2988 124.02 4.2
    endloop
  endfacet
  facet normal 0.59579 0.80314 0
    outer loop
      vertex 12.889 124.324 4.2
      vertex 13.2988 124.02 0
      vertex 12.889 124.324 0
    endloop
  endfacet
  facet normal 0.803373 0.595476 0
    outer loop
      vertex 14.3236 122.889 4.2
      vertex 14.0197 123.299 0
      vertex 14.0197 123.299 4.2
    endloop
  endfacet
  facet normal 0.803373 0.595476 0
    outer loop
      vertex 14.0197 123.299 0
      vertex 14.3236 122.889 4.2
      vertex 14.3236 122.889 0
    endloop
  endfacet
  facet normal 0.427269 0.904125 -0
    outer loop
      vertex 12.4513 124.586 0
      vertex 11.99 124.804 4.2
      vertex 12.4513 124.586 4.2
    endloop
  endfacet
  facet normal 0.427269 0.904125 0
    outer loop
      vertex 11.99 124.804 4.2
      vertex 12.4513 124.586 0
      vertex 11.99 124.804 0
    endloop
  endfacet
  facet normal -0.427261 0.904128 0
    outer loop
      vertex 8.01005 124.804 0
      vertex 7.54874 124.586 4.2
      vertex 8.01005 124.804 4.2
    endloop
  endfacet
  facet normal -0.427261 0.904128 0
    outer loop
      vertex 7.54874 124.586 4.2
      vertex 8.01005 124.804 0
      vertex 7.54874 124.586 0
    endloop
  endfacet
  facet normal -0.0489905 0.998799 0
    outer loop
      vertex 10 125.2 0
      vertex 9.49031 125.175 4.2
      vertex 10 125.2 4.2
    endloop
  endfacet
  facet normal -0.0489905 0.998799 0
    outer loop
      vertex 9.49031 125.175 4.2
      vertex 10 125.2 0
      vertex 9.49031 125.175 0
    endloop
  endfacet
  facet normal 0.671795 0.740737 -0
    outer loop
      vertex 13.677 123.677 0
      vertex 13.2988 124.02 4.2
      vertex 13.677 123.677 4.2
    endloop
  endfacet
  facet normal 0.671795 0.740737 0
    outer loop
      vertex 13.2988 124.02 4.2
      vertex 13.677 123.677 0
      vertex 13.2988 124.02 0
    endloop
  endfacet
  facet normal -0.803298 0.595577 0
    outer loop
      vertex 5.67636 122.889 0
      vertex 5.98034 123.299 4.2
      vertex 5.98034 123.299 0
    endloop
  endfacet
  facet normal -0.803298 0.595577 0
    outer loop
      vertex 5.98034 123.299 4.2
      vertex 5.67636 122.889 0
      vertex 5.67636 122.889 4.2
    endloop
  endfacet
  facet normal 0.337019 0.941498 -0
    outer loop
      vertex 11.99 124.804 0
      vertex 11.5095 124.976 4.2
      vertex 11.99 124.804 4.2
    endloop
  endfacet
  facet normal 0.337019 0.941498 0
    outer loop
      vertex 11.5095 124.976 4.2
      vertex 11.99 124.804 0
      vertex 11.5095 124.976 0
    endloop
  endfacet
  facet normal 0.0489896 0.998799 -0
    outer loop
      vertex 10.5097 125.175 0
      vertex 10 125.2 4.2
      vertex 10.5097 125.175 4.2
    endloop
  endfacet
  facet normal 0.0489896 0.998799 0
    outer loop
      vertex 10 125.2 4.2
      vertex 10.5097 125.175 0
      vertex 10 125.2 0
    endloop
  endfacet
  facet normal 0.941671 0.336535 0
    outer loop
      vertex 14.9761 121.509 4.2
      vertex 14.8042 121.99 0
      vertex 14.8042 121.99 4.2
    endloop
  endfacet
  facet normal 0.941671 0.336535 0
    outer loop
      vertex 14.8042 121.99 0
      vertex 14.9761 121.509 4.2
      vertex 14.9761 121.509 0
    endloop
  endfacet
  facet normal 0.513602 0.858029 -0
    outer loop
      vertex 12.889 124.324 0
      vertex 12.4513 124.586 4.2
      vertex 12.889 124.324 4.2
    endloop
  endfacet
  facet normal 0.513602 0.858029 0
    outer loop
      vertex 12.4513 124.586 4.2
      vertex 12.889 124.324 0
      vertex 12.4513 124.586 0
    endloop
  endfacet
  facet normal 0.903866 0.427817 0
    outer loop
      vertex 14.8042 121.99 4.2
      vertex 14.586 122.451 0
      vertex 14.586 122.451 4.2
    endloop
  endfacet
  facet normal 0.903866 0.427817 0
    outer loop
      vertex 14.586 122.451 0
      vertex 14.8042 121.99 4.2
      vertex 14.8042 121.99 0
    endloop
  endfacet
  facet normal 0.857838 0.51392 0
    outer loop
      vertex 14.586 122.451 4.2
      vertex 14.3236 122.889 0
      vertex 14.3236 122.889 4.2
    endloop
  endfacet
  facet normal 0.857838 0.51392 0
    outer loop
      vertex 14.3236 122.889 0
      vertex 14.586 122.451 4.2
      vertex 14.586 122.451 0
    endloop
  endfacet
  facet normal -0.903881 0.427785 0
    outer loop
      vertex 5.19583 121.99 0
      vertex 5.41401 122.451 4.2
      vertex 5.41401 122.451 0
    endloop
  endfacet
  facet normal -0.903881 0.427785 0
    outer loop
      vertex 5.41401 122.451 4.2
      vertex 5.19583 121.99 0
      vertex 5.19583 121.99 4.2
    endloop
  endfacet
  facet normal -0.242992 0.970028 0
    outer loop
      vertex 8.98553 125.1 0
      vertex 8.49052 124.976 4.2
      vertex 8.98553 125.1 4.2
    endloop
  endfacet
  facet normal -0.242992 0.970028 0
    outer loop
      vertex 8.49052 124.976 4.2
      vertex 8.98553 125.1 0
      vertex 8.49052 124.976 0
    endloop
  endfacet
  facet normal -0.857882 0.513848 0
    outer loop
      vertex 5.41401 122.451 0
      vertex 5.67636 122.889 4.2
      vertex 5.67636 122.889 0
    endloop
  endfacet
  facet normal -0.857882 0.513848 0
    outer loop
      vertex 5.67636 122.889 4.2
      vertex 5.41401 122.451 0
      vertex 5.41401 122.451 4.2
    endloop
  endfacet
  facet normal -0.146966 0.989142 0
    outer loop
      vertex 9.49031 125.175 0
      vertex 8.98553 125.1 4.2
      vertex 9.49031 125.175 4.2
    endloop
  endfacet
  facet normal -0.146966 0.989142 0
    outer loop
      vertex 8.98553 125.1 4.2
      vertex 9.49031 125.175 0
      vertex 8.98553 125.1 0
    endloop
  endfacet
  facet normal 0.242997 0.970027 -0
    outer loop
      vertex 11.5095 124.976 0
      vertex 11.0145 125.1 4.2
      vertex 11.5095 124.976 4.2
    endloop
  endfacet
  facet normal 0.242997 0.970027 0
    outer loop
      vertex 11.0145 125.1 4.2
      vertex 11.5095 124.976 0
      vertex 11.0145 125.1 0
    endloop
  endfacet
  facet normal -0.337038 0.941491 0
    outer loop
      vertex 8.49052 124.976 0
      vertex 8.01005 124.804 4.2
      vertex 8.49052 124.976 4.2
    endloop
  endfacet
  facet normal -0.337038 0.941491 0
    outer loop
      vertex 8.01005 124.804 4.2
      vertex 8.49052 124.976 0
      vertex 8.01005 124.804 0
    endloop
  endfacet
  facet normal -0.970032 0.242978 0
    outer loop
      vertex 4.89992 121.014 0
      vertex 5.02391 121.509 4.2
      vertex 5.02391 121.509 0
    endloop
  endfacet
  facet normal -0.970032 0.242978 0
    outer loop
      vertex 5.02391 121.509 4.2
      vertex 4.89992 121.014 0
      vertex 4.89992 121.014 4.2
    endloop
  endfacet
  facet normal -0.99885 -0.0479448 0
    outer loop
      vertex 4.80048 119.99 0
      vertex 4.8 120 4.2
      vertex 4.8 120 0
    endloop
  endfacet
  facet normal -0.99885 -0.0479448 0
    outer loop
      vertex 4.8 120 4.2
      vertex 4.80048 119.99 0
      vertex 4.80048 119.99 4.2
    endloop
  endfacet
  facet normal 0.740853 0.671667 0
    outer loop
      vertex 14.0197 123.299 4.2
      vertex 13.677 123.677 0
      vertex 13.677 123.677 4.2
    endloop
  endfacet
  facet normal 0.740853 0.671667 0
    outer loop
      vertex 13.677 123.677 0
      vertex 14.0197 123.299 4.2
      vertex 14.0197 123.299 0
    endloop
  endfacet
  facet normal -0.989143 0.146958 0
    outer loop
      vertex 4.82504 120.51 0
      vertex 4.89992 121.014 4.2
      vertex 4.89992 121.014 0
    endloop
  endfacet
  facet normal -0.989143 0.146958 0
    outer loop
      vertex 4.89992 121.014 4.2
      vertex 4.82504 120.51 0
      vertex 4.82504 120.51 4.2
    endloop
  endfacet
  facet normal -0.941659 0.33657 0
    outer loop
      vertex 5.02391 121.509 0
      vertex 5.19583 121.99 4.2
      vertex 5.19583 121.99 0
    endloop
  endfacet
  facet normal -0.941659 0.33657 0
    outer loop
      vertex 5.19583 121.99 4.2
      vertex 5.02391 121.509 0
      vertex 5.02391 121.509 4.2
    endloop
  endfacet
  facet normal -0.998797 0.049039 0
    outer loop
      vertex 4.8 120 0
      vertex 4.82504 120.51 4.2
      vertex 4.82504 120.51 0
    endloop
  endfacet
  facet normal -0.998797 0.049039 0
    outer loop
      vertex 4.82504 120.51 4.2
      vertex 4.8 120 0
      vertex 4.8 120 4.2
    endloop
  endfacet
  facet normal 0.989108 0.147189 0
    outer loop
      vertex 115.175 120.51 4.2
      vertex 115.1 121.014 0
      vertex 115.1 121.014 4.2
    endloop
  endfacet
  facet normal 0.989108 0.147189 0
    outer loop
      vertex 115.1 121.014 0
      vertex 115.175 120.51 4.2
      vertex 115.175 120.51 0
    endloop
  endfacet
  facet normal 0.998801 0.0489608 0
    outer loop
      vertex 115.2 120 4.2
      vertex 115.175 120.51 0
      vertex 115.175 120.51 4.2
    endloop
  endfacet
  facet normal 0.998801 0.0489608 0
    outer loop
      vertex 115.175 120.51 0
      vertex 115.2 120 4.2
      vertex 115.2 120 0
    endloop
  endfacet
  facet normal 0.970027 0.242997 0
    outer loop
      vertex 115.1 121.014 4.2
      vertex 114.976 121.509 0
      vertex 114.976 121.509 4.2
    endloop
  endfacet
  facet normal 0.970027 0.242997 0
    outer loop
      vertex 114.976 121.509 0
      vertex 115.1 121.014 4.2
      vertex 115.1 121.014 0
    endloop
  endfacet
  facet normal 1 -0 0
    outer loop
      vertex 115.2 119.99 4.2
      vertex 115.2 120 0
      vertex 115.2 120 4.2
    endloop
  endfacet
  facet normal 1 0 0
    outer loop
      vertex 115.2 120 0
      vertex 115.2 119.99 4.2
      vertex 115.2 119.99 0
    endloop
  endfacet
  facet normal -0.513343 0.858184 0
    outer loop
      vertex 107.549 124.586 0
      vertex 107.111 124.324 4.2
      vertex 107.549 124.586 4.2
    endloop
  endfacet
  facet normal -0.513343 0.858184 0
    outer loop
      vertex 107.111 124.324 4.2
      vertex 107.549 124.586 0
      vertex 107.111 124.324 0
    endloop
  endfacet
  facet normal 0.147189 0.989108 -0
    outer loop
      vertex 111.014 125.1 0
      vertex 110.51 125.175 4.2
      vertex 111.014 125.1 4.2
    endloop
  endfacet
  facet normal 0.147189 0.989108 0
    outer loop
      vertex 110.51 125.175 4.2
      vertex 111.014 125.1 0
      vertex 110.51 125.175 0
    endloop
  endfacet
  facet normal -0.595602 0.803279 0
    outer loop
      vertex 107.111 124.324 0
      vertex 106.701 124.02 4.2
      vertex 107.111 124.324 4.2
    endloop
  endfacet
  facet normal -0.595602 0.803279 0
    outer loop
      vertex 106.701 124.02 4.2
      vertex 107.111 124.324 0
      vertex 106.701 124.02 0
    endloop
  endfacet
  facet normal -0.67199 0.74056 0
    outer loop
      vertex 106.701 124.02 0
      vertex 106.323 123.677 4.2
      vertex 106.701 124.02 4.2
    endloop
  endfacet
  facet normal -0.67199 0.74056 0
    outer loop
      vertex 106.323 123.677 4.2
      vertex 106.701 124.02 0
      vertex 106.323 123.677 0
    endloop
  endfacet
  facet normal -0.74056 0.67199 0
    outer loop
      vertex 105.98 123.299 0
      vertex 106.323 123.677 4.2
      vertex 106.323 123.677 0
    endloop
  endfacet
  facet normal -0.74056 0.67199 0
    outer loop
      vertex 106.323 123.677 4.2
      vertex 105.98 123.299 0
      vertex 105.98 123.299 4.2
    endloop
  endfacet
  facet normal 0.595602 0.803279 -0
    outer loop
      vertex 113.299 124.02 0
      vertex 112.889 124.324 4.2
      vertex 113.299 124.02 4.2
    endloop
  endfacet
  facet normal 0.595602 0.803279 0
    outer loop
      vertex 112.889 124.324 4.2
      vertex 113.299 124.02 0
      vertex 112.889 124.324 0
    endloop
  endfacet
  facet normal 0.803279 0.595602 0
    outer loop
      vertex 114.324 122.889 4.2
      vertex 114.02 123.299 0
      vertex 114.02 123.299 4.2
    endloop
  endfacet
  facet normal 0.803279 0.595602 0
    outer loop
      vertex 114.02 123.299 0
      vertex 114.324 122.889 4.2
      vertex 114.324 122.889 0
    endloop
  endfacet
  facet normal 0.427496 0.904017 -0
    outer loop
      vertex 112.451 124.586 0
      vertex 111.99 124.804 4.2
      vertex 112.451 124.586 4.2
    endloop
  endfacet
  facet normal 0.427496 0.904017 0
    outer loop
      vertex 111.99 124.804 4.2
      vertex 112.451 124.586 0
      vertex 111.99 124.804 0
    endloop
  endfacet
  facet normal -0.427496 0.904017 0
    outer loop
      vertex 108.01 124.804 0
      vertex 107.549 124.586 4.2
      vertex 108.01 124.804 4.2
    endloop
  endfacet
  facet normal -0.427496 0.904017 0
    outer loop
      vertex 107.549 124.586 4.2
      vertex 108.01 124.804 0
      vertex 107.549 124.586 0
    endloop
  endfacet
  facet normal -0.0489608 0.998801 0
    outer loop
      vertex 110 125.2 0
      vertex 109.49 125.175 4.2
      vertex 110 125.2 4.2
    endloop
  endfacet
  facet normal -0.0489608 0.998801 0
    outer loop
      vertex 109.49 125.175 4.2
      vertex 110 125.2 0
      vertex 109.49 125.175 0
    endloop
  endfacet
  facet normal -0.803279 0.595602 0
    outer loop
      vertex 105.676 122.889 0
      vertex 105.98 123.299 4.2
      vertex 105.98 123.299 0
    endloop
  endfacet
  facet normal -0.803279 0.595602 0
    outer loop
      vertex 105.98 123.299 4.2
      vertex 105.676 122.889 0
      vertex 105.676 122.889 4.2
    endloop
  endfacet
  facet normal 0.336708 0.941609 -0
    outer loop
      vertex 111.99 124.804 0
      vertex 111.509 124.976 4.2
      vertex 111.99 124.804 4.2
    endloop
  endfacet
  facet normal 0.336708 0.941609 0
    outer loop
      vertex 111.509 124.976 4.2
      vertex 111.99 124.804 0
      vertex 111.509 124.976 0
    endloop
  endfacet
  facet normal 0.0489608 0.998801 -0
    outer loop
      vertex 110.51 125.175 0
      vertex 110 125.2 4.2
      vertex 110.51 125.175 4.2
    endloop
  endfacet
  facet normal 0.0489608 0.998801 0
    outer loop
      vertex 110 125.2 4.2
      vertex 110.51 125.175 0
      vertex 110 125.2 0
    endloop
  endfacet
  facet normal 0.941609 0.336708 0
    outer loop
      vertex 114.976 121.509 4.2
      vertex 114.804 121.99 0
      vertex 114.804 121.99 4.2
    endloop
  endfacet
  facet normal 0.941609 0.336708 0
    outer loop
      vertex 114.804 121.99 0
      vertex 114.976 121.509 4.2
      vertex 114.976 121.509 0
    endloop
  endfacet
  facet normal 0.513343 0.858184 -0
    outer loop
      vertex 112.889 124.324 0
      vertex 112.451 124.586 4.2
      vertex 112.889 124.324 4.2
    endloop
  endfacet
  facet normal 0.513343 0.858184 0
    outer loop
      vertex 112.451 124.586 4.2
      vertex 112.889 124.324 0
      vertex 112.451 124.586 0
    endloop
  endfacet
  facet normal 0.904017 0.427496 0
    outer loop
      vertex 114.804 121.99 4.2
      vertex 114.586 122.451 0
      vertex 114.586 122.451 4.2
    endloop
  endfacet
  facet normal 0.904017 0.427496 0
    outer loop
      vertex 114.586 122.451 0
      vertex 114.804 121.99 4.2
      vertex 114.804 121.99 0
    endloop
  endfacet
  facet normal 0.858184 0.513343 0
    outer loop
      vertex 114.586 122.451 4.2
      vertex 114.324 122.889 0
      vertex 114.324 122.889 4.2
    endloop
  endfacet
  facet normal 0.858184 0.513343 0
    outer loop
      vertex 114.324 122.889 0
      vertex 114.586 122.451 4.2
      vertex 114.586 122.451 0
    endloop
  endfacet
  facet normal -0.904017 0.427496 0
    outer loop
      vertex 105.196 121.99 0
      vertex 105.414 122.451 4.2
      vertex 105.414 122.451 0
    endloop
  endfacet
  facet normal -0.904017 0.427496 0
    outer loop
      vertex 105.414 122.451 4.2
      vertex 105.196 121.99 0
      vertex 105.196 121.99 4.2
    endloop
  endfacet
  facet normal -0.242997 0.970027 0
    outer loop
      vertex 108.986 125.1 0
      vertex 108.491 124.976 4.2
      vertex 108.986 125.1 4.2
    endloop
  endfacet
  facet normal -0.242997 0.970027 0
    outer loop
      vertex 108.491 124.976 4.2
      vertex 108.986 125.1 0
      vertex 108.491 124.976 0
    endloop
  endfacet
  facet normal -0.858184 0.513343 0
    outer loop
      vertex 105.414 122.451 0
      vertex 105.676 122.889 4.2
      vertex 105.676 122.889 0
    endloop
  endfacet
  facet normal -0.858184 0.513343 0
    outer loop
      vertex 105.676 122.889 4.2
      vertex 105.414 122.451 0
      vertex 105.414 122.451 4.2
    endloop
  endfacet
  facet normal -0.147189 0.989108 0
    outer loop
      vertex 109.49 125.175 0
      vertex 108.986 125.1 4.2
      vertex 109.49 125.175 4.2
    endloop
  endfacet
  facet normal -0.147189 0.989108 0
    outer loop
      vertex 108.986 125.1 4.2
      vertex 109.49 125.175 0
      vertex 108.986 125.1 0
    endloop
  endfacet
  facet normal 0.242997 0.970027 -0
    outer loop
      vertex 111.509 124.976 0
      vertex 111.014 125.1 4.2
      vertex 111.509 124.976 4.2
    endloop
  endfacet
  facet normal 0.242997 0.970027 0
    outer loop
      vertex 111.014 125.1 4.2
      vertex 111.509 124.976 0
      vertex 111.014 125.1 0
    endloop
  endfacet
  facet normal -0.336708 0.941609 0
    outer loop
      vertex 108.491 124.976 0
      vertex 108.01 124.804 4.2
      vertex 108.491 124.976 4.2
    endloop
  endfacet
  facet normal -0.336708 0.941609 0
    outer loop
      vertex 108.01 124.804 4.2
      vertex 108.491 124.976 0
      vertex 108.01 124.804 0
    endloop
  endfacet
  facet normal -0.970027 0.242997 0
    outer loop
      vertex 104.9 121.014 0
      vertex 105.024 121.509 4.2
      vertex 105.024 121.509 0
    endloop
  endfacet
  facet normal -0.970027 0.242997 0
    outer loop
      vertex 105.024 121.509 4.2
      vertex 104.9 121.014 0
      vertex 104.9 121.014 4.2
    endloop
  endfacet
  facet normal 0.67199 0.74056 -0
    outer loop
      vertex 113.677 123.677 0
      vertex 113.299 124.02 4.2
      vertex 113.677 123.677 4.2
    endloop
  endfacet
  facet normal 0.67199 0.74056 0
    outer loop
      vertex 113.299 124.02 4.2
      vertex 113.677 123.677 0
      vertex 113.299 124.02 0
    endloop
  endfacet
  facet normal 0.74056 0.67199 0
    outer loop
      vertex 114.02 123.299 4.2
      vertex 113.677 123.677 0
      vertex 113.677 123.677 4.2
    endloop
  endfacet
  facet normal 0.74056 0.67199 0
    outer loop
      vertex 113.677 123.677 0
      vertex 114.02 123.299 4.2
      vertex 114.02 123.299 0
    endloop
  endfacet
  facet normal -0.989108 0.147189 0
    outer loop
      vertex 104.825 120.51 0
      vertex 104.9 121.014 4.2
      vertex 104.9 121.014 0
    endloop
  endfacet
  facet normal -0.989108 0.147189 0
    outer loop
      vertex 104.9 121.014 4.2
      vertex 104.825 120.51 0
      vertex 104.825 120.51 4.2
    endloop
  endfacet
  facet normal -0.941609 0.336708 0
    outer loop
      vertex 105.024 121.509 0
      vertex 105.196 121.99 4.2
      vertex 105.196 121.99 0
    endloop
  endfacet
  facet normal -0.941609 0.336708 0
    outer loop
      vertex 105.196 121.99 4.2
      vertex 105.024 121.509 0
      vertex 105.024 121.509 4.2
    endloop
  endfacet
  facet normal -0.998801 0.0489608 0
    outer loop
      vertex 104.8 120 0
      vertex 104.825 120.51 4.2
      vertex 104.825 120.51 0
    endloop
  endfacet
  facet normal -0.998801 0.0489608 0
    outer loop
      vertex 104.825 120.51 4.2
      vertex 104.8 120 0
      vertex 104.8 120 4.2
    endloop
  endfacet
  facet normal -0.989174 -0.14675 0
    outer loop
      vertex 0.0960693 4.02454 0
      vertex 0.0240631 4.5099 4.2
      vertex 0.0240631 4.5099 0
    endloop
  endfacet
  facet normal -0.989174 -0.14675 0
    outer loop
      vertex 0.0240631 4.5099 4.2
      vertex 0.0960693 4.02454 0
      vertex 0.0960693 4.02454 4.2
    endloop
  endfacet
  facet normal -1 0 0
    outer loop
      vertex 0 15.2 0
      vertex 0 104.8 4.2
      vertex 0 104.8 0
    endloop
  endfacet
  facet normal -1 -0 0
    outer loop
      vertex 0 104.8 4.2
      vertex 0 15.2 0
      vertex 0 15.2 4.2
    endloop
  endfacet
  facet normal -0.998797 -0.0490391 0
    outer loop
      vertex 0.0240631 4.5099 0
      vertex 0.00979614 4.80048 4.2
      vertex 0.00979614 4.80048 0
    endloop
  endfacet
  facet normal -0.998797 -0.0490391 0
    outer loop
      vertex 0.00979614 4.80048 4.2
      vertex 0.0240631 4.5099 0
      vertex 0.0240631 4.5099 4.2
    endloop
  endfacet
  facet normal -0.970039 0.242951 0
    outer loop
      vertex 0.0960693 115.975 0
      vertex 0.215286 116.451 4.2
      vertex 0.215286 116.451 0
    endloop
  endfacet
  facet normal -0.970039 0.242951 0
    outer loop
      vertex 0.215286 116.451 4.2
      vertex 0.0960693 115.975 0
      vertex 0.0960693 115.975 4.2
    endloop
  endfacet
  facet normal -0.741336 0.671134 0
    outer loop
      vertex 1.13493 118.172 0
      vertex 1.46446 118.536 4.2
      vertex 1.46446 118.536 0
    endloop
  endfacet
  facet normal -0.741336 0.671134 0
    outer loop
      vertex 1.46446 118.536 4.2
      vertex 1.13493 118.172 0
      vertex 1.13493 118.172 4.2
    endloop
  endfacet
  facet normal -0.803141 0.59579 0
    outer loop
      vertex 0.842651 117.778 0
      vertex 1.13493 118.172 4.2
      vertex 1.13493 118.172 0
    endloop
  endfacet
  facet normal -0.803141 0.59579 0
    outer loop
      vertex 1.13493 118.172 4.2
      vertex 0.842651 117.778 0
      vertex 0.842651 117.778 4.2
    endloop
  endfacet
  facet normal 0 1 -0
    outer loop
      vertex 104.8 120 0
      vertex 15.2 120 4.2
      vertex 104.8 120 4.2
    endloop
  endfacet
  facet normal 0 1 0
    outer loop
      vertex 15.2 120 4.2
      vertex 104.8 120 0
      vertex 15.2 120 0
    endloop
  endfacet
  facet normal -0.998792 0.0491361 0
    outer loop
      vertex 0.0097964 115.2 0
      vertex 0.0240631 115.49 4.2
      vertex 0.0240631 115.49 0
    endloop
  endfacet
  facet normal -0.998792 0.0491361 0
    outer loop
      vertex 0.0240631 115.49 4.2
      vertex 0.0097964 115.2 0
      vertex 0.0097964 115.2 4.2
    endloop
  endfacet
  facet normal -0.941537 -0.33691 0
    outer loop
      vertex 0.3806 3.08658 0
      vertex 0.215286 3.54857 4.2
      vertex 0.215286 3.54857 0
    endloop
  endfacet
  facet normal -0.941537 -0.33691 0
    outer loop
      vertex 0.215286 3.54857 4.2
      vertex 0.3806 3.08658 0
      vertex 0.3806 3.08658 4.2
    endloop
  endfacet
  facet normal -0.85773 -0.5141 0
    outer loop
      vertex 0.842651 2.22214 0
      vertex 0.590393 2.64301 4.2
      vertex 0.590393 2.64301 0
    endloop
  endfacet
  facet normal -0.85773 -0.5141 0
    outer loop
      vertex 0.590393 2.64301 4.2
      vertex 0.842651 2.22214 0
      vertex 0.842651 2.22214 4.2
    endloop
  endfacet
  facet normal -0.970035 -0.242966 0
    outer loop
      vertex 0.215286 3.54857 0
      vertex 0.0960693 4.02454 4.2
      vertex 0.0960693 4.02454 0
    endloop
  endfacet
  facet normal -0.970035 -0.242966 0
    outer loop
      vertex 0.0960693 4.02454 4.2
      vertex 0.215286 3.54857 0
      vertex 0.215286 3.54857 4.2
    endloop
  endfacet
  facet normal 0 -1 0
    outer loop
      vertex 15.2 0 0
      vertex 104.8 0 4.2
      vertex 15.2 0 4.2
    endloop
  endfacet
  facet normal 0 -1 -0
    outer loop
      vertex 104.8 0 4.2
      vertex 15.2 0 0
      vertex 104.8 0 0
    endloop
  endfacet
  facet normal 0.998837 0.0482197 0
    outer loop
      vertex 119.99 115.2 4.2
      vertex 119.976 115.49 0
      vertex 119.976 115.49 4.2
    endloop
  endfacet
  facet normal 0.998837 0.0482197 0
    outer loop
      vertex 119.976 115.49 0
      vertex 119.99 115.2 4.2
      vertex 119.99 115.2 0
    endloop
  endfacet
  facet normal 0.515094 0.857133 -0
    outer loop
      vertex 117.778 119.157 0
      vertex 117.357 119.41 4.2
      vertex 117.778 119.157 4.2
    endloop
  endfacet
  facet normal 0.515094 0.857133 0
    outer loop
      vertex 117.357 119.41 4.2
      vertex 117.778 119.157 0
      vertex 117.357 119.41 0
    endloop
  endfacet
  facet normal 0.741874 0.67054 0
    outer loop
      vertex 118.865 118.172 4.2
      vertex 118.536 118.536 0
      vertex 118.536 118.536 4.2
    endloop
  endfacet
  facet normal 0.741874 0.67054 0
    outer loop
      vertex 118.536 118.536 0
      vertex 118.865 118.172 4.2
      vertex 118.865 118.172 0
    endloop
  endfacet
  facet normal -0.941539 0.336904 0
    outer loop
      vertex 0.215286 116.451 0
      vertex 0.3806 116.913 4.2
      vertex 0.3806 116.913 0
    endloop
  endfacet
  facet normal -0.941539 0.336904 0
    outer loop
      vertex 0.3806 116.913 4.2
      vertex 0.215286 116.451 0
      vertex 0.215286 116.451 4.2
    endloop
  endfacet
  facet normal -0.989158 0.146857 0
    outer loop
      vertex 0.0240631 115.49 0
      vertex 0.0960693 115.975 4.2
      vertex 0.0960693 115.975 0
    endloop
  endfacet
  facet normal -0.989158 0.146857 0
    outer loop
      vertex 0.0960693 115.975 4.2
      vertex 0.0240631 115.49 0
      vertex 0.0240631 115.49 4.2
    endloop
  endfacet
  facet normal 0.941095 0.338142 0
    outer loop
      vertex 119.785 116.451 4.2
      vertex 119.619 116.913 0
      vertex 119.619 116.913 4.2
    endloop
  endfacet
  facet normal 0.941095 0.338142 0
    outer loop
      vertex 119.619 116.913 0
      vertex 119.785 116.451 4.2
      vertex 119.785 116.451 0
    endloop
  endfacet
  facet normal -0.8578 0.513983 0
    outer loop
      vertex 0.590393 117.357 0
      vertex 0.842651 117.778 4.2
      vertex 0.842651 117.778 0
    endloop
  endfacet
  facet normal -0.8578 0.513983 0
    outer loop
      vertex 0.842651 117.778 4.2
      vertex 0.590393 117.357 0
      vertex 0.590393 117.357 4.2
    endloop
  endfacet
  facet normal -0.146738 0.989175 0
    outer loop
      vertex 4.5099 119.976 0
      vertex 4.02454 119.904 4.2
      vertex 4.5099 119.976 4.2
    endloop
  endfacet
  facet normal -0.146738 0.989175 0
    outer loop
      vertex 4.02454 119.904 4.2
      vertex 4.5099 119.976 0
      vertex 4.02454 119.904 0
    endloop
  endfacet
  facet normal 0.338142 0.941095 -0
    outer loop
      vertex 116.913 119.619 0
      vertex 116.451 119.785 4.2
      vertex 116.913 119.619 4.2
    endloop
  endfacet
  facet normal 0.338142 0.941095 0
    outer loop
      vertex 116.451 119.785 4.2
      vertex 116.913 119.619 0
      vertex 116.451 119.785 0
    endloop
  endfacet
  facet normal 1 -0 0
    outer loop
      vertex 120 15.2 4.2
      vertex 120 104.8 0
      vertex 120 104.8 4.2
    endloop
  endfacet
  facet normal 1 0 0
    outer loop
      vertex 120 104.8 0
      vertex 120 15.2 4.2
      vertex 120 15.2 0
    endloop
  endfacet
  facet normal 0.803492 -0.595315 0
    outer loop
      vertex 118.865 1.82803 4.2
      vertex 119.157 2.22214 0
      vertex 119.157 2.22214 4.2
    endloop
  endfacet
  facet normal 0.803492 -0.595315 0
    outer loop
      vertex 119.157 2.22214 0
      vertex 118.865 1.82803 4.2
      vertex 118.865 1.82803 0
    endloop
  endfacet
  facet normal 0.998841 -0.0481237 0
    outer loop
      vertex 119.976 4.5099 4.2
      vertex 119.99 4.80048 0
      vertex 119.99 4.80048 4.2
    endloop
  endfacet
  facet normal 0.998841 -0.0481237 0
    outer loop
      vertex 119.99 4.80048 0
      vertex 119.976 4.5099 4.2
      vertex 119.976 4.5099 0
    endloop
  endfacet
  facet normal -0.242966 -0.970035 0
    outer loop
      vertex 3.54857 0.215286 0
      vertex 4.02454 0.0960693 4.2
      vertex 3.54857 0.215286 4.2
    endloop
  endfacet
  facet normal -0.242966 -0.970035 -0
    outer loop
      vertex 4.02454 0.0960693 4.2
      vertex 3.54857 0.215286 0
      vertex 4.02454 0.0960693 0
    endloop
  endfacet
  facet normal -0.14675 -0.989174 0
    outer loop
      vertex 4.02454 0.0960693 0
      vertex 4.5099 0.0240631 4.2
      vertex 4.02454 0.0960693 4.2
    endloop
  endfacet
  facet normal -0.14675 -0.989174 -0
    outer loop
      vertex 4.5099 0.0240631 4.2
      vertex 4.02454 0.0960693 0
      vertex 4.5099 0.0240631 0
    endloop
  endfacet
  facet normal 0.242536 0.970143 -0
    outer loop
      vertex 116.451 119.785 0
      vertex 115.975 119.904 4.2
      vertex 116.451 119.785 4.2
    endloop
  endfacet
  facet normal 0.242536 0.970143 0
    outer loop
      vertex 115.975 119.904 4.2
      vertex 116.451 119.785 0
      vertex 115.975 119.904 0
    endloop
  endfacet
  facet normal 0.671134 -0.741336 0
    outer loop
      vertex 118.172 1.13493 0
      vertex 118.536 1.46446 4.2
      vertex 118.172 1.13493 4.2
    endloop
  endfacet
  facet normal 0.671134 -0.741336 0
    outer loop
      vertex 118.536 1.46446 4.2
      vertex 118.172 1.13493 0
      vertex 118.536 1.46446 0
    endloop
  endfacet
  facet normal 0.803413 0.595423 0
    outer loop
      vertex 119.157 117.778 4.2
      vertex 118.865 118.172 0
      vertex 118.865 118.172 4.2
    endloop
  endfacet
  facet normal 0.803413 0.595423 0
    outer loop
      vertex 118.865 118.172 0
      vertex 119.157 117.778 4.2
      vertex 119.157 117.778 0
    endloop
  endfacet
  facet normal -0.904149 0.427217 0
    outer loop
      vertex 0.3806 116.913 0
      vertex 0.590393 117.357 4.2
      vertex 0.590393 117.357 0
    endloop
  endfacet
  facet normal -0.904149 0.427217 0
    outer loop
      vertex 0.590393 117.357 4.2
      vertex 0.3806 116.913 0
      vertex 0.3806 116.913 4.2
    endloop
  endfacet
  facet normal 0.427217 -0.904149 0
    outer loop
      vertex 116.913 0.3806 0
      vertex 117.357 0.590393 4.2
      vertex 116.913 0.3806 4.2
    endloop
  endfacet
  facet normal 0.427217 -0.904149 0
    outer loop
      vertex 117.357 0.590393 4.2
      vertex 116.913 0.3806 0
      vertex 117.357 0.590393 0
    endloop
  endfacet
  facet normal 0.0491361 -0.998792 0
    outer loop
      vertex 115.2 0.0097964 0
      vertex 115.49 0.0240631 4.2
      vertex 115.2 0.0097964 4.2
    endloop
  endfacet
  facet normal 0.0491361 -0.998792 0
    outer loop
      vertex 115.49 0.0240631 4.2
      vertex 115.2 0.0097964 0
      vertex 115.49 0.0240631 0
    endloop
  endfacet
  facet normal -0.427555 -0.903989 0
    outer loop
      vertex 2.64301 0.590393 0
      vertex 3.08658 0.3806 4.2
      vertex 2.64301 0.590393 4.2
    endloop
  endfacet
  facet normal -0.427555 -0.903989 -0
    outer loop
      vertex 3.08658 0.3806 4.2
      vertex 2.64301 0.590393 0
      vertex 3.08658 0.3806 0
    endloop
  endfacet
  facet normal 0.0482197 0.998837 -0
    outer loop
      vertex 115.49 119.976 0
      vertex 115.2 119.99 4.2
      vertex 115.49 119.976 4.2
    endloop
  endfacet
  facet normal 0.0482197 0.998837 0
    outer loop
      vertex 115.2 119.99 4.2
      vertex 115.49 119.976 0
      vertex 115.2 119.99 0
    endloop
  endfacet
  facet normal 0.595423 0.803413 -0
    outer loop
      vertex 118.172 118.865 0
      vertex 117.778 119.157 4.2
      vertex 118.172 118.865 4.2
    endloop
  endfacet
  facet normal 0.595423 0.803413 0
    outer loop
      vertex 117.778 119.157 4.2
      vertex 118.172 118.865 0
      vertex 117.778 119.157 0
    endloop
  endfacet
  facet normal 0.336904 -0.941539 0
    outer loop
      vertex 116.451 0.215286 0
      vertex 116.913 0.3806 4.2
      vertex 116.451 0.215286 4.2
    endloop
  endfacet
  facet normal 0.336904 -0.941539 0
    outer loop
      vertex 116.913 0.3806 4.2
      vertex 116.451 0.215286 0
      vertex 116.913 0.3806 0
    endloop
  endfacet
  facet normal 0.242951 -0.970039 0
    outer loop
      vertex 115.975 0.0960693 0
      vertex 116.451 0.215286 4.2
      vertex 115.975 0.0960693 4.2
    endloop
  endfacet
  facet normal 0.242951 -0.970039 0
    outer loop
      vertex 116.451 0.215286 4.2
      vertex 115.975 0.0960693 0
      vertex 116.451 0.215286 0
    endloop
  endfacet
  facet normal 0.741479 -0.670976 0
    outer loop
      vertex 118.536 1.46446 4.2
      vertex 118.865 1.82803 0
      vertex 118.865 1.82803 4.2
    endloop
  endfacet
  facet normal 0.741479 -0.670976 0
    outer loop
      vertex 118.865 1.82803 0
      vertex 118.536 1.46446 4.2
      vertex 118.536 1.46446 0
    endloop
  endfacet
  facet normal 0.970139 -0.24255 0
    outer loop
      vertex 119.785 3.54857 4.2
      vertex 119.904 4.02454 0
      vertex 119.904 4.02454 4.2
    endloop
  endfacet
  facet normal 0.970139 -0.24255 0
    outer loop
      vertex 119.904 4.02454 0
      vertex 119.785 3.54857 4.2
      vertex 119.785 3.54857 0
    endloop
  endfacet
  facet normal -0.5141 -0.85773 0
    outer loop
      vertex 2.22214 0.842651 0
      vertex 2.64301 0.590393 4.2
      vertex 2.22214 0.842651 4.2
    endloop
  endfacet
  facet normal -0.5141 -0.85773 -0
    outer loop
      vertex 2.64301 0.590393 4.2
      vertex 2.22214 0.842651 0
      vertex 2.64301 0.590393 0
    endloop
  endfacet
  facet normal 0.941093 -0.338149 0
    outer loop
      vertex 119.619 3.08658 4.2
      vertex 119.785 3.54857 0
      vertex 119.785 3.54857 4.2
    endloop
  endfacet
  facet normal 0.941093 -0.338149 0
    outer loop
      vertex 119.785 3.54857 0
      vertex 119.619 3.08658 4.2
      vertex 119.619 3.08658 0
    endloop
  endfacet
  facet normal -0.515211 0.857063 0
    outer loop
      vertex 2.64301 119.41 0
      vertex 2.22214 119.157 4.2
      vertex 2.64301 119.41 4.2
    endloop
  endfacet
  facet normal -0.515211 0.857063 0
    outer loop
      vertex 2.22214 119.157 4.2
      vertex 2.64301 119.41 0
      vertex 2.22214 119.157 0
    endloop
  endfacet
  facet normal -0.426233 0.904613 0
    outer loop
      vertex 3.08658 119.619 0
      vertex 2.64301 119.41 4.2
      vertex 3.08658 119.619 4.2
    endloop
  endfacet
  facet normal -0.426233 0.904613 0
    outer loop
      vertex 2.64301 119.41 4.2
      vertex 3.08658 119.619 0
      vertex 2.64301 119.41 0
    endloop
  endfacet
  facet normal -0.671569 -0.740942 0
    outer loop
      vertex 1.46446 1.46446 0
      vertex 1.82803 1.13493 4.2
      vertex 1.46446 1.46446 4.2
    endloop
  endfacet
  facet normal -0.671569 -0.740942 -0
    outer loop
      vertex 1.82803 1.13493 4.2
      vertex 1.46446 1.46446 0
      vertex 1.82803 1.13493 0
    endloop
  endfacet
  facet normal 0.425895 0.904773 -0
    outer loop
      vertex 117.357 119.41 0
      vertex 116.913 119.619 4.2
      vertex 117.357 119.41 4.2
    endloop
  endfacet
  facet normal 0.425895 0.904773 0
    outer loop
      vertex 116.913 119.619 4.2
      vertex 117.357 119.41 0
      vertex 116.913 119.619 0
    endloop
  endfacet
  facet normal -0.0490391 -0.998797 0
    outer loop
      vertex 4.5099 0.0240631 0
      vertex 4.80048 0.00979614 4.2
      vertex 4.5099 0.0240631 4.2
    endloop
  endfacet
  facet normal -0.0490391 -0.998797 -0
    outer loop
      vertex 4.80048 0.00979614 4.2
      vertex 4.5099 0.0240631 0
      vertex 4.80048 0.00979614 0
    endloop
  endfacet
  facet normal 0.67054 0.741874 -0
    outer loop
      vertex 118.536 118.536 0
      vertex 118.172 118.865 4.2
      vertex 118.536 118.536 4.2
    endloop
  endfacet
  facet normal 0.67054 0.741874 0
    outer loop
      vertex 118.172 118.865 4.2
      vertex 118.536 118.536 0
      vertex 118.172 118.865 0
    endloop
  endfacet
  facet normal 0.857063 -0.515211 0
    outer loop
      vertex 119.157 2.22214 4.2
      vertex 119.41 2.64301 0
      vertex 119.41 2.64301 4.2
    endloop
  endfacet
  facet normal 0.857063 -0.515211 0
    outer loop
      vertex 119.41 2.64301 0
      vertex 119.157 2.22214 4.2
      vertex 119.157 2.22214 0
    endloop
  endfacet
  facet normal 0.904613 -0.426233 0
    outer loop
      vertex 119.41 2.64301 4.2
      vertex 119.619 3.08658 0
      vertex 119.619 3.08658 4.2
    endloop
  endfacet
  facet normal 0.904613 -0.426233 0
    outer loop
      vertex 119.619 3.08658 0
      vertex 119.41 2.64301 4.2
      vertex 119.41 2.64301 0
    endloop
  endfacet
  facet normal 0.513983 -0.8578 0
    outer loop
      vertex 117.357 0.590393 0
      vertex 117.778 0.842651 4.2
      vertex 117.357 0.590393 4.2
    endloop
  endfacet
  facet normal 0.513983 -0.8578 0
    outer loop
      vertex 117.778 0.842651 4.2
      vertex 117.357 0.590393 0
      vertex 117.778 0.842651 0
    endloop
  endfacet
  facet normal -0.595315 0.803492 0
    outer loop
      vertex 2.22214 119.157 0
      vertex 1.82803 118.865 4.2
      vertex 2.22214 119.157 4.2
    endloop
  endfacet
  facet normal -0.595315 0.803492 0
    outer loop
      vertex 1.82803 118.865 4.2
      vertex 2.22214 119.157 0
      vertex 1.82803 118.865 0
    endloop
  endfacet
  facet normal -0.80322 -0.595682 0
    outer loop
      vertex 1.13493 1.82803 0
      vertex 0.842651 2.22214 4.2
      vertex 0.842651 2.22214 0
    endloop
  endfacet
  facet normal -0.80322 -0.595682 0
    outer loop
      vertex 0.842651 2.22214 4.2
      vertex 1.13493 1.82803 0
      vertex 1.13493 1.82803 4.2
    endloop
  endfacet
  facet normal 0.857133 0.515094 0
    outer loop
      vertex 119.41 117.357 4.2
      vertex 119.157 117.778 0
      vertex 119.157 117.778 4.2
    endloop
  endfacet
  facet normal 0.857133 0.515094 0
    outer loop
      vertex 119.157 117.778 0
      vertex 119.41 117.357 4.2
      vertex 119.41 117.357 0
    endloop
  endfacet
  facet normal 0.904773 0.425895 0
    outer loop
      vertex 119.619 116.913 4.2
      vertex 119.41 117.357 0
      vertex 119.41 117.357 4.2
    endloop
  endfacet
  facet normal 0.904773 0.425895 0
    outer loop
      vertex 119.41 117.357 0
      vertex 119.619 116.913 4.2
      vertex 119.619 116.913 0
    endloop
  endfacet
  facet normal -0.595682 -0.80322 0
    outer loop
      vertex 1.82803 1.13493 0
      vertex 2.22214 0.842651 4.2
      vertex 1.82803 1.13493 4.2
    endloop
  endfacet
  facet normal -0.595682 -0.80322 -0
    outer loop
      vertex 2.22214 0.842651 4.2
      vertex 1.82803 1.13493 0
      vertex 2.22214 0.842651 0
    endloop
  endfacet
  facet normal 0.146857 -0.989158 0
    outer loop
      vertex 115.49 0.0240631 0
      vertex 115.975 0.0960693 4.2
      vertex 115.49 0.0240631 4.2
    endloop
  endfacet
  facet normal 0.146857 -0.989158 0
    outer loop
      vertex 115.975 0.0960693 4.2
      vertex 115.49 0.0240631 0
      vertex 115.975 0.0960693 0
    endloop
  endfacet
  facet normal 0.59579 -0.803141 0
    outer loop
      vertex 117.778 0.842651 0
      vertex 118.172 1.13493 4.2
      vertex 117.778 0.842651 4.2
    endloop
  endfacet
  facet normal 0.59579 -0.803141 0
    outer loop
      vertex 118.172 1.13493 4.2
      vertex 117.778 0.842651 0
      vertex 118.172 1.13493 0
    endloop
  endfacet
  facet normal -0.903989 -0.427555 0
    outer loop
      vertex 0.590393 2.64301 0
      vertex 0.3806 3.08658 4.2
      vertex 0.3806 3.08658 0
    endloop
  endfacet
  facet normal -0.903989 -0.427555 0
    outer loop
      vertex 0.3806 3.08658 4.2
      vertex 0.590393 2.64301 0
      vertex 0.590393 2.64301 4.2
    endloop
  endfacet
  facet normal 0.146844 0.98916 -0
    outer loop
      vertex 115.975 119.904 0
      vertex 115.49 119.976 4.2
      vertex 115.975 119.904 4.2
    endloop
  endfacet
  facet normal 0.146844 0.98916 0
    outer loop
      vertex 115.49 119.976 4.2
      vertex 115.975 119.904 0
      vertex 115.49 119.976 0
    endloop
  endfacet
  facet normal -0.33691 -0.941537 0
    outer loop
      vertex 3.08658 0.3806 0
      vertex 3.54857 0.215286 4.2
      vertex 3.08658 0.3806 4.2
    endloop
  endfacet
  facet normal -0.33691 -0.941537 -0
    outer loop
      vertex 3.54857 0.215286 4.2
      vertex 3.08658 0.3806 0
      vertex 3.54857 0.215286 0
    endloop
  endfacet
  facet normal 0.98916 0.146844 0
    outer loop
      vertex 119.976 115.49 4.2
      vertex 119.904 115.975 0
      vertex 119.904 115.975 4.2
    endloop
  endfacet
  facet normal 0.98916 0.146844 0
    outer loop
      vertex 119.904 115.975 0
      vertex 119.976 115.49 4.2
      vertex 119.976 115.49 0
    endloop
  endfacet
  facet normal 0.970143 0.242536 0
    outer loop
      vertex 119.904 115.975 4.2
      vertex 119.785 116.451 0
      vertex 119.785 116.451 4.2
    endloop
  endfacet
  facet normal 0.970143 0.242536 0
    outer loop
      vertex 119.785 116.451 0
      vertex 119.904 115.975 4.2
      vertex 119.904 115.975 0
    endloop
  endfacet
  facet normal -0.670976 0.741479 0
    outer loop
      vertex 1.82803 118.865 0
      vertex 1.46446 118.536 4.2
      vertex 1.82803 118.865 4.2
    endloop
  endfacet
  facet normal -0.670976 0.741479 0
    outer loop
      vertex 1.46446 118.536 4.2
      vertex 1.82803 118.865 0
      vertex 1.46446 118.536 0
    endloop
  endfacet
  facet normal -0.0481237 0.998841 0
    outer loop
      vertex 4.80048 119.99 0
      vertex 4.5099 119.976 4.2
      vertex 4.80048 119.99 4.2
    endloop
  endfacet
  facet normal -0.0481237 0.998841 0
    outer loop
      vertex 4.5099 119.976 4.2
      vertex 4.80048 119.99 0
      vertex 4.5099 119.976 0
    endloop
  endfacet
  facet normal 0.989175 -0.146738 0
    outer loop
      vertex 119.904 4.02454 4.2
      vertex 119.976 4.5099 0
      vertex 119.976 4.5099 4.2
    endloop
  endfacet
  facet normal 0.989175 -0.146738 0
    outer loop
      vertex 119.976 4.5099 0
      vertex 119.904 4.02454 4.2
      vertex 119.904 4.02454 0
    endloop
  endfacet
  facet normal -0.740942 -0.671569 0
    outer loop
      vertex 1.46446 1.46446 0
      vertex 1.13493 1.82803 4.2
      vertex 1.13493 1.82803 0
    endloop
  endfacet
  facet normal -0.740942 -0.671569 0
    outer loop
      vertex 1.13493 1.82803 4.2
      vertex 1.46446 1.46446 0
      vertex 1.46446 1.46446 4.2
    endloop
  endfacet
  facet normal -0.24255 0.970139 0
    outer loop
      vertex 4.02454 119.904 0
      vertex 3.54857 119.785 4.2
      vertex 4.02454 119.904 4.2
    endloop
  endfacet
  facet normal -0.24255 0.970139 0
    outer loop
      vertex 3.54857 119.785 4.2
      vertex 4.02454 119.904 0
      vertex 3.54857 119.785 0
    endloop
  endfacet
  facet normal -0.338149 0.941093 0
    outer loop
      vertex 3.54857 119.785 0
      vertex 3.08658 119.619 4.2
      vertex 3.54857 119.785 4.2
    endloop
  endfacet
  facet normal -0.338149 0.941093 0
    outer loop
      vertex 3.08658 119.619 4.2
      vertex 3.54857 119.785 0
      vertex 3.08658 119.619 0
    endloop
  endfacet
  facet normal -0.858022 0.513613 0
    outer loop
      vertex 4.98061 113.87 -0.4
      vertex 5.12188 114.106 0
      vertex 5.12188 114.106 -0.4
    endloop
  endfacet
  facet normal -0.858022 0.513613 0
    outer loop
      vertex 5.12188 114.106 0
      vertex 4.98061 113.87 -0.4
      vertex 4.98061 113.87 0
    endloop
  endfacet
  facet normal -0.670493 0.741916 0
    outer loop
      vertex 5.6737 114.714 -0.4
      vertex 5.4701 114.53 0
      vertex 5.6737 114.714 0
    endloop
  endfacet
  facet normal -0.670493 0.741916 0
    outer loop
      vertex 5.4701 114.53 0
      vertex 5.6737 114.714 -0.4
      vertex 5.4701 114.53 -0.4
    endloop
  endfacet
  facet normal -0.740937 -0.671574 0
    outer loop
      vertex 5.4701 5.4701 -0.4
      vertex 5.28556 5.6737 0
      vertex 5.28556 5.6737 -0.4
    endloop
  endfacet
  facet normal -0.740937 -0.671574 0
    outer loop
      vertex 5.28556 5.6737 0
      vertex 5.4701 5.4701 -0.4
      vertex 5.4701 5.4701 0
    endloop
  endfacet
  facet normal 0 1 -0
    outer loop
      vertex 112.55 115.35 -0.4
      vertex 7.44999 115.35 0
      vertex 112.55 115.35 0
    endloop
  endfacet
  facet normal 0 1 0
    outer loop
      vertex 7.44999 115.35 0
      vertex 112.55 115.35 -0.4
      vertex 7.44999 115.35 -0.4
    endloop
  endfacet
  facet normal -0.989175 -0.146739 0
    outer loop
      vertex 4.70379 6.90374 -0.4
      vertex 4.66347 7.17554 0
      vertex 4.66347 7.17554 -0.4
    endloop
  endfacet
  facet normal -0.989175 -0.146739 0
    outer loop
      vertex 4.66347 7.17554 0
      vertex 4.70379 6.90374 -0.4
      vertex 4.70379 6.90374 0
    endloop
  endfacet
  facet normal 0.24339 0.969928 -0
    outer loop
      vertex 113.363 115.229 -0.4
      vertex 113.096 115.296 0
      vertex 113.363 115.229 0
    endloop
  endfacet
  facet normal 0.24339 0.969928 0
    outer loop
      vertex 113.096 115.296 0
      vertex 113.363 115.229 -0.4
      vertex 113.096 115.296 -0.4
    endloop
  endfacet
  facet normal -0.596445 0.802654 0
    outer loop
      vertex 5.8944 114.878 -0.4
      vertex 5.6737 114.714 0
      vertex 5.8944 114.878 0
    endloop
  endfacet
  facet normal -0.596445 0.802654 0
    outer loop
      vertex 5.6737 114.714 0
      vertex 5.8944 114.878 -0.4
      vertex 5.6737 114.714 -0.4
    endloop
  endfacet
  facet normal -0.998798 -0.049021 0
    outer loop
      vertex 4.66347 7.17554 -0.4
      vertex 4.65 7.44999 0
      vertex 4.65 7.44999 -0.4
    endloop
  endfacet
  facet normal -0.998798 -0.049021 0
    outer loop
      vertex 4.65 7.44999 0
      vertex 4.66347 7.17554 -0.4
      vertex 4.66347 7.17554 0
    endloop
  endfacet
  facet normal -0.513387 0.858157 0
    outer loop
      vertex 6.13009 115.019 -0.4
      vertex 5.8944 114.878 0
      vertex 6.13009 115.019 0
    endloop
  endfacet
  facet normal -0.513387 0.858157 0
    outer loop
      vertex 5.8944 114.878 0
      vertex 6.13009 115.019 -0.4
      vertex 5.8944 114.878 -0.4
    endloop
  endfacet
  facet normal 0.998876 0.0473919 0
    outer loop
      vertex 115.35 112.55 0
      vertex 115.337 112.824 -0.4
      vertex 115.337 112.824 0
    endloop
  endfacet
  facet normal 0.998876 0.0473919 0
    outer loop
      vertex 115.337 112.824 -0.4
      vertex 115.35 112.55 0
      vertex 115.35 112.55 -0.4
    endloop
  endfacet
  facet normal -1 0 0
    outer loop
      vertex 4.65 7.44999 -0.4
      vertex 4.65 112.55 0
      vertex 4.65 112.55 -0.4
    endloop
  endfacet
  facet normal -1 -0 0
    outer loop
      vertex 4.65 112.55 0
      vertex 4.65 7.44999 -0.4
      vertex 4.65 7.44999 0
    endloop
  endfacet
  facet normal 0.669769 0.74257 -0
    outer loop
      vertex 114.53 114.53 -0.4
      vertex 114.326 114.714 0
      vertex 114.53 114.53 0
    endloop
  endfacet
  facet normal 0.669769 0.74257 0
    outer loop
      vertex 114.326 114.714 0
      vertex 114.53 114.53 -0.4
      vertex 114.326 114.714 -0.4
    endloop
  endfacet
  facet normal 1 -0 0
    outer loop
      vertex 115.35 7.44999 0
      vertex 115.35 112.55 -0.4
      vertex 115.35 112.55 0
    endloop
  endfacet
  facet normal 1 0 0
    outer loop
      vertex 115.35 112.55 -0.4
      vertex 115.35 7.44999 0
      vertex 115.35 7.44999 -0.4
    endloop
  endfacet
  facet normal 0 -1 0
    outer loop
      vertex 7.44999 4.65 -0.4
      vertex 112.55 4.65 0
      vertex 7.44999 4.65 0
    endloop
  endfacet
  facet normal 0 -1 -0
    outer loop
      vertex 112.55 4.65 0
      vertex 7.44999 4.65 -0.4
      vertex 112.55 4.65 -0.4
    endloop
  endfacet
  facet normal 0.988829 0.149051 0
    outer loop
      vertex 115.337 112.824 0
      vertex 115.296 113.096 -0.4
      vertex 115.296 113.096 0
    endloop
  endfacet
  facet normal 0.988829 0.149051 0
    outer loop
      vertex 115.296 113.096 -0.4
      vertex 115.337 112.824 0
      vertex 115.337 112.824 -0.4
    endloop
  endfacet
  facet normal 0.0491013 -0.998794 0
    outer loop
      vertex 112.55 4.65 -0.4
      vertex 112.824 4.66347 0
      vertex 112.55 4.65 0
    endloop
  endfacet
  facet normal 0.0491013 -0.998794 0
    outer loop
      vertex 112.824 4.66347 0
      vertex 112.55 4.65 -0.4
      vertex 112.824 4.66347 -0.4
    endloop
  endfacet
  facet normal -0.970027 -0.242998 0
    outer loop
      vertex 4.77056 6.6372 -0.4
      vertex 4.70379 6.90374 0
      vertex 4.70379 6.90374 -0.4
    endloop
  endfacet
  facet normal -0.970027 -0.242998 0
    outer loop
      vertex 4.70379 6.90374 0
      vertex 4.77056 6.6372 -0.4
      vertex 4.77056 6.6372 0
    endloop
  endfacet
  facet normal 0.428105 -0.903729 0
    outer loop
      vertex 113.622 4.86313 -0.4
      vertex 113.87 4.98061 0
      vertex 113.622 4.86313 0
    endloop
  endfacet
  facet normal 0.428105 -0.903729 0
    outer loop
      vertex 113.87 4.98061 0
      vertex 113.622 4.86313 -0.4
      vertex 113.87 4.98061 -0.4
    endloop
  endfacet
  facet normal 0.336562 -0.941661 0
    outer loop
      vertex 113.363 4.77056 -0.4
      vertex 113.622 4.86313 0
      vertex 113.363 4.77056 0
    endloop
  endfacet
  facet normal 0.336562 -0.941661 0
    outer loop
      vertex 113.622 4.86313 0
      vertex 113.363 4.77056 -0.4
      vertex 113.622 4.86313 -0.4
    endloop
  endfacet
  facet normal 0.802654 -0.596445 0
    outer loop
      vertex 114.714 5.6737 0
      vertex 114.878 5.8944 -0.4
      vertex 114.878 5.8944 0
    endloop
  endfacet
  facet normal 0.802654 -0.596445 0
    outer loop
      vertex 114.878 5.8944 -0.4
      vertex 114.714 5.6737 0
      vertex 114.714 5.6737 -0.4
    endloop
  endfacet
  facet normal 0.969829 -0.243785 0
    outer loop
      vertex 115.229 6.6372 0
      vertex 115.296 6.90374 -0.4
      vertex 115.296 6.90374 0
    endloop
  endfacet
  facet normal 0.969829 -0.243785 0
    outer loop
      vertex 115.296 6.90374 -0.4
      vertex 115.229 6.6372 0
      vertex 115.229 6.6372 -0.4
    endloop
  endfacet
  facet normal -0.429086 0.903263 0
    outer loop
      vertex 6.37849 115.137 -0.4
      vertex 6.13009 115.019 0
      vertex 6.37849 115.137 0
    endloop
  endfacet
  facet normal -0.429086 0.903263 0
    outer loop
      vertex 6.13009 115.019 0
      vertex 6.37849 115.137 -0.4
      vertex 6.13009 115.019 -0.4
    endloop
  endfacet
  facet normal -0.970125 0.242604 0
    outer loop
      vertex 4.70379 113.096 -0.4
      vertex 4.77056 113.363 0
      vertex 4.77056 113.363 -0.4
    endloop
  endfacet
  facet normal -0.970125 0.242604 0
    outer loop
      vertex 4.77056 113.363 0
      vertex 4.70379 113.096 -0.4
      vertex 4.70379 113.096 0
    endloop
  endfacet
  facet normal 0.597665 0.801746 -0
    outer loop
      vertex 114.326 114.714 -0.4
      vertex 114.106 114.878 0
      vertex 114.326 114.714 0
    endloop
  endfacet
  facet normal 0.597665 0.801746 0
    outer loop
      vertex 114.106 114.878 0
      vertex 114.326 114.714 -0.4
      vertex 114.106 114.878 -0.4
    endloop
  endfacet
  facet normal -0.903996 -0.427542 0
    outer loop
      vertex 4.98061 6.13009 -0.4
      vertex 4.86313 6.37849 0
      vertex 4.86313 6.37849 -0.4
    endloop
  endfacet
  facet normal -0.903996 -0.427542 0
    outer loop
      vertex 4.86313 6.37849 0
      vertex 4.98061 6.13009 -0.4
      vertex 4.98061 6.13009 0
    endloop
  endfacet
  facet normal 0.903263 -0.429086 0
    outer loop
      vertex 115.019 6.13009 0
      vertex 115.137 6.37849 -0.4
      vertex 115.137 6.37849 0
    endloop
  endfacet
  facet normal 0.903263 -0.429086 0
    outer loop
      vertex 115.137 6.37849 -0.4
      vertex 115.019 6.13009 0
      vertex 115.019 6.13009 -0.4
    endloop
  endfacet
  facet normal 0.149051 0.988829 -0
    outer loop
      vertex 113.096 115.296 -0.4
      vertex 112.824 115.337 0
      vertex 113.096 115.296 0
    endloop
  endfacet
  facet normal 0.149051 0.988829 0
    outer loop
      vertex 112.824 115.337 0
      vertex 113.096 115.296 -0.4
      vertex 112.824 115.337 -0.4
    endloop
  endfacet
  facet normal 0.51289 0.858454 -0
    outer loop
      vertex 114.106 114.878 -0.4
      vertex 113.87 115.019 0
      vertex 114.106 114.878 0
    endloop
  endfacet
  facet normal 0.51289 0.858454 0
    outer loop
      vertex 113.87 115.019 0
      vertex 114.106 114.878 -0.4
      vertex 113.87 115.019 -0.4
    endloop
  endfacet
  facet normal 0.67085 -0.741593 0
    outer loop
      vertex 114.326 5.28556 -0.4
      vertex 114.53 5.4701 0
      vertex 114.326 5.28556 0
    endloop
  endfacet
  facet normal 0.67085 -0.741593 0
    outer loop
      vertex 114.53 5.4701 0
      vertex 114.326 5.28556 -0.4
      vertex 114.53 5.4701 -0.4
    endloop
  endfacet
  facet normal -0.802305 0.596915 0
    outer loop
      vertex 5.12188 114.106 -0.4
      vertex 5.28556 114.326 0
      vertex 5.28556 114.326 -0.4
    endloop
  endfacet
  facet normal -0.802305 0.596915 0
    outer loop
      vertex 5.28556 114.326 0
      vertex 5.12188 114.106 -0.4
      vertex 5.12188 114.106 0
    endloop
  endfacet
  facet normal -0.941661 0.336562 0
    outer loop
      vertex 4.77056 113.363 -0.4
      vertex 4.86313 113.622 0
      vertex 4.86313 113.622 -0.4
    endloop
  endfacet
  facet normal -0.941661 0.336562 0
    outer loop
      vertex 4.86313 113.622 0
      vertex 4.77056 113.363 -0.4
      vertex 4.77056 113.363 0
    endloop
  endfacet
  facet normal -0.335056 0.942198 0
    outer loop
      vertex 6.6372 115.229 -0.4
      vertex 6.37849 115.137 0
      vertex 6.6372 115.229 0
    endloop
  endfacet
  facet normal -0.335056 0.942198 0
    outer loop
      vertex 6.37849 115.137 0
      vertex 6.6372 115.229 -0.4
      vertex 6.37849 115.137 -0.4
    endloop
  endfacet
  facet normal -0.595694 -0.803211 0
    outer loop
      vertex 5.6737 5.28556 -0.4
      vertex 5.8944 5.12188 0
      vertex 5.6737 5.28556 0
    endloop
  endfacet
  facet normal -0.595694 -0.803211 -0
    outer loop
      vertex 5.8944 5.12188 0
      vertex 5.6737 5.28556 -0.4
      vertex 5.8944 5.12188 -0.4
    endloop
  endfacet
  facet normal 0.99888 -0.0473144 0
    outer loop
      vertex 115.337 7.17554 0
      vertex 115.35 7.44999 -0.4
      vertex 115.35 7.44999 0
    endloop
  endfacet
  facet normal 0.99888 -0.0473144 0
    outer loop
      vertex 115.35 7.44999 -0.4
      vertex 115.337 7.17554 0
      vertex 115.337 7.17554 -0.4
    endloop
  endfacet
  facet normal -0.989191 0.146633 0
    outer loop
      vertex 4.66347 112.824 -0.4
      vertex 4.70379 113.096 0
      vertex 4.70379 113.096 -0.4
    endloop
  endfacet
  facet normal -0.989191 0.146633 0
    outer loop
      vertex 4.70379 113.096 0
      vertex 4.66347 112.824 -0.4
      vertex 4.66347 112.824 0
    endloop
  endfacet
  facet normal -0.998794 0.0491013 0
    outer loop
      vertex 4.65 112.55 -0.4
      vertex 4.66347 112.824 0
      vertex 4.66347 112.824 -0.4
    endloop
  endfacet
  facet normal -0.998794 0.0491013 0
    outer loop
      vertex 4.66347 112.824 0
      vertex 4.65 112.55 -0.4
      vertex 4.65 112.55 0
    endloop
  endfacet
  facet normal 0.242604 -0.970125 0
    outer loop
      vertex 113.096 4.70379 -0.4
      vertex 113.363 4.77056 0
      vertex 113.096 4.70379 0
    endloop
  endfacet
  facet normal 0.242604 -0.970125 0
    outer loop
      vertex 113.363 4.77056 0
      vertex 113.096 4.70379 -0.4
      vertex 113.363 4.77056 -0.4
    endloop
  endfacet
  facet normal -0.941542 -0.336897 0
    outer loop
      vertex 4.86313 6.37849 -0.4
      vertex 4.77056 6.6372 0
      vertex 4.77056 6.6372 -0.4
    endloop
  endfacet
  facet normal -0.941542 -0.336897 0
    outer loop
      vertex 4.77056 6.6372 0
      vertex 4.86313 6.37849 -0.4
      vertex 4.86313 6.37849 0
    endloop
  endfacet
  facet normal -0.149159 0.988813 0
    outer loop
      vertex 7.17554 115.337 -0.4
      vertex 6.90374 115.296 0
      vertex 7.17554 115.337 0
    endloop
  endfacet
  facet normal -0.149159 0.988813 0
    outer loop
      vertex 6.90374 115.296 0
      vertex 7.17554 115.337 -0.4
      vertex 6.90374 115.296 -0.4
    endloop
  endfacet
  facet normal -0.0473144 0.99888 0
    outer loop
      vertex 7.44999 115.35 -0.4
      vertex 7.17554 115.337 0
      vertex 7.44999 115.35 0
    endloop
  endfacet
  facet normal -0.0473144 0.99888 0
    outer loop
      vertex 7.17554 115.337 0
      vertex 7.44999 115.35 -0.4
      vertex 7.17554 115.337 -0.4
    endloop
  endfacet
  facet normal 0.988813 -0.149159 0
    outer loop
      vertex 115.296 6.90374 0
      vertex 115.337 7.17554 -0.4
      vertex 115.337 7.17554 0
    endloop
  endfacet
  facet normal 0.988813 -0.149159 0
    outer loop
      vertex 115.337 7.17554 -0.4
      vertex 115.296 6.90374 0
      vertex 115.296 6.90374 -0.4
    endloop
  endfacet
  facet normal 0.969928 0.24339 0
    outer loop
      vertex 115.296 113.096 0
      vertex 115.229 113.363 -0.4
      vertex 115.229 113.363 0
    endloop
  endfacet
  facet normal 0.969928 0.24339 0
    outer loop
      vertex 115.229 113.363 -0.4
      vertex 115.296 113.096 0
      vertex 115.296 113.096 -0.4
    endloop
  endfacet
  facet normal 0.902995 0.429651 0
    outer loop
      vertex 115.137 113.622 0
      vertex 115.019 113.87 -0.4
      vertex 115.019 113.87 0
    endloop
  endfacet
  facet normal 0.902995 0.429651 0
    outer loop
      vertex 115.019 113.87 -0.4
      vertex 115.137 113.622 0
      vertex 115.137 113.622 -0.4
    endloop
  endfacet
  facet normal -0.242998 -0.970027 0
    outer loop
      vertex 6.6372 4.77056 -0.4
      vertex 6.90374 4.70379 0
      vertex 6.6372 4.77056 0
    endloop
  endfacet
  facet normal -0.242998 -0.970027 -0
    outer loop
      vertex 6.90374 4.70379 0
      vertex 6.6372 4.77056 -0.4
      vertex 6.90374 4.70379 -0.4
    endloop
  endfacet
  facet normal -0.049021 -0.998798 0
    outer loop
      vertex 7.17554 4.66347 -0.4
      vertex 7.44999 4.65 0
      vertex 7.17554 4.66347 0
    endloop
  endfacet
  facet normal -0.049021 -0.998798 -0
    outer loop
      vertex 7.44999 4.65 0
      vertex 7.17554 4.66347 -0.4
      vertex 7.44999 4.65 -0.4
    endloop
  endfacet
  facet normal -0.146739 -0.989175 0
    outer loop
      vertex 6.90374 4.70379 -0.4
      vertex 7.17554 4.66347 0
      vertex 6.90374 4.70379 0
    endloop
  endfacet
  facet normal -0.146739 -0.989175 -0
    outer loop
      vertex 7.17554 4.66347 0
      vertex 6.90374 4.70379 -0.4
      vertex 7.17554 4.66347 -0.4
    endloop
  endfacet
  facet normal 0.74257 0.669769 0
    outer loop
      vertex 114.714 114.326 0
      vertex 114.53 114.53 -0.4
      vertex 114.53 114.53 0
    endloop
  endfacet
  facet normal 0.74257 0.669769 0
    outer loop
      vertex 114.53 114.53 -0.4
      vertex 114.714 114.326 0
      vertex 114.714 114.326 -0.4
    endloop
  endfacet
  facet normal -0.741593 0.67085 0
    outer loop
      vertex 5.28556 114.326 -0.4
      vertex 5.4701 114.53 0
      vertex 5.4701 114.53 -0.4
    endloop
  endfacet
  facet normal -0.741593 0.67085 0
    outer loop
      vertex 5.4701 114.53 0
      vertex 5.28556 114.326 -0.4
      vertex 5.28556 114.326 0
    endloop
  endfacet
  facet normal 0.801746 0.597665 0
    outer loop
      vertex 114.878 114.106 0
      vertex 114.714 114.326 -0.4
      vertex 114.714 114.326 0
    endloop
  endfacet
  facet normal 0.801746 0.597665 0
    outer loop
      vertex 114.714 114.326 -0.4
      vertex 114.878 114.106 0
      vertex 114.878 114.106 -0.4
    endloop
  endfacet
  facet normal -0.903729 0.428105 0
    outer loop
      vertex 4.86313 113.622 -0.4
      vertex 4.98061 113.87 0
      vertex 4.98061 113.87 -0.4
    endloop
  endfacet
  facet normal -0.903729 0.428105 0
    outer loop
      vertex 4.98061 113.87 0
      vertex 4.86313 113.622 -0.4
      vertex 4.86313 113.622 0
    endloop
  endfacet
  facet normal 0.942198 -0.335056 0
    outer loop
      vertex 115.137 6.37849 0
      vertex 115.229 6.6372 -0.4
      vertex 115.229 6.6372 0
    endloop
  endfacet
  facet normal 0.942198 -0.335056 0
    outer loop
      vertex 115.229 6.6372 -0.4
      vertex 115.137 6.37849 0
      vertex 115.137 6.37849 -0.4
    endloop
  endfacet
  facet normal 0.858454 0.51289 0
    outer loop
      vertex 115.019 113.87 0
      vertex 114.878 114.106 -0.4
      vertex 114.878 114.106 0
    endloop
  endfacet
  facet normal 0.858454 0.51289 0
    outer loop
      vertex 114.878 114.106 -0.4
      vertex 115.019 113.87 0
      vertex 115.019 113.87 -0.4
    endloop
  endfacet
  facet normal 0.429651 0.902995 -0
    outer loop
      vertex 113.87 115.019 -0.4
      vertex 113.622 115.137 0
      vertex 113.87 115.019 0
    endloop
  endfacet
  facet normal 0.429651 0.902995 0
    outer loop
      vertex 113.622 115.137 0
      vertex 113.87 115.019 -0.4
      vertex 113.622 115.137 -0.4
    endloop
  endfacet
  facet normal -0.857724 -0.51411 0
    outer loop
      vertex 5.12188 5.8944 -0.4
      vertex 4.98061 6.13009 0
      vertex 4.98061 6.13009 -0.4
    endloop
  endfacet
  facet normal -0.857724 -0.51411 0
    outer loop
      vertex 4.98061 6.13009 0
      vertex 5.12188 5.8944 -0.4
      vertex 5.12188 5.8944 0
    endloop
  endfacet
  facet normal 0.596915 -0.802305 0
    outer loop
      vertex 114.106 5.12188 -0.4
      vertex 114.326 5.28556 0
      vertex 114.106 5.12188 0
    endloop
  endfacet
  facet normal 0.596915 -0.802305 0
    outer loop
      vertex 114.326 5.28556 0
      vertex 114.106 5.12188 -0.4
      vertex 114.326 5.28556 -0.4
    endloop
  endfacet
  facet normal 0.858157 -0.513387 0
    outer loop
      vertex 114.878 5.8944 0
      vertex 115.019 6.13009 -0.4
      vertex 115.019 6.13009 0
    endloop
  endfacet
  facet normal 0.858157 -0.513387 0
    outer loop
      vertex 115.019 6.13009 -0.4
      vertex 114.878 5.8944 0
      vertex 114.878 5.8944 -0.4
    endloop
  endfacet
  facet normal -0.243785 0.969829 0
    outer loop
      vertex 6.90374 115.296 -0.4
      vertex 6.6372 115.229 0
      vertex 6.90374 115.296 0
    endloop
  endfacet
  facet normal -0.243785 0.969829 0
    outer loop
      vertex 6.6372 115.229 0
      vertex 6.90374 115.296 -0.4
      vertex 6.6372 115.229 -0.4
    endloop
  endfacet
  facet normal 0.146633 -0.989191 0
    outer loop
      vertex 112.824 4.66347 -0.4
      vertex 113.096 4.70379 0
      vertex 112.824 4.66347 0
    endloop
  endfacet
  facet normal 0.146633 -0.989191 0
    outer loop
      vertex 113.096 4.70379 0
      vertex 112.824 4.66347 -0.4
      vertex 113.096 4.70379 -0.4
    endloop
  endfacet
  facet normal -0.336897 -0.941542 0
    outer loop
      vertex 6.37849 4.86313 -0.4
      vertex 6.6372 4.77056 0
      vertex 6.37849 4.86313 0
    endloop
  endfacet
  facet normal -0.336897 -0.941542 -0
    outer loop
      vertex 6.6372 4.77056 0
      vertex 6.37849 4.86313 -0.4
      vertex 6.6372 4.77056 -0.4
    endloop
  endfacet
  facet normal 0.0473919 0.998876 -0
    outer loop
      vertex 112.824 115.337 -0.4
      vertex 112.55 115.35 0
      vertex 112.824 115.337 0
    endloop
  endfacet
  facet normal 0.0473919 0.998876 0
    outer loop
      vertex 112.55 115.35 0
      vertex 112.824 115.337 -0.4
      vertex 112.55 115.35 -0.4
    endloop
  endfacet
  facet normal -0.51411 -0.857724 0
    outer loop
      vertex 5.8944 5.12188 -0.4
      vertex 6.13009 4.98061 0
      vertex 5.8944 5.12188 0
    endloop
  endfacet
  facet normal -0.51411 -0.857724 -0
    outer loop
      vertex 6.13009 4.98061 0
      vertex 5.8944 5.12188 -0.4
      vertex 6.13009 4.98061 -0.4
    endloop
  endfacet
  facet normal -0.671574 -0.740937 0
    outer loop
      vertex 5.4701 5.4701 -0.4
      vertex 5.6737 5.28556 0
      vertex 5.4701 5.4701 0
    endloop
  endfacet
  facet normal -0.671574 -0.740937 -0
    outer loop
      vertex 5.6737 5.28556 0
      vertex 5.4701 5.4701 -0.4
      vertex 5.6737 5.28556 -0.4
    endloop
  endfacet
  facet normal 0.334723 0.942317 -0
    outer loop
      vertex 113.622 115.137 -0.4
      vertex 113.363 115.229 0
      vertex 113.622 115.137 0
    endloop
  endfacet
  facet normal 0.334723 0.942317 0
    outer loop
      vertex 113.363 115.229 0
      vertex 113.622 115.137 -0.4
      vertex 113.363 115.229 -0.4
    endloop
  endfacet
  facet normal 0.942317 0.334723 0
    outer loop
      vertex 115.229 113.363 0
      vertex 115.137 113.622 -0.4
      vertex 115.137 113.622 0
    endloop
  endfacet
  facet normal 0.942317 0.334723 0
    outer loop
      vertex 115.137 113.622 -0.4
      vertex 115.229 113.363 0
      vertex 115.229 113.363 -0.4
    endloop
  endfacet
  facet normal 0.741916 -0.670493 0
    outer loop
      vertex 114.53 5.4701 0
      vertex 114.714 5.6737 -0.4
      vertex 114.714 5.6737 0
    endloop
  endfacet
  facet normal 0.741916 -0.670493 0
    outer loop
      vertex 114.714 5.6737 -0.4
      vertex 114.53 5.4701 0
      vertex 114.53 5.4701 -0.4
    endloop
  endfacet
  facet normal -0.803211 -0.595694 0
    outer loop
      vertex 5.28556 5.6737 -0.4
      vertex 5.12188 5.8944 0
      vertex 5.12188 5.8944 -0.4
    endloop
  endfacet
  facet normal -0.803211 -0.595694 0
    outer loop
      vertex 5.12188 5.8944 0
      vertex 5.28556 5.6737 -0.4
      vertex 5.28556 5.6737 0
    endloop
  endfacet
  facet normal -0.427542 -0.903996 0
    outer loop
      vertex 6.13009 4.98061 -0.4
      vertex 6.37849 4.86313 0
      vertex 6.13009 4.98061 0
    endloop
  endfacet
  facet normal -0.427542 -0.903996 -0
    outer loop
      vertex 6.37849 4.86313 0
      vertex 6.13009 4.98061 -0.4
      vertex 6.37849 4.86313 -0.4
    endloop
  endfacet
  facet normal 0.513613 -0.858022 0
    outer loop
      vertex 113.87 4.98061 -0.4
      vertex 114.106 5.12188 0
      vertex 113.87 4.98061 0
    endloop
  endfacet
  facet normal 0.513613 -0.858022 0
    outer loop
      vertex 114.106 5.12188 0
      vertex 113.87 4.98061 -0.4
      vertex 114.106 5.12188 -0.4
    endloop
  endfacet
  facet normal 0 0 -1
    outer loop
      vertex 113.035 7.59392 -0.4
      vertex 115.35 7.44999 -0.4
      vertex 115.337 7.17554 -0.4
    endloop
  endfacet
  facet normal 0 0 -1
    outer loop
      vertex 115.35 7.44999 -0.4
      vertex 113.05 7.74999 -0.4
      vertex 115.35 112.55 -0.4
    endloop
  endfacet
  facet normal 0 0 -1
    outer loop
      vertex 113.016 7.51776 -0.4
      vertex 115.337 7.17554 -0.4
      vertex 115.296 6.90374 -0.4
    endloop
  endfacet
  facet normal 0 0 -1
    outer loop
      vertex 113.05 112.25 -0.4
      vertex 115.35 112.55 -0.4
      vertex 113.05 7.74999 -0.4
    endloop
  endfacet
  facet normal 0 0 -1
    outer loop
      vertex 112.989 7.44385 -0.4
      vertex 115.296 6.90374 -0.4
      vertex 115.229 6.6372 -0.4
    endloop
  endfacet
  facet normal 0 0 -1
    outer loop
      vertex 113.046 112.328 -0.4
      vertex 115.35 112.55 -0.4
      vertex 113.05 112.25 -0.4
    endloop
  endfacet
  facet normal 0 0 -1
    outer loop
      vertex 112.989 7.44385 -0.4
      vertex 115.229 6.6372 -0.4
      vertex 115.137 6.37849 -0.4
    endloop
  endfacet
  facet normal 0 0 -1
    outer loop
      vertex 113.035 112.406 -0.4
      vertex 115.35 112.55 -0.4
      vertex 113.046 112.328 -0.4
    endloop
  endfacet
  facet normal 0 0 -1
    outer loop
      vertex 112.956 7.37288 -0.4
      vertex 115.137 6.37849 -0.4
      vertex 115.019 6.13009 -0.4
    endloop
  endfacet
  facet normal -0 0 -1
    outer loop
      vertex 115.35 112.55 -0.4
      vertex 113.035 112.406 -0.4
      vertex 115.337 112.824 -0.4
    endloop
  endfacet
  facet normal 0 0 -1
    outer loop
      vertex 112.915 7.30553 -0.4
      vertex 115.019 6.13009 -0.4
      vertex 114.878 5.8944 -0.4
    endloop
  endfacet
  facet normal 0 0 -1
    outer loop
      vertex 113.016 112.482 -0.4
      vertex 115.337 112.824 -0.4
      vertex 113.035 112.406 -0.4
    endloop
  endfacet
  facet normal 0 0 -1
    outer loop
      vertex 112.868 7.24248 -0.4
      vertex 114.878 5.8944 -0.4
      vertex 114.714 5.6737 -0.4
    endloop
  endfacet
  facet normal -0 0 -1
    outer loop
      vertex 115.337 112.824 -0.4
      vertex 113.016 112.482 -0.4
      vertex 115.296 113.096 -0.4
    endloop
  endfacet
  facet normal 0 0 -1
    outer loop
      vertex 112.816 7.18431 -0.4
      vertex 114.714 5.6737 -0.4
      vertex 114.53 5.4701 -0.4
    endloop
  endfacet
  facet normal 0 0 -1
    outer loop
      vertex 112.989 112.556 -0.4
      vertex 115.296 113.096 -0.4
      vertex 113.016 112.482 -0.4
    endloop
  endfacet
  facet normal 0 0 -1
    outer loop
      vertex 112.816 7.18431 -0.4
      vertex 114.53 5.4701 -0.4
      vertex 114.326 5.28556 -0.4
    endloop
  endfacet
  facet normal -0 0 -1
    outer loop
      vertex 115.296 113.096 -0.4
      vertex 112.989 112.556 -0.4
      vertex 115.229 113.363 -0.4
    endloop
  endfacet
  facet normal 0 0 -1
    outer loop
      vertex 112.758 7.13158 -0.4
      vertex 114.326 5.28556 -0.4
      vertex 114.106 5.12188 -0.4
    endloop
  endfacet
  facet normal -0 0 -1
    outer loop
      vertex 115.229 113.363 -0.4
      vertex 112.989 112.556 -0.4
      vertex 115.137 113.622 -0.4
    endloop
  endfacet
  facet normal 0 0 -1
    outer loop
      vertex 112.694 7.08481 -0.4
      vertex 114.106 5.12188 -0.4
      vertex 113.87 4.98061 -0.4
    endloop
  endfacet
  facet normal 0 0 -1
    outer loop
      vertex 112.956 112.627 -0.4
      vertex 115.137 113.622 -0.4
      vertex 112.989 112.556 -0.4
    endloop
  endfacet
  facet normal 0 0 -1
    outer loop
      vertex 112.627 7.04445 -0.4
      vertex 113.87 4.98061 -0.4
      vertex 113.622 4.86313 -0.4
    endloop
  endfacet
  facet normal -0 0 -1
    outer loop
      vertex 115.137 113.622 -0.4
      vertex 112.956 112.627 -0.4
      vertex 115.019 113.87 -0.4
    endloop
  endfacet
  facet normal 0 0 -1
    outer loop
      vertex 112.556 7.01088 -0.4
      vertex 113.622 4.86313 -0.4
      vertex 113.363 4.77056 -0.4
    endloop
  endfacet
  facet normal 0 0 -1
    outer loop
      vertex 112.915 112.694 -0.4
      vertex 115.019 113.87 -0.4
      vertex 112.956 112.627 -0.4
    endloop
  endfacet
  facet normal 0 0 -1
    outer loop
      vertex 112.556 7.01088 -0.4
      vertex 113.363 4.77056 -0.4
      vertex 113.096 4.70379 -0.4
    endloop
  endfacet
  facet normal -0 0 -1
    outer loop
      vertex 115.019 113.87 -0.4
      vertex 112.915 112.694 -0.4
      vertex 114.878 114.106 -0.4
    endloop
  endfacet
  facet normal 0 0 -1
    outer loop
      vertex 112.868 112.758 -0.4
      vertex 114.878 114.106 -0.4
      vertex 112.915 112.694 -0.4
    endloop
  endfacet
  facet normal 0 0 -1
    outer loop
      vertex 115.35 7.44999 -0.4
      vertex 113.046 7.67157 -0.4
      vertex 113.05 7.74999 -0.4
    endloop
  endfacet
  facet normal 0 0 -1
    outer loop
      vertex 115.35 7.44999 -0.4
      vertex 113.035 7.59392 -0.4
      vertex 113.046 7.67157 -0.4
    endloop
  endfacet
  facet normal 0 0 -1
    outer loop
      vertex 115.337 7.17554 -0.4
      vertex 113.016 7.51776 -0.4
      vertex 113.035 7.59392 -0.4
    endloop
  endfacet
  facet normal 0 0 -1
    outer loop
      vertex 115.296 6.90374 -0.4
      vertex 112.989 7.44385 -0.4
      vertex 113.016 7.51776 -0.4
    endloop
  endfacet
  facet normal 0 0 -1
    outer loop
      vertex 115.137 6.37849 -0.4
      vertex 112.956 7.37288 -0.4
      vertex 112.989 7.44385 -0.4
    endloop
  endfacet
  facet normal 0 0 -1
    outer loop
      vertex 115.019 6.13009 -0.4
      vertex 112.915 7.30553 -0.4
      vertex 112.956 7.37288 -0.4
    endloop
  endfacet
  facet normal 0 0 -1
    outer loop
      vertex 114.878 5.8944 -0.4
      vertex 112.868 7.24248 -0.4
      vertex 112.915 7.30553 -0.4
    endloop
  endfacet
  facet normal 0 0 -1
    outer loop
      vertex 112.482 6.98444 -0.4
      vertex 113.096 4.70379 -0.4
      vertex 112.824 4.66347 -0.4
    endloop
  endfacet
  facet normal 0 0 -1
    outer loop
      vertex 114.714 5.6737 -0.4
      vertex 112.816 7.18431 -0.4
      vertex 112.868 7.24248 -0.4
    endloop
  endfacet
  facet normal 0 0 -1
    outer loop
      vertex 114.326 5.28556 -0.4
      vertex 112.758 7.13158 -0.4
      vertex 112.816 7.18431 -0.4
    endloop
  endfacet
  facet normal 0 0 -1
    outer loop
      vertex 114.106 5.12188 -0.4
      vertex 112.694 7.08481 -0.4
      vertex 112.758 7.13158 -0.4
    endloop
  endfacet
  facet normal 0 0 -1
    outer loop
      vertex 113.87 4.98061 -0.4
      vertex 112.627 7.04445 -0.4
      vertex 112.694 7.08481 -0.4
    endloop
  endfacet
  facet normal 0 0 -1
    outer loop
      vertex 113.622 4.86313 -0.4
      vertex 112.556 7.01088 -0.4
      vertex 112.627 7.04445 -0.4
    endloop
  endfacet
  facet normal 0 0 -1
    outer loop
      vertex 112.406 6.96536 -0.4
      vertex 112.824 4.66347 -0.4
      vertex 112.55 4.65 -0.4
    endloop
  endfacet
  facet normal 0 0 -1
    outer loop
      vertex 113.096 4.70379 -0.4
      vertex 112.482 6.98444 -0.4
      vertex 112.556 7.01088 -0.4
    endloop
  endfacet
  facet normal 0 0 -1
    outer loop
      vertex 112.824 4.66347 -0.4
      vertex 112.406 6.96536 -0.4
      vertex 112.482 6.98444 -0.4
    endloop
  endfacet
  facet normal 0 0 -1
    outer loop
      vertex 112.55 4.65 -0.4
      vertex 112.328 6.95384 -0.4
      vertex 112.406 6.96536 -0.4
    endloop
  endfacet
  facet normal 0 0 -1
    outer loop
      vertex 112.55 4.65 -0.4
      vertex 112.25 6.95 -0.4
      vertex 112.328 6.95384 -0.4
    endloop
  endfacet
  facet normal 0 0 -1
    outer loop
      vertex 112.55 4.65 -0.4
      vertex 7.74999 6.95 -0.4
      vertex 112.25 6.95 -0.4
    endloop
  endfacet
  facet normal 0 0 -1
    outer loop
      vertex 7.44999 4.65 -0.4
      vertex 7.74999 6.95 -0.4
      vertex 112.55 4.65 -0.4
    endloop
  endfacet
  facet normal 0 0 -1
    outer loop
      vertex 7.44999 4.65 -0.4
      vertex 7.67157 6.95384 -0.4
      vertex 7.74999 6.95 -0.4
    endloop
  endfacet
  facet normal 0 0 -1
    outer loop
      vertex 7.44999 4.65 -0.4
      vertex 7.59392 6.96536 -0.4
      vertex 7.67157 6.95384 -0.4
    endloop
  endfacet
  facet normal 0 0 -1
    outer loop
      vertex 7.17554 4.66347 -0.4
      vertex 7.59392 6.96536 -0.4
      vertex 7.44999 4.65 -0.4
    endloop
  endfacet
  facet normal -0 0 -1
    outer loop
      vertex 7.59392 6.96536 -0.4
      vertex 7.17554 4.66347 -0.4
      vertex 7.51776 6.98444 -0.4
    endloop
  endfacet
  facet normal 0 0 -1
    outer loop
      vertex 6.90374 4.70379 -0.4
      vertex 7.51776 6.98444 -0.4
      vertex 7.17554 4.66347 -0.4
    endloop
  endfacet
  facet normal -0 0 -1
    outer loop
      vertex 7.51776 6.98444 -0.4
      vertex 6.90374 4.70379 -0.4
      vertex 7.44385 7.01088 -0.4
    endloop
  endfacet
  facet normal 0 0 -1
    outer loop
      vertex 6.6372 4.77056 -0.4
      vertex 7.44385 7.01088 -0.4
      vertex 6.90374 4.70379 -0.4
    endloop
  endfacet
  facet normal 0 0 -1
    outer loop
      vertex 6.37849 4.86313 -0.4
      vertex 7.44385 7.01088 -0.4
      vertex 6.6372 4.77056 -0.4
    endloop
  endfacet
  facet normal -0 0 -1
    outer loop
      vertex 7.44385 7.01088 -0.4
      vertex 6.37849 4.86313 -0.4
      vertex 7.37288 7.04445 -0.4
    endloop
  endfacet
  facet normal 0 0 -1
    outer loop
      vertex 6.13009 4.98061 -0.4
      vertex 7.37288 7.04445 -0.4
      vertex 6.37849 4.86313 -0.4
    endloop
  endfacet
  facet normal -0 0 -1
    outer loop
      vertex 7.37288 7.04445 -0.4
      vertex 6.13009 4.98061 -0.4
      vertex 7.30553 7.08481 -0.4
    endloop
  endfacet
  facet normal 0 0 -1
    outer loop
      vertex 5.8944 5.12188 -0.4
      vertex 7.30553 7.08481 -0.4
      vertex 6.13009 4.98061 -0.4
    endloop
  endfacet
  facet normal -0 0 -1
    outer loop
      vertex 7.30553 7.08481 -0.4
      vertex 5.8944 5.12188 -0.4
      vertex 7.24248 7.13158 -0.4
    endloop
  endfacet
  facet normal 0 0 -1
    outer loop
      vertex 5.6737 5.28556 -0.4
      vertex 7.24248 7.13158 -0.4
      vertex 5.8944 5.12188 -0.4
    endloop
  endfacet
  facet normal -0 0 -1
    outer loop
      vertex 7.24248 7.13158 -0.4
      vertex 5.6737 5.28556 -0.4
      vertex 7.18431 7.18431 -0.4
    endloop
  endfacet
  facet normal 0 0 -1
    outer loop
      vertex 5.4701 5.4701 -0.4
      vertex 7.18431 7.18431 -0.4
      vertex 5.6737 5.28556 -0.4
    endloop
  endfacet
  facet normal 0 0 -1
    outer loop
      vertex 5.12188 5.8944 -0.4
      vertex 7.13158 7.24248 -0.4
      vertex 5.28556 5.6737 -0.4
    endloop
  endfacet
  facet normal -0 0 -1
    outer loop
      vertex 7.18431 7.18431 -0.4
      vertex 5.28556 5.6737 -0.4
      vertex 7.13158 7.24248 -0.4
    endloop
  endfacet
  facet normal 0 0 -1
    outer loop
      vertex 5.28556 5.6737 -0.4
      vertex 7.18431 7.18431 -0.4
      vertex 5.4701 5.4701 -0.4
    endloop
  endfacet
  facet normal -0 0 -1
    outer loop
      vertex 114.878 114.106 -0.4
      vertex 112.868 112.758 -0.4
      vertex 114.714 114.326 -0.4
    endloop
  endfacet
  facet normal 0 0 -1
    outer loop
      vertex 112.816 112.816 -0.4
      vertex 114.714 114.326 -0.4
      vertex 112.868 112.758 -0.4
    endloop
  endfacet
  facet normal -0 0 -1
    outer loop
      vertex 114.714 114.326 -0.4
      vertex 112.816 112.816 -0.4
      vertex 114.53 114.53 -0.4
    endloop
  endfacet
  facet normal -0 0 -1
    outer loop
      vertex 114.53 114.53 -0.4
      vertex 112.816 112.816 -0.4
      vertex 114.326 114.714 -0.4
    endloop
  endfacet
  facet normal 0 0 -1
    outer loop
      vertex 112.758 112.868 -0.4
      vertex 114.326 114.714 -0.4
      vertex 112.816 112.816 -0.4
    endloop
  endfacet
  facet normal -0 0 -1
    outer loop
      vertex 114.326 114.714 -0.4
      vertex 112.758 112.868 -0.4
      vertex 114.106 114.878 -0.4
    endloop
  endfacet
  facet normal 0 0 -1
    outer loop
      vertex 112.694 112.915 -0.4
      vertex 114.106 114.878 -0.4
      vertex 112.758 112.868 -0.4
    endloop
  endfacet
  facet normal -0 0 -1
    outer loop
      vertex 114.106 114.878 -0.4
      vertex 112.694 112.915 -0.4
      vertex 113.87 115.019 -0.4
    endloop
  endfacet
  facet normal 0 0 -1
    outer loop
      vertex 112.627 112.956 -0.4
      vertex 113.87 115.019 -0.4
      vertex 112.694 112.915 -0.4
    endloop
  endfacet
  facet normal -0 0 -1
    outer loop
      vertex 113.87 115.019 -0.4
      vertex 112.627 112.956 -0.4
      vertex 113.622 115.137 -0.4
    endloop
  endfacet
  facet normal 0 0 -1
    outer loop
      vertex 112.556 112.989 -0.4
      vertex 113.622 115.137 -0.4
      vertex 112.627 112.956 -0.4
    endloop
  endfacet
  facet normal -0 0 -1
    outer loop
      vertex 113.622 115.137 -0.4
      vertex 112.556 112.989 -0.4
      vertex 113.363 115.229 -0.4
    endloop
  endfacet
  facet normal -0 0 -1
    outer loop
      vertex 113.363 115.229 -0.4
      vertex 112.556 112.989 -0.4
      vertex 113.096 115.296 -0.4
    endloop
  endfacet
  facet normal 0 0 -1
    outer loop
      vertex 112.482 113.016 -0.4
      vertex 113.096 115.296 -0.4
      vertex 112.556 112.989 -0.4
    endloop
  endfacet
  facet normal -0 0 -1
    outer loop
      vertex 113.096 115.296 -0.4
      vertex 112.482 113.016 -0.4
      vertex 112.824 115.337 -0.4
    endloop
  endfacet
  facet normal 0 0 -1
    outer loop
      vertex 112.406 113.035 -0.4
      vertex 112.824 115.337 -0.4
      vertex 112.482 113.016 -0.4
    endloop
  endfacet
  facet normal -0 0 -1
    outer loop
      vertex 112.824 115.337 -0.4
      vertex 112.406 113.035 -0.4
      vertex 112.55 115.35 -0.4
    endloop
  endfacet
  facet normal 0 0 -1
    outer loop
      vertex 112.328 113.046 -0.4
      vertex 112.55 115.35 -0.4
      vertex 112.406 113.035 -0.4
    endloop
  endfacet
  facet normal 0 0 -1
    outer loop
      vertex 112.25 113.05 -0.4
      vertex 112.55 115.35 -0.4
      vertex 112.328 113.046 -0.4
    endloop
  endfacet
  facet normal 0 0 -1
    outer loop
      vertex 7.74999 113.05 -0.4
      vertex 112.55 115.35 -0.4
      vertex 112.25 113.05 -0.4
    endloop
  endfacet
  facet normal 0 0 -1
    outer loop
      vertex 7.74999 113.05 -0.4
      vertex 7.44999 115.35 -0.4
      vertex 112.55 115.35 -0.4
    endloop
  endfacet
  facet normal 0 0 -1
    outer loop
      vertex 7.67157 113.046 -0.4
      vertex 7.44999 115.35 -0.4
      vertex 7.74999 113.05 -0.4
    endloop
  endfacet
  facet normal 0 0 -1
    outer loop
      vertex 7.59392 113.035 -0.4
      vertex 7.44999 115.35 -0.4
      vertex 7.67157 113.046 -0.4
    endloop
  endfacet
  facet normal 0 0 -1
    outer loop
      vertex 7.17554 115.337 -0.4
      vertex 7.59392 113.035 -0.4
      vertex 7.51776 113.016 -0.4
    endloop
  endfacet
  facet normal 0 0 -1
    outer loop
      vertex 6.90374 115.296 -0.4
      vertex 7.51776 113.016 -0.4
      vertex 7.44385 112.989 -0.4
    endloop
  endfacet
  facet normal 0 0 -1
    outer loop
      vertex 6.37849 115.137 -0.4
      vertex 7.44385 112.989 -0.4
      vertex 7.37288 112.956 -0.4
    endloop
  endfacet
  facet normal 0 0 -1
    outer loop
      vertex 6.13009 115.019 -0.4
      vertex 7.37288 112.956 -0.4
      vertex 7.30553 112.915 -0.4
    endloop
  endfacet
  facet normal 0 0 -1
    outer loop
      vertex 5.8944 114.878 -0.4
      vertex 7.30553 112.915 -0.4
      vertex 7.24248 112.868 -0.4
    endloop
  endfacet
  facet normal 0 0 -1
    outer loop
      vertex 5.6737 114.714 -0.4
      vertex 7.24248 112.868 -0.4
      vertex 7.18431 112.816 -0.4
    endloop
  endfacet
  facet normal 0 0 -1
    outer loop
      vertex 7.59392 113.035 -0.4
      vertex 7.17554 115.337 -0.4
      vertex 7.44999 115.35 -0.4
    endloop
  endfacet
  facet normal 0 0 -1
    outer loop
      vertex 5.28556 114.326 -0.4
      vertex 7.18431 112.816 -0.4
      vertex 7.13158 112.758 -0.4
    endloop
  endfacet
  facet normal 0 0 -1
    outer loop
      vertex 5.12188 114.106 -0.4
      vertex 7.13158 112.758 -0.4
      vertex 7.08481 112.694 -0.4
    endloop
  endfacet
  facet normal 0 0 -1
    outer loop
      vertex 4.98061 113.87 -0.4
      vertex 7.08481 112.694 -0.4
      vertex 7.04445 112.627 -0.4
    endloop
  endfacet
  facet normal 0 0 -1
    outer loop
      vertex 4.86313 113.622 -0.4
      vertex 7.04445 112.627 -0.4
      vertex 7.01088 112.556 -0.4
    endloop
  endfacet
  facet normal 0 0 -1
    outer loop
      vertex 4.70379 113.096 -0.4
      vertex 7.01088 112.556 -0.4
      vertex 6.98444 112.482 -0.4
    endloop
  endfacet
  facet normal 0 0 -1
    outer loop
      vertex 4.66347 112.824 -0.4
      vertex 6.98444 112.482 -0.4
      vertex 6.96536 112.406 -0.4
    endloop
  endfacet
  facet normal 0 0 -1
    outer loop
      vertex 4.65 112.55 -0.4
      vertex 6.96536 112.406 -0.4
      vertex 6.95384 112.328 -0.4
    endloop
  endfacet
  facet normal 0 0 -1
    outer loop
      vertex 7.51776 113.016 -0.4
      vertex 6.90374 115.296 -0.4
      vertex 7.17554 115.337 -0.4
    endloop
  endfacet
  facet normal 0 0 -1
    outer loop
      vertex 4.65 112.55 -0.4
      vertex 6.95384 112.328 -0.4
      vertex 6.95 112.25 -0.4
    endloop
  endfacet
  facet normal -0 0 -1
    outer loop
      vertex 6.95 7.74999 -0.4
      vertex 4.65 7.44999 -0.4
      vertex 6.95 112.25 -0.4
    endloop
  endfacet
  facet normal -0 0 -1
    outer loop
      vertex 7.13158 7.24248 -0.4
      vertex 5.12188 5.8944 -0.4
      vertex 7.08481 7.30553 -0.4
    endloop
  endfacet
  facet normal 0 0 -1
    outer loop
      vertex 4.65 112.55 -0.4
      vertex 6.95 112.25 -0.4
      vertex 4.65 7.44999 -0.4
    endloop
  endfacet
  facet normal 0 0 -1
    outer loop
      vertex 4.98061 6.13009 -0.4
      vertex 7.08481 7.30553 -0.4
      vertex 5.12188 5.8944 -0.4
    endloop
  endfacet
  facet normal 0 0 -1
    outer loop
      vertex 6.96536 112.406 -0.4
      vertex 4.65 112.55 -0.4
      vertex 4.66347 112.824 -0.4
    endloop
  endfacet
  facet normal -0 0 -1
    outer loop
      vertex 7.08481 7.30553 -0.4
      vertex 4.98061 6.13009 -0.4
      vertex 7.04445 7.37288 -0.4
    endloop
  endfacet
  facet normal 0 0 -1
    outer loop
      vertex 7.44385 112.989 -0.4
      vertex 6.6372 115.229 -0.4
      vertex 6.90374 115.296 -0.4
    endloop
  endfacet
  facet normal 0 0 -1
    outer loop
      vertex 4.86313 6.37849 -0.4
      vertex 7.04445 7.37288 -0.4
      vertex 4.98061 6.13009 -0.4
    endloop
  endfacet
  facet normal 0 0 -1
    outer loop
      vertex 7.44385 112.989 -0.4
      vertex 6.37849 115.137 -0.4
      vertex 6.6372 115.229 -0.4
    endloop
  endfacet
  facet normal -0 0 -1
    outer loop
      vertex 7.04445 7.37288 -0.4
      vertex 4.86313 6.37849 -0.4
      vertex 7.01088 7.44385 -0.4
    endloop
  endfacet
  facet normal 0 0 -1
    outer loop
      vertex 7.37288 112.956 -0.4
      vertex 6.13009 115.019 -0.4
      vertex 6.37849 115.137 -0.4
    endloop
  endfacet
  facet normal 0 0 -1
    outer loop
      vertex 4.77056 6.6372 -0.4
      vertex 7.01088 7.44385 -0.4
      vertex 4.86313 6.37849 -0.4
    endloop
  endfacet
  facet normal 0 0 -1
    outer loop
      vertex 7.30553 112.915 -0.4
      vertex 5.8944 114.878 -0.4
      vertex 6.13009 115.019 -0.4
    endloop
  endfacet
  facet normal 0 0 -1
    outer loop
      vertex 4.70379 6.90374 -0.4
      vertex 7.01088 7.44385 -0.4
      vertex 4.77056 6.6372 -0.4
    endloop
  endfacet
  facet normal 0 0 -1
    outer loop
      vertex 7.24248 112.868 -0.4
      vertex 5.6737 114.714 -0.4
      vertex 5.8944 114.878 -0.4
    endloop
  endfacet
  facet normal -0 0 -1
    outer loop
      vertex 7.01088 7.44385 -0.4
      vertex 4.70379 6.90374 -0.4
      vertex 6.98444 7.51776 -0.4
    endloop
  endfacet
  facet normal 0 0 -1
    outer loop
      vertex 7.18431 112.816 -0.4
      vertex 5.4701 114.53 -0.4
      vertex 5.6737 114.714 -0.4
    endloop
  endfacet
  facet normal 0 0 -1
    outer loop
      vertex 4.66347 7.17554 -0.4
      vertex 6.98444 7.51776 -0.4
      vertex 4.70379 6.90374 -0.4
    endloop
  endfacet
  facet normal 0 0 -1
    outer loop
      vertex 7.18431 112.816 -0.4
      vertex 5.28556 114.326 -0.4
      vertex 5.4701 114.53 -0.4
    endloop
  endfacet
  facet normal -0 0 -1
    outer loop
      vertex 6.98444 7.51776 -0.4
      vertex 4.66347 7.17554 -0.4
      vertex 6.96536 7.59392 -0.4
    endloop
  endfacet
  facet normal 0 0 -1
    outer loop
      vertex 7.13158 112.758 -0.4
      vertex 5.12188 114.106 -0.4
      vertex 5.28556 114.326 -0.4
    endloop
  endfacet
  facet normal 0 0 -1
    outer loop
      vertex 4.65 7.44999 -0.4
      vertex 6.96536 7.59392 -0.4
      vertex 4.66347 7.17554 -0.4
    endloop
  endfacet
  facet normal 0 0 -1
    outer loop
      vertex 7.08481 112.694 -0.4
      vertex 4.98061 113.87 -0.4
      vertex 5.12188 114.106 -0.4
    endloop
  endfacet
  facet normal -0 0 -1
    outer loop
      vertex 6.96536 7.59392 -0.4
      vertex 4.65 7.44999 -0.4
      vertex 6.95384 7.67157 -0.4
    endloop
  endfacet
  facet normal 0 0 -1
    outer loop
      vertex 7.04445 112.627 -0.4
      vertex 4.86313 113.622 -0.4
      vertex 4.98061 113.87 -0.4
    endloop
  endfacet
  facet normal -0 0 -1
    outer loop
      vertex 6.95384 7.67157 -0.4
      vertex 4.65 7.44999 -0.4
      vertex 6.95 7.74999 -0.4
    endloop
  endfacet
  facet normal 0 0 -1
    outer loop
      vertex 7.01088 112.556 -0.4
      vertex 4.77056 113.363 -0.4
      vertex 4.86313 113.622 -0.4
    endloop
  endfacet
  facet normal 0 0 -1
    outer loop
      vertex 7.01088 112.556 -0.4
      vertex 4.70379 113.096 -0.4
      vertex 4.77056 113.363 -0.4
    endloop
  endfacet
  facet normal 0 0 -1
    outer loop
      vertex 6.98444 112.482 -0.4
      vertex 4.66347 112.824 -0.4
      vertex 4.70379 113.096 -0.4
    endloop
  endfacet
  facet normal 0.989173 0.146752 0
    outer loop
      vertex 6.96536 7.59392 0
      vertex 6.95384 7.67157 -0.4
      vertex 6.95384 7.67157 0
    endloop
  endfacet
  facet normal 0.989173 0.146752 0
    outer loop
      vertex 6.95384 7.67157 -0.4
      vertex 6.96536 7.59392 0
      vertex 6.96536 7.59392 -0.4
    endloop
  endfacet
  facet normal -0.74554 0.666461 0
    outer loop
      vertex 112.816 7.18431 -0.4
      vertex 112.868 7.24248 0
      vertex 112.868 7.24248 -0.4
    endloop
  endfacet
  facet normal -0.74554 0.666461 0
    outer loop
      vertex 112.868 7.24248 0
      vertex 112.816 7.18431 -0.4
      vertex 112.816 7.18431 0
    endloop
  endfacet
  facet normal 0.0489085 0.998803 -0
    outer loop
      vertex 7.74999 6.95 -0.4
      vertex 7.67157 6.95384 0
      vertex 7.74999 6.95 0
    endloop
  endfacet
  facet normal 0.0489085 0.998803 0
    outer loop
      vertex 7.67157 6.95384 0
      vertex 7.74999 6.95 -0.4
      vertex 7.67157 6.95384 -0.4
    endloop
  endfacet
  facet normal 0.998803 0.0489085 0
    outer loop
      vertex 6.95384 7.67157 0
      vertex 6.95 7.74999 -0.4
      vertex 6.95 7.74999 0
    endloop
  endfacet
  facet normal 0.998803 0.0489085 0
    outer loop
      vertex 6.95 7.74999 -0.4
      vertex 6.95384 7.67157 0
      vertex 6.95384 7.67157 -0.4
    endloop
  endfacet
  facet normal -0.801751 0.597658 0
    outer loop
      vertex 112.868 7.24248 -0.4
      vertex 112.915 7.30553 0
      vertex 112.915 7.30553 -0.4
    endloop
  endfacet
  facet normal -0.801751 0.597658 0
    outer loop
      vertex 112.915 7.30553 0
      vertex 112.868 7.24248 -0.4
      vertex 112.868 7.24248 0
    endloop
  endfacet
  facet normal -0.59191 -0.806004 0
    outer loop
      vertex 112.694 112.915 -0.4
      vertex 112.758 112.868 0
      vertex 112.694 112.915 0
    endloop
  endfacet
  facet normal -0.59191 -0.806004 -0
    outer loop
      vertex 112.758 112.868 0
      vertex 112.694 112.915 -0.4
      vertex 112.758 112.868 -0.4
    endloop
  endfacet
  facet normal -0.970262 0.242056 0
    outer loop
      vertex 113.016 7.51776 -0.4
      vertex 113.035 7.59392 0
      vertex 113.035 7.59392 -0.4
    endloop
  endfacet
  facet normal -0.970262 0.242056 0
    outer loop
      vertex 113.035 7.59392 0
      vertex 113.016 7.51776 -0.4
      vertex 113.016 7.51776 0
    endloop
  endfacet
  facet normal -1 0 0
    outer loop
      vertex 113.05 7.74999 -0.4
      vertex 113.05 112.25 0
      vertex 113.05 112.25 -0.4
    endloop
  endfacet
  facet normal -1 -0 0
    outer loop
      vertex 113.05 112.25 0
      vertex 113.05 7.74999 -0.4
      vertex 113.05 7.74999 0
    endloop
  endfacet
  facet normal 0 -1 0
    outer loop
      vertex 7.74999 113.05 -0.4
      vertex 112.25 113.05 0
      vertex 7.74999 113.05 0
    endloop
  endfacet
  facet normal 0 -1 -0
    outer loop
      vertex 112.25 113.05 0
      vertex 7.74999 113.05 -0.4
      vertex 112.25 113.05 -0.4
    endloop
  endfacet
  facet normal -0.906835 -0.421487 0
    outer loop
      vertex 112.989 112.556 -0.4
      vertex 112.956 112.627 0
      vertex 112.956 112.627 -0.4
    endloop
  endfacet
  facet normal -0.906835 -0.421487 0
    outer loop
      vertex 112.956 112.627 0
      vertex 112.989 112.556 -0.4
      vertex 112.989 112.556 0
    endloop
  endfacet
  facet normal 0.941696 -0.336465 0
    outer loop
      vertex 6.98444 112.482 0
      vertex 7.01088 112.556 -0.4
      vertex 7.01088 112.556 0
    endloop
  endfacet
  facet normal 0.941696 -0.336465 0
    outer loop
      vertex 7.01088 112.556 -0.4
      vertex 6.98444 112.482 0
      vertex 6.98444 112.482 -0.4
    endloop
  endfacet
  facet normal 1 -0 0
    outer loop
      vertex 6.95 7.74999 0
      vertex 6.95 112.25 -0.4
      vertex 6.95 112.25 0
    endloop
  endfacet
  facet normal 1 0 0
    outer loop
      vertex 6.95 112.25 -0.4
      vertex 6.95 7.74999 0
      vertex 6.95 7.74999 -0.4
    endloop
  endfacet
  facet normal 0 1 -0
    outer loop
      vertex 112.25 6.95 -0.4
      vertex 7.74999 6.95 0
      vertex 112.25 6.95 0
    endloop
  endfacet
  facet normal 0 1 0
    outer loop
      vertex 7.74999 6.95 0
      vertex 112.25 6.95 -0.4
      vertex 7.74999 6.95 -0.4
    endloop
  endfacet
  facet normal -0.521965 -0.852967 0
    outer loop
      vertex 112.627 112.956 -0.4
      vertex 112.694 112.915 0
      vertex 112.627 112.956 0
    endloop
  endfacet
  facet normal -0.521965 -0.852967 -0
    outer loop
      vertex 112.694 112.915 0
      vertex 112.627 112.956 -0.4
      vertex 112.694 112.915 -0.4
    endloop
  endfacet
  facet normal -0.970143 -0.242536 0
    outer loop
      vertex 113.035 112.406 -0.4
      vertex 113.016 112.482 0
      vertex 113.016 112.482 -0.4
    endloop
  endfacet
  facet normal -0.970143 -0.242536 0
    outer loop
      vertex 113.016 112.482 0
      vertex 113.035 112.406 -0.4
      vertex 113.035 112.406 0
    endloop
  endfacet
  facet normal -0.854174 0.519987 0
    outer loop
      vertex 112.915 7.30553 -0.4
      vertex 112.956 7.37288 0
      vertex 112.956 7.37288 -0.4
    endloop
  endfacet
  facet normal -0.854174 0.519987 0
    outer loop
      vertex 112.956 7.37288 0
      vertex 112.915 7.30553 -0.4
      vertex 112.915 7.30553 0
    endloop
  endfacet
  facet normal -0.906767 0.421633 0
    outer loop
      vertex 112.956 7.37288 -0.4
      vertex 112.989 7.44385 0
      vertex 112.989 7.44385 -0.4
    endloop
  endfacet
  facet normal -0.906767 0.421633 0
    outer loop
      vertex 112.989 7.44385 0
      vertex 112.956 7.37288 -0.4
      vertex 112.956 7.37288 0
    endloop
  endfacet
  facet normal -0.342762 -0.939422 0
    outer loop
      vertex 112.482 113.016 -0.4
      vertex 112.556 112.989 0
      vertex 112.482 113.016 0
    endloop
  endfacet
  facet normal -0.342762 -0.939422 -0
    outer loop
      vertex 112.556 112.989 0
      vertex 112.482 113.016 -0.4
      vertex 112.556 112.989 -0.4
    endloop
  endfacet
  facet normal -0.515999 0.856589 0
    outer loop
      vertex 112.694 7.08481 -0.4
      vertex 112.627 7.04445 0
      vertex 112.694 7.08481 0
    endloop
  endfacet
  facet normal -0.515999 0.856589 0
    outer loop
      vertex 112.627 7.04445 0
      vertex 112.694 7.08481 -0.4
      vertex 112.627 7.04445 -0.4
    endloop
  endfacet
  facet normal 0.739923 -0.672692 0
    outer loop
      vertex 7.13158 112.758 0
      vertex 7.18431 112.816 -0.4
      vertex 7.18431 112.816 0
    endloop
  endfacet
  facet normal 0.739923 -0.672692 0
    outer loop
      vertex 7.18431 112.816 -0.4
      vertex 7.13158 112.758 0
      vertex 7.13158 112.758 -0.4
    endloop
  endfacet
  facet normal -0.667545 -0.744569 0
    outer loop
      vertex 112.758 112.868 -0.4
      vertex 112.816 112.816 0
      vertex 112.758 112.868 0
    endloop
  endfacet
  facet normal -0.667545 -0.744569 -0
    outer loop
      vertex 112.816 112.816 0
      vertex 112.758 112.868 -0.4
      vertex 112.816 112.816 -0.4
    endloop
  endfacet
  facet normal -0.998688 -0.0512148 0
    outer loop
      vertex 113.05 112.25 -0.4
      vertex 113.046 112.328 0
      vertex 113.046 112.328 -0.4
    endloop
  endfacet
  facet normal -0.998688 -0.0512148 0
    outer loop
      vertex 113.046 112.328 0
      vertex 113.05 112.25 -0.4
      vertex 113.05 112.25 0
    endloop
  endfacet
  facet normal 0.807386 -0.590023 0
    outer loop
      vertex 7.08481 112.694 0
      vertex 7.13158 112.758 -0.4
      vertex 7.13158 112.758 0
    endloop
  endfacet
  facet normal 0.807386 -0.590023 0
    outer loop
      vertex 7.13158 112.758 -0.4
      vertex 7.08481 112.694 0
      vertex 7.08481 112.694 -0.4
    endloop
  endfacet
  facet normal 0.989269 -0.146107 0
    outer loop
      vertex 6.95384 112.328 0
      vertex 6.96536 112.406 -0.4
      vertex 6.96536 112.406 0
    endloop
  endfacet
  facet normal 0.989269 -0.146107 0
    outer loop
      vertex 6.96536 112.406 -0.4
      vertex 6.95384 112.328 0
      vertex 6.95384 112.328 -0.4
    endloop
  endfacet
  facet normal -0.590023 0.807386 0
    outer loop
      vertex 112.758 7.13158 -0.4
      vertex 112.694 7.08481 0
      vertex 112.758 7.13158 0
    endloop
  endfacet
  facet normal -0.590023 0.807386 0
    outer loop
      vertex 112.694 7.08481 0
      vertex 112.758 7.13158 -0.4
      vertex 112.694 7.08481 -0.4
    endloop
  endfacet
  facet normal 0.146752 0.989173 -0
    outer loop
      vertex 7.67157 6.95384 -0.4
      vertex 7.59392 6.96536 0
      vertex 7.67157 6.95384 0
    endloop
  endfacet
  facet normal 0.146752 0.989173 0
    outer loop
      vertex 7.59392 6.96536 0
      vertex 7.67157 6.95384 -0.4
      vertex 7.59392 6.96536 -0.4
    endloop
  endfacet
  facet normal -0.243496 0.969902 0
    outer loop
      vertex 112.482 6.98444 -0.4
      vertex 112.406 6.96536 0
      vertex 112.482 6.98444 0
    endloop
  endfacet
  facet normal -0.243496 0.969902 0
    outer loop
      vertex 112.406 6.96536 0
      vertex 112.482 6.98444 -0.4
      vertex 112.406 6.96536 -0.4
    endloop
  endfacet
  facet normal 0.740902 0.671613 0
    outer loop
      vertex 7.18431 7.18431 0
      vertex 7.13158 7.24248 -0.4
      vertex 7.13158 7.24248 0
    endloop
  endfacet
  facet normal 0.740902 0.671613 0
    outer loop
      vertex 7.13158 7.24248 -0.4
      vertex 7.18431 7.18431 0
      vertex 7.18431 7.18431 -0.4
    endloop
  endfacet
  facet normal -0.990202 -0.139644 0
    outer loop
      vertex 113.046 112.328 -0.4
      vertex 113.035 112.406 0
      vertex 113.035 112.406 -0.4
    endloop
  endfacet
  facet normal -0.990202 -0.139644 0
    outer loop
      vertex 113.035 112.406 0
      vertex 113.046 112.328 -0.4
      vertex 113.046 112.328 0
    endloop
  endfacet
  facet normal -0.939288 0.34313 0
    outer loop
      vertex 112.989 7.44385 -0.4
      vertex 113.016 7.51776 0
      vertex 113.016 7.51776 -0.4
    endloop
  endfacet
  facet normal -0.939288 0.34313 0
    outer loop
      vertex 113.016 7.51776 0
      vertex 112.989 7.44385 -0.4
      vertex 112.989 7.44385 0
    endloop
  endfacet
  facet normal 0.336829 0.941566 -0
    outer loop
      vertex 7.51776 6.98444 -0.4
      vertex 7.44385 7.01088 0
      vertex 7.51776 6.98444 0
    endloop
  endfacet
  facet normal 0.336829 0.941566 0
    outer loop
      vertex 7.44385 7.01088 0
      vertex 7.51776 6.98444 -0.4
      vertex 7.44385 7.01088 -0.4
    endloop
  endfacet
  facet normal 0.856589 -0.515999 0
    outer loop
      vertex 7.04445 112.627 0
      vertex 7.08481 112.694 -0.4
      vertex 7.08481 112.694 0
    endloop
  endfacet
  facet normal 0.856589 -0.515999 0
    outer loop
      vertex 7.08481 112.694 -0.4
      vertex 7.04445 112.627 0
      vertex 7.04445 112.627 -0.4
    endloop
  endfacet
  facet normal 0.904041 -0.427446 0
    outer loop
      vertex 7.01088 112.556 0
      vertex 7.04445 112.627 -0.4
      vertex 7.04445 112.627 0
    endloop
  endfacet
  facet normal 0.904041 -0.427446 0
    outer loop
      vertex 7.04445 112.627 -0.4
      vertex 7.01088 112.556 0
      vertex 7.01088 112.556 -0.4
    endloop
  endfacet
  facet normal -0.242536 -0.970143 0
    outer loop
      vertex 112.406 113.035 -0.4
      vertex 112.482 113.016 0
      vertex 112.406 113.035 0
    endloop
  endfacet
  facet normal -0.242536 -0.970143 -0
    outer loop
      vertex 112.482 113.016 0
      vertex 112.406 113.035 -0.4
      vertex 112.482 113.016 -0.4
    endloop
  endfacet
  facet normal -0.139644 -0.990202 0
    outer loop
      vertex 112.328 113.046 -0.4
      vertex 112.406 113.035 0
      vertex 112.328 113.046 0
    endloop
  endfacet
  facet normal -0.139644 -0.990202 -0
    outer loop
      vertex 112.406 113.035 0
      vertex 112.328 113.046 -0.4
      vertex 112.406 113.035 -0.4
    endloop
  endfacet
  facet normal -0.939422 -0.342762 0
    outer loop
      vertex 113.016 112.482 -0.4
      vertex 112.989 112.556 0
      vertex 112.989 112.556 -0.4
    endloop
  endfacet
  facet normal -0.939422 -0.342762 0
    outer loop
      vertex 112.989 112.556 0
      vertex 113.016 112.482 -0.4
      vertex 113.016 112.482 0
    endloop
  endfacet
  facet normal -0.990115 0.140261 0
    outer loop
      vertex 113.035 7.59392 -0.4
      vertex 113.046 7.67157 0
      vertex 113.046 7.67157 -0.4
    endloop
  endfacet
  facet normal -0.990115 0.140261 0
    outer loop
      vertex 113.046 7.67157 0
      vertex 113.035 7.59392 -0.4
      vertex 113.035 7.59392 0
    endloop
  endfacet
  facet normal 0.969902 -0.243496 0
    outer loop
      vertex 6.96536 112.406 0
      vertex 6.98444 112.482 -0.4
      vertex 6.98444 112.482 0
    endloop
  endfacet
  facet normal 0.969902 -0.243496 0
    outer loop
      vertex 6.98444 112.482 -0.4
      vertex 6.96536 112.406 0
      vertex 6.96536 112.406 -0.4
    endloop
  endfacet
  facet normal -0.672692 0.739923 0
    outer loop
      vertex 112.816 7.18431 -0.4
      vertex 112.758 7.13158 0
      vertex 112.816 7.18431 0
    endloop
  endfacet
  facet normal -0.672692 0.739923 0
    outer loop
      vertex 112.758 7.13158 0
      vertex 112.816 7.18431 -0.4
      vertex 112.758 7.13158 -0.4
    endloop
  endfacet
  facet normal -0.852967 -0.521965 0
    outer loop
      vertex 112.956 112.627 -0.4
      vertex 112.915 112.694 0
      vertex 112.915 112.694 -0.4
    endloop
  endfacet
  facet normal -0.852967 -0.521965 0
    outer loop
      vertex 112.915 112.694 0
      vertex 112.956 112.627 -0.4
      vertex 112.956 112.627 0
    endloop
  endfacet
  facet normal 0.903971 0.427594 0
    outer loop
      vertex 7.04445 7.37288 0
      vertex 7.01088 7.44385 -0.4
      vertex 7.01088 7.44385 0
    endloop
  endfacet
  facet normal 0.903971 0.427594 0
    outer loop
      vertex 7.01088 7.44385 -0.4
      vertex 7.04445 7.37288 0
      vertex 7.04445 7.37288 -0.4
    endloop
  endfacet
  facet normal 0.519987 -0.854174 0
    outer loop
      vertex 7.30553 112.915 -0.4
      vertex 7.37288 112.956 0
      vertex 7.30553 112.915 0
    endloop
  endfacet
  facet normal 0.519987 -0.854174 0
    outer loop
      vertex 7.37288 112.956 0
      vertex 7.30553 112.915 -0.4
      vertex 7.37288 112.956 -0.4
    endloop
  endfacet
  facet normal -0.744569 -0.667545 0
    outer loop
      vertex 112.868 112.758 -0.4
      vertex 112.816 112.816 0
      vertex 112.816 112.816 -0.4
    endloop
  endfacet
  facet normal -0.744569 -0.667545 0
    outer loop
      vertex 112.816 112.816 0
      vertex 112.868 112.758 -0.4
      vertex 112.868 112.758 0
    endloop
  endfacet
  facet normal 0.595773 0.803153 -0
    outer loop
      vertex 7.30553 7.08481 -0.4
      vertex 7.24248 7.13158 0
      vertex 7.30553 7.08481 0
    endloop
  endfacet
  facet normal 0.595773 0.803153 0
    outer loop
      vertex 7.24248 7.13158 0
      vertex 7.30553 7.08481 -0.4
      vertex 7.24248 7.13158 -0.4
    endloop
  endfacet
  facet normal -0.806004 -0.59191 0
    outer loop
      vertex 112.915 112.694 -0.4
      vertex 112.868 112.758 0
      vertex 112.868 112.758 -0.4
    endloop
  endfacet
  facet normal -0.806004 -0.59191 0
    outer loop
      vertex 112.868 112.758 0
      vertex 112.915 112.694 -0.4
      vertex 112.915 112.694 0
    endloop
  endfacet
  facet normal 0.803153 0.595773 0
    outer loop
      vertex 7.13158 7.24248 0
      vertex 7.08481 7.30553 -0.4
      vertex 7.08481 7.30553 0
    endloop
  endfacet
  facet normal 0.803153 0.595773 0
    outer loop
      vertex 7.08481 7.30553 -0.4
      vertex 7.13158 7.24248 0
      vertex 7.13158 7.24248 -0.4
    endloop
  endfacet
  facet normal 0.242056 -0.970262 0
    outer loop
      vertex 7.51776 113.016 -0.4
      vertex 7.59392 113.035 0
      vertex 7.51776 113.016 0
    endloop
  endfacet
  facet normal 0.242056 -0.970262 0
    outer loop
      vertex 7.59392 113.035 0
      vertex 7.51776 113.016 -0.4
      vertex 7.59392 113.035 -0.4
    endloop
  endfacet
  facet normal 0.34313 -0.939288 0
    outer loop
      vertex 7.44385 112.989 -0.4
      vertex 7.51776 113.016 0
      vertex 7.44385 112.989 0
    endloop
  endfacet
  facet normal 0.34313 -0.939288 0
    outer loop
      vertex 7.51776 113.016 0
      vertex 7.44385 112.989 -0.4
      vertex 7.51776 113.016 -0.4
    endloop
  endfacet
  facet normal -0.0512148 -0.998688 0
    outer loop
      vertex 112.25 113.05 -0.4
      vertex 112.328 113.046 0
      vertex 112.25 113.05 0
    endloop
  endfacet
  facet normal -0.0512148 -0.998688 -0
    outer loop
      vertex 112.328 113.046 0
      vertex 112.25 113.05 -0.4
      vertex 112.328 113.046 -0.4
    endloop
  endfacet
  facet normal -0.421487 -0.906835 0
    outer loop
      vertex 112.556 112.989 -0.4
      vertex 112.627 112.956 0
      vertex 112.556 112.989 0
    endloop
  endfacet
  facet normal -0.421487 -0.906835 -0
    outer loop
      vertex 112.627 112.956 0
      vertex 112.556 112.989 -0.4
      vertex 112.627 112.956 -0.4
    endloop
  endfacet
  facet normal 0.99879 -0.0491712 0
    outer loop
      vertex 6.95 112.25 0
      vertex 6.95384 112.328 -0.4
      vertex 6.95384 112.328 0
    endloop
  endfacet
  facet normal 0.99879 -0.0491712 0
    outer loop
      vertex 6.95384 112.328 -0.4
      vertex 6.95 112.25 0
      vertex 6.95 112.25 -0.4
    endloop
  endfacet
  facet normal 0.140261 -0.990115 0
    outer loop
      vertex 7.59392 113.035 -0.4
      vertex 7.67157 113.046 0
      vertex 7.59392 113.035 0
    endloop
  endfacet
  facet normal 0.140261 -0.990115 0
    outer loop
      vertex 7.67157 113.046 0
      vertex 7.59392 113.035 -0.4
      vertex 7.67157 113.046 -0.4
    endloop
  endfacet
  facet normal -0.427446 0.904041 0
    outer loop
      vertex 112.627 7.04445 -0.4
      vertex 112.556 7.01088 0
      vertex 112.627 7.04445 0
    endloop
  endfacet
  facet normal -0.427446 0.904041 0
    outer loop
      vertex 112.556 7.01088 0
      vertex 112.627 7.04445 -0.4
      vertex 112.556 7.01088 -0.4
    endloop
  endfacet
  facet normal 0.970023 0.243015 0
    outer loop
      vertex 6.98444 7.51776 0
      vertex 6.96536 7.59392 -0.4
      vertex 6.96536 7.59392 0
    endloop
  endfacet
  facet normal 0.970023 0.243015 0
    outer loop
      vertex 6.96536 7.59392 -0.4
      vertex 6.98444 7.51776 0
      vertex 6.98444 7.51776 -0.4
    endloop
  endfacet
  facet normal 0.421633 -0.906767 0
    outer loop
      vertex 7.37288 112.956 -0.4
      vertex 7.44385 112.989 0
      vertex 7.37288 112.956 0
    endloop
  endfacet
  facet normal 0.421633 -0.906767 0
    outer loop
      vertex 7.44385 112.989 0
      vertex 7.37288 112.956 -0.4
      vertex 7.44385 112.989 -0.4
    endloop
  endfacet
  facet normal 0.666461 -0.74554 0
    outer loop
      vertex 7.18431 112.816 -0.4
      vertex 7.24248 112.868 0
      vertex 7.18431 112.816 0
    endloop
  endfacet
  facet normal 0.666461 -0.74554 0
    outer loop
      vertex 7.24248 112.868 0
      vertex 7.18431 112.816 -0.4
      vertex 7.24248 112.868 -0.4
    endloop
  endfacet
  facet normal -0.0491712 0.99879 0
    outer loop
      vertex 112.328 6.95384 -0.4
      vertex 112.25 6.95 0
      vertex 112.328 6.95384 0
    endloop
  endfacet
  facet normal -0.0491712 0.99879 0
    outer loop
      vertex 112.25 6.95 0
      vertex 112.328 6.95384 -0.4
      vertex 112.25 6.95 -0.4
    endloop
  endfacet
  facet normal -0.146107 0.989269 0
    outer loop
      vertex 112.406 6.96536 -0.4
      vertex 112.328 6.95384 0
      vertex 112.406 6.96536 0
    endloop
  endfacet
  facet normal -0.146107 0.989269 0
    outer loop
      vertex 112.328 6.95384 0
      vertex 112.406 6.96536 -0.4
      vertex 112.328 6.95384 -0.4
    endloop
  endfacet
  facet normal 0.597658 -0.801751 0
    outer loop
      vertex 7.24248 112.868 -0.4
      vertex 7.30553 112.915 0
      vertex 7.24248 112.868 0
    endloop
  endfacet
  facet normal 0.597658 -0.801751 0
    outer loop
      vertex 7.30553 112.915 0
      vertex 7.24248 112.868 -0.4
      vertex 7.30553 112.915 -0.4
    endloop
  endfacet
  facet normal 0.427594 0.903971 -0
    outer loop
      vertex 7.44385 7.01088 -0.4
      vertex 7.37288 7.04445 0
      vertex 7.44385 7.01088 0
    endloop
  endfacet
  facet normal 0.427594 0.903971 0
    outer loop
      vertex 7.37288 7.04445 0
      vertex 7.44385 7.01088 -0.4
      vertex 7.37288 7.04445 -0.4
    endloop
  endfacet
  facet normal 0.514027 0.857774 -0
    outer loop
      vertex 7.37288 7.04445 -0.4
      vertex 7.30553 7.08481 0
      vertex 7.37288 7.04445 0
    endloop
  endfacet
  facet normal 0.514027 0.857774 0
    outer loop
      vertex 7.30553 7.08481 0
      vertex 7.37288 7.04445 -0.4
      vertex 7.30553 7.08481 -0.4
    endloop
  endfacet
  facet normal -0.998702 0.0509412 0
    outer loop
      vertex 113.046 7.67157 -0.4
      vertex 113.05 7.74999 0
      vertex 113.05 7.74999 -0.4
    endloop
  endfacet
  facet normal -0.998702 0.0509412 0
    outer loop
      vertex 113.05 7.74999 0
      vertex 113.046 7.67157 -0.4
      vertex 113.046 7.67157 0
    endloop
  endfacet
  facet normal 0.671613 0.740902 -0
    outer loop
      vertex 7.24248 7.13158 -0.4
      vertex 7.18431 7.18431 0
      vertex 7.24248 7.13158 0
    endloop
  endfacet
  facet normal 0.671613 0.740902 0
    outer loop
      vertex 7.18431 7.18431 0
      vertex 7.24248 7.13158 -0.4
      vertex 7.18431 7.18431 -0.4
    endloop
  endfacet
  facet normal -0.336465 0.941696 0
    outer loop
      vertex 112.556 7.01088 -0.4
      vertex 112.482 6.98444 0
      vertex 112.556 7.01088 0
    endloop
  endfacet
  facet normal -0.336465 0.941696 0
    outer loop
      vertex 112.482 6.98444 0
      vertex 112.556 7.01088 -0.4
      vertex 112.482 6.98444 -0.4
    endloop
  endfacet
  facet normal 0.243015 0.970023 -0
    outer loop
      vertex 7.59392 6.96536 -0.4
      vertex 7.51776 6.98444 0
      vertex 7.59392 6.96536 0
    endloop
  endfacet
  facet normal 0.243015 0.970023 0
    outer loop
      vertex 7.51776 6.98444 0
      vertex 7.59392 6.96536 -0.4
      vertex 7.51776 6.98444 -0.4
    endloop
  endfacet
  facet normal 0.0509412 -0.998702 0
    outer loop
      vertex 7.67157 113.046 -0.4
      vertex 7.74999 113.05 0
      vertex 7.67157 113.046 0
    endloop
  endfacet
  facet normal 0.0509412 -0.998702 0
    outer loop
      vertex 7.74999 113.05 0
      vertex 7.67157 113.046 -0.4
      vertex 7.74999 113.05 -0.4
    endloop
  endfacet
  facet normal 0.857774 0.514027 0
    outer loop
      vertex 7.08481 7.30553 0
      vertex 7.04445 7.37288 -0.4
      vertex 7.04445 7.37288 0
    endloop
  endfacet
  facet normal 0.857774 0.514027 0
    outer loop
      vertex 7.04445 7.37288 -0.4
      vertex 7.08481 7.30553 0
      vertex 7.08481 7.30553 -0.4
    endloop
  endfacet
  facet normal 0.941566 0.336829 0
    outer loop
      vertex 7.01088 7.44385 0
      vertex 6.98444 7.51776 -0.4
      vertex 6.98444 7.51776 0
    endloop
  endfacet
  facet normal 0.941566 0.336829 0
    outer loop
      vertex 6.98444 7.51776 -0.4
      vertex 7.01088 7.44385 0
      vertex 7.01088 7.44385 -0.4
    endloop
  endfacet
  facet normal -0.989176 -0.146734 0
    outer loop
      vertex 1.66693 10.1642 0
      vertex 1.64281 10.3268 4.2
      vertex 1.64281 10.3268 0
    endloop
  endfacet
  facet normal -0.989176 -0.146734 0
    outer loop
      vertex 1.64281 10.3268 4.2
      vertex 1.66693 10.1642 0
      vertex 1.66693 10.1642 4.2
    endloop
  endfacet
  facet normal -0.998794 -0.0490881 0
    outer loop
      vertex 1.675 10 0
      vertex 1.66693 10.1642 4.2
      vertex 1.66693 10.1642 0
    endloop
  endfacet
  facet normal -0.998794 -0.0490881 0
    outer loop
      vertex 1.66693 10.1642 4.2
      vertex 1.675 10 0
      vertex 1.675 10 4.2
    endloop
  endfacet
  facet normal -0.970013 -0.243051 0
    outer loop
      vertex 1.64281 10.3268 0
      vertex 1.60287 10.4862 4.2
      vertex 1.60287 10.4862 0
    endloop
  endfacet
  facet normal -0.970013 -0.243051 0
    outer loop
      vertex 1.60287 10.4862 4.2
      vertex 1.64281 10.3268 0
      vertex 1.64281 10.3268 4.2
    endloop
  endfacet
  facet normal 0.24275 -0.970089 0
    outer loop
      vertex -0.486226 11.6029 0
      vertex -0.326776 11.6428 4.2
      vertex -0.486226 11.6029 4.2
    endloop
  endfacet
  facet normal 0.24275 -0.970089 0
    outer loop
      vertex -0.326776 11.6428 4.2
      vertex -0.486226 11.6029 0
      vertex -0.326776 11.6428 0
    endloop
  endfacet
  facet normal 0.903984 0.427566 0
    outer loop
      vertex -1.47722 9.21041 4.2
      vertex -1.5475 9.359 0
      vertex -1.5475 9.359 4.2
    endloop
  endfacet
  facet normal 0.903984 0.427566 0
    outer loop
      vertex -1.5475 9.359 0
      vertex -1.47722 9.21041 4.2
      vertex -1.47722 9.21041 0
    endloop
  endfacet
  facet normal 0.242979 0.970031 -0
    outer loop
      vertex -0.326776 8.35718 0
      vertex -0.486226 8.39712 4.2
      vertex -0.326776 8.35718 4.2
    endloop
  endfacet
  facet normal 0.242979 0.970031 0
    outer loop
      vertex -0.486226 8.39712 4.2
      vertex -0.326776 8.35718 0
      vertex -0.486226 8.39712 0
    endloop
  endfacet
  facet normal -0.514117 0.85772 0
    outer loop
      vertex 0.93058 8.60729 0
      vertex 0.789589 8.52278 4.2
      vertex 0.93058 8.60729 4.2
    endloop
  endfacet
  facet normal -0.514117 0.85772 0
    outer loop
      vertex 0.789589 8.52278 4.2
      vertex 0.93058 8.60729 0
      vertex 0.789589 8.52278 0
    endloop
  endfacet
  facet normal 0.336907 0.941538 -0
    outer loop
      vertex -0.486226 8.39712 0
      vertex -0.640994 8.4525 4.2
      vertex -0.486226 8.39712 4.2
    endloop
  endfacet
  facet normal 0.336907 0.941538 0
    outer loop
      vertex -0.640994 8.4525 4.2
      vertex -0.486226 8.39712 0
      vertex -0.640994 8.4525 0
    endloop
  endfacet
  facet normal -0.336907 0.941538 0
    outer loop
      vertex 0.640994 8.4525 0
      vertex 0.486226 8.39712 4.2
      vertex 0.640994 8.4525 4.2
    endloop
  endfacet
  facet normal -0.336907 0.941538 0
    outer loop
      vertex 0.486226 8.39712 4.2
      vertex 0.640994 8.4525 0
      vertex 0.486226 8.39712 0
    endloop
  endfacet
  facet normal 0.671612 -0.740903 0
    outer loop
      vertex -1.1844 11.1844 0
      vertex -1.06261 11.2948 4.2
      vertex -1.1844 11.1844 4.2
    endloop
  endfacet
  facet normal 0.671612 -0.740903 0
    outer loop
      vertex -1.06261 11.2948 4.2
      vertex -1.1844 11.1844 0
      vertex -1.06261 11.2948 0
    endloop
  endfacet
  facet normal -0.242979 0.970031 0
    outer loop
      vertex 0.486226 8.39712 0
      vertex 0.326776 8.35718 4.2
      vertex 0.486226 8.39712 4.2
    endloop
  endfacet
  facet normal -0.242979 0.970031 0
    outer loop
      vertex 0.326776 8.35718 4.2
      vertex 0.486226 8.39712 0
      vertex 0.326776 8.35718 0
    endloop
  endfacet
  facet normal 0.857734 -0.514093 0
    outer loop
      vertex -1.47722 10.7896 4.2
      vertex -1.39271 10.9306 0
      vertex -1.39271 10.9306 4.2
    endloop
  endfacet
  facet normal 0.857734 -0.514093 0
    outer loop
      vertex -1.39271 10.9306 0
      vertex -1.47722 10.7896 4.2
      vertex -1.47722 10.7896 0
    endloop
  endfacet
  facet normal 0.989176 -0.146734 0
    outer loop
      vertex -1.66693 10.1642 4.2
      vertex -1.64281 10.3268 0
      vertex -1.64281 10.3268 4.2
    endloop
  endfacet
  facet normal 0.989176 -0.146734 0
    outer loop
      vertex -1.64281 10.3268 0
      vertex -1.66693 10.1642 4.2
      vertex -1.66693 10.1642 0
    endloop
  endfacet
  facet normal -0.903995 -0.427542 0
    outer loop
      vertex 1.5475 10.641 0
      vertex 1.47722 10.7896 4.2
      vertex 1.47722 10.7896 0
    endloop
  endfacet
  facet normal -0.903995 -0.427542 0
    outer loop
      vertex 1.47722 10.7896 4.2
      vertex 1.5475 10.641 0
      vertex 1.5475 10.641 4.2
    endloop
  endfacet
  facet normal -0.803208 0.595699 0
    outer loop
      vertex 1.29479 8.93739 0
      vertex 1.39271 9.06942 4.2
      vertex 1.39271 9.06942 0
    endloop
  endfacet
  facet normal -0.803208 0.595699 0
    outer loop
      vertex 1.39271 9.06942 4.2
      vertex 1.29479 8.93739 0
      vertex 1.29479 8.93739 4.2
    endloop
  endfacet
  facet normal 0.59562 -0.803266 0
    outer loop
      vertex -1.06261 11.2948 0
      vertex -0.93058 11.3927 4.2
      vertex -1.06261 11.2948 4.2
    endloop
  endfacet
  facet normal 0.59562 -0.803266 0
    outer loop
      vertex -0.93058 11.3927 4.2
      vertex -1.06261 11.2948 0
      vertex -0.93058 11.3927 0
    endloop
  endfacet
  facet normal -0.59562 -0.803266 0
    outer loop
      vertex 0.93058 11.3927 0
      vertex 1.06261 11.2948 4.2
      vertex 0.93058 11.3927 4.2
    endloop
  endfacet
  facet normal -0.59562 -0.803266 -0
    outer loop
      vertex 1.06261 11.2948 4.2
      vertex 0.93058 11.3927 0
      vertex 1.06261 11.2948 0
    endloop
  endfacet
  facet normal -0.146617 -0.989193 0
    outer loop
      vertex 0.164178 11.6669 0
      vertex 0.326776 11.6428 4.2
      vertex 0.164178 11.6669 4.2
    endloop
  endfacet
  facet normal -0.146617 -0.989193 -0
    outer loop
      vertex 0.326776 11.6428 4.2
      vertex 0.164178 11.6669 0
      vertex 0.326776 11.6428 0
    endloop
  endfacet
  facet normal -0.803143 -0.595786 0
    outer loop
      vertex 1.39271 10.9306 0
      vertex 1.29479 11.0626 4.2
      vertex 1.29479 11.0626 0
    endloop
  endfacet
  facet normal -0.803143 -0.595786 0
    outer loop
      vertex 1.29479 11.0626 4.2
      vertex 1.39271 10.9306 0
      vertex 1.39271 10.9306 4.2
    endloop
  endfacet
  facet normal 0.514073 -0.857747 0
    outer loop
      vertex -0.93058 11.3927 0
      vertex -0.789589 11.4772 4.2
      vertex -0.93058 11.3927 4.2
    endloop
  endfacet
  facet normal 0.514073 -0.857747 0
    outer loop
      vertex -0.789589 11.4772 4.2
      vertex -0.93058 11.3927 0
      vertex -0.789589 11.4772 0
    endloop
  endfacet
  facet normal -0.514073 -0.857747 0
    outer loop
      vertex 0.789589 11.4772 0
      vertex 0.93058 11.3927 4.2
      vertex 0.789589 11.4772 4.2
    endloop
  endfacet
  facet normal -0.514073 -0.857747 -0
    outer loop
      vertex 0.93058 11.3927 4.2
      vertex 0.789589 11.4772 0
      vertex 0.93058 11.3927 0
    endloop
  endfacet
  facet normal -0.671612 -0.740903 0
    outer loop
      vertex 1.06261 11.2948 0
      vertex 1.1844 11.1844 4.2
      vertex 1.06261 11.2948 4.2
    endloop
  endfacet
  facet normal -0.671612 -0.740903 -0
    outer loop
      vertex 1.1844 11.1844 4.2
      vertex 1.06261 11.2948 0
      vertex 1.1844 11.1844 0
    endloop
  endfacet
  facet normal 0.941559 0.336849 0
    outer loop
      vertex -1.5475 9.359 4.2
      vertex -1.60287 9.51377 0
      vertex -1.60287 9.51377 4.2
    endloop
  endfacet
  facet normal 0.941559 0.336849 0
    outer loop
      vertex -1.60287 9.51377 0
      vertex -1.5475 9.359 4.2
      vertex -1.5475 9.359 0
    endloop
  endfacet
  facet normal -0.998794 0.0490941 0
    outer loop
      vertex 1.66693 9.83582 0
      vertex 1.675 10 4.2
      vertex 1.675 10 0
    endloop
  endfacet
  facet normal -0.998794 0.0490941 0
    outer loop
      vertex 1.675 10 4.2
      vertex 1.66693 9.83582 0
      vertex 1.66693 9.83582 4.2
    endloop
  endfacet
  facet normal 0.427654 -0.903943 0
    outer loop
      vertex -0.789589 11.4772 0
      vertex -0.640994 11.5475 4.2
      vertex -0.789589 11.4772 4.2
    endloop
  endfacet
  facet normal 0.427654 -0.903943 0
    outer loop
      vertex -0.640994 11.5475 4.2
      vertex -0.789589 11.4772 0
      vertex -0.640994 11.5475 0
    endloop
  endfacet
  facet normal -0.903984 0.427566 0
    outer loop
      vertex 1.47722 9.21041 0
      vertex 1.5475 9.359 4.2
      vertex 1.5475 9.359 0
    endloop
  endfacet
  facet normal -0.903984 0.427566 0
    outer loop
      vertex 1.5475 9.359 4.2
      vertex 1.47722 9.21041 0
      vertex 1.47722 9.21041 4.2
    endloop
  endfacet
  facet normal 0.595699 0.803208 -0
    outer loop
      vertex -0.93058 8.60729 0
      vertex -1.06261 8.70521 4.2
      vertex -0.93058 8.60729 4.2
    endloop
  endfacet
  facet normal 0.595699 0.803208 0
    outer loop
      vertex -1.06261 8.70521 4.2
      vertex -0.93058 8.60729 0
      vertex -1.06261 8.70521 0
    endloop
  endfacet
  facet normal 0.803143 -0.595786 0
    outer loop
      vertex -1.39271 10.9306 4.2
      vertex -1.29479 11.0626 0
      vertex -1.29479 11.0626 4.2
    endloop
  endfacet
  facet normal 0.803143 -0.595786 0
    outer loop
      vertex -1.29479 11.0626 0
      vertex -1.39271 10.9306 4.2
      vertex -1.39271 10.9306 0
    endloop
  endfacet
  facet normal 0.941579 -0.336791 0
    outer loop
      vertex -1.60287 10.4862 4.2
      vertex -1.5475 10.641 0
      vertex -1.5475 10.641 4.2
    endloop
  endfacet
  facet normal 0.941579 -0.336791 0
    outer loop
      vertex -1.5475 10.641 0
      vertex -1.60287 10.4862 4.2
      vertex -1.60287 10.4862 0
    endloop
  endfacet
  facet normal -0.857734 -0.514093 0
    outer loop
      vertex 1.47722 10.7896 0
      vertex 1.39271 10.9306 4.2
      vertex 1.39271 10.9306 0
    endloop
  endfacet
  facet normal -0.857734 -0.514093 0
    outer loop
      vertex 1.39271 10.9306 4.2
      vertex 1.47722 10.7896 0
      vertex 1.47722 10.7896 4.2
    endloop
  endfacet
  facet normal -0.941579 -0.336791 0
    outer loop
      vertex 1.60287 10.4862 0
      vertex 1.5475 10.641 4.2
      vertex 1.5475 10.641 0
    endloop
  endfacet
  facet normal -0.941579 -0.336791 0
    outer loop
      vertex 1.5475 10.641 4.2
      vertex 1.60287 10.4862 0
      vertex 1.60287 10.4862 4.2
    endloop
  endfacet
  facet normal 0.671579 0.740933 -0
    outer loop
      vertex -1.06261 8.70521 0
      vertex -1.1844 8.8156 4.2
      vertex -1.06261 8.70521 4.2
    endloop
  endfacet
  facet normal 0.671579 0.740933 0
    outer loop
      vertex -1.1844 8.8156 4.2
      vertex -1.06261 8.70521 0
      vertex -1.1844 8.8156 0
    endloop
  endfacet
  facet normal -0.970031 0.242979 0
    outer loop
      vertex 1.60287 9.51377 0
      vertex 1.64281 9.67322 4.2
      vertex 1.64281 9.67322 0
    endloop
  endfacet
  facet normal -0.970031 0.242979 0
    outer loop
      vertex 1.64281 9.67322 4.2
      vertex 1.60287 9.51377 0
      vertex 1.60287 9.51377 4.2
    endloop
  endfacet
  facet normal -0.989176 0.146734 0
    outer loop
      vertex 1.64281 9.67322 0
      vertex 1.66693 9.83582 4.2
      vertex 1.66693 9.83582 0
    endloop
  endfacet
  facet normal -0.989176 0.146734 0
    outer loop
      vertex 1.66693 9.83582 4.2
      vertex 1.64281 9.67322 0
      vertex 1.64281 9.67322 4.2
    endloop
  endfacet
  facet normal 0.514117 0.85772 -0
    outer loop
      vertex -0.789589 8.52278 0
      vertex -0.93058 8.60729 4.2
      vertex -0.789589 8.52278 4.2
    endloop
  endfacet
  facet normal 0.514117 0.85772 0
    outer loop
      vertex -0.93058 8.60729 4.2
      vertex -0.789589 8.52278 0
      vertex -0.93058 8.60729 0
    endloop
  endfacet
  facet normal -0.337015 -0.941499 0
    outer loop
      vertex 0.486226 11.6029 0
      vertex 0.640994 11.5475 4.2
      vertex 0.486226 11.6029 4.2
    endloop
  endfacet
  facet normal -0.337015 -0.941499 -0
    outer loop
      vertex 0.640994 11.5475 4.2
      vertex 0.486226 11.6029 0
      vertex 0.640994 11.5475 0
    endloop
  endfacet
  facet normal 0.337015 -0.941499 0
    outer loop
      vertex -0.640994 11.5475 0
      vertex -0.486226 11.6029 4.2
      vertex -0.640994 11.5475 4.2
    endloop
  endfacet
  facet normal 0.337015 -0.941499 0
    outer loop
      vertex -0.486226 11.6029 4.2
      vertex -0.640994 11.5475 0
      vertex -0.486226 11.6029 0
    endloop
  endfacet
  facet normal -0.146676 0.989185 0
    outer loop
      vertex 0.326776 8.35718 0
      vertex 0.164178 8.33307 4.2
      vertex 0.326776 8.35718 4.2
    endloop
  endfacet
  facet normal -0.146676 0.989185 0
    outer loop
      vertex 0.164178 8.33307 4.2
      vertex 0.326776 8.35718 0
      vertex 0.164178 8.33307 0
    endloop
  endfacet
  facet normal -0.857718 0.51412 0
    outer loop
      vertex 1.39271 9.06942 0
      vertex 1.47722 9.21041 4.2
      vertex 1.47722 9.21041 0
    endloop
  endfacet
  facet normal -0.857718 0.51412 0
    outer loop
      vertex 1.47722 9.21041 4.2
      vertex 1.39271 9.06942 0
      vertex 1.39271 9.06942 4.2
    endloop
  endfacet
  facet normal 0.0492768 -0.998785 0
    outer loop
      vertex -0.164178 11.6669 0
      vertex 0 11.675 4.2
      vertex -0.164178 11.6669 4.2
    endloop
  endfacet
  facet normal 0.0492768 -0.998785 0
    outer loop
      vertex 0 11.675 4.2
      vertex -0.164178 11.6669 0
      vertex 0 11.675 0
    endloop
  endfacet
  facet normal 0.998794 0.0490941 0
    outer loop
      vertex -1.66693 9.83582 4.2
      vertex -1.675 10 0
      vertex -1.675 10 4.2
    endloop
  endfacet
  facet normal 0.998794 0.0490941 0
    outer loop
      vertex -1.675 10 0
      vertex -1.66693 9.83582 4.2
      vertex -1.66693 9.83582 0
    endloop
  endfacet
  facet normal -0.941559 0.336849 0
    outer loop
      vertex 1.5475 9.359 0
      vertex 1.60287 9.51377 4.2
      vertex 1.60287 9.51377 0
    endloop
  endfacet
  facet normal -0.941559 0.336849 0
    outer loop
      vertex 1.60287 9.51377 4.2
      vertex 1.5475 9.359 0
      vertex 1.5475 9.359 4.2
    endloop
  endfacet
  facet normal -0.427654 -0.903943 0
    outer loop
      vertex 0.640994 11.5475 0
      vertex 0.789589 11.4772 4.2
      vertex 0.640994 11.5475 4.2
    endloop
  endfacet
  facet normal -0.427654 -0.903943 -0
    outer loop
      vertex 0.789589 11.4772 4.2
      vertex 0.640994 11.5475 0
      vertex 0.789589 11.4772 0
    endloop
  endfacet
  facet normal -0.74096 -0.671549 0
    outer loop
      vertex 1.29479 11.0626 0
      vertex 1.1844 11.1844 4.2
      vertex 1.1844 11.1844 0
    endloop
  endfacet
  facet normal -0.74096 -0.671549 0
    outer loop
      vertex 1.1844 11.1844 4.2
      vertex 1.29479 11.0626 0
      vertex 1.29479 11.0626 4.2
    endloop
  endfacet
  facet normal -0.0492768 -0.998785 0
    outer loop
      vertex 0 11.675 0
      vertex 0.164178 11.6669 4.2
      vertex 0 11.675 4.2
    endloop
  endfacet
  facet normal -0.0492768 -0.998785 -0
    outer loop
      vertex 0.164178 11.6669 4.2
      vertex 0 11.675 0
      vertex 0.164178 11.6669 0
    endloop
  endfacet
  facet normal 0.857718 0.51412 0
    outer loop
      vertex -1.39271 9.06942 4.2
      vertex -1.47722 9.21041 0
      vertex -1.47722 9.21041 4.2
    endloop
  endfacet
  facet normal 0.857718 0.51412 0
    outer loop
      vertex -1.47722 9.21041 0
      vertex -1.39271 9.06942 4.2
      vertex -1.39271 9.06942 0
    endloop
  endfacet
  facet normal 0.146676 0.989185 -0
    outer loop
      vertex -0.164178 8.33307 0
      vertex -0.326776 8.35718 4.2
      vertex -0.164178 8.33307 4.2
    endloop
  endfacet
  facet normal 0.146676 0.989185 0
    outer loop
      vertex -0.326776 8.35718 4.2
      vertex -0.164178 8.33307 0
      vertex -0.326776 8.35718 0
    endloop
  endfacet
  facet normal -0.671579 0.740933 0
    outer loop
      vertex 1.1844 8.8156 0
      vertex 1.06261 8.70521 4.2
      vertex 1.1844 8.8156 4.2
    endloop
  endfacet
  facet normal -0.671579 0.740933 0
    outer loop
      vertex 1.06261 8.70521 4.2
      vertex 1.1844 8.8156 0
      vertex 1.06261 8.70521 0
    endloop
  endfacet
  facet normal 0.0490947 0.998794 -0
    outer loop
      vertex 0 8.325 0
      vertex -0.164178 8.33307 4.2
      vertex 0 8.325 4.2
    endloop
  endfacet
  facet normal 0.0490947 0.998794 0
    outer loop
      vertex -0.164178 8.33307 4.2
      vertex 0 8.325 0
      vertex -0.164178 8.33307 0
    endloop
  endfacet
  facet normal 0.74096 -0.671549 0
    outer loop
      vertex -1.29479 11.0626 4.2
      vertex -1.1844 11.1844 0
      vertex -1.1844 11.1844 4.2
    endloop
  endfacet
  facet normal 0.74096 -0.671549 0
    outer loop
      vertex -1.1844 11.1844 0
      vertex -1.29479 11.0626 4.2
      vertex -1.29479 11.0626 0
    endloop
  endfacet
  facet normal 0.146617 -0.989193 0
    outer loop
      vertex -0.326776 11.6428 0
      vertex -0.164178 11.6669 4.2
      vertex -0.326776 11.6428 4.2
    endloop
  endfacet
  facet normal 0.146617 -0.989193 0
    outer loop
      vertex -0.164178 11.6669 4.2
      vertex -0.326776 11.6428 0
      vertex -0.164178 11.6669 0
    endloop
  endfacet
  facet normal 0.903995 -0.427542 0
    outer loop
      vertex -1.5475 10.641 4.2
      vertex -1.47722 10.7896 0
      vertex -1.47722 10.7896 4.2
    endloop
  endfacet
  facet normal 0.903995 -0.427542 0
    outer loop
      vertex -1.47722 10.7896 0
      vertex -1.5475 10.641 4.2
      vertex -1.5475 10.641 0
    endloop
  endfacet
  facet normal 0.970013 -0.243051 0
    outer loop
      vertex -1.64281 10.3268 4.2
      vertex -1.60287 10.4862 0
      vertex -1.60287 10.4862 4.2
    endloop
  endfacet
  facet normal 0.970013 -0.243051 0
    outer loop
      vertex -1.60287 10.4862 0
      vertex -1.64281 10.3268 4.2
      vertex -1.64281 10.3268 0
    endloop
  endfacet
  facet normal -0.24275 -0.970089 0
    outer loop
      vertex 0.326776 11.6428 0
      vertex 0.486226 11.6029 4.2
      vertex 0.326776 11.6428 4.2
    endloop
  endfacet
  facet normal -0.24275 -0.970089 -0
    outer loop
      vertex 0.486226 11.6029 4.2
      vertex 0.326776 11.6428 0
      vertex 0.486226 11.6029 0
    endloop
  endfacet
  facet normal 0.970031 0.242979 0
    outer loop
      vertex -1.60287 9.51377 4.2
      vertex -1.64281 9.67322 0
      vertex -1.64281 9.67322 4.2
    endloop
  endfacet
  facet normal 0.970031 0.242979 0
    outer loop
      vertex -1.64281 9.67322 0
      vertex -1.60287 9.51377 4.2
      vertex -1.60287 9.51377 0
    endloop
  endfacet
  facet normal 0.427554 0.90399 -0
    outer loop
      vertex -0.640994 8.4525 0
      vertex -0.789589 8.52278 4.2
      vertex -0.640994 8.4525 4.2
    endloop
  endfacet
  facet normal 0.427554 0.90399 0
    outer loop
      vertex -0.789589 8.52278 4.2
      vertex -0.640994 8.4525 0
      vertex -0.789589 8.52278 0
    endloop
  endfacet
  facet normal 0.740933 0.671579 0
    outer loop
      vertex -1.1844 8.8156 4.2
      vertex -1.29479 8.93739 0
      vertex -1.29479 8.93739 4.2
    endloop
  endfacet
  facet normal 0.740933 0.671579 0
    outer loop
      vertex -1.29479 8.93739 0
      vertex -1.1844 8.8156 4.2
      vertex -1.1844 8.8156 0
    endloop
  endfacet
  facet normal -0.427554 0.90399 0
    outer loop
      vertex 0.789589 8.52278 0
      vertex 0.640994 8.4525 4.2
      vertex 0.789589 8.52278 4.2
    endloop
  endfacet
  facet normal -0.427554 0.90399 0
    outer loop
      vertex 0.640994 8.4525 4.2
      vertex 0.789589 8.52278 0
      vertex 0.640994 8.4525 0
    endloop
  endfacet
  facet normal -0.0490947 0.998794 0
    outer loop
      vertex 0.164178 8.33307 0
      vertex 0 8.325 4.2
      vertex 0.164178 8.33307 4.2
    endloop
  endfacet
  facet normal -0.0490947 0.998794 0
    outer loop
      vertex 0 8.325 4.2
      vertex 0.164178 8.33307 0
      vertex 0 8.325 0
    endloop
  endfacet
  facet normal 0.989176 0.146734 0
    outer loop
      vertex -1.64281 9.67322 4.2
      vertex -1.66693 9.83582 0
      vertex -1.66693 9.83582 4.2
    endloop
  endfacet
  facet normal 0.989176 0.146734 0
    outer loop
      vertex -1.66693 9.83582 0
      vertex -1.64281 9.67322 4.2
      vertex -1.64281 9.67322 0
    endloop
  endfacet
  facet normal -0.595699 0.803208 0
    outer loop
      vertex 1.06261 8.70521 0
      vertex 0.93058 8.60729 4.2
      vertex 1.06261 8.70521 4.2
    endloop
  endfacet
  facet normal -0.595699 0.803208 0
    outer loop
      vertex 0.93058 8.60729 4.2
      vertex 1.06261 8.70521 0
      vertex 0.93058 8.60729 0
    endloop
  endfacet
  facet normal 0.803208 0.595699 0
    outer loop
      vertex -1.29479 8.93739 4.2
      vertex -1.39271 9.06942 0
      vertex -1.39271 9.06942 4.2
    endloop
  endfacet
  facet normal 0.803208 0.595699 0
    outer loop
      vertex -1.39271 9.06942 0
      vertex -1.29479 8.93739 4.2
      vertex -1.29479 8.93739 0
    endloop
  endfacet
  facet normal 0.998794 -0.0490881 0
    outer loop
      vertex -1.675 10 4.2
      vertex -1.66693 10.1642 0
      vertex -1.66693 10.1642 4.2
    endloop
  endfacet
  facet normal 0.998794 -0.0490881 0
    outer loop
      vertex -1.66693 10.1642 0
      vertex -1.675 10 4.2
      vertex -1.675 10 0
    endloop
  endfacet
  facet normal -0.740933 0.671579 0
    outer loop
      vertex 1.1844 8.8156 0
      vertex 1.29479 8.93739 4.2
      vertex 1.29479 8.93739 0
    endloop
  endfacet
  facet normal -0.740933 0.671579 0
    outer loop
      vertex 1.29479 8.93739 4.2
      vertex 1.1844 8.8156 0
      vertex 1.1844 8.8156 4.2
    endloop
  endfacet
  facet normal -0.989228 -0.146381 0
    outer loop
      vertex 1.66693 110.164 0
      vertex 1.64281 110.327 4.2
      vertex 1.64281 110.327 0
    endloop
  endfacet
  facet normal -0.989228 -0.146381 0
    outer loop
      vertex 1.64281 110.327 4.2
      vertex 1.66693 110.164 0
      vertex 1.66693 110.164 4.2
    endloop
  endfacet
  facet normal -0.998792 -0.0491479 0
    outer loop
      vertex 1.675 110 0
      vertex 1.66693 110.164 4.2
      vertex 1.66693 110.164 0
    endloop
  endfacet
  facet normal -0.998792 -0.0491479 0
    outer loop
      vertex 1.66693 110.164 4.2
      vertex 1.675 110 0
      vertex 1.675 110 4.2
    endloop
  endfacet
  facet normal -0.969869 -0.243626 0
    outer loop
      vertex 1.64281 110.327 0
      vertex 1.60287 110.486 4.2
      vertex 1.60287 110.486 0
    endloop
  endfacet
  facet normal -0.969869 -0.243626 0
    outer loop
      vertex 1.60287 110.486 4.2
      vertex 1.64281 110.327 0
      vertex 1.64281 110.327 4.2
    endloop
  endfacet
  facet normal 0.243323 -0.969945 0
    outer loop
      vertex -0.486226 111.603 0
      vertex -0.326776 111.643 4.2
      vertex -0.486226 111.603 4.2
    endloop
  endfacet
  facet normal 0.243323 -0.969945 0
    outer loop
      vertex -0.326776 111.643 4.2
      vertex -0.486226 111.603 0
      vertex -0.326776 111.643 0
    endloop
  endfacet
  facet normal 0.904439 0.426604 0
    outer loop
      vertex -1.47722 109.21 4.2
      vertex -1.5475 109.359 0
      vertex -1.5475 109.359 4.2
    endloop
  endfacet
  facet normal 0.904439 0.426604 0
    outer loop
      vertex -1.5475 109.359 0
      vertex -1.47722 109.21 4.2
      vertex -1.47722 109.21 0
    endloop
  endfacet
  facet normal 0.243323 0.969945 -0
    outer loop
      vertex -0.326776 108.357 0
      vertex -0.486226 108.397 4.2
      vertex -0.326776 108.357 4.2
    endloop
  endfacet
  facet normal 0.243323 0.969945 0
    outer loop
      vertex -0.486226 108.397 4.2
      vertex -0.326776 108.357 0
      vertex -0.486226 108.397 0
    endloop
  endfacet
  facet normal -0.511829 0.859087 0
    outer loop
      vertex 0.93058 108.607 0
      vertex 0.789589 108.523 4.2
      vertex 0.93058 108.607 4.2
    endloop
  endfacet
  facet normal -0.511829 0.859087 0
    outer loop
      vertex 0.789589 108.523 4.2
      vertex 0.93058 108.607 0
      vertex 0.789589 108.523 0
    endloop
  endfacet
  facet normal 0.334855 0.94227 -0
    outer loop
      vertex -0.486226 108.397 0
      vertex -0.640994 108.452 4.2
      vertex -0.486226 108.397 4.2
    endloop
  endfacet
  facet normal 0.334855 0.94227 0
    outer loop
      vertex -0.640994 108.452 4.2
      vertex -0.486226 108.397 0
      vertex -0.640994 108.452 0
    endloop
  endfacet
  facet normal -0.334855 0.94227 0
    outer loop
      vertex 0.640994 108.452 0
      vertex 0.486226 108.397 4.2
      vertex 0.640994 108.452 4.2
    endloop
  endfacet
  facet normal -0.334855 0.94227 0
    outer loop
      vertex 0.486226 108.397 4.2
      vertex 0.640994 108.452 0
      vertex 0.486226 108.397 0
    endloop
  endfacet
  facet normal 0.673609 -0.739088 0
    outer loop
      vertex -1.1844 111.184 0
      vertex -1.06261 111.295 4.2
      vertex -1.1844 111.184 4.2
    endloop
  endfacet
  facet normal 0.673609 -0.739088 0
    outer loop
      vertex -1.06261 111.295 4.2
      vertex -1.1844 111.184 0
      vertex -1.06261 111.295 0
    endloop
  endfacet
  facet normal -0.243323 0.969945 0
    outer loop
      vertex 0.486226 108.397 0
      vertex 0.326776 108.357 4.2
      vertex 0.486226 108.397 4.2
    endloop
  endfacet
  facet normal -0.243323 0.969945 0
    outer loop
      vertex 0.326776 108.357 4.2
      vertex 0.486226 108.397 0
      vertex 0.326776 108.357 0
    endloop
  endfacet
  facet normal 0.857734 -0.514093 0
    outer loop
      vertex -1.47722 110.79 4.2
      vertex -1.39271 110.931 0
      vertex -1.39271 110.931 4.2
    endloop
  endfacet
  facet normal 0.857734 -0.514093 0
    outer loop
      vertex -1.39271 110.931 0
      vertex -1.47722 110.79 4.2
      vertex -1.47722 110.79 0
    endloop
  endfacet
  facet normal 0.989228 -0.146381 0
    outer loop
      vertex -1.66693 110.164 4.2
      vertex -1.64281 110.327 0
      vertex -1.64281 110.327 4.2
    endloop
  endfacet
  facet normal 0.989228 -0.146381 0
    outer loop
      vertex -1.64281 110.327 0
      vertex -1.66693 110.164 4.2
      vertex -1.66693 110.164 0
    endloop
  endfacet
  facet normal -0.904439 -0.426604 0
    outer loop
      vertex 1.5475 110.641 0
      vertex 1.47722 110.79 4.2
      vertex 1.47722 110.79 0
    endloop
  endfacet
  facet normal -0.904439 -0.426604 0
    outer loop
      vertex 1.47722 110.79 4.2
      vertex 1.5475 110.641 0
      vertex 1.5475 110.641 4.2
    endloop
  endfacet
  facet normal -0.803143 0.595786 0
    outer loop
      vertex 1.29479 108.937 0
      vertex 1.39271 109.069 4.2
      vertex 1.39271 109.069 0
    endloop
  endfacet
  facet normal -0.803143 0.595786 0
    outer loop
      vertex 1.39271 109.069 4.2
      vertex 1.29479 108.937 0
      vertex 1.29479 108.937 4.2
    endloop
  endfacet
  facet normal 0.596013 -0.802975 0
    outer loop
      vertex -1.06261 111.295 0
      vertex -0.93058 111.393 4.2
      vertex -1.06261 111.295 4.2
    endloop
  endfacet
  facet normal 0.596013 -0.802975 0
    outer loop
      vertex -0.93058 111.393 4.2
      vertex -1.06261 111.295 0
      vertex -0.93058 111.393 0
    endloop
  endfacet
  facet normal -0.596013 -0.802975 0
    outer loop
      vertex 0.93058 111.393 0
      vertex 1.06261 111.295 4.2
      vertex 0.93058 111.393 4.2
    endloop
  endfacet
  facet normal -0.596013 -0.802975 -0
    outer loop
      vertex 1.06261 111.295 4.2
      vertex 0.93058 111.393 0
      vertex 1.06261 111.295 0
    endloop
  endfacet
  facet normal -0.146021 -0.989281 0
    outer loop
      vertex 0.164178 111.667 0
      vertex 0.326776 111.643 4.2
      vertex 0.164178 111.667 4.2
    endloop
  endfacet
  facet normal -0.146021 -0.989281 -0
    outer loop
      vertex 0.326776 111.643 4.2
      vertex 0.164178 111.667 0
      vertex 0.326776 111.643 0
    endloop
  endfacet
  facet normal -0.803143 -0.595786 0
    outer loop
      vertex 1.39271 110.931 0
      vertex 1.29479 111.063 4.2
      vertex 1.29479 111.063 0
    endloop
  endfacet
  facet normal -0.803143 -0.595786 0
    outer loop
      vertex 1.29479 111.063 4.2
      vertex 1.39271 110.931 0
      vertex 1.39271 110.931 4.2
    endloop
  endfacet
  facet normal 0.511829 -0.859087 0
    outer loop
      vertex -0.93058 111.393 0
      vertex -0.789589 111.477 4.2
      vertex -0.93058 111.393 4.2
    endloop
  endfacet
  facet normal 0.511829 -0.859087 0
    outer loop
      vertex -0.789589 111.477 4.2
      vertex -0.93058 111.393 0
      vertex -0.789589 111.477 0
    endloop
  endfacet
  facet normal -0.511829 -0.859087 0
    outer loop
      vertex 0.789589 111.477 0
      vertex 0.93058 111.393 4.2
      vertex 0.789589 111.477 4.2
    endloop
  endfacet
  facet normal -0.511829 -0.859087 -0
    outer loop
      vertex 0.93058 111.393 4.2
      vertex 0.789589 111.477 0
      vertex 0.93058 111.393 0
    endloop
  endfacet
  facet normal -0.673609 -0.739088 0
    outer loop
      vertex 1.06261 111.295 0
      vertex 1.1844 111.184 4.2
      vertex 1.06261 111.295 4.2
    endloop
  endfacet
  facet normal -0.673609 -0.739088 -0
    outer loop
      vertex 1.1844 111.184 4.2
      vertex 1.06261 111.295 0
      vertex 1.1844 111.184 0
    endloop
  endfacet
  facet normal 0.941717 0.336406 0
    outer loop
      vertex -1.5475 109.359 4.2
      vertex -1.60287 109.514 0
      vertex -1.60287 109.514 4.2
    endloop
  endfacet
  facet normal 0.941717 0.336406 0
    outer loop
      vertex -1.60287 109.514 0
      vertex -1.5475 109.359 4.2
      vertex -1.5475 109.359 0
    endloop
  endfacet
  facet normal -0.998792 0.0491479 0
    outer loop
      vertex 1.66693 109.836 0
      vertex 1.675 110 4.2
      vertex 1.675 110 0
    endloop
  endfacet
  facet normal -0.998792 0.0491479 0
    outer loop
      vertex 1.675 110 4.2
      vertex 1.66693 109.836 0
      vertex 1.66693 109.836 4.2
    endloop
  endfacet
  facet normal 0.431124 -0.902293 0
    outer loop
      vertex -0.789589 111.477 0
      vertex -0.640994 111.548 4.2
      vertex -0.789589 111.477 4.2
    endloop
  endfacet
  facet normal 0.431124 -0.902293 0
    outer loop
      vertex -0.640994 111.548 4.2
      vertex -0.789589 111.477 0
      vertex -0.640994 111.548 0
    endloop
  endfacet
  facet normal -0.904439 0.426604 0
    outer loop
      vertex 1.47722 109.21 0
      vertex 1.5475 109.359 4.2
      vertex 1.5475 109.359 0
    endloop
  endfacet
  facet normal -0.904439 0.426604 0
    outer loop
      vertex 1.5475 109.359 4.2
      vertex 1.47722 109.21 0
      vertex 1.47722 109.21 4.2
    endloop
  endfacet
  facet normal 0.596013 0.802975 -0
    outer loop
      vertex -0.93058 108.607 0
      vertex -1.06261 108.705 4.2
      vertex -0.93058 108.607 4.2
    endloop
  endfacet
  facet normal 0.596013 0.802975 0
    outer loop
      vertex -1.06261 108.705 4.2
      vertex -0.93058 108.607 0
      vertex -1.06261 108.705 0
    endloop
  endfacet
  facet normal 0.803143 -0.595786 0
    outer loop
      vertex -1.39271 110.931 4.2
      vertex -1.29479 111.063 0
      vertex -1.29479 111.063 4.2
    endloop
  endfacet
  facet normal 0.803143 -0.595786 0
    outer loop
      vertex -1.29479 111.063 0
      vertex -1.39271 110.931 4.2
      vertex -1.39271 110.931 0
    endloop
  endfacet
  facet normal 0.941717 -0.336406 0
    outer loop
      vertex -1.60287 110.486 4.2
      vertex -1.5475 110.641 0
      vertex -1.5475 110.641 4.2
    endloop
  endfacet
  facet normal 0.941717 -0.336406 0
    outer loop
      vertex -1.5475 110.641 0
      vertex -1.60287 110.486 4.2
      vertex -1.60287 110.486 0
    endloop
  endfacet
  facet normal -0.941717 -0.336406 0
    outer loop
      vertex 1.60287 110.486 0
      vertex 1.5475 110.641 4.2
      vertex 1.5475 110.641 0
    endloop
  endfacet
  facet normal -0.941717 -0.336406 0
    outer loop
      vertex 1.5475 110.641 4.2
      vertex 1.60287 110.486 0
      vertex 1.60287 110.486 4.2
    endloop
  endfacet
  facet normal 0.673609 0.739088 -0
    outer loop
      vertex -1.06261 108.705 0
      vertex -1.1844 108.816 4.2
      vertex -1.06261 108.705 4.2
    endloop
  endfacet
  facet normal 0.673609 0.739088 0
    outer loop
      vertex -1.1844 108.816 4.2
      vertex -1.06261 108.705 0
      vertex -1.1844 108.816 0
    endloop
  endfacet
  facet normal -0.969869 0.243626 0
    outer loop
      vertex 1.60287 109.514 0
      vertex 1.64281 109.673 4.2
      vertex 1.64281 109.673 0
    endloop
  endfacet
  facet normal -0.969869 0.243626 0
    outer loop
      vertex 1.64281 109.673 4.2
      vertex 1.60287 109.514 0
      vertex 1.60287 109.514 4.2
    endloop
  endfacet
  facet normal -0.989228 0.146381 0
    outer loop
      vertex 1.64281 109.673 0
      vertex 1.66693 109.836 4.2
      vertex 1.66693 109.836 0
    endloop
  endfacet
  facet normal -0.989228 0.146381 0
    outer loop
      vertex 1.66693 109.836 4.2
      vertex 1.64281 109.673 0
      vertex 1.64281 109.673 4.2
    endloop
  endfacet
  facet normal 0.511829 0.859087 -0
    outer loop
      vertex -0.789589 108.523 0
      vertex -0.93058 108.607 4.2
      vertex -0.789589 108.523 4.2
    endloop
  endfacet
  facet normal 0.511829 0.859087 0
    outer loop
      vertex -0.93058 108.607 4.2
      vertex -0.789589 108.523 0
      vertex -0.93058 108.607 0
    endloop
  endfacet
  facet normal -0.334855 -0.94227 0
    outer loop
      vertex 0.486226 111.603 0
      vertex 0.640994 111.548 4.2
      vertex 0.486226 111.603 4.2
    endloop
  endfacet
  facet normal -0.334855 -0.94227 -0
    outer loop
      vertex 0.640994 111.548 4.2
      vertex 0.486226 111.603 0
      vertex 0.640994 111.548 0
    endloop
  endfacet
  facet normal 0.334855 -0.94227 0
    outer loop
      vertex -0.640994 111.548 0
      vertex -0.486226 111.603 4.2
      vertex -0.640994 111.548 4.2
    endloop
  endfacet
  facet normal 0.334855 -0.94227 0
    outer loop
      vertex -0.486226 111.603 4.2
      vertex -0.640994 111.548 0
      vertex -0.486226 111.603 0
    endloop
  endfacet
  facet normal -0.146021 0.989281 0
    outer loop
      vertex 0.326776 108.357 0
      vertex 0.164178 108.333 4.2
      vertex 0.326776 108.357 4.2
    endloop
  endfacet
  facet normal -0.146021 0.989281 0
    outer loop
      vertex 0.164178 108.333 4.2
      vertex 0.326776 108.357 0
      vertex 0.164178 108.333 0
    endloop
  endfacet
  facet normal -0.857734 0.514093 0
    outer loop
      vertex 1.39271 109.069 0
      vertex 1.47722 109.21 4.2
      vertex 1.47722 109.21 0
    endloop
  endfacet
  facet normal -0.857734 0.514093 0
    outer loop
      vertex 1.47722 109.21 4.2
      vertex 1.39271 109.069 0
      vertex 1.39271 109.069 4.2
    endloop
  endfacet
  facet normal 0.0486699 -0.998815 0
    outer loop
      vertex -0.164178 111.667 0
      vertex 0 111.675 4.2
      vertex -0.164178 111.667 4.2
    endloop
  endfacet
  facet normal 0.0486699 -0.998815 0
    outer loop
      vertex 0 111.675 4.2
      vertex -0.164178 111.667 0
      vertex 0 111.675 0
    endloop
  endfacet
  facet normal 0.998792 0.0491479 0
    outer loop
      vertex -1.66693 109.836 4.2
      vertex -1.675 110 0
      vertex -1.675 110 4.2
    endloop
  endfacet
  facet normal 0.998792 0.0491479 0
    outer loop
      vertex -1.675 110 0
      vertex -1.66693 109.836 4.2
      vertex -1.66693 109.836 0
    endloop
  endfacet
  facet normal -0.941717 0.336406 0
    outer loop
      vertex 1.5475 109.359 0
      vertex 1.60287 109.514 4.2
      vertex 1.60287 109.514 0
    endloop
  endfacet
  facet normal -0.941717 0.336406 0
    outer loop
      vertex 1.60287 109.514 4.2
      vertex 1.5475 109.359 0
      vertex 1.5475 109.359 4.2
    endloop
  endfacet
  facet normal -0.431124 -0.902293 0
    outer loop
      vertex 0.640994 111.548 0
      vertex 0.789589 111.477 4.2
      vertex 0.640994 111.548 4.2
    endloop
  endfacet
  facet normal -0.431124 -0.902293 -0
    outer loop
      vertex 0.789589 111.477 4.2
      vertex 0.640994 111.548 0
      vertex 0.789589 111.477 0
    endloop
  endfacet
  facet normal -0.738754 -0.673975 0
    outer loop
      vertex 1.29479 111.063 0
      vertex 1.1844 111.184 4.2
      vertex 1.1844 111.184 0
    endloop
  endfacet
  facet normal -0.738754 -0.673975 0
    outer loop
      vertex 1.1844 111.184 4.2
      vertex 1.29479 111.063 0
      vertex 1.29479 111.063 4.2
    endloop
  endfacet
  facet normal -0.0486699 -0.998815 0
    outer loop
      vertex 0 111.675 0
      vertex 0.164178 111.667 4.2
      vertex 0 111.675 4.2
    endloop
  endfacet
  facet normal -0.0486699 -0.998815 -0
    outer loop
      vertex 0.164178 111.667 4.2
      vertex 0 111.675 0
      vertex 0.164178 111.667 0
    endloop
  endfacet
  facet normal 0.857734 0.514093 0
    outer loop
      vertex -1.39271 109.069 4.2
      vertex -1.47722 109.21 0
      vertex -1.47722 109.21 4.2
    endloop
  endfacet
  facet normal 0.857734 0.514093 0
    outer loop
      vertex -1.47722 109.21 0
      vertex -1.39271 109.069 4.2
      vertex -1.39271 109.069 0
    endloop
  endfacet
  facet normal -0.857734 -0.514093 0
    outer loop
      vertex 1.47722 110.79 0
      vertex 1.39271 110.931 4.2
      vertex 1.39271 110.931 0
    endloop
  endfacet
  facet normal -0.857734 -0.514093 0
    outer loop
      vertex 1.39271 110.931 4.2
      vertex 1.47722 110.79 0
      vertex 1.47722 110.79 4.2
    endloop
  endfacet
  facet normal 0.146021 0.989281 -0
    outer loop
      vertex -0.164178 108.333 0
      vertex -0.326776 108.357 4.2
      vertex -0.164178 108.333 4.2
    endloop
  endfacet
  facet normal 0.146021 0.989281 0
    outer loop
      vertex -0.326776 108.357 4.2
      vertex -0.164178 108.333 0
      vertex -0.326776 108.357 0
    endloop
  endfacet
  facet normal -0.673609 0.739088 0
    outer loop
      vertex 1.1844 108.816 0
      vertex 1.06261 108.705 4.2
      vertex 1.1844 108.816 4.2
    endloop
  endfacet
  facet normal -0.673609 0.739088 0
    outer loop
      vertex 1.06261 108.705 4.2
      vertex 1.1844 108.816 0
      vertex 1.06261 108.705 0
    endloop
  endfacet
  facet normal 0.0486699 0.998815 -0
    outer loop
      vertex 0 108.325 0
      vertex -0.164178 108.333 4.2
      vertex 0 108.325 4.2
    endloop
  endfacet
  facet normal 0.0486699 0.998815 0
    outer loop
      vertex -0.164178 108.333 4.2
      vertex 0 108.325 0
      vertex -0.164178 108.333 0
    endloop
  endfacet
  facet normal 0.738754 -0.673975 0
    outer loop
      vertex -1.29479 111.063 4.2
      vertex -1.1844 111.184 0
      vertex -1.1844 111.184 4.2
    endloop
  endfacet
  facet normal 0.738754 -0.673975 0
    outer loop
      vertex -1.1844 111.184 0
      vertex -1.29479 111.063 4.2
      vertex -1.29479 111.063 0
    endloop
  endfacet
  facet normal 0.146021 -0.989281 0
    outer loop
      vertex -0.326776 111.643 0
      vertex -0.164178 111.667 4.2
      vertex -0.326776 111.643 4.2
    endloop
  endfacet
  facet normal 0.146021 -0.989281 0
    outer loop
      vertex -0.164178 111.667 4.2
      vertex -0.326776 111.643 0
      vertex -0.164178 111.667 0
    endloop
  endfacet
  facet normal 0.904439 -0.426604 0
    outer loop
      vertex -1.5475 110.641 4.2
      vertex -1.47722 110.79 0
      vertex -1.47722 110.79 4.2
    endloop
  endfacet
  facet normal 0.904439 -0.426604 0
    outer loop
      vertex -1.47722 110.79 0
      vertex -1.5475 110.641 4.2
      vertex -1.5475 110.641 0
    endloop
  endfacet
  facet normal 0.969869 -0.243626 0
    outer loop
      vertex -1.64281 110.327 4.2
      vertex -1.60287 110.486 0
      vertex -1.60287 110.486 4.2
    endloop
  endfacet
  facet normal 0.969869 -0.243626 0
    outer loop
      vertex -1.60287 110.486 0
      vertex -1.64281 110.327 4.2
      vertex -1.64281 110.327 0
    endloop
  endfacet
  facet normal -0.243323 -0.969945 0
    outer loop
      vertex 0.326776 111.643 0
      vertex 0.486226 111.603 4.2
      vertex 0.326776 111.643 4.2
    endloop
  endfacet
  facet normal -0.243323 -0.969945 -0
    outer loop
      vertex 0.486226 111.603 4.2
      vertex 0.326776 111.643 0
      vertex 0.486226 111.603 0
    endloop
  endfacet
  facet normal 0.969869 0.243626 0
    outer loop
      vertex -1.60287 109.514 4.2
      vertex -1.64281 109.673 0
      vertex -1.64281 109.673 4.2
    endloop
  endfacet
  facet normal 0.969869 0.243626 0
    outer loop
      vertex -1.64281 109.673 0
      vertex -1.60287 109.514 4.2
      vertex -1.60287 109.514 0
    endloop
  endfacet
  facet normal 0.431124 0.902293 -0
    outer loop
      vertex -0.640994 108.452 0
      vertex -0.789589 108.523 4.2
      vertex -0.640994 108.452 4.2
    endloop
  endfacet
  facet normal 0.431124 0.902293 0
    outer loop
      vertex -0.789589 108.523 4.2
      vertex -0.640994 108.452 0
      vertex -0.789589 108.523 0
    endloop
  endfacet
  facet normal 0.738754 0.673975 0
    outer loop
      vertex -1.1844 108.816 4.2
      vertex -1.29479 108.937 0
      vertex -1.29479 108.937 4.2
    endloop
  endfacet
  facet normal 0.738754 0.673975 0
    outer loop
      vertex -1.29479 108.937 0
      vertex -1.1844 108.816 4.2
      vertex -1.1844 108.816 0
    endloop
  endfacet
  facet normal -0.431124 0.902293 0
    outer loop
      vertex 0.789589 108.523 0
      vertex 0.640994 108.452 4.2
      vertex 0.789589 108.523 4.2
    endloop
  endfacet
  facet normal -0.431124 0.902293 0
    outer loop
      vertex 0.640994 108.452 4.2
      vertex 0.789589 108.523 0
      vertex 0.640994 108.452 0
    endloop
  endfacet
  facet normal -0.0486699 0.998815 0
    outer loop
      vertex 0.164178 108.333 0
      vertex 0 108.325 4.2
      vertex 0.164178 108.333 4.2
    endloop
  endfacet
  facet normal -0.0486699 0.998815 0
    outer loop
      vertex 0 108.325 4.2
      vertex 0.164178 108.333 0
      vertex 0 108.325 0
    endloop
  endfacet
  facet normal 0.989228 0.146381 0
    outer loop
      vertex -1.64281 109.673 4.2
      vertex -1.66693 109.836 0
      vertex -1.66693 109.836 4.2
    endloop
  endfacet
  facet normal 0.989228 0.146381 0
    outer loop
      vertex -1.66693 109.836 0
      vertex -1.64281 109.673 4.2
      vertex -1.64281 109.673 0
    endloop
  endfacet
  facet normal -0.596013 0.802975 0
    outer loop
      vertex 1.06261 108.705 0
      vertex 0.93058 108.607 4.2
      vertex 1.06261 108.705 4.2
    endloop
  endfacet
  facet normal -0.596013 0.802975 0
    outer loop
      vertex 0.93058 108.607 4.2
      vertex 1.06261 108.705 0
      vertex 0.93058 108.607 0
    endloop
  endfacet
  facet normal 0.803143 0.595786 0
    outer loop
      vertex -1.29479 108.937 4.2
      vertex -1.39271 109.069 0
      vertex -1.39271 109.069 4.2
    endloop
  endfacet
  facet normal 0.803143 0.595786 0
    outer loop
      vertex -1.39271 109.069 0
      vertex -1.29479 108.937 4.2
      vertex -1.29479 108.937 0
    endloop
  endfacet
  facet normal 0.998792 -0.0491479 0
    outer loop
      vertex -1.675 110 4.2
      vertex -1.66693 110.164 0
      vertex -1.66693 110.164 4.2
    endloop
  endfacet
  facet normal 0.998792 -0.0491479 0
    outer loop
      vertex -1.66693 110.164 0
      vertex -1.675 110 4.2
      vertex -1.675 110 0
    endloop
  endfacet
  facet normal -0.738754 0.673975 0
    outer loop
      vertex 1.1844 108.816 0
      vertex 1.29479 108.937 4.2
      vertex 1.29479 108.937 0
    endloop
  endfacet
  facet normal -0.738754 0.673975 0
    outer loop
      vertex 1.29479 108.937 4.2
      vertex 1.1844 108.816 0
      vertex 1.1844 108.816 4.2
    endloop
  endfacet
  facet normal -0.989282 -0.146019 0
    outer loop
      vertex 121.667 10.1642 0
      vertex 121.643 10.3268 4.2
      vertex 121.643 10.3268 0
    endloop
  endfacet
  facet normal -0.989282 -0.146019 0
    outer loop
      vertex 121.643 10.3268 4.2
      vertex 121.667 10.1642 0
      vertex 121.667 10.1642 4.2
    endloop
  endfacet
  facet normal -0.998815 -0.0486633 0
    outer loop
      vertex 121.675 10 0
      vertex 121.667 10.1642 4.2
      vertex 121.667 10.1642 0
    endloop
  endfacet
  facet normal -0.998815 -0.0486633 0
    outer loop
      vertex 121.667 10.1642 4.2
      vertex 121.675 10 0
      vertex 121.675 10 4.2
    endloop
  endfacet
  facet normal -0.969927 -0.243395 0
    outer loop
      vertex 121.643 10.3268 0
      vertex 121.603 10.4862 4.2
      vertex 121.603 10.4862 0
    endloop
  endfacet
  facet normal -0.969927 -0.243395 0
    outer loop
      vertex 121.603 10.4862 4.2
      vertex 121.643 10.3268 0
      vertex 121.643 10.3268 4.2
    endloop
  endfacet
  facet normal 0.243397 -0.969927 0
    outer loop
      vertex 119.514 11.6029 0
      vertex 119.673 11.6428 4.2
      vertex 119.514 11.6029 4.2
    endloop
  endfacet
  facet normal 0.243397 -0.969927 0
    outer loop
      vertex 119.673 11.6428 4.2
      vertex 119.514 11.6029 0
      vertex 119.673 11.6428 0
    endloop
  endfacet
  facet normal 0.902287 0.431135 0
    outer loop
      vertex 118.523 9.21041 4.2
      vertex 118.452 9.359 0
      vertex 118.452 9.359 4.2
    endloop
  endfacet
  facet normal 0.902287 0.431135 0
    outer loop
      vertex 118.452 9.359 0
      vertex 118.523 9.21041 4.2
      vertex 118.523 9.21041 0
    endloop
  endfacet
  facet normal 0.243626 0.969869 -0
    outer loop
      vertex 119.673 8.35718 0
      vertex 119.514 8.39712 4.2
      vertex 119.673 8.35718 4.2
    endloop
  endfacet
  facet normal 0.243626 0.969869 0
    outer loop
      vertex 119.514 8.39712 4.2
      vertex 119.673 8.35718 0
      vertex 119.514 8.39712 0
    endloop
  endfacet
  facet normal -0.514093 0.857734 0
    outer loop
      vertex 120.931 8.60729 0
      vertex 120.79 8.52278 4.2
      vertex 120.931 8.60729 4.2
    endloop
  endfacet
  facet normal -0.514093 0.857734 0
    outer loop
      vertex 120.79 8.52278 4.2
      vertex 120.931 8.60729 0
      vertex 120.79 8.52278 0
    endloop
  endfacet
  facet normal 0.33646 0.941698 -0
    outer loop
      vertex 119.514 8.39712 0
      vertex 119.359 8.4525 4.2
      vertex 119.514 8.39712 4.2
    endloop
  endfacet
  facet normal 0.33646 0.941698 0
    outer loop
      vertex 119.359 8.4525 4.2
      vertex 119.514 8.39712 0
      vertex 119.359 8.4525 0
    endloop
  endfacet
  facet normal -0.33646 0.941698 0
    outer loop
      vertex 120.641 8.4525 0
      vertex 120.486 8.39712 4.2
      vertex 120.641 8.4525 4.2
    endloop
  endfacet
  facet normal -0.33646 0.941698 0
    outer loop
      vertex 120.486 8.39712 4.2
      vertex 120.641 8.4525 0
      vertex 120.486 8.39712 0
    endloop
  endfacet
  facet normal 0.674009 -0.738723 0
    outer loop
      vertex 118.816 11.1844 0
      vertex 118.937 11.2948 4.2
      vertex 118.816 11.1844 4.2
    endloop
  endfacet
  facet normal 0.674009 -0.738723 0
    outer loop
      vertex 118.937 11.2948 4.2
      vertex 118.816 11.1844 0
      vertex 118.937 11.2948 0
    endloop
  endfacet
  facet normal -0.243626 0.969869 0
    outer loop
      vertex 120.486 8.39712 0
      vertex 120.327 8.35718 4.2
      vertex 120.486 8.39712 4.2
    endloop
  endfacet
  facet normal -0.243626 0.969869 0
    outer loop
      vertex 120.327 8.35718 4.2
      vertex 120.486 8.39712 0
      vertex 120.327 8.35718 0
    endloop
  endfacet
  facet normal 0.859102 -0.511805 0
    outer loop
      vertex 118.523 10.7896 4.2
      vertex 118.607 10.9306 0
      vertex 118.607 10.9306 4.2
    endloop
  endfacet
  facet normal 0.859102 -0.511805 0
    outer loop
      vertex 118.607 10.9306 0
      vertex 118.523 10.7896 4.2
      vertex 118.523 10.7896 0
    endloop
  endfacet
  facet normal 0.989282 -0.146019 0
    outer loop
      vertex 118.333 10.1642 4.2
      vertex 118.357 10.3268 0
      vertex 118.357 10.3268 4.2
    endloop
  endfacet
  facet normal 0.989282 -0.146019 0
    outer loop
      vertex 118.357 10.3268 0
      vertex 118.333 10.1642 4.2
      vertex 118.333 10.1642 0
    endloop
  endfacet
  facet normal -0.902299 -0.431112 0
    outer loop
      vertex 121.548 10.641 0
      vertex 121.477 10.7896 4.2
      vertex 121.477 10.7896 0
    endloop
  endfacet
  facet normal -0.902299 -0.431112 0
    outer loop
      vertex 121.477 10.7896 4.2
      vertex 121.548 10.641 0
      vertex 121.548 10.641 4.2
    endloop
  endfacet
  facet normal -0.802975 0.596013 0
    outer loop
      vertex 121.295 8.93739 0
      vertex 121.393 9.06942 4.2
      vertex 121.393 9.06942 0
    endloop
  endfacet
  facet normal -0.802975 0.596013 0
    outer loop
      vertex 121.393 9.06942 4.2
      vertex 121.295 8.93739 0
      vertex 121.295 8.93739 4.2
    endloop
  endfacet
  facet normal 0.595708 -0.803201 0
    outer loop
      vertex 118.937 11.2948 0
      vertex 119.069 11.3927 4.2
      vertex 118.937 11.2948 4.2
    endloop
  endfacet
  facet normal 0.595708 -0.803201 0
    outer loop
      vertex 119.069 11.3927 4.2
      vertex 118.937 11.2948 0
      vertex 119.069 11.3927 0
    endloop
  endfacet
  facet normal -0.595708 -0.803201 0
    outer loop
      vertex 120.931 11.3927 0
      vertex 121.063 11.2948 4.2
      vertex 120.931 11.3927 4.2
    endloop
  endfacet
  facet normal -0.595708 -0.803201 -0
    outer loop
      vertex 121.063 11.2948 4.2
      vertex 120.931 11.3927 0
      vertex 121.063 11.2948 0
    endloop
  endfacet
  facet normal -0.146263 -0.989246 0
    outer loop
      vertex 120.164 11.6669 0
      vertex 120.327 11.6428 4.2
      vertex 120.164 11.6669 4.2
    endloop
  endfacet
  facet normal -0.146263 -0.989246 -0
    outer loop
      vertex 120.327 11.6428 4.2
      vertex 120.164 11.6669 0
      vertex 120.327 11.6428 0
    endloop
  endfacet
  facet normal -0.80291 -0.5961 0
    outer loop
      vertex 121.393 10.9306 0
      vertex 121.295 11.0626 4.2
      vertex 121.295 11.0626 0
    endloop
  endfacet
  facet normal -0.80291 -0.5961 0
    outer loop
      vertex 121.295 11.0626 4.2
      vertex 121.393 10.9306 0
      vertex 121.393 10.9306 4.2
    endloop
  endfacet
  facet normal 0.514048 -0.857761 0
    outer loop
      vertex 119.069 11.3927 0
      vertex 119.21 11.4772 4.2
      vertex 119.069 11.3927 4.2
    endloop
  endfacet
  facet normal 0.514048 -0.857761 0
    outer loop
      vertex 119.21 11.4772 4.2
      vertex 119.069 11.3927 0
      vertex 119.21 11.4772 0
    endloop
  endfacet
  facet normal -0.514048 -0.857761 0
    outer loop
      vertex 120.79 11.4772 0
      vertex 120.931 11.3927 4.2
      vertex 120.79 11.4772 4.2
    endloop
  endfacet
  facet normal -0.514048 -0.857761 -0
    outer loop
      vertex 120.931 11.3927 4.2
      vertex 120.79 11.4772 0
      vertex 120.931 11.3927 0
    endloop
  endfacet
  facet normal -0.674009 -0.738723 0
    outer loop
      vertex 121.063 11.2948 0
      vertex 121.184 11.1844 4.2
      vertex 121.063 11.2948 4.2
    endloop
  endfacet
  facet normal -0.674009 -0.738723 -0
    outer loop
      vertex 121.184 11.1844 4.2
      vertex 121.063 11.2948 0
      vertex 121.184 11.1844 0
    endloop
  endfacet
  facet normal 0.942271 0.334851 0
    outer loop
      vertex 118.452 9.359 4.2
      vertex 118.397 9.51377 0
      vertex 118.397 9.51377 4.2
    endloop
  endfacet
  facet normal 0.942271 0.334851 0
    outer loop
      vertex 118.397 9.51377 0
      vertex 118.452 9.359 4.2
      vertex 118.452 9.359 0
    endloop
  endfacet
  facet normal -0.998815 0.0486693 0
    outer loop
      vertex 121.667 9.83582 0
      vertex 121.675 10 4.2
      vertex 121.675 10 0
    endloop
  endfacet
  facet normal -0.998815 0.0486693 0
    outer loop
      vertex 121.675 10 4.2
      vertex 121.667 9.83582 0
      vertex 121.667 9.83582 4.2
    endloop
  endfacet
  facet normal 0.426703 -0.904392 0
    outer loop
      vertex 119.21 11.4772 0
      vertex 119.359 11.5475 4.2
      vertex 119.21 11.4772 4.2
    endloop
  endfacet
  facet normal 0.426703 -0.904392 0
    outer loop
      vertex 119.359 11.5475 4.2
      vertex 119.21 11.4772 0
      vertex 119.359 11.5475 0
    endloop
  endfacet
  facet normal -0.902287 0.431135 0
    outer loop
      vertex 121.477 9.21041 0
      vertex 121.548 9.359 4.2
      vertex 121.548 9.359 0
    endloop
  endfacet
  facet normal -0.902287 0.431135 0
    outer loop
      vertex 121.548 9.359 4.2
      vertex 121.477 9.21041 0
      vertex 121.477 9.21041 4.2
    endloop
  endfacet
  facet normal 0.595786 0.803143 -0
    outer loop
      vertex 119.069 8.60729 0
      vertex 118.937 8.70521 4.2
      vertex 119.069 8.60729 4.2
    endloop
  endfacet
  facet normal 0.595786 0.803143 0
    outer loop
      vertex 118.937 8.70521 4.2
      vertex 119.069 8.60729 0
      vertex 118.937 8.70521 0
    endloop
  endfacet
  facet normal 0.80291 -0.5961 0
    outer loop
      vertex 118.607 10.9306 4.2
      vertex 118.705 11.0626 0
      vertex 118.705 11.0626 4.2
    endloop
  endfacet
  facet normal 0.80291 -0.5961 0
    outer loop
      vertex 118.705 11.0626 0
      vertex 118.607 10.9306 4.2
      vertex 118.607 10.9306 0
    endloop
  endfacet
  facet normal 0.942292 -0.334793 0
    outer loop
      vertex 118.397 10.4862 4.2
      vertex 118.452 10.641 0
      vertex 118.452 10.641 4.2
    endloop
  endfacet
  facet normal 0.942292 -0.334793 0
    outer loop
      vertex 118.452 10.641 0
      vertex 118.397 10.4862 4.2
      vertex 118.397 10.4862 0
    endloop
  endfacet
  facet normal -0.942292 -0.334793 0
    outer loop
      vertex 121.603 10.4862 0
      vertex 121.548 10.641 4.2
      vertex 121.548 10.641 0
    endloop
  endfacet
  facet normal -0.942292 -0.334793 0
    outer loop
      vertex 121.548 10.641 4.2
      vertex 121.603 10.4862 0
      vertex 121.603 10.4862 4.2
    endloop
  endfacet
  facet normal -0.859102 -0.511805 0
    outer loop
      vertex 121.477 10.7896 0
      vertex 121.393 10.9306 4.2
      vertex 121.393 10.9306 0
    endloop
  endfacet
  facet normal -0.859102 -0.511805 0
    outer loop
      vertex 121.393 10.9306 4.2
      vertex 121.477 10.7896 0
      vertex 121.477 10.7896 4.2
    endloop
  endfacet
  facet normal -0.969945 0.243323 0
    outer loop
      vertex 121.603 9.51377 0
      vertex 121.643 9.67322 4.2
      vertex 121.643 9.67322 0
    endloop
  endfacet
  facet normal -0.969945 0.243323 0
    outer loop
      vertex 121.643 9.67322 4.2
      vertex 121.603 9.51377 0
      vertex 121.603 9.51377 4.2
    endloop
  endfacet
  facet normal -0.989282 0.146019 0
    outer loop
      vertex 121.643 9.67322 0
      vertex 121.667 9.83582 4.2
      vertex 121.667 9.83582 0
    endloop
  endfacet
  facet normal -0.989282 0.146019 0
    outer loop
      vertex 121.667 9.83582 4.2
      vertex 121.643 9.67322 0
      vertex 121.643 9.67322 4.2
    endloop
  endfacet
  facet normal 0.514093 0.857734 -0
    outer loop
      vertex 119.21 8.52278 0
      vertex 119.069 8.60729 4.2
      vertex 119.21 8.52278 4.2
    endloop
  endfacet
  facet normal 0.514093 0.857734 0
    outer loop
      vertex 119.069 8.60729 4.2
      vertex 119.21 8.52278 0
      vertex 119.069 8.60729 0
    endloop
  endfacet
  facet normal -0.336567 -0.941659 0
    outer loop
      vertex 120.486 11.6029 0
      vertex 120.641 11.5475 4.2
      vertex 120.486 11.6029 4.2
    endloop
  endfacet
  facet normal -0.336567 -0.941659 -0
    outer loop
      vertex 120.641 11.5475 4.2
      vertex 120.486 11.6029 0
      vertex 120.641 11.5475 0
    endloop
  endfacet
  facet normal 0.336567 -0.941659 0
    outer loop
      vertex 119.359 11.5475 0
      vertex 119.514 11.6029 4.2
      vertex 119.359 11.5475 4.2
    endloop
  endfacet
  facet normal 0.336567 -0.941659 0
    outer loop
      vertex 119.514 11.6029 4.2
      vertex 119.359 11.5475 0
      vertex 119.514 11.6029 0
    endloop
  endfacet
  facet normal -0.146322 0.989237 0
    outer loop
      vertex 120.327 8.35718 0
      vertex 120.164 8.33307 4.2
      vertex 120.327 8.35718 4.2
    endloop
  endfacet
  facet normal -0.146322 0.989237 0
    outer loop
      vertex 120.164 8.33307 4.2
      vertex 120.327 8.35718 0
      vertex 120.164 8.33307 0
    endloop
  endfacet
  facet normal -0.859086 0.511832 0
    outer loop
      vertex 121.393 9.06942 0
      vertex 121.477 9.21041 4.2
      vertex 121.477 9.21041 0
    endloop
  endfacet
  facet normal -0.859086 0.511832 0
    outer loop
      vertex 121.477 9.21041 4.2
      vertex 121.393 9.06942 0
      vertex 121.393 9.06942 4.2
    endloop
  endfacet
  facet normal 0.0493301 -0.998783 0
    outer loop
      vertex 119.836 11.6669 0
      vertex 120 11.675 4.2
      vertex 119.836 11.6669 4.2
    endloop
  endfacet
  facet normal 0.0493301 -0.998783 0
    outer loop
      vertex 120 11.675 4.2
      vertex 119.836 11.6669 0
      vertex 120 11.675 0
    endloop
  endfacet
  facet normal 0.998815 0.0486693 0
    outer loop
      vertex 118.333 9.83582 4.2
      vertex 118.325 10 0
      vertex 118.325 10 4.2
    endloop
  endfacet
  facet normal 0.998815 0.0486693 0
    outer loop
      vertex 118.325 10 0
      vertex 118.333 9.83582 4.2
      vertex 118.333 9.83582 0
    endloop
  endfacet
  facet normal -0.942271 0.334851 0
    outer loop
      vertex 121.548 9.359 0
      vertex 121.603 9.51377 4.2
      vertex 121.603 9.51377 0
    endloop
  endfacet
  facet normal -0.942271 0.334851 0
    outer loop
      vertex 121.603 9.51377 4.2
      vertex 121.548 9.359 0
      vertex 121.548 9.359 4.2
    endloop
  endfacet
  facet normal -0.426703 -0.904392 0
    outer loop
      vertex 120.641 11.5475 0
      vertex 120.79 11.4772 4.2
      vertex 120.641 11.5475 4.2
    endloop
  endfacet
  facet normal -0.426703 -0.904392 -0
    outer loop
      vertex 120.79 11.4772 4.2
      vertex 120.641 11.5475 0
      vertex 120.79 11.4772 0
    endloop
  endfacet
  facet normal -0.739116 -0.673578 0
    outer loop
      vertex 121.295 11.0626 0
      vertex 121.184 11.1844 4.2
      vertex 121.184 11.1844 0
    endloop
  endfacet
  facet normal -0.739116 -0.673578 0
    outer loop
      vertex 121.184 11.1844 4.2
      vertex 121.295 11.0626 0
      vertex 121.295 11.0626 4.2
    endloop
  endfacet
  facet normal -0.0493301 -0.998783 0
    outer loop
      vertex 120 11.675 0
      vertex 120.164 11.6669 4.2
      vertex 120 11.675 4.2
    endloop
  endfacet
  facet normal -0.0493301 -0.998783 -0
    outer loop
      vertex 120.164 11.6669 4.2
      vertex 120 11.675 0
      vertex 120.164 11.6669 0
    endloop
  endfacet
  facet normal 0.859086 0.511832 0
    outer loop
      vertex 118.607 9.06942 4.2
      vertex 118.523 9.21041 0
      vertex 118.523 9.21041 4.2
    endloop
  endfacet
  facet normal 0.859086 0.511832 0
    outer loop
      vertex 118.523 9.21041 0
      vertex 118.607 9.06942 4.2
      vertex 118.607 9.06942 0
    endloop
  endfacet
  facet normal 0.146322 0.989237 -0
    outer loop
      vertex 119.836 8.33307 0
      vertex 119.673 8.35718 4.2
      vertex 119.836 8.33307 4.2
    endloop
  endfacet
  facet normal 0.146322 0.989237 0
    outer loop
      vertex 119.673 8.35718 4.2
      vertex 119.836 8.33307 0
      vertex 119.673 8.35718 0
    endloop
  endfacet
  facet normal -0.673975 0.738754 0
    outer loop
      vertex 121.184 8.8156 0
      vertex 121.063 8.70521 4.2
      vertex 121.184 8.8156 4.2
    endloop
  endfacet
  facet normal -0.673975 0.738754 0
    outer loop
      vertex 121.063 8.70521 4.2
      vertex 121.184 8.8156 0
      vertex 121.063 8.70521 0
    endloop
  endfacet
  facet normal 0.0491479 0.998792 -0
    outer loop
      vertex 120 8.325 0
      vertex 119.836 8.33307 4.2
      vertex 120 8.325 4.2
    endloop
  endfacet
  facet normal 0.0491479 0.998792 0
    outer loop
      vertex 119.836 8.33307 4.2
      vertex 120 8.325 0
      vertex 119.836 8.33307 0
    endloop
  endfacet
  facet normal 0.739116 -0.673578 0
    outer loop
      vertex 118.705 11.0626 4.2
      vertex 118.816 11.1844 0
      vertex 118.816 11.1844 4.2
    endloop
  endfacet
  facet normal 0.739116 -0.673578 0
    outer loop
      vertex 118.816 11.1844 0
      vertex 118.705 11.0626 4.2
      vertex 118.705 11.0626 0
    endloop
  endfacet
  facet normal 0.146263 -0.989246 0
    outer loop
      vertex 119.673 11.6428 0
      vertex 119.836 11.6669 4.2
      vertex 119.673 11.6428 4.2
    endloop
  endfacet
  facet normal 0.146263 -0.989246 0
    outer loop
      vertex 119.836 11.6669 4.2
      vertex 119.673 11.6428 0
      vertex 119.836 11.6669 0
    endloop
  endfacet
  facet normal 0.902299 -0.431112 0
    outer loop
      vertex 118.452 10.641 4.2
      vertex 118.523 10.7896 0
      vertex 118.523 10.7896 4.2
    endloop
  endfacet
  facet normal 0.902299 -0.431112 0
    outer loop
      vertex 118.523 10.7896 0
      vertex 118.452 10.641 4.2
      vertex 118.452 10.641 0
    endloop
  endfacet
  facet normal 0.673975 0.738754 -0
    outer loop
      vertex 118.937 8.70521 0
      vertex 118.816 8.8156 4.2
      vertex 118.937 8.70521 4.2
    endloop
  endfacet
  facet normal 0.673975 0.738754 0
    outer loop
      vertex 118.816 8.8156 4.2
      vertex 118.937 8.70521 0
      vertex 118.816 8.8156 0
    endloop
  endfacet
  facet normal 0.969927 -0.243395 0
    outer loop
      vertex 118.357 10.3268 4.2
      vertex 118.397 10.4862 0
      vertex 118.397 10.4862 4.2
    endloop
  endfacet
  facet normal 0.969927 -0.243395 0
    outer loop
      vertex 118.397 10.4862 0
      vertex 118.357 10.3268 4.2
      vertex 118.357 10.3268 0
    endloop
  endfacet
  facet normal -0.243397 -0.969927 0
    outer loop
      vertex 120.327 11.6428 0
      vertex 120.486 11.6029 4.2
      vertex 120.327 11.6428 4.2
    endloop
  endfacet
  facet normal -0.243397 -0.969927 -0
    outer loop
      vertex 120.486 11.6029 4.2
      vertex 120.327 11.6428 0
      vertex 120.486 11.6029 0
    endloop
  endfacet
  facet normal 0.969945 0.243323 0
    outer loop
      vertex 118.397 9.51377 4.2
      vertex 118.357 9.67322 0
      vertex 118.357 9.67322 4.2
    endloop
  endfacet
  facet normal 0.969945 0.243323 0
    outer loop
      vertex 118.357 9.67322 0
      vertex 118.397 9.51377 4.2
      vertex 118.397 9.51377 0
    endloop
  endfacet
  facet normal 0.426604 0.904439 -0
    outer loop
      vertex 119.359 8.4525 0
      vertex 119.21 8.52278 4.2
      vertex 119.359 8.4525 4.2
    endloop
  endfacet
  facet normal 0.426604 0.904439 0
    outer loop
      vertex 119.21 8.52278 4.2
      vertex 119.359 8.4525 0
      vertex 119.21 8.52278 0
    endloop
  endfacet
  facet normal 0.739088 0.673609 0
    outer loop
      vertex 118.816 8.8156 4.2
      vertex 118.705 8.93739 0
      vertex 118.705 8.93739 4.2
    endloop
  endfacet
  facet normal 0.739088 0.673609 0
    outer loop
      vertex 118.705 8.93739 0
      vertex 118.816 8.8156 4.2
      vertex 118.816 8.8156 0
    endloop
  endfacet
  facet normal -0.426604 0.904439 0
    outer loop
      vertex 120.79 8.52278 0
      vertex 120.641 8.4525 4.2
      vertex 120.79 8.52278 4.2
    endloop
  endfacet
  facet normal -0.426604 0.904439 0
    outer loop
      vertex 120.641 8.4525 4.2
      vertex 120.79 8.52278 0
      vertex 120.641 8.4525 0
    endloop
  endfacet
  facet normal -0.0491479 0.998792 0
    outer loop
      vertex 120.164 8.33307 0
      vertex 120 8.325 4.2
      vertex 120.164 8.33307 4.2
    endloop
  endfacet
  facet normal -0.0491479 0.998792 0
    outer loop
      vertex 120 8.325 4.2
      vertex 120.164 8.33307 0
      vertex 120 8.325 0
    endloop
  endfacet
  facet normal 0.989282 0.146019 0
    outer loop
      vertex 118.357 9.67322 4.2
      vertex 118.333 9.83582 0
      vertex 118.333 9.83582 4.2
    endloop
  endfacet
  facet normal 0.989282 0.146019 0
    outer loop
      vertex 118.333 9.83582 0
      vertex 118.357 9.67322 4.2
      vertex 118.357 9.67322 0
    endloop
  endfacet
  facet normal -0.595786 0.803143 0
    outer loop
      vertex 121.063 8.70521 0
      vertex 120.931 8.60729 4.2
      vertex 121.063 8.70521 4.2
    endloop
  endfacet
  facet normal -0.595786 0.803143 0
    outer loop
      vertex 120.931 8.60729 4.2
      vertex 121.063 8.70521 0
      vertex 120.931 8.60729 0
    endloop
  endfacet
  facet normal 0.802975 0.596013 0
    outer loop
      vertex 118.705 8.93739 4.2
      vertex 118.607 9.06942 0
      vertex 118.607 9.06942 4.2
    endloop
  endfacet
  facet normal 0.802975 0.596013 0
    outer loop
      vertex 118.607 9.06942 0
      vertex 118.705 8.93739 4.2
      vertex 118.705 8.93739 0
    endloop
  endfacet
  facet normal 0.998815 -0.0486633 0
    outer loop
      vertex 118.325 10 4.2
      vertex 118.333 10.1642 0
      vertex 118.333 10.1642 4.2
    endloop
  endfacet
  facet normal 0.998815 -0.0486633 0
    outer loop
      vertex 118.333 10.1642 0
      vertex 118.325 10 4.2
      vertex 118.325 10 0
    endloop
  endfacet
  facet normal -0.739088 0.673609 0
    outer loop
      vertex 121.184 8.8156 0
      vertex 121.295 8.93739 4.2
      vertex 121.295 8.93739 0
    endloop
  endfacet
  facet normal -0.739088 0.673609 0
    outer loop
      vertex 121.295 8.93739 4.2
      vertex 121.184 8.8156 0
      vertex 121.184 8.8156 4.2
    endloop
  endfacet
  facet normal -0.989333 -0.145669 0
    outer loop
      vertex 121.667 110.164 0
      vertex 121.643 110.327 4.2
      vertex 121.643 110.327 0
    endloop
  endfacet
  facet normal -0.989333 -0.145669 0
    outer loop
      vertex 121.643 110.327 4.2
      vertex 121.667 110.164 0
      vertex 121.667 110.164 4.2
    endloop
  endfacet
  facet normal -0.998812 -0.0487226 0
    outer loop
      vertex 121.675 110 0
      vertex 121.667 110.164 4.2
      vertex 121.667 110.164 0
    endloop
  endfacet
  facet normal -0.998812 -0.0487226 0
    outer loop
      vertex 121.667 110.164 4.2
      vertex 121.675 110 0
      vertex 121.675 110 4.2
    endloop
  endfacet
  facet normal -0.969783 -0.24397 0
    outer loop
      vertex 121.643 110.327 0
      vertex 121.603 110.486 4.2
      vertex 121.603 110.486 0
    endloop
  endfacet
  facet normal -0.969783 -0.24397 0
    outer loop
      vertex 121.603 110.486 4.2
      vertex 121.643 110.327 0
      vertex 121.643 110.327 4.2
    endloop
  endfacet
  facet normal 0.24397 -0.969783 0
    outer loop
      vertex 119.514 111.603 0
      vertex 119.673 111.643 4.2
      vertex 119.514 111.603 4.2
    endloop
  endfacet
  facet normal 0.24397 -0.969783 0
    outer loop
      vertex 119.673 111.643 4.2
      vertex 119.514 111.603 0
      vertex 119.673 111.643 0
    endloop
  endfacet
  facet normal 0.902748 0.430169 0
    outer loop
      vertex 118.523 109.21 4.2
      vertex 118.452 109.359 0
      vertex 118.452 109.359 4.2
    endloop
  endfacet
  facet normal 0.902748 0.430169 0
    outer loop
      vertex 118.452 109.359 0
      vertex 118.523 109.21 4.2
      vertex 118.523 109.21 0
    endloop
  endfacet
  facet normal -0.430169 0.902748 0
    outer loop
      vertex 120.79 108.523 0
      vertex 120.641 108.452 4.2
      vertex 120.79 108.523 4.2
    endloop
  endfacet
  facet normal -0.430169 0.902748 0
    outer loop
      vertex 120.641 108.452 4.2
      vertex 120.79 108.523 0
      vertex 120.641 108.452 0
    endloop
  endfacet
  facet normal 0.24397 0.969783 -0
    outer loop
      vertex 119.673 108.357 0
      vertex 119.514 108.397 4.2
      vertex 119.673 108.357 4.2
    endloop
  endfacet
  facet normal 0.24397 0.969783 0
    outer loop
      vertex 119.514 108.397 4.2
      vertex 119.673 108.357 0
      vertex 119.514 108.397 0
    endloop
  endfacet
  facet normal -0.511805 0.859102 0
    outer loop
      vertex 120.931 108.607 0
      vertex 120.79 108.523 4.2
      vertex 120.931 108.607 4.2
    endloop
  endfacet
  facet normal -0.511805 0.859102 0
    outer loop
      vertex 120.79 108.523 4.2
      vertex 120.931 108.607 0
      vertex 120.79 108.523 0
    endloop
  endfacet
  facet normal 0.33441 0.942428 -0
    outer loop
      vertex 119.514 108.397 0
      vertex 119.359 108.452 4.2
      vertex 119.514 108.397 4.2
    endloop
  endfacet
  facet normal 0.33441 0.942428 0
    outer loop
      vertex 119.359 108.452 4.2
      vertex 119.514 108.397 0
      vertex 119.359 108.452 0
    endloop
  endfacet
  facet normal -0.33441 0.942428 0
    outer loop
      vertex 120.641 108.452 0
      vertex 120.486 108.397 4.2
      vertex 120.641 108.452 4.2
    endloop
  endfacet
  facet normal -0.33441 0.942428 0
    outer loop
      vertex 120.486 108.397 4.2
      vertex 120.641 108.452 0
      vertex 120.486 108.397 0
    endloop
  endfacet
  facet normal 0.676 -0.736901 0
    outer loop
      vertex 118.816 111.184 0
      vertex 118.937 111.295 4.2
      vertex 118.816 111.184 4.2
    endloop
  endfacet
  facet normal 0.676 -0.736901 0
    outer loop
      vertex 118.937 111.295 4.2
      vertex 118.816 111.184 0
      vertex 118.937 111.295 0
    endloop
  endfacet
  facet normal -0.24397 0.969783 0
    outer loop
      vertex 120.486 108.397 0
      vertex 120.327 108.357 4.2
      vertex 120.486 108.397 4.2
    endloop
  endfacet
  facet normal -0.24397 0.969783 0
    outer loop
      vertex 120.327 108.357 4.2
      vertex 120.486 108.397 0
      vertex 120.327 108.357 0
    endloop
  endfacet
  facet normal 0.859102 -0.511805 0
    outer loop
      vertex 118.523 110.79 4.2
      vertex 118.607 110.931 0
      vertex 118.607 110.931 4.2
    endloop
  endfacet
  facet normal 0.859102 -0.511805 0
    outer loop
      vertex 118.607 110.931 0
      vertex 118.523 110.79 4.2
      vertex 118.523 110.79 0
    endloop
  endfacet
  facet normal 0.989333 -0.145669 0
    outer loop
      vertex 118.333 110.164 4.2
      vertex 118.357 110.327 0
      vertex 118.357 110.327 4.2
    endloop
  endfacet
  facet normal 0.989333 -0.145669 0
    outer loop
      vertex 118.357 110.327 0
      vertex 118.333 110.164 4.2
      vertex 118.333 110.164 0
    endloop
  endfacet
  facet normal -0.902748 -0.430169 0
    outer loop
      vertex 121.548 110.641 0
      vertex 121.477 110.79 4.2
      vertex 121.477 110.79 0
    endloop
  endfacet
  facet normal -0.902748 -0.430169 0
    outer loop
      vertex 121.477 110.79 4.2
      vertex 121.548 110.641 0
      vertex 121.548 110.641 4.2
    endloop
  endfacet
  facet normal -0.80291 0.5961 0
    outer loop
      vertex 121.295 108.937 0
      vertex 121.393 109.069 4.2
      vertex 121.393 109.069 0
    endloop
  endfacet
  facet normal -0.80291 0.5961 0
    outer loop
      vertex 121.393 109.069 4.2
      vertex 121.295 108.937 0
      vertex 121.295 108.937 4.2
    endloop
  endfacet
  facet normal 0.5961 -0.80291 0
    outer loop
      vertex 118.937 111.295 0
      vertex 119.069 111.393 4.2
      vertex 118.937 111.295 4.2
    endloop
  endfacet
  facet normal 0.5961 -0.80291 0
    outer loop
      vertex 119.069 111.393 4.2
      vertex 118.937 111.295 0
      vertex 119.069 111.393 0
    endloop
  endfacet
  facet normal -0.5961 -0.80291 0
    outer loop
      vertex 120.931 111.393 0
      vertex 121.063 111.295 4.2
      vertex 120.931 111.393 4.2
    endloop
  endfacet
  facet normal -0.5961 -0.80291 -0
    outer loop
      vertex 121.063 111.295 4.2
      vertex 120.931 111.393 0
      vertex 121.063 111.295 0
    endloop
  endfacet
  facet normal -0.145669 -0.989333 0
    outer loop
      vertex 120.164 111.667 0
      vertex 120.327 111.643 4.2
      vertex 120.164 111.667 4.2
    endloop
  endfacet
  facet normal -0.145669 -0.989333 -0
    outer loop
      vertex 120.327 111.643 4.2
      vertex 120.164 111.667 0
      vertex 120.327 111.643 0
    endloop
  endfacet
  facet normal -0.80291 -0.5961 0
    outer loop
      vertex 121.393 110.931 0
      vertex 121.295 111.063 4.2
      vertex 121.295 111.063 0
    endloop
  endfacet
  facet normal -0.80291 -0.5961 0
    outer loop
      vertex 121.295 111.063 4.2
      vertex 121.393 110.931 0
      vertex 121.393 110.931 4.2
    endloop
  endfacet
  facet normal 0.511805 -0.859102 0
    outer loop
      vertex 119.069 111.393 0
      vertex 119.21 111.477 4.2
      vertex 119.069 111.393 4.2
    endloop
  endfacet
  facet normal 0.511805 -0.859102 0
    outer loop
      vertex 119.21 111.477 4.2
      vertex 119.069 111.393 0
      vertex 119.21 111.477 0
    endloop
  endfacet
  facet normal -0.511805 -0.859102 0
    outer loop
      vertex 120.79 111.477 0
      vertex 120.931 111.393 4.2
      vertex 120.79 111.477 4.2
    endloop
  endfacet
  facet normal -0.511805 -0.859102 -0
    outer loop
      vertex 120.931 111.393 4.2
      vertex 120.79 111.477 0
      vertex 120.931 111.393 0
    endloop
  endfacet
  facet normal -0.676 -0.736901 0
    outer loop
      vertex 121.063 111.295 0
      vertex 121.184 111.184 4.2
      vertex 121.063 111.295 4.2
    endloop
  endfacet
  facet normal -0.676 -0.736901 -0
    outer loop
      vertex 121.184 111.184 4.2
      vertex 121.063 111.295 0
      vertex 121.184 111.184 0
    endloop
  endfacet
  facet normal 0.942428 0.33441 0
    outer loop
      vertex 118.452 109.359 4.2
      vertex 118.397 109.514 0
      vertex 118.397 109.514 4.2
    endloop
  endfacet
  facet normal 0.942428 0.33441 0
    outer loop
      vertex 118.397 109.514 0
      vertex 118.452 109.359 4.2
      vertex 118.452 109.359 0
    endloop
  endfacet
  facet normal -0.998812 0.0487226 0
    outer loop
      vertex 121.667 109.836 0
      vertex 121.675 110 4.2
      vertex 121.675 110 0
    endloop
  endfacet
  facet normal -0.998812 0.0487226 0
    outer loop
      vertex 121.675 110 4.2
      vertex 121.667 109.836 0
      vertex 121.667 109.836 4.2
    endloop
  endfacet
  facet normal 0.430169 -0.902748 0
    outer loop
      vertex 119.21 111.477 0
      vertex 119.359 111.548 4.2
      vertex 119.21 111.477 4.2
    endloop
  endfacet
  facet normal 0.430169 -0.902748 0
    outer loop
      vertex 119.359 111.548 4.2
      vertex 119.21 111.477 0
      vertex 119.359 111.548 0
    endloop
  endfacet
  facet normal -0.902748 0.430169 0
    outer loop
      vertex 121.477 109.21 0
      vertex 121.548 109.359 4.2
      vertex 121.548 109.359 0
    endloop
  endfacet
  facet normal -0.902748 0.430169 0
    outer loop
      vertex 121.548 109.359 4.2
      vertex 121.477 109.21 0
      vertex 121.477 109.21 4.2
    endloop
  endfacet
  facet normal 0.5961 0.80291 -0
    outer loop
      vertex 119.069 108.607 0
      vertex 118.937 108.705 4.2
      vertex 119.069 108.607 4.2
    endloop
  endfacet
  facet normal 0.5961 0.80291 0
    outer loop
      vertex 118.937 108.705 4.2
      vertex 119.069 108.607 0
      vertex 118.937 108.705 0
    endloop
  endfacet
  facet normal 0.80291 -0.5961 0
    outer loop
      vertex 118.607 110.931 4.2
      vertex 118.705 111.063 0
      vertex 118.705 111.063 4.2
    endloop
  endfacet
  facet normal 0.80291 -0.5961 0
    outer loop
      vertex 118.705 111.063 0
      vertex 118.607 110.931 4.2
      vertex 118.607 110.931 0
    endloop
  endfacet
  facet normal 0.942428 -0.33441 0
    outer loop
      vertex 118.397 110.486 4.2
      vertex 118.452 110.641 0
      vertex 118.452 110.641 4.2
    endloop
  endfacet
  facet normal 0.942428 -0.33441 0
    outer loop
      vertex 118.452 110.641 0
      vertex 118.397 110.486 4.2
      vertex 118.397 110.486 0
    endloop
  endfacet
  facet normal -0.942428 -0.33441 0
    outer loop
      vertex 121.603 110.486 0
      vertex 121.548 110.641 4.2
      vertex 121.548 110.641 0
    endloop
  endfacet
  facet normal -0.942428 -0.33441 0
    outer loop
      vertex 121.548 110.641 4.2
      vertex 121.603 110.486 0
      vertex 121.603 110.486 4.2
    endloop
  endfacet
  facet normal -0.859102 -0.511805 0
    outer loop
      vertex 121.477 110.79 0
      vertex 121.393 110.931 4.2
      vertex 121.393 110.931 0
    endloop
  endfacet
  facet normal -0.859102 -0.511805 0
    outer loop
      vertex 121.393 110.931 4.2
      vertex 121.477 110.79 0
      vertex 121.477 110.79 4.2
    endloop
  endfacet
  facet normal 0.676 0.736901 -0
    outer loop
      vertex 118.937 108.705 0
      vertex 118.816 108.816 4.2
      vertex 118.937 108.705 4.2
    endloop
  endfacet
  facet normal 0.676 0.736901 0
    outer loop
      vertex 118.816 108.816 4.2
      vertex 118.937 108.705 0
      vertex 118.816 108.816 0
    endloop
  endfacet
  facet normal -0.969783 0.24397 0
    outer loop
      vertex 121.603 109.514 0
      vertex 121.643 109.673 4.2
      vertex 121.643 109.673 0
    endloop
  endfacet
  facet normal -0.969783 0.24397 0
    outer loop
      vertex 121.643 109.673 4.2
      vertex 121.603 109.514 0
      vertex 121.603 109.514 4.2
    endloop
  endfacet
  facet normal -0.989333 0.145669 0
    outer loop
      vertex 121.643 109.673 0
      vertex 121.667 109.836 4.2
      vertex 121.667 109.836 0
    endloop
  endfacet
  facet normal -0.989333 0.145669 0
    outer loop
      vertex 121.667 109.836 4.2
      vertex 121.643 109.673 0
      vertex 121.643 109.673 4.2
    endloop
  endfacet
  facet normal 0.511805 0.859102 -0
    outer loop
      vertex 119.21 108.523 0
      vertex 119.069 108.607 4.2
      vertex 119.21 108.523 4.2
    endloop
  endfacet
  facet normal 0.511805 0.859102 0
    outer loop
      vertex 119.069 108.607 4.2
      vertex 119.21 108.523 0
      vertex 119.069 108.607 0
    endloop
  endfacet
  facet normal -0.33441 -0.942428 0
    outer loop
      vertex 120.486 111.603 0
      vertex 120.641 111.548 4.2
      vertex 120.486 111.603 4.2
    endloop
  endfacet
  facet normal -0.33441 -0.942428 -0
    outer loop
      vertex 120.641 111.548 4.2
      vertex 120.486 111.603 0
      vertex 120.641 111.548 0
    endloop
  endfacet
  facet normal 0.33441 -0.942428 0
    outer loop
      vertex 119.359 111.548 0
      vertex 119.514 111.603 4.2
      vertex 119.359 111.548 4.2
    endloop
  endfacet
  facet normal 0.33441 -0.942428 0
    outer loop
      vertex 119.514 111.603 4.2
      vertex 119.359 111.548 0
      vertex 119.514 111.603 0
    endloop
  endfacet
  facet normal -0.145669 0.989333 0
    outer loop
      vertex 120.327 108.357 0
      vertex 120.164 108.333 4.2
      vertex 120.327 108.357 4.2
    endloop
  endfacet
  facet normal -0.145669 0.989333 0
    outer loop
      vertex 120.164 108.333 4.2
      vertex 120.327 108.357 0
      vertex 120.164 108.333 0
    endloop
  endfacet
  facet normal -0.859102 0.511805 0
    outer loop
      vertex 121.393 109.069 0
      vertex 121.477 109.21 4.2
      vertex 121.477 109.21 0
    endloop
  endfacet
  facet normal -0.859102 0.511805 0
    outer loop
      vertex 121.477 109.21 4.2
      vertex 121.393 109.069 0
      vertex 121.393 109.069 4.2
    endloop
  endfacet
  facet normal 0.0487226 -0.998812 0
    outer loop
      vertex 119.836 111.667 0
      vertex 120 111.675 4.2
      vertex 119.836 111.667 4.2
    endloop
  endfacet
  facet normal 0.0487226 -0.998812 0
    outer loop
      vertex 120 111.675 4.2
      vertex 119.836 111.667 0
      vertex 120 111.675 0
    endloop
  endfacet
  facet normal 0.998812 0.0487226 0
    outer loop
      vertex 118.333 109.836 4.2
      vertex 118.325 110 0
      vertex 118.325 110 4.2
    endloop
  endfacet
  facet normal 0.998812 0.0487226 0
    outer loop
      vertex 118.325 110 0
      vertex 118.333 109.836 4.2
      vertex 118.333 109.836 0
    endloop
  endfacet
  facet normal -0.942428 0.33441 0
    outer loop
      vertex 121.548 109.359 0
      vertex 121.603 109.514 4.2
      vertex 121.603 109.514 0
    endloop
  endfacet
  facet normal -0.942428 0.33441 0
    outer loop
      vertex 121.603 109.514 4.2
      vertex 121.548 109.359 0
      vertex 121.548 109.359 4.2
    endloop
  endfacet
  facet normal -0.430169 -0.902748 0
    outer loop
      vertex 120.641 111.548 0
      vertex 120.79 111.477 4.2
      vertex 120.641 111.548 4.2
    endloop
  endfacet
  facet normal -0.430169 -0.902748 -0
    outer loop
      vertex 120.79 111.477 4.2
      vertex 120.641 111.548 0
      vertex 120.79 111.477 0
    endloop
  endfacet
  facet normal -0.736901 -0.676 0
    outer loop
      vertex 121.295 111.063 0
      vertex 121.184 111.184 4.2
      vertex 121.184 111.184 0
    endloop
  endfacet
  facet normal -0.736901 -0.676 0
    outer loop
      vertex 121.184 111.184 4.2
      vertex 121.295 111.063 0
      vertex 121.295 111.063 4.2
    endloop
  endfacet
  facet normal -0.0487226 -0.998812 0
    outer loop
      vertex 120 111.675 0
      vertex 120.164 111.667 4.2
      vertex 120 111.675 4.2
    endloop
  endfacet
  facet normal -0.0487226 -0.998812 -0
    outer loop
      vertex 120.164 111.667 4.2
      vertex 120 111.675 0
      vertex 120.164 111.667 0
    endloop
  endfacet
  facet normal 0.859102 0.511805 0
    outer loop
      vertex 118.607 109.069 4.2
      vertex 118.523 109.21 0
      vertex 118.523 109.21 4.2
    endloop
  endfacet
  facet normal 0.859102 0.511805 0
    outer loop
      vertex 118.523 109.21 0
      vertex 118.607 109.069 4.2
      vertex 118.607 109.069 0
    endloop
  endfacet
  facet normal 0.145669 0.989333 -0
    outer loop
      vertex 119.836 108.333 0
      vertex 119.673 108.357 4.2
      vertex 119.836 108.333 4.2
    endloop
  endfacet
  facet normal 0.145669 0.989333 0
    outer loop
      vertex 119.673 108.357 4.2
      vertex 119.836 108.333 0
      vertex 119.673 108.357 0
    endloop
  endfacet
  facet normal -0.676 0.736901 0
    outer loop
      vertex 121.184 108.816 0
      vertex 121.063 108.705 4.2
      vertex 121.184 108.816 4.2
    endloop
  endfacet
  facet normal -0.676 0.736901 0
    outer loop
      vertex 121.063 108.705 4.2
      vertex 121.184 108.816 0
      vertex 121.063 108.705 0
    endloop
  endfacet
  facet normal 0.0487226 0.998812 -0
    outer loop
      vertex 120 108.325 0
      vertex 119.836 108.333 4.2
      vertex 120 108.325 4.2
    endloop
  endfacet
  facet normal 0.0487226 0.998812 0
    outer loop
      vertex 119.836 108.333 4.2
      vertex 120 108.325 0
      vertex 119.836 108.333 0
    endloop
  endfacet
  facet normal 0.736901 -0.676 0
    outer loop
      vertex 118.705 111.063 4.2
      vertex 118.816 111.184 0
      vertex 118.816 111.184 4.2
    endloop
  endfacet
  facet normal 0.736901 -0.676 0
    outer loop
      vertex 118.816 111.184 0
      vertex 118.705 111.063 4.2
      vertex 118.705 111.063 0
    endloop
  endfacet
  facet normal 0.145669 -0.989333 0
    outer loop
      vertex 119.673 111.643 0
      vertex 119.836 111.667 4.2
      vertex 119.673 111.643 4.2
    endloop
  endfacet
  facet normal 0.145669 -0.989333 0
    outer loop
      vertex 119.836 111.667 4.2
      vertex 119.673 111.643 0
      vertex 119.836 111.667 0
    endloop
  endfacet
  facet normal 0.902748 -0.430169 0
    outer loop
      vertex 118.452 110.641 4.2
      vertex 118.523 110.79 0
      vertex 118.523 110.79 4.2
    endloop
  endfacet
  facet normal 0.902748 -0.430169 0
    outer loop
      vertex 118.523 110.79 0
      vertex 118.452 110.641 4.2
      vertex 118.452 110.641 0
    endloop
  endfacet
  facet normal 0.969783 -0.24397 0
    outer loop
      vertex 118.357 110.327 4.2
      vertex 118.397 110.486 0
      vertex 118.397 110.486 4.2
    endloop
  endfacet
  facet normal 0.969783 -0.24397 0
    outer loop
      vertex 118.397 110.486 0
      vertex 118.357 110.327 4.2
      vertex 118.357 110.327 0
    endloop
  endfacet
  facet normal -0.24397 -0.969783 0
    outer loop
      vertex 120.327 111.643 0
      vertex 120.486 111.603 4.2
      vertex 120.327 111.643 4.2
    endloop
  endfacet
  facet normal -0.24397 -0.969783 -0
    outer loop
      vertex 120.486 111.603 4.2
      vertex 120.327 111.643 0
      vertex 120.486 111.603 0
    endloop
  endfacet
  facet normal 0.969783 0.24397 0
    outer loop
      vertex 118.397 109.514 4.2
      vertex 118.357 109.673 0
      vertex 118.357 109.673 4.2
    endloop
  endfacet
  facet normal 0.969783 0.24397 0
    outer loop
      vertex 118.357 109.673 0
      vertex 118.397 109.514 4.2
      vertex 118.397 109.514 0
    endloop
  endfacet
  facet normal 0.430169 0.902748 -0
    outer loop
      vertex 119.359 108.452 0
      vertex 119.21 108.523 4.2
      vertex 119.359 108.452 4.2
    endloop
  endfacet
  facet normal 0.430169 0.902748 0
    outer loop
      vertex 119.21 108.523 4.2
      vertex 119.359 108.452 0
      vertex 119.21 108.523 0
    endloop
  endfacet
  facet normal 0.736901 0.676 0
    outer loop
      vertex 118.816 108.816 4.2
      vertex 118.705 108.937 0
      vertex 118.705 108.937 4.2
    endloop
  endfacet
  facet normal 0.736901 0.676 0
    outer loop
      vertex 118.705 108.937 0
      vertex 118.816 108.816 4.2
      vertex 118.816 108.816 0
    endloop
  endfacet
  facet normal -0.0487226 0.998812 0
    outer loop
      vertex 120.164 108.333 0
      vertex 120 108.325 4.2
      vertex 120.164 108.333 4.2
    endloop
  endfacet
  facet normal -0.0487226 0.998812 0
    outer loop
      vertex 120 108.325 4.2
      vertex 120.164 108.333 0
      vertex 120 108.325 0
    endloop
  endfacet
  facet normal 0.989333 0.145669 0
    outer loop
      vertex 118.357 109.673 4.2
      vertex 118.333 109.836 0
      vertex 118.333 109.836 4.2
    endloop
  endfacet
  facet normal 0.989333 0.145669 0
    outer loop
      vertex 118.333 109.836 0
      vertex 118.357 109.673 4.2
      vertex 118.357 109.673 0
    endloop
  endfacet
  facet normal -0.5961 0.80291 0
    outer loop
      vertex 121.063 108.705 0
      vertex 120.931 108.607 4.2
      vertex 121.063 108.705 4.2
    endloop
  endfacet
  facet normal -0.5961 0.80291 0
    outer loop
      vertex 120.931 108.607 4.2
      vertex 121.063 108.705 0
      vertex 120.931 108.607 0
    endloop
  endfacet
  facet normal 0.80291 0.5961 0
    outer loop
      vertex 118.705 108.937 4.2
      vertex 118.607 109.069 0
      vertex 118.607 109.069 4.2
    endloop
  endfacet
  facet normal 0.80291 0.5961 0
    outer loop
      vertex 118.607 109.069 0
      vertex 118.705 108.937 4.2
      vertex 118.705 108.937 0
    endloop
  endfacet
  facet normal 0.998812 -0.0487226 0
    outer loop
      vertex 118.325 110 4.2
      vertex 118.333 110.164 0
      vertex 118.333 110.164 4.2
    endloop
  endfacet
  facet normal 0.998812 -0.0487226 0
    outer loop
      vertex 118.333 110.164 0
      vertex 118.325 110 4.2
      vertex 118.325 110 0
    endloop
  endfacet
  facet normal -0.736901 0.676 0
    outer loop
      vertex 121.184 108.816 0
      vertex 121.295 108.937 4.2
      vertex 121.295 108.937 0
    endloop
  endfacet
  facet normal -0.736901 0.676 0
    outer loop
      vertex 121.295 108.937 4.2
      vertex 121.184 108.816 0
      vertex 121.184 108.816 4.2
    endloop
  endfacet
  facet normal 0.85772 -0.514117 0
    outer loop
      vertex 8.52278 0.789589 4.2
      vertex 8.60729 0.93058 0
      vertex 8.60729 0.93058 4.2
    endloop
  endfacet
  facet normal 0.85772 -0.514117 0
    outer loop
      vertex 8.60729 0.93058 0
      vertex 8.52278 0.789589 4.2
      vertex 8.52278 0.789589 0
    endloop
  endfacet
  facet normal -0.989193 -0.146617 0
    outer loop
      vertex 11.6669 0.164178 0
      vertex 11.6428 0.326776 4.2
      vertex 11.6428 0.326776 0
    endloop
  endfacet
  facet normal -0.989193 -0.146617 0
    outer loop
      vertex 11.6428 0.326776 4.2
      vertex 11.6669 0.164178 0
      vertex 11.6669 0.164178 4.2
    endloop
  endfacet
  facet normal -0.998785 -0.0492768 0
    outer loop
      vertex 11.675 0 0
      vertex 11.6669 0.164178 4.2
      vertex 11.6669 0.164178 0
    endloop
  endfacet
  facet normal -0.998785 -0.0492768 0
    outer loop
      vertex 11.6669 0.164178 4.2
      vertex 11.675 0 0
      vertex 11.675 0 4.2
    endloop
  endfacet
  facet normal -0.970089 -0.24275 0
    outer loop
      vertex 11.6428 0.326776 0
      vertex 11.6029 0.486226 4.2
      vertex 11.6029 0.486226 0
    endloop
  endfacet
  facet normal -0.970089 -0.24275 0
    outer loop
      vertex 11.6029 0.486226 4.2
      vertex 11.6428 0.326776 0
      vertex 11.6428 0.326776 4.2
    endloop
  endfacet
  facet normal -0.998785 0.0492768 0
    outer loop
      vertex 11.6669 -0.164178 0
      vertex 11.675 0 4.2
      vertex 11.675 0 0
    endloop
  endfacet
  facet normal -0.998785 0.0492768 0
    outer loop
      vertex 11.675 0 4.2
      vertex 11.6669 -0.164178 0
      vertex 11.6669 -0.164178 4.2
    endloop
  endfacet
  facet normal -0.427542 -0.903995 0
    outer loop
      vertex 10.641 1.5475 0
      vertex 10.7896 1.47722 4.2
      vertex 10.641 1.5475 4.2
    endloop
  endfacet
  facet normal -0.427542 -0.903995 -0
    outer loop
      vertex 10.7896 1.47722 4.2
      vertex 10.641 1.5475 0
      vertex 10.7896 1.47722 0
    endloop
  endfacet
  facet normal 0.989185 0.146676 0
    outer loop
      vertex 8.35718 -0.326776 4.2
      vertex 8.33307 -0.164178 0
      vertex 8.33307 -0.164178 4.2
    endloop
  endfacet
  facet normal 0.989185 0.146676 0
    outer loop
      vertex 8.33307 -0.164178 0
      vertex 8.35718 -0.326776 4.2
      vertex 8.35718 -0.326776 0
    endloop
  endfacet
  facet normal 0.970031 -0.242979 0
    outer loop
      vertex 8.35718 0.326776 4.2
      vertex 8.39712 0.486226 0
      vertex 8.39712 0.486226 4.2
    endloop
  endfacet
  facet normal 0.970031 -0.242979 0
    outer loop
      vertex 8.39712 0.486226 0
      vertex 8.35718 0.326776 4.2
      vertex 8.35718 0.326776 0
    endloop
  endfacet
  facet normal 0.427566 -0.903984 0
    outer loop
      vertex 9.21041 1.47722 0
      vertex 9.359 1.5475 4.2
      vertex 9.21041 1.47722 4.2
    endloop
  endfacet
  facet normal 0.427566 -0.903984 0
    outer loop
      vertex 9.359 1.5475 4.2
      vertex 9.21041 1.47722 0
      vertex 9.359 1.5475 0
    endloop
  endfacet
  facet normal -0.336791 -0.941579 0
    outer loop
      vertex 10.4862 1.60287 0
      vertex 10.641 1.5475 4.2
      vertex 10.4862 1.60287 4.2
    endloop
  endfacet
  facet normal -0.336791 -0.941579 -0
    outer loop
      vertex 10.641 1.5475 4.2
      vertex 10.4862 1.60287 0
      vertex 10.641 1.5475 0
    endloop
  endfacet
  facet normal 0.0490941 -0.998794 0
    outer loop
      vertex 9.83582 1.66693 0
      vertex 10 1.675 4.2
      vertex 9.83582 1.66693 4.2
    endloop
  endfacet
  facet normal 0.0490941 -0.998794 0
    outer loop
      vertex 10 1.675 4.2
      vertex 9.83582 1.66693 0
      vertex 10 1.675 0
    endloop
  endfacet
  facet normal -0.803266 -0.59562 0
    outer loop
      vertex 11.3927 0.93058 0
      vertex 11.2948 1.06261 4.2
      vertex 11.2948 1.06261 0
    endloop
  endfacet
  facet normal -0.803266 -0.59562 0
    outer loop
      vertex 11.2948 1.06261 4.2
      vertex 11.3927 0.93058 0
      vertex 11.3927 0.93058 4.2
    endloop
  endfacet
  facet normal -0.514093 -0.857734 0
    outer loop
      vertex 10.7896 1.47722 0
      vertex 10.9306 1.39271 4.2
      vertex 10.7896 1.47722 4.2
    endloop
  endfacet
  facet normal -0.514093 -0.857734 -0
    outer loop
      vertex 10.9306 1.39271 4.2
      vertex 10.7896 1.47722 0
      vertex 10.9306 1.39271 0
    endloop
  endfacet
  facet normal -0.336791 0.941579 0
    outer loop
      vertex 10.641 -1.5475 0
      vertex 10.4862 -1.60287 4.2
      vertex 10.641 -1.5475 4.2
    endloop
  endfacet
  facet normal -0.336791 0.941579 0
    outer loop
      vertex 10.4862 -1.60287 4.2
      vertex 10.641 -1.5475 0
      vertex 10.4862 -1.60287 0
    endloop
  endfacet
  facet normal 0.51412 -0.857718 0
    outer loop
      vertex 9.06942 1.39271 0
      vertex 9.21041 1.47722 4.2
      vertex 9.06942 1.39271 4.2
    endloop
  endfacet
  facet normal 0.51412 -0.857718 0
    outer loop
      vertex 9.21041 1.47722 4.2
      vertex 9.06942 1.39271 0
      vertex 9.21041 1.47722 0
    endloop
  endfacet
  facet normal 0.427566 0.903984 -0
    outer loop
      vertex 9.359 -1.5475 0
      vertex 9.21041 -1.47722 4.2
      vertex 9.359 -1.5475 4.2
    endloop
  endfacet
  facet normal 0.427566 0.903984 0
    outer loop
      vertex 9.21041 -1.47722 4.2
      vertex 9.359 -1.5475 0
      vertex 9.21041 -1.47722 0
    endloop
  endfacet
  facet normal 0.242979 0.970031 -0
    outer loop
      vertex 9.67322 -1.64281 0
      vertex 9.51377 -1.60287 4.2
      vertex 9.67322 -1.64281 4.2
    endloop
  endfacet
  facet normal 0.242979 0.970031 0
    outer loop
      vertex 9.51377 -1.60287 4.2
      vertex 9.67322 -1.64281 0
      vertex 9.51377 -1.60287 0
    endloop
  endfacet
  facet normal -0.514093 0.857734 0
    outer loop
      vertex 10.9306 -1.39271 0
      vertex 10.7896 -1.47722 4.2
      vertex 10.9306 -1.39271 4.2
    endloop
  endfacet
  facet normal -0.514093 0.857734 0
    outer loop
      vertex 10.7896 -1.47722 4.2
      vertex 10.9306 -1.39271 0
      vertex 10.7896 -1.47722 0
    endloop
  endfacet
  facet normal -0.595786 0.803143 0
    outer loop
      vertex 11.0626 -1.29479 0
      vertex 10.9306 -1.39271 4.2
      vertex 11.0626 -1.29479 4.2
    endloop
  endfacet
  facet normal -0.595786 0.803143 0
    outer loop
      vertex 10.9306 -1.39271 4.2
      vertex 11.0626 -1.29479 0
      vertex 10.9306 -1.39271 0
    endloop
  endfacet
  facet normal -0.671549 -0.74096 0
    outer loop
      vertex 11.0626 1.29479 0
      vertex 11.1844 1.1844 4.2
      vertex 11.0626 1.29479 4.2
    endloop
  endfacet
  facet normal -0.671549 -0.74096 -0
    outer loop
      vertex 11.1844 1.1844 4.2
      vertex 11.0626 1.29479 0
      vertex 11.1844 1.1844 0
    endloop
  endfacet
  facet normal 0.242979 -0.970031 0
    outer loop
      vertex 9.51377 1.60287 0
      vertex 9.67322 1.64281 4.2
      vertex 9.51377 1.60287 4.2
    endloop
  endfacet
  facet normal 0.242979 -0.970031 0
    outer loop
      vertex 9.67322 1.64281 4.2
      vertex 9.51377 1.60287 0
      vertex 9.67322 1.64281 0
    endloop
  endfacet
  facet normal 0.671579 -0.740933 0
    outer loop
      vertex 8.8156 1.1844 0
      vertex 8.93739 1.29479 4.2
      vertex 8.8156 1.1844 4.2
    endloop
  endfacet
  facet normal 0.671579 -0.740933 0
    outer loop
      vertex 8.93739 1.29479 4.2
      vertex 8.8156 1.1844 0
      vertex 8.93739 1.29479 0
    endloop
  endfacet
  facet normal -0.989193 0.146617 0
    outer loop
      vertex 11.6428 -0.326776 0
      vertex 11.6669 -0.164178 4.2
      vertex 11.6669 -0.164178 0
    endloop
  endfacet
  facet normal -0.989193 0.146617 0
    outer loop
      vertex 11.6669 -0.164178 4.2
      vertex 11.6428 -0.326776 0
      vertex 11.6428 -0.326776 4.2
    endloop
  endfacet
  facet normal 0.90399 -0.427554 0
    outer loop
      vertex 8.4525 0.640994 4.2
      vertex 8.52278 0.789589 0
      vertex 8.52278 0.789589 4.2
    endloop
  endfacet
  facet normal 0.90399 -0.427554 0
    outer loop
      vertex 8.52278 0.789589 0
      vertex 8.4525 0.640994 4.2
      vertex 8.4525 0.640994 0
    endloop
  endfacet
  facet normal -0.941499 0.337015 0
    outer loop
      vertex 11.5475 -0.640994 0
      vertex 11.6029 -0.486226 4.2
      vertex 11.6029 -0.486226 0
    endloop
  endfacet
  facet normal -0.941499 0.337015 0
    outer loop
      vertex 11.6029 -0.486226 4.2
      vertex 11.5475 -0.640994 0
      vertex 11.5475 -0.640994 4.2
    endloop
  endfacet
  facet normal 0.740933 0.671579 0
    outer loop
      vertex 8.8156 -1.1844 4.2
      vertex 8.70521 -1.06261 0
      vertex 8.70521 -1.06261 4.2
    endloop
  endfacet
  facet normal 0.740933 0.671579 0
    outer loop
      vertex 8.70521 -1.06261 0
      vertex 8.8156 -1.1844 4.2
      vertex 8.8156 -1.1844 0
    endloop
  endfacet
  facet normal 0.0490941 0.998794 -0
    outer loop
      vertex 10 -1.675 0
      vertex 9.83582 -1.66693 4.2
      vertex 10 -1.675 4.2
    endloop
  endfacet
  facet normal 0.0490941 0.998794 0
    outer loop
      vertex 9.83582 -1.66693 4.2
      vertex 10 -1.675 0
      vertex 9.83582 -1.66693 0
    endloop
  endfacet
  facet normal -0.970089 0.24275 0
    outer loop
      vertex 11.6029 -0.486226 0
      vertex 11.6428 -0.326776 4.2
      vertex 11.6428 -0.326776 0
    endloop
  endfacet
  facet normal -0.970089 0.24275 0
    outer loop
      vertex 11.6428 -0.326776 4.2
      vertex 11.6029 -0.486226 0
      vertex 11.6029 -0.486226 4.2
    endloop
  endfacet
  facet normal 0.970031 0.242979 0
    outer loop
      vertex 8.39712 -0.486226 4.2
      vertex 8.35718 -0.326776 0
      vertex 8.35718 -0.326776 4.2
    endloop
  endfacet
  facet normal 0.970031 0.242979 0
    outer loop
      vertex 8.35718 -0.326776 0
      vertex 8.39712 -0.486226 4.2
      vertex 8.39712 -0.486226 0
    endloop
  endfacet
  facet normal -0.857747 0.514073 0
    outer loop
      vertex 11.3927 -0.93058 0
      vertex 11.4772 -0.789589 4.2
      vertex 11.4772 -0.789589 0
    endloop
  endfacet
  facet normal -0.857747 0.514073 0
    outer loop
      vertex 11.4772 -0.789589 4.2
      vertex 11.3927 -0.93058 0
      vertex 11.3927 -0.93058 4.2
    endloop
  endfacet
  facet normal -0.427542 0.903995 0
    outer loop
      vertex 10.7896 -1.47722 0
      vertex 10.641 -1.5475 4.2
      vertex 10.7896 -1.47722 4.2
    endloop
  endfacet
  facet normal -0.427542 0.903995 0
    outer loop
      vertex 10.641 -1.5475 4.2
      vertex 10.7896 -1.47722 0
      vertex 10.641 -1.5475 0
    endloop
  endfacet
  facet normal -0.0490881 0.998794 0
    outer loop
      vertex 10.1642 -1.66693 0
      vertex 10 -1.675 4.2
      vertex 10.1642 -1.66693 4.2
    endloop
  endfacet
  facet normal -0.0490881 0.998794 0
    outer loop
      vertex 10 -1.675 4.2
      vertex 10.1642 -1.66693 0
      vertex 10 -1.675 0
    endloop
  endfacet
  facet normal 0.336849 0.941559 -0
    outer loop
      vertex 9.51377 -1.60287 0
      vertex 9.359 -1.5475 4.2
      vertex 9.51377 -1.60287 4.2
    endloop
  endfacet
  facet normal 0.336849 0.941559 0
    outer loop
      vertex 9.359 -1.5475 4.2
      vertex 9.51377 -1.60287 0
      vertex 9.359 -1.5475 0
    endloop
  endfacet
  facet normal -0.595786 -0.803143 0
    outer loop
      vertex 10.9306 1.39271 0
      vertex 11.0626 1.29479 4.2
      vertex 10.9306 1.39271 4.2
    endloop
  endfacet
  facet normal -0.595786 -0.803143 -0
    outer loop
      vertex 11.0626 1.29479 4.2
      vertex 10.9306 1.39271 0
      vertex 11.0626 1.29479 0
    endloop
  endfacet
  facet normal 0.803208 -0.595699 0
    outer loop
      vertex 8.60729 0.93058 4.2
      vertex 8.70521 1.06261 0
      vertex 8.70521 1.06261 4.2
    endloop
  endfacet
  facet normal 0.803208 -0.595699 0
    outer loop
      vertex 8.70521 1.06261 0
      vertex 8.60729 0.93058 4.2
      vertex 8.60729 0.93058 0
    endloop
  endfacet
  facet normal 0.85772 0.514117 0
    outer loop
      vertex 8.60729 -0.93058 4.2
      vertex 8.52278 -0.789589 0
      vertex 8.52278 -0.789589 4.2
    endloop
  endfacet
  facet normal 0.85772 0.514117 0
    outer loop
      vertex 8.52278 -0.789589 0
      vertex 8.60729 -0.93058 4.2
      vertex 8.60729 -0.93058 0
    endloop
  endfacet
  facet normal 0.90399 0.427554 0
    outer loop
      vertex 8.52278 -0.789589 4.2
      vertex 8.4525 -0.640994 0
      vertex 8.4525 -0.640994 4.2
    endloop
  endfacet
  facet normal 0.90399 0.427554 0
    outer loop
      vertex 8.4525 -0.640994 0
      vertex 8.52278 -0.789589 4.2
      vertex 8.52278 -0.789589 0
    endloop
  endfacet
  facet normal -0.0490881 -0.998794 0
    outer loop
      vertex 10 1.675 0
      vertex 10.1642 1.66693 4.2
      vertex 10 1.675 4.2
    endloop
  endfacet
  facet normal -0.0490881 -0.998794 -0
    outer loop
      vertex 10.1642 1.66693 4.2
      vertex 10 1.675 0
      vertex 10.1642 1.66693 0
    endloop
  endfacet
  facet normal -0.941499 -0.337015 0
    outer loop
      vertex 11.6029 0.486226 0
      vertex 11.5475 0.640994 4.2
      vertex 11.5475 0.640994 0
    endloop
  endfacet
  facet normal -0.941499 -0.337015 0
    outer loop
      vertex 11.5475 0.640994 4.2
      vertex 11.6029 0.486226 0
      vertex 11.6029 0.486226 4.2
    endloop
  endfacet
  facet normal -0.903943 -0.427654 0
    outer loop
      vertex 11.5475 0.640994 0
      vertex 11.4772 0.789589 4.2
      vertex 11.4772 0.789589 0
    endloop
  endfacet
  facet normal -0.903943 -0.427654 0
    outer loop
      vertex 11.4772 0.789589 4.2
      vertex 11.5475 0.640994 0
      vertex 11.5475 0.640994 4.2
    endloop
  endfacet
  facet normal 0.941538 -0.336907 0
    outer loop
      vertex 8.39712 0.486226 4.2
      vertex 8.4525 0.640994 0
      vertex 8.4525 0.640994 4.2
    endloop
  endfacet
  facet normal 0.941538 -0.336907 0
    outer loop
      vertex 8.4525 0.640994 0
      vertex 8.39712 0.486226 4.2
      vertex 8.39712 0.486226 0
    endloop
  endfacet
  facet normal 0.336849 -0.941559 0
    outer loop
      vertex 9.359 1.5475 0
      vertex 9.51377 1.60287 4.2
      vertex 9.359 1.5475 4.2
    endloop
  endfacet
  facet normal 0.336849 -0.941559 0
    outer loop
      vertex 9.51377 1.60287 4.2
      vertex 9.359 1.5475 0
      vertex 9.51377 1.60287 0
    endloop
  endfacet
  facet normal -0.857747 -0.514073 0
    outer loop
      vertex 11.4772 0.789589 0
      vertex 11.3927 0.93058 4.2
      vertex 11.3927 0.93058 0
    endloop
  endfacet
  facet normal -0.857747 -0.514073 0
    outer loop
      vertex 11.3927 0.93058 4.2
      vertex 11.4772 0.789589 0
      vertex 11.4772 0.789589 4.2
    endloop
  endfacet
  facet normal 0.803208 0.595699 0
    outer loop
      vertex 8.70521 -1.06261 4.2
      vertex 8.60729 -0.93058 0
      vertex 8.60729 -0.93058 4.2
    endloop
  endfacet
  facet normal 0.803208 0.595699 0
    outer loop
      vertex 8.60729 -0.93058 0
      vertex 8.70521 -1.06261 4.2
      vertex 8.70521 -1.06261 0
    endloop
  endfacet
  facet normal 0.671579 0.740933 -0
    outer loop
      vertex 8.93739 -1.29479 0
      vertex 8.8156 -1.1844 4.2
      vertex 8.93739 -1.29479 4.2
    endloop
  endfacet
  facet normal 0.671579 0.740933 0
    outer loop
      vertex 8.8156 -1.1844 4.2
      vertex 8.93739 -1.29479 0
      vertex 8.8156 -1.1844 0
    endloop
  endfacet
  facet normal -0.803266 0.59562 0
    outer loop
      vertex 11.2948 -1.06261 0
      vertex 11.3927 -0.93058 4.2
      vertex 11.3927 -0.93058 0
    endloop
  endfacet
  facet normal -0.803266 0.59562 0
    outer loop
      vertex 11.3927 -0.93058 4.2
      vertex 11.2948 -1.06261 0
      vertex 11.2948 -1.06261 4.2
    endloop
  endfacet
  facet normal 0.146734 -0.989176 0
    outer loop
      vertex 9.67322 1.64281 0
      vertex 9.83582 1.66693 4.2
      vertex 9.67322 1.64281 4.2
    endloop
  endfacet
  facet normal 0.146734 -0.989176 0
    outer loop
      vertex 9.83582 1.66693 4.2
      vertex 9.67322 1.64281 0
      vertex 9.83582 1.66693 0
    endloop
  endfacet
  facet normal 0.998794 -0.0490947 0
    outer loop
      vertex 8.325 0 4.2
      vertex 8.33307 0.164178 0
      vertex 8.33307 0.164178 4.2
    endloop
  endfacet
  facet normal 0.998794 -0.0490947 0
    outer loop
      vertex 8.33307 0.164178 0
      vertex 8.325 0 4.2
      vertex 8.325 0 0
    endloop
  endfacet
  facet normal 0.740933 -0.671579 0
    outer loop
      vertex 8.70521 1.06261 4.2
      vertex 8.8156 1.1844 0
      vertex 8.8156 1.1844 4.2
    endloop
  endfacet
  facet normal 0.740933 -0.671579 0
    outer loop
      vertex 8.8156 1.1844 0
      vertex 8.70521 1.06261 4.2
      vertex 8.70521 1.06261 0
    endloop
  endfacet
  facet normal -0.243051 0.970013 0
    outer loop
      vertex 10.4862 -1.60287 0
      vertex 10.3268 -1.64281 4.2
      vertex 10.4862 -1.60287 4.2
    endloop
  endfacet
  facet normal -0.243051 0.970013 0
    outer loop
      vertex 10.3268 -1.64281 4.2
      vertex 10.4862 -1.60287 0
      vertex 10.3268 -1.64281 0
    endloop
  endfacet
  facet normal -0.146734 0.989176 0
    outer loop
      vertex 10.3268 -1.64281 0
      vertex 10.1642 -1.66693 4.2
      vertex 10.3268 -1.64281 4.2
    endloop
  endfacet
  facet normal -0.146734 0.989176 0
    outer loop
      vertex 10.1642 -1.66693 4.2
      vertex 10.3268 -1.64281 0
      vertex 10.1642 -1.66693 0
    endloop
  endfacet
  facet normal -0.740903 -0.671612 0
    outer loop
      vertex 11.2948 1.06261 0
      vertex 11.1844 1.1844 4.2
      vertex 11.1844 1.1844 0
    endloop
  endfacet
  facet normal -0.740903 -0.671612 0
    outer loop
      vertex 11.1844 1.1844 4.2
      vertex 11.2948 1.06261 0
      vertex 11.2948 1.06261 4.2
    endloop
  endfacet
  facet normal 0.941538 0.336907 0
    outer loop
      vertex 8.4525 -0.640994 4.2
      vertex 8.39712 -0.486226 0
      vertex 8.39712 -0.486226 4.2
    endloop
  endfacet
  facet normal 0.941538 0.336907 0
    outer loop
      vertex 8.39712 -0.486226 0
      vertex 8.4525 -0.640994 4.2
      vertex 8.4525 -0.640994 0
    endloop
  endfacet
  facet normal 0.989185 -0.146676 0
    outer loop
      vertex 8.33307 0.164178 4.2
      vertex 8.35718 0.326776 0
      vertex 8.35718 0.326776 4.2
    endloop
  endfacet
  facet normal 0.989185 -0.146676 0
    outer loop
      vertex 8.35718 0.326776 0
      vertex 8.33307 0.164178 4.2
      vertex 8.33307 0.164178 0
    endloop
  endfacet
  facet normal -0.740903 0.671612 0
    outer loop
      vertex 11.1844 -1.1844 0
      vertex 11.2948 -1.06261 4.2
      vertex 11.2948 -1.06261 0
    endloop
  endfacet
  facet normal -0.740903 0.671612 0
    outer loop
      vertex 11.2948 -1.06261 4.2
      vertex 11.1844 -1.1844 0
      vertex 11.1844 -1.1844 4.2
    endloop
  endfacet
  facet normal -0.243051 -0.970013 0
    outer loop
      vertex 10.3268 1.64281 0
      vertex 10.4862 1.60287 4.2
      vertex 10.3268 1.64281 4.2
    endloop
  endfacet
  facet normal -0.243051 -0.970013 -0
    outer loop
      vertex 10.4862 1.60287 4.2
      vertex 10.3268 1.64281 0
      vertex 10.4862 1.60287 0
    endloop
  endfacet
  facet normal -0.903943 0.427654 0
    outer loop
      vertex 11.4772 -0.789589 0
      vertex 11.5475 -0.640994 4.2
      vertex 11.5475 -0.640994 0
    endloop
  endfacet
  facet normal -0.903943 0.427654 0
    outer loop
      vertex 11.5475 -0.640994 4.2
      vertex 11.4772 -0.789589 0
      vertex 11.4772 -0.789589 4.2
    endloop
  endfacet
  facet normal 0.595699 -0.803208 0
    outer loop
      vertex 8.93739 1.29479 0
      vertex 9.06942 1.39271 4.2
      vertex 8.93739 1.29479 4.2
    endloop
  endfacet
  facet normal 0.595699 -0.803208 0
    outer loop
      vertex 9.06942 1.39271 4.2
      vertex 8.93739 1.29479 0
      vertex 9.06942 1.39271 0
    endloop
  endfacet
  facet normal -0.671549 0.74096 0
    outer loop
      vertex 11.1844 -1.1844 0
      vertex 11.0626 -1.29479 4.2
      vertex 11.1844 -1.1844 4.2
    endloop
  endfacet
  facet normal -0.671549 0.74096 0
    outer loop
      vertex 11.0626 -1.29479 4.2
      vertex 11.1844 -1.1844 0
      vertex 11.0626 -1.29479 0
    endloop
  endfacet
  facet normal 0.146734 0.989176 -0
    outer loop
      vertex 9.83582 -1.66693 0
      vertex 9.67322 -1.64281 4.2
      vertex 9.83582 -1.66693 4.2
    endloop
  endfacet
  facet normal 0.146734 0.989176 0
    outer loop
      vertex 9.67322 -1.64281 4.2
      vertex 9.83582 -1.66693 0
      vertex 9.67322 -1.64281 0
    endloop
  endfacet
  facet normal 0.595699 0.803208 -0
    outer loop
      vertex 9.06942 -1.39271 0
      vertex 8.93739 -1.29479 4.2
      vertex 9.06942 -1.39271 4.2
    endloop
  endfacet
  facet normal 0.595699 0.803208 0
    outer loop
      vertex 8.93739 -1.29479 4.2
      vertex 9.06942 -1.39271 0
      vertex 8.93739 -1.29479 0
    endloop
  endfacet
  facet normal 0.51412 0.857718 -0
    outer loop
      vertex 9.21041 -1.47722 0
      vertex 9.06942 -1.39271 4.2
      vertex 9.21041 -1.47722 4.2
    endloop
  endfacet
  facet normal 0.51412 0.857718 0
    outer loop
      vertex 9.06942 -1.39271 4.2
      vertex 9.21041 -1.47722 0
      vertex 9.06942 -1.39271 0
    endloop
  endfacet
  facet normal 0.998794 0.0490947 0
    outer loop
      vertex 8.33307 -0.164178 4.2
      vertex 8.325 0 0
      vertex 8.325 0 4.2
    endloop
  endfacet
  facet normal 0.998794 0.0490947 0
    outer loop
      vertex 8.325 0 0
      vertex 8.33307 -0.164178 4.2
      vertex 8.33307 -0.164178 0
    endloop
  endfacet
  facet normal -0.146734 -0.989176 0
    outer loop
      vertex 10.1642 1.66693 0
      vertex 10.3268 1.64281 4.2
      vertex 10.1642 1.66693 4.2
    endloop
  endfacet
  facet normal -0.146734 -0.989176 -0
    outer loop
      vertex 10.3268 1.64281 4.2
      vertex 10.1642 1.66693 0
      vertex 10.3268 1.64281 0
    endloop
  endfacet
  facet normal 0.859087 -0.511829 0
    outer loop
      vertex 108.523 0.789589 4.2
      vertex 108.607 0.93058 0
      vertex 108.607 0.93058 4.2
    endloop
  endfacet
  facet normal 0.859087 -0.511829 0
    outer loop
      vertex 108.607 0.93058 0
      vertex 108.523 0.789589 4.2
      vertex 108.523 0.789589 0
    endloop
  endfacet
  facet normal -0.989281 -0.146021 0
    outer loop
      vertex 111.667 0.164178 0
      vertex 111.643 0.326776 4.2
      vertex 111.643 0.326776 0
    endloop
  endfacet
  facet normal -0.989281 -0.146021 0
    outer loop
      vertex 111.643 0.326776 4.2
      vertex 111.667 0.164178 0
      vertex 111.667 0.164178 4.2
    endloop
  endfacet
  facet normal -0.998815 -0.0486699 0
    outer loop
      vertex 111.675 0 0
      vertex 111.667 0.164178 4.2
      vertex 111.667 0.164178 0
    endloop
  endfacet
  facet normal -0.998815 -0.0486699 0
    outer loop
      vertex 111.667 0.164178 4.2
      vertex 111.675 0 0
      vertex 111.675 0 4.2
    endloop
  endfacet
  facet normal -0.969945 -0.243323 0
    outer loop
      vertex 111.643 0.326776 0
      vertex 111.603 0.486226 4.2
      vertex 111.603 0.486226 0
    endloop
  endfacet
  facet normal -0.969945 -0.243323 0
    outer loop
      vertex 111.603 0.486226 4.2
      vertex 111.643 0.326776 0
      vertex 111.643 0.326776 4.2
    endloop
  endfacet
  facet normal -0.998815 0.0486699 0
    outer loop
      vertex 111.667 -0.164178 0
      vertex 111.675 0 4.2
      vertex 111.675 0 0
    endloop
  endfacet
  facet normal -0.998815 0.0486699 0
    outer loop
      vertex 111.675 0 4.2
      vertex 111.667 -0.164178 0
      vertex 111.667 -0.164178 4.2
    endloop
  endfacet
  facet normal -0.426604 -0.904439 0
    outer loop
      vertex 110.641 1.5475 0
      vertex 110.79 1.47722 4.2
      vertex 110.641 1.5475 4.2
    endloop
  endfacet
  facet normal -0.426604 -0.904439 -0
    outer loop
      vertex 110.79 1.47722 4.2
      vertex 110.641 1.5475 0
      vertex 110.79 1.47722 0
    endloop
  endfacet
  facet normal 0.989281 0.146021 0
    outer loop
      vertex 108.357 -0.326776 4.2
      vertex 108.333 -0.164178 0
      vertex 108.333 -0.164178 4.2
    endloop
  endfacet
  facet normal 0.989281 0.146021 0
    outer loop
      vertex 108.333 -0.164178 0
      vertex 108.357 -0.326776 4.2
      vertex 108.357 -0.326776 0
    endloop
  endfacet
  facet normal 0.969945 -0.243323 0
    outer loop
      vertex 108.357 0.326776 4.2
      vertex 108.397 0.486226 0
      vertex 108.397 0.486226 4.2
    endloop
  endfacet
  facet normal 0.969945 -0.243323 0
    outer loop
      vertex 108.397 0.486226 0
      vertex 108.357 0.326776 4.2
      vertex 108.357 0.326776 0
    endloop
  endfacet
  facet normal 0.426604 -0.904439 0
    outer loop
      vertex 109.21 1.47722 0
      vertex 109.359 1.5475 4.2
      vertex 109.21 1.47722 4.2
    endloop
  endfacet
  facet normal 0.426604 -0.904439 0
    outer loop
      vertex 109.359 1.5475 4.2
      vertex 109.21 1.47722 0
      vertex 109.359 1.5475 0
    endloop
  endfacet
  facet normal -0.336406 -0.941717 0
    outer loop
      vertex 110.486 1.60287 0
      vertex 110.641 1.5475 4.2
      vertex 110.486 1.60287 4.2
    endloop
  endfacet
  facet normal -0.336406 -0.941717 -0
    outer loop
      vertex 110.641 1.5475 4.2
      vertex 110.486 1.60287 0
      vertex 110.641 1.5475 0
    endloop
  endfacet
  facet normal 0.0491479 -0.998792 0
    outer loop
      vertex 109.836 1.66693 0
      vertex 110 1.675 4.2
      vertex 109.836 1.66693 4.2
    endloop
  endfacet
  facet normal 0.0491479 -0.998792 0
    outer loop
      vertex 110 1.675 4.2
      vertex 109.836 1.66693 0
      vertex 110 1.675 0
    endloop
  endfacet
  facet normal -0.802975 -0.596013 0
    outer loop
      vertex 111.393 0.93058 0
      vertex 111.295 1.06261 4.2
      vertex 111.295 1.06261 0
    endloop
  endfacet
  facet normal -0.802975 -0.596013 0
    outer loop
      vertex 111.295 1.06261 4.2
      vertex 111.393 0.93058 0
      vertex 111.393 0.93058 4.2
    endloop
  endfacet
  facet normal -0.514093 -0.857734 0
    outer loop
      vertex 110.79 1.47722 0
      vertex 110.931 1.39271 4.2
      vertex 110.79 1.47722 4.2
    endloop
  endfacet
  facet normal -0.514093 -0.857734 -0
    outer loop
      vertex 110.931 1.39271 4.2
      vertex 110.79 1.47722 0
      vertex 110.931 1.39271 0
    endloop
  endfacet
  facet normal -0.336406 0.941717 0
    outer loop
      vertex 110.641 -1.5475 0
      vertex 110.486 -1.60287 4.2
      vertex 110.641 -1.5475 4.2
    endloop
  endfacet
  facet normal -0.336406 0.941717 0
    outer loop
      vertex 110.486 -1.60287 4.2
      vertex 110.641 -1.5475 0
      vertex 110.486 -1.60287 0
    endloop
  endfacet
  facet normal 0.514093 -0.857734 0
    outer loop
      vertex 109.069 1.39271 0
      vertex 109.21 1.47722 4.2
      vertex 109.069 1.39271 4.2
    endloop
  endfacet
  facet normal 0.514093 -0.857734 0
    outer loop
      vertex 109.21 1.47722 4.2
      vertex 109.069 1.39271 0
      vertex 109.21 1.47722 0
    endloop
  endfacet
  facet normal 0.426604 0.904439 -0
    outer loop
      vertex 109.359 -1.5475 0
      vertex 109.21 -1.47722 4.2
      vertex 109.359 -1.5475 4.2
    endloop
  endfacet
  facet normal 0.426604 0.904439 0
    outer loop
      vertex 109.21 -1.47722 4.2
      vertex 109.359 -1.5475 0
      vertex 109.21 -1.47722 0
    endloop
  endfacet
  facet normal 0.243626 0.969869 -0
    outer loop
      vertex 109.673 -1.64281 0
      vertex 109.514 -1.60287 4.2
      vertex 109.673 -1.64281 4.2
    endloop
  endfacet
  facet normal 0.243626 0.969869 0
    outer loop
      vertex 109.514 -1.60287 4.2
      vertex 109.673 -1.64281 0
      vertex 109.514 -1.60287 0
    endloop
  endfacet
  facet normal -0.514093 0.857734 0
    outer loop
      vertex 110.931 -1.39271 0
      vertex 110.79 -1.47722 4.2
      vertex 110.931 -1.39271 4.2
    endloop
  endfacet
  facet normal -0.514093 0.857734 0
    outer loop
      vertex 110.79 -1.47722 4.2
      vertex 110.931 -1.39271 0
      vertex 110.79 -1.47722 0
    endloop
  endfacet
  facet normal -0.595786 0.803143 0
    outer loop
      vertex 111.063 -1.29479 0
      vertex 110.931 -1.39271 4.2
      vertex 111.063 -1.29479 4.2
    endloop
  endfacet
  facet normal -0.595786 0.803143 0
    outer loop
      vertex 110.931 -1.39271 4.2
      vertex 111.063 -1.29479 0
      vertex 110.931 -1.39271 0
    endloop
  endfacet
  facet normal -0.673975 -0.738754 0
    outer loop
      vertex 111.063 1.29479 0
      vertex 111.184 1.1844 4.2
      vertex 111.063 1.29479 4.2
    endloop
  endfacet
  facet normal -0.673975 -0.738754 -0
    outer loop
      vertex 111.184 1.1844 4.2
      vertex 111.063 1.29479 0
      vertex 111.184 1.1844 0
    endloop
  endfacet
  facet normal 0.243626 -0.969869 0
    outer loop
      vertex 109.514 1.60287 0
      vertex 109.673 1.64281 4.2
      vertex 109.514 1.60287 4.2
    endloop
  endfacet
  facet normal 0.243626 -0.969869 0
    outer loop
      vertex 109.673 1.64281 4.2
      vertex 109.514 1.60287 0
      vertex 109.673 1.64281 0
    endloop
  endfacet
  facet normal 0.673975 -0.738754 0
    outer loop
      vertex 108.816 1.1844 0
      vertex 108.937 1.29479 4.2
      vertex 108.816 1.1844 4.2
    endloop
  endfacet
  facet normal 0.673975 -0.738754 0
    outer loop
      vertex 108.937 1.29479 4.2
      vertex 108.816 1.1844 0
      vertex 108.937 1.29479 0
    endloop
  endfacet
  facet normal -0.989281 0.146021 0
    outer loop
      vertex 111.643 -0.326776 0
      vertex 111.667 -0.164178 4.2
      vertex 111.667 -0.164178 0
    endloop
  endfacet
  facet normal -0.989281 0.146021 0
    outer loop
      vertex 111.667 -0.164178 4.2
      vertex 111.643 -0.326776 0
      vertex 111.643 -0.326776 4.2
    endloop
  endfacet
  facet normal 0.902293 -0.431124 0
    outer loop
      vertex 108.452 0.640994 4.2
      vertex 108.523 0.789589 0
      vertex 108.523 0.789589 4.2
    endloop
  endfacet
  facet normal 0.902293 -0.431124 0
    outer loop
      vertex 108.523 0.789589 0
      vertex 108.452 0.640994 4.2
      vertex 108.452 0.640994 0
    endloop
  endfacet
  facet normal -0.94227 0.334855 0
    outer loop
      vertex 111.548 -0.640994 0
      vertex 111.603 -0.486226 4.2
      vertex 111.603 -0.486226 0
    endloop
  endfacet
  facet normal -0.94227 0.334855 0
    outer loop
      vertex 111.603 -0.486226 4.2
      vertex 111.548 -0.640994 0
      vertex 111.548 -0.640994 4.2
    endloop
  endfacet
  facet normal 0.739088 0.673609 0
    outer loop
      vertex 108.816 -1.1844 4.2
      vertex 108.705 -1.06261 0
      vertex 108.705 -1.06261 4.2
    endloop
  endfacet
  facet normal 0.739088 0.673609 0
    outer loop
      vertex 108.705 -1.06261 0
      vertex 108.816 -1.1844 4.2
      vertex 108.816 -1.1844 0
    endloop
  endfacet
  facet normal 0.0491479 0.998792 -0
    outer loop
      vertex 110 -1.675 0
      vertex 109.836 -1.66693 4.2
      vertex 110 -1.675 4.2
    endloop
  endfacet
  facet normal 0.0491479 0.998792 0
    outer loop
      vertex 109.836 -1.66693 4.2
      vertex 110 -1.675 0
      vertex 109.836 -1.66693 0
    endloop
  endfacet
  facet normal -0.969945 0.243323 0
    outer loop
      vertex 111.603 -0.486226 0
      vertex 111.643 -0.326776 4.2
      vertex 111.643 -0.326776 0
    endloop
  endfacet
  facet normal -0.969945 0.243323 0
    outer loop
      vertex 111.643 -0.326776 4.2
      vertex 111.603 -0.486226 0
      vertex 111.603 -0.486226 4.2
    endloop
  endfacet
  facet normal 0.969945 0.243323 0
    outer loop
      vertex 108.397 -0.486226 4.2
      vertex 108.357 -0.326776 0
      vertex 108.357 -0.326776 4.2
    endloop
  endfacet
  facet normal 0.969945 0.243323 0
    outer loop
      vertex 108.357 -0.326776 0
      vertex 108.397 -0.486226 4.2
      vertex 108.397 -0.486226 0
    endloop
  endfacet
  facet normal -0.859087 0.511829 0
    outer loop
      vertex 111.393 -0.93058 0
      vertex 111.477 -0.789589 4.2
      vertex 111.477 -0.789589 0
    endloop
  endfacet
  facet normal -0.859087 0.511829 0
    outer loop
      vertex 111.477 -0.789589 4.2
      vertex 111.393 -0.93058 0
      vertex 111.393 -0.93058 4.2
    endloop
  endfacet
  facet normal -0.426604 0.904439 0
    outer loop
      vertex 110.79 -1.47722 0
      vertex 110.641 -1.5475 4.2
      vertex 110.79 -1.47722 4.2
    endloop
  endfacet
  facet normal -0.426604 0.904439 0
    outer loop
      vertex 110.641 -1.5475 4.2
      vertex 110.79 -1.47722 0
      vertex 110.641 -1.5475 0
    endloop
  endfacet
  facet normal -0.0491479 0.998792 0
    outer loop
      vertex 110.164 -1.66693 0
      vertex 110 -1.675 4.2
      vertex 110.164 -1.66693 4.2
    endloop
  endfacet
  facet normal -0.0491479 0.998792 0
    outer loop
      vertex 110 -1.675 4.2
      vertex 110.164 -1.66693 0
      vertex 110 -1.675 0
    endloop
  endfacet
  facet normal -0.595786 -0.803143 0
    outer loop
      vertex 110.931 1.39271 0
      vertex 111.063 1.29479 4.2
      vertex 110.931 1.39271 4.2
    endloop
  endfacet
  facet normal -0.595786 -0.803143 -0
    outer loop
      vertex 111.063 1.29479 4.2
      vertex 110.931 1.39271 0
      vertex 111.063 1.29479 0
    endloop
  endfacet
  facet normal 0.802975 -0.596013 0
    outer loop
      vertex 108.607 0.93058 4.2
      vertex 108.705 1.06261 0
      vertex 108.705 1.06261 4.2
    endloop
  endfacet
  facet normal 0.802975 -0.596013 0
    outer loop
      vertex 108.705 1.06261 0
      vertex 108.607 0.93058 4.2
      vertex 108.607 0.93058 0
    endloop
  endfacet
  facet normal 0.859087 0.511829 0
    outer loop
      vertex 108.607 -0.93058 4.2
      vertex 108.523 -0.789589 0
      vertex 108.523 -0.789589 4.2
    endloop
  endfacet
  facet normal 0.859087 0.511829 0
    outer loop
      vertex 108.523 -0.789589 0
      vertex 108.607 -0.93058 4.2
      vertex 108.607 -0.93058 0
    endloop
  endfacet
  facet normal 0.902293 0.431124 0
    outer loop
      vertex 108.523 -0.789589 4.2
      vertex 108.452 -0.640994 0
      vertex 108.452 -0.640994 4.2
    endloop
  endfacet
  facet normal 0.902293 0.431124 0
    outer loop
      vertex 108.452 -0.640994 0
      vertex 108.523 -0.789589 4.2
      vertex 108.523 -0.789589 0
    endloop
  endfacet
  facet normal -0.0491479 -0.998792 0
    outer loop
      vertex 110 1.675 0
      vertex 110.164 1.66693 4.2
      vertex 110 1.675 4.2
    endloop
  endfacet
  facet normal -0.0491479 -0.998792 -0
    outer loop
      vertex 110.164 1.66693 4.2
      vertex 110 1.675 0
      vertex 110.164 1.66693 0
    endloop
  endfacet
  facet normal -0.94227 -0.334855 0
    outer loop
      vertex 111.603 0.486226 0
      vertex 111.548 0.640994 4.2
      vertex 111.548 0.640994 0
    endloop
  endfacet
  facet normal -0.94227 -0.334855 0
    outer loop
      vertex 111.548 0.640994 4.2
      vertex 111.603 0.486226 0
      vertex 111.603 0.486226 4.2
    endloop
  endfacet
  facet normal -0.902293 -0.431124 0
    outer loop
      vertex 111.548 0.640994 0
      vertex 111.477 0.789589 4.2
      vertex 111.477 0.789589 0
    endloop
  endfacet
  facet normal -0.902293 -0.431124 0
    outer loop
      vertex 111.477 0.789589 4.2
      vertex 111.548 0.640994 0
      vertex 111.548 0.640994 4.2
    endloop
  endfacet
  facet normal 0.94227 -0.334855 0
    outer loop
      vertex 108.397 0.486226 4.2
      vertex 108.452 0.640994 0
      vertex 108.452 0.640994 4.2
    endloop
  endfacet
  facet normal 0.94227 -0.334855 0
    outer loop
      vertex 108.452 0.640994 0
      vertex 108.397 0.486226 4.2
      vertex 108.397 0.486226 0
    endloop
  endfacet
  facet normal 0.336406 -0.941717 0
    outer loop
      vertex 109.359 1.5475 0
      vertex 109.514 1.60287 4.2
      vertex 109.359 1.5475 4.2
    endloop
  endfacet
  facet normal 0.336406 -0.941717 0
    outer loop
      vertex 109.514 1.60287 4.2
      vertex 109.359 1.5475 0
      vertex 109.514 1.60287 0
    endloop
  endfacet
  facet normal -0.859087 -0.511829 0
    outer loop
      vertex 111.477 0.789589 0
      vertex 111.393 0.93058 4.2
      vertex 111.393 0.93058 0
    endloop
  endfacet
  facet normal -0.859087 -0.511829 0
    outer loop
      vertex 111.393 0.93058 4.2
      vertex 111.477 0.789589 0
      vertex 111.477 0.789589 4.2
    endloop
  endfacet
  facet normal 0.802975 0.596013 0
    outer loop
      vertex 108.705 -1.06261 4.2
      vertex 108.607 -0.93058 0
      vertex 108.607 -0.93058 4.2
    endloop
  endfacet
  facet normal 0.802975 0.596013 0
    outer loop
      vertex 108.607 -0.93058 0
      vertex 108.705 -1.06261 4.2
      vertex 108.705 -1.06261 0
    endloop
  endfacet
  facet normal 0.673975 0.738754 -0
    outer loop
      vertex 108.937 -1.29479 0
      vertex 108.816 -1.1844 4.2
      vertex 108.937 -1.29479 4.2
    endloop
  endfacet
  facet normal 0.673975 0.738754 0
    outer loop
      vertex 108.816 -1.1844 4.2
      vertex 108.937 -1.29479 0
      vertex 108.816 -1.1844 0
    endloop
  endfacet
  facet normal -0.802975 0.596013 0
    outer loop
      vertex 111.295 -1.06261 0
      vertex 111.393 -0.93058 4.2
      vertex 111.393 -0.93058 0
    endloop
  endfacet
  facet normal -0.802975 0.596013 0
    outer loop
      vertex 111.393 -0.93058 4.2
      vertex 111.295 -1.06261 0
      vertex 111.295 -1.06261 4.2
    endloop
  endfacet
  facet normal 0.146381 -0.989228 0
    outer loop
      vertex 109.673 1.64281 0
      vertex 109.836 1.66693 4.2
      vertex 109.673 1.64281 4.2
    endloop
  endfacet
  facet normal 0.146381 -0.989228 0
    outer loop
      vertex 109.836 1.66693 4.2
      vertex 109.673 1.64281 0
      vertex 109.836 1.66693 0
    endloop
  endfacet
  facet normal 0.998815 -0.0486699 0
    outer loop
      vertex 108.325 0 4.2
      vertex 108.333 0.164178 0
      vertex 108.333 0.164178 4.2
    endloop
  endfacet
  facet normal 0.998815 -0.0486699 0
    outer loop
      vertex 108.333 0.164178 0
      vertex 108.325 0 4.2
      vertex 108.325 0 0
    endloop
  endfacet
  facet normal 0.739088 -0.673609 0
    outer loop
      vertex 108.705 1.06261 4.2
      vertex 108.816 1.1844 0
      vertex 108.816 1.1844 4.2
    endloop
  endfacet
  facet normal 0.739088 -0.673609 0
    outer loop
      vertex 108.816 1.1844 0
      vertex 108.705 1.06261 4.2
      vertex 108.705 1.06261 0
    endloop
  endfacet
  facet normal -0.243626 0.969869 0
    outer loop
      vertex 110.486 -1.60287 0
      vertex 110.327 -1.64281 4.2
      vertex 110.486 -1.60287 4.2
    endloop
  endfacet
  facet normal -0.243626 0.969869 0
    outer loop
      vertex 110.327 -1.64281 4.2
      vertex 110.486 -1.60287 0
      vertex 110.327 -1.64281 0
    endloop
  endfacet
  facet normal -0.146381 0.989228 0
    outer loop
      vertex 110.327 -1.64281 0
      vertex 110.164 -1.66693 4.2
      vertex 110.327 -1.64281 4.2
    endloop
  endfacet
  facet normal -0.146381 0.989228 0
    outer loop
      vertex 110.164 -1.66693 4.2
      vertex 110.327 -1.64281 0
      vertex 110.164 -1.66693 0
    endloop
  endfacet
  facet normal -0.739088 -0.673609 0
    outer loop
      vertex 111.295 1.06261 0
      vertex 111.184 1.1844 4.2
      vertex 111.184 1.1844 0
    endloop
  endfacet
  facet normal -0.739088 -0.673609 0
    outer loop
      vertex 111.184 1.1844 4.2
      vertex 111.295 1.06261 0
      vertex 111.295 1.06261 4.2
    endloop
  endfacet
  facet normal 0.94227 0.334855 0
    outer loop
      vertex 108.452 -0.640994 4.2
      vertex 108.397 -0.486226 0
      vertex 108.397 -0.486226 4.2
    endloop
  endfacet
  facet normal 0.94227 0.334855 0
    outer loop
      vertex 108.397 -0.486226 0
      vertex 108.452 -0.640994 4.2
      vertex 108.452 -0.640994 0
    endloop
  endfacet
  facet normal 0.989281 -0.146021 0
    outer loop
      vertex 108.333 0.164178 4.2
      vertex 108.357 0.326776 0
      vertex 108.357 0.326776 4.2
    endloop
  endfacet
  facet normal 0.989281 -0.146021 0
    outer loop
      vertex 108.357 0.326776 0
      vertex 108.333 0.164178 4.2
      vertex 108.333 0.164178 0
    endloop
  endfacet
  facet normal -0.739088 0.673609 0
    outer loop
      vertex 111.184 -1.1844 0
      vertex 111.295 -1.06261 4.2
      vertex 111.295 -1.06261 0
    endloop
  endfacet
  facet normal -0.739088 0.673609 0
    outer loop
      vertex 111.295 -1.06261 4.2
      vertex 111.184 -1.1844 0
      vertex 111.184 -1.1844 4.2
    endloop
  endfacet
  facet normal -0.243626 -0.969869 0
    outer loop
      vertex 110.327 1.64281 0
      vertex 110.486 1.60287 4.2
      vertex 110.327 1.64281 4.2
    endloop
  endfacet
  facet normal -0.243626 -0.969869 -0
    outer loop
      vertex 110.486 1.60287 4.2
      vertex 110.327 1.64281 0
      vertex 110.486 1.60287 0
    endloop
  endfacet
  facet normal -0.902293 0.431124 0
    outer loop
      vertex 111.477 -0.789589 0
      vertex 111.548 -0.640994 4.2
      vertex 111.548 -0.640994 0
    endloop
  endfacet
  facet normal -0.902293 0.431124 0
    outer loop
      vertex 111.548 -0.640994 4.2
      vertex 111.477 -0.789589 0
      vertex 111.477 -0.789589 4.2
    endloop
  endfacet
  facet normal 0.595786 -0.803143 0
    outer loop
      vertex 108.937 1.29479 0
      vertex 109.069 1.39271 4.2
      vertex 108.937 1.29479 4.2
    endloop
  endfacet
  facet normal 0.595786 -0.803143 0
    outer loop
      vertex 109.069 1.39271 4.2
      vertex 108.937 1.29479 0
      vertex 109.069 1.39271 0
    endloop
  endfacet
  facet normal -0.673975 0.738754 0
    outer loop
      vertex 111.184 -1.1844 0
      vertex 111.063 -1.29479 4.2
      vertex 111.184 -1.1844 4.2
    endloop
  endfacet
  facet normal -0.673975 0.738754 0
    outer loop
      vertex 111.063 -1.29479 4.2
      vertex 111.184 -1.1844 0
      vertex 111.063 -1.29479 0
    endloop
  endfacet
  facet normal 0.146381 0.989228 -0
    outer loop
      vertex 109.836 -1.66693 0
      vertex 109.673 -1.64281 4.2
      vertex 109.836 -1.66693 4.2
    endloop
  endfacet
  facet normal 0.146381 0.989228 0
    outer loop
      vertex 109.673 -1.64281 4.2
      vertex 109.836 -1.66693 0
      vertex 109.673 -1.64281 0
    endloop
  endfacet
  facet normal 0.595786 0.803143 -0
    outer loop
      vertex 109.069 -1.39271 0
      vertex 108.937 -1.29479 4.2
      vertex 109.069 -1.39271 4.2
    endloop
  endfacet
  facet normal 0.595786 0.803143 0
    outer loop
      vertex 108.937 -1.29479 4.2
      vertex 109.069 -1.39271 0
      vertex 108.937 -1.29479 0
    endloop
  endfacet
  facet normal 0.514093 0.857734 -0
    outer loop
      vertex 109.21 -1.47722 0
      vertex 109.069 -1.39271 4.2
      vertex 109.21 -1.47722 4.2
    endloop
  endfacet
  facet normal 0.514093 0.857734 0
    outer loop
      vertex 109.069 -1.39271 4.2
      vertex 109.21 -1.47722 0
      vertex 109.069 -1.39271 0
    endloop
  endfacet
  facet normal 0.998815 0.0486699 0
    outer loop
      vertex 108.333 -0.164178 4.2
      vertex 108.325 0 0
      vertex 108.325 0 4.2
    endloop
  endfacet
  facet normal 0.998815 0.0486699 0
    outer loop
      vertex 108.325 0 0
      vertex 108.333 -0.164178 4.2
      vertex 108.333 -0.164178 0
    endloop
  endfacet
  facet normal -0.146381 -0.989228 0
    outer loop
      vertex 110.164 1.66693 0
      vertex 110.327 1.64281 4.2
      vertex 110.164 1.66693 4.2
    endloop
  endfacet
  facet normal -0.146381 -0.989228 -0
    outer loop
      vertex 110.327 1.64281 4.2
      vertex 110.164 1.66693 0
      vertex 110.327 1.64281 0
    endloop
  endfacet
  facet normal 0.336406 0.941717 -0
    outer loop
      vertex 109.514 -1.60287 0
      vertex 109.359 -1.5475 4.2
      vertex 109.514 -1.60287 4.2
    endloop
  endfacet
  facet normal 0.336406 0.941717 0
    outer loop
      vertex 109.359 -1.5475 4.2
      vertex 109.514 -1.60287 0
      vertex 109.359 -1.5475 0
    endloop
  endfacet
  facet normal -0.989246 -0.146263 0
    outer loop
      vertex 11.6669 120.164 0
      vertex 11.6428 120.327 4.2
      vertex 11.6428 120.327 0
    endloop
  endfacet
  facet normal -0.989246 -0.146263 0
    outer loop
      vertex 11.6428 120.327 4.2
      vertex 11.6669 120.164 0
      vertex 11.6669 120.164 4.2
    endloop
  endfacet
  facet normal -0.998783 -0.0493301 0
    outer loop
      vertex 11.675 120 0
      vertex 11.6669 120.164 4.2
      vertex 11.6669 120.164 0
    endloop
  endfacet
  facet normal -0.998783 -0.0493301 0
    outer loop
      vertex 11.6669 120.164 4.2
      vertex 11.675 120 0
      vertex 11.675 120 4.2
    endloop
  endfacet
  facet normal -0.969927 -0.243397 0
    outer loop
      vertex 11.6428 120.327 0
      vertex 11.6029 120.486 4.2
      vertex 11.6029 120.486 0
    endloop
  endfacet
  facet normal -0.969927 -0.243397 0
    outer loop
      vertex 11.6029 120.486 4.2
      vertex 11.6428 120.327 0
      vertex 11.6428 120.327 4.2
    endloop
  endfacet
  facet normal 0.243323 -0.969945 0
    outer loop
      vertex 9.51377 121.603 0
      vertex 9.67322 121.643 4.2
      vertex 9.51377 121.603 4.2
    endloop
  endfacet
  facet normal 0.243323 -0.969945 0
    outer loop
      vertex 9.67322 121.643 4.2
      vertex 9.51377 121.603 0
      vertex 9.67322 121.643 0
    endloop
  endfacet
  facet normal 0.904439 0.426604 0
    outer loop
      vertex 8.52278 119.21 4.2
      vertex 8.4525 119.359 0
      vertex 8.4525 119.359 4.2
    endloop
  endfacet
  facet normal 0.904439 0.426604 0
    outer loop
      vertex 8.4525 119.359 0
      vertex 8.52278 119.21 4.2
      vertex 8.52278 119.21 0
    endloop
  endfacet
  facet normal -0.431112 0.902299 0
    outer loop
      vertex 10.7896 118.523 0
      vertex 10.641 118.452 4.2
      vertex 10.7896 118.523 4.2
    endloop
  endfacet
  facet normal -0.431112 0.902299 0
    outer loop
      vertex 10.641 118.452 4.2
      vertex 10.7896 118.523 0
      vertex 10.641 118.452 0
    endloop
  endfacet
  facet normal 0.243323 0.969945 -0
    outer loop
      vertex 9.67322 118.357 0
      vertex 9.51377 118.397 4.2
      vertex 9.67322 118.357 4.2
    endloop
  endfacet
  facet normal 0.243323 0.969945 0
    outer loop
      vertex 9.51377 118.397 4.2
      vertex 9.67322 118.357 0
      vertex 9.51377 118.397 0
    endloop
  endfacet
  facet normal -0.511805 0.859102 0
    outer loop
      vertex 10.9306 118.607 0
      vertex 10.7896 118.523 4.2
      vertex 10.9306 118.607 4.2
    endloop
  endfacet
  facet normal -0.511805 0.859102 0
    outer loop
      vertex 10.7896 118.523 4.2
      vertex 10.9306 118.607 0
      vertex 10.7896 118.523 0
    endloop
  endfacet
  facet normal 0.334851 0.942271 -0
    outer loop
      vertex 9.51377 118.397 0
      vertex 9.359 118.452 4.2
      vertex 9.51377 118.397 4.2
    endloop
  endfacet
  facet normal 0.334851 0.942271 0
    outer loop
      vertex 9.359 118.452 4.2
      vertex 9.51377 118.397 0
      vertex 9.359 118.452 0
    endloop
  endfacet
  facet normal -0.334793 0.942292 0
    outer loop
      vertex 10.641 118.452 0
      vertex 10.4862 118.397 4.2
      vertex 10.641 118.452 4.2
    endloop
  endfacet
  facet normal -0.334793 0.942292 0
    outer loop
      vertex 10.4862 118.397 4.2
      vertex 10.641 118.452 0
      vertex 10.4862 118.397 0
    endloop
  endfacet
  facet normal 0.673609 -0.739088 0
    outer loop
      vertex 8.8156 121.184 0
      vertex 8.93739 121.295 4.2
      vertex 8.8156 121.184 4.2
    endloop
  endfacet
  facet normal 0.673609 -0.739088 0
    outer loop
      vertex 8.93739 121.295 4.2
      vertex 8.8156 121.184 0
      vertex 8.93739 121.295 0
    endloop
  endfacet
  facet normal -0.243395 0.969927 0
    outer loop
      vertex 10.4862 118.397 0
      vertex 10.3268 118.357 4.2
      vertex 10.4862 118.397 4.2
    endloop
  endfacet
  facet normal -0.243395 0.969927 0
    outer loop
      vertex 10.3268 118.357 4.2
      vertex 10.4862 118.397 0
      vertex 10.3268 118.357 0
    endloop
  endfacet
  facet normal 0.857734 -0.514093 0
    outer loop
      vertex 8.52278 120.79 4.2
      vertex 8.60729 120.931 0
      vertex 8.60729 120.931 4.2
    endloop
  endfacet
  facet normal 0.857734 -0.514093 0
    outer loop
      vertex 8.60729 120.931 0
      vertex 8.52278 120.79 4.2
      vertex 8.52278 120.79 0
    endloop
  endfacet
  facet normal 0.989237 -0.146322 0
    outer loop
      vertex 8.33307 120.164 4.2
      vertex 8.35718 120.327 0
      vertex 8.35718 120.327 4.2
    endloop
  endfacet
  facet normal 0.989237 -0.146322 0
    outer loop
      vertex 8.35718 120.327 0
      vertex 8.33307 120.164 4.2
      vertex 8.33307 120.164 0
    endloop
  endfacet
  facet normal -0.904392 -0.426703 0
    outer loop
      vertex 11.5475 120.641 0
      vertex 11.4772 120.79 4.2
      vertex 11.4772 120.79 0
    endloop
  endfacet
  facet normal -0.904392 -0.426703 0
    outer loop
      vertex 11.4772 120.79 4.2
      vertex 11.5475 120.641 0
      vertex 11.5475 120.641 4.2
    endloop
  endfacet
  facet normal -0.803201 0.595708 0
    outer loop
      vertex 11.2948 118.937 0
      vertex 11.3927 119.069 4.2
      vertex 11.3927 119.069 0
    endloop
  endfacet
  facet normal -0.803201 0.595708 0
    outer loop
      vertex 11.3927 119.069 4.2
      vertex 11.2948 118.937 0
      vertex 11.2948 118.937 4.2
    endloop
  endfacet
  facet normal 0.596013 -0.802975 0
    outer loop
      vertex 8.93739 121.295 0
      vertex 9.06942 121.393 4.2
      vertex 8.93739 121.295 4.2
    endloop
  endfacet
  facet normal 0.596013 -0.802975 0
    outer loop
      vertex 9.06942 121.393 4.2
      vertex 8.93739 121.295 0
      vertex 9.06942 121.393 0
    endloop
  endfacet
  facet normal -0.5961 -0.80291 0
    outer loop
      vertex 10.9306 121.393 0
      vertex 11.0626 121.295 4.2
      vertex 10.9306 121.393 4.2
    endloop
  endfacet
  facet normal -0.5961 -0.80291 -0
    outer loop
      vertex 11.0626 121.295 4.2
      vertex 10.9306 121.393 0
      vertex 11.0626 121.295 0
    endloop
  endfacet
  facet normal -0.146019 -0.989282 0
    outer loop
      vertex 10.1642 121.667 0
      vertex 10.3268 121.643 4.2
      vertex 10.1642 121.667 4.2
    endloop
  endfacet
  facet normal -0.146019 -0.989282 -0
    outer loop
      vertex 10.3268 121.643 4.2
      vertex 10.1642 121.667 0
      vertex 10.3268 121.643 0
    endloop
  endfacet
  facet normal -0.803201 -0.595708 0
    outer loop
      vertex 11.3927 120.931 0
      vertex 11.2948 121.063 4.2
      vertex 11.2948 121.063 0
    endloop
  endfacet
  facet normal -0.803201 -0.595708 0
    outer loop
      vertex 11.2948 121.063 4.2
      vertex 11.3927 120.931 0
      vertex 11.3927 120.931 4.2
    endloop
  endfacet
  facet normal 0.511832 -0.859086 0
    outer loop
      vertex 9.06942 121.393 0
      vertex 9.21041 121.477 4.2
      vertex 9.06942 121.393 4.2
    endloop
  endfacet
  facet normal 0.511832 -0.859086 0
    outer loop
      vertex 9.21041 121.477 4.2
      vertex 9.06942 121.393 0
      vertex 9.21041 121.477 0
    endloop
  endfacet
  facet normal -0.511805 -0.859102 0
    outer loop
      vertex 10.7896 121.477 0
      vertex 10.9306 121.393 4.2
      vertex 10.7896 121.477 4.2
    endloop
  endfacet
  facet normal -0.511805 -0.859102 -0
    outer loop
      vertex 10.9306 121.393 4.2
      vertex 10.7896 121.477 0
      vertex 10.9306 121.393 0
    endloop
  endfacet
  facet normal -0.673578 -0.739116 0
    outer loop
      vertex 11.0626 121.295 0
      vertex 11.1844 121.184 4.2
      vertex 11.0626 121.295 4.2
    endloop
  endfacet
  facet normal -0.673578 -0.739116 -0
    outer loop
      vertex 11.1844 121.184 4.2
      vertex 11.0626 121.295 0
      vertex 11.1844 121.184 0
    endloop
  endfacet
  facet normal 0.941698 0.33646 0
    outer loop
      vertex 8.4525 119.359 4.2
      vertex 8.39712 119.514 0
      vertex 8.39712 119.514 4.2
    endloop
  endfacet
  facet normal 0.941698 0.33646 0
    outer loop
      vertex 8.39712 119.514 0
      vertex 8.4525 119.359 4.2
      vertex 8.4525 119.359 0
    endloop
  endfacet
  facet normal -0.998783 0.0493301 0
    outer loop
      vertex 11.6669 119.836 0
      vertex 11.675 120 4.2
      vertex 11.675 120 0
    endloop
  endfacet
  facet normal -0.998783 0.0493301 0
    outer loop
      vertex 11.675 120 4.2
      vertex 11.6669 119.836 0
      vertex 11.6669 119.836 4.2
    endloop
  endfacet
  facet normal 0.431135 -0.902287 0
    outer loop
      vertex 9.21041 121.477 0
      vertex 9.359 121.548 4.2
      vertex 9.21041 121.477 4.2
    endloop
  endfacet
  facet normal 0.431135 -0.902287 0
    outer loop
      vertex 9.359 121.548 4.2
      vertex 9.21041 121.477 0
      vertex 9.359 121.548 0
    endloop
  endfacet
  facet normal -0.904392 0.426703 0
    outer loop
      vertex 11.4772 119.21 0
      vertex 11.5475 119.359 4.2
      vertex 11.5475 119.359 0
    endloop
  endfacet
  facet normal -0.904392 0.426703 0
    outer loop
      vertex 11.5475 119.359 4.2
      vertex 11.4772 119.21 0
      vertex 11.4772 119.21 4.2
    endloop
  endfacet
  facet normal 0.596013 0.802975 -0
    outer loop
      vertex 9.06942 118.607 0
      vertex 8.93739 118.705 4.2
      vertex 9.06942 118.607 4.2
    endloop
  endfacet
  facet normal 0.596013 0.802975 0
    outer loop
      vertex 8.93739 118.705 4.2
      vertex 9.06942 118.607 0
      vertex 8.93739 118.705 0
    endloop
  endfacet
  facet normal 0.803143 -0.595786 0
    outer loop
      vertex 8.60729 120.931 4.2
      vertex 8.70521 121.063 0
      vertex 8.70521 121.063 4.2
    endloop
  endfacet
  facet normal 0.803143 -0.595786 0
    outer loop
      vertex 8.70521 121.063 0
      vertex 8.60729 120.931 4.2
      vertex 8.60729 120.931 0
    endloop
  endfacet
  facet normal 0.941698 -0.33646 0
    outer loop
      vertex 8.39712 120.486 4.2
      vertex 8.4525 120.641 0
      vertex 8.4525 120.641 4.2
    endloop
  endfacet
  facet normal 0.941698 -0.33646 0
    outer loop
      vertex 8.4525 120.641 0
      vertex 8.39712 120.486 4.2
      vertex 8.39712 120.486 0
    endloop
  endfacet
  facet normal -0.857761 -0.514048 0
    outer loop
      vertex 11.4772 120.79 0
      vertex 11.3927 120.931 4.2
      vertex 11.3927 120.931 0
    endloop
  endfacet
  facet normal -0.857761 -0.514048 0
    outer loop
      vertex 11.3927 120.931 4.2
      vertex 11.4772 120.79 0
      vertex 11.4772 120.79 4.2
    endloop
  endfacet
  facet normal -0.941659 -0.336567 0
    outer loop
      vertex 11.6029 120.486 0
      vertex 11.5475 120.641 4.2
      vertex 11.5475 120.641 0
    endloop
  endfacet
  facet normal -0.941659 -0.336567 0
    outer loop
      vertex 11.5475 120.641 4.2
      vertex 11.6029 120.486 0
      vertex 11.6029 120.486 4.2
    endloop
  endfacet
  facet normal 0.673609 0.739088 -0
    outer loop
      vertex 8.93739 118.705 0
      vertex 8.8156 118.816 4.2
      vertex 8.93739 118.705 4.2
    endloop
  endfacet
  facet normal 0.673609 0.739088 0
    outer loop
      vertex 8.8156 118.816 4.2
      vertex 8.93739 118.705 0
      vertex 8.8156 118.816 0
    endloop
  endfacet
  facet normal -0.969927 0.243397 0
    outer loop
      vertex 11.6029 119.514 0
      vertex 11.6428 119.673 4.2
      vertex 11.6428 119.673 0
    endloop
  endfacet
  facet normal -0.969927 0.243397 0
    outer loop
      vertex 11.6428 119.673 4.2
      vertex 11.6029 119.514 0
      vertex 11.6029 119.514 4.2
    endloop
  endfacet
  facet normal -0.989246 0.146263 0
    outer loop
      vertex 11.6428 119.673 0
      vertex 11.6669 119.836 4.2
      vertex 11.6669 119.836 0
    endloop
  endfacet
  facet normal -0.989246 0.146263 0
    outer loop
      vertex 11.6669 119.836 4.2
      vertex 11.6428 119.673 0
      vertex 11.6428 119.673 4.2
    endloop
  endfacet
  facet normal 0.511832 0.859086 -0
    outer loop
      vertex 9.21041 118.523 0
      vertex 9.06942 118.607 4.2
      vertex 9.21041 118.523 4.2
    endloop
  endfacet
  facet normal 0.511832 0.859086 0
    outer loop
      vertex 9.06942 118.607 4.2
      vertex 9.21041 118.523 0
      vertex 9.06942 118.607 0
    endloop
  endfacet
  facet normal -0.334793 -0.942292 0
    outer loop
      vertex 10.4862 121.603 0
      vertex 10.641 121.548 4.2
      vertex 10.4862 121.603 4.2
    endloop
  endfacet
  facet normal -0.334793 -0.942292 -0
    outer loop
      vertex 10.641 121.548 4.2
      vertex 10.4862 121.603 0
      vertex 10.641 121.548 0
    endloop
  endfacet
  facet normal 0.334851 -0.942271 0
    outer loop
      vertex 9.359 121.548 0
      vertex 9.51377 121.603 4.2
      vertex 9.359 121.548 4.2
    endloop
  endfacet
  facet normal 0.334851 -0.942271 0
    outer loop
      vertex 9.51377 121.603 4.2
      vertex 9.359 121.548 0
      vertex 9.51377 121.603 0
    endloop
  endfacet
  facet normal -0.146019 0.989282 0
    outer loop
      vertex 10.3268 118.357 0
      vertex 10.1642 118.333 4.2
      vertex 10.3268 118.357 4.2
    endloop
  endfacet
  facet normal -0.146019 0.989282 0
    outer loop
      vertex 10.1642 118.333 4.2
      vertex 10.3268 118.357 0
      vertex 10.1642 118.333 0
    endloop
  endfacet
  facet normal -0.857761 0.514048 0
    outer loop
      vertex 11.3927 119.069 0
      vertex 11.4772 119.21 4.2
      vertex 11.4772 119.21 0
    endloop
  endfacet
  facet normal -0.857761 0.514048 0
    outer loop
      vertex 11.4772 119.21 4.2
      vertex 11.3927 119.069 0
      vertex 11.3927 119.069 4.2
    endloop
  endfacet
  facet normal 0.0486693 -0.998815 0
    outer loop
      vertex 9.83582 121.667 0
      vertex 10 121.675 4.2
      vertex 9.83582 121.667 4.2
    endloop
  endfacet
  facet normal 0.0486693 -0.998815 0
    outer loop
      vertex 10 121.675 4.2
      vertex 9.83582 121.667 0
      vertex 10 121.675 0
    endloop
  endfacet
  facet normal 0.998792 0.0491479 0
    outer loop
      vertex 8.33307 119.836 4.2
      vertex 8.325 120 0
      vertex 8.325 120 4.2
    endloop
  endfacet
  facet normal 0.998792 0.0491479 0
    outer loop
      vertex 8.325 120 0
      vertex 8.33307 119.836 4.2
      vertex 8.33307 119.836 0
    endloop
  endfacet
  facet normal -0.941659 0.336567 0
    outer loop
      vertex 11.5475 119.359 0
      vertex 11.6029 119.514 4.2
      vertex 11.6029 119.514 0
    endloop
  endfacet
  facet normal -0.941659 0.336567 0
    outer loop
      vertex 11.6029 119.514 4.2
      vertex 11.5475 119.359 0
      vertex 11.5475 119.359 4.2
    endloop
  endfacet
  facet normal -0.431112 -0.902299 0
    outer loop
      vertex 10.641 121.548 0
      vertex 10.7896 121.477 4.2
      vertex 10.641 121.548 4.2
    endloop
  endfacet
  facet normal -0.431112 -0.902299 -0
    outer loop
      vertex 10.7896 121.477 4.2
      vertex 10.641 121.548 0
      vertex 10.7896 121.477 0
    endloop
  endfacet
  facet normal -0.738723 -0.674009 0
    outer loop
      vertex 11.2948 121.063 0
      vertex 11.1844 121.184 4.2
      vertex 11.1844 121.184 0
    endloop
  endfacet
  facet normal -0.738723 -0.674009 0
    outer loop
      vertex 11.1844 121.184 4.2
      vertex 11.2948 121.063 0
      vertex 11.2948 121.063 4.2
    endloop
  endfacet
  facet normal -0.0486633 -0.998815 0
    outer loop
      vertex 10 121.675 0
      vertex 10.1642 121.667 4.2
      vertex 10 121.675 4.2
    endloop
  endfacet
  facet normal -0.0486633 -0.998815 -0
    outer loop
      vertex 10.1642 121.667 4.2
      vertex 10 121.675 0
      vertex 10.1642 121.667 0
    endloop
  endfacet
  facet normal 0.857734 0.514093 0
    outer loop
      vertex 8.60729 119.069 4.2
      vertex 8.52278 119.21 0
      vertex 8.52278 119.21 4.2
    endloop
  endfacet
  facet normal 0.857734 0.514093 0
    outer loop
      vertex 8.52278 119.21 0
      vertex 8.60729 119.069 4.2
      vertex 8.60729 119.069 0
    endloop
  endfacet
  facet normal 0.146019 0.989282 -0
    outer loop
      vertex 9.83582 118.333 0
      vertex 9.67322 118.357 4.2
      vertex 9.83582 118.333 4.2
    endloop
  endfacet
  facet normal 0.146019 0.989282 0
    outer loop
      vertex 9.67322 118.357 4.2
      vertex 9.83582 118.333 0
      vertex 9.67322 118.357 0
    endloop
  endfacet
  facet normal -0.673578 0.739116 0
    outer loop
      vertex 11.1844 118.816 0
      vertex 11.0626 118.705 4.2
      vertex 11.1844 118.816 4.2
    endloop
  endfacet
  facet normal -0.673578 0.739116 0
    outer loop
      vertex 11.0626 118.705 4.2
      vertex 11.1844 118.816 0
      vertex 11.0626 118.705 0
    endloop
  endfacet
  facet normal 0.0486693 0.998815 -0
    outer loop
      vertex 10 118.325 0
      vertex 9.83582 118.333 4.2
      vertex 10 118.325 4.2
    endloop
  endfacet
  facet normal 0.0486693 0.998815 0
    outer loop
      vertex 9.83582 118.333 4.2
      vertex 10 118.325 0
      vertex 9.83582 118.333 0
    endloop
  endfacet
  facet normal 0.738754 -0.673975 0
    outer loop
      vertex 8.70521 121.063 4.2
      vertex 8.8156 121.184 0
      vertex 8.8156 121.184 4.2
    endloop
  endfacet
  facet normal 0.738754 -0.673975 0
    outer loop
      vertex 8.8156 121.184 0
      vertex 8.70521 121.063 4.2
      vertex 8.70521 121.063 0
    endloop
  endfacet
  facet normal 0.146019 -0.989282 0
    outer loop
      vertex 9.67322 121.643 0
      vertex 9.83582 121.667 4.2
      vertex 9.67322 121.643 4.2
    endloop
  endfacet
  facet normal 0.146019 -0.989282 0
    outer loop
      vertex 9.83582 121.667 4.2
      vertex 9.67322 121.643 0
      vertex 9.83582 121.667 0
    endloop
  endfacet
  facet normal 0.904439 -0.426604 0
    outer loop
      vertex 8.4525 120.641 4.2
      vertex 8.52278 120.79 0
      vertex 8.52278 120.79 4.2
    endloop
  endfacet
  facet normal 0.904439 -0.426604 0
    outer loop
      vertex 8.52278 120.79 0
      vertex 8.4525 120.641 4.2
      vertex 8.4525 120.641 0
    endloop
  endfacet
  facet normal 0.969869 -0.243626 0
    outer loop
      vertex 8.35718 120.327 4.2
      vertex 8.39712 120.486 0
      vertex 8.39712 120.486 4.2
    endloop
  endfacet
  facet normal 0.969869 -0.243626 0
    outer loop
      vertex 8.39712 120.486 0
      vertex 8.35718 120.327 4.2
      vertex 8.35718 120.327 0
    endloop
  endfacet
  facet normal -0.243395 -0.969927 0
    outer loop
      vertex 10.3268 121.643 0
      vertex 10.4862 121.603 4.2
      vertex 10.3268 121.643 4.2
    endloop
  endfacet
  facet normal -0.243395 -0.969927 -0
    outer loop
      vertex 10.4862 121.603 4.2
      vertex 10.3268 121.643 0
      vertex 10.4862 121.603 0
    endloop
  endfacet
  facet normal 0.969869 0.243626 0
    outer loop
      vertex 8.39712 119.514 4.2
      vertex 8.35718 119.673 0
      vertex 8.35718 119.673 4.2
    endloop
  endfacet
  facet normal 0.969869 0.243626 0
    outer loop
      vertex 8.35718 119.673 0
      vertex 8.39712 119.514 4.2
      vertex 8.39712 119.514 0
    endloop
  endfacet
  facet normal 0.431135 0.902287 -0
    outer loop
      vertex 9.359 118.452 0
      vertex 9.21041 118.523 4.2
      vertex 9.359 118.452 4.2
    endloop
  endfacet
  facet normal 0.431135 0.902287 0
    outer loop
      vertex 9.21041 118.523 4.2
      vertex 9.359 118.452 0
      vertex 9.21041 118.523 0
    endloop
  endfacet
  facet normal 0.738754 0.673975 0
    outer loop
      vertex 8.8156 118.816 4.2
      vertex 8.70521 118.937 0
      vertex 8.70521 118.937 4.2
    endloop
  endfacet
  facet normal 0.738754 0.673975 0
    outer loop
      vertex 8.70521 118.937 0
      vertex 8.8156 118.816 4.2
      vertex 8.8156 118.816 0
    endloop
  endfacet
  facet normal -0.0486633 0.998815 0
    outer loop
      vertex 10.1642 118.333 0
      vertex 10 118.325 4.2
      vertex 10.1642 118.333 4.2
    endloop
  endfacet
  facet normal -0.0486633 0.998815 0
    outer loop
      vertex 10 118.325 4.2
      vertex 10.1642 118.333 0
      vertex 10 118.325 0
    endloop
  endfacet
  facet normal 0.989237 0.146322 0
    outer loop
      vertex 8.35718 119.673 4.2
      vertex 8.33307 119.836 0
      vertex 8.33307 119.836 4.2
    endloop
  endfacet
  facet normal 0.989237 0.146322 0
    outer loop
      vertex 8.33307 119.836 0
      vertex 8.35718 119.673 4.2
      vertex 8.35718 119.673 0
    endloop
  endfacet
  facet normal -0.5961 0.80291 0
    outer loop
      vertex 11.0626 118.705 0
      vertex 10.9306 118.607 4.2
      vertex 11.0626 118.705 4.2
    endloop
  endfacet
  facet normal -0.5961 0.80291 0
    outer loop
      vertex 10.9306 118.607 4.2
      vertex 11.0626 118.705 0
      vertex 10.9306 118.607 0
    endloop
  endfacet
  facet normal 0.803143 0.595786 0
    outer loop
      vertex 8.70521 118.937 4.2
      vertex 8.60729 119.069 0
      vertex 8.60729 119.069 4.2
    endloop
  endfacet
  facet normal 0.803143 0.595786 0
    outer loop
      vertex 8.60729 119.069 0
      vertex 8.70521 118.937 4.2
      vertex 8.70521 118.937 0
    endloop
  endfacet
  facet normal 0.998792 -0.0491479 0
    outer loop
      vertex 8.325 120 4.2
      vertex 8.33307 120.164 0
      vertex 8.33307 120.164 4.2
    endloop
  endfacet
  facet normal 0.998792 -0.0491479 0
    outer loop
      vertex 8.33307 120.164 0
      vertex 8.325 120 4.2
      vertex 8.325 120 0
    endloop
  endfacet
  facet normal -0.738723 0.674009 0
    outer loop
      vertex 11.1844 118.816 0
      vertex 11.2948 118.937 4.2
      vertex 11.2948 118.937 0
    endloop
  endfacet
  facet normal -0.738723 0.674009 0
    outer loop
      vertex 11.2948 118.937 4.2
      vertex 11.1844 118.816 0
      vertex 11.1844 118.816 4.2
    endloop
  endfacet
  facet normal -0.989333 -0.145669 0
    outer loop
      vertex 111.667 120.164 0
      vertex 111.643 120.327 4.2
      vertex 111.643 120.327 0
    endloop
  endfacet
  facet normal -0.989333 -0.145669 0
    outer loop
      vertex 111.643 120.327 4.2
      vertex 111.667 120.164 0
      vertex 111.667 120.164 4.2
    endloop
  endfacet
  facet normal -0.998812 -0.0487226 0
    outer loop
      vertex 111.675 120 0
      vertex 111.667 120.164 4.2
      vertex 111.667 120.164 0
    endloop
  endfacet
  facet normal -0.998812 -0.0487226 0
    outer loop
      vertex 111.667 120.164 4.2
      vertex 111.675 120 0
      vertex 111.675 120 4.2
    endloop
  endfacet
  facet normal -0.969783 -0.24397 0
    outer loop
      vertex 111.643 120.327 0
      vertex 111.603 120.486 4.2
      vertex 111.603 120.486 0
    endloop
  endfacet
  facet normal -0.969783 -0.24397 0
    outer loop
      vertex 111.603 120.486 4.2
      vertex 111.643 120.327 0
      vertex 111.643 120.327 4.2
    endloop
  endfacet
  facet normal 0.24397 -0.969783 0
    outer loop
      vertex 109.514 121.603 0
      vertex 109.673 121.643 4.2
      vertex 109.514 121.603 4.2
    endloop
  endfacet
  facet normal 0.24397 -0.969783 0
    outer loop
      vertex 109.673 121.643 4.2
      vertex 109.514 121.603 0
      vertex 109.673 121.643 0
    endloop
  endfacet
  facet normal 0.902748 0.430169 0
    outer loop
      vertex 108.523 119.21 4.2
      vertex 108.452 119.359 0
      vertex 108.452 119.359 4.2
    endloop
  endfacet
  facet normal 0.902748 0.430169 0
    outer loop
      vertex 108.452 119.359 0
      vertex 108.523 119.21 4.2
      vertex 108.523 119.21 0
    endloop
  endfacet
  facet normal -0.430169 0.902748 0
    outer loop
      vertex 110.79 118.523 0
      vertex 110.641 118.452 4.2
      vertex 110.79 118.523 4.2
    endloop
  endfacet
  facet normal -0.430169 0.902748 0
    outer loop
      vertex 110.641 118.452 4.2
      vertex 110.79 118.523 0
      vertex 110.641 118.452 0
    endloop
  endfacet
  facet normal 0.24397 0.969783 -0
    outer loop
      vertex 109.673 118.357 0
      vertex 109.514 118.397 4.2
      vertex 109.673 118.357 4.2
    endloop
  endfacet
  facet normal 0.24397 0.969783 0
    outer loop
      vertex 109.514 118.397 4.2
      vertex 109.673 118.357 0
      vertex 109.514 118.397 0
    endloop
  endfacet
  facet normal -0.511805 0.859102 0
    outer loop
      vertex 110.931 118.607 0
      vertex 110.79 118.523 4.2
      vertex 110.931 118.607 4.2
    endloop
  endfacet
  facet normal -0.511805 0.859102 0
    outer loop
      vertex 110.79 118.523 4.2
      vertex 110.931 118.607 0
      vertex 110.79 118.523 0
    endloop
  endfacet
  facet normal 0.33441 0.942428 -0
    outer loop
      vertex 109.514 118.397 0
      vertex 109.359 118.452 4.2
      vertex 109.514 118.397 4.2
    endloop
  endfacet
  facet normal 0.33441 0.942428 0
    outer loop
      vertex 109.359 118.452 4.2
      vertex 109.514 118.397 0
      vertex 109.359 118.452 0
    endloop
  endfacet
  facet normal -0.33441 0.942428 0
    outer loop
      vertex 110.641 118.452 0
      vertex 110.486 118.397 4.2
      vertex 110.641 118.452 4.2
    endloop
  endfacet
  facet normal -0.33441 0.942428 0
    outer loop
      vertex 110.486 118.397 4.2
      vertex 110.641 118.452 0
      vertex 110.486 118.397 0
    endloop
  endfacet
  facet normal 0.676 -0.736901 0
    outer loop
      vertex 108.816 121.184 0
      vertex 108.937 121.295 4.2
      vertex 108.816 121.184 4.2
    endloop
  endfacet
  facet normal 0.676 -0.736901 0
    outer loop
      vertex 108.937 121.295 4.2
      vertex 108.816 121.184 0
      vertex 108.937 121.295 0
    endloop
  endfacet
  facet normal -0.24397 0.969783 0
    outer loop
      vertex 110.486 118.397 0
      vertex 110.327 118.357 4.2
      vertex 110.486 118.397 4.2
    endloop
  endfacet
  facet normal -0.24397 0.969783 0
    outer loop
      vertex 110.327 118.357 4.2
      vertex 110.486 118.397 0
      vertex 110.327 118.357 0
    endloop
  endfacet
  facet normal 0.859102 -0.511805 0
    outer loop
      vertex 108.523 120.79 4.2
      vertex 108.607 120.931 0
      vertex 108.607 120.931 4.2
    endloop
  endfacet
  facet normal 0.859102 -0.511805 0
    outer loop
      vertex 108.607 120.931 0
      vertex 108.523 120.79 4.2
      vertex 108.523 120.79 0
    endloop
  endfacet
  facet normal 0.989333 -0.145669 0
    outer loop
      vertex 108.333 120.164 4.2
      vertex 108.357 120.327 0
      vertex 108.357 120.327 4.2
    endloop
  endfacet
  facet normal 0.989333 -0.145669 0
    outer loop
      vertex 108.357 120.327 0
      vertex 108.333 120.164 4.2
      vertex 108.333 120.164 0
    endloop
  endfacet
  facet normal -0.902748 -0.430169 0
    outer loop
      vertex 111.548 120.641 0
      vertex 111.477 120.79 4.2
      vertex 111.477 120.79 0
    endloop
  endfacet
  facet normal -0.902748 -0.430169 0
    outer loop
      vertex 111.477 120.79 4.2
      vertex 111.548 120.641 0
      vertex 111.548 120.641 4.2
    endloop
  endfacet
  facet normal -0.80291 0.5961 0
    outer loop
      vertex 111.295 118.937 0
      vertex 111.393 119.069 4.2
      vertex 111.393 119.069 0
    endloop
  endfacet
  facet normal -0.80291 0.5961 0
    outer loop
      vertex 111.393 119.069 4.2
      vertex 111.295 118.937 0
      vertex 111.295 118.937 4.2
    endloop
  endfacet
  facet normal 0.5961 -0.80291 0
    outer loop
      vertex 108.937 121.295 0
      vertex 109.069 121.393 4.2
      vertex 108.937 121.295 4.2
    endloop
  endfacet
  facet normal 0.5961 -0.80291 0
    outer loop
      vertex 109.069 121.393 4.2
      vertex 108.937 121.295 0
      vertex 109.069 121.393 0
    endloop
  endfacet
  facet normal -0.5961 -0.80291 0
    outer loop
      vertex 110.931 121.393 0
      vertex 111.063 121.295 4.2
      vertex 110.931 121.393 4.2
    endloop
  endfacet
  facet normal -0.5961 -0.80291 -0
    outer loop
      vertex 111.063 121.295 4.2
      vertex 110.931 121.393 0
      vertex 111.063 121.295 0
    endloop
  endfacet
  facet normal -0.145669 -0.989333 0
    outer loop
      vertex 110.164 121.667 0
      vertex 110.327 121.643 4.2
      vertex 110.164 121.667 4.2
    endloop
  endfacet
  facet normal -0.145669 -0.989333 -0
    outer loop
      vertex 110.327 121.643 4.2
      vertex 110.164 121.667 0
      vertex 110.327 121.643 0
    endloop
  endfacet
  facet normal -0.80291 -0.5961 0
    outer loop
      vertex 111.393 120.931 0
      vertex 111.295 121.063 4.2
      vertex 111.295 121.063 0
    endloop
  endfacet
  facet normal -0.80291 -0.5961 0
    outer loop
      vertex 111.295 121.063 4.2
      vertex 111.393 120.931 0
      vertex 111.393 120.931 4.2
    endloop
  endfacet
  facet normal 0.511805 -0.859102 0
    outer loop
      vertex 109.069 121.393 0
      vertex 109.21 121.477 4.2
      vertex 109.069 121.393 4.2
    endloop
  endfacet
  facet normal 0.511805 -0.859102 0
    outer loop
      vertex 109.21 121.477 4.2
      vertex 109.069 121.393 0
      vertex 109.21 121.477 0
    endloop
  endfacet
  facet normal -0.511805 -0.859102 0
    outer loop
      vertex 110.79 121.477 0
      vertex 110.931 121.393 4.2
      vertex 110.79 121.477 4.2
    endloop
  endfacet
  facet normal -0.511805 -0.859102 -0
    outer loop
      vertex 110.931 121.393 4.2
      vertex 110.79 121.477 0
      vertex 110.931 121.393 0
    endloop
  endfacet
  facet normal -0.676 -0.736901 0
    outer loop
      vertex 111.063 121.295 0
      vertex 111.184 121.184 4.2
      vertex 111.063 121.295 4.2
    endloop
  endfacet
  facet normal -0.676 -0.736901 -0
    outer loop
      vertex 111.184 121.184 4.2
      vertex 111.063 121.295 0
      vertex 111.184 121.184 0
    endloop
  endfacet
  facet normal 0.942428 0.33441 0
    outer loop
      vertex 108.452 119.359 4.2
      vertex 108.397 119.514 0
      vertex 108.397 119.514 4.2
    endloop
  endfacet
  facet normal 0.942428 0.33441 0
    outer loop
      vertex 108.397 119.514 0
      vertex 108.452 119.359 4.2
      vertex 108.452 119.359 0
    endloop
  endfacet
  facet normal -0.998812 0.0487226 0
    outer loop
      vertex 111.667 119.836 0
      vertex 111.675 120 4.2
      vertex 111.675 120 0
    endloop
  endfacet
  facet normal -0.998812 0.0487226 0
    outer loop
      vertex 111.675 120 4.2
      vertex 111.667 119.836 0
      vertex 111.667 119.836 4.2
    endloop
  endfacet
  facet normal 0.430169 -0.902748 0
    outer loop
      vertex 109.21 121.477 0
      vertex 109.359 121.548 4.2
      vertex 109.21 121.477 4.2
    endloop
  endfacet
  facet normal 0.430169 -0.902748 0
    outer loop
      vertex 109.359 121.548 4.2
      vertex 109.21 121.477 0
      vertex 109.359 121.548 0
    endloop
  endfacet
  facet normal -0.902748 0.430169 0
    outer loop
      vertex 111.477 119.21 0
      vertex 111.548 119.359 4.2
      vertex 111.548 119.359 0
    endloop
  endfacet
  facet normal -0.902748 0.430169 0
    outer loop
      vertex 111.548 119.359 4.2
      vertex 111.477 119.21 0
      vertex 111.477 119.21 4.2
    endloop
  endfacet
  facet normal 0.5961 0.80291 -0
    outer loop
      vertex 109.069 118.607 0
      vertex 108.937 118.705 4.2
      vertex 109.069 118.607 4.2
    endloop
  endfacet
  facet normal 0.5961 0.80291 0
    outer loop
      vertex 108.937 118.705 4.2
      vertex 109.069 118.607 0
      vertex 108.937 118.705 0
    endloop
  endfacet
  facet normal 0.80291 -0.5961 0
    outer loop
      vertex 108.607 120.931 4.2
      vertex 108.705 121.063 0
      vertex 108.705 121.063 4.2
    endloop
  endfacet
  facet normal 0.80291 -0.5961 0
    outer loop
      vertex 108.705 121.063 0
      vertex 108.607 120.931 4.2
      vertex 108.607 120.931 0
    endloop
  endfacet
  facet normal 0.942428 -0.33441 0
    outer loop
      vertex 108.397 120.486 4.2
      vertex 108.452 120.641 0
      vertex 108.452 120.641 4.2
    endloop
  endfacet
  facet normal 0.942428 -0.33441 0
    outer loop
      vertex 108.452 120.641 0
      vertex 108.397 120.486 4.2
      vertex 108.397 120.486 0
    endloop
  endfacet
  facet normal -0.942428 -0.33441 0
    outer loop
      vertex 111.603 120.486 0
      vertex 111.548 120.641 4.2
      vertex 111.548 120.641 0
    endloop
  endfacet
  facet normal -0.942428 -0.33441 0
    outer loop
      vertex 111.548 120.641 4.2
      vertex 111.603 120.486 0
      vertex 111.603 120.486 4.2
    endloop
  endfacet
  facet normal 0.676 0.736901 -0
    outer loop
      vertex 108.937 118.705 0
      vertex 108.816 118.816 4.2
      vertex 108.937 118.705 4.2
    endloop
  endfacet
  facet normal 0.676 0.736901 0
    outer loop
      vertex 108.816 118.816 4.2
      vertex 108.937 118.705 0
      vertex 108.816 118.816 0
    endloop
  endfacet
  facet normal -0.969783 0.24397 0
    outer loop
      vertex 111.603 119.514 0
      vertex 111.643 119.673 4.2
      vertex 111.643 119.673 0
    endloop
  endfacet
  facet normal -0.969783 0.24397 0
    outer loop
      vertex 111.643 119.673 4.2
      vertex 111.603 119.514 0
      vertex 111.603 119.514 4.2
    endloop
  endfacet
  facet normal -0.989333 0.145669 0
    outer loop
      vertex 111.643 119.673 0
      vertex 111.667 119.836 4.2
      vertex 111.667 119.836 0
    endloop
  endfacet
  facet normal -0.989333 0.145669 0
    outer loop
      vertex 111.667 119.836 4.2
      vertex 111.643 119.673 0
      vertex 111.643 119.673 4.2
    endloop
  endfacet
  facet normal 0.511805 0.859102 -0
    outer loop
      vertex 109.21 118.523 0
      vertex 109.069 118.607 4.2
      vertex 109.21 118.523 4.2
    endloop
  endfacet
  facet normal 0.511805 0.859102 0
    outer loop
      vertex 109.069 118.607 4.2
      vertex 109.21 118.523 0
      vertex 109.069 118.607 0
    endloop
  endfacet
  facet normal -0.33441 -0.942428 0
    outer loop
      vertex 110.486 121.603 0
      vertex 110.641 121.548 4.2
      vertex 110.486 121.603 4.2
    endloop
  endfacet
  facet normal -0.33441 -0.942428 -0
    outer loop
      vertex 110.641 121.548 4.2
      vertex 110.486 121.603 0
      vertex 110.641 121.548 0
    endloop
  endfacet
  facet normal 0.33441 -0.942428 0
    outer loop
      vertex 109.359 121.548 0
      vertex 109.514 121.603 4.2
      vertex 109.359 121.548 4.2
    endloop
  endfacet
  facet normal 0.33441 -0.942428 0
    outer loop
      vertex 109.514 121.603 4.2
      vertex 109.359 121.548 0
      vertex 109.514 121.603 0
    endloop
  endfacet
  facet normal -0.145669 0.989333 0
    outer loop
      vertex 110.327 118.357 0
      vertex 110.164 118.333 4.2
      vertex 110.327 118.357 4.2
    endloop
  endfacet
  facet normal -0.145669 0.989333 0
    outer loop
      vertex 110.164 118.333 4.2
      vertex 110.327 118.357 0
      vertex 110.164 118.333 0
    endloop
  endfacet
  facet normal -0.859102 0.511805 0
    outer loop
      vertex 111.393 119.069 0
      vertex 111.477 119.21 4.2
      vertex 111.477 119.21 0
    endloop
  endfacet
  facet normal -0.859102 0.511805 0
    outer loop
      vertex 111.477 119.21 4.2
      vertex 111.393 119.069 0
      vertex 111.393 119.069 4.2
    endloop
  endfacet
  facet normal 0.0487226 -0.998812 0
    outer loop
      vertex 109.836 121.667 0
      vertex 110 121.675 4.2
      vertex 109.836 121.667 4.2
    endloop
  endfacet
  facet normal 0.0487226 -0.998812 0
    outer loop
      vertex 110 121.675 4.2
      vertex 109.836 121.667 0
      vertex 110 121.675 0
    endloop
  endfacet
  facet normal 0.998812 0.0487226 0
    outer loop
      vertex 108.333 119.836 4.2
      vertex 108.325 120 0
      vertex 108.325 120 4.2
    endloop
  endfacet
  facet normal 0.998812 0.0487226 0
    outer loop
      vertex 108.325 120 0
      vertex 108.333 119.836 4.2
      vertex 108.333 119.836 0
    endloop
  endfacet
  facet normal -0.942428 0.33441 0
    outer loop
      vertex 111.548 119.359 0
      vertex 111.603 119.514 4.2
      vertex 111.603 119.514 0
    endloop
  endfacet
  facet normal -0.942428 0.33441 0
    outer loop
      vertex 111.603 119.514 4.2
      vertex 111.548 119.359 0
      vertex 111.548 119.359 4.2
    endloop
  endfacet
  facet normal -0.430169 -0.902748 0
    outer loop
      vertex 110.641 121.548 0
      vertex 110.79 121.477 4.2
      vertex 110.641 121.548 4.2
    endloop
  endfacet
  facet normal -0.430169 -0.902748 -0
    outer loop
      vertex 110.79 121.477 4.2
      vertex 110.641 121.548 0
      vertex 110.79 121.477 0
    endloop
  endfacet
  facet normal -0.736901 -0.676 0
    outer loop
      vertex 111.295 121.063 0
      vertex 111.184 121.184 4.2
      vertex 111.184 121.184 0
    endloop
  endfacet
  facet normal -0.736901 -0.676 0
    outer loop
      vertex 111.184 121.184 4.2
      vertex 111.295 121.063 0
      vertex 111.295 121.063 4.2
    endloop
  endfacet
  facet normal -0.0487226 -0.998812 0
    outer loop
      vertex 110 121.675 0
      vertex 110.164 121.667 4.2
      vertex 110 121.675 4.2
    endloop
  endfacet
  facet normal -0.0487226 -0.998812 -0
    outer loop
      vertex 110.164 121.667 4.2
      vertex 110 121.675 0
      vertex 110.164 121.667 0
    endloop
  endfacet
  facet normal 0.859102 0.511805 0
    outer loop
      vertex 108.607 119.069 4.2
      vertex 108.523 119.21 0
      vertex 108.523 119.21 4.2
    endloop
  endfacet
  facet normal 0.859102 0.511805 0
    outer loop
      vertex 108.523 119.21 0
      vertex 108.607 119.069 4.2
      vertex 108.607 119.069 0
    endloop
  endfacet
  facet normal -0.859102 -0.511805 0
    outer loop
      vertex 111.477 120.79 0
      vertex 111.393 120.931 4.2
      vertex 111.393 120.931 0
    endloop
  endfacet
  facet normal -0.859102 -0.511805 0
    outer loop
      vertex 111.393 120.931 4.2
      vertex 111.477 120.79 0
      vertex 111.477 120.79 4.2
    endloop
  endfacet
  facet normal 0.145669 0.989333 -0
    outer loop
      vertex 109.836 118.333 0
      vertex 109.673 118.357 4.2
      vertex 109.836 118.333 4.2
    endloop
  endfacet
  facet normal 0.145669 0.989333 0
    outer loop
      vertex 109.673 118.357 4.2
      vertex 109.836 118.333 0
      vertex 109.673 118.357 0
    endloop
  endfacet
  facet normal -0.676 0.736901 0
    outer loop
      vertex 111.184 118.816 0
      vertex 111.063 118.705 4.2
      vertex 111.184 118.816 4.2
    endloop
  endfacet
  facet normal -0.676 0.736901 0
    outer loop
      vertex 111.063 118.705 4.2
      vertex 111.184 118.816 0
      vertex 111.063 118.705 0
    endloop
  endfacet
  facet normal 0.0487226 0.998812 -0
    outer loop
      vertex 110 118.325 0
      vertex 109.836 118.333 4.2
      vertex 110 118.325 4.2
    endloop
  endfacet
  facet normal 0.0487226 0.998812 0
    outer loop
      vertex 109.836 118.333 4.2
      vertex 110 118.325 0
      vertex 109.836 118.333 0
    endloop
  endfacet
  facet normal 0.736901 -0.676 0
    outer loop
      vertex 108.705 121.063 4.2
      vertex 108.816 121.184 0
      vertex 108.816 121.184 4.2
    endloop
  endfacet
  facet normal 0.736901 -0.676 0
    outer loop
      vertex 108.816 121.184 0
      vertex 108.705 121.063 4.2
      vertex 108.705 121.063 0
    endloop
  endfacet
  facet normal 0.145669 -0.989333 0
    outer loop
      vertex 109.673 121.643 0
      vertex 109.836 121.667 4.2
      vertex 109.673 121.643 4.2
    endloop
  endfacet
  facet normal 0.145669 -0.989333 0
    outer loop
      vertex 109.836 121.667 4.2
      vertex 109.673 121.643 0
      vertex 109.836 121.667 0
    endloop
  endfacet
  facet normal 0.902748 -0.430169 0
    outer loop
      vertex 108.452 120.641 4.2
      vertex 108.523 120.79 0
      vertex 108.523 120.79 4.2
    endloop
  endfacet
  facet normal 0.902748 -0.430169 0
    outer loop
      vertex 108.523 120.79 0
      vertex 108.452 120.641 4.2
      vertex 108.452 120.641 0
    endloop
  endfacet
  facet normal 0.969783 -0.24397 0
    outer loop
      vertex 108.357 120.327 4.2
      vertex 108.397 120.486 0
      vertex 108.397 120.486 4.2
    endloop
  endfacet
  facet normal 0.969783 -0.24397 0
    outer loop
      vertex 108.397 120.486 0
      vertex 108.357 120.327 4.2
      vertex 108.357 120.327 0
    endloop
  endfacet
  facet normal -0.24397 -0.969783 0
    outer loop
      vertex 110.327 121.643 0
      vertex 110.486 121.603 4.2
      vertex 110.327 121.643 4.2
    endloop
  endfacet
  facet normal -0.24397 -0.969783 -0
    outer loop
      vertex 110.486 121.603 4.2
      vertex 110.327 121.643 0
      vertex 110.486 121.603 0
    endloop
  endfacet
  facet normal 0.969783 0.24397 0
    outer loop
      vertex 108.397 119.514 4.2
      vertex 108.357 119.673 0
      vertex 108.357 119.673 4.2
    endloop
  endfacet
  facet normal 0.969783 0.24397 0
    outer loop
      vertex 108.357 119.673 0
      vertex 108.397 119.514 4.2
      vertex 108.397 119.514 0
    endloop
  endfacet
  facet normal 0.430169 0.902748 -0
    outer loop
      vertex 109.359 118.452 0
      vertex 109.21 118.523 4.2
      vertex 109.359 118.452 4.2
    endloop
  endfacet
  facet normal 0.430169 0.902748 0
    outer loop
      vertex 109.21 118.523 4.2
      vertex 109.359 118.452 0
      vertex 109.21 118.523 0
    endloop
  endfacet
  facet normal 0.736901 0.676 0
    outer loop
      vertex 108.816 118.816 4.2
      vertex 108.705 118.937 0
      vertex 108.705 118.937 4.2
    endloop
  endfacet
  facet normal 0.736901 0.676 0
    outer loop
      vertex 108.705 118.937 0
      vertex 108.816 118.816 4.2
      vertex 108.816 118.816 0
    endloop
  endfacet
  facet normal -0.0487226 0.998812 0
    outer loop
      vertex 110.164 118.333 0
      vertex 110 118.325 4.2
      vertex 110.164 118.333 4.2
    endloop
  endfacet
  facet normal -0.0487226 0.998812 0
    outer loop
      vertex 110 118.325 4.2
      vertex 110.164 118.333 0
      vertex 110 118.325 0
    endloop
  endfacet
  facet normal 0.989333 0.145669 0
    outer loop
      vertex 108.357 119.673 4.2
      vertex 108.333 119.836 0
      vertex 108.333 119.836 4.2
    endloop
  endfacet
  facet normal 0.989333 0.145669 0
    outer loop
      vertex 108.333 119.836 0
      vertex 108.357 119.673 4.2
      vertex 108.357 119.673 0
    endloop
  endfacet
  facet normal -0.5961 0.80291 0
    outer loop
      vertex 111.063 118.705 0
      vertex 110.931 118.607 4.2
      vertex 111.063 118.705 4.2
    endloop
  endfacet
  facet normal -0.5961 0.80291 0
    outer loop
      vertex 110.931 118.607 4.2
      vertex 111.063 118.705 0
      vertex 110.931 118.607 0
    endloop
  endfacet
  facet normal 0.80291 0.5961 0
    outer loop
      vertex 108.705 118.937 4.2
      vertex 108.607 119.069 0
      vertex 108.607 119.069 4.2
    endloop
  endfacet
  facet normal 0.80291 0.5961 0
    outer loop
      vertex 108.607 119.069 0
      vertex 108.705 118.937 4.2
      vertex 108.705 118.937 0
    endloop
  endfacet
  facet normal 0.998812 -0.0487226 0
    outer loop
      vertex 108.325 120 4.2
      vertex 108.333 120.164 0
      vertex 108.333 120.164 4.2
    endloop
  endfacet
  facet normal 0.998812 -0.0487226 0
    outer loop
      vertex 108.333 120.164 0
      vertex 108.325 120 4.2
      vertex 108.325 120 0
    endloop
  endfacet
  facet normal -0.736901 0.676 0
    outer loop
      vertex 111.184 118.816 0
      vertex 111.295 118.937 4.2
      vertex 111.295 118.937 0
    endloop
  endfacet
  facet normal -0.736901 0.676 0
    outer loop
      vertex 111.295 118.937 4.2
      vertex 111.184 118.816 0
      vertex 111.184 118.816 4.2
    endloop
  endfacet
  facet normal -1 0 0
    outer loop
      vertex 104 15 1.1
      vertex 104 41 4.2
      vertex 104 41 1.1
    endloop
  endfacet
  facet normal -1 -0 0
    outer loop
      vertex 104 41 4.2
      vertex 104 15 1.1
      vertex 104 15 4.2
    endloop
  endfacet
  facet normal 1 -0 0
    outer loop
      vertex 24 15 4.2
      vertex 24 41 1.1
      vertex 24 41 4.2
    endloop
  endfacet
  facet normal 1 0 0
    outer loop
      vertex 24 41 1.1
      vertex 24 15 4.2
      vertex 24 15 1.1
    endloop
  endfacet
  facet normal 0 -1 0
    outer loop
      vertex 24 41 1.1
      vertex 104 41 4.2
      vertex 24 41 4.2
    endloop
  endfacet
  facet normal 0 -1 -0
    outer loop
      vertex 104 41 4.2
      vertex 24 41 1.1
      vertex 104 41 1.1
    endloop
  endfacet
  facet normal 0 1 -0
    outer loop
      vertex 104 15 1.1
      vertex 24 15 4.2
      vertex 104 15 4.2
    endloop
  endfacet
  facet normal 0 1 0
    outer loop
      vertex 24 15 4.2
      vertex 104 15 1.1
      vertex 24 15 1.1
    endloop
  endfacet
  facet normal -1 0 0
    outer loop
      vertex 107 12 0
      vertex 107 44 1.1
      vertex 107 44 0
    endloop
  endfacet
  facet normal -1 -0 0
    outer loop
      vertex 107 44 1.1
      vertex 107 12 0
      vertex 107 12 1.1
    endloop
  endfacet
  facet normal 0 0 -1
    outer loop
      vertex 107 12 1.1
      vertex 104 15 1.1
      vertex 107 44 1.1
    endloop
  endfacet
  facet normal 0 0 -1
    outer loop
      vertex 107 12 1.1
      vertex 24 15 1.1
      vertex 104 15 1.1
    endloop
  endfacet
  facet normal -0 0 -1
    outer loop
      vertex 24 15 1.1
      vertex 21 12 1.1
      vertex 24 41 1.1
    endloop
  endfacet
  facet normal 0 0 -1
    outer loop
      vertex 21 12 1.1
      vertex 24 15 1.1
      vertex 107 12 1.1
    endloop
  endfacet
  facet normal 0 0 -1
    outer loop
      vertex 104 41 1.1
      vertex 107 44 1.1
      vertex 104 15 1.1
    endloop
  endfacet
  facet normal 0 0 -1
    outer loop
      vertex 24 41 1.1
      vertex 107 44 1.1
      vertex 104 41 1.1
    endloop
  endfacet
  facet normal 0 0 -1
    outer loop
      vertex 24 41 1.1
      vertex 21 44 1.1
      vertex 107 44 1.1
    endloop
  endfacet
  facet normal 0 0 -1
    outer loop
      vertex 21 44 1.1
      vertex 24 41 1.1
      vertex 21 12 1.1
    endloop
  endfacet
  facet normal 1 -0 0
    outer loop
      vertex 21 12 1.1
      vertex 21 44 0
      vertex 21 44 1.1
    endloop
  endfacet
  facet normal 1 0 0
    outer loop
      vertex 21 44 0
      vertex 21 12 1.1
      vertex 21 12 0
    endloop
  endfacet
  facet normal 0 -1 0
    outer loop
      vertex 21 44 0
      vertex 107 44 1.1
      vertex 21 44 1.1
    endloop
  endfacet
  facet normal 0 -1 -0
    outer loop
      vertex 107 44 1.1
      vertex 21 44 0
      vertex 107 44 0
    endloop
  endfacet
  facet normal 0 1 -0
    outer loop
      vertex 107 12 0
      vertex 21 12 1.1
      vertex 107 12 1.1
    endloop
  endfacet
  facet normal 0 1 0
    outer loop
      vertex 21 12 1.1
      vertex 107 12 0
      vertex 21 12 0
    endloop
  endfacet
  facet normal -1 0 0
    outer loop
      vertex 63 83 1.1
      vertex 63 103 4.2
      vertex 63 103 1.1
    endloop
  endfacet
  facet normal -1 -0 0
    outer loop
      vertex 63 103 4.2
      vertex 63 83 1.1
      vertex 63 83 4.2
    endloop
  endfacet
  facet normal 1 -0 0
    outer loop
      vertex 29 83 4.2
      vertex 29 103 1.1
      vertex 29 103 4.2
    endloop
  endfacet
  facet normal 1 0 0
    outer loop
      vertex 29 103 1.1
      vertex 29 83 4.2
      vertex 29 83 1.1
    endloop
  endfacet
  facet normal 0 -1 0
    outer loop
      vertex 29 103 1.1
      vertex 63 103 4.2
      vertex 29 103 4.2
    endloop
  endfacet
  facet normal 0 -1 -0
    outer loop
      vertex 63 103 4.2
      vertex 29 103 1.1
      vertex 63 103 1.1
    endloop
  endfacet
  facet normal 0 1 -0
    outer loop
      vertex 63 83 1.1
      vertex 29 83 4.2
      vertex 63 83 4.2
    endloop
  endfacet
  facet normal 0 1 0
    outer loop
      vertex 29 83 4.2
      vertex 63 83 1.1
      vertex 29 83 1.1
    endloop
  endfacet
  facet normal -1 0 0
    outer loop
      vertex 66 80 0
      vertex 66 106 1.1
      vertex 66 106 0
    endloop
  endfacet
  facet normal -1 -0 0
    outer loop
      vertex 66 106 1.1
      vertex 66 80 0
      vertex 66 80 1.1
    endloop
  endfacet
  facet normal 0 0 -1
    outer loop
      vertex 66 80 1.1
      vertex 63 83 1.1
      vertex 66 106 1.1
    endloop
  endfacet
  facet normal 0 0 -1
    outer loop
      vertex 66 80 1.1
      vertex 29 83 1.1
      vertex 63 83 1.1
    endloop
  endfacet
  facet normal -0 0 -1
    outer loop
      vertex 29 83 1.1
      vertex 26 80 1.1
      vertex 29 103 1.1
    endloop
  endfacet
  facet normal 0 0 -1
    outer loop
      vertex 26 80 1.1
      vertex 29 83 1.1
      vertex 66 80 1.1
    endloop
  endfacet
  facet normal 0 0 -1
    outer loop
      vertex 63 103 1.1
      vertex 66 106 1.1
      vertex 63 83 1.1
    endloop
  endfacet
  facet normal 0 0 -1
    outer loop
      vertex 29 103 1.1
      vertex 66 106 1.1
      vertex 63 103 1.1
    endloop
  endfacet
  facet normal 0 0 -1
    outer loop
      vertex 29 103 1.1
      vertex 26 106 1.1
      vertex 66 106 1.1
    endloop
  endfacet
  facet normal 0 0 -1
    outer loop
      vertex 26 106 1.1
      vertex 29 103 1.1
      vertex 26 80 1.1
    endloop
  endfacet
  facet normal 1 -0 0
    outer loop
      vertex 26 80 1.1
      vertex 26 106 0
      vertex 26 106 1.1
    endloop
  endfacet
  facet normal 1 0 0
    outer loop
      vertex 26 106 0
      vertex 26 80 1.1
      vertex 26 80 0
    endloop
  endfacet
  facet normal 0 -1 0
    outer loop
      vertex 26 106 0
      vertex 66 106 1.1
      vertex 26 106 1.1
    endloop
  endfacet
  facet normal 0 -1 -0
    outer loop
      vertex 66 106 1.1
      vertex 26 106 0
      vertex 66 106 0
    endloop
  endfacet
  facet normal 0 1 -0
    outer loop
      vertex 66 80 0
      vertex 26 80 1.1
      vertex 66 80 1.1
    endloop
  endfacet
  facet normal 0 1 0
    outer loop
      vertex 26 80 1.1
      vertex 66 80 0
      vertex 26 80 0
    endloop
  endfacet
endsolid OpenSCAD_Model
