solid OpenSCAD_Model
  facet normal -0.242974 -0.970033 0
    outer loop
      vertex -1.50948 5.02391 0
      vertex -1.01447 4.89992 4.2
      vertex -1.50948 5.02391 4.2
    endloop
  endfacet
  facet normal -0.242974 -0.970033 -0
    outer loop
      vertex -1.01447 4.89992 4.2
      vertex -1.50948 5.02391 0
      vertex -1.01447 4.89992 0
    endloop
  endfacet
  facet normal -0.514179 0.857683 0
    outer loop
      vertex -2.45126 14.586 0
      vertex -2.88896 14.3236 4.2
      vertex -2.45126 14.586 4.2
    endloop
  endfacet
  facet normal -0.514179 0.857683 0
    outer loop
      vertex -2.88896 14.3236 4.2
      vertex -2.45126 14.586 0
      vertex -2.88896 14.3236 0
    endloop
  endfacet
  facet normal -0.857731 -0.514098 0
    outer loop
      vertex -4.32364 7.11103 0
      vertex -4.58599 7.54874 4.2
      vertex -4.58599 7.54874 0
    endloop
  endfacet
  facet normal -0.857731 -0.514098 0
    outer loop
      vertex -4.58599 7.54874 4.2
      vertex -4.32364 7.11103 0
      vertex -4.32364 7.11103 4.2
    endloop
  endfacet
  facet normal -0.595588 0.80329 0
    outer loop
      vertex -2.88896 14.3236 0
      vertex -3.29884 14.0197 4.2
      vertex -2.88896 14.3236 4.2
    endloop
  endfacet
  facet normal -0.595588 0.80329 0
    outer loop
      vertex -3.29884 14.0197 4.2
      vertex -2.88896 14.3236 0
      vertex -3.29884 14.0197 0
    endloop
  endfacet
  facet normal -0.803205 -0.595702 0
    outer loop
      vertex -4.01965 6.70115 0
      vertex -4.32364 7.11103 4.2
      vertex -4.32364 7.11103 0
    endloop
  endfacet
  facet normal -0.803205 -0.595702 0
    outer loop
      vertex -4.32364 7.11103 4.2
      vertex -4.01965 6.70115 0
      vertex -4.01965 6.70115 4.2
    endloop
  endfacet
  facet normal -0.67155 0.740959 0
    outer loop
      vertex -3.29884 14.0197 0
      vertex -3.67696 13.677 4.2
      vertex -3.29884 14.0197 4.2
    endloop
  endfacet
  facet normal -0.67155 0.740959 0
    outer loop
      vertex -3.67696 13.677 4.2
      vertex -3.29884 14.0197 0
      vertex -3.67696 13.677 0
    endloop
  endfacet
  facet normal -0.74096 -0.671549 0
    outer loop
      vertex -3.67696 6.32304 0
      vertex -4.01965 6.70115 4.2
      vertex -4.01965 6.70115 0
    endloop
  endfacet
  facet normal -0.74096 -0.671549 0
    outer loop
      vertex -4.01965 6.70115 4.2
      vertex -3.67696 6.32304 0
      vertex -3.67696 6.32304 4.2
    endloop
  endfacet
  facet normal -0.0490689 -0.998795 0
    outer loop
      vertex -0.509688 4.82504 0
      vertex 0 4.8 4.2
      vertex -0.509688 4.82504 4.2
    endloop
  endfacet
  facet normal -0.0490689 -0.998795 -0
    outer loop
      vertex 0 4.8 4.2
      vertex -0.509688 4.82504 0
      vertex 0 4.8 0
    endloop
  endfacet
  facet normal -0.741039 0.671462 0
    outer loop
      vertex -4.01965 13.2988 0
      vertex -3.67696 13.677 4.2
      vertex -3.67696 13.677 0
    endloop
  endfacet
  facet normal -0.741039 0.671462 0
    outer loop
      vertex -3.67696 13.677 4.2
      vertex -4.01965 13.2988 0
      vertex -4.01965 13.2988 4.2
    endloop
  endfacet
  facet normal -0.970033 -0.242974 0
    outer loop
      vertex -4.97609 8.49052 0
      vertex -5.10008 8.98553 4.2
      vertex -5.10008 8.98553 0
    endloop
  endfacet
  facet normal -0.970033 -0.242974 0
    outer loop
      vertex -5.10008 8.98553 4.2
      vertex -4.97609 8.49052 0
      vertex -4.97609 8.49052 4.2
    endloop
  endfacet
  facet normal -0.427582 0.903977 0
    outer loop
      vertex -1.98995 14.8042 0
      vertex -2.45126 14.586 4.2
      vertex -1.98995 14.8042 4.2
    endloop
  endfacet
  facet normal -0.427582 0.903977 0
    outer loop
      vertex -2.45126 14.586 4.2
      vertex -1.98995 14.8042 0
      vertex -2.45126 14.586 0
    endloop
  endfacet
  facet normal -0.59569 -0.803215 0
    outer loop
      vertex -3.29884 5.98034 0
      vertex -2.88896 5.67636 4.2
      vertex -3.29884 5.98034 4.2
    endloop
  endfacet
  facet normal -0.59569 -0.803215 -0
    outer loop
      vertex -2.88896 5.67636 4.2
      vertex -3.29884 5.98034 0
      vertex -2.88896 5.67636 0
    endloop
  endfacet
  facet normal -0.0489907 0.998799 0
    outer loop
      vertex 0 15.2 0
      vertex -0.509688 15.175 4.2
      vertex 0 15.2 4.2
    endloop
  endfacet
  facet normal -0.0489907 0.998799 0
    outer loop
      vertex -0.509688 15.175 4.2
      vertex 0 15.2 0
      vertex -0.509688 15.175 0
    endloop
  endfacet
  facet normal -0.80315 0.595777 0
    outer loop
      vertex -4.32364 12.889 0
      vertex -4.01965 13.2988 4.2
      vertex -4.01965 13.2988 0
    endloop
  endfacet
  facet normal -0.80315 0.595777 0
    outer loop
      vertex -4.01965 13.2988 4.2
      vertex -4.32364 12.889 0
      vertex -4.32364 12.889 4.2
    endloop
  endfacet
  facet normal -0.989176 -0.146736 0
    outer loop
      vertex -5.10008 8.98553 0
      vertex -5.17496 9.49031 4.2
      vertex -5.17496 9.49031 0
    endloop
  endfacet
  facet normal -0.989176 -0.146736 0
    outer loop
      vertex -5.17496 9.49031 4.2
      vertex -5.10008 8.98553 0
      vertex -5.10008 8.98553 4.2
    endloop
  endfacet
  facet normal -0.941541 -0.336899 0
    outer loop
      vertex -4.80417 8.01005 0
      vertex -4.97609 8.49052 4.2
      vertex -4.97609 8.49052 0
    endloop
  endfacet
  facet normal -0.941541 -0.336899 0
    outer loop
      vertex -4.97609 8.49052 4.2
      vertex -4.80417 8.01005 0
      vertex -4.80417 8.01005 4.2
    endloop
  endfacet
  facet normal -0.336899 -0.941541 0
    outer loop
      vertex -1.98995 5.19583 0
      vertex -1.50948 5.02391 4.2
      vertex -1.98995 5.19583 4.2
    endloop
  endfacet
  facet normal -0.336899 -0.941541 -0
    outer loop
      vertex -1.50948 5.02391 4.2
      vertex -1.98995 5.19583 0
      vertex -1.50948 5.02391 0
    endloop
  endfacet
  facet normal -0.42755 -0.903992 0
    outer loop
      vertex -2.45126 5.41401 0
      vertex -1.98995 5.19583 4.2
      vertex -2.45126 5.41401 4.2
    endloop
  endfacet
  facet normal -0.42755 -0.903992 -0
    outer loop
      vertex -1.98995 5.19583 4.2
      vertex -2.45126 5.41401 0
      vertex -1.98995 5.19583 0
    endloop
  endfacet
  facet normal -0.67155 -0.740959 0
    outer loop
      vertex -3.67696 6.32304 0
      vertex -3.29884 5.98034 4.2
      vertex -3.67696 6.32304 4.2
    endloop
  endfacet
  facet normal -0.67155 -0.740959 -0
    outer loop
      vertex -3.29884 5.98034 4.2
      vertex -3.67696 6.32304 0
      vertex -3.29884 5.98034 0
    endloop
  endfacet
  facet normal -0.903988 0.427557 0
    outer loop
      vertex -4.80417 11.99 0
      vertex -4.58599 12.4513 4.2
      vertex -4.58599 12.4513 0
    endloop
  endfacet
  facet normal -0.903988 0.427557 0
    outer loop
      vertex -4.58599 12.4513 4.2
      vertex -4.80417 11.99 0
      vertex -4.80417 11.99 4.2
    endloop
  endfacet
  facet normal -0.242992 0.970028 0
    outer loop
      vertex -1.01447 15.1001 0
      vertex -1.50948 14.9761 4.2
      vertex -1.01447 15.1001 4.2
    endloop
  endfacet
  facet normal -0.242992 0.970028 0
    outer loop
      vertex -1.50948 14.9761 4.2
      vertex -1.01447 15.1001 0
      vertex -1.50948 14.9761 0
    endloop
  endfacet
  facet normal -0.857726 0.514107 0
    outer loop
      vertex -4.58599 12.4513 0
      vertex -4.32364 12.889 4.2
      vertex -4.32364 12.889 0
    endloop
  endfacet
  facet normal -0.857726 0.514107 0
    outer loop
      vertex -4.32364 12.889 4.2
      vertex -4.58599 12.4513 0
      vertex -4.58599 12.4513 4.2
    endloop
  endfacet
  facet normal -0.146774 0.98917 0
    outer loop
      vertex -0.509688 15.175 0
      vertex -1.01447 15.1001 4.2
      vertex -0.509688 15.175 4.2
    endloop
  endfacet
  facet normal -0.146774 0.98917 0
    outer loop
      vertex -1.01447 15.1001 4.2
      vertex -0.509688 15.175 0
      vertex -1.01447 15.1001 0
    endloop
  endfacet
  facet normal -0.336864 0.941553 0
    outer loop
      vertex -1.50948 14.9761 0
      vertex -1.98995 14.8042 4.2
      vertex -1.50948 14.9761 4.2
    endloop
  endfacet
  facet normal -0.336864 0.941553 0
    outer loop
      vertex -1.98995 14.8042 4.2
      vertex -1.50948 14.9761 0
      vertex -1.98995 14.8042 0
    endloop
  endfacet
  facet normal -0.970032 0.242978 0
    outer loop
      vertex -5.10008 11.0145 0
      vertex -4.97609 11.5095 4.2
      vertex -4.97609 11.5095 0
    endloop
  endfacet
  facet normal -0.970032 0.242978 0
    outer loop
      vertex -4.97609 11.5095 4.2
      vertex -5.10008 11.0145 0
      vertex -5.10008 11.0145 4.2
    endloop
  endfacet
  facet normal -0.998795 -0.0490687 0
    outer loop
      vertex -5.17496 9.49031 0
      vertex -5.2 10 4.2
      vertex -5.2 10 0
    endloop
  endfacet
  facet normal -0.998795 -0.0490687 0
    outer loop
      vertex -5.2 10 4.2
      vertex -5.17496 9.49031 0
      vertex -5.17496 9.49031 4.2
    endloop
  endfacet
  facet normal 0.0489402 -0.998802 0
    outer loop
      vertex 0 4.8 0
      vertex 0.00979614 4.80048 4.2
      vertex 0 4.8 4.2
    endloop
  endfacet
  facet normal 0.0489402 -0.998802 0
    outer loop
      vertex 0.00979614 4.80048 4.2
      vertex 0 4.8 0
      vertex 0.00979614 4.80048 0
    endloop
  endfacet
  facet normal -0.989177 0.14673 0
    outer loop
      vertex -5.17496 10.5097 0
      vertex -5.10008 11.0145 4.2
      vertex -5.10008 11.0145 0
    endloop
  endfacet
  facet normal -0.989177 0.14673 0
    outer loop
      vertex -5.10008 11.0145 4.2
      vertex -5.17496 10.5097 0
      vertex -5.17496 10.5097 4.2
    endloop
  endfacet
  facet normal -0.903992 -0.42755 0
    outer loop
      vertex -4.58599 7.54874 0
      vertex -4.80417 8.01005 4.2
      vertex -4.80417 8.01005 0
    endloop
  endfacet
  facet normal -0.903992 -0.42755 0
    outer loop
      vertex -4.80417 8.01005 4.2
      vertex -4.58599 7.54874 0
      vertex -4.58599 7.54874 4.2
    endloop
  endfacet
  facet normal -0.514107 -0.857726 0
    outer loop
      vertex -2.88896 5.67636 0
      vertex -2.45126 5.41401 4.2
      vertex -2.88896 5.67636 4.2
    endloop
  endfacet
  facet normal -0.514107 -0.857726 -0
    outer loop
      vertex -2.45126 5.41401 4.2
      vertex -2.88896 5.67636 0
      vertex -2.45126 5.41401 0
    endloop
  endfacet
  facet normal -0.941548 0.33688 0
    outer loop
      vertex -4.97609 11.5095 0
      vertex -4.80417 11.99 4.2
      vertex -4.80417 11.99 0
    endloop
  endfacet
  facet normal -0.941548 0.33688 0
    outer loop
      vertex -4.80417 11.99 4.2
      vertex -4.97609 11.5095 0
      vertex -4.97609 11.5095 4.2
    endloop
  endfacet
  facet normal -0.998795 0.0490678 0
    outer loop
      vertex -5.2 10 0
      vertex -5.17496 10.5097 4.2
      vertex -5.17496 10.5097 0
    endloop
  endfacet
  facet normal -0.998795 0.0490678 0
    outer loop
      vertex -5.17496 10.5097 4.2
      vertex -5.2 10 0
      vertex -5.2 10 4.2
    endloop
  endfacet
  facet normal -0.146736 -0.989176 0
    outer loop
      vertex -1.01447 4.89992 0
      vertex -0.509688 4.82504 4.2
      vertex -1.01447 4.89992 4.2
    endloop
  endfacet
  facet normal -0.146736 -0.989176 -0
    outer loop
      vertex -0.509688 4.82504 4.2
      vertex -1.01447 4.89992 0
      vertex -0.509688 4.82504 0
    endloop
  endfacet
  facet normal 0 0 1
    outer loop
      vertex 125.2 132 4.2
      vertex 121.675 132 4.2
      vertex 125.2 131.99 4.2
    endloop
  endfacet
  facet normal 0 0 1
    outer loop
      vertex 121.675 132 4.2
      vertex 125.2 132 4.2
      vertex 125.175 132.51 4.2
    endloop
  endfacet
  facet normal 0 0 1
    outer loop
      vertex 121.675 0 4.2
      vertex 125.2 0 4.2
      vertex 125.2 0.0097964 4.2
    endloop
  endfacet
  facet normal 0 0 1
    outer loop
      vertex 125.2 131.99 4.2
      vertex 109 41 4.2
      vertex 125.2 0.0097964 4.2
    endloop
  endfacet
  facet normal 0 0 1
    outer loop
      vertex 121.667 132.164 4.2
      vertex 125.175 132.51 4.2
      vertex 125.1 133.014 4.2
    endloop
  endfacet
  facet normal -0 0 1
    outer loop
      vertex 109 15 4.2
      vertex 125.2 0.0097964 4.2
      vertex 109 41 4.2
    endloop
  endfacet
  facet normal 0 0 1
    outer loop
      vertex 121.643 132.327 4.2
      vertex 125.1 133.014 4.2
      vertex 124.976 133.509 4.2
    endloop
  endfacet
  facet normal -0 -0 1
    outer loop
      vertex 120.79 1.47722 4.2
      vertex 125.2 0.0097964 4.2
      vertex 109 15 4.2
    endloop
  endfacet
  facet normal 0 0 1
    outer loop
      vertex 121.603 132.486 4.2
      vertex 124.976 133.509 4.2
      vertex 124.804 133.99 4.2
    endloop
  endfacet
  facet normal -0 -0 1
    outer loop
      vertex 121.184 1.1844 4.2
      vertex 125.2 0.0097964 4.2
      vertex 121.063 1.29479 4.2
    endloop
  endfacet
  facet normal 0 0 1
    outer loop
      vertex 121.548 132.641 4.2
      vertex 124.804 133.99 4.2
      vertex 124.586 134.451 4.2
    endloop
  endfacet
  facet normal -0 -0 1
    outer loop
      vertex 121.393 0.93058 4.2
      vertex 125.2 0.0097964 4.2
      vertex 121.295 1.06261 4.2
    endloop
  endfacet
  facet normal 0 0 1
    outer loop
      vertex 121.477 132.79 4.2
      vertex 124.586 134.451 4.2
      vertex 124.324 134.889 4.2
    endloop
  endfacet
  facet normal -0 -0 1
    outer loop
      vertex 121.548 0.640994 4.2
      vertex 125.2 0.0097964 4.2
      vertex 121.477 0.789589 4.2
    endloop
  endfacet
  facet normal 0 0 1
    outer loop
      vertex 121.393 132.931 4.2
      vertex 124.324 134.889 4.2
      vertex 124.02 135.299 4.2
    endloop
  endfacet
  facet normal -0 -0 1
    outer loop
      vertex 121.643 0.326776 4.2
      vertex 125.2 0.0097964 4.2
      vertex 121.603 0.486226 4.2
    endloop
  endfacet
  facet normal 0 0 1
    outer loop
      vertex 121.295 133.063 4.2
      vertex 124.02 135.299 4.2
      vertex 123.677 135.677 4.2
    endloop
  endfacet
  facet normal 0 0 1
    outer loop
      vertex 125.2 131.99 4.2
      vertex 121.548 131.359 4.2
      vertex 121.477 131.21 4.2
    endloop
  endfacet
  facet normal 0 0 1
    outer loop
      vertex 121.184 133.184 4.2
      vertex 123.677 135.677 4.2
      vertex 123.299 136.02 4.2
    endloop
  endfacet
  facet normal 0 0 1
    outer loop
      vertex 125.2 131.99 4.2
      vertex 121.603 131.514 4.2
      vertex 121.548 131.359 4.2
    endloop
  endfacet
  facet normal 0 0 1
    outer loop
      vertex 121.063 133.295 4.2
      vertex 123.299 136.02 4.2
      vertex 122.889 136.324 4.2
    endloop
  endfacet
  facet normal 0 0 1
    outer loop
      vertex 125.2 131.99 4.2
      vertex 121.643 131.673 4.2
      vertex 121.603 131.514 4.2
    endloop
  endfacet
  facet normal 0 0 1
    outer loop
      vertex 120.931 133.393 4.2
      vertex 122.889 136.324 4.2
      vertex 122.451 136.586 4.2
    endloop
  endfacet
  facet normal 0 0 1
    outer loop
      vertex 125.2 131.99 4.2
      vertex 121.477 131.21 4.2
      vertex 121.393 131.069 4.2
    endloop
  endfacet
  facet normal 0 0 1
    outer loop
      vertex 120.79 133.477 4.2
      vertex 122.451 136.586 4.2
      vertex 121.99 136.804 4.2
    endloop
  endfacet
  facet normal 0 0 1
    outer loop
      vertex 125.2 131.99 4.2
      vertex 121.667 131.836 4.2
      vertex 121.643 131.673 4.2
    endloop
  endfacet
  facet normal 0 0 1
    outer loop
      vertex 125.2 131.99 4.2
      vertex 121.675 132 4.2
      vertex 121.667 131.836 4.2
    endloop
  endfacet
  facet normal 0 0 1
    outer loop
      vertex 125.175 132.51 4.2
      vertex 121.667 132.164 4.2
      vertex 121.675 132 4.2
    endloop
  endfacet
  facet normal 0 0 1
    outer loop
      vertex 125.1 133.014 4.2
      vertex 121.643 132.327 4.2
      vertex 121.667 132.164 4.2
    endloop
  endfacet
  facet normal 0 0 1
    outer loop
      vertex 124.976 133.509 4.2
      vertex 121.603 132.486 4.2
      vertex 121.643 132.327 4.2
    endloop
  endfacet
  facet normal 0 0 1
    outer loop
      vertex 124.804 133.99 4.2
      vertex 121.548 132.641 4.2
      vertex 121.603 132.486 4.2
    endloop
  endfacet
  facet normal 0 0 1
    outer loop
      vertex 120.641 133.548 4.2
      vertex 121.99 136.804 4.2
      vertex 121.509 136.976 4.2
    endloop
  endfacet
  facet normal 0 0 1
    outer loop
      vertex 124.586 134.451 4.2
      vertex 121.477 132.79 4.2
      vertex 121.548 132.641 4.2
    endloop
  endfacet
  facet normal 0 0 1
    outer loop
      vertex 124.324 134.889 4.2
      vertex 121.393 132.931 4.2
      vertex 121.477 132.79 4.2
    endloop
  endfacet
  facet normal 0 0 1
    outer loop
      vertex 124.02 135.299 4.2
      vertex 121.295 133.063 4.2
      vertex 121.393 132.931 4.2
    endloop
  endfacet
  facet normal 0 0 1
    outer loop
      vertex 123.677 135.677 4.2
      vertex 121.184 133.184 4.2
      vertex 121.295 133.063 4.2
    endloop
  endfacet
  facet normal 0 0 1
    outer loop
      vertex 123.299 136.02 4.2
      vertex 121.063 133.295 4.2
      vertex 121.184 133.184 4.2
    endloop
  endfacet
  facet normal 0 0 1
    outer loop
      vertex 120.486 133.603 4.2
      vertex 121.509 136.976 4.2
      vertex 121.014 137.1 4.2
    endloop
  endfacet
  facet normal 0 0 1
    outer loop
      vertex 122.889 136.324 4.2
      vertex 120.931 133.393 4.2
      vertex 121.063 133.295 4.2
    endloop
  endfacet
  facet normal 0 0 1
    outer loop
      vertex 122.451 136.586 4.2
      vertex 120.79 133.477 4.2
      vertex 120.931 133.393 4.2
    endloop
  endfacet
  facet normal 0 0 1
    outer loop
      vertex 121.99 136.804 4.2
      vertex 120.641 133.548 4.2
      vertex 120.79 133.477 4.2
    endloop
  endfacet
  facet normal 0 0 1
    outer loop
      vertex 120.327 133.643 4.2
      vertex 121.014 137.1 4.2
      vertex 120.51 137.175 4.2
    endloop
  endfacet
  facet normal 0 0 1
    outer loop
      vertex 121.509 136.976 4.2
      vertex 120.486 133.603 4.2
      vertex 120.641 133.548 4.2
    endloop
  endfacet
  facet normal 0 0 1
    outer loop
      vertex 121.014 137.1 4.2
      vertex 120.327 133.643 4.2
      vertex 120.486 133.603 4.2
    endloop
  endfacet
  facet normal 0 0 1
    outer loop
      vertex 120.51 137.175 4.2
      vertex 120.164 133.667 4.2
      vertex 120.327 133.643 4.2
    endloop
  endfacet
  facet normal 0 0 1
    outer loop
      vertex 120 137.2 4.2
      vertex 120.164 133.667 4.2
      vertex 120.51 137.175 4.2
    endloop
  endfacet
  facet normal 0 0 1
    outer loop
      vertex 120 137.2 4.2
      vertex 120 133.675 4.2
      vertex 120.164 133.667 4.2
    endloop
  endfacet
  facet normal 0 0 1
    outer loop
      vertex 120 137.2 4.2
      vertex 119.836 133.667 4.2
      vertex 120 133.675 4.2
    endloop
  endfacet
  facet normal -0 0 1
    outer loop
      vertex 119.49 137.175 4.2
      vertex 119.836 133.667 4.2
      vertex 120 137.2 4.2
    endloop
  endfacet
  facet normal 0 0 1
    outer loop
      vertex 119.836 133.667 4.2
      vertex 119.49 137.175 4.2
      vertex 119.673 133.643 4.2
    endloop
  endfacet
  facet normal -0 0 1
    outer loop
      vertex 118.986 137.1 4.2
      vertex 119.673 133.643 4.2
      vertex 119.49 137.175 4.2
    endloop
  endfacet
  facet normal 0 0 1
    outer loop
      vertex 119.673 133.643 4.2
      vertex 118.986 137.1 4.2
      vertex 119.514 133.603 4.2
    endloop
  endfacet
  facet normal -0 0 1
    outer loop
      vertex 118.491 136.976 4.2
      vertex 119.514 133.603 4.2
      vertex 118.986 137.1 4.2
    endloop
  endfacet
  facet normal 0 0 1
    outer loop
      vertex 119.514 133.603 4.2
      vertex 118.491 136.976 4.2
      vertex 119.359 133.548 4.2
    endloop
  endfacet
  facet normal -0 0 1
    outer loop
      vertex 118.01 136.804 4.2
      vertex 119.359 133.548 4.2
      vertex 118.491 136.976 4.2
    endloop
  endfacet
  facet normal 0 0 1
    outer loop
      vertex 119.359 133.548 4.2
      vertex 118.01 136.804 4.2
      vertex 119.21 133.477 4.2
    endloop
  endfacet
  facet normal 0 0 1
    outer loop
      vertex 119.21 133.477 4.2
      vertex 118.01 136.804 4.2
      vertex 119.069 133.393 4.2
    endloop
  endfacet
  facet normal 0 0 1
    outer loop
      vertex 119.069 133.393 4.2
      vertex 118.01 136.804 4.2
      vertex 118.937 133.295 4.2
    endloop
  endfacet
  facet normal 0 0 1
    outer loop
      vertex 118.937 133.295 4.2
      vertex 118.01 136.804 4.2
      vertex 118.816 133.184 4.2
    endloop
  endfacet
  facet normal 0 0 1
    outer loop
      vertex 118.816 133.184 4.2
      vertex 118.01 136.804 4.2
      vertex 118.705 133.063 4.2
    endloop
  endfacet
  facet normal 0 0 1
    outer loop
      vertex 118.705 133.063 4.2
      vertex 118.01 136.804 4.2
      vertex 118.607 132.931 4.2
    endloop
  endfacet
  facet normal 0 0 1
    outer loop
      vertex 118.607 132.931 4.2
      vertex 118.01 136.804 4.2
      vertex 118.523 132.79 4.2
    endloop
  endfacet
  facet normal 0 0 1
    outer loop
      vertex 118.523 132.79 4.2
      vertex 118.01 136.804 4.2
      vertex 118.452 132.641 4.2
    endloop
  endfacet
  facet normal 0 0 1
    outer loop
      vertex 118.452 132.641 4.2
      vertex 118.01 136.804 4.2
      vertex 118.397 132.486 4.2
    endloop
  endfacet
  facet normal 0 0 1
    outer loop
      vertex 118.397 132.486 4.2
      vertex 118.01 136.804 4.2
      vertex 118.357 132.327 4.2
    endloop
  endfacet
  facet normal 0 0 1
    outer loop
      vertex 118.357 132.327 4.2
      vertex 118.01 136.804 4.2
      vertex 118.333 132.164 4.2
    endloop
  endfacet
  facet normal 0 0 1
    outer loop
      vertex 118.452 0.640994 4.2
      vertex 114.8 0 4.2
      vertex 118.397 0.486226 4.2
    endloop
  endfacet
  facet normal 0 0 1
    outer loop
      vertex 118.333 132.164 4.2
      vertex 118.01 136.804 4.2
      vertex 118.325 132 4.2
    endloop
  endfacet
  facet normal 0 0 1
    outer loop
      vertex -0.164178 120.333 4.2
      vertex 0 116.8 4.2
      vertex 0 120.325 4.2
    endloop
  endfacet
  facet normal 0 0 1
    outer loop
      vertex -0.509688 116.825 4.2
      vertex -0.164178 120.333 4.2
      vertex -0.326776 120.357 4.2
    endloop
  endfacet
  facet normal 0 0 1
    outer loop
      vertex -1.01447 116.9 4.2
      vertex -0.326776 120.357 4.2
      vertex -0.486226 120.397 4.2
    endloop
  endfacet
  facet normal 0 0 1
    outer loop
      vertex -0.164178 120.333 4.2
      vertex -0.509688 116.825 4.2
      vertex 0 116.8 4.2
    endloop
  endfacet
  facet normal 0 0 1
    outer loop
      vertex -1.50948 117.024 4.2
      vertex -0.486226 120.397 4.2
      vertex -0.640994 120.452 4.2
    endloop
  endfacet
  facet normal 0 0 1
    outer loop
      vertex -1.98995 117.196 4.2
      vertex -0.640994 120.452 4.2
      vertex -0.789589 120.523 4.2
    endloop
  endfacet
  facet normal 0 0 1
    outer loop
      vertex -2.45126 117.414 4.2
      vertex -0.789589 120.523 4.2
      vertex -0.93058 120.607 4.2
    endloop
  endfacet
  facet normal 0 0 1
    outer loop
      vertex -0.326776 120.357 4.2
      vertex -1.01447 116.9 4.2
      vertex -0.509688 116.825 4.2
    endloop
  endfacet
  facet normal 0 0 1
    outer loop
      vertex -2.88896 117.676 4.2
      vertex -0.93058 120.607 4.2
      vertex -1.06261 120.705 4.2
    endloop
  endfacet
  facet normal 0 0 1
    outer loop
      vertex -3.29884 117.98 4.2
      vertex -1.06261 120.705 4.2
      vertex -1.1844 120.816 4.2
    endloop
  endfacet
  facet normal 0 0 1
    outer loop
      vertex -3.67696 118.323 4.2
      vertex -1.1844 120.816 4.2
      vertex -1.29479 120.937 4.2
    endloop
  endfacet
  facet normal 0 0 1
    outer loop
      vertex -4.01965 118.701 4.2
      vertex -1.29479 120.937 4.2
      vertex -1.39271 121.069 4.2
    endloop
  endfacet
  facet normal 0 0 1
    outer loop
      vertex -4.32364 119.111 4.2
      vertex -1.39271 121.069 4.2
      vertex -1.47722 121.21 4.2
    endloop
  endfacet
  facet normal 0 0 1
    outer loop
      vertex -0.486226 120.397 4.2
      vertex -1.50948 117.024 4.2
      vertex -1.01447 116.9 4.2
    endloop
  endfacet
  facet normal 0 0 1
    outer loop
      vertex -4.58599 119.549 4.2
      vertex -1.47722 121.21 4.2
      vertex -1.5475 121.359 4.2
    endloop
  endfacet
  facet normal 0 0 1
    outer loop
      vertex -4.80417 120.01 4.2
      vertex -1.5475 121.359 4.2
      vertex -1.60287 121.514 4.2
    endloop
  endfacet
  facet normal 0 0 1
    outer loop
      vertex -4.97609 120.491 4.2
      vertex -1.60287 121.514 4.2
      vertex -1.64281 121.673 4.2
    endloop
  endfacet
  facet normal 0 0 1
    outer loop
      vertex -5.10008 120.986 4.2
      vertex -1.64281 121.673 4.2
      vertex -1.66693 121.836 4.2
    endloop
  endfacet
  facet normal 0 0 1
    outer loop
      vertex -5.17496 121.49 4.2
      vertex -1.66693 121.836 4.2
      vertex -1.675 122 4.2
    endloop
  endfacet
  facet normal 0 0 1
    outer loop
      vertex -1.39271 122.931 4.2
      vertex -4.32364 124.889 4.2
      vertex -1.47722 122.79 4.2
    endloop
  endfacet
  facet normal 0 0 1
    outer loop
      vertex -0.640994 120.452 4.2
      vertex -1.98995 117.196 4.2
      vertex -1.50948 117.024 4.2
    endloop
  endfacet
  facet normal -0 0 1
    outer loop
      vertex -4.58599 124.451 4.2
      vertex -1.47722 122.79 4.2
      vertex -4.32364 124.889 4.2
    endloop
  endfacet
  facet normal 0 0 1
    outer loop
      vertex -0.789589 120.523 4.2
      vertex -2.45126 117.414 4.2
      vertex -1.98995 117.196 4.2
    endloop
  endfacet
  facet normal 0 0 1
    outer loop
      vertex -1.47722 122.79 4.2
      vertex -4.58599 124.451 4.2
      vertex -1.5475 122.641 4.2
    endloop
  endfacet
  facet normal 0 0 1
    outer loop
      vertex -0.93058 120.607 4.2
      vertex -2.88896 117.676 4.2
      vertex -2.45126 117.414 4.2
    endloop
  endfacet
  facet normal -0 0 1
    outer loop
      vertex -4.80417 123.99 4.2
      vertex -1.5475 122.641 4.2
      vertex -4.58599 124.451 4.2
    endloop
  endfacet
  facet normal 0 0 1
    outer loop
      vertex -1.06261 120.705 4.2
      vertex -3.29884 117.98 4.2
      vertex -2.88896 117.676 4.2
    endloop
  endfacet
  facet normal 0 0 1
    outer loop
      vertex -1.5475 122.641 4.2
      vertex -4.80417 123.99 4.2
      vertex -1.60287 122.486 4.2
    endloop
  endfacet
  facet normal 0 0 1
    outer loop
      vertex -1.1844 120.816 4.2
      vertex -3.67696 118.323 4.2
      vertex -3.29884 117.98 4.2
    endloop
  endfacet
  facet normal -0 0 1
    outer loop
      vertex -4.97609 123.509 4.2
      vertex -1.60287 122.486 4.2
      vertex -4.80417 123.99 4.2
    endloop
  endfacet
  facet normal 0 0 1
    outer loop
      vertex -1.29479 120.937 4.2
      vertex -4.01965 118.701 4.2
      vertex -3.67696 118.323 4.2
    endloop
  endfacet
  facet normal 0 0 1
    outer loop
      vertex -1.60287 122.486 4.2
      vertex -4.97609 123.509 4.2
      vertex -1.64281 122.327 4.2
    endloop
  endfacet
  facet normal 0 0 1
    outer loop
      vertex -1.39271 121.069 4.2
      vertex -4.32364 119.111 4.2
      vertex -4.01965 118.701 4.2
    endloop
  endfacet
  facet normal -0 0 1
    outer loop
      vertex -5.10008 123.014 4.2
      vertex -1.64281 122.327 4.2
      vertex -4.97609 123.509 4.2
    endloop
  endfacet
  facet normal 0 0 1
    outer loop
      vertex -1.47722 121.21 4.2
      vertex -4.58599 119.549 4.2
      vertex -4.32364 119.111 4.2
    endloop
  endfacet
  facet normal 0 0 1
    outer loop
      vertex -1.64281 122.327 4.2
      vertex -5.10008 123.014 4.2
      vertex -1.66693 122.164 4.2
    endloop
  endfacet
  facet normal 0 0 1
    outer loop
      vertex -1.5475 121.359 4.2
      vertex -4.80417 120.01 4.2
      vertex -4.58599 119.549 4.2
    endloop
  endfacet
  facet normal -0 0 1
    outer loop
      vertex -5.17496 122.51 4.2
      vertex -1.66693 122.164 4.2
      vertex -5.10008 123.014 4.2
    endloop
  endfacet
  facet normal 0 0 1
    outer loop
      vertex -1.60287 121.514 4.2
      vertex -4.97609 120.491 4.2
      vertex -4.80417 120.01 4.2
    endloop
  endfacet
  facet normal 0 0 1
    outer loop
      vertex -1.66693 122.164 4.2
      vertex -5.17496 122.51 4.2
      vertex -1.675 122 4.2
    endloop
  endfacet
  facet normal 0 0 1
    outer loop
      vertex -1.64281 121.673 4.2
      vertex -5.10008 120.986 4.2
      vertex -4.97609 120.491 4.2
    endloop
  endfacet
  facet normal 0 0 1
    outer loop
      vertex -5.2 122 4.2
      vertex -1.675 122 4.2
      vertex -5.17496 122.51 4.2
    endloop
  endfacet
  facet normal 0 0 1
    outer loop
      vertex -1.66693 121.836 4.2
      vertex -5.17496 121.49 4.2
      vertex -5.10008 120.986 4.2
    endloop
  endfacet
  facet normal 0 0 1
    outer loop
      vertex -1.675 122 4.2
      vertex -5.2 122 4.2
      vertex -5.17496 121.49 4.2
    endloop
  endfacet
  facet normal -0 0 1
    outer loop
      vertex 10.641 130.452 4.2
      vertex 1.5475 121.359 4.2
      vertex 15.2 132 4.2
    endloop
  endfacet
  facet normal 0 0 1
    outer loop
      vertex 29 41 4.2
      vertex 1.66693 10.1642 4.2
      vertex 1.675 10 4.2
    endloop
  endfacet
  facet normal 0 0 1
    outer loop
      vertex 0 116.8 4.2
      vertex 15.2 132 4.2
      vertex 1.5475 121.359 4.2
    endloop
  endfacet
  facet normal 0 0 1
    outer loop
      vertex 29 41 4.2
      vertex 1.64281 10.3268 4.2
      vertex 1.66693 10.1642 4.2
    endloop
  endfacet
  facet normal 0 0 1
    outer loop
      vertex 15.2 132 4.2
      vertex 0 116.8 4.2
      vertex 66 101.5 4.2
    endloop
  endfacet
  facet normal 0 0 1
    outer loop
      vertex 29 41 4.2
      vertex 1.60287 10.4862 4.2
      vertex 1.64281 10.3268 4.2
    endloop
  endfacet
  facet normal 0 0 1
    outer loop
      vertex 66 101.5 4.2
      vertex 0 116.8 4.2
      vertex 29 41 4.2
    endloop
  endfacet
  facet normal 0 0 1
    outer loop
      vertex 29 41 4.2
      vertex 1.5475 10.641 4.2
      vertex 1.60287 10.4862 4.2
    endloop
  endfacet
  facet normal 0 0 1
    outer loop
      vertex 0 116.8 4.2
      vertex 1.5475 121.359 4.2
      vertex 1.47722 121.21 4.2
    endloop
  endfacet
  facet normal 0 0 1
    outer loop
      vertex 0 15.2 4.2
      vertex 29 41 4.2
      vertex 0 116.8 4.2
    endloop
  endfacet
  facet normal 0 0 1
    outer loop
      vertex 0 116.8 4.2
      vertex 1.47722 121.21 4.2
      vertex 1.39271 121.069 4.2
    endloop
  endfacet
  facet normal 0 0 1
    outer loop
      vertex 29 41 4.2
      vertex 0 15.2 4.2
      vertex 1.5475 10.641 4.2
    endloop
  endfacet
  facet normal 0 0 1
    outer loop
      vertex 0 116.8 4.2
      vertex 1.39271 121.069 4.2
      vertex 1.29479 120.937 4.2
    endloop
  endfacet
  facet normal 0 0 1
    outer loop
      vertex 1.5475 10.641 4.2
      vertex 0 15.2 4.2
      vertex 1.47722 10.7896 4.2
    endloop
  endfacet
  facet normal 0 0 1
    outer loop
      vertex 0 116.8 4.2
      vertex 1.29479 120.937 4.2
      vertex 1.1844 120.816 4.2
    endloop
  endfacet
  facet normal 0 0 1
    outer loop
      vertex 1.47722 10.7896 4.2
      vertex 0 15.2 4.2
      vertex 1.39271 10.9306 4.2
    endloop
  endfacet
  facet normal 0 0 1
    outer loop
      vertex 0 116.8 4.2
      vertex 1.1844 120.816 4.2
      vertex 1.06261 120.705 4.2
    endloop
  endfacet
  facet normal 0 0 1
    outer loop
      vertex 1.39271 10.9306 4.2
      vertex 0 15.2 4.2
      vertex 1.29479 11.0626 4.2
    endloop
  endfacet
  facet normal 0 0 1
    outer loop
      vertex 0 116.8 4.2
      vertex 1.06261 120.705 4.2
      vertex 0.93058 120.607 4.2
    endloop
  endfacet
  facet normal 0 0 1
    outer loop
      vertex 1.29479 11.0626 4.2
      vertex 0 15.2 4.2
      vertex 1.1844 11.1844 4.2
    endloop
  endfacet
  facet normal 0 0 1
    outer loop
      vertex 0 116.8 4.2
      vertex 0.93058 120.607 4.2
      vertex 0.789589 120.523 4.2
    endloop
  endfacet
  facet normal 0 0 1
    outer loop
      vertex 1.1844 11.1844 4.2
      vertex 0 15.2 4.2
      vertex 1.06261 11.2948 4.2
    endloop
  endfacet
  facet normal 0 0 1
    outer loop
      vertex 0 116.8 4.2
      vertex 0.789589 120.523 4.2
      vertex 0.640994 120.452 4.2
    endloop
  endfacet
  facet normal 0 0 1
    outer loop
      vertex 1.06261 11.2948 4.2
      vertex 0 15.2 4.2
      vertex 0.93058 11.3927 4.2
    endloop
  endfacet
  facet normal 0 0 1
    outer loop
      vertex 0 116.8 4.2
      vertex 0.640994 120.452 4.2
      vertex 0.486226 120.397 4.2
    endloop
  endfacet
  facet normal 0 0 1
    outer loop
      vertex 0.93058 11.3927 4.2
      vertex 0 15.2 4.2
      vertex 0.789589 11.4772 4.2
    endloop
  endfacet
  facet normal 0 0 1
    outer loop
      vertex 0 116.8 4.2
      vertex 0.486226 120.397 4.2
      vertex 0.326776 120.357 4.2
    endloop
  endfacet
  facet normal 0 0 1
    outer loop
      vertex 0.789589 11.4772 4.2
      vertex 0 15.2 4.2
      vertex 0.640994 11.5475 4.2
    endloop
  endfacet
  facet normal 0 0 1
    outer loop
      vertex 0 116.8 4.2
      vertex 0.326776 120.357 4.2
      vertex 0.164178 120.333 4.2
    endloop
  endfacet
  facet normal 0 0 1
    outer loop
      vertex 0.640994 11.5475 4.2
      vertex 0 15.2 4.2
      vertex 0.486226 11.6029 4.2
    endloop
  endfacet
  facet normal 0 0 1
    outer loop
      vertex 0 116.8 4.2
      vertex 0.164178 120.333 4.2
      vertex 0 120.325 4.2
    endloop
  endfacet
  facet normal 0 0 1
    outer loop
      vertex 0.486226 11.6029 4.2
      vertex 0 15.2 4.2
      vertex 0.326776 11.6428 4.2
    endloop
  endfacet
  facet normal 0 0 1
    outer loop
      vertex 0.326776 11.6428 4.2
      vertex 0 15.2 4.2
      vertex 0.164178 11.6669 4.2
    endloop
  endfacet
  facet normal 0 0 1
    outer loop
      vertex 0 15.2 4.2
      vertex 0 11.675 4.2
      vertex 0.164178 11.6669 4.2
    endloop
  endfacet
  facet normal 0 0 1
    outer loop
      vertex 0 15.2 4.2
      vertex -0.164178 11.6669 4.2
      vertex 0 11.675 4.2
    endloop
  endfacet
  facet normal -0 0 1
    outer loop
      vertex -0.509688 15.175 4.2
      vertex -0.164178 11.6669 4.2
      vertex 0 15.2 4.2
    endloop
  endfacet
  facet normal 0 0 1
    outer loop
      vertex -0.164178 11.6669 4.2
      vertex -0.509688 15.175 4.2
      vertex -0.326776 11.6428 4.2
    endloop
  endfacet
  facet normal -0 0 1
    outer loop
      vertex -1.01447 15.1001 4.2
      vertex -0.326776 11.6428 4.2
      vertex -0.509688 15.175 4.2
    endloop
  endfacet
  facet normal 0 0 1
    outer loop
      vertex -0.326776 11.6428 4.2
      vertex -1.01447 15.1001 4.2
      vertex -0.486226 11.6029 4.2
    endloop
  endfacet
  facet normal -0 0 1
    outer loop
      vertex -1.50948 14.9761 4.2
      vertex -0.486226 11.6029 4.2
      vertex -1.01447 15.1001 4.2
    endloop
  endfacet
  facet normal 0 0 1
    outer loop
      vertex -0.486226 11.6029 4.2
      vertex -1.50948 14.9761 4.2
      vertex -0.640994 11.5475 4.2
    endloop
  endfacet
  facet normal -0 0 1
    outer loop
      vertex -1.98995 14.8042 4.2
      vertex -0.640994 11.5475 4.2
      vertex -1.50948 14.9761 4.2
    endloop
  endfacet
  facet normal 0 0 1
    outer loop
      vertex -0.640994 11.5475 4.2
      vertex -1.98995 14.8042 4.2
      vertex -0.789589 11.4772 4.2
    endloop
  endfacet
  facet normal -0 0 1
    outer loop
      vertex -2.45126 14.586 4.2
      vertex -0.789589 11.4772 4.2
      vertex -1.98995 14.8042 4.2
    endloop
  endfacet
  facet normal 0 0 1
    outer loop
      vertex -0.789589 11.4772 4.2
      vertex -2.45126 14.586 4.2
      vertex -0.93058 11.3927 4.2
    endloop
  endfacet
  facet normal -0 0 1
    outer loop
      vertex -2.88896 14.3236 4.2
      vertex -0.93058 11.3927 4.2
      vertex -2.45126 14.586 4.2
    endloop
  endfacet
  facet normal 0 0 1
    outer loop
      vertex -0.93058 11.3927 4.2
      vertex -2.88896 14.3236 4.2
      vertex -1.06261 11.2948 4.2
    endloop
  endfacet
  facet normal -0 0 1
    outer loop
      vertex -3.29884 14.0197 4.2
      vertex -1.06261 11.2948 4.2
      vertex -2.88896 14.3236 4.2
    endloop
  endfacet
  facet normal 0 0 1
    outer loop
      vertex -1.06261 11.2948 4.2
      vertex -3.29884 14.0197 4.2
      vertex -1.1844 11.1844 4.2
    endloop
  endfacet
  facet normal -0 0 1
    outer loop
      vertex -3.67696 13.677 4.2
      vertex -1.1844 11.1844 4.2
      vertex -3.29884 14.0197 4.2
    endloop
  endfacet
  facet normal 0 0 1
    outer loop
      vertex -1.1844 11.1844 4.2
      vertex -3.67696 13.677 4.2
      vertex -1.29479 11.0626 4.2
    endloop
  endfacet
  facet normal -0 0 1
    outer loop
      vertex -4.01965 13.2988 4.2
      vertex -1.29479 11.0626 4.2
      vertex -3.67696 13.677 4.2
    endloop
  endfacet
  facet normal 0 0 1
    outer loop
      vertex -1.29479 11.0626 4.2
      vertex -4.01965 13.2988 4.2
      vertex -1.39271 10.9306 4.2
    endloop
  endfacet
  facet normal -0 0 1
    outer loop
      vertex -4.32364 12.889 4.2
      vertex -1.39271 10.9306 4.2
      vertex -4.01965 13.2988 4.2
    endloop
  endfacet
  facet normal -0 0 1
    outer loop
      vertex 10.4862 130.397 4.2
      vertex 1.60287 121.514 4.2
      vertex 10.641 130.452 4.2
    endloop
  endfacet
  facet normal 0 0 1
    outer loop
      vertex 1.5475 121.359 4.2
      vertex 10.641 130.452 4.2
      vertex 1.60287 121.514 4.2
    endloop
  endfacet
  facet normal 0 0 1
    outer loop
      vertex 0.0097964 127.2 4.2
      vertex 4.5099 131.976 4.2
      vertex 4.02454 131.904 4.2
    endloop
  endfacet
  facet normal 0 0 1
    outer loop
      vertex 29 41 4.2
      vertex 1.675 10 4.2
      vertex 4.80048 0.00979614 4.2
    endloop
  endfacet
  facet normal 0 0 1
    outer loop
      vertex 0.0097964 127.2 4.2
      vertex 4.02454 131.904 4.2
      vertex 3.54857 131.785 4.2
    endloop
  endfacet
  facet normal -0 0 1
    outer loop
      vertex 1.66693 9.83582 4.2
      vertex 4.80048 0.00979614 4.2
      vertex 1.675 10 4.2
    endloop
  endfacet
  facet normal 0 0 1
    outer loop
      vertex 0.0097964 127.2 4.2
      vertex 3.54857 131.785 4.2
      vertex 3.08658 131.619 4.2
    endloop
  endfacet
  facet normal -0 0 1
    outer loop
      vertex 1.64281 9.67322 4.2
      vertex 4.80048 0.00979614 4.2
      vertex 1.66693 9.83582 4.2
    endloop
  endfacet
  facet normal 0 0 1
    outer loop
      vertex 0.0097964 127.2 4.2
      vertex 3.08658 131.619 4.2
      vertex 2.64301 131.41 4.2
    endloop
  endfacet
  facet normal -0 0 1
    outer loop
      vertex 1.60287 9.51377 4.2
      vertex 4.80048 0.00979614 4.2
      vertex 1.64281 9.67322 4.2
    endloop
  endfacet
  facet normal 0 0 1
    outer loop
      vertex 0.0097964 127.2 4.2
      vertex 2.64301 131.41 4.2
      vertex 2.22214 131.157 4.2
    endloop
  endfacet
  facet normal -0 0 1
    outer loop
      vertex 1.5475 9.359 4.2
      vertex 4.80048 0.00979614 4.2
      vertex 1.60287 9.51377 4.2
    endloop
  endfacet
  facet normal 0 0 1
    outer loop
      vertex 0.0097964 127.2 4.2
      vertex 2.22214 131.157 4.2
      vertex 1.82803 130.865 4.2
    endloop
  endfacet
  facet normal -0 0 1
    outer loop
      vertex 1.47722 9.21041 4.2
      vertex 4.80048 0.00979614 4.2
      vertex 1.5475 9.359 4.2
    endloop
  endfacet
  facet normal -0 0 1
    outer loop
      vertex 1.39271 9.06942 4.2
      vertex 4.80048 0.00979614 4.2
      vertex 1.47722 9.21041 4.2
    endloop
  endfacet
  facet normal 0 0 1
    outer loop
      vertex 4.5099 131.976 4.2
      vertex 1.66693 122.164 4.2
      vertex 1.675 122 4.2
    endloop
  endfacet
  facet normal 0 0 1
    outer loop
      vertex 4.5099 131.976 4.2
      vertex 1.64281 122.327 4.2
      vertex 1.66693 122.164 4.2
    endloop
  endfacet
  facet normal 0 0 1
    outer loop
      vertex 4.5099 131.976 4.2
      vertex 1.60287 122.486 4.2
      vertex 1.64281 122.327 4.2
    endloop
  endfacet
  facet normal 0 0 1
    outer loop
      vertex 4.5099 131.976 4.2
      vertex 1.5475 122.641 4.2
      vertex 1.60287 122.486 4.2
    endloop
  endfacet
  facet normal 0 0 1
    outer loop
      vertex 4.5099 131.976 4.2
      vertex 1.47722 122.79 4.2
      vertex 1.5475 122.641 4.2
    endloop
  endfacet
  facet normal 0 0 1
    outer loop
      vertex 0.0097964 127.2 4.2
      vertex 1.82803 130.865 4.2
      vertex 1.46446 130.536 4.2
    endloop
  endfacet
  facet normal 0 0 1
    outer loop
      vertex 4.5099 131.976 4.2
      vertex 1.39271 122.931 4.2
      vertex 1.47722 122.79 4.2
    endloop
  endfacet
  facet normal 0 0 1
    outer loop
      vertex 4.5099 131.976 4.2
      vertex 1.29479 123.063 4.2
      vertex 1.39271 122.931 4.2
    endloop
  endfacet
  facet normal 0 0 1
    outer loop
      vertex 4.5099 131.976 4.2
      vertex 0.0097964 127.2 4.2
      vertex 1.29479 123.063 4.2
    endloop
  endfacet
  facet normal 0 0 1
    outer loop
      vertex 0.0097964 127.2 4.2
      vertex 1.46446 130.536 4.2
      vertex 1.13493 130.172 4.2
    endloop
  endfacet
  facet normal 0 0 1
    outer loop
      vertex 1.29479 123.063 4.2
      vertex 0.0097964 127.2 4.2
      vertex 1.1844 123.184 4.2
    endloop
  endfacet
  facet normal 0 0 1
    outer loop
      vertex 1.1844 123.184 4.2
      vertex 0.0097964 127.2 4.2
      vertex 1.06261 123.295 4.2
    endloop
  endfacet
  facet normal 0 0 1
    outer loop
      vertex 0.0097964 127.2 4.2
      vertex 1.13493 130.172 4.2
      vertex 0.842651 129.778 4.2
    endloop
  endfacet
  facet normal 0 0 1
    outer loop
      vertex 1.06261 123.295 4.2
      vertex 0.0097964 127.2 4.2
      vertex 0.93058 123.393 4.2
    endloop
  endfacet
  facet normal 0 0 1
    outer loop
      vertex 0.93058 123.393 4.2
      vertex 0.0097964 127.2 4.2
      vertex 0.789589 123.477 4.2
    endloop
  endfacet
  facet normal 0 0 1
    outer loop
      vertex 0.0097964 127.2 4.2
      vertex 0.842651 129.778 4.2
      vertex 0.590393 129.357 4.2
    endloop
  endfacet
  facet normal 0 0 1
    outer loop
      vertex 0.789589 123.477 4.2
      vertex 0.0097964 127.2 4.2
      vertex 0.640994 123.548 4.2
    endloop
  endfacet
  facet normal 0 0 1
    outer loop
      vertex 0.0097964 127.2 4.2
      vertex 0.590393 129.357 4.2
      vertex 0.3806 128.913 4.2
    endloop
  endfacet
  facet normal 0 0 1
    outer loop
      vertex 0.640994 123.548 4.2
      vertex 0.0097964 127.2 4.2
      vertex 0.486226 123.603 4.2
    endloop
  endfacet
  facet normal 0 0 1
    outer loop
      vertex 0.0097964 127.2 4.2
      vertex 0.3806 128.913 4.2
      vertex 0.215286 128.451 4.2
    endloop
  endfacet
  facet normal 0 0 1
    outer loop
      vertex 0.486226 123.603 4.2
      vertex 0.0097964 127.2 4.2
      vertex 0.326776 123.643 4.2
    endloop
  endfacet
  facet normal 0 0 1
    outer loop
      vertex 0.0097964 127.2 4.2
      vertex 0.215286 128.451 4.2
      vertex 0.0960693 127.975 4.2
    endloop
  endfacet
  facet normal 0 0 1
    outer loop
      vertex 0.0097964 127.2 4.2
      vertex 0.0960693 127.975 4.2
      vertex 0.0240631 127.49 4.2
    endloop
  endfacet
  facet normal 0 0 1
    outer loop
      vertex 0.326776 123.643 4.2
      vertex 0.0097964 127.2 4.2
      vertex 0.164178 123.667 4.2
    endloop
  endfacet
  facet normal 0 0 1
    outer loop
      vertex 0 123.675 4.2
      vertex 0.0097964 127.2 4.2
      vertex 0 127.2 4.2
    endloop
  endfacet
  facet normal 0 0 1
    outer loop
      vertex 0.0097964 127.2 4.2
      vertex 0 123.675 4.2
      vertex 0.164178 123.667 4.2
    endloop
  endfacet
  facet normal 0 0 1
    outer loop
      vertex 0 127.2 4.2
      vertex -0.164178 123.667 4.2
      vertex 0 123.675 4.2
    endloop
  endfacet
  facet normal -0 0 1
    outer loop
      vertex -0.509688 127.175 4.2
      vertex -0.164178 123.667 4.2
      vertex 0 127.2 4.2
    endloop
  endfacet
  facet normal 0 0 1
    outer loop
      vertex -0.164178 123.667 4.2
      vertex -0.509688 127.175 4.2
      vertex -0.326776 123.643 4.2
    endloop
  endfacet
  facet normal -0 0 1
    outer loop
      vertex -1.01447 127.1 4.2
      vertex -0.326776 123.643 4.2
      vertex -0.509688 127.175 4.2
    endloop
  endfacet
  facet normal 0 0 1
    outer loop
      vertex -0.326776 123.643 4.2
      vertex -1.01447 127.1 4.2
      vertex -0.486226 123.603 4.2
    endloop
  endfacet
  facet normal -0 0 1
    outer loop
      vertex -1.50948 126.976 4.2
      vertex -0.486226 123.603 4.2
      vertex -1.01447 127.1 4.2
    endloop
  endfacet
  facet normal 0 0 1
    outer loop
      vertex -0.486226 123.603 4.2
      vertex -1.50948 126.976 4.2
      vertex -0.640994 123.548 4.2
    endloop
  endfacet
  facet normal -0 0 1
    outer loop
      vertex -1.98995 126.804 4.2
      vertex -0.640994 123.548 4.2
      vertex -1.50948 126.976 4.2
    endloop
  endfacet
  facet normal 0 0 1
    outer loop
      vertex -0.640994 123.548 4.2
      vertex -1.98995 126.804 4.2
      vertex -0.789589 123.477 4.2
    endloop
  endfacet
  facet normal -0 0 1
    outer loop
      vertex -2.45126 126.586 4.2
      vertex -0.789589 123.477 4.2
      vertex -1.98995 126.804 4.2
    endloop
  endfacet
  facet normal 0 0 1
    outer loop
      vertex -0.789589 123.477 4.2
      vertex -2.45126 126.586 4.2
      vertex -0.93058 123.393 4.2
    endloop
  endfacet
  facet normal -0 0 1
    outer loop
      vertex -2.88896 126.324 4.2
      vertex -0.93058 123.393 4.2
      vertex -2.45126 126.586 4.2
    endloop
  endfacet
  facet normal 0 0 1
    outer loop
      vertex -0.93058 123.393 4.2
      vertex -2.88896 126.324 4.2
      vertex -1.06261 123.295 4.2
    endloop
  endfacet
  facet normal -0 0 1
    outer loop
      vertex -3.29884 126.02 4.2
      vertex -1.06261 123.295 4.2
      vertex -2.88896 126.324 4.2
    endloop
  endfacet
  facet normal 0 0 1
    outer loop
      vertex -1.06261 123.295 4.2
      vertex -3.29884 126.02 4.2
      vertex -1.1844 123.184 4.2
    endloop
  endfacet
  facet normal -0 0 1
    outer loop
      vertex -3.67696 125.677 4.2
      vertex -1.1844 123.184 4.2
      vertex -3.29884 126.02 4.2
    endloop
  endfacet
  facet normal 0 0 1
    outer loop
      vertex -1.1844 123.184 4.2
      vertex -3.67696 125.677 4.2
      vertex -1.29479 123.063 4.2
    endloop
  endfacet
  facet normal -0 0 1
    outer loop
      vertex -4.01965 125.299 4.2
      vertex -1.29479 123.063 4.2
      vertex -3.67696 125.677 4.2
    endloop
  endfacet
  facet normal 0 0 1
    outer loop
      vertex -1.29479 123.063 4.2
      vertex -4.01965 125.299 4.2
      vertex -1.39271 122.931 4.2
    endloop
  endfacet
  facet normal -0 0 1
    outer loop
      vertex -4.32364 124.889 4.2
      vertex -1.39271 122.931 4.2
      vertex -4.01965 125.299 4.2
    endloop
  endfacet
  facet normal 0 0 1
    outer loop
      vertex 4.8 0 4.2
      vertex 8.325 0 4.2
      vertex 4.80048 0.00979614 4.2
    endloop
  endfacet
  facet normal 0 0 1
    outer loop
      vertex 8.325 0 4.2
      vertex 4.8 0 4.2
      vertex 4.82504 -0.509688 4.2
    endloop
  endfacet
  facet normal -0 0 1
    outer loop
      vertex 1.29479 8.93739 4.2
      vertex 4.80048 0.00979614 4.2
      vertex 1.39271 9.06942 4.2
    endloop
  endfacet
  facet normal -0 0 1
    outer loop
      vertex 0.00979614 4.80048 4.2
      vertex 4.80048 0.00979614 4.2
      vertex 1.29479 8.93739 4.2
    endloop
  endfacet
  facet normal -0 -0 1
    outer loop
      vertex 4.02454 0.0960693 4.2
      vertex 4.80048 0.00979614 4.2
      vertex 0.00979614 4.80048 4.2
    endloop
  endfacet
  facet normal 0 0 1
    outer loop
      vertex 4.80048 0.00979614 4.2
      vertex 4.02454 0.0960693 4.2
      vertex 4.5099 0.0240631 4.2
    endloop
  endfacet
  facet normal 0 0 1
    outer loop
      vertex 4.02454 0.0960693 4.2
      vertex 0.00979614 4.80048 4.2
      vertex 3.54857 0.215286 4.2
    endloop
  endfacet
  facet normal 0 0 1
    outer loop
      vertex 3.54857 0.215286 4.2
      vertex 0.00979614 4.80048 4.2
      vertex 3.08658 0.3806 4.2
    endloop
  endfacet
  facet normal 0 0 1
    outer loop
      vertex 3.08658 0.3806 4.2
      vertex 0.00979614 4.80048 4.2
      vertex 2.64301 0.590393 4.2
    endloop
  endfacet
  facet normal 0 0 1
    outer loop
      vertex 2.64301 0.590393 4.2
      vertex 0.00979614 4.80048 4.2
      vertex 2.22214 0.842651 4.2
    endloop
  endfacet
  facet normal 0 0 1
    outer loop
      vertex 2.22214 0.842651 4.2
      vertex 0.00979614 4.80048 4.2
      vertex 1.82803 1.13493 4.2
    endloop
  endfacet
  facet normal 0 0 1
    outer loop
      vertex 0.00979614 4.80048 4.2
      vertex 1.29479 8.93739 4.2
      vertex 1.1844 8.8156 4.2
    endloop
  endfacet
  facet normal 0 0 1
    outer loop
      vertex 1.82803 1.13493 4.2
      vertex 0.00979614 4.80048 4.2
      vertex 1.46446 1.46446 4.2
    endloop
  endfacet
  facet normal 0 0 1
    outer loop
      vertex 0.00979614 4.80048 4.2
      vertex 1.1844 8.8156 4.2
      vertex 1.06261 8.70521 4.2
    endloop
  endfacet
  facet normal 0 0 1
    outer loop
      vertex 0.00979614 4.80048 4.2
      vertex 1.06261 8.70521 4.2
      vertex 0.93058 8.60729 4.2
    endloop
  endfacet
  facet normal 0 0 1
    outer loop
      vertex 1.46446 1.46446 4.2
      vertex 0.00979614 4.80048 4.2
      vertex 1.13493 1.82803 4.2
    endloop
  endfacet
  facet normal 0 0 1
    outer loop
      vertex 0.00979614 4.80048 4.2
      vertex 0.93058 8.60729 4.2
      vertex 0.789589 8.52278 4.2
    endloop
  endfacet
  facet normal 0 0 1
    outer loop
      vertex 0.00979614 4.80048 4.2
      vertex 0.789589 8.52278 4.2
      vertex 0.640994 8.4525 4.2
    endloop
  endfacet
  facet normal 0 0 1
    outer loop
      vertex 1.13493 1.82803 4.2
      vertex 0.00979614 4.80048 4.2
      vertex 0.842651 2.22214 4.2
    endloop
  endfacet
  facet normal 0 0 1
    outer loop
      vertex 0.00979614 4.80048 4.2
      vertex 0.640994 8.4525 4.2
      vertex 0.486226 8.39712 4.2
    endloop
  endfacet
  facet normal 0 0 1
    outer loop
      vertex 0.842651 2.22214 4.2
      vertex 0.00979614 4.80048 4.2
      vertex 0.590393 2.64301 4.2
    endloop
  endfacet
  facet normal 0 0 1
    outer loop
      vertex 0.00979614 4.80048 4.2
      vertex 0.486226 8.39712 4.2
      vertex 0.326776 8.35718 4.2
    endloop
  endfacet
  facet normal 0 0 1
    outer loop
      vertex 0.590393 2.64301 4.2
      vertex 0.00979614 4.80048 4.2
      vertex 0.3806 3.08658 4.2
    endloop
  endfacet
  facet normal 0 0 1
    outer loop
      vertex 0.00979614 4.80048 4.2
      vertex 0.326776 8.35718 4.2
      vertex 0.164178 8.33307 4.2
    endloop
  endfacet
  facet normal 0 0 1
    outer loop
      vertex 0.3806 3.08658 4.2
      vertex 0.00979614 4.80048 4.2
      vertex 0.215286 3.54857 4.2
    endloop
  endfacet
  facet normal 0 0 1
    outer loop
      vertex 0.215286 3.54857 4.2
      vertex 0.00979614 4.80048 4.2
      vertex 0.0960693 4.02454 4.2
    endloop
  endfacet
  facet normal 0 0 1
    outer loop
      vertex 0.0960693 4.02454 4.2
      vertex 0.00979614 4.80048 4.2
      vertex 0.0240631 4.5099 4.2
    endloop
  endfacet
  facet normal -0 0 1
    outer loop
      vertex 0 8.325 4.2
      vertex 0.00979614 4.80048 4.2
      vertex 0.164178 8.33307 4.2
    endloop
  endfacet
  facet normal 0 0 1
    outer loop
      vertex 0 8.325 4.2
      vertex 0 4.8 4.2
      vertex 0.00979614 4.80048 4.2
    endloop
  endfacet
  facet normal 0 0 1
    outer loop
      vertex -0.164178 8.33307 4.2
      vertex 0 4.8 4.2
      vertex 0 8.325 4.2
    endloop
  endfacet
  facet normal 0 0 1
    outer loop
      vertex -0.509688 4.82504 4.2
      vertex -0.164178 8.33307 4.2
      vertex -0.326776 8.35718 4.2
    endloop
  endfacet
  facet normal 0 0 1
    outer loop
      vertex -1.01447 4.89992 4.2
      vertex -0.326776 8.35718 4.2
      vertex -0.486226 8.39712 4.2
    endloop
  endfacet
  facet normal 0 0 1
    outer loop
      vertex -0.164178 8.33307 4.2
      vertex -0.509688 4.82504 4.2
      vertex 0 4.8 4.2
    endloop
  endfacet
  facet normal 0 0 1
    outer loop
      vertex -1.50948 5.02391 4.2
      vertex -0.486226 8.39712 4.2
      vertex -0.640994 8.4525 4.2
    endloop
  endfacet
  facet normal 0 0 1
    outer loop
      vertex -1.98995 5.19583 4.2
      vertex -0.640994 8.4525 4.2
      vertex -0.789589 8.52278 4.2
    endloop
  endfacet
  facet normal 0 0 1
    outer loop
      vertex -2.45126 5.41401 4.2
      vertex -0.789589 8.52278 4.2
      vertex -0.93058 8.60729 4.2
    endloop
  endfacet
  facet normal 0 0 1
    outer loop
      vertex -0.326776 8.35718 4.2
      vertex -1.01447 4.89992 4.2
      vertex -0.509688 4.82504 4.2
    endloop
  endfacet
  facet normal 0 0 1
    outer loop
      vertex -2.88896 5.67636 4.2
      vertex -0.93058 8.60729 4.2
      vertex -1.06261 8.70521 4.2
    endloop
  endfacet
  facet normal 0 0 1
    outer loop
      vertex -3.29884 5.98034 4.2
      vertex -1.06261 8.70521 4.2
      vertex -1.1844 8.8156 4.2
    endloop
  endfacet
  facet normal 0 0 1
    outer loop
      vertex -3.67696 6.32304 4.2
      vertex -1.1844 8.8156 4.2
      vertex -1.29479 8.93739 4.2
    endloop
  endfacet
  facet normal 0 0 1
    outer loop
      vertex -4.01965 6.70115 4.2
      vertex -1.29479 8.93739 4.2
      vertex -1.39271 9.06942 4.2
    endloop
  endfacet
  facet normal 0 0 1
    outer loop
      vertex -4.32364 7.11103 4.2
      vertex -1.39271 9.06942 4.2
      vertex -1.47722 9.21041 4.2
    endloop
  endfacet
  facet normal 0 0 1
    outer loop
      vertex -0.486226 8.39712 4.2
      vertex -1.50948 5.02391 4.2
      vertex -1.01447 4.89992 4.2
    endloop
  endfacet
  facet normal 0 0 1
    outer loop
      vertex -4.58599 7.54874 4.2
      vertex -1.47722 9.21041 4.2
      vertex -1.5475 9.359 4.2
    endloop
  endfacet
  facet normal 0 0 1
    outer loop
      vertex -4.80417 8.01005 4.2
      vertex -1.5475 9.359 4.2
      vertex -1.60287 9.51377 4.2
    endloop
  endfacet
  facet normal 0 0 1
    outer loop
      vertex -4.97609 8.49052 4.2
      vertex -1.60287 9.51377 4.2
      vertex -1.64281 9.67322 4.2
    endloop
  endfacet
  facet normal 0 0 1
    outer loop
      vertex -5.10008 8.98553 4.2
      vertex -1.64281 9.67322 4.2
      vertex -1.66693 9.83582 4.2
    endloop
  endfacet
  facet normal 0 0 1
    outer loop
      vertex -5.17496 9.49031 4.2
      vertex -1.66693 9.83582 4.2
      vertex -1.675 10 4.2
    endloop
  endfacet
  facet normal 0 0 1
    outer loop
      vertex -1.39271 10.9306 4.2
      vertex -4.32364 12.889 4.2
      vertex -1.47722 10.7896 4.2
    endloop
  endfacet
  facet normal 0 0 1
    outer loop
      vertex -0.640994 8.4525 4.2
      vertex -1.98995 5.19583 4.2
      vertex -1.50948 5.02391 4.2
    endloop
  endfacet
  facet normal -0 0 1
    outer loop
      vertex -4.58599 12.4513 4.2
      vertex -1.47722 10.7896 4.2
      vertex -4.32364 12.889 4.2
    endloop
  endfacet
  facet normal 0 0 1
    outer loop
      vertex -0.789589 8.52278 4.2
      vertex -2.45126 5.41401 4.2
      vertex -1.98995 5.19583 4.2
    endloop
  endfacet
  facet normal 0 0 1
    outer loop
      vertex -1.47722 10.7896 4.2
      vertex -4.58599 12.4513 4.2
      vertex -1.5475 10.641 4.2
    endloop
  endfacet
  facet normal 0 0 1
    outer loop
      vertex -0.93058 8.60729 4.2
      vertex -2.88896 5.67636 4.2
      vertex -2.45126 5.41401 4.2
    endloop
  endfacet
  facet normal -0 0 1
    outer loop
      vertex -4.80417 11.99 4.2
      vertex -1.5475 10.641 4.2
      vertex -4.58599 12.4513 4.2
    endloop
  endfacet
  facet normal 0 0 1
    outer loop
      vertex -1.06261 8.70521 4.2
      vertex -3.29884 5.98034 4.2
      vertex -2.88896 5.67636 4.2
    endloop
  endfacet
  facet normal 0 0 1
    outer loop
      vertex -1.5475 10.641 4.2
      vertex -4.80417 11.99 4.2
      vertex -1.60287 10.4862 4.2
    endloop
  endfacet
  facet normal 0 0 1
    outer loop
      vertex -1.1844 8.8156 4.2
      vertex -3.67696 6.32304 4.2
      vertex -3.29884 5.98034 4.2
    endloop
  endfacet
  facet normal -0 0 1
    outer loop
      vertex -4.97609 11.5095 4.2
      vertex -1.60287 10.4862 4.2
      vertex -4.80417 11.99 4.2
    endloop
  endfacet
  facet normal 0 0 1
    outer loop
      vertex -1.29479 8.93739 4.2
      vertex -4.01965 6.70115 4.2
      vertex -3.67696 6.32304 4.2
    endloop
  endfacet
  facet normal 0 0 1
    outer loop
      vertex -1.60287 10.4862 4.2
      vertex -4.97609 11.5095 4.2
      vertex -1.64281 10.3268 4.2
    endloop
  endfacet
  facet normal 0 0 1
    outer loop
      vertex -1.39271 9.06942 4.2
      vertex -4.32364 7.11103 4.2
      vertex -4.01965 6.70115 4.2
    endloop
  endfacet
  facet normal -0 0 1
    outer loop
      vertex -5.10008 11.0145 4.2
      vertex -1.64281 10.3268 4.2
      vertex -4.97609 11.5095 4.2
    endloop
  endfacet
  facet normal 0 0 1
    outer loop
      vertex -1.47722 9.21041 4.2
      vertex -4.58599 7.54874 4.2
      vertex -4.32364 7.11103 4.2
    endloop
  endfacet
  facet normal 0 0 1
    outer loop
      vertex -1.64281 10.3268 4.2
      vertex -5.10008 11.0145 4.2
      vertex -1.66693 10.1642 4.2
    endloop
  endfacet
  facet normal 0 0 1
    outer loop
      vertex -1.5475 9.359 4.2
      vertex -4.80417 8.01005 4.2
      vertex -4.58599 7.54874 4.2
    endloop
  endfacet
  facet normal -0 0 1
    outer loop
      vertex -5.17496 10.5097 4.2
      vertex -1.66693 10.1642 4.2
      vertex -5.10008 11.0145 4.2
    endloop
  endfacet
  facet normal 0 0 1
    outer loop
      vertex -1.60287 9.51377 4.2
      vertex -4.97609 8.49052 4.2
      vertex -4.80417 8.01005 4.2
    endloop
  endfacet
  facet normal 0 0 1
    outer loop
      vertex -1.66693 10.1642 4.2
      vertex -5.17496 10.5097 4.2
      vertex -1.675 10 4.2
    endloop
  endfacet
  facet normal 0 0 1
    outer loop
      vertex -1.64281 9.67322 4.2
      vertex -5.10008 8.98553 4.2
      vertex -4.97609 8.49052 4.2
    endloop
  endfacet
  facet normal 0 0 1
    outer loop
      vertex -5.2 10 4.2
      vertex -1.675 10 4.2
      vertex -5.17496 10.5097 4.2
    endloop
  endfacet
  facet normal 0 0 1
    outer loop
      vertex -1.66693 9.83582 4.2
      vertex -5.17496 9.49031 4.2
      vertex -5.10008 8.98553 4.2
    endloop
  endfacet
  facet normal 0 0 1
    outer loop
      vertex -1.675 10 4.2
      vertex -5.2 10 4.2
      vertex -5.17496 9.49031 4.2
    endloop
  endfacet
  facet normal 0 0 1
    outer loop
      vertex 11.6029 131.514 4.2
      vertex 15.2 132 4.2
      vertex 11.6428 131.673 4.2
    endloop
  endfacet
  facet normal 0 0 1
    outer loop
      vertex 29 41 4.2
      vertex 11.6669 0.164178 4.2
      vertex 11.675 0 4.2
    endloop
  endfacet
  facet normal 0 0 1
    outer loop
      vertex 11.5475 131.359 4.2
      vertex 15.2 132 4.2
      vertex 11.6029 131.514 4.2
    endloop
  endfacet
  facet normal 0 0 1
    outer loop
      vertex 29 41 4.2
      vertex 11.6428 0.326776 4.2
      vertex 11.6669 0.164178 4.2
    endloop
  endfacet
  facet normal 0 0 1
    outer loop
      vertex 11.4772 131.21 4.2
      vertex 15.2 132 4.2
      vertex 11.5475 131.359 4.2
    endloop
  endfacet
  facet normal 0 0 1
    outer loop
      vertex 29 41 4.2
      vertex 11.6029 0.486226 4.2
      vertex 11.6428 0.326776 4.2
    endloop
  endfacet
  facet normal 0 0 1
    outer loop
      vertex 11.3927 131.069 4.2
      vertex 15.2 132 4.2
      vertex 11.4772 131.21 4.2
    endloop
  endfacet
  facet normal 0 0 1
    outer loop
      vertex 29 41 4.2
      vertex 11.5475 0.640994 4.2
      vertex 11.6029 0.486226 4.2
    endloop
  endfacet
  facet normal 0 0 1
    outer loop
      vertex 11.2948 130.937 4.2
      vertex 15.2 132 4.2
      vertex 11.3927 131.069 4.2
    endloop
  endfacet
  facet normal 0 0 1
    outer loop
      vertex 29 41 4.2
      vertex 11.4772 0.789589 4.2
      vertex 11.5475 0.640994 4.2
    endloop
  endfacet
  facet normal 0 0 1
    outer loop
      vertex 11.1844 130.816 4.2
      vertex 15.2 132 4.2
      vertex 11.2948 130.937 4.2
    endloop
  endfacet
  facet normal 0 0 1
    outer loop
      vertex 29 41 4.2
      vertex 11.3927 0.93058 4.2
      vertex 11.4772 0.789589 4.2
    endloop
  endfacet
  facet normal 0 0 1
    outer loop
      vertex 11.0626 130.705 4.2
      vertex 15.2 132 4.2
      vertex 11.1844 130.816 4.2
    endloop
  endfacet
  facet normal 0 0 1
    outer loop
      vertex 29 41 4.2
      vertex 11.2948 1.06261 4.2
      vertex 11.3927 0.93058 4.2
    endloop
  endfacet
  facet normal 0 0 1
    outer loop
      vertex 10.9306 130.607 4.2
      vertex 15.2 132 4.2
      vertex 11.0626 130.705 4.2
    endloop
  endfacet
  facet normal 0 0 1
    outer loop
      vertex 29 41 4.2
      vertex 11.1844 1.1844 4.2
      vertex 11.2948 1.06261 4.2
    endloop
  endfacet
  facet normal 0 0 1
    outer loop
      vertex 10.7896 130.523 4.2
      vertex 15.2 132 4.2
      vertex 10.9306 130.607 4.2
    endloop
  endfacet
  facet normal 0 0 1
    outer loop
      vertex 29 41 4.2
      vertex 11.0626 1.29479 4.2
      vertex 11.1844 1.1844 4.2
    endloop
  endfacet
  facet normal 0 0 1
    outer loop
      vertex 10.641 130.452 4.2
      vertex 15.2 132 4.2
      vertex 10.7896 130.523 4.2
    endloop
  endfacet
  facet normal 0 0 1
    outer loop
      vertex 29 41 4.2
      vertex 10.9306 1.39271 4.2
      vertex 11.0626 1.29479 4.2
    endloop
  endfacet
  facet normal -0 0 1
    outer loop
      vertex 10.3268 130.357 4.2
      vertex 1.64281 121.673 4.2
      vertex 10.4862 130.397 4.2
    endloop
  endfacet
  facet normal 0 0 1
    outer loop
      vertex 29 41 4.2
      vertex 10.7896 1.47722 4.2
      vertex 10.9306 1.39271 4.2
    endloop
  endfacet
  facet normal 0 0 1
    outer loop
      vertex 1.64281 121.673 4.2
      vertex 10.3268 130.357 4.2
      vertex 1.66693 121.836 4.2
    endloop
  endfacet
  facet normal 0 0 1
    outer loop
      vertex 29 41 4.2
      vertex 10.641 1.5475 4.2
      vertex 10.7896 1.47722 4.2
    endloop
  endfacet
  facet normal -0 0 1
    outer loop
      vertex 10.1642 130.333 4.2
      vertex 1.66693 121.836 4.2
      vertex 10.3268 130.357 4.2
    endloop
  endfacet
  facet normal 0 0 1
    outer loop
      vertex 29 41 4.2
      vertex 10.4862 1.60287 4.2
      vertex 10.641 1.5475 4.2
    endloop
  endfacet
  facet normal 0 0 1
    outer loop
      vertex 1.66693 121.836 4.2
      vertex 10.1642 130.333 4.2
      vertex 1.675 122 4.2
    endloop
  endfacet
  facet normal 0 0 1
    outer loop
      vertex 29 41 4.2
      vertex 10.3268 1.64281 4.2
      vertex 10.4862 1.60287 4.2
    endloop
  endfacet
  facet normal 0 0 1
    outer loop
      vertex 1.675 122 4.2
      vertex 10.1642 130.333 4.2
      vertex 10 130.325 4.2
    endloop
  endfacet
  facet normal 0 0 1
    outer loop
      vertex 29 41 4.2
      vertex 10.1642 1.66693 4.2
      vertex 10.3268 1.64281 4.2
    endloop
  endfacet
  facet normal 0 0 1
    outer loop
      vertex 1.675 122 4.2
      vertex 10 130.325 4.2
      vertex 9.83582 130.333 4.2
    endloop
  endfacet
  facet normal 0 0 1
    outer loop
      vertex 29 41 4.2
      vertex 10 1.675 4.2
      vertex 10.1642 1.66693 4.2
    endloop
  endfacet
  facet normal 0 0 1
    outer loop
      vertex 1.675 122 4.2
      vertex 9.83582 130.333 4.2
      vertex 9.67322 130.357 4.2
    endloop
  endfacet
  facet normal 0 0 1
    outer loop
      vertex 29 41 4.2
      vertex 9.83582 1.66693 4.2
      vertex 10 1.675 4.2
    endloop
  endfacet
  facet normal 0 0 1
    outer loop
      vertex 1.675 122 4.2
      vertex 9.67322 130.357 4.2
      vertex 9.51377 130.397 4.2
    endloop
  endfacet
  facet normal 0 0 1
    outer loop
      vertex 29 41 4.2
      vertex 9.67322 1.64281 4.2
      vertex 9.83582 1.66693 4.2
    endloop
  endfacet
  facet normal 0 0 1
    outer loop
      vertex 1.675 122 4.2
      vertex 9.51377 130.397 4.2
      vertex 9.359 130.452 4.2
    endloop
  endfacet
  facet normal 0 0 1
    outer loop
      vertex 29 41 4.2
      vertex 9.51377 1.60287 4.2
      vertex 9.67322 1.64281 4.2
    endloop
  endfacet
  facet normal 0 0 1
    outer loop
      vertex 9.06942 130.607 4.2
      vertex 1.675 122 4.2
      vertex 9.21041 130.523 4.2
    endloop
  endfacet
  facet normal 0 0 1
    outer loop
      vertex 29 41 4.2
      vertex 9.359 1.5475 4.2
      vertex 9.51377 1.60287 4.2
    endloop
  endfacet
  facet normal 0 0 1
    outer loop
      vertex 8.93739 130.705 4.2
      vertex 1.675 122 4.2
      vertex 9.06942 130.607 4.2
    endloop
  endfacet
  facet normal 0 0 1
    outer loop
      vertex 9.21041 130.523 4.2
      vertex 1.675 122 4.2
      vertex 9.359 130.452 4.2
    endloop
  endfacet
  facet normal 0 0 1
    outer loop
      vertex 1.675 122 4.2
      vertex 4.80048 131.99 4.2
      vertex 4.5099 131.976 4.2
    endloop
  endfacet
  facet normal 0 0 1
    outer loop
      vertex 4.80048 0.00979614 4.2
      vertex 9.359 1.5475 4.2
      vertex 29 41 4.2
    endloop
  endfacet
  facet normal 0 0 1
    outer loop
      vertex 1.675 122 4.2
      vertex 8.93739 130.705 4.2
      vertex 4.80048 131.99 4.2
    endloop
  endfacet
  facet normal 0 0 1
    outer loop
      vertex 9.359 1.5475 4.2
      vertex 4.80048 0.00979614 4.2
      vertex 9.21041 1.47722 4.2
    endloop
  endfacet
  facet normal 0 0 1
    outer loop
      vertex 4.80048 131.99 4.2
      vertex 8.93739 130.705 4.2
      vertex 8.8156 130.816 4.2
    endloop
  endfacet
  facet normal 0 0 1
    outer loop
      vertex 4.80048 0.00979614 4.2
      vertex 9.06942 1.39271 4.2
      vertex 9.21041 1.47722 4.2
    endloop
  endfacet
  facet normal 0 0 1
    outer loop
      vertex 4.80048 131.99 4.2
      vertex 8.8156 130.816 4.2
      vertex 8.70521 130.937 4.2
    endloop
  endfacet
  facet normal 0 0 1
    outer loop
      vertex 4.80048 0.00979614 4.2
      vertex 8.93739 1.29479 4.2
      vertex 9.06942 1.39271 4.2
    endloop
  endfacet
  facet normal 0 0 1
    outer loop
      vertex 4.80048 131.99 4.2
      vertex 8.70521 130.937 4.2
      vertex 8.60729 131.069 4.2
    endloop
  endfacet
  facet normal 0 0 1
    outer loop
      vertex 4.80048 0.00979614 4.2
      vertex 8.8156 1.1844 4.2
      vertex 8.93739 1.29479 4.2
    endloop
  endfacet
  facet normal 0 0 1
    outer loop
      vertex 4.80048 131.99 4.2
      vertex 8.60729 131.069 4.2
      vertex 8.52278 131.21 4.2
    endloop
  endfacet
  facet normal 0 0 1
    outer loop
      vertex 4.80048 0.00979614 4.2
      vertex 8.70521 1.06261 4.2
      vertex 8.8156 1.1844 4.2
    endloop
  endfacet
  facet normal 0 0 1
    outer loop
      vertex 4.80048 131.99 4.2
      vertex 8.52278 131.21 4.2
      vertex 8.4525 131.359 4.2
    endloop
  endfacet
  facet normal 0 0 1
    outer loop
      vertex 4.80048 0.00979614 4.2
      vertex 8.60729 0.93058 4.2
      vertex 8.70521 1.06261 4.2
    endloop
  endfacet
  facet normal 0 0 1
    outer loop
      vertex 4.80048 131.99 4.2
      vertex 8.4525 131.359 4.2
      vertex 8.39712 131.514 4.2
    endloop
  endfacet
  facet normal 0 0 1
    outer loop
      vertex 4.80048 0.00979614 4.2
      vertex 8.52278 0.789589 4.2
      vertex 8.60729 0.93058 4.2
    endloop
  endfacet
  facet normal 0 0 1
    outer loop
      vertex 4.80048 131.99 4.2
      vertex 8.39712 131.514 4.2
      vertex 8.35718 131.673 4.2
    endloop
  endfacet
  facet normal 0 0 1
    outer loop
      vertex 4.80048 0.00979614 4.2
      vertex 8.4525 0.640994 4.2
      vertex 8.52278 0.789589 4.2
    endloop
  endfacet
  facet normal 0 0 1
    outer loop
      vertex 4.80048 131.99 4.2
      vertex 8.35718 131.673 4.2
      vertex 8.33307 131.836 4.2
    endloop
  endfacet
  facet normal 0 0 1
    outer loop
      vertex 4.80048 0.00979614 4.2
      vertex 8.39712 0.486226 4.2
      vertex 8.4525 0.640994 4.2
    endloop
  endfacet
  facet normal -0 0 1
    outer loop
      vertex 4.80048 131.99 4.2
      vertex 8.33307 131.836 4.2
      vertex 8.325 132 4.2
    endloop
  endfacet
  facet normal 0 0 1
    outer loop
      vertex 4.80048 0.00979614 4.2
      vertex 8.35718 0.326776 4.2
      vertex 8.39712 0.486226 4.2
    endloop
  endfacet
  facet normal -0 0 1
    outer loop
      vertex 11.3927 -0.93058 4.2
      vertex 14.3236 -2.88896 4.2
      vertex 11.4772 -0.789589 4.2
    endloop
  endfacet
  facet normal 0 0 1
    outer loop
      vertex 14.3236 -2.88896 4.2
      vertex 11.3927 -0.93058 4.2
      vertex 14.0197 -3.29884 4.2
    endloop
  endfacet
  facet normal -0 0 1
    outer loop
      vertex 11.2948 -1.06261 4.2
      vertex 14.0197 -3.29884 4.2
      vertex 11.3927 -0.93058 4.2
    endloop
  endfacet
  facet normal 0 0 1
    outer loop
      vertex 14.0197 -3.29884 4.2
      vertex 11.2948 -1.06261 4.2
      vertex 13.677 -3.67696 4.2
    endloop
  endfacet
  facet normal -0 0 1
    outer loop
      vertex 11.1844 -1.1844 4.2
      vertex 13.677 -3.67696 4.2
      vertex 11.2948 -1.06261 4.2
    endloop
  endfacet
  facet normal 0 0 1
    outer loop
      vertex 13.677 -3.67696 4.2
      vertex 11.1844 -1.1844 4.2
      vertex 13.2988 -4.01965 4.2
    endloop
  endfacet
  facet normal -0 0 1
    outer loop
      vertex 11.0626 -1.29479 4.2
      vertex 13.2988 -4.01965 4.2
      vertex 11.1844 -1.1844 4.2
    endloop
  endfacet
  facet normal 0 0 1
    outer loop
      vertex 13.2988 -4.01965 4.2
      vertex 11.0626 -1.29479 4.2
      vertex 12.889 -4.32364 4.2
    endloop
  endfacet
  facet normal -0 0 1
    outer loop
      vertex 10.9306 -1.39271 4.2
      vertex 12.889 -4.32364 4.2
      vertex 11.0626 -1.29479 4.2
    endloop
  endfacet
  facet normal 0 0 1
    outer loop
      vertex 12.889 -4.32364 4.2
      vertex 10.9306 -1.39271 4.2
      vertex 12.4513 -4.58599 4.2
    endloop
  endfacet
  facet normal -0 0 1
    outer loop
      vertex 10.7896 -1.47722 4.2
      vertex 12.4513 -4.58599 4.2
      vertex 10.9306 -1.39271 4.2
    endloop
  endfacet
  facet normal 0 0 1
    outer loop
      vertex 12.4513 -4.58599 4.2
      vertex 10.7896 -1.47722 4.2
      vertex 11.99 -4.80417 4.2
    endloop
  endfacet
  facet normal -0 0 1
    outer loop
      vertex 10.641 -1.5475 4.2
      vertex 11.99 -4.80417 4.2
      vertex 10.7896 -1.47722 4.2
    endloop
  endfacet
  facet normal 0 0 1
    outer loop
      vertex 11.99 -4.80417 4.2
      vertex 10.641 -1.5475 4.2
      vertex 11.5095 -4.97609 4.2
    endloop
  endfacet
  facet normal -0 0 1
    outer loop
      vertex 10.4862 -1.60287 4.2
      vertex 11.5095 -4.97609 4.2
      vertex 10.641 -1.5475 4.2
    endloop
  endfacet
  facet normal 0 0 1
    outer loop
      vertex 11.5095 -4.97609 4.2
      vertex 10.4862 -1.60287 4.2
      vertex 11.0145 -5.10008 4.2
    endloop
  endfacet
  facet normal -0 0 1
    outer loop
      vertex 10.3268 -1.64281 4.2
      vertex 11.0145 -5.10008 4.2
      vertex 10.4862 -1.60287 4.2
    endloop
  endfacet
  facet normal 0 0 1
    outer loop
      vertex 11.0145 -5.10008 4.2
      vertex 10.3268 -1.64281 4.2
      vertex 10.5097 -5.17496 4.2
    endloop
  endfacet
  facet normal -0 0 1
    outer loop
      vertex 10.1642 -1.66693 4.2
      vertex 10.5097 -5.17496 4.2
      vertex 10.3268 -1.64281 4.2
    endloop
  endfacet
  facet normal -0 0 1
    outer loop
      vertex 10 -1.675 4.2
      vertex 10.5097 -5.17496 4.2
      vertex 10.1642 -1.66693 4.2
    endloop
  endfacet
  facet normal 0 0 1
    outer loop
      vertex 10 -1.675 4.2
      vertex 10 -5.2 4.2
      vertex 10.5097 -5.17496 4.2
    endloop
  endfacet
  facet normal 0 0 1
    outer loop
      vertex 9.83582 -1.66693 4.2
      vertex 10 -5.2 4.2
      vertex 10 -1.675 4.2
    endloop
  endfacet
  facet normal 0 0 1
    outer loop
      vertex 9.49031 -5.17496 4.2
      vertex 9.83582 -1.66693 4.2
      vertex 9.67322 -1.64281 4.2
    endloop
  endfacet
  facet normal 0 0 1
    outer loop
      vertex 8.98553 -5.10008 4.2
      vertex 9.67322 -1.64281 4.2
      vertex 9.51377 -1.60287 4.2
    endloop
  endfacet
  facet normal 0 0 1
    outer loop
      vertex 9.83582 -1.66693 4.2
      vertex 9.49031 -5.17496 4.2
      vertex 10 -5.2 4.2
    endloop
  endfacet
  facet normal 0 0 1
    outer loop
      vertex 8.49052 -4.97609 4.2
      vertex 9.51377 -1.60287 4.2
      vertex 9.359 -1.5475 4.2
    endloop
  endfacet
  facet normal 0 0 1
    outer loop
      vertex 8.01005 -4.80417 4.2
      vertex 9.359 -1.5475 4.2
      vertex 9.21041 -1.47722 4.2
    endloop
  endfacet
  facet normal 0 0 1
    outer loop
      vertex 7.54874 -4.58599 4.2
      vertex 9.21041 -1.47722 4.2
      vertex 9.06942 -1.39271 4.2
    endloop
  endfacet
  facet normal 0 0 1
    outer loop
      vertex 9.67322 -1.64281 4.2
      vertex 8.98553 -5.10008 4.2
      vertex 9.49031 -5.17496 4.2
    endloop
  endfacet
  facet normal 0 0 1
    outer loop
      vertex 7.11103 -4.32364 4.2
      vertex 9.06942 -1.39271 4.2
      vertex 8.93739 -1.29479 4.2
    endloop
  endfacet
  facet normal 0 0 1
    outer loop
      vertex 6.70115 -4.01965 4.2
      vertex 8.93739 -1.29479 4.2
      vertex 8.8156 -1.1844 4.2
    endloop
  endfacet
  facet normal 0 0 1
    outer loop
      vertex 6.32304 -3.67696 4.2
      vertex 8.8156 -1.1844 4.2
      vertex 8.70521 -1.06261 4.2
    endloop
  endfacet
  facet normal 0 0 1
    outer loop
      vertex 5.98034 -3.29884 4.2
      vertex 8.70521 -1.06261 4.2
      vertex 8.60729 -0.93058 4.2
    endloop
  endfacet
  facet normal 0 0 1
    outer loop
      vertex 5.67636 -2.88896 4.2
      vertex 8.60729 -0.93058 4.2
      vertex 8.52278 -0.789589 4.2
    endloop
  endfacet
  facet normal 0 0 1
    outer loop
      vertex 9.51377 -1.60287 4.2
      vertex 8.49052 -4.97609 4.2
      vertex 8.98553 -5.10008 4.2
    endloop
  endfacet
  facet normal 0 0 1
    outer loop
      vertex 5.41401 -2.45126 4.2
      vertex 8.52278 -0.789589 4.2
      vertex 8.4525 -0.640994 4.2
    endloop
  endfacet
  facet normal 0 0 1
    outer loop
      vertex 5.19583 -1.98995 4.2
      vertex 8.4525 -0.640994 4.2
      vertex 8.39712 -0.486226 4.2
    endloop
  endfacet
  facet normal 0 0 1
    outer loop
      vertex 5.02391 -1.50948 4.2
      vertex 8.39712 -0.486226 4.2
      vertex 8.35718 -0.326776 4.2
    endloop
  endfacet
  facet normal 0 0 1
    outer loop
      vertex 4.89992 -1.01447 4.2
      vertex 8.35718 -0.326776 4.2
      vertex 8.33307 -0.164178 4.2
    endloop
  endfacet
  facet normal 0 0 1
    outer loop
      vertex 4.82504 -0.509688 4.2
      vertex 8.33307 -0.164178 4.2
      vertex 8.325 0 4.2
    endloop
  endfacet
  facet normal 0 0 1
    outer loop
      vertex 9.359 -1.5475 4.2
      vertex 8.01005 -4.80417 4.2
      vertex 8.49052 -4.97609 4.2
    endloop
  endfacet
  facet normal 0 0 1
    outer loop
      vertex 4.80048 0.00979614 4.2
      vertex 8.33307 0.164178 4.2
      vertex 8.35718 0.326776 4.2
    endloop
  endfacet
  facet normal 0 0 1
    outer loop
      vertex 4.80048 131.99 4.2
      vertex 8.01005 136.804 4.2
      vertex 7.54874 136.586 4.2
    endloop
  endfacet
  facet normal -0 0 1
    outer loop
      vertex 4.80048 0.00979614 4.2
      vertex 8.325 0 4.2
      vertex 8.33307 0.164178 4.2
    endloop
  endfacet
  facet normal 0 0 1
    outer loop
      vertex 4.80048 131.99 4.2
      vertex 7.54874 136.586 4.2
      vertex 7.11103 136.324 4.2
    endloop
  endfacet
  facet normal 0 0 1
    outer loop
      vertex 8.33307 -0.164178 4.2
      vertex 4.82504 -0.509688 4.2
      vertex 4.89992 -1.01447 4.2
    endloop
  endfacet
  facet normal 0 0 1
    outer loop
      vertex 4.80048 131.99 4.2
      vertex 7.11103 136.324 4.2
      vertex 6.70115 136.02 4.2
    endloop
  endfacet
  facet normal 0 0 1
    outer loop
      vertex 9.21041 -1.47722 4.2
      vertex 7.54874 -4.58599 4.2
      vertex 8.01005 -4.80417 4.2
    endloop
  endfacet
  facet normal 0 0 1
    outer loop
      vertex 4.80048 131.99 4.2
      vertex 6.70115 136.02 4.2
      vertex 6.32304 135.677 4.2
    endloop
  endfacet
  facet normal 0 0 1
    outer loop
      vertex 9.06942 -1.39271 4.2
      vertex 7.11103 -4.32364 4.2
      vertex 7.54874 -4.58599 4.2
    endloop
  endfacet
  facet normal 0 0 1
    outer loop
      vertex 4.80048 131.99 4.2
      vertex 6.32304 135.677 4.2
      vertex 5.98034 135.299 4.2
    endloop
  endfacet
  facet normal 0 0 1
    outer loop
      vertex 8.93739 -1.29479 4.2
      vertex 6.70115 -4.01965 4.2
      vertex 7.11103 -4.32364 4.2
    endloop
  endfacet
  facet normal 0 0 1
    outer loop
      vertex 4.80048 131.99 4.2
      vertex 5.98034 135.299 4.2
      vertex 5.67636 134.889 4.2
    endloop
  endfacet
  facet normal 0 0 1
    outer loop
      vertex 8.8156 -1.1844 4.2
      vertex 6.32304 -3.67696 4.2
      vertex 6.70115 -4.01965 4.2
    endloop
  endfacet
  facet normal 0 0 1
    outer loop
      vertex 4.80048 131.99 4.2
      vertex 5.67636 134.889 4.2
      vertex 5.41401 134.451 4.2
    endloop
  endfacet
  facet normal 0 0 1
    outer loop
      vertex 8.70521 -1.06261 4.2
      vertex 5.98034 -3.29884 4.2
      vertex 6.32304 -3.67696 4.2
    endloop
  endfacet
  facet normal 0 0 1
    outer loop
      vertex 4.80048 131.99 4.2
      vertex 5.41401 134.451 4.2
      vertex 5.19583 133.99 4.2
    endloop
  endfacet
  facet normal 0 0 1
    outer loop
      vertex 8.60729 -0.93058 4.2
      vertex 5.67636 -2.88896 4.2
      vertex 5.98034 -3.29884 4.2
    endloop
  endfacet
  facet normal 0 0 1
    outer loop
      vertex 4.80048 131.99 4.2
      vertex 5.19583 133.99 4.2
      vertex 5.02391 133.509 4.2
    endloop
  endfacet
  facet normal 0 0 1
    outer loop
      vertex 8.52278 -0.789589 4.2
      vertex 5.41401 -2.45126 4.2
      vertex 5.67636 -2.88896 4.2
    endloop
  endfacet
  facet normal 0 0 1
    outer loop
      vertex 4.80048 131.99 4.2
      vertex 5.02391 133.509 4.2
      vertex 4.89992 133.014 4.2
    endloop
  endfacet
  facet normal 0 0 1
    outer loop
      vertex 8.4525 -0.640994 4.2
      vertex 5.19583 -1.98995 4.2
      vertex 5.41401 -2.45126 4.2
    endloop
  endfacet
  facet normal 0 0 1
    outer loop
      vertex 4.80048 131.99 4.2
      vertex 4.89992 133.014 4.2
      vertex 4.82504 132.51 4.2
    endloop
  endfacet
  facet normal 0 0 1
    outer loop
      vertex 8.39712 -0.486226 4.2
      vertex 5.02391 -1.50948 4.2
      vertex 5.19583 -1.98995 4.2
    endloop
  endfacet
  facet normal 0 0 1
    outer loop
      vertex 8.35718 -0.326776 4.2
      vertex 4.89992 -1.01447 4.2
      vertex 5.02391 -1.50948 4.2
    endloop
  endfacet
  facet normal 0 -0 1
    outer loop
      vertex 4.80048 131.99 4.2
      vertex 4.82504 132.51 4.2
      vertex 4.8 132 4.2
    endloop
  endfacet
  facet normal 0 0 1
    outer loop
      vertex 118.333 0.164178 4.2
      vertex 114.8 0 4.2
      vertex 118.325 0 4.2
    endloop
  endfacet
  facet normal -0 0 1
    outer loop
      vertex 29 15 4.2
      vertex 114.8 0 4.2
      vertex 109 15 4.2
    endloop
  endfacet
  facet normal 0 0 1
    outer loop
      vertex 29 15 4.2
      vertex 15.2 0 4.2
      vertex 114.8 0 4.2
    endloop
  endfacet
  facet normal 0 0 1
    outer loop
      vertex 11.675 0 4.2
      vertex 29 15 4.2
      vertex 29 41 4.2
    endloop
  endfacet
  facet normal 0 0 1
    outer loop
      vertex 11.675 132 4.2
      vertex 15.2 132 4.2
      vertex 15.175 132.51 4.2
    endloop
  endfacet
  facet normal 0 0 1
    outer loop
      vertex 11.6428 131.673 4.2
      vertex 15.2 132 4.2
      vertex 11.6669 131.836 4.2
    endloop
  endfacet
  facet normal 0 0 1
    outer loop
      vertex 11.6669 132.164 4.2
      vertex 15.175 132.51 4.2
      vertex 15.1001 133.014 4.2
    endloop
  endfacet
  facet normal 0 0 1
    outer loop
      vertex 29 15 4.2
      vertex 11.675 0 4.2
      vertex 15.2 0 4.2
    endloop
  endfacet
  facet normal 0 0 1
    outer loop
      vertex 11.6428 132.327 4.2
      vertex 15.1001 133.014 4.2
      vertex 14.9761 133.509 4.2
    endloop
  endfacet
  facet normal -0 0 1
    outer loop
      vertex 11.675 0 4.2
      vertex 15.175 -0.509688 4.2
      vertex 15.2 0 4.2
    endloop
  endfacet
  facet normal 0 0 1
    outer loop
      vertex 11.6029 132.486 4.2
      vertex 14.9761 133.509 4.2
      vertex 14.8042 133.99 4.2
    endloop
  endfacet
  facet normal -0 0 1
    outer loop
      vertex 11.6669 -0.164178 4.2
      vertex 15.175 -0.509688 4.2
      vertex 11.675 0 4.2
    endloop
  endfacet
  facet normal 0 0 1
    outer loop
      vertex 11.5475 132.641 4.2
      vertex 14.8042 133.99 4.2
      vertex 14.586 134.451 4.2
    endloop
  endfacet
  facet normal 0 0 1
    outer loop
      vertex 15.175 -0.509688 4.2
      vertex 11.6669 -0.164178 4.2
      vertex 15.1001 -1.01447 4.2
    endloop
  endfacet
  facet normal 0 0 1
    outer loop
      vertex 11.4772 132.79 4.2
      vertex 14.586 134.451 4.2
      vertex 14.3236 134.889 4.2
    endloop
  endfacet
  facet normal -0 0 1
    outer loop
      vertex 11.6428 -0.326776 4.2
      vertex 15.1001 -1.01447 4.2
      vertex 11.6669 -0.164178 4.2
    endloop
  endfacet
  facet normal 0 0 1
    outer loop
      vertex 11.3927 132.931 4.2
      vertex 14.3236 134.889 4.2
      vertex 14.0197 135.299 4.2
    endloop
  endfacet
  facet normal 0 0 1
    outer loop
      vertex 15.1001 -1.01447 4.2
      vertex 11.6428 -0.326776 4.2
      vertex 14.9761 -1.50948 4.2
    endloop
  endfacet
  facet normal 0 0 1
    outer loop
      vertex 11.2948 133.063 4.2
      vertex 14.0197 135.299 4.2
      vertex 13.677 135.677 4.2
    endloop
  endfacet
  facet normal -0 0 1
    outer loop
      vertex 11.6029 -0.486226 4.2
      vertex 14.9761 -1.50948 4.2
      vertex 11.6428 -0.326776 4.2
    endloop
  endfacet
  facet normal 0 0 1
    outer loop
      vertex 11.1844 133.184 4.2
      vertex 13.677 135.677 4.2
      vertex 13.2988 136.02 4.2
    endloop
  endfacet
  facet normal 0 0 1
    outer loop
      vertex 14.9761 -1.50948 4.2
      vertex 11.6029 -0.486226 4.2
      vertex 14.8042 -1.98995 4.2
    endloop
  endfacet
  facet normal 0 0 1
    outer loop
      vertex 11.0626 133.295 4.2
      vertex 13.2988 136.02 4.2
      vertex 12.889 136.324 4.2
    endloop
  endfacet
  facet normal -0 0 1
    outer loop
      vertex 11.5475 -0.640994 4.2
      vertex 14.8042 -1.98995 4.2
      vertex 11.6029 -0.486226 4.2
    endloop
  endfacet
  facet normal 0 0 1
    outer loop
      vertex 10.9306 133.393 4.2
      vertex 12.889 136.324 4.2
      vertex 12.4513 136.586 4.2
    endloop
  endfacet
  facet normal 0 0 1
    outer loop
      vertex 14.8042 -1.98995 4.2
      vertex 11.5475 -0.640994 4.2
      vertex 14.586 -2.45126 4.2
    endloop
  endfacet
  facet normal 0 0 1
    outer loop
      vertex 10.7896 133.477 4.2
      vertex 12.4513 136.586 4.2
      vertex 11.99 136.804 4.2
    endloop
  endfacet
  facet normal -0 0 1
    outer loop
      vertex 11.4772 -0.789589 4.2
      vertex 14.586 -2.45126 4.2
      vertex 11.5475 -0.640994 4.2
    endloop
  endfacet
  facet normal 0 0 1
    outer loop
      vertex 14.586 -2.45126 4.2
      vertex 11.4772 -0.789589 4.2
      vertex 14.3236 -2.88896 4.2
    endloop
  endfacet
  facet normal 0 0 1
    outer loop
      vertex 15.175 132.51 4.2
      vertex 11.6669 132.164 4.2
      vertex 11.675 132 4.2
    endloop
  endfacet
  facet normal 0 0 1
    outer loop
      vertex 15.1001 133.014 4.2
      vertex 11.6428 132.327 4.2
      vertex 11.6669 132.164 4.2
    endloop
  endfacet
  facet normal 0 0 1
    outer loop
      vertex 14.9761 133.509 4.2
      vertex 11.6029 132.486 4.2
      vertex 11.6428 132.327 4.2
    endloop
  endfacet
  facet normal 0 0 1
    outer loop
      vertex 14.8042 133.99 4.2
      vertex 11.5475 132.641 4.2
      vertex 11.6029 132.486 4.2
    endloop
  endfacet
  facet normal 0 0 1
    outer loop
      vertex 10.641 133.548 4.2
      vertex 11.99 136.804 4.2
      vertex 11.5095 136.976 4.2
    endloop
  endfacet
  facet normal 0 0 1
    outer loop
      vertex 14.586 134.451 4.2
      vertex 11.4772 132.79 4.2
      vertex 11.5475 132.641 4.2
    endloop
  endfacet
  facet normal 0 0 1
    outer loop
      vertex 14.3236 134.889 4.2
      vertex 11.3927 132.931 4.2
      vertex 11.4772 132.79 4.2
    endloop
  endfacet
  facet normal 0 0 1
    outer loop
      vertex 14.0197 135.299 4.2
      vertex 11.2948 133.063 4.2
      vertex 11.3927 132.931 4.2
    endloop
  endfacet
  facet normal 0 0 1
    outer loop
      vertex 13.677 135.677 4.2
      vertex 11.1844 133.184 4.2
      vertex 11.2948 133.063 4.2
    endloop
  endfacet
  facet normal 0 0 1
    outer loop
      vertex 13.2988 136.02 4.2
      vertex 11.0626 133.295 4.2
      vertex 11.1844 133.184 4.2
    endloop
  endfacet
  facet normal 0 0 1
    outer loop
      vertex 10.4862 133.603 4.2
      vertex 11.5095 136.976 4.2
      vertex 11.0145 137.1 4.2
    endloop
  endfacet
  facet normal 0 0 1
    outer loop
      vertex 12.889 136.324 4.2
      vertex 10.9306 133.393 4.2
      vertex 11.0626 133.295 4.2
    endloop
  endfacet
  facet normal 0 0 1
    outer loop
      vertex 12.4513 136.586 4.2
      vertex 10.7896 133.477 4.2
      vertex 10.9306 133.393 4.2
    endloop
  endfacet
  facet normal 0 0 1
    outer loop
      vertex 11.99 136.804 4.2
      vertex 10.641 133.548 4.2
      vertex 10.7896 133.477 4.2
    endloop
  endfacet
  facet normal 0 0 1
    outer loop
      vertex 10.3268 133.643 4.2
      vertex 11.0145 137.1 4.2
      vertex 10.5097 137.175 4.2
    endloop
  endfacet
  facet normal 0 0 1
    outer loop
      vertex 11.5095 136.976 4.2
      vertex 10.4862 133.603 4.2
      vertex 10.641 133.548 4.2
    endloop
  endfacet
  facet normal 0 0 1
    outer loop
      vertex 11.0145 137.1 4.2
      vertex 10.3268 133.643 4.2
      vertex 10.4862 133.603 4.2
    endloop
  endfacet
  facet normal 0 0 1
    outer loop
      vertex 10.5097 137.175 4.2
      vertex 10.1642 133.667 4.2
      vertex 10.3268 133.643 4.2
    endloop
  endfacet
  facet normal 0 0 1
    outer loop
      vertex 10 137.2 4.2
      vertex 10.1642 133.667 4.2
      vertex 10.5097 137.175 4.2
    endloop
  endfacet
  facet normal 0 0 1
    outer loop
      vertex 10 137.2 4.2
      vertex 10 133.675 4.2
      vertex 10.1642 133.667 4.2
    endloop
  endfacet
  facet normal 0 0 1
    outer loop
      vertex 10 137.2 4.2
      vertex 9.83582 133.667 4.2
      vertex 10 133.675 4.2
    endloop
  endfacet
  facet normal -0 0 1
    outer loop
      vertex 9.49031 137.175 4.2
      vertex 9.83582 133.667 4.2
      vertex 10 137.2 4.2
    endloop
  endfacet
  facet normal 0 0 1
    outer loop
      vertex 9.83582 133.667 4.2
      vertex 9.49031 137.175 4.2
      vertex 9.67322 133.643 4.2
    endloop
  endfacet
  facet normal -0 0 1
    outer loop
      vertex 8.98553 137.1 4.2
      vertex 9.67322 133.643 4.2
      vertex 9.49031 137.175 4.2
    endloop
  endfacet
  facet normal 0 0 1
    outer loop
      vertex 9.67322 133.643 4.2
      vertex 8.98553 137.1 4.2
      vertex 9.51377 133.603 4.2
    endloop
  endfacet
  facet normal -0 0 1
    outer loop
      vertex 8.49052 136.976 4.2
      vertex 9.51377 133.603 4.2
      vertex 8.98553 137.1 4.2
    endloop
  endfacet
  facet normal 0 0 1
    outer loop
      vertex 9.51377 133.603 4.2
      vertex 8.49052 136.976 4.2
      vertex 9.359 133.548 4.2
    endloop
  endfacet
  facet normal -0 0 1
    outer loop
      vertex 8.01005 136.804 4.2
      vertex 9.359 133.548 4.2
      vertex 8.49052 136.976 4.2
    endloop
  endfacet
  facet normal 0 0 1
    outer loop
      vertex 9.359 133.548 4.2
      vertex 8.01005 136.804 4.2
      vertex 9.21041 133.477 4.2
    endloop
  endfacet
  facet normal 0 0 1
    outer loop
      vertex 9.21041 133.477 4.2
      vertex 8.01005 136.804 4.2
      vertex 9.06942 133.393 4.2
    endloop
  endfacet
  facet normal 0 0 1
    outer loop
      vertex 9.06942 133.393 4.2
      vertex 8.01005 136.804 4.2
      vertex 8.93739 133.295 4.2
    endloop
  endfacet
  facet normal 0 0 1
    outer loop
      vertex 8.93739 133.295 4.2
      vertex 8.01005 136.804 4.2
      vertex 8.8156 133.184 4.2
    endloop
  endfacet
  facet normal 0 0 1
    outer loop
      vertex 8.8156 133.184 4.2
      vertex 8.01005 136.804 4.2
      vertex 8.70521 133.063 4.2
    endloop
  endfacet
  facet normal 0 0 1
    outer loop
      vertex 8.70521 133.063 4.2
      vertex 8.01005 136.804 4.2
      vertex 8.60729 132.931 4.2
    endloop
  endfacet
  facet normal 0 0 1
    outer loop
      vertex 4.80048 131.99 4.2
      vertex 8.60729 132.931 4.2
      vertex 8.01005 136.804 4.2
    endloop
  endfacet
  facet normal 0 0 1
    outer loop
      vertex 8.60729 132.931 4.2
      vertex 4.80048 131.99 4.2
      vertex 8.52278 132.79 4.2
    endloop
  endfacet
  facet normal 0 0 1
    outer loop
      vertex 8.52278 132.79 4.2
      vertex 4.80048 131.99 4.2
      vertex 8.4525 132.641 4.2
    endloop
  endfacet
  facet normal 0 0 1
    outer loop
      vertex 8.4525 132.641 4.2
      vertex 4.80048 131.99 4.2
      vertex 8.39712 132.486 4.2
    endloop
  endfacet
  facet normal 0 0 1
    outer loop
      vertex 8.39712 132.486 4.2
      vertex 4.80048 131.99 4.2
      vertex 8.35718 132.327 4.2
    endloop
  endfacet
  facet normal 0 0 1
    outer loop
      vertex 8.33307 132.164 4.2
      vertex 4.80048 131.99 4.2
      vertex 8.325 132 4.2
    endloop
  endfacet
  facet normal 0 0 1
    outer loop
      vertex 8.35718 132.327 4.2
      vertex 4.80048 131.99 4.2
      vertex 8.33307 132.164 4.2
    endloop
  endfacet
  facet normal 0 0 1
    outer loop
      vertex 114.8 132 4.2
      vertex 98 101.5 4.2
      vertex 109 41 4.2
    endloop
  endfacet
  facet normal -0 0 1
    outer loop
      vertex 66 101.5 4.2
      vertex 109 41 4.2
      vertex 98 101.5 4.2
    endloop
  endfacet
  facet normal 0 0 1
    outer loop
      vertex 109 41 4.2
      vertex 66 101.5 4.2
      vertex 29 41 4.2
    endloop
  endfacet
  facet normal 0 0 1
    outer loop
      vertex 124.586 -2.45126 4.2
      vertex 121.477 -0.789589 4.2
      vertex 124.324 -2.88896 4.2
    endloop
  endfacet
  facet normal -0 0 1
    outer loop
      vertex 121.393 -0.93058 4.2
      vertex 124.324 -2.88896 4.2
      vertex 121.477 -0.789589 4.2
    endloop
  endfacet
  facet normal 0 0 1
    outer loop
      vertex 124.804 -1.98995 4.2
      vertex 121.548 -0.640994 4.2
      vertex 124.586 -2.45126 4.2
    endloop
  endfacet
  facet normal -0 0 1
    outer loop
      vertex 121.477 -0.789589 4.2
      vertex 124.586 -2.45126 4.2
      vertex 121.548 -0.640994 4.2
    endloop
  endfacet
  facet normal -0 0 1
    outer loop
      vertex 121.603 -0.486226 4.2
      vertex 124.976 -1.50948 4.2
      vertex 121.643 -0.326776 4.2
    endloop
  endfacet
  facet normal 0 0 1
    outer loop
      vertex 124.976 -1.50948 4.2
      vertex 121.603 -0.486226 4.2
      vertex 124.804 -1.98995 4.2
    endloop
  endfacet
  facet normal -0 0 1
    outer loop
      vertex 121.643 -0.326776 4.2
      vertex 125.1 -1.01447 4.2
      vertex 121.667 -0.164178 4.2
    endloop
  endfacet
  facet normal 0 0 1
    outer loop
      vertex 125.1 -1.01447 4.2
      vertex 121.643 -0.326776 4.2
      vertex 124.976 -1.50948 4.2
    endloop
  endfacet
  facet normal 0 -0 1
    outer loop
      vertex 121.675 0 4.2
      vertex 125.2 0.0097964 4.2
      vertex 121.667 0.164178 4.2
    endloop
  endfacet
  facet normal 0 0 1
    outer loop
      vertex 125.175 -0.509688 4.2
      vertex 121.667 -0.164178 4.2
      vertex 125.1 -1.01447 4.2
    endloop
  endfacet
  facet normal 0 0 1
    outer loop
      vertex 125.2 131.99 4.2
      vertex 121.393 131.069 4.2
      vertex 121.295 130.937 4.2
    endloop
  endfacet
  facet normal -0 0 1
    outer loop
      vertex 121.667 -0.164178 4.2
      vertex 125.175 -0.509688 4.2
      vertex 121.675 0 4.2
    endloop
  endfacet
  facet normal 0 0 1
    outer loop
      vertex 125.2 131.99 4.2
      vertex 121.295 130.937 4.2
      vertex 121.184 130.816 4.2
    endloop
  endfacet
  facet normal 0 0 1
    outer loop
      vertex 125.2 0 4.2
      vertex 121.675 0 4.2
      vertex 125.175 -0.509688 4.2
    endloop
  endfacet
  facet normal 0 0 1
    outer loop
      vertex 125.2 131.99 4.2
      vertex 121.184 130.816 4.2
      vertex 121.063 130.705 4.2
    endloop
  endfacet
  facet normal -0 -0 1
    outer loop
      vertex 121.667 0.164178 4.2
      vertex 125.2 0.0097964 4.2
      vertex 121.643 0.326776 4.2
    endloop
  endfacet
  facet normal 0 0 1
    outer loop
      vertex 125.2 131.99 4.2
      vertex 121.063 130.705 4.2
      vertex 120.931 130.607 4.2
    endloop
  endfacet
  facet normal -0 -0 1
    outer loop
      vertex 121.603 0.486226 4.2
      vertex 125.2 0.0097964 4.2
      vertex 121.548 0.640994 4.2
    endloop
  endfacet
  facet normal 0 0 1
    outer loop
      vertex 125.2 131.99 4.2
      vertex 120.931 130.607 4.2
      vertex 120.79 130.523 4.2
    endloop
  endfacet
  facet normal -0 -0 1
    outer loop
      vertex 121.477 0.789589 4.2
      vertex 125.2 0.0097964 4.2
      vertex 121.393 0.93058 4.2
    endloop
  endfacet
  facet normal 0 0 1
    outer loop
      vertex 120.641 130.452 4.2
      vertex 125.2 131.99 4.2
      vertex 120.79 130.523 4.2
    endloop
  endfacet
  facet normal -0 -0 1
    outer loop
      vertex 121.295 1.06261 4.2
      vertex 125.2 0.0097964 4.2
      vertex 121.184 1.1844 4.2
    endloop
  endfacet
  facet normal 0 0 1
    outer loop
      vertex 125.2 131.99 4.2
      vertex 120.641 130.452 4.2
      vertex 109 41 4.2
    endloop
  endfacet
  facet normal -0 -0 1
    outer loop
      vertex 120.931 1.39271 4.2
      vertex 125.2 0.0097964 4.2
      vertex 120.79 1.47722 4.2
    endloop
  endfacet
  facet normal 0 0 1
    outer loop
      vertex 109 41 4.2
      vertex 120.641 130.452 4.2
      vertex 120.486 130.397 4.2
    endloop
  endfacet
  facet normal -0 -0 1
    outer loop
      vertex 121.063 1.29479 4.2
      vertex 125.2 0.0097964 4.2
      vertex 120.931 1.39271 4.2
    endloop
  endfacet
  facet normal 0 0 1
    outer loop
      vertex 109 41 4.2
      vertex 120.486 130.397 4.2
      vertex 120.327 130.357 4.2
    endloop
  endfacet
  facet normal 0 0 1
    outer loop
      vertex 120.79 1.47722 4.2
      vertex 109 15 4.2
      vertex 120.641 1.5475 4.2
    endloop
  endfacet
  facet normal 0 0 1
    outer loop
      vertex 109 41 4.2
      vertex 120.327 130.357 4.2
      vertex 120.164 130.333 4.2
    endloop
  endfacet
  facet normal 0 0 1
    outer loop
      vertex 120.641 1.5475 4.2
      vertex 109 15 4.2
      vertex 120.486 1.60287 4.2
    endloop
  endfacet
  facet normal 0 0 1
    outer loop
      vertex 109 41 4.2
      vertex 120.164 130.333 4.2
      vertex 120 130.325 4.2
    endloop
  endfacet
  facet normal 0 0 1
    outer loop
      vertex 120.486 1.60287 4.2
      vertex 109 15 4.2
      vertex 120.327 1.64281 4.2
    endloop
  endfacet
  facet normal 0 0 1
    outer loop
      vertex 109 41 4.2
      vertex 120 130.325 4.2
      vertex 119.836 130.333 4.2
    endloop
  endfacet
  facet normal 0 0 1
    outer loop
      vertex 120.327 1.64281 4.2
      vertex 109 15 4.2
      vertex 120.164 1.66693 4.2
    endloop
  endfacet
  facet normal 0 0 1
    outer loop
      vertex 109 41 4.2
      vertex 119.836 130.333 4.2
      vertex 119.673 130.357 4.2
    endloop
  endfacet
  facet normal 0 0 1
    outer loop
      vertex 120.164 1.66693 4.2
      vertex 109 15 4.2
      vertex 120 1.675 4.2
    endloop
  endfacet
  facet normal 0 0 1
    outer loop
      vertex 109 41 4.2
      vertex 119.673 130.357 4.2
      vertex 119.514 130.397 4.2
    endloop
  endfacet
  facet normal 0 0 1
    outer loop
      vertex 120 1.675 4.2
      vertex 109 15 4.2
      vertex 119.836 1.66693 4.2
    endloop
  endfacet
  facet normal 0 0 1
    outer loop
      vertex 109 41 4.2
      vertex 119.514 130.397 4.2
      vertex 119.359 130.452 4.2
    endloop
  endfacet
  facet normal 0 0 1
    outer loop
      vertex 119.836 1.66693 4.2
      vertex 109 15 4.2
      vertex 119.673 1.64281 4.2
    endloop
  endfacet
  facet normal 0 0 1
    outer loop
      vertex 109 41 4.2
      vertex 119.359 130.452 4.2
      vertex 119.21 130.523 4.2
    endloop
  endfacet
  facet normal 0 0 1
    outer loop
      vertex 119.673 1.64281 4.2
      vertex 109 15 4.2
      vertex 119.514 1.60287 4.2
    endloop
  endfacet
  facet normal 0 0 1
    outer loop
      vertex 109 41 4.2
      vertex 119.21 130.523 4.2
      vertex 119.069 130.607 4.2
    endloop
  endfacet
  facet normal 0 0 1
    outer loop
      vertex 119.514 1.60287 4.2
      vertex 109 15 4.2
      vertex 119.359 1.5475 4.2
    endloop
  endfacet
  facet normal 0 0 1
    outer loop
      vertex 109 41 4.2
      vertex 119.069 130.607 4.2
      vertex 118.937 130.705 4.2
    endloop
  endfacet
  facet normal 0 0 1
    outer loop
      vertex 119.359 1.5475 4.2
      vertex 109 15 4.2
      vertex 119.21 1.47722 4.2
    endloop
  endfacet
  facet normal 0 0 1
    outer loop
      vertex 109 41 4.2
      vertex 118.937 130.705 4.2
      vertex 118.816 130.816 4.2
    endloop
  endfacet
  facet normal 0 0 1
    outer loop
      vertex 119.21 1.47722 4.2
      vertex 109 15 4.2
      vertex 119.069 1.39271 4.2
    endloop
  endfacet
  facet normal 0 0 1
    outer loop
      vertex 109 41 4.2
      vertex 118.816 130.816 4.2
      vertex 118.705 130.937 4.2
    endloop
  endfacet
  facet normal 0 -0 1
    outer loop
      vertex 114.8 0 4.2
      vertex 119.069 1.39271 4.2
      vertex 109 15 4.2
    endloop
  endfacet
  facet normal 0 0 1
    outer loop
      vertex 109 41 4.2
      vertex 118.705 130.937 4.2
      vertex 118.607 131.069 4.2
    endloop
  endfacet
  facet normal 0 0 1
    outer loop
      vertex 119.069 1.39271 4.2
      vertex 114.8 0 4.2
      vertex 118.937 1.29479 4.2
    endloop
  endfacet
  facet normal 0 0 1
    outer loop
      vertex 109 41 4.2
      vertex 118.607 131.069 4.2
      vertex 118.523 131.21 4.2
    endloop
  endfacet
  facet normal 0 0 1
    outer loop
      vertex 118.937 1.29479 4.2
      vertex 114.8 0 4.2
      vertex 118.816 1.1844 4.2
    endloop
  endfacet
  facet normal 0 0 1
    outer loop
      vertex 109 41 4.2
      vertex 118.523 131.21 4.2
      vertex 118.452 131.359 4.2
    endloop
  endfacet
  facet normal 0 0 1
    outer loop
      vertex 118.816 1.1844 4.2
      vertex 114.8 0 4.2
      vertex 118.705 1.06261 4.2
    endloop
  endfacet
  facet normal 0 0 1
    outer loop
      vertex 109 41 4.2
      vertex 118.452 131.359 4.2
      vertex 118.397 131.514 4.2
    endloop
  endfacet
  facet normal 0 0 1
    outer loop
      vertex 118.705 1.06261 4.2
      vertex 114.8 0 4.2
      vertex 118.607 0.93058 4.2
    endloop
  endfacet
  facet normal 0 0 1
    outer loop
      vertex 109 41 4.2
      vertex 118.397 131.514 4.2
      vertex 118.357 131.673 4.2
    endloop
  endfacet
  facet normal 0 0 1
    outer loop
      vertex 118.607 0.93058 4.2
      vertex 114.8 0 4.2
      vertex 118.523 0.789589 4.2
    endloop
  endfacet
  facet normal 0 0 1
    outer loop
      vertex 109 41 4.2
      vertex 118.357 131.673 4.2
      vertex 118.333 131.836 4.2
    endloop
  endfacet
  facet normal 0 0 1
    outer loop
      vertex 118.523 0.789589 4.2
      vertex 114.8 0 4.2
      vertex 118.452 0.640994 4.2
    endloop
  endfacet
  facet normal 0 0 1
    outer loop
      vertex 118.01 136.804 4.2
      vertex 118.333 131.836 4.2
      vertex 118.325 132 4.2
    endloop
  endfacet
  facet normal 0 0 1
    outer loop
      vertex 109 41 4.2
      vertex 118.333 131.836 4.2
      vertex 118.01 136.804 4.2
    endloop
  endfacet
  facet normal -0 0 1
    outer loop
      vertex 121.548 -0.640994 4.2
      vertex 124.804 -1.98995 4.2
      vertex 121.603 -0.486226 4.2
    endloop
  endfacet
  facet normal 0 0 1
    outer loop
      vertex 124.324 -2.88896 4.2
      vertex 121.393 -0.93058 4.2
      vertex 124.02 -3.29884 4.2
    endloop
  endfacet
  facet normal -0 0 1
    outer loop
      vertex 121.295 -1.06261 4.2
      vertex 124.02 -3.29884 4.2
      vertex 121.393 -0.93058 4.2
    endloop
  endfacet
  facet normal 0 0 1
    outer loop
      vertex 124.02 -3.29884 4.2
      vertex 121.295 -1.06261 4.2
      vertex 123.677 -3.67696 4.2
    endloop
  endfacet
  facet normal -0 0 1
    outer loop
      vertex 121.184 -1.1844 4.2
      vertex 123.677 -3.67696 4.2
      vertex 121.295 -1.06261 4.2
    endloop
  endfacet
  facet normal 0 0 1
    outer loop
      vertex 123.677 -3.67696 4.2
      vertex 121.184 -1.1844 4.2
      vertex 123.299 -4.01965 4.2
    endloop
  endfacet
  facet normal -0 0 1
    outer loop
      vertex 121.063 -1.29479 4.2
      vertex 123.299 -4.01965 4.2
      vertex 121.184 -1.1844 4.2
    endloop
  endfacet
  facet normal 0 0 1
    outer loop
      vertex 123.299 -4.01965 4.2
      vertex 121.063 -1.29479 4.2
      vertex 122.889 -4.32364 4.2
    endloop
  endfacet
  facet normal -0 0 1
    outer loop
      vertex 120.931 -1.39271 4.2
      vertex 122.889 -4.32364 4.2
      vertex 121.063 -1.29479 4.2
    endloop
  endfacet
  facet normal 0 0 1
    outer loop
      vertex 122.889 -4.32364 4.2
      vertex 120.931 -1.39271 4.2
      vertex 122.451 -4.58599 4.2
    endloop
  endfacet
  facet normal -0 0 1
    outer loop
      vertex 120.79 -1.47722 4.2
      vertex 122.451 -4.58599 4.2
      vertex 120.931 -1.39271 4.2
    endloop
  endfacet
  facet normal 0 0 1
    outer loop
      vertex 122.451 -4.58599 4.2
      vertex 120.79 -1.47722 4.2
      vertex 121.99 -4.80417 4.2
    endloop
  endfacet
  facet normal -0 0 1
    outer loop
      vertex 120.641 -1.5475 4.2
      vertex 121.99 -4.80417 4.2
      vertex 120.79 -1.47722 4.2
    endloop
  endfacet
  facet normal 0 0 1
    outer loop
      vertex 121.99 -4.80417 4.2
      vertex 120.641 -1.5475 4.2
      vertex 121.509 -4.97609 4.2
    endloop
  endfacet
  facet normal -0 0 1
    outer loop
      vertex 120.486 -1.60287 4.2
      vertex 121.509 -4.97609 4.2
      vertex 120.641 -1.5475 4.2
    endloop
  endfacet
  facet normal 0 0 1
    outer loop
      vertex 121.509 -4.97609 4.2
      vertex 120.486 -1.60287 4.2
      vertex 121.014 -5.10008 4.2
    endloop
  endfacet
  facet normal -0 0 1
    outer loop
      vertex 120.327 -1.64281 4.2
      vertex 121.014 -5.10008 4.2
      vertex 120.486 -1.60287 4.2
    endloop
  endfacet
  facet normal 0 0 1
    outer loop
      vertex 121.014 -5.10008 4.2
      vertex 120.327 -1.64281 4.2
      vertex 120.51 -5.17496 4.2
    endloop
  endfacet
  facet normal -0 0 1
    outer loop
      vertex 120.164 -1.66693 4.2
      vertex 120.51 -5.17496 4.2
      vertex 120.327 -1.64281 4.2
    endloop
  endfacet
  facet normal -0 0 1
    outer loop
      vertex 120 -1.675 4.2
      vertex 120.51 -5.17496 4.2
      vertex 120.164 -1.66693 4.2
    endloop
  endfacet
  facet normal 0 0 1
    outer loop
      vertex 120 -1.675 4.2
      vertex 120 -5.2 4.2
      vertex 120.51 -5.17496 4.2
    endloop
  endfacet
  facet normal 0 0 1
    outer loop
      vertex 119.836 -1.66693 4.2
      vertex 120 -5.2 4.2
      vertex 120 -1.675 4.2
    endloop
  endfacet
  facet normal 0 0 1
    outer loop
      vertex 119.49 -5.17496 4.2
      vertex 119.836 -1.66693 4.2
      vertex 119.673 -1.64281 4.2
    endloop
  endfacet
  facet normal 0 0 1
    outer loop
      vertex 118.986 -5.10008 4.2
      vertex 119.673 -1.64281 4.2
      vertex 119.514 -1.60287 4.2
    endloop
  endfacet
  facet normal 0 0 1
    outer loop
      vertex 119.836 -1.66693 4.2
      vertex 119.49 -5.17496 4.2
      vertex 120 -5.2 4.2
    endloop
  endfacet
  facet normal 0 0 1
    outer loop
      vertex 118.491 -4.97609 4.2
      vertex 119.514 -1.60287 4.2
      vertex 119.359 -1.5475 4.2
    endloop
  endfacet
  facet normal 0 0 1
    outer loop
      vertex 118.01 -4.80417 4.2
      vertex 119.359 -1.5475 4.2
      vertex 119.21 -1.47722 4.2
    endloop
  endfacet
  facet normal 0 0 1
    outer loop
      vertex 117.549 -4.58599 4.2
      vertex 119.21 -1.47722 4.2
      vertex 119.069 -1.39271 4.2
    endloop
  endfacet
  facet normal 0 0 1
    outer loop
      vertex 119.673 -1.64281 4.2
      vertex 118.986 -5.10008 4.2
      vertex 119.49 -5.17496 4.2
    endloop
  endfacet
  facet normal 0 0 1
    outer loop
      vertex 117.111 -4.32364 4.2
      vertex 119.069 -1.39271 4.2
      vertex 118.937 -1.29479 4.2
    endloop
  endfacet
  facet normal 0 0 1
    outer loop
      vertex 116.701 -4.01965 4.2
      vertex 118.937 -1.29479 4.2
      vertex 118.816 -1.1844 4.2
    endloop
  endfacet
  facet normal 0 0 1
    outer loop
      vertex 116.323 -3.67696 4.2
      vertex 118.816 -1.1844 4.2
      vertex 118.705 -1.06261 4.2
    endloop
  endfacet
  facet normal 0 0 1
    outer loop
      vertex 115.98 -3.29884 4.2
      vertex 118.705 -1.06261 4.2
      vertex 118.607 -0.93058 4.2
    endloop
  endfacet
  facet normal 0 0 1
    outer loop
      vertex 115.676 -2.88896 4.2
      vertex 118.607 -0.93058 4.2
      vertex 118.523 -0.789589 4.2
    endloop
  endfacet
  facet normal 0 0 1
    outer loop
      vertex 119.514 -1.60287 4.2
      vertex 118.491 -4.97609 4.2
      vertex 118.986 -5.10008 4.2
    endloop
  endfacet
  facet normal 0 0 1
    outer loop
      vertex 115.414 -2.45126 4.2
      vertex 118.523 -0.789589 4.2
      vertex 118.452 -0.640994 4.2
    endloop
  endfacet
  facet normal 0 0 1
    outer loop
      vertex 115.196 -1.98995 4.2
      vertex 118.452 -0.640994 4.2
      vertex 118.397 -0.486226 4.2
    endloop
  endfacet
  facet normal 0 0 1
    outer loop
      vertex 115.024 -1.50948 4.2
      vertex 118.397 -0.486226 4.2
      vertex 118.357 -0.326776 4.2
    endloop
  endfacet
  facet normal 0 0 1
    outer loop
      vertex 114.9 -1.01447 4.2
      vertex 118.357 -0.326776 4.2
      vertex 118.333 -0.164178 4.2
    endloop
  endfacet
  facet normal 0 0 1
    outer loop
      vertex 114.825 -0.509688 4.2
      vertex 118.333 -0.164178 4.2
      vertex 118.325 0 4.2
    endloop
  endfacet
  facet normal 0 0 1
    outer loop
      vertex 119.359 -1.5475 4.2
      vertex 118.01 -4.80417 4.2
      vertex 118.491 -4.97609 4.2
    endloop
  endfacet
  facet normal 0 0 1
    outer loop
      vertex 118.397 0.486226 4.2
      vertex 114.8 0 4.2
      vertex 118.357 0.326776 4.2
    endloop
  endfacet
  facet normal 0 0 1
    outer loop
      vertex 114.8 132 4.2
      vertex 118.01 136.804 4.2
      vertex 117.549 136.586 4.2
    endloop
  endfacet
  facet normal 0 0 1
    outer loop
      vertex 118.357 0.326776 4.2
      vertex 114.8 0 4.2
      vertex 118.333 0.164178 4.2
    endloop
  endfacet
  facet normal 0 0 1
    outer loop
      vertex 114.8 132 4.2
      vertex 117.549 136.586 4.2
      vertex 117.111 136.324 4.2
    endloop
  endfacet
  facet normal 0 -0 1
    outer loop
      vertex 114.825 -0.509688 4.2
      vertex 118.325 0 4.2
      vertex 114.8 0 4.2
    endloop
  endfacet
  facet normal 0 0 1
    outer loop
      vertex 114.8 132 4.2
      vertex 117.111 136.324 4.2
      vertex 116.701 136.02 4.2
    endloop
  endfacet
  facet normal 0 0 1
    outer loop
      vertex 119.21 -1.47722 4.2
      vertex 117.549 -4.58599 4.2
      vertex 118.01 -4.80417 4.2
    endloop
  endfacet
  facet normal 0 0 1
    outer loop
      vertex 114.8 132 4.2
      vertex 116.701 136.02 4.2
      vertex 116.323 135.677 4.2
    endloop
  endfacet
  facet normal 0 0 1
    outer loop
      vertex 119.069 -1.39271 4.2
      vertex 117.111 -4.32364 4.2
      vertex 117.549 -4.58599 4.2
    endloop
  endfacet
  facet normal 0 0 1
    outer loop
      vertex 114.8 132 4.2
      vertex 116.323 135.677 4.2
      vertex 115.98 135.299 4.2
    endloop
  endfacet
  facet normal 0 0 1
    outer loop
      vertex 118.937 -1.29479 4.2
      vertex 116.701 -4.01965 4.2
      vertex 117.111 -4.32364 4.2
    endloop
  endfacet
  facet normal 0 0 1
    outer loop
      vertex 114.8 132 4.2
      vertex 115.98 135.299 4.2
      vertex 115.676 134.889 4.2
    endloop
  endfacet
  facet normal 0 0 1
    outer loop
      vertex 118.816 -1.1844 4.2
      vertex 116.323 -3.67696 4.2
      vertex 116.701 -4.01965 4.2
    endloop
  endfacet
  facet normal 0 0 1
    outer loop
      vertex 114.8 132 4.2
      vertex 115.676 134.889 4.2
      vertex 115.414 134.451 4.2
    endloop
  endfacet
  facet normal 0 0 1
    outer loop
      vertex 118.705 -1.06261 4.2
      vertex 115.98 -3.29884 4.2
      vertex 116.323 -3.67696 4.2
    endloop
  endfacet
  facet normal 0 0 1
    outer loop
      vertex 114.8 132 4.2
      vertex 115.414 134.451 4.2
      vertex 115.196 133.99 4.2
    endloop
  endfacet
  facet normal 0 0 1
    outer loop
      vertex 118.01 136.804 4.2
      vertex 114.8 132 4.2
      vertex 109 41 4.2
    endloop
  endfacet
  facet normal 0 0 1
    outer loop
      vertex 114.8 132 4.2
      vertex 115.196 133.99 4.2
      vertex 115.024 133.509 4.2
    endloop
  endfacet
  facet normal 0 0 1
    outer loop
      vertex 118.607 -0.93058 4.2
      vertex 115.676 -2.88896 4.2
      vertex 115.98 -3.29884 4.2
    endloop
  endfacet
  facet normal 0 0 1
    outer loop
      vertex 114.8 132 4.2
      vertex 115.024 133.509 4.2
      vertex 114.9 133.014 4.2
    endloop
  endfacet
  facet normal 0 0 1
    outer loop
      vertex 118.452 -0.640994 4.2
      vertex 115.196 -1.98995 4.2
      vertex 115.414 -2.45126 4.2
    endloop
  endfacet
  facet normal 0 0 1
    outer loop
      vertex 114.8 132 4.2
      vertex 114.9 133.014 4.2
      vertex 114.825 132.51 4.2
    endloop
  endfacet
  facet normal 0 0 1
    outer loop
      vertex 118.397 -0.486226 4.2
      vertex 115.024 -1.50948 4.2
      vertex 115.196 -1.98995 4.2
    endloop
  endfacet
  facet normal 0 0 1
    outer loop
      vertex 118.357 -0.326776 4.2
      vertex 114.9 -1.01447 4.2
      vertex 115.024 -1.50948 4.2
    endloop
  endfacet
  facet normal 0 0 1
    outer loop
      vertex 118.333 -0.164178 4.2
      vertex 114.825 -0.509688 4.2
      vertex 114.9 -1.01447 4.2
    endloop
  endfacet
  facet normal 0 0 1
    outer loop
      vertex 118.523 -0.789589 4.2
      vertex 115.414 -2.45126 4.2
      vertex 115.676 -2.88896 4.2
    endloop
  endfacet
  facet normal 0 0 1
    outer loop
      vertex 98 101.5 4.2
      vertex 114.8 132 4.2
      vertex 98 121.5 4.2
    endloop
  endfacet
  facet normal 0 0 1
    outer loop
      vertex 114.8 132 4.2
      vertex 66 121.5 4.2
      vertex 98 121.5 4.2
    endloop
  endfacet
  facet normal 0 0 1
    outer loop
      vertex 15.2 132 4.2
      vertex 66 101.5 4.2
      vertex 66 121.5 4.2
    endloop
  endfacet
  facet normal 0 0 1
    outer loop
      vertex 11.6669 131.836 4.2
      vertex 15.2 132 4.2
      vertex 11.675 132 4.2
    endloop
  endfacet
  facet normal 0 0 1
    outer loop
      vertex 1.60287 121.514 4.2
      vertex 10.4862 130.397 4.2
      vertex 1.64281 121.673 4.2
    endloop
  endfacet
  facet normal -0 0 1
    outer loop
      vertex 15.2 132 4.2
      vertex 66 121.5 4.2
      vertex 114.8 132 4.2
    endloop
  endfacet
  facet normal 0 0 1
    outer loop
      vertex 131.675 122 4.2
      vertex 135.2 122 4.2
      vertex 135.175 122.51 4.2
    endloop
  endfacet
  facet normal 0 0 1
    outer loop
      vertex 131.667 122.164 4.2
      vertex 135.175 122.51 4.2
      vertex 135.1 123.014 4.2
    endloop
  endfacet
  facet normal 0 0 1
    outer loop
      vertex 135.2 122 4.2
      vertex 131.675 122 4.2
      vertex 135.175 121.49 4.2
    endloop
  endfacet
  facet normal 0 0 1
    outer loop
      vertex 131.643 122.327 4.2
      vertex 135.1 123.014 4.2
      vertex 134.976 123.509 4.2
    endloop
  endfacet
  facet normal -0 0 1
    outer loop
      vertex 131.667 121.836 4.2
      vertex 135.175 121.49 4.2
      vertex 131.675 122 4.2
    endloop
  endfacet
  facet normal 0 0 1
    outer loop
      vertex 131.603 122.486 4.2
      vertex 134.976 123.509 4.2
      vertex 134.804 123.99 4.2
    endloop
  endfacet
  facet normal 0 0 1
    outer loop
      vertex 135.175 121.49 4.2
      vertex 131.667 121.836 4.2
      vertex 135.1 120.986 4.2
    endloop
  endfacet
  facet normal 0 0 1
    outer loop
      vertex 131.548 122.641 4.2
      vertex 134.804 123.99 4.2
      vertex 134.586 124.451 4.2
    endloop
  endfacet
  facet normal -0 0 1
    outer loop
      vertex 131.643 121.673 4.2
      vertex 135.1 120.986 4.2
      vertex 131.667 121.836 4.2
    endloop
  endfacet
  facet normal 0 0 1
    outer loop
      vertex 131.477 122.79 4.2
      vertex 134.586 124.451 4.2
      vertex 134.324 124.889 4.2
    endloop
  endfacet
  facet normal 0 0 1
    outer loop
      vertex 135.1 120.986 4.2
      vertex 131.643 121.673 4.2
      vertex 134.976 120.491 4.2
    endloop
  endfacet
  facet normal 0 0 1
    outer loop
      vertex 131.393 122.931 4.2
      vertex 134.324 124.889 4.2
      vertex 134.02 125.299 4.2
    endloop
  endfacet
  facet normal -0 0 1
    outer loop
      vertex 131.603 121.514 4.2
      vertex 134.976 120.491 4.2
      vertex 131.643 121.673 4.2
    endloop
  endfacet
  facet normal 0 0 1
    outer loop
      vertex 131.295 123.063 4.2
      vertex 134.02 125.299 4.2
      vertex 133.677 125.677 4.2
    endloop
  endfacet
  facet normal 0 0 1
    outer loop
      vertex 134.976 120.491 4.2
      vertex 131.603 121.514 4.2
      vertex 134.804 120.01 4.2
    endloop
  endfacet
  facet normal 0 0 1
    outer loop
      vertex 131.184 123.184 4.2
      vertex 133.677 125.677 4.2
      vertex 133.299 126.02 4.2
    endloop
  endfacet
  facet normal -0 0 1
    outer loop
      vertex 131.548 121.359 4.2
      vertex 134.804 120.01 4.2
      vertex 131.603 121.514 4.2
    endloop
  endfacet
  facet normal 0 0 1
    outer loop
      vertex 131.063 123.295 4.2
      vertex 133.299 126.02 4.2
      vertex 132.889 126.324 4.2
    endloop
  endfacet
  facet normal 0 0 1
    outer loop
      vertex 134.804 120.01 4.2
      vertex 131.548 121.359 4.2
      vertex 134.586 119.549 4.2
    endloop
  endfacet
  facet normal 0 0 1
    outer loop
      vertex 130.931 123.393 4.2
      vertex 132.889 126.324 4.2
      vertex 132.451 126.586 4.2
    endloop
  endfacet
  facet normal -0 0 1
    outer loop
      vertex 131.477 121.21 4.2
      vertex 134.586 119.549 4.2
      vertex 131.548 121.359 4.2
    endloop
  endfacet
  facet normal 0 0 1
    outer loop
      vertex 130.79 123.477 4.2
      vertex 132.451 126.586 4.2
      vertex 131.99 126.804 4.2
    endloop
  endfacet
  facet normal 0 0 1
    outer loop
      vertex 134.586 119.549 4.2
      vertex 131.477 121.21 4.2
      vertex 134.324 119.111 4.2
    endloop
  endfacet
  facet normal -0 0 1
    outer loop
      vertex 131.393 121.069 4.2
      vertex 134.324 119.111 4.2
      vertex 131.477 121.21 4.2
    endloop
  endfacet
  facet normal 0 0 1
    outer loop
      vertex 135.175 122.51 4.2
      vertex 131.667 122.164 4.2
      vertex 131.675 122 4.2
    endloop
  endfacet
  facet normal 0 0 1
    outer loop
      vertex 135.1 123.014 4.2
      vertex 131.643 122.327 4.2
      vertex 131.667 122.164 4.2
    endloop
  endfacet
  facet normal 0 0 1
    outer loop
      vertex 134.976 123.509 4.2
      vertex 131.603 122.486 4.2
      vertex 131.643 122.327 4.2
    endloop
  endfacet
  facet normal 0 0 1
    outer loop
      vertex 134.804 123.99 4.2
      vertex 131.548 122.641 4.2
      vertex 131.603 122.486 4.2
    endloop
  endfacet
  facet normal 0 0 1
    outer loop
      vertex 130.641 123.548 4.2
      vertex 131.99 126.804 4.2
      vertex 131.509 126.976 4.2
    endloop
  endfacet
  facet normal 0 0 1
    outer loop
      vertex 134.586 124.451 4.2
      vertex 131.477 122.79 4.2
      vertex 131.548 122.641 4.2
    endloop
  endfacet
  facet normal 0 0 1
    outer loop
      vertex 134.324 124.889 4.2
      vertex 131.393 122.931 4.2
      vertex 131.477 122.79 4.2
    endloop
  endfacet
  facet normal 0 0 1
    outer loop
      vertex 134.02 125.299 4.2
      vertex 131.295 123.063 4.2
      vertex 131.393 122.931 4.2
    endloop
  endfacet
  facet normal 0 0 1
    outer loop
      vertex 133.677 125.677 4.2
      vertex 131.184 123.184 4.2
      vertex 131.295 123.063 4.2
    endloop
  endfacet
  facet normal 0 0 1
    outer loop
      vertex 133.299 126.02 4.2
      vertex 131.063 123.295 4.2
      vertex 131.184 123.184 4.2
    endloop
  endfacet
  facet normal 0 0 1
    outer loop
      vertex 130.486 123.603 4.2
      vertex 131.509 126.976 4.2
      vertex 131.014 127.1 4.2
    endloop
  endfacet
  facet normal 0 0 1
    outer loop
      vertex 132.889 126.324 4.2
      vertex 130.931 123.393 4.2
      vertex 131.063 123.295 4.2
    endloop
  endfacet
  facet normal 0 0 1
    outer loop
      vertex 132.451 126.586 4.2
      vertex 130.79 123.477 4.2
      vertex 130.931 123.393 4.2
    endloop
  endfacet
  facet normal 0 0 1
    outer loop
      vertex 131.99 126.804 4.2
      vertex 130.641 123.548 4.2
      vertex 130.79 123.477 4.2
    endloop
  endfacet
  facet normal 0 0 1
    outer loop
      vertex 130.327 123.643 4.2
      vertex 131.014 127.1 4.2
      vertex 130.51 127.175 4.2
    endloop
  endfacet
  facet normal 0 0 1
    outer loop
      vertex 131.509 126.976 4.2
      vertex 130.486 123.603 4.2
      vertex 130.641 123.548 4.2
    endloop
  endfacet
  facet normal 0 0 1
    outer loop
      vertex 131.014 127.1 4.2
      vertex 130.327 123.643 4.2
      vertex 130.486 123.603 4.2
    endloop
  endfacet
  facet normal 0 0 1
    outer loop
      vertex 130.51 127.175 4.2
      vertex 130.164 123.667 4.2
      vertex 130.327 123.643 4.2
    endloop
  endfacet
  facet normal 0 0 1
    outer loop
      vertex 130 127.2 4.2
      vertex 130.164 123.667 4.2
      vertex 130.51 127.175 4.2
    endloop
  endfacet
  facet normal 0 0 1
    outer loop
      vertex 130 127.2 4.2
      vertex 130 123.675 4.2
      vertex 130.164 123.667 4.2
    endloop
  endfacet
  facet normal -0 0 1
    outer loop
      vertex 129.99 127.2 4.2
      vertex 130 123.675 4.2
      vertex 130 127.2 4.2
    endloop
  endfacet
  facet normal 0 0 1
    outer loop
      vertex 129.904 127.975 4.2
      vertex 129.99 127.2 4.2
      vertex 129.976 127.49 4.2
    endloop
  endfacet
  facet normal 0 0 1
    outer loop
      vertex 129.99 127.2 4.2
      vertex 129.904 127.975 4.2
      vertex 125.2 131.99 4.2
    endloop
  endfacet
  facet normal 0 0 1
    outer loop
      vertex 129.99 127.2 4.2
      vertex 129.836 123.667 4.2
      vertex 130 123.675 4.2
    endloop
  endfacet
  facet normal 0 0 1
    outer loop
      vertex 125.2 131.99 4.2
      vertex 129.904 127.975 4.2
      vertex 129.785 128.451 4.2
    endloop
  endfacet
  facet normal 0 0 1
    outer loop
      vertex 129.99 127.2 4.2
      vertex 129.673 123.643 4.2
      vertex 129.836 123.667 4.2
    endloop
  endfacet
  facet normal 0 0 1
    outer loop
      vertex 125.2 131.99 4.2
      vertex 129.785 128.451 4.2
      vertex 129.619 128.913 4.2
    endloop
  endfacet
  facet normal 0 0 1
    outer loop
      vertex 129.99 127.2 4.2
      vertex 129.514 123.603 4.2
      vertex 129.673 123.643 4.2
    endloop
  endfacet
  facet normal 0 0 1
    outer loop
      vertex 125.2 131.99 4.2
      vertex 129.619 128.913 4.2
      vertex 129.41 129.357 4.2
    endloop
  endfacet
  facet normal 0 0 1
    outer loop
      vertex 129.99 127.2 4.2
      vertex 129.359 123.548 4.2
      vertex 129.514 123.603 4.2
    endloop
  endfacet
  facet normal 0 0 1
    outer loop
      vertex 129.99 127.2 4.2
      vertex 129.21 123.477 4.2
      vertex 129.359 123.548 4.2
    endloop
  endfacet
  facet normal 0 0 1
    outer loop
      vertex 125.2 131.99 4.2
      vertex 129.41 129.357 4.2
      vertex 129.157 129.778 4.2
    endloop
  endfacet
  facet normal 0 0 1
    outer loop
      vertex 129.99 127.2 4.2
      vertex 129.069 123.393 4.2
      vertex 129.21 123.477 4.2
    endloop
  endfacet
  facet normal 0 0 1
    outer loop
      vertex 129.99 127.2 4.2
      vertex 128.937 123.295 4.2
      vertex 129.069 123.393 4.2
    endloop
  endfacet
  facet normal 0 0 1
    outer loop
      vertex 125.2 131.99 4.2
      vertex 129.157 129.778 4.2
      vertex 128.865 130.172 4.2
    endloop
  endfacet
  facet normal 0 0 1
    outer loop
      vertex 129.99 127.2 4.2
      vertex 128.816 123.184 4.2
      vertex 128.937 123.295 4.2
    endloop
  endfacet
  facet normal 0 0 1
    outer loop
      vertex 129.99 127.2 4.2
      vertex 128.705 123.063 4.2
      vertex 128.816 123.184 4.2
    endloop
  endfacet
  facet normal 0 0 1
    outer loop
      vertex 129.99 127.2 4.2
      vertex 125.2 131.99 4.2
      vertex 128.705 123.063 4.2
    endloop
  endfacet
  facet normal 0 0 1
    outer loop
      vertex 125.2 131.99 4.2
      vertex 128.865 130.172 4.2
      vertex 128.536 130.536 4.2
    endloop
  endfacet
  facet normal 0 0 1
    outer loop
      vertex 128.705 123.063 4.2
      vertex 125.2 131.99 4.2
      vertex 128.607 122.931 4.2
    endloop
  endfacet
  facet normal 0 0 1
    outer loop
      vertex 128.607 122.931 4.2
      vertex 125.2 131.99 4.2
      vertex 128.523 122.79 4.2
    endloop
  endfacet
  facet normal 0 0 1
    outer loop
      vertex 128.523 122.79 4.2
      vertex 125.2 131.99 4.2
      vertex 128.452 122.641 4.2
    endloop
  endfacet
  facet normal 0 0 1
    outer loop
      vertex 128.452 122.641 4.2
      vertex 125.2 131.99 4.2
      vertex 128.397 122.486 4.2
    endloop
  endfacet
  facet normal 0 0 1
    outer loop
      vertex 128.397 122.486 4.2
      vertex 125.2 131.99 4.2
      vertex 128.357 122.327 4.2
    endloop
  endfacet
  facet normal 0 0 1
    outer loop
      vertex 128.357 122.327 4.2
      vertex 125.2 131.99 4.2
      vertex 128.333 122.164 4.2
    endloop
  endfacet
  facet normal 0 0 1
    outer loop
      vertex 128.333 122.164 4.2
      vertex 125.2 131.99 4.2
      vertex 128.325 122 4.2
    endloop
  endfacet
  facet normal 0 0 1
    outer loop
      vertex 125.2 131.99 4.2
      vertex 128.536 130.536 4.2
      vertex 128.172 130.865 4.2
    endloop
  endfacet
  facet normal 0 0 1
    outer loop
      vertex 134.324 119.111 4.2
      vertex 131.393 121.069 4.2
      vertex 134.02 118.701 4.2
    endloop
  endfacet
  facet normal -0 0 1
    outer loop
      vertex 131.295 120.937 4.2
      vertex 134.02 118.701 4.2
      vertex 131.393 121.069 4.2
    endloop
  endfacet
  facet normal 0 0 1
    outer loop
      vertex 134.02 118.701 4.2
      vertex 131.295 120.937 4.2
      vertex 133.677 118.323 4.2
    endloop
  endfacet
  facet normal -0 0 1
    outer loop
      vertex 131.184 120.816 4.2
      vertex 133.677 118.323 4.2
      vertex 131.295 120.937 4.2
    endloop
  endfacet
  facet normal 0 0 1
    outer loop
      vertex 133.677 118.323 4.2
      vertex 131.184 120.816 4.2
      vertex 133.299 117.98 4.2
    endloop
  endfacet
  facet normal -0 0 1
    outer loop
      vertex 131.063 120.705 4.2
      vertex 133.299 117.98 4.2
      vertex 131.184 120.816 4.2
    endloop
  endfacet
  facet normal 0 0 1
    outer loop
      vertex 133.299 117.98 4.2
      vertex 131.063 120.705 4.2
      vertex 132.889 117.676 4.2
    endloop
  endfacet
  facet normal -0 0 1
    outer loop
      vertex 130.931 120.607 4.2
      vertex 132.889 117.676 4.2
      vertex 131.063 120.705 4.2
    endloop
  endfacet
  facet normal 0 0 1
    outer loop
      vertex 132.889 117.676 4.2
      vertex 130.931 120.607 4.2
      vertex 132.451 117.414 4.2
    endloop
  endfacet
  facet normal -0 0 1
    outer loop
      vertex 130.79 120.523 4.2
      vertex 132.451 117.414 4.2
      vertex 130.931 120.607 4.2
    endloop
  endfacet
  facet normal 0 0 1
    outer loop
      vertex 132.451 117.414 4.2
      vertex 130.79 120.523 4.2
      vertex 131.99 117.196 4.2
    endloop
  endfacet
  facet normal -0 0 1
    outer loop
      vertex 130.641 120.452 4.2
      vertex 131.99 117.196 4.2
      vertex 130.79 120.523 4.2
    endloop
  endfacet
  facet normal 0 0 1
    outer loop
      vertex 131.99 117.196 4.2
      vertex 130.641 120.452 4.2
      vertex 131.509 117.024 4.2
    endloop
  endfacet
  facet normal -0 0 1
    outer loop
      vertex 130.486 120.397 4.2
      vertex 131.509 117.024 4.2
      vertex 130.641 120.452 4.2
    endloop
  endfacet
  facet normal 0 0 1
    outer loop
      vertex 131.509 117.024 4.2
      vertex 130.486 120.397 4.2
      vertex 131.014 116.9 4.2
    endloop
  endfacet
  facet normal -0 0 1
    outer loop
      vertex 130.327 120.357 4.2
      vertex 131.014 116.9 4.2
      vertex 130.486 120.397 4.2
    endloop
  endfacet
  facet normal 0 0 1
    outer loop
      vertex 131.014 116.9 4.2
      vertex 130.327 120.357 4.2
      vertex 130.51 116.825 4.2
    endloop
  endfacet
  facet normal -0 0 1
    outer loop
      vertex 130.164 120.333 4.2
      vertex 130.51 116.825 4.2
      vertex 130.327 120.357 4.2
    endloop
  endfacet
  facet normal -0 0 1
    outer loop
      vertex 130 120.325 4.2
      vertex 130.51 116.825 4.2
      vertex 130.164 120.333 4.2
    endloop
  endfacet
  facet normal 0 0 1
    outer loop
      vertex 130 120.325 4.2
      vertex 130 116.8 4.2
      vertex 130.51 116.825 4.2
    endloop
  endfacet
  facet normal 0 0 1
    outer loop
      vertex 129.836 120.333 4.2
      vertex 130 116.8 4.2
      vertex 130 120.325 4.2
    endloop
  endfacet
  facet normal 0 0 1
    outer loop
      vertex 129.673 120.357 4.2
      vertex 130 116.8 4.2
      vertex 129.836 120.333 4.2
    endloop
  endfacet
  facet normal 0 0 1
    outer loop
      vertex 129.514 120.397 4.2
      vertex 130 116.8 4.2
      vertex 129.673 120.357 4.2
    endloop
  endfacet
  facet normal 0 0 1
    outer loop
      vertex 130 15.2 4.2
      vertex 129.836 11.6669 4.2
      vertex 130 11.675 4.2
    endloop
  endfacet
  facet normal 0 0 1
    outer loop
      vertex 129.359 120.452 4.2
      vertex 130 116.8 4.2
      vertex 129.514 120.397 4.2
    endloop
  endfacet
  facet normal 0 0 1
    outer loop
      vertex 130 15.2 4.2
      vertex 129.673 11.6428 4.2
      vertex 129.836 11.6669 4.2
    endloop
  endfacet
  facet normal 0 0 1
    outer loop
      vertex 129.21 120.523 4.2
      vertex 130 116.8 4.2
      vertex 129.359 120.452 4.2
    endloop
  endfacet
  facet normal 0 0 1
    outer loop
      vertex 130 15.2 4.2
      vertex 129.514 11.6029 4.2
      vertex 129.673 11.6428 4.2
    endloop
  endfacet
  facet normal 0 0 1
    outer loop
      vertex 129.069 120.607 4.2
      vertex 130 116.8 4.2
      vertex 129.21 120.523 4.2
    endloop
  endfacet
  facet normal 0 0 1
    outer loop
      vertex 130 15.2 4.2
      vertex 129.359 11.5475 4.2
      vertex 129.514 11.6029 4.2
    endloop
  endfacet
  facet normal 0 0 1
    outer loop
      vertex 128.937 120.705 4.2
      vertex 130 116.8 4.2
      vertex 129.069 120.607 4.2
    endloop
  endfacet
  facet normal 0 0 1
    outer loop
      vertex 130 15.2 4.2
      vertex 129.21 11.4772 4.2
      vertex 129.359 11.5475 4.2
    endloop
  endfacet
  facet normal 0 0 1
    outer loop
      vertex 128.816 120.816 4.2
      vertex 130 116.8 4.2
      vertex 128.937 120.705 4.2
    endloop
  endfacet
  facet normal 0 0 1
    outer loop
      vertex 130 15.2 4.2
      vertex 129.069 11.3927 4.2
      vertex 129.21 11.4772 4.2
    endloop
  endfacet
  facet normal 0 0 1
    outer loop
      vertex 128.705 120.937 4.2
      vertex 130 116.8 4.2
      vertex 128.816 120.816 4.2
    endloop
  endfacet
  facet normal 0 0 1
    outer loop
      vertex 130 15.2 4.2
      vertex 128.937 11.2948 4.2
      vertex 129.069 11.3927 4.2
    endloop
  endfacet
  facet normal 0 0 1
    outer loop
      vertex 128.607 121.069 4.2
      vertex 130 116.8 4.2
      vertex 128.705 120.937 4.2
    endloop
  endfacet
  facet normal 0 0 1
    outer loop
      vertex 130 15.2 4.2
      vertex 128.816 11.1844 4.2
      vertex 128.937 11.2948 4.2
    endloop
  endfacet
  facet normal 0 0 1
    outer loop
      vertex 128.523 121.21 4.2
      vertex 130 116.8 4.2
      vertex 128.607 121.069 4.2
    endloop
  endfacet
  facet normal 0 0 1
    outer loop
      vertex 130 15.2 4.2
      vertex 128.705 11.0626 4.2
      vertex 128.816 11.1844 4.2
    endloop
  endfacet
  facet normal 0 0 1
    outer loop
      vertex 128.452 121.359 4.2
      vertex 130 116.8 4.2
      vertex 128.523 121.21 4.2
    endloop
  endfacet
  facet normal 0 0 1
    outer loop
      vertex 130 15.2 4.2
      vertex 128.607 10.9306 4.2
      vertex 128.705 11.0626 4.2
    endloop
  endfacet
  facet normal 0 0 1
    outer loop
      vertex 130 116.8 4.2
      vertex 128.452 121.359 4.2
      vertex 130 15.2 4.2
    endloop
  endfacet
  facet normal 0 0 1
    outer loop
      vertex 130 15.2 4.2
      vertex 128.523 10.7896 4.2
      vertex 128.607 10.9306 4.2
    endloop
  endfacet
  facet normal 0 0 1
    outer loop
      vertex 128.452 10.641 4.2
      vertex 130 15.2 4.2
      vertex 128.452 121.359 4.2
    endloop
  endfacet
  facet normal 0 0 1
    outer loop
      vertex 130 15.2 4.2
      vertex 128.452 10.641 4.2
      vertex 128.523 10.7896 4.2
    endloop
  endfacet
  facet normal 0 0 1
    outer loop
      vertex 128.397 121.514 4.2
      vertex 128.452 10.641 4.2
      vertex 128.452 121.359 4.2
    endloop
  endfacet
  facet normal 0 0 1
    outer loop
      vertex 128.397 121.514 4.2
      vertex 128.397 10.4862 4.2
      vertex 128.452 10.641 4.2
    endloop
  endfacet
  facet normal 0 0 1
    outer loop
      vertex 128.357 121.673 4.2
      vertex 128.397 10.4862 4.2
      vertex 128.397 121.514 4.2
    endloop
  endfacet
  facet normal 0 0 1
    outer loop
      vertex 128.357 121.673 4.2
      vertex 128.357 10.3268 4.2
      vertex 128.397 10.4862 4.2
    endloop
  endfacet
  facet normal 0 0 1
    outer loop
      vertex 128.333 121.836 4.2
      vertex 128.357 10.3268 4.2
      vertex 128.357 121.673 4.2
    endloop
  endfacet
  facet normal 0 0 1
    outer loop
      vertex 128.333 121.836 4.2
      vertex 128.333 10.1642 4.2
      vertex 128.357 10.3268 4.2
    endloop
  endfacet
  facet normal 0 0 1
    outer loop
      vertex 128.325 122 4.2
      vertex 128.333 10.1642 4.2
      vertex 128.333 121.836 4.2
    endloop
  endfacet
  facet normal 0 0 1
    outer loop
      vertex 128.333 10.1642 4.2
      vertex 128.325 122 4.2
      vertex 128.325 10 4.2
    endloop
  endfacet
  facet normal 0 0 1
    outer loop
      vertex 131.675 10 4.2
      vertex 135.2 10 4.2
      vertex 135.175 10.5097 4.2
    endloop
  endfacet
  facet normal 0 0 1
    outer loop
      vertex 131.667 10.1642 4.2
      vertex 135.175 10.5097 4.2
      vertex 135.1 11.0145 4.2
    endloop
  endfacet
  facet normal 0 0 1
    outer loop
      vertex 135.2 10 4.2
      vertex 131.675 10 4.2
      vertex 135.175 9.49031 4.2
    endloop
  endfacet
  facet normal 0 0 1
    outer loop
      vertex 131.643 10.3268 4.2
      vertex 135.1 11.0145 4.2
      vertex 134.976 11.5095 4.2
    endloop
  endfacet
  facet normal -0 0 1
    outer loop
      vertex 131.667 9.83582 4.2
      vertex 135.175 9.49031 4.2
      vertex 131.675 10 4.2
    endloop
  endfacet
  facet normal 0 0 1
    outer loop
      vertex 131.603 10.4862 4.2
      vertex 134.976 11.5095 4.2
      vertex 134.804 11.99 4.2
    endloop
  endfacet
  facet normal 0 0 1
    outer loop
      vertex 135.175 9.49031 4.2
      vertex 131.667 9.83582 4.2
      vertex 135.1 8.98553 4.2
    endloop
  endfacet
  facet normal 0 0 1
    outer loop
      vertex 131.548 10.641 4.2
      vertex 134.804 11.99 4.2
      vertex 134.586 12.4513 4.2
    endloop
  endfacet
  facet normal -0 0 1
    outer loop
      vertex 131.643 9.67322 4.2
      vertex 135.1 8.98553 4.2
      vertex 131.667 9.83582 4.2
    endloop
  endfacet
  facet normal 0 0 1
    outer loop
      vertex 131.477 10.7896 4.2
      vertex 134.586 12.4513 4.2
      vertex 134.324 12.889 4.2
    endloop
  endfacet
  facet normal 0 0 1
    outer loop
      vertex 135.1 8.98553 4.2
      vertex 131.643 9.67322 4.2
      vertex 134.976 8.49052 4.2
    endloop
  endfacet
  facet normal 0 0 1
    outer loop
      vertex 131.393 10.9306 4.2
      vertex 134.324 12.889 4.2
      vertex 134.02 13.2988 4.2
    endloop
  endfacet
  facet normal -0 0 1
    outer loop
      vertex 131.603 9.51377 4.2
      vertex 134.976 8.49052 4.2
      vertex 131.643 9.67322 4.2
    endloop
  endfacet
  facet normal 0 0 1
    outer loop
      vertex 131.295 11.0626 4.2
      vertex 134.02 13.2988 4.2
      vertex 133.677 13.677 4.2
    endloop
  endfacet
  facet normal 0 0 1
    outer loop
      vertex 134.976 8.49052 4.2
      vertex 131.603 9.51377 4.2
      vertex 134.804 8.01005 4.2
    endloop
  endfacet
  facet normal 0 0 1
    outer loop
      vertex 131.184 11.1844 4.2
      vertex 133.677 13.677 4.2
      vertex 133.299 14.0197 4.2
    endloop
  endfacet
  facet normal -0 0 1
    outer loop
      vertex 131.548 9.359 4.2
      vertex 134.804 8.01005 4.2
      vertex 131.603 9.51377 4.2
    endloop
  endfacet
  facet normal 0 0 1
    outer loop
      vertex 131.063 11.2948 4.2
      vertex 133.299 14.0197 4.2
      vertex 132.889 14.3236 4.2
    endloop
  endfacet
  facet normal 0 0 1
    outer loop
      vertex 134.804 8.01005 4.2
      vertex 131.548 9.359 4.2
      vertex 134.586 7.54874 4.2
    endloop
  endfacet
  facet normal 0 0 1
    outer loop
      vertex 130.931 11.3927 4.2
      vertex 132.889 14.3236 4.2
      vertex 132.451 14.586 4.2
    endloop
  endfacet
  facet normal -0 0 1
    outer loop
      vertex 131.477 9.21041 4.2
      vertex 134.586 7.54874 4.2
      vertex 131.548 9.359 4.2
    endloop
  endfacet
  facet normal 0 0 1
    outer loop
      vertex 130.79 11.4772 4.2
      vertex 132.451 14.586 4.2
      vertex 131.99 14.8042 4.2
    endloop
  endfacet
  facet normal 0 0 1
    outer loop
      vertex 134.586 7.54874 4.2
      vertex 131.477 9.21041 4.2
      vertex 134.324 7.11103 4.2
    endloop
  endfacet
  facet normal -0 0 1
    outer loop
      vertex 131.393 9.06942 4.2
      vertex 134.324 7.11103 4.2
      vertex 131.477 9.21041 4.2
    endloop
  endfacet
  facet normal 0 0 1
    outer loop
      vertex 135.175 10.5097 4.2
      vertex 131.667 10.1642 4.2
      vertex 131.675 10 4.2
    endloop
  endfacet
  facet normal 0 0 1
    outer loop
      vertex 135.1 11.0145 4.2
      vertex 131.643 10.3268 4.2
      vertex 131.667 10.1642 4.2
    endloop
  endfacet
  facet normal 0 0 1
    outer loop
      vertex 134.976 11.5095 4.2
      vertex 131.603 10.4862 4.2
      vertex 131.643 10.3268 4.2
    endloop
  endfacet
  facet normal 0 0 1
    outer loop
      vertex 134.804 11.99 4.2
      vertex 131.548 10.641 4.2
      vertex 131.603 10.4862 4.2
    endloop
  endfacet
  facet normal 0 0 1
    outer loop
      vertex 130.641 11.5475 4.2
      vertex 131.99 14.8042 4.2
      vertex 131.509 14.9761 4.2
    endloop
  endfacet
  facet normal 0 0 1
    outer loop
      vertex 134.586 12.4513 4.2
      vertex 131.477 10.7896 4.2
      vertex 131.548 10.641 4.2
    endloop
  endfacet
  facet normal 0 0 1
    outer loop
      vertex 134.324 12.889 4.2
      vertex 131.393 10.9306 4.2
      vertex 131.477 10.7896 4.2
    endloop
  endfacet
  facet normal 0 0 1
    outer loop
      vertex 134.02 13.2988 4.2
      vertex 131.295 11.0626 4.2
      vertex 131.393 10.9306 4.2
    endloop
  endfacet
  facet normal 0 0 1
    outer loop
      vertex 133.677 13.677 4.2
      vertex 131.184 11.1844 4.2
      vertex 131.295 11.0626 4.2
    endloop
  endfacet
  facet normal 0 0 1
    outer loop
      vertex 133.299 14.0197 4.2
      vertex 131.063 11.2948 4.2
      vertex 131.184 11.1844 4.2
    endloop
  endfacet
  facet normal 0 0 1
    outer loop
      vertex 130.486 11.6029 4.2
      vertex 131.509 14.9761 4.2
      vertex 131.014 15.1001 4.2
    endloop
  endfacet
  facet normal 0 0 1
    outer loop
      vertex 132.889 14.3236 4.2
      vertex 130.931 11.3927 4.2
      vertex 131.063 11.2948 4.2
    endloop
  endfacet
  facet normal 0 0 1
    outer loop
      vertex 132.451 14.586 4.2
      vertex 130.79 11.4772 4.2
      vertex 130.931 11.3927 4.2
    endloop
  endfacet
  facet normal 0 0 1
    outer loop
      vertex 131.99 14.8042 4.2
      vertex 130.641 11.5475 4.2
      vertex 130.79 11.4772 4.2
    endloop
  endfacet
  facet normal 0 0 1
    outer loop
      vertex 130.327 11.6428 4.2
      vertex 131.014 15.1001 4.2
      vertex 130.51 15.175 4.2
    endloop
  endfacet
  facet normal 0 0 1
    outer loop
      vertex 131.509 14.9761 4.2
      vertex 130.486 11.6029 4.2
      vertex 130.641 11.5475 4.2
    endloop
  endfacet
  facet normal 0 0 1
    outer loop
      vertex 131.014 15.1001 4.2
      vertex 130.327 11.6428 4.2
      vertex 130.486 11.6029 4.2
    endloop
  endfacet
  facet normal 0 0 1
    outer loop
      vertex 130.51 15.175 4.2
      vertex 130.164 11.6669 4.2
      vertex 130.327 11.6428 4.2
    endloop
  endfacet
  facet normal 0 0 1
    outer loop
      vertex 130 15.2 4.2
      vertex 130.164 11.6669 4.2
      vertex 130.51 15.175 4.2
    endloop
  endfacet
  facet normal 0 0 1
    outer loop
      vertex 130.164 11.6669 4.2
      vertex 130 15.2 4.2
      vertex 130 11.675 4.2
    endloop
  endfacet
  facet normal 0 0 1
    outer loop
      vertex 134.324 7.11103 4.2
      vertex 131.393 9.06942 4.2
      vertex 134.02 6.70115 4.2
    endloop
  endfacet
  facet normal -0 0 1
    outer loop
      vertex 131.295 8.93739 4.2
      vertex 134.02 6.70115 4.2
      vertex 131.393 9.06942 4.2
    endloop
  endfacet
  facet normal 0 0 1
    outer loop
      vertex 134.02 6.70115 4.2
      vertex 131.295 8.93739 4.2
      vertex 133.677 6.32304 4.2
    endloop
  endfacet
  facet normal -0 0 1
    outer loop
      vertex 131.184 8.8156 4.2
      vertex 133.677 6.32304 4.2
      vertex 131.295 8.93739 4.2
    endloop
  endfacet
  facet normal 0 0 1
    outer loop
      vertex 133.677 6.32304 4.2
      vertex 131.184 8.8156 4.2
      vertex 133.299 5.98034 4.2
    endloop
  endfacet
  facet normal -0 0 1
    outer loop
      vertex 131.063 8.70521 4.2
      vertex 133.299 5.98034 4.2
      vertex 131.184 8.8156 4.2
    endloop
  endfacet
  facet normal 0 0 1
    outer loop
      vertex 133.299 5.98034 4.2
      vertex 131.063 8.70521 4.2
      vertex 132.889 5.67636 4.2
    endloop
  endfacet
  facet normal -0 0 1
    outer loop
      vertex 130.931 8.60729 4.2
      vertex 132.889 5.67636 4.2
      vertex 131.063 8.70521 4.2
    endloop
  endfacet
  facet normal 0 0 1
    outer loop
      vertex 132.889 5.67636 4.2
      vertex 130.931 8.60729 4.2
      vertex 132.451 5.41401 4.2
    endloop
  endfacet
  facet normal -0 0 1
    outer loop
      vertex 130.79 8.52278 4.2
      vertex 132.451 5.41401 4.2
      vertex 130.931 8.60729 4.2
    endloop
  endfacet
  facet normal 0 0 1
    outer loop
      vertex 132.451 5.41401 4.2
      vertex 130.79 8.52278 4.2
      vertex 131.99 5.19583 4.2
    endloop
  endfacet
  facet normal -0 0 1
    outer loop
      vertex 130.641 8.4525 4.2
      vertex 131.99 5.19583 4.2
      vertex 130.79 8.52278 4.2
    endloop
  endfacet
  facet normal 0 0 1
    outer loop
      vertex 131.99 5.19583 4.2
      vertex 130.641 8.4525 4.2
      vertex 131.509 5.02391 4.2
    endloop
  endfacet
  facet normal -0 0 1
    outer loop
      vertex 130.486 8.39712 4.2
      vertex 131.509 5.02391 4.2
      vertex 130.641 8.4525 4.2
    endloop
  endfacet
  facet normal 0 0 1
    outer loop
      vertex 131.509 5.02391 4.2
      vertex 130.486 8.39712 4.2
      vertex 131.014 4.89992 4.2
    endloop
  endfacet
  facet normal -0 0 1
    outer loop
      vertex 130.327 8.35718 4.2
      vertex 131.014 4.89992 4.2
      vertex 130.486 8.39712 4.2
    endloop
  endfacet
  facet normal 0 0 1
    outer loop
      vertex 131.014 4.89992 4.2
      vertex 130.327 8.35718 4.2
      vertex 130.51 4.82504 4.2
    endloop
  endfacet
  facet normal -0 0 1
    outer loop
      vertex 130.164 8.33307 4.2
      vertex 130.51 4.82504 4.2
      vertex 130.327 8.35718 4.2
    endloop
  endfacet
  facet normal -0 0 1
    outer loop
      vertex 130 8.325 4.2
      vertex 130.51 4.82504 4.2
      vertex 130.164 8.33307 4.2
    endloop
  endfacet
  facet normal 0 0 1
    outer loop
      vertex 130 8.325 4.2
      vertex 130 4.8 4.2
      vertex 130.51 4.82504 4.2
    endloop
  endfacet
  facet normal 0 0 1
    outer loop
      vertex 130 8.325 4.2
      vertex 129.99 4.80048 4.2
      vertex 130 4.8 4.2
    endloop
  endfacet
  facet normal 0 0 1
    outer loop
      vertex 129.836 8.33307 4.2
      vertex 129.99 4.80048 4.2
      vertex 130 8.325 4.2
    endloop
  endfacet
  facet normal 0 0 1
    outer loop
      vertex 129.673 8.35718 4.2
      vertex 129.99 4.80048 4.2
      vertex 129.836 8.33307 4.2
    endloop
  endfacet
  facet normal 0 0 1
    outer loop
      vertex 129.514 8.39712 4.2
      vertex 129.99 4.80048 4.2
      vertex 129.673 8.35718 4.2
    endloop
  endfacet
  facet normal 0 0 1
    outer loop
      vertex 129.359 8.4525 4.2
      vertex 129.99 4.80048 4.2
      vertex 129.514 8.39712 4.2
    endloop
  endfacet
  facet normal 0 0 1
    outer loop
      vertex 129.21 8.52278 4.2
      vertex 129.99 4.80048 4.2
      vertex 129.359 8.4525 4.2
    endloop
  endfacet
  facet normal 0 0 1
    outer loop
      vertex 129.069 8.60729 4.2
      vertex 129.99 4.80048 4.2
      vertex 129.21 8.52278 4.2
    endloop
  endfacet
  facet normal 0 0 1
    outer loop
      vertex 128.937 8.70521 4.2
      vertex 129.99 4.80048 4.2
      vertex 129.069 8.60729 4.2
    endloop
  endfacet
  facet normal 0 0 1
    outer loop
      vertex 128.816 8.8156 4.2
      vertex 129.99 4.80048 4.2
      vertex 128.937 8.70521 4.2
    endloop
  endfacet
  facet normal 0 0 1
    outer loop
      vertex 128.705 8.93739 4.2
      vertex 129.99 4.80048 4.2
      vertex 128.816 8.8156 4.2
    endloop
  endfacet
  facet normal 0 0 1
    outer loop
      vertex 125.2 0.0097964 4.2
      vertex 129.99 4.80048 4.2
      vertex 128.705 8.93739 4.2
    endloop
  endfacet
  facet normal 0 -0 1
    outer loop
      vertex 129.904 4.02454 4.2
      vertex 129.99 4.80048 4.2
      vertex 125.2 0.0097964 4.2
    endloop
  endfacet
  facet normal 0 0 1
    outer loop
      vertex 129.99 4.80048 4.2
      vertex 129.904 4.02454 4.2
      vertex 129.976 4.5099 4.2
    endloop
  endfacet
  facet normal 0 0 1
    outer loop
      vertex 129.904 4.02454 4.2
      vertex 125.2 0.0097964 4.2
      vertex 129.785 3.54857 4.2
    endloop
  endfacet
  facet normal 0 0 1
    outer loop
      vertex 129.785 3.54857 4.2
      vertex 125.2 0.0097964 4.2
      vertex 129.619 3.08658 4.2
    endloop
  endfacet
  facet normal 0 0 1
    outer loop
      vertex 129.619 3.08658 4.2
      vertex 125.2 0.0097964 4.2
      vertex 129.41 2.64301 4.2
    endloop
  endfacet
  facet normal 0 0 1
    outer loop
      vertex 129.41 2.64301 4.2
      vertex 125.2 0.0097964 4.2
      vertex 129.157 2.22214 4.2
    endloop
  endfacet
  facet normal 0 0 1
    outer loop
      vertex 125.2 0.0097964 4.2
      vertex 128.705 8.93739 4.2
      vertex 128.607 9.06942 4.2
    endloop
  endfacet
  facet normal 0 0 1
    outer loop
      vertex 129.157 2.22214 4.2
      vertex 125.2 0.0097964 4.2
      vertex 128.865 1.82803 4.2
    endloop
  endfacet
  facet normal 0 0 1
    outer loop
      vertex 125.2 0.0097964 4.2
      vertex 128.607 9.06942 4.2
      vertex 128.523 9.21041 4.2
    endloop
  endfacet
  facet normal 0 0 1
    outer loop
      vertex 125.2 0.0097964 4.2
      vertex 128.523 9.21041 4.2
      vertex 128.452 9.359 4.2
    endloop
  endfacet
  facet normal 0 0 1
    outer loop
      vertex 125.2 0.0097964 4.2
      vertex 128.452 9.359 4.2
      vertex 128.397 9.51377 4.2
    endloop
  endfacet
  facet normal 0 0 1
    outer loop
      vertex 125.2 0.0097964 4.2
      vertex 128.397 9.51377 4.2
      vertex 128.357 9.67322 4.2
    endloop
  endfacet
  facet normal 0 0 1
    outer loop
      vertex 125.2 0.0097964 4.2
      vertex 128.357 9.67322 4.2
      vertex 128.333 9.83582 4.2
    endloop
  endfacet
  facet normal 0 0 1
    outer loop
      vertex 125.2 0.0097964 4.2
      vertex 128.333 9.83582 4.2
      vertex 128.325 10 4.2
    endloop
  endfacet
  facet normal 0 0 1
    outer loop
      vertex 128.865 1.82803 4.2
      vertex 125.2 0.0097964 4.2
      vertex 128.536 1.46446 4.2
    endloop
  endfacet
  facet normal 0 0 1
    outer loop
      vertex 128.325 122 4.2
      vertex 125.2 131.99 4.2
      vertex 128.325 10 4.2
    endloop
  endfacet
  facet normal 0 0 1
    outer loop
      vertex 125.2 131.99 4.2
      vertex 128.172 130.865 4.2
      vertex 127.778 131.157 4.2
    endloop
  endfacet
  facet normal 0 0 1
    outer loop
      vertex 125.2 0.0097964 4.2
      vertex 128.325 10 4.2
      vertex 125.2 131.99 4.2
    endloop
  endfacet
  facet normal 0 0 1
    outer loop
      vertex 125.2 131.99 4.2
      vertex 127.778 131.157 4.2
      vertex 127.357 131.41 4.2
    endloop
  endfacet
  facet normal 0 0 1
    outer loop
      vertex 128.536 1.46446 4.2
      vertex 125.2 0.0097964 4.2
      vertex 128.172 1.13493 4.2
    endloop
  endfacet
  facet normal 0 0 1
    outer loop
      vertex 125.2 131.99 4.2
      vertex 127.357 131.41 4.2
      vertex 126.913 131.619 4.2
    endloop
  endfacet
  facet normal 0 0 1
    outer loop
      vertex 128.172 1.13493 4.2
      vertex 125.2 0.0097964 4.2
      vertex 127.778 0.842651 4.2
    endloop
  endfacet
  facet normal 0 0 1
    outer loop
      vertex 125.2 131.99 4.2
      vertex 126.913 131.619 4.2
      vertex 126.451 131.785 4.2
    endloop
  endfacet
  facet normal 0 0 1
    outer loop
      vertex 127.778 0.842651 4.2
      vertex 125.2 0.0097964 4.2
      vertex 127.357 0.590393 4.2
    endloop
  endfacet
  facet normal 0 0 1
    outer loop
      vertex 125.2 131.99 4.2
      vertex 126.451 131.785 4.2
      vertex 125.975 131.904 4.2
    endloop
  endfacet
  facet normal 0 0 1
    outer loop
      vertex 127.357 0.590393 4.2
      vertex 125.2 0.0097964 4.2
      vertex 126.913 0.3806 4.2
    endloop
  endfacet
  facet normal 0 0 1
    outer loop
      vertex 125.2 131.99 4.2
      vertex 125.975 131.904 4.2
      vertex 125.49 131.976 4.2
    endloop
  endfacet
  facet normal 0 0 1
    outer loop
      vertex 126.913 0.3806 4.2
      vertex 125.2 0.0097964 4.2
      vertex 126.451 0.215286 4.2
    endloop
  endfacet
  facet normal 0 0 1
    outer loop
      vertex 126.451 0.215286 4.2
      vertex 125.2 0.0097964 4.2
      vertex 125.975 0.0960693 4.2
    endloop
  endfacet
  facet normal 0 0 1
    outer loop
      vertex 125.975 0.0960693 4.2
      vertex 125.2 0.0097964 4.2
      vertex 125.49 0.0240631 4.2
    endloop
  endfacet
  facet normal 0 0 -1
    outer loop
      vertex 125.2 0 0
      vertex 121.675 0 0
      vertex 125.2 0.0097964 0
    endloop
  endfacet
  facet normal 0 0 -1
    outer loop
      vertex 121.675 0 0
      vertex 125.2 0 0
      vertex 125.175 -0.509688 0
    endloop
  endfacet
  facet normal 0 0 -1
    outer loop
      vertex 121.675 132 0
      vertex 125.2 132 0
      vertex 125.2 131.99 0
    endloop
  endfacet
  facet normal 0 0 -1
    outer loop
      vertex 125.2 0.0097964 0
      vertex 112 44 0
      vertex 125.2 131.99 0
    endloop
  endfacet
  facet normal 0 0 -1
    outer loop
      vertex 121.667 -0.164178 0
      vertex 125.175 -0.509688 0
      vertex 125.1 -1.01447 0
    endloop
  endfacet
  facet normal 0 0 -1
    outer loop
      vertex 101 98.5 0
      vertex 125.2 131.99 0
      vertex 112 44 0
    endloop
  endfacet
  facet normal 0 0 -1
    outer loop
      vertex 121.643 -0.326776 0
      vertex 125.1 -1.01447 0
      vertex 124.976 -1.50948 0
    endloop
  endfacet
  facet normal 0 -0 -1
    outer loop
      vertex 120.641 130.452 0
      vertex 125.2 131.99 0
      vertex 101 98.5 0
    endloop
  endfacet
  facet normal 0 0 -1
    outer loop
      vertex 121.603 -0.486226 0
      vertex 124.976 -1.50948 0
      vertex 124.804 -1.98995 0
    endloop
  endfacet
  facet normal 0 -0 -1
    outer loop
      vertex 120.931 130.607 0
      vertex 125.2 131.99 0
      vertex 120.79 130.523 0
    endloop
  endfacet
  facet normal 0 0 -1
    outer loop
      vertex 121.548 -0.640994 0
      vertex 124.804 -1.98995 0
      vertex 124.586 -2.45126 0
    endloop
  endfacet
  facet normal 0 -0 -1
    outer loop
      vertex 121.184 130.816 0
      vertex 125.2 131.99 0
      vertex 121.063 130.705 0
    endloop
  endfacet
  facet normal 0 0 -1
    outer loop
      vertex 121.477 -0.789589 0
      vertex 124.586 -2.45126 0
      vertex 124.324 -2.88896 0
    endloop
  endfacet
  facet normal 0 -0 -1
    outer loop
      vertex 121.548 131.359 0
      vertex 125.2 131.99 0
      vertex 121.477 131.21 0
    endloop
  endfacet
  facet normal 0 0 -1
    outer loop
      vertex 121.393 -0.93058 0
      vertex 124.324 -2.88896 0
      vertex 124.02 -3.29884 0
    endloop
  endfacet
  facet normal 0 -0 -1
    outer loop
      vertex 121.643 131.673 0
      vertex 125.2 131.99 0
      vertex 121.603 131.514 0
    endloop
  endfacet
  facet normal 0 0 -1
    outer loop
      vertex 121.295 -1.06261 0
      vertex 124.02 -3.29884 0
      vertex 123.677 -3.67696 0
    endloop
  endfacet
  facet normal 0 -0 -1
    outer loop
      vertex 121.675 132 0
      vertex 125.2 131.99 0
      vertex 121.667 131.836 0
    endloop
  endfacet
  facet normal 0 0 -1
    outer loop
      vertex 121.184 -1.1844 0
      vertex 123.677 -3.67696 0
      vertex 123.299 -4.01965 0
    endloop
  endfacet
  facet normal 0 0 -1
    outer loop
      vertex 121.667 132.164 0
      vertex 125.175 132.51 0
      vertex 121.675 132 0
    endloop
  endfacet
  facet normal 0 0 -1
    outer loop
      vertex 121.063 -1.29479 0
      vertex 123.299 -4.01965 0
      vertex 122.889 -4.32364 0
    endloop
  endfacet
  facet normal 0 0 -1
    outer loop
      vertex 125.2 0.0097964 0
      vertex 121.643 0.326776 0
      vertex 121.603 0.486226 0
    endloop
  endfacet
  facet normal 0 0 -1
    outer loop
      vertex 120.931 -1.39271 0
      vertex 122.889 -4.32364 0
      vertex 122.451 -4.58599 0
    endloop
  endfacet
  facet normal 0 0 -1
    outer loop
      vertex 125.2 0.0097964 0
      vertex 121.603 0.486226 0
      vertex 121.548 0.640994 0
    endloop
  endfacet
  facet normal 0 0 -1
    outer loop
      vertex 120.79 -1.47722 0
      vertex 122.451 -4.58599 0
      vertex 121.99 -4.80417 0
    endloop
  endfacet
  facet normal 0 0 -1
    outer loop
      vertex 125.2 0.0097964 0
      vertex 121.667 0.164178 0
      vertex 121.643 0.326776 0
    endloop
  endfacet
  facet normal -0 0 -1
    outer loop
      vertex 125.2 0.0097964 0
      vertex 121.675 0 0
      vertex 121.667 0.164178 0
    endloop
  endfacet
  facet normal 0 0 -1
    outer loop
      vertex 125.175 -0.509688 0
      vertex 121.667 -0.164178 0
      vertex 121.675 0 0
    endloop
  endfacet
  facet normal 0 0 -1
    outer loop
      vertex 125.1 -1.01447 0
      vertex 121.643 -0.326776 0
      vertex 121.667 -0.164178 0
    endloop
  endfacet
  facet normal 0 0 -1
    outer loop
      vertex 124.976 -1.50948 0
      vertex 121.603 -0.486226 0
      vertex 121.643 -0.326776 0
    endloop
  endfacet
  facet normal 0 0 -1
    outer loop
      vertex 124.804 -1.98995 0
      vertex 121.548 -0.640994 0
      vertex 121.603 -0.486226 0
    endloop
  endfacet
  facet normal 0 0 -1
    outer loop
      vertex 120.641 -1.5475 0
      vertex 121.99 -4.80417 0
      vertex 121.509 -4.97609 0
    endloop
  endfacet
  facet normal 0 0 -1
    outer loop
      vertex 124.586 -2.45126 0
      vertex 121.477 -0.789589 0
      vertex 121.548 -0.640994 0
    endloop
  endfacet
  facet normal 0 0 -1
    outer loop
      vertex 124.324 -2.88896 0
      vertex 121.393 -0.93058 0
      vertex 121.477 -0.789589 0
    endloop
  endfacet
  facet normal 0 0 -1
    outer loop
      vertex 124.02 -3.29884 0
      vertex 121.295 -1.06261 0
      vertex 121.393 -0.93058 0
    endloop
  endfacet
  facet normal 0 0 -1
    outer loop
      vertex 123.677 -3.67696 0
      vertex 121.184 -1.1844 0
      vertex 121.295 -1.06261 0
    endloop
  endfacet
  facet normal 0 0 -1
    outer loop
      vertex 123.299 -4.01965 0
      vertex 121.063 -1.29479 0
      vertex 121.184 -1.1844 0
    endloop
  endfacet
  facet normal 0 0 -1
    outer loop
      vertex 120.486 -1.60287 0
      vertex 121.509 -4.97609 0
      vertex 121.014 -5.10008 0
    endloop
  endfacet
  facet normal 0 0 -1
    outer loop
      vertex 122.889 -4.32364 0
      vertex 120.931 -1.39271 0
      vertex 121.063 -1.29479 0
    endloop
  endfacet
  facet normal 0 0 -1
    outer loop
      vertex 122.451 -4.58599 0
      vertex 120.79 -1.47722 0
      vertex 120.931 -1.39271 0
    endloop
  endfacet
  facet normal 0 0 -1
    outer loop
      vertex 121.99 -4.80417 0
      vertex 120.641 -1.5475 0
      vertex 120.79 -1.47722 0
    endloop
  endfacet
  facet normal 0 0 -1
    outer loop
      vertex 120.327 -1.64281 0
      vertex 121.014 -5.10008 0
      vertex 120.51 -5.17496 0
    endloop
  endfacet
  facet normal 0 0 -1
    outer loop
      vertex 121.509 -4.97609 0
      vertex 120.486 -1.60287 0
      vertex 120.641 -1.5475 0
    endloop
  endfacet
  facet normal 0 0 -1
    outer loop
      vertex 121.014 -5.10008 0
      vertex 120.327 -1.64281 0
      vertex 120.486 -1.60287 0
    endloop
  endfacet
  facet normal 0 0 -1
    outer loop
      vertex 120.51 -5.17496 0
      vertex 120.164 -1.66693 0
      vertex 120.327 -1.64281 0
    endloop
  endfacet
  facet normal 0 0 -1
    outer loop
      vertex 120 -5.2 0
      vertex 120.164 -1.66693 0
      vertex 120.51 -5.17496 0
    endloop
  endfacet
  facet normal 0 0 -1
    outer loop
      vertex 120 -5.2 0
      vertex 120 -1.675 0
      vertex 120.164 -1.66693 0
    endloop
  endfacet
  facet normal 0 0 -1
    outer loop
      vertex 120 -5.2 0
      vertex 119.836 -1.66693 0
      vertex 120 -1.675 0
    endloop
  endfacet
  facet normal 0 0 -1
    outer loop
      vertex 119.49 -5.17496 0
      vertex 119.836 -1.66693 0
      vertex 120 -5.2 0
    endloop
  endfacet
  facet normal -0 0 -1
    outer loop
      vertex 119.836 -1.66693 0
      vertex 119.49 -5.17496 0
      vertex 119.673 -1.64281 0
    endloop
  endfacet
  facet normal 0 0 -1
    outer loop
      vertex 118.986 -5.10008 0
      vertex 119.673 -1.64281 0
      vertex 119.49 -5.17496 0
    endloop
  endfacet
  facet normal -0 0 -1
    outer loop
      vertex 119.673 -1.64281 0
      vertex 118.986 -5.10008 0
      vertex 119.514 -1.60287 0
    endloop
  endfacet
  facet normal 0 0 -1
    outer loop
      vertex 118.491 -4.97609 0
      vertex 119.514 -1.60287 0
      vertex 118.986 -5.10008 0
    endloop
  endfacet
  facet normal -0 0 -1
    outer loop
      vertex 119.514 -1.60287 0
      vertex 118.491 -4.97609 0
      vertex 119.359 -1.5475 0
    endloop
  endfacet
  facet normal 0 0 -1
    outer loop
      vertex 118.01 -4.80417 0
      vertex 119.359 -1.5475 0
      vertex 118.491 -4.97609 0
    endloop
  endfacet
  facet normal -0 0 -1
    outer loop
      vertex 119.359 -1.5475 0
      vertex 118.01 -4.80417 0
      vertex 119.21 -1.47722 0
    endloop
  endfacet
  facet normal -0 0 -1
    outer loop
      vertex 119.21 -1.47722 0
      vertex 118.01 -4.80417 0
      vertex 119.069 -1.39271 0
    endloop
  endfacet
  facet normal -0 0 -1
    outer loop
      vertex 119.069 -1.39271 0
      vertex 118.01 -4.80417 0
      vertex 118.937 -1.29479 0
    endloop
  endfacet
  facet normal -0 0 -1
    outer loop
      vertex 118.937 -1.29479 0
      vertex 118.01 -4.80417 0
      vertex 118.816 -1.1844 0
    endloop
  endfacet
  facet normal -0 0 -1
    outer loop
      vertex 118.816 -1.1844 0
      vertex 118.01 -4.80417 0
      vertex 118.705 -1.06261 0
    endloop
  endfacet
  facet normal -0 0 -1
    outer loop
      vertex 118.705 -1.06261 0
      vertex 118.01 -4.80417 0
      vertex 118.607 -0.93058 0
    endloop
  endfacet
  facet normal -0 0 -1
    outer loop
      vertex 118.607 -0.93058 0
      vertex 118.01 -4.80417 0
      vertex 118.523 -0.789589 0
    endloop
  endfacet
  facet normal -0 0 -1
    outer loop
      vertex 118.523 -0.789589 0
      vertex 118.01 -4.80417 0
      vertex 118.452 -0.640994 0
    endloop
  endfacet
  facet normal -0 0 -1
    outer loop
      vertex 118.452 -0.640994 0
      vertex 118.01 -4.80417 0
      vertex 118.397 -0.486226 0
    endloop
  endfacet
  facet normal -0 0 -1
    outer loop
      vertex 118.397 -0.486226 0
      vertex 118.01 -4.80417 0
      vertex 118.357 -0.326776 0
    endloop
  endfacet
  facet normal -0 0 -1
    outer loop
      vertex 118.357 -0.326776 0
      vertex 118.01 -4.80417 0
      vertex 118.333 -0.164178 0
    endloop
  endfacet
  facet normal 0 0 -1
    outer loop
      vertex 118.523 131.21 0
      vertex 114.8 132 0
      vertex 118.452 131.359 0
    endloop
  endfacet
  facet normal -0 0 -1
    outer loop
      vertex 118.333 -0.164178 0
      vertex 118.01 -4.80417 0
      vertex 118.325 0 0
    endloop
  endfacet
  facet normal 0 0 -1
    outer loop
      vertex -0.164178 11.6669 0
      vertex 0 15.2 0
      vertex 0 11.675 0
    endloop
  endfacet
  facet normal 0 0 -1
    outer loop
      vertex -0.509688 15.175 0
      vertex -0.164178 11.6669 0
      vertex -0.326776 11.6428 0
    endloop
  endfacet
  facet normal 0 0 -1
    outer loop
      vertex -1.01447 15.1001 0
      vertex -0.326776 11.6428 0
      vertex -0.486226 11.6029 0
    endloop
  endfacet
  facet normal 0 0 -1
    outer loop
      vertex -0.164178 11.6669 0
      vertex -0.509688 15.175 0
      vertex 0 15.2 0
    endloop
  endfacet
  facet normal 0 0 -1
    outer loop
      vertex -1.50948 14.9761 0
      vertex -0.486226 11.6029 0
      vertex -0.640994 11.5475 0
    endloop
  endfacet
  facet normal 0 0 -1
    outer loop
      vertex -1.98995 14.8042 0
      vertex -0.640994 11.5475 0
      vertex -0.789589 11.4772 0
    endloop
  endfacet
  facet normal 0 0 -1
    outer loop
      vertex -2.45126 14.586 0
      vertex -0.789589 11.4772 0
      vertex -0.93058 11.3927 0
    endloop
  endfacet
  facet normal 0 0 -1
    outer loop
      vertex -0.326776 11.6428 0
      vertex -1.01447 15.1001 0
      vertex -0.509688 15.175 0
    endloop
  endfacet
  facet normal 0 0 -1
    outer loop
      vertex -2.88896 14.3236 0
      vertex -0.93058 11.3927 0
      vertex -1.06261 11.2948 0
    endloop
  endfacet
  facet normal 0 0 -1
    outer loop
      vertex -3.29884 14.0197 0
      vertex -1.06261 11.2948 0
      vertex -1.1844 11.1844 0
    endloop
  endfacet
  facet normal 0 0 -1
    outer loop
      vertex -3.67696 13.677 0
      vertex -1.1844 11.1844 0
      vertex -1.29479 11.0626 0
    endloop
  endfacet
  facet normal 0 0 -1
    outer loop
      vertex -4.01965 13.2988 0
      vertex -1.29479 11.0626 0
      vertex -1.39271 10.9306 0
    endloop
  endfacet
  facet normal 0 0 -1
    outer loop
      vertex -4.32364 12.889 0
      vertex -1.39271 10.9306 0
      vertex -1.47722 10.7896 0
    endloop
  endfacet
  facet normal 0 0 -1
    outer loop
      vertex -0.486226 11.6029 0
      vertex -1.50948 14.9761 0
      vertex -1.01447 15.1001 0
    endloop
  endfacet
  facet normal 0 0 -1
    outer loop
      vertex -4.58599 12.4513 0
      vertex -1.47722 10.7896 0
      vertex -1.5475 10.641 0
    endloop
  endfacet
  facet normal 0 0 -1
    outer loop
      vertex -4.80417 11.99 0
      vertex -1.5475 10.641 0
      vertex -1.60287 10.4862 0
    endloop
  endfacet
  facet normal 0 0 -1
    outer loop
      vertex -4.97609 11.5095 0
      vertex -1.60287 10.4862 0
      vertex -1.64281 10.3268 0
    endloop
  endfacet
  facet normal 0 0 -1
    outer loop
      vertex -5.10008 11.0145 0
      vertex -1.64281 10.3268 0
      vertex -1.66693 10.1642 0
    endloop
  endfacet
  facet normal 0 0 -1
    outer loop
      vertex -5.17496 10.5097 0
      vertex -1.66693 10.1642 0
      vertex -1.675 10 0
    endloop
  endfacet
  facet normal -0 0 -1
    outer loop
      vertex -1.39271 9.06942 0
      vertex -4.32364 7.11103 0
      vertex -1.47722 9.21041 0
    endloop
  endfacet
  facet normal 0 0 -1
    outer loop
      vertex -0.640994 11.5475 0
      vertex -1.98995 14.8042 0
      vertex -1.50948 14.9761 0
    endloop
  endfacet
  facet normal 0 0 -1
    outer loop
      vertex -4.58599 7.54874 0
      vertex -1.47722 9.21041 0
      vertex -4.32364 7.11103 0
    endloop
  endfacet
  facet normal 0 0 -1
    outer loop
      vertex -0.789589 11.4772 0
      vertex -2.45126 14.586 0
      vertex -1.98995 14.8042 0
    endloop
  endfacet
  facet normal -0 0 -1
    outer loop
      vertex -1.47722 9.21041 0
      vertex -4.58599 7.54874 0
      vertex -1.5475 9.359 0
    endloop
  endfacet
  facet normal 0 0 -1
    outer loop
      vertex -0.93058 11.3927 0
      vertex -2.88896 14.3236 0
      vertex -2.45126 14.586 0
    endloop
  endfacet
  facet normal 0 0 -1
    outer loop
      vertex -4.80417 8.01005 0
      vertex -1.5475 9.359 0
      vertex -4.58599 7.54874 0
    endloop
  endfacet
  facet normal 0 0 -1
    outer loop
      vertex -1.06261 11.2948 0
      vertex -3.29884 14.0197 0
      vertex -2.88896 14.3236 0
    endloop
  endfacet
  facet normal -0 0 -1
    outer loop
      vertex -1.5475 9.359 0
      vertex -4.80417 8.01005 0
      vertex -1.60287 9.51377 0
    endloop
  endfacet
  facet normal 0 0 -1
    outer loop
      vertex -1.1844 11.1844 0
      vertex -3.67696 13.677 0
      vertex -3.29884 14.0197 0
    endloop
  endfacet
  facet normal 0 0 -1
    outer loop
      vertex -4.97609 8.49052 0
      vertex -1.60287 9.51377 0
      vertex -4.80417 8.01005 0
    endloop
  endfacet
  facet normal 0 0 -1
    outer loop
      vertex -1.29479 11.0626 0
      vertex -4.01965 13.2988 0
      vertex -3.67696 13.677 0
    endloop
  endfacet
  facet normal -0 0 -1
    outer loop
      vertex -1.60287 9.51377 0
      vertex -4.97609 8.49052 0
      vertex -1.64281 9.67322 0
    endloop
  endfacet
  facet normal 0 0 -1
    outer loop
      vertex -1.39271 10.9306 0
      vertex -4.32364 12.889 0
      vertex -4.01965 13.2988 0
    endloop
  endfacet
  facet normal 0 0 -1
    outer loop
      vertex -5.10008 8.98553 0
      vertex -1.64281 9.67322 0
      vertex -4.97609 8.49052 0
    endloop
  endfacet
  facet normal 0 0 -1
    outer loop
      vertex -1.47722 10.7896 0
      vertex -4.58599 12.4513 0
      vertex -4.32364 12.889 0
    endloop
  endfacet
  facet normal -0 0 -1
    outer loop
      vertex -1.64281 9.67322 0
      vertex -5.10008 8.98553 0
      vertex -1.66693 9.83582 0
    endloop
  endfacet
  facet normal 0 0 -1
    outer loop
      vertex -1.5475 10.641 0
      vertex -4.80417 11.99 0
      vertex -4.58599 12.4513 0
    endloop
  endfacet
  facet normal 0 0 -1
    outer loop
      vertex -5.17496 9.49031 0
      vertex -1.66693 9.83582 0
      vertex -5.10008 8.98553 0
    endloop
  endfacet
  facet normal 0 0 -1
    outer loop
      vertex -1.60287 10.4862 0
      vertex -4.97609 11.5095 0
      vertex -4.80417 11.99 0
    endloop
  endfacet
  facet normal -0 0 -1
    outer loop
      vertex -1.66693 9.83582 0
      vertex -5.17496 9.49031 0
      vertex -1.675 10 0
    endloop
  endfacet
  facet normal 0 0 -1
    outer loop
      vertex -1.64281 10.3268 0
      vertex -5.10008 11.0145 0
      vertex -4.97609 11.5095 0
    endloop
  endfacet
  facet normal 0 0 -1
    outer loop
      vertex -5.2 10 0
      vertex -1.675 10 0
      vertex -5.17496 9.49031 0
    endloop
  endfacet
  facet normal 0 0 -1
    outer loop
      vertex -1.66693 10.1642 0
      vertex -5.17496 10.5097 0
      vertex -5.10008 11.0145 0
    endloop
  endfacet
  facet normal 0 0 -1
    outer loop
      vertex -1.675 10 0
      vertex -5.2 10 0
      vertex -5.17496 10.5097 0
    endloop
  endfacet
  facet normal 0 0 -1
    outer loop
      vertex 10.4862 1.60287 0
      vertex 1.60287 10.4862 0
      vertex 26 12 0
    endloop
  endfacet
  facet normal 0 0 -1
    outer loop
      vertex 26 44 0
      vertex 1.66693 121.836 0
      vertex 1.675 122 0
    endloop
  endfacet
  facet normal 0 0 -1
    outer loop
      vertex 1.5475 10.641 0
      vertex 26 12 0
      vertex 1.60287 10.4862 0
    endloop
  endfacet
  facet normal 0 0 -1
    outer loop
      vertex 26 44 0
      vertex 1.64281 121.673 0
      vertex 1.66693 121.836 0
    endloop
  endfacet
  facet normal 0 0 -1
    outer loop
      vertex 1.47722 10.7896 0
      vertex 26 12 0
      vertex 1.5475 10.641 0
    endloop
  endfacet
  facet normal 0 0 -1
    outer loop
      vertex 26 44 0
      vertex 1.60287 121.514 0
      vertex 1.64281 121.673 0
    endloop
  endfacet
  facet normal 0 0 -1
    outer loop
      vertex 26 12 0
      vertex 0 15.2 0
      vertex 26 44 0
    endloop
  endfacet
  facet normal 0 0 -1
    outer loop
      vertex 26 44 0
      vertex 1.5475 121.359 0
      vertex 1.60287 121.514 0
    endloop
  endfacet
  facet normal -0 0 -1
    outer loop
      vertex 26 12 0
      vertex 1.47722 10.7896 0
      vertex 0 15.2 0
    endloop
  endfacet
  facet normal 0 0 -1
    outer loop
      vertex 0 116.8 0
      vertex 26 44 0
      vertex 0 15.2 0
    endloop
  endfacet
  facet normal 0 0 -1
    outer loop
      vertex 0 15.2 0
      vertex 1.47722 10.7896 0
      vertex 1.39271 10.9306 0
    endloop
  endfacet
  facet normal 0 0 -1
    outer loop
      vertex 26 44 0
      vertex 0 116.8 0
      vertex 1.5475 121.359 0
    endloop
  endfacet
  facet normal 0 0 -1
    outer loop
      vertex 0 15.2 0
      vertex 1.39271 10.9306 0
      vertex 1.29479 11.0626 0
    endloop
  endfacet
  facet normal 0 0 -1
    outer loop
      vertex 1.5475 121.359 0
      vertex 0 116.8 0
      vertex 1.47722 121.21 0
    endloop
  endfacet
  facet normal 0 0 -1
    outer loop
      vertex 0 15.2 0
      vertex 1.29479 11.0626 0
      vertex 1.1844 11.1844 0
    endloop
  endfacet
  facet normal 0 0 -1
    outer loop
      vertex 1.47722 121.21 0
      vertex 0 116.8 0
      vertex 1.39271 121.069 0
    endloop
  endfacet
  facet normal 0 0 -1
    outer loop
      vertex 0 15.2 0
      vertex 1.1844 11.1844 0
      vertex 1.06261 11.2948 0
    endloop
  endfacet
  facet normal 0 0 -1
    outer loop
      vertex 1.39271 121.069 0
      vertex 0 116.8 0
      vertex 1.29479 120.937 0
    endloop
  endfacet
  facet normal 0 0 -1
    outer loop
      vertex 0 15.2 0
      vertex 1.06261 11.2948 0
      vertex 0.93058 11.3927 0
    endloop
  endfacet
  facet normal 0 0 -1
    outer loop
      vertex 1.29479 120.937 0
      vertex 0 116.8 0
      vertex 1.1844 120.816 0
    endloop
  endfacet
  facet normal 0 0 -1
    outer loop
      vertex 0 15.2 0
      vertex 0.93058 11.3927 0
      vertex 0.789589 11.4772 0
    endloop
  endfacet
  facet normal 0 0 -1
    outer loop
      vertex 1.1844 120.816 0
      vertex 0 116.8 0
      vertex 1.06261 120.705 0
    endloop
  endfacet
  facet normal 0 0 -1
    outer loop
      vertex 0 15.2 0
      vertex 0.789589 11.4772 0
      vertex 0.640994 11.5475 0
    endloop
  endfacet
  facet normal 0 0 -1
    outer loop
      vertex 1.06261 120.705 0
      vertex 0 116.8 0
      vertex 0.93058 120.607 0
    endloop
  endfacet
  facet normal 0 0 -1
    outer loop
      vertex 0 15.2 0
      vertex 0.640994 11.5475 0
      vertex 0.486226 11.6029 0
    endloop
  endfacet
  facet normal 0 0 -1
    outer loop
      vertex 0.93058 120.607 0
      vertex 0 116.8 0
      vertex 0.789589 120.523 0
    endloop
  endfacet
  facet normal 0 0 -1
    outer loop
      vertex 0 15.2 0
      vertex 0.486226 11.6029 0
      vertex 0.326776 11.6428 0
    endloop
  endfacet
  facet normal 0 0 -1
    outer loop
      vertex 0.789589 120.523 0
      vertex 0 116.8 0
      vertex 0.640994 120.452 0
    endloop
  endfacet
  facet normal 0 0 -1
    outer loop
      vertex 0 15.2 0
      vertex 0.326776 11.6428 0
      vertex 0.164178 11.6669 0
    endloop
  endfacet
  facet normal 0 0 -1
    outer loop
      vertex 0.640994 120.452 0
      vertex 0 116.8 0
      vertex 0.486226 120.397 0
    endloop
  endfacet
  facet normal 0 0 -1
    outer loop
      vertex 0 15.2 0
      vertex 0.164178 11.6669 0
      vertex 0 11.675 0
    endloop
  endfacet
  facet normal 0 0 -1
    outer loop
      vertex 0.486226 120.397 0
      vertex 0 116.8 0
      vertex 0.326776 120.357 0
    endloop
  endfacet
  facet normal 0 0 -1
    outer loop
      vertex 0.326776 120.357 0
      vertex 0 116.8 0
      vertex 0.164178 120.333 0
    endloop
  endfacet
  facet normal 0 0 -1
    outer loop
      vertex 0 116.8 0
      vertex 0 120.325 0
      vertex 0.164178 120.333 0
    endloop
  endfacet
  facet normal 0 0 -1
    outer loop
      vertex 0 116.8 0
      vertex -0.164178 120.333 0
      vertex 0 120.325 0
    endloop
  endfacet
  facet normal 0 0 -1
    outer loop
      vertex -0.509688 116.825 0
      vertex -0.164178 120.333 0
      vertex 0 116.8 0
    endloop
  endfacet
  facet normal -0 0 -1
    outer loop
      vertex -0.164178 120.333 0
      vertex -0.509688 116.825 0
      vertex -0.326776 120.357 0
    endloop
  endfacet
  facet normal 0 0 -1
    outer loop
      vertex -1.01447 116.9 0
      vertex -0.326776 120.357 0
      vertex -0.509688 116.825 0
    endloop
  endfacet
  facet normal -0 0 -1
    outer loop
      vertex -0.326776 120.357 0
      vertex -1.01447 116.9 0
      vertex -0.486226 120.397 0
    endloop
  endfacet
  facet normal 0 0 -1
    outer loop
      vertex -1.50948 117.024 0
      vertex -0.486226 120.397 0
      vertex -1.01447 116.9 0
    endloop
  endfacet
  facet normal -0 0 -1
    outer loop
      vertex -0.486226 120.397 0
      vertex -1.50948 117.024 0
      vertex -0.640994 120.452 0
    endloop
  endfacet
  facet normal 0 0 -1
    outer loop
      vertex -1.98995 117.196 0
      vertex -0.640994 120.452 0
      vertex -1.50948 117.024 0
    endloop
  endfacet
  facet normal -0 0 -1
    outer loop
      vertex -0.640994 120.452 0
      vertex -1.98995 117.196 0
      vertex -0.789589 120.523 0
    endloop
  endfacet
  facet normal 0 0 -1
    outer loop
      vertex -2.45126 117.414 0
      vertex -0.789589 120.523 0
      vertex -1.98995 117.196 0
    endloop
  endfacet
  facet normal -0 0 -1
    outer loop
      vertex -0.789589 120.523 0
      vertex -2.45126 117.414 0
      vertex -0.93058 120.607 0
    endloop
  endfacet
  facet normal 0 0 -1
    outer loop
      vertex -2.88896 117.676 0
      vertex -0.93058 120.607 0
      vertex -2.45126 117.414 0
    endloop
  endfacet
  facet normal -0 0 -1
    outer loop
      vertex -0.93058 120.607 0
      vertex -2.88896 117.676 0
      vertex -1.06261 120.705 0
    endloop
  endfacet
  facet normal 0 0 -1
    outer loop
      vertex -3.29884 117.98 0
      vertex -1.06261 120.705 0
      vertex -2.88896 117.676 0
    endloop
  endfacet
  facet normal -0 0 -1
    outer loop
      vertex -1.06261 120.705 0
      vertex -3.29884 117.98 0
      vertex -1.1844 120.816 0
    endloop
  endfacet
  facet normal 0 0 -1
    outer loop
      vertex -3.67696 118.323 0
      vertex -1.1844 120.816 0
      vertex -3.29884 117.98 0
    endloop
  endfacet
  facet normal -0 0 -1
    outer loop
      vertex -1.1844 120.816 0
      vertex -3.67696 118.323 0
      vertex -1.29479 120.937 0
    endloop
  endfacet
  facet normal 0 0 -1
    outer loop
      vertex -4.01965 118.701 0
      vertex -1.29479 120.937 0
      vertex -3.67696 118.323 0
    endloop
  endfacet
  facet normal -0 0 -1
    outer loop
      vertex -1.29479 120.937 0
      vertex -4.01965 118.701 0
      vertex -1.39271 121.069 0
    endloop
  endfacet
  facet normal 0 0 -1
    outer loop
      vertex -4.32364 119.111 0
      vertex -1.39271 121.069 0
      vertex -4.01965 118.701 0
    endloop
  endfacet
  facet normal 0 0 -1
    outer loop
      vertex 8.325 132 0
      vertex 4.8 132 0
      vertex 4.82504 132.51 0
    endloop
  endfacet
  facet normal 0 0 -1
    outer loop
      vertex 10.3268 1.64281 0
      vertex 1.64281 10.3268 0
      vertex 10.4862 1.60287 0
    endloop
  endfacet
  facet normal 0 0 -1
    outer loop
      vertex 1.60287 10.4862 0
      vertex 10.4862 1.60287 0
      vertex 1.64281 10.3268 0
    endloop
  endfacet
  facet normal 0 0 -1
    outer loop
      vertex 0.00979614 4.80048 0
      vertex 4.5099 0.0240631 0
      vertex 4.02454 0.0960693 0
    endloop
  endfacet
  facet normal 0 0 -1
    outer loop
      vertex 26 44 0
      vertex 1.675 122 0
      vertex 4.80048 131.99 0
    endloop
  endfacet
  facet normal 0 0 -1
    outer loop
      vertex 0.00979614 4.80048 0
      vertex 4.02454 0.0960693 0
      vertex 3.54857 0.215286 0
    endloop
  endfacet
  facet normal 0 0 -1
    outer loop
      vertex 1.66693 122.164 0
      vertex 4.80048 131.99 0
      vertex 1.675 122 0
    endloop
  endfacet
  facet normal 0 0 -1
    outer loop
      vertex 0.00979614 4.80048 0
      vertex 3.54857 0.215286 0
      vertex 3.08658 0.3806 0
    endloop
  endfacet
  facet normal 0 0 -1
    outer loop
      vertex 1.64281 122.327 0
      vertex 4.80048 131.99 0
      vertex 1.66693 122.164 0
    endloop
  endfacet
  facet normal 0 0 -1
    outer loop
      vertex 0.00979614 4.80048 0
      vertex 3.08658 0.3806 0
      vertex 2.64301 0.590393 0
    endloop
  endfacet
  facet normal 0 0 -1
    outer loop
      vertex 1.60287 122.486 0
      vertex 4.80048 131.99 0
      vertex 1.64281 122.327 0
    endloop
  endfacet
  facet normal 0 0 -1
    outer loop
      vertex 0.00979614 4.80048 0
      vertex 2.64301 0.590393 0
      vertex 2.22214 0.842651 0
    endloop
  endfacet
  facet normal 0 0 -1
    outer loop
      vertex 1.5475 122.641 0
      vertex 4.80048 131.99 0
      vertex 1.60287 122.486 0
    endloop
  endfacet
  facet normal 0 0 -1
    outer loop
      vertex 0.00979614 4.80048 0
      vertex 2.22214 0.842651 0
      vertex 1.82803 1.13493 0
    endloop
  endfacet
  facet normal 0 0 -1
    outer loop
      vertex 1.47722 122.79 0
      vertex 4.80048 131.99 0
      vertex 1.5475 122.641 0
    endloop
  endfacet
  facet normal 0 0 -1
    outer loop
      vertex 1.39271 122.931 0
      vertex 4.80048 131.99 0
      vertex 1.47722 122.79 0
    endloop
  endfacet
  facet normal 0 0 -1
    outer loop
      vertex 4.5099 0.0240631 0
      vertex 1.66693 9.83582 0
      vertex 1.675 10 0
    endloop
  endfacet
  facet normal 0 0 -1
    outer loop
      vertex 4.5099 0.0240631 0
      vertex 1.64281 9.67322 0
      vertex 1.66693 9.83582 0
    endloop
  endfacet
  facet normal 0 0 -1
    outer loop
      vertex 4.5099 0.0240631 0
      vertex 1.60287 9.51377 0
      vertex 1.64281 9.67322 0
    endloop
  endfacet
  facet normal 0 0 -1
    outer loop
      vertex 4.5099 0.0240631 0
      vertex 1.5475 9.359 0
      vertex 1.60287 9.51377 0
    endloop
  endfacet
  facet normal 0 0 -1
    outer loop
      vertex 4.5099 0.0240631 0
      vertex 1.47722 9.21041 0
      vertex 1.5475 9.359 0
    endloop
  endfacet
  facet normal 0 0 -1
    outer loop
      vertex 0.00979614 4.80048 0
      vertex 1.82803 1.13493 0
      vertex 1.46446 1.46446 0
    endloop
  endfacet
  facet normal 0 0 -1
    outer loop
      vertex 4.5099 0.0240631 0
      vertex 1.39271 9.06942 0
      vertex 1.47722 9.21041 0
    endloop
  endfacet
  facet normal 0 0 -1
    outer loop
      vertex 4.5099 0.0240631 0
      vertex 1.29479 8.93739 0
      vertex 1.39271 9.06942 0
    endloop
  endfacet
  facet normal 0 0 -1
    outer loop
      vertex 4.5099 0.0240631 0
      vertex 0.00979614 4.80048 0
      vertex 1.29479 8.93739 0
    endloop
  endfacet
  facet normal 0 0 -1
    outer loop
      vertex 0.00979614 4.80048 0
      vertex 1.46446 1.46446 0
      vertex 1.13493 1.82803 0
    endloop
  endfacet
  facet normal 0 0 -1
    outer loop
      vertex 1.29479 8.93739 0
      vertex 0.00979614 4.80048 0
      vertex 1.1844 8.8156 0
    endloop
  endfacet
  facet normal 0 0 -1
    outer loop
      vertex 1.1844 8.8156 0
      vertex 0.00979614 4.80048 0
      vertex 1.06261 8.70521 0
    endloop
  endfacet
  facet normal 0 0 -1
    outer loop
      vertex 0.00979614 4.80048 0
      vertex 1.13493 1.82803 0
      vertex 0.842651 2.22214 0
    endloop
  endfacet
  facet normal 0 0 -1
    outer loop
      vertex 1.06261 8.70521 0
      vertex 0.00979614 4.80048 0
      vertex 0.93058 8.60729 0
    endloop
  endfacet
  facet normal 0 0 -1
    outer loop
      vertex 0.93058 8.60729 0
      vertex 0.00979614 4.80048 0
      vertex 0.789589 8.52278 0
    endloop
  endfacet
  facet normal 0 0 -1
    outer loop
      vertex 0.00979614 4.80048 0
      vertex 0.842651 2.22214 0
      vertex 0.590393 2.64301 0
    endloop
  endfacet
  facet normal 0 0 -1
    outer loop
      vertex 0.789589 8.52278 0
      vertex 0.00979614 4.80048 0
      vertex 0.640994 8.4525 0
    endloop
  endfacet
  facet normal 0 0 -1
    outer loop
      vertex 0.00979614 4.80048 0
      vertex 0.590393 2.64301 0
      vertex 0.3806 3.08658 0
    endloop
  endfacet
  facet normal 0 0 -1
    outer loop
      vertex 0.640994 8.4525 0
      vertex 0.00979614 4.80048 0
      vertex 0.486226 8.39712 0
    endloop
  endfacet
  facet normal 0 0 -1
    outer loop
      vertex 0.00979614 4.80048 0
      vertex 0.3806 3.08658 0
      vertex 0.215286 3.54857 0
    endloop
  endfacet
  facet normal 0 0 -1
    outer loop
      vertex 0.486226 8.39712 0
      vertex 0.00979614 4.80048 0
      vertex 0.326776 8.35718 0
    endloop
  endfacet
  facet normal 0 0 -1
    outer loop
      vertex 0.00979614 4.80048 0
      vertex 0.215286 3.54857 0
      vertex 0.0960693 4.02454 0
    endloop
  endfacet
  facet normal 0 0 -1
    outer loop
      vertex 0.00979614 4.80048 0
      vertex 0.0960693 4.02454 0
      vertex 0.0240631 4.5099 0
    endloop
  endfacet
  facet normal 0 0 -1
    outer loop
      vertex 0.326776 8.35718 0
      vertex 0.00979614 4.80048 0
      vertex 0.164178 8.33307 0
    endloop
  endfacet
  facet normal 0 0 -1
    outer loop
      vertex 0 8.325 0
      vertex 0.00979614 4.80048 0
      vertex 0 4.8 0
    endloop
  endfacet
  facet normal 0 0 -1
    outer loop
      vertex 0.00979614 4.80048 0
      vertex 0 8.325 0
      vertex 0.164178 8.33307 0
    endloop
  endfacet
  facet normal 0 0 -1
    outer loop
      vertex 0 4.8 0
      vertex -0.164178 8.33307 0
      vertex 0 8.325 0
    endloop
  endfacet
  facet normal 0 0 -1
    outer loop
      vertex -0.509688 4.82504 0
      vertex -0.164178 8.33307 0
      vertex 0 4.8 0
    endloop
  endfacet
  facet normal -0 0 -1
    outer loop
      vertex -0.164178 8.33307 0
      vertex -0.509688 4.82504 0
      vertex -0.326776 8.35718 0
    endloop
  endfacet
  facet normal 0 0 -1
    outer loop
      vertex -1.01447 4.89992 0
      vertex -0.326776 8.35718 0
      vertex -0.509688 4.82504 0
    endloop
  endfacet
  facet normal -0 0 -1
    outer loop
      vertex -0.326776 8.35718 0
      vertex -1.01447 4.89992 0
      vertex -0.486226 8.39712 0
    endloop
  endfacet
  facet normal 0 0 -1
    outer loop
      vertex -1.50948 5.02391 0
      vertex -0.486226 8.39712 0
      vertex -1.01447 4.89992 0
    endloop
  endfacet
  facet normal -0 0 -1
    outer loop
      vertex -0.486226 8.39712 0
      vertex -1.50948 5.02391 0
      vertex -0.640994 8.4525 0
    endloop
  endfacet
  facet normal 0 0 -1
    outer loop
      vertex -1.98995 5.19583 0
      vertex -0.640994 8.4525 0
      vertex -1.50948 5.02391 0
    endloop
  endfacet
  facet normal -0 0 -1
    outer loop
      vertex -0.640994 8.4525 0
      vertex -1.98995 5.19583 0
      vertex -0.789589 8.52278 0
    endloop
  endfacet
  facet normal 0 0 -1
    outer loop
      vertex -2.45126 5.41401 0
      vertex -0.789589 8.52278 0
      vertex -1.98995 5.19583 0
    endloop
  endfacet
  facet normal -0 0 -1
    outer loop
      vertex -0.789589 8.52278 0
      vertex -2.45126 5.41401 0
      vertex -0.93058 8.60729 0
    endloop
  endfacet
  facet normal 0 0 -1
    outer loop
      vertex -2.88896 5.67636 0
      vertex -0.93058 8.60729 0
      vertex -2.45126 5.41401 0
    endloop
  endfacet
  facet normal -0 0 -1
    outer loop
      vertex -0.93058 8.60729 0
      vertex -2.88896 5.67636 0
      vertex -1.06261 8.70521 0
    endloop
  endfacet
  facet normal 0 0 -1
    outer loop
      vertex -3.29884 5.98034 0
      vertex -1.06261 8.70521 0
      vertex -2.88896 5.67636 0
    endloop
  endfacet
  facet normal -0 0 -1
    outer loop
      vertex -1.06261 8.70521 0
      vertex -3.29884 5.98034 0
      vertex -1.1844 8.8156 0
    endloop
  endfacet
  facet normal 0 0 -1
    outer loop
      vertex -3.67696 6.32304 0
      vertex -1.1844 8.8156 0
      vertex -3.29884 5.98034 0
    endloop
  endfacet
  facet normal -0 0 -1
    outer loop
      vertex -1.1844 8.8156 0
      vertex -3.67696 6.32304 0
      vertex -1.29479 8.93739 0
    endloop
  endfacet
  facet normal 0 0 -1
    outer loop
      vertex -4.01965 6.70115 0
      vertex -1.29479 8.93739 0
      vertex -3.67696 6.32304 0
    endloop
  endfacet
  facet normal -0 0 -1
    outer loop
      vertex -1.29479 8.93739 0
      vertex -4.01965 6.70115 0
      vertex -1.39271 9.06942 0
    endloop
  endfacet
  facet normal 0 0 -1
    outer loop
      vertex -4.32364 7.11103 0
      vertex -1.39271 9.06942 0
      vertex -4.01965 6.70115 0
    endloop
  endfacet
  facet normal 0 0 -1
    outer loop
      vertex 1.29479 123.063 0
      vertex 4.80048 131.99 0
      vertex 1.39271 122.931 0
    endloop
  endfacet
  facet normal 0 0 -1
    outer loop
      vertex 0.0097964 127.2 0
      vertex 4.80048 131.99 0
      vertex 1.29479 123.063 0
    endloop
  endfacet
  facet normal 0 -0 -1
    outer loop
      vertex 4.02454 131.904 0
      vertex 4.80048 131.99 0
      vertex 0.0097964 127.2 0
    endloop
  endfacet
  facet normal 0 0 -1
    outer loop
      vertex 4.80048 131.99 0
      vertex 4.02454 131.904 0
      vertex 4.5099 131.976 0
    endloop
  endfacet
  facet normal 0 0 -1
    outer loop
      vertex 4.02454 131.904 0
      vertex 0.0097964 127.2 0
      vertex 3.54857 131.785 0
    endloop
  endfacet
  facet normal 0 0 -1
    outer loop
      vertex 3.54857 131.785 0
      vertex 0.0097964 127.2 0
      vertex 3.08658 131.619 0
    endloop
  endfacet
  facet normal 0 0 -1
    outer loop
      vertex 3.08658 131.619 0
      vertex 0.0097964 127.2 0
      vertex 2.64301 131.41 0
    endloop
  endfacet
  facet normal 0 0 -1
    outer loop
      vertex 2.64301 131.41 0
      vertex 0.0097964 127.2 0
      vertex 2.22214 131.157 0
    endloop
  endfacet
  facet normal 0 0 -1
    outer loop
      vertex 2.22214 131.157 0
      vertex 0.0097964 127.2 0
      vertex 1.82803 130.865 0
    endloop
  endfacet
  facet normal 0 0 -1
    outer loop
      vertex 0.0097964 127.2 0
      vertex 1.29479 123.063 0
      vertex 1.1844 123.184 0
    endloop
  endfacet
  facet normal 0 0 -1
    outer loop
      vertex 1.82803 130.865 0
      vertex 0.0097964 127.2 0
      vertex 1.46446 130.536 0
    endloop
  endfacet
  facet normal 0 0 -1
    outer loop
      vertex 0.0097964 127.2 0
      vertex 1.1844 123.184 0
      vertex 1.06261 123.295 0
    endloop
  endfacet
  facet normal 0 0 -1
    outer loop
      vertex 0.0097964 127.2 0
      vertex 1.06261 123.295 0
      vertex 0.93058 123.393 0
    endloop
  endfacet
  facet normal 0 0 -1
    outer loop
      vertex 1.46446 130.536 0
      vertex 0.0097964 127.2 0
      vertex 1.13493 130.172 0
    endloop
  endfacet
  facet normal 0 0 -1
    outer loop
      vertex 0.0097964 127.2 0
      vertex 0.93058 123.393 0
      vertex 0.789589 123.477 0
    endloop
  endfacet
  facet normal 0 0 -1
    outer loop
      vertex 0.0097964 127.2 0
      vertex 0.789589 123.477 0
      vertex 0.640994 123.548 0
    endloop
  endfacet
  facet normal 0 0 -1
    outer loop
      vertex 1.13493 130.172 0
      vertex 0.0097964 127.2 0
      vertex 0.842651 129.778 0
    endloop
  endfacet
  facet normal 0 0 -1
    outer loop
      vertex 0.0097964 127.2 0
      vertex 0.640994 123.548 0
      vertex 0.486226 123.603 0
    endloop
  endfacet
  facet normal 0 0 -1
    outer loop
      vertex 0.842651 129.778 0
      vertex 0.0097964 127.2 0
      vertex 0.590393 129.357 0
    endloop
  endfacet
  facet normal 0 0 -1
    outer loop
      vertex 0.0097964 127.2 0
      vertex 0.486226 123.603 0
      vertex 0.326776 123.643 0
    endloop
  endfacet
  facet normal 0 0 -1
    outer loop
      vertex 0.590393 129.357 0
      vertex 0.0097964 127.2 0
      vertex 0.3806 128.913 0
    endloop
  endfacet
  facet normal 0 0 -1
    outer loop
      vertex 0.0097964 127.2 0
      vertex 0.326776 123.643 0
      vertex 0.164178 123.667 0
    endloop
  endfacet
  facet normal 0 0 -1
    outer loop
      vertex 0.3806 128.913 0
      vertex 0.0097964 127.2 0
      vertex 0.215286 128.451 0
    endloop
  endfacet
  facet normal 0 0 -1
    outer loop
      vertex 0.215286 128.451 0
      vertex 0.0097964 127.2 0
      vertex 0.0960693 127.975 0
    endloop
  endfacet
  facet normal 0 0 -1
    outer loop
      vertex 0.0960693 127.975 0
      vertex 0.0097964 127.2 0
      vertex 0.0240631 127.49 0
    endloop
  endfacet
  facet normal 0 0 -1
    outer loop
      vertex 0 123.675 0
      vertex 0.0097964 127.2 0
      vertex 0.164178 123.667 0
    endloop
  endfacet
  facet normal 0 0 -1
    outer loop
      vertex 0 123.675 0
      vertex 0 127.2 0
      vertex 0.0097964 127.2 0
    endloop
  endfacet
  facet normal 0 0 -1
    outer loop
      vertex -0.164178 123.667 0
      vertex 0 127.2 0
      vertex 0 123.675 0
    endloop
  endfacet
  facet normal 0 0 -1
    outer loop
      vertex -0.509688 127.175 0
      vertex -0.164178 123.667 0
      vertex -0.326776 123.643 0
    endloop
  endfacet
  facet normal 0 0 -1
    outer loop
      vertex -1.01447 127.1 0
      vertex -0.326776 123.643 0
      vertex -0.486226 123.603 0
    endloop
  endfacet
  facet normal 0 0 -1
    outer loop
      vertex -0.164178 123.667 0
      vertex -0.509688 127.175 0
      vertex 0 127.2 0
    endloop
  endfacet
  facet normal 0 0 -1
    outer loop
      vertex -1.50948 126.976 0
      vertex -0.486226 123.603 0
      vertex -0.640994 123.548 0
    endloop
  endfacet
  facet normal 0 0 -1
    outer loop
      vertex -1.98995 126.804 0
      vertex -0.640994 123.548 0
      vertex -0.789589 123.477 0
    endloop
  endfacet
  facet normal 0 0 -1
    outer loop
      vertex -2.45126 126.586 0
      vertex -0.789589 123.477 0
      vertex -0.93058 123.393 0
    endloop
  endfacet
  facet normal 0 0 -1
    outer loop
      vertex -0.326776 123.643 0
      vertex -1.01447 127.1 0
      vertex -0.509688 127.175 0
    endloop
  endfacet
  facet normal 0 0 -1
    outer loop
      vertex -2.88896 126.324 0
      vertex -0.93058 123.393 0
      vertex -1.06261 123.295 0
    endloop
  endfacet
  facet normal 0 0 -1
    outer loop
      vertex -3.29884 126.02 0
      vertex -1.06261 123.295 0
      vertex -1.1844 123.184 0
    endloop
  endfacet
  facet normal 0 0 -1
    outer loop
      vertex -3.67696 125.677 0
      vertex -1.1844 123.184 0
      vertex -1.29479 123.063 0
    endloop
  endfacet
  facet normal 0 0 -1
    outer loop
      vertex -4.01965 125.299 0
      vertex -1.29479 123.063 0
      vertex -1.39271 122.931 0
    endloop
  endfacet
  facet normal 0 0 -1
    outer loop
      vertex -4.32364 124.889 0
      vertex -1.39271 122.931 0
      vertex -1.47722 122.79 0
    endloop
  endfacet
  facet normal 0 0 -1
    outer loop
      vertex -0.486226 123.603 0
      vertex -1.50948 126.976 0
      vertex -1.01447 127.1 0
    endloop
  endfacet
  facet normal 0 0 -1
    outer loop
      vertex -4.58599 124.451 0
      vertex -1.47722 122.79 0
      vertex -1.5475 122.641 0
    endloop
  endfacet
  facet normal 0 0 -1
    outer loop
      vertex -4.80417 123.99 0
      vertex -1.5475 122.641 0
      vertex -1.60287 122.486 0
    endloop
  endfacet
  facet normal 0 0 -1
    outer loop
      vertex -4.97609 123.509 0
      vertex -1.60287 122.486 0
      vertex -1.64281 122.327 0
    endloop
  endfacet
  facet normal 0 0 -1
    outer loop
      vertex -5.10008 123.014 0
      vertex -1.64281 122.327 0
      vertex -1.66693 122.164 0
    endloop
  endfacet
  facet normal 0 0 -1
    outer loop
      vertex -5.17496 122.51 0
      vertex -1.66693 122.164 0
      vertex -1.675 122 0
    endloop
  endfacet
  facet normal -0 0 -1
    outer loop
      vertex -1.39271 121.069 0
      vertex -4.32364 119.111 0
      vertex -1.47722 121.21 0
    endloop
  endfacet
  facet normal 0 0 -1
    outer loop
      vertex -0.640994 123.548 0
      vertex -1.98995 126.804 0
      vertex -1.50948 126.976 0
    endloop
  endfacet
  facet normal 0 0 -1
    outer loop
      vertex -4.58599 119.549 0
      vertex -1.47722 121.21 0
      vertex -4.32364 119.111 0
    endloop
  endfacet
  facet normal 0 0 -1
    outer loop
      vertex -0.789589 123.477 0
      vertex -2.45126 126.586 0
      vertex -1.98995 126.804 0
    endloop
  endfacet
  facet normal -0 0 -1
    outer loop
      vertex -1.47722 121.21 0
      vertex -4.58599 119.549 0
      vertex -1.5475 121.359 0
    endloop
  endfacet
  facet normal 0 0 -1
    outer loop
      vertex -0.93058 123.393 0
      vertex -2.88896 126.324 0
      vertex -2.45126 126.586 0
    endloop
  endfacet
  facet normal 0 0 -1
    outer loop
      vertex -4.80417 120.01 0
      vertex -1.5475 121.359 0
      vertex -4.58599 119.549 0
    endloop
  endfacet
  facet normal 0 0 -1
    outer loop
      vertex -1.06261 123.295 0
      vertex -3.29884 126.02 0
      vertex -2.88896 126.324 0
    endloop
  endfacet
  facet normal -0 0 -1
    outer loop
      vertex -1.5475 121.359 0
      vertex -4.80417 120.01 0
      vertex -1.60287 121.514 0
    endloop
  endfacet
  facet normal 0 0 -1
    outer loop
      vertex -1.1844 123.184 0
      vertex -3.67696 125.677 0
      vertex -3.29884 126.02 0
    endloop
  endfacet
  facet normal 0 0 -1
    outer loop
      vertex -4.97609 120.491 0
      vertex -1.60287 121.514 0
      vertex -4.80417 120.01 0
    endloop
  endfacet
  facet normal 0 0 -1
    outer loop
      vertex -1.29479 123.063 0
      vertex -4.01965 125.299 0
      vertex -3.67696 125.677 0
    endloop
  endfacet
  facet normal -0 0 -1
    outer loop
      vertex -1.60287 121.514 0
      vertex -4.97609 120.491 0
      vertex -1.64281 121.673 0
    endloop
  endfacet
  facet normal 0 0 -1
    outer loop
      vertex -1.39271 122.931 0
      vertex -4.32364 124.889 0
      vertex -4.01965 125.299 0
    endloop
  endfacet
  facet normal 0 0 -1
    outer loop
      vertex -5.10008 120.986 0
      vertex -1.64281 121.673 0
      vertex -4.97609 120.491 0
    endloop
  endfacet
  facet normal 0 0 -1
    outer loop
      vertex -1.47722 122.79 0
      vertex -4.58599 124.451 0
      vertex -4.32364 124.889 0
    endloop
  endfacet
  facet normal -0 0 -1
    outer loop
      vertex -1.64281 121.673 0
      vertex -5.10008 120.986 0
      vertex -1.66693 121.836 0
    endloop
  endfacet
  facet normal 0 0 -1
    outer loop
      vertex -1.5475 122.641 0
      vertex -4.80417 123.99 0
      vertex -4.58599 124.451 0
    endloop
  endfacet
  facet normal 0 0 -1
    outer loop
      vertex -5.17496 121.49 0
      vertex -1.66693 121.836 0
      vertex -5.10008 120.986 0
    endloop
  endfacet
  facet normal 0 0 -1
    outer loop
      vertex -1.60287 122.486 0
      vertex -4.97609 123.509 0
      vertex -4.80417 123.99 0
    endloop
  endfacet
  facet normal -0 0 -1
    outer loop
      vertex -1.66693 121.836 0
      vertex -5.17496 121.49 0
      vertex -1.675 122 0
    endloop
  endfacet
  facet normal 0 0 -1
    outer loop
      vertex -1.64281 122.327 0
      vertex -5.10008 123.014 0
      vertex -4.97609 123.509 0
    endloop
  endfacet
  facet normal 0 0 -1
    outer loop
      vertex -5.2 122 0
      vertex -1.675 122 0
      vertex -5.17496 121.49 0
    endloop
  endfacet
  facet normal 0 0 -1
    outer loop
      vertex -1.66693 122.164 0
      vertex -5.17496 122.51 0
      vertex -5.10008 123.014 0
    endloop
  endfacet
  facet normal 0 0 -1
    outer loop
      vertex -1.675 122 0
      vertex -5.2 122 0
      vertex -5.17496 122.51 0
    endloop
  endfacet
  facet normal 0 0 -1
    outer loop
      vertex 11.5475 0.640994 0
      vertex 15.2 0 0
      vertex 11.6029 0.486226 0
    endloop
  endfacet
  facet normal 0 0 -1
    outer loop
      vertex 26 44 0
      vertex 11.6669 131.836 0
      vertex 11.675 132 0
    endloop
  endfacet
  facet normal 0 0 -1
    outer loop
      vertex 11.4772 0.789589 0
      vertex 15.2 0 0
      vertex 11.5475 0.640994 0
    endloop
  endfacet
  facet normal 0 0 -1
    outer loop
      vertex 26 44 0
      vertex 11.6428 131.673 0
      vertex 11.6669 131.836 0
    endloop
  endfacet
  facet normal 0 0 -1
    outer loop
      vertex 11.3927 0.93058 0
      vertex 15.2 0 0
      vertex 11.4772 0.789589 0
    endloop
  endfacet
  facet normal 0 0 -1
    outer loop
      vertex 26 44 0
      vertex 11.6029 131.514 0
      vertex 11.6428 131.673 0
    endloop
  endfacet
  facet normal 0 0 -1
    outer loop
      vertex 11.2948 1.06261 0
      vertex 15.2 0 0
      vertex 11.3927 0.93058 0
    endloop
  endfacet
  facet normal 0 0 -1
    outer loop
      vertex 26 44 0
      vertex 11.5475 131.359 0
      vertex 11.6029 131.514 0
    endloop
  endfacet
  facet normal 0 0 -1
    outer loop
      vertex 11.1844 1.1844 0
      vertex 15.2 0 0
      vertex 11.2948 1.06261 0
    endloop
  endfacet
  facet normal 0 0 -1
    outer loop
      vertex 26 44 0
      vertex 11.4772 131.21 0
      vertex 11.5475 131.359 0
    endloop
  endfacet
  facet normal 0 0 -1
    outer loop
      vertex 11.0626 1.29479 0
      vertex 15.2 0 0
      vertex 11.1844 1.1844 0
    endloop
  endfacet
  facet normal 0 0 -1
    outer loop
      vertex 26 44 0
      vertex 11.3927 131.069 0
      vertex 11.4772 131.21 0
    endloop
  endfacet
  facet normal 0 0 -1
    outer loop
      vertex 10.9306 1.39271 0
      vertex 15.2 0 0
      vertex 11.0626 1.29479 0
    endloop
  endfacet
  facet normal 0 0 -1
    outer loop
      vertex 26 44 0
      vertex 11.2948 130.937 0
      vertex 11.3927 131.069 0
    endloop
  endfacet
  facet normal 0 0 -1
    outer loop
      vertex 15.2 0 0
      vertex 10.9306 1.39271 0
      vertex 26 12 0
    endloop
  endfacet
  facet normal 0 0 -1
    outer loop
      vertex 26 44 0
      vertex 11.1844 130.816 0
      vertex 11.2948 130.937 0
    endloop
  endfacet
  facet normal 0 0 -1
    outer loop
      vertex 10.7896 1.47722 0
      vertex 26 12 0
      vertex 10.9306 1.39271 0
    endloop
  endfacet
  facet normal 0 0 -1
    outer loop
      vertex 26 44 0
      vertex 11.0626 130.705 0
      vertex 11.1844 130.816 0
    endloop
  endfacet
  facet normal 0 0 -1
    outer loop
      vertex 10.641 1.5475 0
      vertex 26 12 0
      vertex 10.7896 1.47722 0
    endloop
  endfacet
  facet normal 0 0 -1
    outer loop
      vertex 26 44 0
      vertex 10.9306 130.607 0
      vertex 11.0626 130.705 0
    endloop
  endfacet
  facet normal 0 0 -1
    outer loop
      vertex 10.4862 1.60287 0
      vertex 26 12 0
      vertex 10.641 1.5475 0
    endloop
  endfacet
  facet normal 0 0 -1
    outer loop
      vertex 26 44 0
      vertex 10.7896 130.523 0
      vertex 10.9306 130.607 0
    endloop
  endfacet
  facet normal 0 0 -1
    outer loop
      vertex 10.1642 1.66693 0
      vertex 1.66693 10.1642 0
      vertex 10.3268 1.64281 0
    endloop
  endfacet
  facet normal 0 0 -1
    outer loop
      vertex 26 44 0
      vertex 10.641 130.452 0
      vertex 10.7896 130.523 0
    endloop
  endfacet
  facet normal 0 0 -1
    outer loop
      vertex 1.66693 10.1642 0
      vertex 10.1642 1.66693 0
      vertex 1.675 10 0
    endloop
  endfacet
  facet normal 0 0 -1
    outer loop
      vertex 26 44 0
      vertex 10.4862 130.397 0
      vertex 10.641 130.452 0
    endloop
  endfacet
  facet normal 0 0 -1
    outer loop
      vertex 1.675 10 0
      vertex 10.1642 1.66693 0
      vertex 10 1.675 0
    endloop
  endfacet
  facet normal 0 0 -1
    outer loop
      vertex 26 44 0
      vertex 10.3268 130.357 0
      vertex 10.4862 130.397 0
    endloop
  endfacet
  facet normal 0 0 -1
    outer loop
      vertex 1.675 10 0
      vertex 10 1.675 0
      vertex 9.83582 1.66693 0
    endloop
  endfacet
  facet normal 0 0 -1
    outer loop
      vertex 26 44 0
      vertex 10.1642 130.333 0
      vertex 10.3268 130.357 0
    endloop
  endfacet
  facet normal 0 0 -1
    outer loop
      vertex 1.675 10 0
      vertex 9.83582 1.66693 0
      vertex 9.67322 1.64281 0
    endloop
  endfacet
  facet normal 0 0 -1
    outer loop
      vertex 26 44 0
      vertex 10 130.325 0
      vertex 10.1642 130.333 0
    endloop
  endfacet
  facet normal 0 0 -1
    outer loop
      vertex 1.64281 10.3268 0
      vertex 10.3268 1.64281 0
      vertex 1.66693 10.1642 0
    endloop
  endfacet
  facet normal 0 0 -1
    outer loop
      vertex 26 44 0
      vertex 9.83582 130.333 0
      vertex 10 130.325 0
    endloop
  endfacet
  facet normal 0 0 -1
    outer loop
      vertex 1.675 10 0
      vertex 9.67322 1.64281 0
      vertex 9.51377 1.60287 0
    endloop
  endfacet
  facet normal 0 0 -1
    outer loop
      vertex 26 44 0
      vertex 9.67322 130.357 0
      vertex 9.83582 130.333 0
    endloop
  endfacet
  facet normal 0 0 -1
    outer loop
      vertex 1.675 10 0
      vertex 9.51377 1.60287 0
      vertex 9.359 1.5475 0
    endloop
  endfacet
  facet normal 0 0 -1
    outer loop
      vertex 26 44 0
      vertex 9.51377 130.397 0
      vertex 9.67322 130.357 0
    endloop
  endfacet
  facet normal 0 0 -1
    outer loop
      vertex 9.06942 1.39271 0
      vertex 1.675 10 0
      vertex 9.21041 1.47722 0
    endloop
  endfacet
  facet normal 0 0 -1
    outer loop
      vertex 26 44 0
      vertex 9.359 130.452 0
      vertex 9.51377 130.397 0
    endloop
  endfacet
  facet normal 0 0 -1
    outer loop
      vertex 8.93739 1.29479 0
      vertex 1.675 10 0
      vertex 9.06942 1.39271 0
    endloop
  endfacet
  facet normal 0 0 -1
    outer loop
      vertex 9.21041 1.47722 0
      vertex 1.675 10 0
      vertex 9.359 1.5475 0
    endloop
  endfacet
  facet normal 0 0 -1
    outer loop
      vertex 1.675 10 0
      vertex 4.80048 0.00979614 0
      vertex 4.5099 0.0240631 0
    endloop
  endfacet
  facet normal 0 0 -1
    outer loop
      vertex 26 44 0
      vertex 4.80048 131.99 0
      vertex 9.359 130.452 0
    endloop
  endfacet
  facet normal 0 0 -1
    outer loop
      vertex 1.675 10 0
      vertex 8.93739 1.29479 0
      vertex 4.80048 0.00979614 0
    endloop
  endfacet
  facet normal 0 0 -1
    outer loop
      vertex 9.359 130.452 0
      vertex 4.80048 131.99 0
      vertex 9.21041 130.523 0
    endloop
  endfacet
  facet normal 0 0 -1
    outer loop
      vertex 4.80048 0.00979614 0
      vertex 8.93739 1.29479 0
      vertex 8.8156 1.1844 0
    endloop
  endfacet
  facet normal 0 0 -1
    outer loop
      vertex 9.21041 130.523 0
      vertex 4.80048 131.99 0
      vertex 9.06942 130.607 0
    endloop
  endfacet
  facet normal 0 0 -1
    outer loop
      vertex 4.80048 0.00979614 0
      vertex 8.8156 1.1844 0
      vertex 8.70521 1.06261 0
    endloop
  endfacet
  facet normal 0 0 -1
    outer loop
      vertex 9.06942 130.607 0
      vertex 4.80048 131.99 0
      vertex 8.93739 130.705 0
    endloop
  endfacet
  facet normal 0 0 -1
    outer loop
      vertex 4.80048 0.00979614 0
      vertex 8.70521 1.06261 0
      vertex 8.60729 0.93058 0
    endloop
  endfacet
  facet normal 0 0 -1
    outer loop
      vertex 8.93739 130.705 0
      vertex 4.80048 131.99 0
      vertex 8.8156 130.816 0
    endloop
  endfacet
  facet normal 0 0 -1
    outer loop
      vertex 4.80048 0.00979614 0
      vertex 8.60729 0.93058 0
      vertex 8.52278 0.789589 0
    endloop
  endfacet
  facet normal 0 0 -1
    outer loop
      vertex 8.8156 130.816 0
      vertex 4.80048 131.99 0
      vertex 8.70521 130.937 0
    endloop
  endfacet
  facet normal 0 0 -1
    outer loop
      vertex 4.80048 0.00979614 0
      vertex 8.52278 0.789589 0
      vertex 8.4525 0.640994 0
    endloop
  endfacet
  facet normal 0 0 -1
    outer loop
      vertex 8.70521 130.937 0
      vertex 4.80048 131.99 0
      vertex 8.60729 131.069 0
    endloop
  endfacet
  facet normal 0 0 -1
    outer loop
      vertex 4.80048 0.00979614 0
      vertex 8.4525 0.640994 0
      vertex 8.39712 0.486226 0
    endloop
  endfacet
  facet normal 0 0 -1
    outer loop
      vertex 8.60729 131.069 0
      vertex 4.80048 131.99 0
      vertex 8.52278 131.21 0
    endloop
  endfacet
  facet normal 0 0 -1
    outer loop
      vertex 4.80048 0.00979614 0
      vertex 8.39712 0.486226 0
      vertex 8.35718 0.326776 0
    endloop
  endfacet
  facet normal 0 0 -1
    outer loop
      vertex 8.52278 131.21 0
      vertex 4.80048 131.99 0
      vertex 8.4525 131.359 0
    endloop
  endfacet
  facet normal 0 0 -1
    outer loop
      vertex 4.80048 0.00979614 0
      vertex 8.35718 0.326776 0
      vertex 8.33307 0.164178 0
    endloop
  endfacet
  facet normal 0 0 -1
    outer loop
      vertex 8.4525 131.359 0
      vertex 4.80048 131.99 0
      vertex 8.39712 131.514 0
    endloop
  endfacet
  facet normal 0 0 -1
    outer loop
      vertex 4.80048 0.00979614 0
      vertex 8.33307 0.164178 0
      vertex 8.325 0 0
    endloop
  endfacet
  facet normal 0 0 -1
    outer loop
      vertex 8.39712 131.514 0
      vertex 4.80048 131.99 0
      vertex 8.35718 131.673 0
    endloop
  endfacet
  facet normal 0 0 -1
    outer loop
      vertex 11.3927 132.931 0
      vertex 14.3236 134.889 0
      vertex 11.4772 132.79 0
    endloop
  endfacet
  facet normal -0 0 -1
    outer loop
      vertex 14.3236 134.889 0
      vertex 11.3927 132.931 0
      vertex 14.0197 135.299 0
    endloop
  endfacet
  facet normal 0 0 -1
    outer loop
      vertex 11.2948 133.063 0
      vertex 14.0197 135.299 0
      vertex 11.3927 132.931 0
    endloop
  endfacet
  facet normal -0 0 -1
    outer loop
      vertex 14.0197 135.299 0
      vertex 11.2948 133.063 0
      vertex 13.677 135.677 0
    endloop
  endfacet
  facet normal 0 0 -1
    outer loop
      vertex 11.1844 133.184 0
      vertex 13.677 135.677 0
      vertex 11.2948 133.063 0
    endloop
  endfacet
  facet normal -0 0 -1
    outer loop
      vertex 13.677 135.677 0
      vertex 11.1844 133.184 0
      vertex 13.2988 136.02 0
    endloop
  endfacet
  facet normal 0 0 -1
    outer loop
      vertex 11.0626 133.295 0
      vertex 13.2988 136.02 0
      vertex 11.1844 133.184 0
    endloop
  endfacet
  facet normal -0 0 -1
    outer loop
      vertex 13.2988 136.02 0
      vertex 11.0626 133.295 0
      vertex 12.889 136.324 0
    endloop
  endfacet
  facet normal 0 0 -1
    outer loop
      vertex 10.9306 133.393 0
      vertex 12.889 136.324 0
      vertex 11.0626 133.295 0
    endloop
  endfacet
  facet normal -0 0 -1
    outer loop
      vertex 12.889 136.324 0
      vertex 10.9306 133.393 0
      vertex 12.4513 136.586 0
    endloop
  endfacet
  facet normal 0 0 -1
    outer loop
      vertex 10.7896 133.477 0
      vertex 12.4513 136.586 0
      vertex 10.9306 133.393 0
    endloop
  endfacet
  facet normal -0 0 -1
    outer loop
      vertex 12.4513 136.586 0
      vertex 10.7896 133.477 0
      vertex 11.99 136.804 0
    endloop
  endfacet
  facet normal 0 0 -1
    outer loop
      vertex 10.641 133.548 0
      vertex 11.99 136.804 0
      vertex 10.7896 133.477 0
    endloop
  endfacet
  facet normal -0 0 -1
    outer loop
      vertex 11.99 136.804 0
      vertex 10.641 133.548 0
      vertex 11.5095 136.976 0
    endloop
  endfacet
  facet normal 0 0 -1
    outer loop
      vertex 10.4862 133.603 0
      vertex 11.5095 136.976 0
      vertex 10.641 133.548 0
    endloop
  endfacet
  facet normal -0 0 -1
    outer loop
      vertex 11.5095 136.976 0
      vertex 10.4862 133.603 0
      vertex 11.0145 137.1 0
    endloop
  endfacet
  facet normal 0 0 -1
    outer loop
      vertex 10.3268 133.643 0
      vertex 11.0145 137.1 0
      vertex 10.4862 133.603 0
    endloop
  endfacet
  facet normal -0 0 -1
    outer loop
      vertex 11.0145 137.1 0
      vertex 10.3268 133.643 0
      vertex 10.5097 137.175 0
    endloop
  endfacet
  facet normal 0 0 -1
    outer loop
      vertex 10.1642 133.667 0
      vertex 10.5097 137.175 0
      vertex 10.3268 133.643 0
    endloop
  endfacet
  facet normal 0 0 -1
    outer loop
      vertex 10 133.675 0
      vertex 10.5097 137.175 0
      vertex 10.1642 133.667 0
    endloop
  endfacet
  facet normal 0 0 -1
    outer loop
      vertex 10 133.675 0
      vertex 10 137.2 0
      vertex 10.5097 137.175 0
    endloop
  endfacet
  facet normal 0 0 -1
    outer loop
      vertex 9.83582 133.667 0
      vertex 10 137.2 0
      vertex 10 133.675 0
    endloop
  endfacet
  facet normal 0 0 -1
    outer loop
      vertex 9.49031 137.175 0
      vertex 9.83582 133.667 0
      vertex 9.67322 133.643 0
    endloop
  endfacet
  facet normal 0 0 -1
    outer loop
      vertex 8.98553 137.1 0
      vertex 9.67322 133.643 0
      vertex 9.51377 133.603 0
    endloop
  endfacet
  facet normal 0 0 -1
    outer loop
      vertex 9.83582 133.667 0
      vertex 9.49031 137.175 0
      vertex 10 137.2 0
    endloop
  endfacet
  facet normal 0 0 -1
    outer loop
      vertex 8.49052 136.976 0
      vertex 9.51377 133.603 0
      vertex 9.359 133.548 0
    endloop
  endfacet
  facet normal 0 0 -1
    outer loop
      vertex 8.01005 136.804 0
      vertex 9.359 133.548 0
      vertex 9.21041 133.477 0
    endloop
  endfacet
  facet normal 0 0 -1
    outer loop
      vertex 7.54874 136.586 0
      vertex 9.21041 133.477 0
      vertex 9.06942 133.393 0
    endloop
  endfacet
  facet normal 0 0 -1
    outer loop
      vertex 9.67322 133.643 0
      vertex 8.98553 137.1 0
      vertex 9.49031 137.175 0
    endloop
  endfacet
  facet normal 0 0 -1
    outer loop
      vertex 7.11103 136.324 0
      vertex 9.06942 133.393 0
      vertex 8.93739 133.295 0
    endloop
  endfacet
  facet normal 0 0 -1
    outer loop
      vertex 6.70115 136.02 0
      vertex 8.93739 133.295 0
      vertex 8.8156 133.184 0
    endloop
  endfacet
  facet normal 0 0 -1
    outer loop
      vertex 6.32304 135.677 0
      vertex 8.8156 133.184 0
      vertex 8.70521 133.063 0
    endloop
  endfacet
  facet normal 0 0 -1
    outer loop
      vertex 5.98034 135.299 0
      vertex 8.70521 133.063 0
      vertex 8.60729 132.931 0
    endloop
  endfacet
  facet normal 0 0 -1
    outer loop
      vertex 5.67636 134.889 0
      vertex 8.60729 132.931 0
      vertex 8.52278 132.79 0
    endloop
  endfacet
  facet normal 0 0 -1
    outer loop
      vertex 9.51377 133.603 0
      vertex 8.49052 136.976 0
      vertex 8.98553 137.1 0
    endloop
  endfacet
  facet normal 0 0 -1
    outer loop
      vertex 5.41401 134.451 0
      vertex 8.52278 132.79 0
      vertex 8.4525 132.641 0
    endloop
  endfacet
  facet normal 0 0 -1
    outer loop
      vertex 5.19583 133.99 0
      vertex 8.4525 132.641 0
      vertex 8.39712 132.486 0
    endloop
  endfacet
  facet normal 0 0 -1
    outer loop
      vertex 5.02391 133.509 0
      vertex 8.39712 132.486 0
      vertex 8.35718 132.327 0
    endloop
  endfacet
  facet normal 0 0 -1
    outer loop
      vertex 4.89992 133.014 0
      vertex 8.35718 132.327 0
      vertex 8.33307 132.164 0
    endloop
  endfacet
  facet normal 0 0 -1
    outer loop
      vertex 4.82504 132.51 0
      vertex 8.33307 132.164 0
      vertex 8.325 132 0
    endloop
  endfacet
  facet normal 0 0 -1
    outer loop
      vertex 9.359 133.548 0
      vertex 8.01005 136.804 0
      vertex 8.49052 136.976 0
    endloop
  endfacet
  facet normal 0 0 -1
    outer loop
      vertex 8.35718 131.673 0
      vertex 4.80048 131.99 0
      vertex 8.33307 131.836 0
    endloop
  endfacet
  facet normal 0 0 -1
    outer loop
      vertex 4.80048 0.00979614 0
      vertex 8.01005 -4.80417 0
      vertex 7.54874 -4.58599 0
    endloop
  endfacet
  facet normal 0 0 -1
    outer loop
      vertex 8.33307 131.836 0
      vertex 4.80048 131.99 0
      vertex 8.325 132 0
    endloop
  endfacet
  facet normal 0 0 -1
    outer loop
      vertex 4.80048 0.00979614 0
      vertex 7.54874 -4.58599 0
      vertex 7.11103 -4.32364 0
    endloop
  endfacet
  facet normal 0 0 -1
    outer loop
      vertex 4.8 132 0
      vertex 8.325 132 0
      vertex 4.80048 131.99 0
    endloop
  endfacet
  facet normal 0 0 -1
    outer loop
      vertex 4.80048 0.00979614 0
      vertex 7.11103 -4.32364 0
      vertex 6.70115 -4.01965 0
    endloop
  endfacet
  facet normal 0 0 -1
    outer loop
      vertex 9.21041 133.477 0
      vertex 7.54874 136.586 0
      vertex 8.01005 136.804 0
    endloop
  endfacet
  facet normal 0 0 -1
    outer loop
      vertex 4.80048 0.00979614 0
      vertex 6.70115 -4.01965 0
      vertex 6.32304 -3.67696 0
    endloop
  endfacet
  facet normal 0 0 -1
    outer loop
      vertex 9.06942 133.393 0
      vertex 7.11103 136.324 0
      vertex 7.54874 136.586 0
    endloop
  endfacet
  facet normal 0 0 -1
    outer loop
      vertex 4.80048 0.00979614 0
      vertex 6.32304 -3.67696 0
      vertex 5.98034 -3.29884 0
    endloop
  endfacet
  facet normal 0 0 -1
    outer loop
      vertex 8.93739 133.295 0
      vertex 6.70115 136.02 0
      vertex 7.11103 136.324 0
    endloop
  endfacet
  facet normal 0 0 -1
    outer loop
      vertex 4.80048 0.00979614 0
      vertex 5.98034 -3.29884 0
      vertex 5.67636 -2.88896 0
    endloop
  endfacet
  facet normal 0 0 -1
    outer loop
      vertex 8.8156 133.184 0
      vertex 6.32304 135.677 0
      vertex 6.70115 136.02 0
    endloop
  endfacet
  facet normal 0 0 -1
    outer loop
      vertex 4.80048 0.00979614 0
      vertex 5.67636 -2.88896 0
      vertex 5.41401 -2.45126 0
    endloop
  endfacet
  facet normal 0 0 -1
    outer loop
      vertex 8.70521 133.063 0
      vertex 5.98034 135.299 0
      vertex 6.32304 135.677 0
    endloop
  endfacet
  facet normal 0 0 -1
    outer loop
      vertex 4.80048 0.00979614 0
      vertex 5.41401 -2.45126 0
      vertex 5.19583 -1.98995 0
    endloop
  endfacet
  facet normal 0 0 -1
    outer loop
      vertex 8.60729 132.931 0
      vertex 5.67636 134.889 0
      vertex 5.98034 135.299 0
    endloop
  endfacet
  facet normal 0 0 -1
    outer loop
      vertex 4.80048 0.00979614 0
      vertex 5.19583 -1.98995 0
      vertex 5.02391 -1.50948 0
    endloop
  endfacet
  facet normal 0 0 -1
    outer loop
      vertex 8.52278 132.79 0
      vertex 5.41401 134.451 0
      vertex 5.67636 134.889 0
    endloop
  endfacet
  facet normal 0 0 -1
    outer loop
      vertex 4.80048 0.00979614 0
      vertex 5.02391 -1.50948 0
      vertex 4.89992 -1.01447 0
    endloop
  endfacet
  facet normal 0 0 -1
    outer loop
      vertex 8.4525 132.641 0
      vertex 5.19583 133.99 0
      vertex 5.41401 134.451 0
    endloop
  endfacet
  facet normal 0 0 -1
    outer loop
      vertex 4.80048 0.00979614 0
      vertex 4.89992 -1.01447 0
      vertex 4.82504 -0.509688 0
    endloop
  endfacet
  facet normal 0 0 -1
    outer loop
      vertex 8.39712 132.486 0
      vertex 5.02391 133.509 0
      vertex 5.19583 133.99 0
    endloop
  endfacet
  facet normal 0 0 -1
    outer loop
      vertex 8.33307 132.164 0
      vertex 4.82504 132.51 0
      vertex 4.89992 133.014 0
    endloop
  endfacet
  facet normal 0 0 -1
    outer loop
      vertex 8.35718 132.327 0
      vertex 4.89992 133.014 0
      vertex 5.02391 133.509 0
    endloop
  endfacet
  facet normal 0 -0 -1
    outer loop
      vertex 4.80048 0.00979614 0
      vertex 4.82504 -0.509688 0
      vertex 4.8 0 0
    endloop
  endfacet
  facet normal 0 0 -1
    outer loop
      vertex 112 44 0
      vertex 63 98.5 0
      vertex 101 98.5 0
    endloop
  endfacet
  facet normal 0 0 -1
    outer loop
      vertex 15.2 132 0
      vertex 63 98.5 0
      vertex 26 44 0
    endloop
  endfacet
  facet normal 0 0 -1
    outer loop
      vertex 26 44 0
      vertex 63 98.5 0
      vertex 112 44 0
    endloop
  endfacet
  facet normal 0 0 -1
    outer loop
      vertex 118.397 131.514 0
      vertex 114.8 132 0
      vertex 118.357 131.673 0
    endloop
  endfacet
  facet normal 0 0 -1
    outer loop
      vertex 118.357 131.673 0
      vertex 114.8 132 0
      vertex 118.333 131.836 0
    endloop
  endfacet
  facet normal 0 0 -1
    outer loop
      vertex 118.333 131.836 0
      vertex 114.8 132 0
      vertex 118.325 132 0
    endloop
  endfacet
  facet normal 0 0 -1
    outer loop
      vertex 63 124.5 0
      vertex 114.8 132 0
      vertex 101 124.5 0
    endloop
  endfacet
  facet normal 0 0 -1
    outer loop
      vertex 63 124.5 0
      vertex 15.2 132 0
      vertex 114.8 132 0
    endloop
  endfacet
  facet normal 0 0 -1
    outer loop
      vertex 63 98.5 0
      vertex 15.2 132 0
      vertex 63 124.5 0
    endloop
  endfacet
  facet normal 0 0 -1
    outer loop
      vertex 11.6428 0.326776 0
      vertex 15.2 0 0
      vertex 11.6669 0.164178 0
    endloop
  endfacet
  facet normal 0 0 -1
    outer loop
      vertex 11.675 0 0
      vertex 15.2 0 0
      vertex 15.175 -0.509688 0
    endloop
  endfacet
  facet normal 0 0 -1
    outer loop
      vertex 11.6029 0.486226 0
      vertex 15.2 0 0
      vertex 11.6428 0.326776 0
    endloop
  endfacet
  facet normal 0 0 -1
    outer loop
      vertex 11.6669 -0.164178 0
      vertex 15.175 -0.509688 0
      vertex 15.1001 -1.01447 0
    endloop
  endfacet
  facet normal 0 0 -1
    outer loop
      vertex 11.675 132 0
      vertex 15.2 132 0
      vertex 26 44 0
    endloop
  endfacet
  facet normal 0 0 -1
    outer loop
      vertex 11.6428 -0.326776 0
      vertex 15.1001 -1.01447 0
      vertex 14.9761 -1.50948 0
    endloop
  endfacet
  facet normal 0 0 -1
    outer loop
      vertex 11.675 132 0
      vertex 15.175 132.51 0
      vertex 15.2 132 0
    endloop
  endfacet
  facet normal 0 0 -1
    outer loop
      vertex 11.6029 -0.486226 0
      vertex 14.9761 -1.50948 0
      vertex 14.8042 -1.98995 0
    endloop
  endfacet
  facet normal 0 0 -1
    outer loop
      vertex 11.6669 132.164 0
      vertex 15.175 132.51 0
      vertex 11.675 132 0
    endloop
  endfacet
  facet normal 0 0 -1
    outer loop
      vertex 11.5475 -0.640994 0
      vertex 14.8042 -1.98995 0
      vertex 14.586 -2.45126 0
    endloop
  endfacet
  facet normal -0 0 -1
    outer loop
      vertex 15.175 132.51 0
      vertex 11.6669 132.164 0
      vertex 15.1001 133.014 0
    endloop
  endfacet
  facet normal 0 0 -1
    outer loop
      vertex 11.4772 -0.789589 0
      vertex 14.586 -2.45126 0
      vertex 14.3236 -2.88896 0
    endloop
  endfacet
  facet normal 0 0 -1
    outer loop
      vertex 11.6428 132.327 0
      vertex 15.1001 133.014 0
      vertex 11.6669 132.164 0
    endloop
  endfacet
  facet normal 0 0 -1
    outer loop
      vertex 11.3927 -0.93058 0
      vertex 14.3236 -2.88896 0
      vertex 14.0197 -3.29884 0
    endloop
  endfacet
  facet normal -0 0 -1
    outer loop
      vertex 15.1001 133.014 0
      vertex 11.6428 132.327 0
      vertex 14.9761 133.509 0
    endloop
  endfacet
  facet normal 0 0 -1
    outer loop
      vertex 11.2948 -1.06261 0
      vertex 14.0197 -3.29884 0
      vertex 13.677 -3.67696 0
    endloop
  endfacet
  facet normal 0 0 -1
    outer loop
      vertex 11.6029 132.486 0
      vertex 14.9761 133.509 0
      vertex 11.6428 132.327 0
    endloop
  endfacet
  facet normal 0 0 -1
    outer loop
      vertex 11.1844 -1.1844 0
      vertex 13.677 -3.67696 0
      vertex 13.2988 -4.01965 0
    endloop
  endfacet
  facet normal -0 0 -1
    outer loop
      vertex 14.9761 133.509 0
      vertex 11.6029 132.486 0
      vertex 14.8042 133.99 0
    endloop
  endfacet
  facet normal 0 0 -1
    outer loop
      vertex 11.0626 -1.29479 0
      vertex 13.2988 -4.01965 0
      vertex 12.889 -4.32364 0
    endloop
  endfacet
  facet normal 0 0 -1
    outer loop
      vertex 11.5475 132.641 0
      vertex 14.8042 133.99 0
      vertex 11.6029 132.486 0
    endloop
  endfacet
  facet normal 0 0 -1
    outer loop
      vertex 10.9306 -1.39271 0
      vertex 12.889 -4.32364 0
      vertex 12.4513 -4.58599 0
    endloop
  endfacet
  facet normal -0 0 -1
    outer loop
      vertex 14.8042 133.99 0
      vertex 11.5475 132.641 0
      vertex 14.586 134.451 0
    endloop
  endfacet
  facet normal 0 0 -1
    outer loop
      vertex 10.7896 -1.47722 0
      vertex 12.4513 -4.58599 0
      vertex 11.99 -4.80417 0
    endloop
  endfacet
  facet normal 0 0 -1
    outer loop
      vertex 11.4772 132.79 0
      vertex 14.586 134.451 0
      vertex 11.5475 132.641 0
    endloop
  endfacet
  facet normal -0 0 -1
    outer loop
      vertex 14.586 134.451 0
      vertex 11.4772 132.79 0
      vertex 14.3236 134.889 0
    endloop
  endfacet
  facet normal 0 0 -1
    outer loop
      vertex 15.175 -0.509688 0
      vertex 11.6669 -0.164178 0
      vertex 11.675 0 0
    endloop
  endfacet
  facet normal 0 0 -1
    outer loop
      vertex 15.1001 -1.01447 0
      vertex 11.6428 -0.326776 0
      vertex 11.6669 -0.164178 0
    endloop
  endfacet
  facet normal 0 0 -1
    outer loop
      vertex 14.9761 -1.50948 0
      vertex 11.6029 -0.486226 0
      vertex 11.6428 -0.326776 0
    endloop
  endfacet
  facet normal 0 0 -1
    outer loop
      vertex 14.8042 -1.98995 0
      vertex 11.5475 -0.640994 0
      vertex 11.6029 -0.486226 0
    endloop
  endfacet
  facet normal 0 0 -1
    outer loop
      vertex 10.641 -1.5475 0
      vertex 11.99 -4.80417 0
      vertex 11.5095 -4.97609 0
    endloop
  endfacet
  facet normal 0 0 -1
    outer loop
      vertex 14.586 -2.45126 0
      vertex 11.4772 -0.789589 0
      vertex 11.5475 -0.640994 0
    endloop
  endfacet
  facet normal 0 0 -1
    outer loop
      vertex 14.3236 -2.88896 0
      vertex 11.3927 -0.93058 0
      vertex 11.4772 -0.789589 0
    endloop
  endfacet
  facet normal 0 0 -1
    outer loop
      vertex 14.0197 -3.29884 0
      vertex 11.2948 -1.06261 0
      vertex 11.3927 -0.93058 0
    endloop
  endfacet
  facet normal 0 0 -1
    outer loop
      vertex 13.677 -3.67696 0
      vertex 11.1844 -1.1844 0
      vertex 11.2948 -1.06261 0
    endloop
  endfacet
  facet normal 0 0 -1
    outer loop
      vertex 13.2988 -4.01965 0
      vertex 11.0626 -1.29479 0
      vertex 11.1844 -1.1844 0
    endloop
  endfacet
  facet normal 0 0 -1
    outer loop
      vertex 10.4862 -1.60287 0
      vertex 11.5095 -4.97609 0
      vertex 11.0145 -5.10008 0
    endloop
  endfacet
  facet normal 0 0 -1
    outer loop
      vertex 12.889 -4.32364 0
      vertex 10.9306 -1.39271 0
      vertex 11.0626 -1.29479 0
    endloop
  endfacet
  facet normal 0 0 -1
    outer loop
      vertex 12.4513 -4.58599 0
      vertex 10.7896 -1.47722 0
      vertex 10.9306 -1.39271 0
    endloop
  endfacet
  facet normal 0 0 -1
    outer loop
      vertex 11.99 -4.80417 0
      vertex 10.641 -1.5475 0
      vertex 10.7896 -1.47722 0
    endloop
  endfacet
  facet normal 0 0 -1
    outer loop
      vertex 10.3268 -1.64281 0
      vertex 11.0145 -5.10008 0
      vertex 10.5097 -5.17496 0
    endloop
  endfacet
  facet normal 0 0 -1
    outer loop
      vertex 11.5095 -4.97609 0
      vertex 10.4862 -1.60287 0
      vertex 10.641 -1.5475 0
    endloop
  endfacet
  facet normal 0 0 -1
    outer loop
      vertex 11.0145 -5.10008 0
      vertex 10.3268 -1.64281 0
      vertex 10.4862 -1.60287 0
    endloop
  endfacet
  facet normal 0 0 -1
    outer loop
      vertex 10.5097 -5.17496 0
      vertex 10.1642 -1.66693 0
      vertex 10.3268 -1.64281 0
    endloop
  endfacet
  facet normal 0 0 -1
    outer loop
      vertex 10 -5.2 0
      vertex 10.1642 -1.66693 0
      vertex 10.5097 -5.17496 0
    endloop
  endfacet
  facet normal 0 0 -1
    outer loop
      vertex 10 -5.2 0
      vertex 10 -1.675 0
      vertex 10.1642 -1.66693 0
    endloop
  endfacet
  facet normal 0 0 -1
    outer loop
      vertex 10 -5.2 0
      vertex 9.83582 -1.66693 0
      vertex 10 -1.675 0
    endloop
  endfacet
  facet normal 0 0 -1
    outer loop
      vertex 9.49031 -5.17496 0
      vertex 9.83582 -1.66693 0
      vertex 10 -5.2 0
    endloop
  endfacet
  facet normal -0 0 -1
    outer loop
      vertex 9.83582 -1.66693 0
      vertex 9.49031 -5.17496 0
      vertex 9.67322 -1.64281 0
    endloop
  endfacet
  facet normal 0 0 -1
    outer loop
      vertex 8.98553 -5.10008 0
      vertex 9.67322 -1.64281 0
      vertex 9.49031 -5.17496 0
    endloop
  endfacet
  facet normal -0 0 -1
    outer loop
      vertex 9.67322 -1.64281 0
      vertex 8.98553 -5.10008 0
      vertex 9.51377 -1.60287 0
    endloop
  endfacet
  facet normal 0 0 -1
    outer loop
      vertex 8.49052 -4.97609 0
      vertex 9.51377 -1.60287 0
      vertex 8.98553 -5.10008 0
    endloop
  endfacet
  facet normal -0 0 -1
    outer loop
      vertex 9.51377 -1.60287 0
      vertex 8.49052 -4.97609 0
      vertex 9.359 -1.5475 0
    endloop
  endfacet
  facet normal 0 0 -1
    outer loop
      vertex 8.01005 -4.80417 0
      vertex 9.359 -1.5475 0
      vertex 8.49052 -4.97609 0
    endloop
  endfacet
  facet normal -0 0 -1
    outer loop
      vertex 9.359 -1.5475 0
      vertex 8.01005 -4.80417 0
      vertex 9.21041 -1.47722 0
    endloop
  endfacet
  facet normal -0 0 -1
    outer loop
      vertex 9.21041 -1.47722 0
      vertex 8.01005 -4.80417 0
      vertex 9.06942 -1.39271 0
    endloop
  endfacet
  facet normal -0 0 -1
    outer loop
      vertex 9.06942 -1.39271 0
      vertex 8.01005 -4.80417 0
      vertex 8.93739 -1.29479 0
    endloop
  endfacet
  facet normal -0 0 -1
    outer loop
      vertex 8.93739 -1.29479 0
      vertex 8.01005 -4.80417 0
      vertex 8.8156 -1.1844 0
    endloop
  endfacet
  facet normal -0 0 -1
    outer loop
      vertex 8.8156 -1.1844 0
      vertex 8.01005 -4.80417 0
      vertex 8.70521 -1.06261 0
    endloop
  endfacet
  facet normal -0 0 -1
    outer loop
      vertex 8.70521 -1.06261 0
      vertex 8.01005 -4.80417 0
      vertex 8.60729 -0.93058 0
    endloop
  endfacet
  facet normal 0 0 -1
    outer loop
      vertex 4.80048 0.00979614 0
      vertex 8.60729 -0.93058 0
      vertex 8.01005 -4.80417 0
    endloop
  endfacet
  facet normal 0 0 -1
    outer loop
      vertex 8.60729 -0.93058 0
      vertex 4.80048 0.00979614 0
      vertex 8.52278 -0.789589 0
    endloop
  endfacet
  facet normal 0 0 -1
    outer loop
      vertex 8.52278 -0.789589 0
      vertex 4.80048 0.00979614 0
      vertex 8.4525 -0.640994 0
    endloop
  endfacet
  facet normal 0 0 -1
    outer loop
      vertex 8.4525 -0.640994 0
      vertex 4.80048 0.00979614 0
      vertex 8.39712 -0.486226 0
    endloop
  endfacet
  facet normal 0 0 -1
    outer loop
      vertex 8.39712 -0.486226 0
      vertex 4.80048 0.00979614 0
      vertex 8.35718 -0.326776 0
    endloop
  endfacet
  facet normal 0 0 -1
    outer loop
      vertex 8.33307 -0.164178 0
      vertex 4.80048 0.00979614 0
      vertex 8.325 0 0
    endloop
  endfacet
  facet normal 0 0 -1
    outer loop
      vertex 8.35718 -0.326776 0
      vertex 4.80048 0.00979614 0
      vertex 8.33307 -0.164178 0
    endloop
  endfacet
  facet normal -0 0 -1
    outer loop
      vertex 124.586 134.451 0
      vertex 121.477 132.79 0
      vertex 124.324 134.889 0
    endloop
  endfacet
  facet normal 0 0 -1
    outer loop
      vertex 121.393 132.931 0
      vertex 124.324 134.889 0
      vertex 121.477 132.79 0
    endloop
  endfacet
  facet normal -0 0 -1
    outer loop
      vertex 124.804 133.99 0
      vertex 121.548 132.641 0
      vertex 124.586 134.451 0
    endloop
  endfacet
  facet normal 0 0 -1
    outer loop
      vertex 121.477 132.79 0
      vertex 124.586 134.451 0
      vertex 121.548 132.641 0
    endloop
  endfacet
  facet normal 0 0 -1
    outer loop
      vertex 121.643 132.327 0
      vertex 125.1 133.014 0
      vertex 121.667 132.164 0
    endloop
  endfacet
  facet normal -0 0 -1
    outer loop
      vertex 124.976 133.509 0
      vertex 121.603 132.486 0
      vertex 124.804 133.99 0
    endloop
  endfacet
  facet normal 0 0 -1
    outer loop
      vertex 125.2 0.0097964 0
      vertex 121.548 0.640994 0
      vertex 121.477 0.789589 0
    endloop
  endfacet
  facet normal 0 0 -1
    outer loop
      vertex 121.603 132.486 0
      vertex 124.976 133.509 0
      vertex 121.643 132.327 0
    endloop
  endfacet
  facet normal 0 0 -1
    outer loop
      vertex 125.2 0.0097964 0
      vertex 121.477 0.789589 0
      vertex 121.393 0.93058 0
    endloop
  endfacet
  facet normal -0 0 -1
    outer loop
      vertex 125.1 133.014 0
      vertex 121.643 132.327 0
      vertex 124.976 133.509 0
    endloop
  endfacet
  facet normal 0 0 -1
    outer loop
      vertex 125.2 0.0097964 0
      vertex 121.393 0.93058 0
      vertex 121.295 1.06261 0
    endloop
  endfacet
  facet normal -0 0 -1
    outer loop
      vertex 125.175 132.51 0
      vertex 121.667 132.164 0
      vertex 125.1 133.014 0
    endloop
  endfacet
  facet normal 0 0 -1
    outer loop
      vertex 125.2 0.0097964 0
      vertex 121.295 1.06261 0
      vertex 121.184 1.1844 0
    endloop
  endfacet
  facet normal 0 0 -1
    outer loop
      vertex 125.2 132 0
      vertex 121.675 132 0
      vertex 125.175 132.51 0
    endloop
  endfacet
  facet normal 0 0 -1
    outer loop
      vertex 125.2 0.0097964 0
      vertex 121.184 1.1844 0
      vertex 121.063 1.29479 0
    endloop
  endfacet
  facet normal 0 -0 -1
    outer loop
      vertex 121.667 131.836 0
      vertex 125.2 131.99 0
      vertex 121.643 131.673 0
    endloop
  endfacet
  facet normal 0 0 -1
    outer loop
      vertex 125.2 0.0097964 0
      vertex 121.063 1.29479 0
      vertex 120.931 1.39271 0
    endloop
  endfacet
  facet normal 0 -0 -1
    outer loop
      vertex 121.603 131.514 0
      vertex 125.2 131.99 0
      vertex 121.548 131.359 0
    endloop
  endfacet
  facet normal 0 0 -1
    outer loop
      vertex 125.2 0.0097964 0
      vertex 120.931 1.39271 0
      vertex 120.79 1.47722 0
    endloop
  endfacet
  facet normal 0 -0 -1
    outer loop
      vertex 121.477 131.21 0
      vertex 125.2 131.99 0
      vertex 121.393 131.069 0
    endloop
  endfacet
  facet normal 0 0 -1
    outer loop
      vertex 120.641 1.5475 0
      vertex 125.2 0.0097964 0
      vertex 120.79 1.47722 0
    endloop
  endfacet
  facet normal 0 -0 -1
    outer loop
      vertex 121.393 131.069 0
      vertex 125.2 131.99 0
      vertex 121.295 130.937 0
    endloop
  endfacet
  facet normal 0 0 -1
    outer loop
      vertex 125.2 0.0097964 0
      vertex 120.641 1.5475 0
      vertex 112 44 0
    endloop
  endfacet
  facet normal 0 -0 -1
    outer loop
      vertex 121.295 130.937 0
      vertex 125.2 131.99 0
      vertex 121.184 130.816 0
    endloop
  endfacet
  facet normal 0 0 -1
    outer loop
      vertex 112 44 0
      vertex 120.641 1.5475 0
      vertex 120.486 1.60287 0
    endloop
  endfacet
  facet normal 0 -0 -1
    outer loop
      vertex 121.063 130.705 0
      vertex 125.2 131.99 0
      vertex 120.931 130.607 0
    endloop
  endfacet
  facet normal 0 0 -1
    outer loop
      vertex 112 44 0
      vertex 120.486 1.60287 0
      vertex 120.327 1.64281 0
    endloop
  endfacet
  facet normal 0 0 -1
    outer loop
      vertex 125.2 131.99 0
      vertex 120.641 130.452 0
      vertex 120.79 130.523 0
    endloop
  endfacet
  facet normal 0 0 -1
    outer loop
      vertex 112 44 0
      vertex 120.327 1.64281 0
      vertex 120.164 1.66693 0
    endloop
  endfacet
  facet normal 0 0 -1
    outer loop
      vertex 120.641 130.452 0
      vertex 101 98.5 0
      vertex 120.486 130.397 0
    endloop
  endfacet
  facet normal 0 0 -1
    outer loop
      vertex 112 44 0
      vertex 120.164 1.66693 0
      vertex 120 1.675 0
    endloop
  endfacet
  facet normal 0 0 -1
    outer loop
      vertex 120.486 130.397 0
      vertex 101 98.5 0
      vertex 120.327 130.357 0
    endloop
  endfacet
  facet normal 0 0 -1
    outer loop
      vertex 112 44 0
      vertex 120 1.675 0
      vertex 119.836 1.66693 0
    endloop
  endfacet
  facet normal 0 0 -1
    outer loop
      vertex 120.327 130.357 0
      vertex 101 98.5 0
      vertex 120.164 130.333 0
    endloop
  endfacet
  facet normal 0 0 -1
    outer loop
      vertex 112 44 0
      vertex 119.836 1.66693 0
      vertex 119.673 1.64281 0
    endloop
  endfacet
  facet normal 0 0 -1
    outer loop
      vertex 120.164 130.333 0
      vertex 101 98.5 0
      vertex 120 130.325 0
    endloop
  endfacet
  facet normal 0 0 -1
    outer loop
      vertex 112 44 0
      vertex 119.673 1.64281 0
      vertex 119.514 1.60287 0
    endloop
  endfacet
  facet normal -0 0 -1
    outer loop
      vertex 120 130.325 0
      vertex 101 98.5 0
      vertex 119.836 130.333 0
    endloop
  endfacet
  facet normal 0 0 -1
    outer loop
      vertex 112 44 0
      vertex 119.514 1.60287 0
      vertex 119.359 1.5475 0
    endloop
  endfacet
  facet normal -0 0 -1
    outer loop
      vertex 119.836 130.333 0
      vertex 101 98.5 0
      vertex 119.673 130.357 0
    endloop
  endfacet
  facet normal 0 0 -1
    outer loop
      vertex 112 44 0
      vertex 119.359 1.5475 0
      vertex 119.21 1.47722 0
    endloop
  endfacet
  facet normal 0 0 -1
    outer loop
      vertex 101 124.5 0
      vertex 119.673 130.357 0
      vertex 101 98.5 0
    endloop
  endfacet
  facet normal 0 0 -1
    outer loop
      vertex 112 44 0
      vertex 119.21 1.47722 0
      vertex 119.069 1.39271 0
    endloop
  endfacet
  facet normal -0 0 -1
    outer loop
      vertex 119.673 130.357 0
      vertex 101 124.5 0
      vertex 119.514 130.397 0
    endloop
  endfacet
  facet normal 0 0 -1
    outer loop
      vertex 112 44 0
      vertex 119.069 1.39271 0
      vertex 118.937 1.29479 0
    endloop
  endfacet
  facet normal -0 0 -1
    outer loop
      vertex 119.514 130.397 0
      vertex 101 124.5 0
      vertex 119.359 130.452 0
    endloop
  endfacet
  facet normal 0 0 -1
    outer loop
      vertex 112 44 0
      vertex 118.937 1.29479 0
      vertex 118.816 1.1844 0
    endloop
  endfacet
  facet normal -0 0 -1
    outer loop
      vertex 119.359 130.452 0
      vertex 101 124.5 0
      vertex 119.21 130.523 0
    endloop
  endfacet
  facet normal 0 0 -1
    outer loop
      vertex 112 44 0
      vertex 118.816 1.1844 0
      vertex 118.705 1.06261 0
    endloop
  endfacet
  facet normal 0 -0 -1
    outer loop
      vertex 114.8 132 0
      vertex 119.21 130.523 0
      vertex 101 124.5 0
    endloop
  endfacet
  facet normal 0 0 -1
    outer loop
      vertex 112 44 0
      vertex 118.705 1.06261 0
      vertex 118.607 0.93058 0
    endloop
  endfacet
  facet normal 0 0 -1
    outer loop
      vertex 119.21 130.523 0
      vertex 114.8 132 0
      vertex 119.069 130.607 0
    endloop
  endfacet
  facet normal 0 0 -1
    outer loop
      vertex 112 44 0
      vertex 118.607 0.93058 0
      vertex 118.523 0.789589 0
    endloop
  endfacet
  facet normal 0 0 -1
    outer loop
      vertex 119.069 130.607 0
      vertex 114.8 132 0
      vertex 118.937 130.705 0
    endloop
  endfacet
  facet normal 0 0 -1
    outer loop
      vertex 112 44 0
      vertex 118.523 0.789589 0
      vertex 118.452 0.640994 0
    endloop
  endfacet
  facet normal 0 0 -1
    outer loop
      vertex 118.937 130.705 0
      vertex 114.8 132 0
      vertex 118.816 130.816 0
    endloop
  endfacet
  facet normal 0 0 -1
    outer loop
      vertex 112 44 0
      vertex 118.452 0.640994 0
      vertex 118.397 0.486226 0
    endloop
  endfacet
  facet normal 0 0 -1
    outer loop
      vertex 118.816 130.816 0
      vertex 114.8 132 0
      vertex 118.705 130.937 0
    endloop
  endfacet
  facet normal 0 0 -1
    outer loop
      vertex 112 44 0
      vertex 118.397 0.486226 0
      vertex 118.357 0.326776 0
    endloop
  endfacet
  facet normal 0 0 -1
    outer loop
      vertex 118.705 130.937 0
      vertex 114.8 132 0
      vertex 118.607 131.069 0
    endloop
  endfacet
  facet normal 0 0 -1
    outer loop
      vertex 112 44 0
      vertex 118.357 0.326776 0
      vertex 118.333 0.164178 0
    endloop
  endfacet
  facet normal 0 0 -1
    outer loop
      vertex 118.607 131.069 0
      vertex 114.8 132 0
      vertex 118.523 131.21 0
    endloop
  endfacet
  facet normal 0 0 -1
    outer loop
      vertex 118.01 -4.80417 0
      vertex 118.333 0.164178 0
      vertex 118.325 0 0
    endloop
  endfacet
  facet normal 0 0 -1
    outer loop
      vertex 112 44 0
      vertex 118.333 0.164178 0
      vertex 118.01 -4.80417 0
    endloop
  endfacet
  facet normal 0 0 -1
    outer loop
      vertex 121.548 132.641 0
      vertex 124.804 133.99 0
      vertex 121.603 132.486 0
    endloop
  endfacet
  facet normal -0 0 -1
    outer loop
      vertex 124.324 134.889 0
      vertex 121.393 132.931 0
      vertex 124.02 135.299 0
    endloop
  endfacet
  facet normal 0 0 -1
    outer loop
      vertex 121.295 133.063 0
      vertex 124.02 135.299 0
      vertex 121.393 132.931 0
    endloop
  endfacet
  facet normal -0 0 -1
    outer loop
      vertex 124.02 135.299 0
      vertex 121.295 133.063 0
      vertex 123.677 135.677 0
    endloop
  endfacet
  facet normal 0 0 -1
    outer loop
      vertex 121.184 133.184 0
      vertex 123.677 135.677 0
      vertex 121.295 133.063 0
    endloop
  endfacet
  facet normal -0 0 -1
    outer loop
      vertex 123.677 135.677 0
      vertex 121.184 133.184 0
      vertex 123.299 136.02 0
    endloop
  endfacet
  facet normal 0 0 -1
    outer loop
      vertex 121.063 133.295 0
      vertex 123.299 136.02 0
      vertex 121.184 133.184 0
    endloop
  endfacet
  facet normal -0 0 -1
    outer loop
      vertex 123.299 136.02 0
      vertex 121.063 133.295 0
      vertex 122.889 136.324 0
    endloop
  endfacet
  facet normal 0 0 -1
    outer loop
      vertex 120.931 133.393 0
      vertex 122.889 136.324 0
      vertex 121.063 133.295 0
    endloop
  endfacet
  facet normal -0 0 -1
    outer loop
      vertex 122.889 136.324 0
      vertex 120.931 133.393 0
      vertex 122.451 136.586 0
    endloop
  endfacet
  facet normal 0 0 -1
    outer loop
      vertex 120.79 133.477 0
      vertex 122.451 136.586 0
      vertex 120.931 133.393 0
    endloop
  endfacet
  facet normal -0 0 -1
    outer loop
      vertex 122.451 136.586 0
      vertex 120.79 133.477 0
      vertex 121.99 136.804 0
    endloop
  endfacet
  facet normal 0 0 -1
    outer loop
      vertex 120.641 133.548 0
      vertex 121.99 136.804 0
      vertex 120.79 133.477 0
    endloop
  endfacet
  facet normal -0 0 -1
    outer loop
      vertex 121.99 136.804 0
      vertex 120.641 133.548 0
      vertex 121.509 136.976 0
    endloop
  endfacet
  facet normal 0 0 -1
    outer loop
      vertex 120.486 133.603 0
      vertex 121.509 136.976 0
      vertex 120.641 133.548 0
    endloop
  endfacet
  facet normal -0 0 -1
    outer loop
      vertex 121.509 136.976 0
      vertex 120.486 133.603 0
      vertex 121.014 137.1 0
    endloop
  endfacet
  facet normal 0 0 -1
    outer loop
      vertex 120.327 133.643 0
      vertex 121.014 137.1 0
      vertex 120.486 133.603 0
    endloop
  endfacet
  facet normal -0 0 -1
    outer loop
      vertex 121.014 137.1 0
      vertex 120.327 133.643 0
      vertex 120.51 137.175 0
    endloop
  endfacet
  facet normal 0 0 -1
    outer loop
      vertex 120.164 133.667 0
      vertex 120.51 137.175 0
      vertex 120.327 133.643 0
    endloop
  endfacet
  facet normal 0 0 -1
    outer loop
      vertex 120 133.675 0
      vertex 120.51 137.175 0
      vertex 120.164 133.667 0
    endloop
  endfacet
  facet normal 0 0 -1
    outer loop
      vertex 120 133.675 0
      vertex 120 137.2 0
      vertex 120.51 137.175 0
    endloop
  endfacet
  facet normal 0 0 -1
    outer loop
      vertex 119.836 133.667 0
      vertex 120 137.2 0
      vertex 120 133.675 0
    endloop
  endfacet
  facet normal 0 0 -1
    outer loop
      vertex 119.49 137.175 0
      vertex 119.836 133.667 0
      vertex 119.673 133.643 0
    endloop
  endfacet
  facet normal 0 0 -1
    outer loop
      vertex 118.986 137.1 0
      vertex 119.673 133.643 0
      vertex 119.514 133.603 0
    endloop
  endfacet
  facet normal 0 0 -1
    outer loop
      vertex 119.836 133.667 0
      vertex 119.49 137.175 0
      vertex 120 137.2 0
    endloop
  endfacet
  facet normal 0 0 -1
    outer loop
      vertex 118.491 136.976 0
      vertex 119.514 133.603 0
      vertex 119.359 133.548 0
    endloop
  endfacet
  facet normal 0 0 -1
    outer loop
      vertex 118.01 136.804 0
      vertex 119.359 133.548 0
      vertex 119.21 133.477 0
    endloop
  endfacet
  facet normal 0 0 -1
    outer loop
      vertex 117.549 136.586 0
      vertex 119.21 133.477 0
      vertex 119.069 133.393 0
    endloop
  endfacet
  facet normal 0 0 -1
    outer loop
      vertex 119.673 133.643 0
      vertex 118.986 137.1 0
      vertex 119.49 137.175 0
    endloop
  endfacet
  facet normal 0 0 -1
    outer loop
      vertex 117.111 136.324 0
      vertex 119.069 133.393 0
      vertex 118.937 133.295 0
    endloop
  endfacet
  facet normal 0 0 -1
    outer loop
      vertex 116.701 136.02 0
      vertex 118.937 133.295 0
      vertex 118.816 133.184 0
    endloop
  endfacet
  facet normal 0 0 -1
    outer loop
      vertex 116.323 135.677 0
      vertex 118.816 133.184 0
      vertex 118.705 133.063 0
    endloop
  endfacet
  facet normal 0 0 -1
    outer loop
      vertex 115.98 135.299 0
      vertex 118.705 133.063 0
      vertex 118.607 132.931 0
    endloop
  endfacet
  facet normal 0 0 -1
    outer loop
      vertex 115.676 134.889 0
      vertex 118.607 132.931 0
      vertex 118.523 132.79 0
    endloop
  endfacet
  facet normal 0 0 -1
    outer loop
      vertex 119.514 133.603 0
      vertex 118.491 136.976 0
      vertex 118.986 137.1 0
    endloop
  endfacet
  facet normal 0 0 -1
    outer loop
      vertex 115.414 134.451 0
      vertex 118.523 132.79 0
      vertex 118.452 132.641 0
    endloop
  endfacet
  facet normal 0 0 -1
    outer loop
      vertex 115.196 133.99 0
      vertex 118.452 132.641 0
      vertex 118.397 132.486 0
    endloop
  endfacet
  facet normal 0 0 -1
    outer loop
      vertex 115.024 133.509 0
      vertex 118.397 132.486 0
      vertex 118.357 132.327 0
    endloop
  endfacet
  facet normal 0 0 -1
    outer loop
      vertex 114.9 133.014 0
      vertex 118.357 132.327 0
      vertex 118.333 132.164 0
    endloop
  endfacet
  facet normal 0 0 -1
    outer loop
      vertex 114.825 132.51 0
      vertex 118.333 132.164 0
      vertex 118.325 132 0
    endloop
  endfacet
  facet normal 0 0 -1
    outer loop
      vertex 119.359 133.548 0
      vertex 118.01 136.804 0
      vertex 118.491 136.976 0
    endloop
  endfacet
  facet normal 0 0 -1
    outer loop
      vertex 112 44 0
      vertex 118.01 -4.80417 0
      vertex 112 12 0
    endloop
  endfacet
  facet normal 0 0 -1
    outer loop
      vertex 114.8 0 0
      vertex 118.01 -4.80417 0
      vertex 117.549 -4.58599 0
    endloop
  endfacet
  facet normal 0 0 -1
    outer loop
      vertex 118.452 131.359 0
      vertex 114.8 132 0
      vertex 118.397 131.514 0
    endloop
  endfacet
  facet normal 0 0 -1
    outer loop
      vertex 114.8 0 0
      vertex 117.549 -4.58599 0
      vertex 117.111 -4.32364 0
    endloop
  endfacet
  facet normal 0 -0 -1
    outer loop
      vertex 114.825 132.51 0
      vertex 118.325 132 0
      vertex 114.8 132 0
    endloop
  endfacet
  facet normal 0 0 -1
    outer loop
      vertex 114.8 0 0
      vertex 117.111 -4.32364 0
      vertex 116.701 -4.01965 0
    endloop
  endfacet
  facet normal 0 0 -1
    outer loop
      vertex 119.21 133.477 0
      vertex 117.549 136.586 0
      vertex 118.01 136.804 0
    endloop
  endfacet
  facet normal 0 0 -1
    outer loop
      vertex 114.8 0 0
      vertex 116.701 -4.01965 0
      vertex 116.323 -3.67696 0
    endloop
  endfacet
  facet normal 0 0 -1
    outer loop
      vertex 119.069 133.393 0
      vertex 117.111 136.324 0
      vertex 117.549 136.586 0
    endloop
  endfacet
  facet normal 0 0 -1
    outer loop
      vertex 114.8 0 0
      vertex 116.323 -3.67696 0
      vertex 115.98 -3.29884 0
    endloop
  endfacet
  facet normal 0 0 -1
    outer loop
      vertex 118.937 133.295 0
      vertex 116.701 136.02 0
      vertex 117.111 136.324 0
    endloop
  endfacet
  facet normal 0 0 -1
    outer loop
      vertex 114.8 0 0
      vertex 115.98 -3.29884 0
      vertex 115.676 -2.88896 0
    endloop
  endfacet
  facet normal 0 0 -1
    outer loop
      vertex 118.816 133.184 0
      vertex 116.323 135.677 0
      vertex 116.701 136.02 0
    endloop
  endfacet
  facet normal 0 0 -1
    outer loop
      vertex 114.8 0 0
      vertex 115.676 -2.88896 0
      vertex 115.414 -2.45126 0
    endloop
  endfacet
  facet normal 0 0 -1
    outer loop
      vertex 118.01 -4.80417 0
      vertex 114.8 0 0
      vertex 112 12 0
    endloop
  endfacet
  facet normal 0 0 -1
    outer loop
      vertex 114.8 0 0
      vertex 115.414 -2.45126 0
      vertex 115.196 -1.98995 0
    endloop
  endfacet
  facet normal 0 0 -1
    outer loop
      vertex 118.705 133.063 0
      vertex 115.98 135.299 0
      vertex 116.323 135.677 0
    endloop
  endfacet
  facet normal 0 0 -1
    outer loop
      vertex 114.8 0 0
      vertex 115.196 -1.98995 0
      vertex 115.024 -1.50948 0
    endloop
  endfacet
  facet normal 0 0 -1
    outer loop
      vertex 118.523 132.79 0
      vertex 115.414 134.451 0
      vertex 115.676 134.889 0
    endloop
  endfacet
  facet normal 0 0 -1
    outer loop
      vertex 114.8 0 0
      vertex 115.024 -1.50948 0
      vertex 114.9 -1.01447 0
    endloop
  endfacet
  facet normal 0 0 -1
    outer loop
      vertex 118.452 132.641 0
      vertex 115.196 133.99 0
      vertex 115.414 134.451 0
    endloop
  endfacet
  facet normal 0 0 -1
    outer loop
      vertex 114.8 0 0
      vertex 114.9 -1.01447 0
      vertex 114.825 -0.509688 0
    endloop
  endfacet
  facet normal 0 0 -1
    outer loop
      vertex 118.397 132.486 0
      vertex 115.024 133.509 0
      vertex 115.196 133.99 0
    endloop
  endfacet
  facet normal 0 0 -1
    outer loop
      vertex 118.357 132.327 0
      vertex 114.9 133.014 0
      vertex 115.024 133.509 0
    endloop
  endfacet
  facet normal 0 0 -1
    outer loop
      vertex 118.333 132.164 0
      vertex 114.825 132.51 0
      vertex 114.9 133.014 0
    endloop
  endfacet
  facet normal 0 0 -1
    outer loop
      vertex 118.607 132.931 0
      vertex 115.676 134.889 0
      vertex 115.98 135.299 0
    endloop
  endfacet
  facet normal 0 0 -1
    outer loop
      vertex 114.8 0 0
      vertex 26 12 0
      vertex 112 12 0
    endloop
  endfacet
  facet normal 0 0 -1
    outer loop
      vertex 11.6669 0.164178 0
      vertex 15.2 0 0
      vertex 11.675 0 0
    endloop
  endfacet
  facet normal 0 0 -1
    outer loop
      vertex 15.2 0 0
      vertex 26 12 0
      vertex 114.8 0 0
    endloop
  endfacet
  facet normal 0 0 -1
    outer loop
      vertex 131.675 10 0
      vertex 135.2 10 0
      vertex 135.175 9.49031 0
    endloop
  endfacet
  facet normal 0 0 -1
    outer loop
      vertex 131.667 9.83582 0
      vertex 135.175 9.49031 0
      vertex 135.1 8.98553 0
    endloop
  endfacet
  facet normal 0 0 -1
    outer loop
      vertex 135.2 10 0
      vertex 131.675 10 0
      vertex 135.175 10.5097 0
    endloop
  endfacet
  facet normal 0 0 -1
    outer loop
      vertex 131.643 9.67322 0
      vertex 135.1 8.98553 0
      vertex 134.976 8.49052 0
    endloop
  endfacet
  facet normal 0 0 -1
    outer loop
      vertex 131.667 10.1642 0
      vertex 135.175 10.5097 0
      vertex 131.675 10 0
    endloop
  endfacet
  facet normal 0 0 -1
    outer loop
      vertex 131.603 9.51377 0
      vertex 134.976 8.49052 0
      vertex 134.804 8.01005 0
    endloop
  endfacet
  facet normal -0 0 -1
    outer loop
      vertex 135.175 10.5097 0
      vertex 131.667 10.1642 0
      vertex 135.1 11.0145 0
    endloop
  endfacet
  facet normal 0 0 -1
    outer loop
      vertex 131.548 9.359 0
      vertex 134.804 8.01005 0
      vertex 134.586 7.54874 0
    endloop
  endfacet
  facet normal 0 0 -1
    outer loop
      vertex 131.643 10.3268 0
      vertex 135.1 11.0145 0
      vertex 131.667 10.1642 0
    endloop
  endfacet
  facet normal 0 0 -1
    outer loop
      vertex 131.477 9.21041 0
      vertex 134.586 7.54874 0
      vertex 134.324 7.11103 0
    endloop
  endfacet
  facet normal -0 0 -1
    outer loop
      vertex 135.1 11.0145 0
      vertex 131.643 10.3268 0
      vertex 134.976 11.5095 0
    endloop
  endfacet
  facet normal 0 0 -1
    outer loop
      vertex 131.393 9.06942 0
      vertex 134.324 7.11103 0
      vertex 134.02 6.70115 0
    endloop
  endfacet
  facet normal 0 0 -1
    outer loop
      vertex 131.603 10.4862 0
      vertex 134.976 11.5095 0
      vertex 131.643 10.3268 0
    endloop
  endfacet
  facet normal 0 0 -1
    outer loop
      vertex 131.295 8.93739 0
      vertex 134.02 6.70115 0
      vertex 133.677 6.32304 0
    endloop
  endfacet
  facet normal -0 0 -1
    outer loop
      vertex 134.976 11.5095 0
      vertex 131.603 10.4862 0
      vertex 134.804 11.99 0
    endloop
  endfacet
  facet normal 0 0 -1
    outer loop
      vertex 131.184 8.8156 0
      vertex 133.677 6.32304 0
      vertex 133.299 5.98034 0
    endloop
  endfacet
  facet normal 0 0 -1
    outer loop
      vertex 131.548 10.641 0
      vertex 134.804 11.99 0
      vertex 131.603 10.4862 0
    endloop
  endfacet
  facet normal 0 0 -1
    outer loop
      vertex 131.063 8.70521 0
      vertex 133.299 5.98034 0
      vertex 132.889 5.67636 0
    endloop
  endfacet
  facet normal -0 0 -1
    outer loop
      vertex 134.804 11.99 0
      vertex 131.548 10.641 0
      vertex 134.586 12.4513 0
    endloop
  endfacet
  facet normal 0 0 -1
    outer loop
      vertex 130.931 8.60729 0
      vertex 132.889 5.67636 0
      vertex 132.451 5.41401 0
    endloop
  endfacet
  facet normal 0 0 -1
    outer loop
      vertex 131.477 10.7896 0
      vertex 134.586 12.4513 0
      vertex 131.548 10.641 0
    endloop
  endfacet
  facet normal 0 0 -1
    outer loop
      vertex 130.79 8.52278 0
      vertex 132.451 5.41401 0
      vertex 131.99 5.19583 0
    endloop
  endfacet
  facet normal -0 0 -1
    outer loop
      vertex 134.586 12.4513 0
      vertex 131.477 10.7896 0
      vertex 134.324 12.889 0
    endloop
  endfacet
  facet normal 0 0 -1
    outer loop
      vertex 131.393 10.9306 0
      vertex 134.324 12.889 0
      vertex 131.477 10.7896 0
    endloop
  endfacet
  facet normal 0 0 -1
    outer loop
      vertex 135.175 9.49031 0
      vertex 131.667 9.83582 0
      vertex 131.675 10 0
    endloop
  endfacet
  facet normal 0 0 -1
    outer loop
      vertex 135.1 8.98553 0
      vertex 131.643 9.67322 0
      vertex 131.667 9.83582 0
    endloop
  endfacet
  facet normal 0 0 -1
    outer loop
      vertex 134.976 8.49052 0
      vertex 131.603 9.51377 0
      vertex 131.643 9.67322 0
    endloop
  endfacet
  facet normal 0 0 -1
    outer loop
      vertex 134.804 8.01005 0
      vertex 131.548 9.359 0
      vertex 131.603 9.51377 0
    endloop
  endfacet
  facet normal 0 0 -1
    outer loop
      vertex 130.641 8.4525 0
      vertex 131.99 5.19583 0
      vertex 131.509 5.02391 0
    endloop
  endfacet
  facet normal 0 0 -1
    outer loop
      vertex 134.586 7.54874 0
      vertex 131.477 9.21041 0
      vertex 131.548 9.359 0
    endloop
  endfacet
  facet normal 0 0 -1
    outer loop
      vertex 134.324 7.11103 0
      vertex 131.393 9.06942 0
      vertex 131.477 9.21041 0
    endloop
  endfacet
  facet normal 0 0 -1
    outer loop
      vertex 134.02 6.70115 0
      vertex 131.295 8.93739 0
      vertex 131.393 9.06942 0
    endloop
  endfacet
  facet normal 0 0 -1
    outer loop
      vertex 133.677 6.32304 0
      vertex 131.184 8.8156 0
      vertex 131.295 8.93739 0
    endloop
  endfacet
  facet normal 0 0 -1
    outer loop
      vertex 133.299 5.98034 0
      vertex 131.063 8.70521 0
      vertex 131.184 8.8156 0
    endloop
  endfacet
  facet normal 0 0 -1
    outer loop
      vertex 130.486 8.39712 0
      vertex 131.509 5.02391 0
      vertex 131.014 4.89992 0
    endloop
  endfacet
  facet normal 0 0 -1
    outer loop
      vertex 132.889 5.67636 0
      vertex 130.931 8.60729 0
      vertex 131.063 8.70521 0
    endloop
  endfacet
  facet normal 0 0 -1
    outer loop
      vertex 132.451 5.41401 0
      vertex 130.79 8.52278 0
      vertex 130.931 8.60729 0
    endloop
  endfacet
  facet normal 0 0 -1
    outer loop
      vertex 131.99 5.19583 0
      vertex 130.641 8.4525 0
      vertex 130.79 8.52278 0
    endloop
  endfacet
  facet normal 0 0 -1
    outer loop
      vertex 130.327 8.35718 0
      vertex 131.014 4.89992 0
      vertex 130.51 4.82504 0
    endloop
  endfacet
  facet normal 0 0 -1
    outer loop
      vertex 131.509 5.02391 0
      vertex 130.486 8.39712 0
      vertex 130.641 8.4525 0
    endloop
  endfacet
  facet normal 0 0 -1
    outer loop
      vertex 131.014 4.89992 0
      vertex 130.327 8.35718 0
      vertex 130.486 8.39712 0
    endloop
  endfacet
  facet normal 0 0 -1
    outer loop
      vertex 130.51 4.82504 0
      vertex 130.164 8.33307 0
      vertex 130.327 8.35718 0
    endloop
  endfacet
  facet normal 0 0 -1
    outer loop
      vertex 130 4.8 0
      vertex 130.164 8.33307 0
      vertex 130.51 4.82504 0
    endloop
  endfacet
  facet normal 0 0 -1
    outer loop
      vertex 130 4.8 0
      vertex 130 8.325 0
      vertex 130.164 8.33307 0
    endloop
  endfacet
  facet normal 0 0 -1
    outer loop
      vertex 129.99 4.80048 0
      vertex 130 8.325 0
      vertex 130 4.8 0
    endloop
  endfacet
  facet normal 0 0 -1
    outer loop
      vertex 129.904 4.02454 0
      vertex 129.99 4.80048 0
      vertex 129.976 4.5099 0
    endloop
  endfacet
  facet normal 0 0 -1
    outer loop
      vertex 129.99 4.80048 0
      vertex 129.904 4.02454 0
      vertex 125.2 0.0097964 0
    endloop
  endfacet
  facet normal 0 0 -1
    outer loop
      vertex 129.99 4.80048 0
      vertex 129.836 8.33307 0
      vertex 130 8.325 0
    endloop
  endfacet
  facet normal 0 0 -1
    outer loop
      vertex 125.2 0.0097964 0
      vertex 129.904 4.02454 0
      vertex 129.785 3.54857 0
    endloop
  endfacet
  facet normal 0 0 -1
    outer loop
      vertex 129.99 4.80048 0
      vertex 129.673 8.35718 0
      vertex 129.836 8.33307 0
    endloop
  endfacet
  facet normal 0 0 -1
    outer loop
      vertex 125.2 0.0097964 0
      vertex 129.785 3.54857 0
      vertex 129.619 3.08658 0
    endloop
  endfacet
  facet normal 0 0 -1
    outer loop
      vertex 129.99 4.80048 0
      vertex 129.514 8.39712 0
      vertex 129.673 8.35718 0
    endloop
  endfacet
  facet normal 0 0 -1
    outer loop
      vertex 125.2 0.0097964 0
      vertex 129.619 3.08658 0
      vertex 129.41 2.64301 0
    endloop
  endfacet
  facet normal 0 0 -1
    outer loop
      vertex 129.99 4.80048 0
      vertex 129.359 8.4525 0
      vertex 129.514 8.39712 0
    endloop
  endfacet
  facet normal 0 0 -1
    outer loop
      vertex 129.99 4.80048 0
      vertex 129.21 8.52278 0
      vertex 129.359 8.4525 0
    endloop
  endfacet
  facet normal 0 0 -1
    outer loop
      vertex 125.2 0.0097964 0
      vertex 129.41 2.64301 0
      vertex 129.157 2.22214 0
    endloop
  endfacet
  facet normal 0 0 -1
    outer loop
      vertex 129.99 4.80048 0
      vertex 129.069 8.60729 0
      vertex 129.21 8.52278 0
    endloop
  endfacet
  facet normal 0 0 -1
    outer loop
      vertex 129.99 4.80048 0
      vertex 128.937 8.70521 0
      vertex 129.069 8.60729 0
    endloop
  endfacet
  facet normal 0 0 -1
    outer loop
      vertex 125.2 0.0097964 0
      vertex 129.157 2.22214 0
      vertex 128.865 1.82803 0
    endloop
  endfacet
  facet normal 0 0 -1
    outer loop
      vertex 129.99 4.80048 0
      vertex 128.816 8.8156 0
      vertex 128.937 8.70521 0
    endloop
  endfacet
  facet normal 0 0 -1
    outer loop
      vertex 129.99 4.80048 0
      vertex 128.705 8.93739 0
      vertex 128.816 8.8156 0
    endloop
  endfacet
  facet normal -0 0 -1
    outer loop
      vertex 129.99 4.80048 0
      vertex 125.2 0.0097964 0
      vertex 128.705 8.93739 0
    endloop
  endfacet
  facet normal 0 0 -1
    outer loop
      vertex 125.2 0.0097964 0
      vertex 128.865 1.82803 0
      vertex 128.536 1.46446 0
    endloop
  endfacet
  facet normal -0 0 -1
    outer loop
      vertex 128.705 8.93739 0
      vertex 125.2 0.0097964 0
      vertex 128.607 9.06942 0
    endloop
  endfacet
  facet normal -0 0 -1
    outer loop
      vertex 128.607 9.06942 0
      vertex 125.2 0.0097964 0
      vertex 128.523 9.21041 0
    endloop
  endfacet
  facet normal -0 0 -1
    outer loop
      vertex 128.523 9.21041 0
      vertex 125.2 0.0097964 0
      vertex 128.452 9.359 0
    endloop
  endfacet
  facet normal -0 0 -1
    outer loop
      vertex 128.452 9.359 0
      vertex 125.2 0.0097964 0
      vertex 128.397 9.51377 0
    endloop
  endfacet
  facet normal -0 0 -1
    outer loop
      vertex 128.397 9.51377 0
      vertex 125.2 0.0097964 0
      vertex 128.357 9.67322 0
    endloop
  endfacet
  facet normal -0 0 -1
    outer loop
      vertex 128.357 9.67322 0
      vertex 125.2 0.0097964 0
      vertex 128.333 9.83582 0
    endloop
  endfacet
  facet normal -0 0 -1
    outer loop
      vertex 128.333 9.83582 0
      vertex 125.2 0.0097964 0
      vertex 128.325 10 0
    endloop
  endfacet
  facet normal 0 0 -1
    outer loop
      vertex 125.2 0.0097964 0
      vertex 128.536 1.46446 0
      vertex 128.172 1.13493 0
    endloop
  endfacet
  facet normal -0 0 -1
    outer loop
      vertex 134.324 12.889 0
      vertex 131.393 10.9306 0
      vertex 134.02 13.2988 0
    endloop
  endfacet
  facet normal 0 0 -1
    outer loop
      vertex 131.295 11.0626 0
      vertex 134.02 13.2988 0
      vertex 131.393 10.9306 0
    endloop
  endfacet
  facet normal -0 0 -1
    outer loop
      vertex 134.02 13.2988 0
      vertex 131.295 11.0626 0
      vertex 133.677 13.677 0
    endloop
  endfacet
  facet normal 0 0 -1
    outer loop
      vertex 131.184 11.1844 0
      vertex 133.677 13.677 0
      vertex 131.295 11.0626 0
    endloop
  endfacet
  facet normal -0 0 -1
    outer loop
      vertex 133.677 13.677 0
      vertex 131.184 11.1844 0
      vertex 133.299 14.0197 0
    endloop
  endfacet
  facet normal 0 0 -1
    outer loop
      vertex 131.063 11.2948 0
      vertex 133.299 14.0197 0
      vertex 131.184 11.1844 0
    endloop
  endfacet
  facet normal -0 0 -1
    outer loop
      vertex 133.299 14.0197 0
      vertex 131.063 11.2948 0
      vertex 132.889 14.3236 0
    endloop
  endfacet
  facet normal 0 0 -1
    outer loop
      vertex 130.931 11.3927 0
      vertex 132.889 14.3236 0
      vertex 131.063 11.2948 0
    endloop
  endfacet
  facet normal -0 0 -1
    outer loop
      vertex 132.889 14.3236 0
      vertex 130.931 11.3927 0
      vertex 132.451 14.586 0
    endloop
  endfacet
  facet normal 0 0 -1
    outer loop
      vertex 130.79 11.4772 0
      vertex 132.451 14.586 0
      vertex 130.931 11.3927 0
    endloop
  endfacet
  facet normal -0 0 -1
    outer loop
      vertex 132.451 14.586 0
      vertex 130.79 11.4772 0
      vertex 131.99 14.8042 0
    endloop
  endfacet
  facet normal 0 0 -1
    outer loop
      vertex 130.641 11.5475 0
      vertex 131.99 14.8042 0
      vertex 130.79 11.4772 0
    endloop
  endfacet
  facet normal -0 0 -1
    outer loop
      vertex 131.99 14.8042 0
      vertex 130.641 11.5475 0
      vertex 131.509 14.9761 0
    endloop
  endfacet
  facet normal 0 0 -1
    outer loop
      vertex 130.486 11.6029 0
      vertex 131.509 14.9761 0
      vertex 130.641 11.5475 0
    endloop
  endfacet
  facet normal -0 0 -1
    outer loop
      vertex 131.509 14.9761 0
      vertex 130.486 11.6029 0
      vertex 131.014 15.1001 0
    endloop
  endfacet
  facet normal 0 0 -1
    outer loop
      vertex 130.327 11.6428 0
      vertex 131.014 15.1001 0
      vertex 130.486 11.6029 0
    endloop
  endfacet
  facet normal -0 0 -1
    outer loop
      vertex 131.014 15.1001 0
      vertex 130.327 11.6428 0
      vertex 130.51 15.175 0
    endloop
  endfacet
  facet normal 0 0 -1
    outer loop
      vertex 130.164 11.6669 0
      vertex 130.51 15.175 0
      vertex 130.327 11.6428 0
    endloop
  endfacet
  facet normal 0 0 -1
    outer loop
      vertex 130 11.675 0
      vertex 130.51 15.175 0
      vertex 130.164 11.6669 0
    endloop
  endfacet
  facet normal 0 0 -1
    outer loop
      vertex 130 11.675 0
      vertex 130 15.2 0
      vertex 130.51 15.175 0
    endloop
  endfacet
  facet normal 0 0 -1
    outer loop
      vertex 129.836 11.6669 0
      vertex 130 15.2 0
      vertex 130 11.675 0
    endloop
  endfacet
  facet normal 0 0 -1
    outer loop
      vertex 129.673 11.6428 0
      vertex 130 15.2 0
      vertex 129.836 11.6669 0
    endloop
  endfacet
  facet normal 0 0 -1
    outer loop
      vertex 129.514 11.6029 0
      vertex 130 15.2 0
      vertex 129.673 11.6428 0
    endloop
  endfacet
  facet normal 0 0 -1
    outer loop
      vertex 130 116.8 0
      vertex 129.836 120.333 0
      vertex 130 120.325 0
    endloop
  endfacet
  facet normal 0 0 -1
    outer loop
      vertex 129.359 11.5475 0
      vertex 130 15.2 0
      vertex 129.514 11.6029 0
    endloop
  endfacet
  facet normal 0 0 -1
    outer loop
      vertex 130 116.8 0
      vertex 129.673 120.357 0
      vertex 129.836 120.333 0
    endloop
  endfacet
  facet normal 0 0 -1
    outer loop
      vertex 129.21 11.4772 0
      vertex 130 15.2 0
      vertex 129.359 11.5475 0
    endloop
  endfacet
  facet normal 0 0 -1
    outer loop
      vertex 130 116.8 0
      vertex 129.514 120.397 0
      vertex 129.673 120.357 0
    endloop
  endfacet
  facet normal 0 0 -1
    outer loop
      vertex 129.069 11.3927 0
      vertex 130 15.2 0
      vertex 129.21 11.4772 0
    endloop
  endfacet
  facet normal 0 0 -1
    outer loop
      vertex 130 116.8 0
      vertex 129.359 120.452 0
      vertex 129.514 120.397 0
    endloop
  endfacet
  facet normal 0 0 -1
    outer loop
      vertex 128.937 11.2948 0
      vertex 130 15.2 0
      vertex 129.069 11.3927 0
    endloop
  endfacet
  facet normal 0 0 -1
    outer loop
      vertex 130 116.8 0
      vertex 129.21 120.523 0
      vertex 129.359 120.452 0
    endloop
  endfacet
  facet normal 0 0 -1
    outer loop
      vertex 128.816 11.1844 0
      vertex 130 15.2 0
      vertex 128.937 11.2948 0
    endloop
  endfacet
  facet normal 0 0 -1
    outer loop
      vertex 130 116.8 0
      vertex 129.069 120.607 0
      vertex 129.21 120.523 0
    endloop
  endfacet
  facet normal 0 0 -1
    outer loop
      vertex 128.705 11.0626 0
      vertex 130 15.2 0
      vertex 128.816 11.1844 0
    endloop
  endfacet
  facet normal 0 0 -1
    outer loop
      vertex 130 116.8 0
      vertex 128.937 120.705 0
      vertex 129.069 120.607 0
    endloop
  endfacet
  facet normal 0 0 -1
    outer loop
      vertex 128.607 10.9306 0
      vertex 130 15.2 0
      vertex 128.705 11.0626 0
    endloop
  endfacet
  facet normal 0 0 -1
    outer loop
      vertex 130 116.8 0
      vertex 128.816 120.816 0
      vertex 128.937 120.705 0
    endloop
  endfacet
  facet normal 0 0 -1
    outer loop
      vertex 128.523 10.7896 0
      vertex 130 15.2 0
      vertex 128.607 10.9306 0
    endloop
  endfacet
  facet normal 0 0 -1
    outer loop
      vertex 130 116.8 0
      vertex 128.705 120.937 0
      vertex 128.816 120.816 0
    endloop
  endfacet
  facet normal 0 0 -1
    outer loop
      vertex 128.452 10.641 0
      vertex 130 15.2 0
      vertex 128.523 10.7896 0
    endloop
  endfacet
  facet normal 0 0 -1
    outer loop
      vertex 130 116.8 0
      vertex 128.607 121.069 0
      vertex 128.705 120.937 0
    endloop
  endfacet
  facet normal -0 0 -1
    outer loop
      vertex 130 15.2 0
      vertex 128.452 10.641 0
      vertex 130 116.8 0
    endloop
  endfacet
  facet normal 0 0 -1
    outer loop
      vertex 130 116.8 0
      vertex 128.523 121.21 0
      vertex 128.607 121.069 0
    endloop
  endfacet
  facet normal 0 0 -1
    outer loop
      vertex 128.452 121.359 0
      vertex 130 116.8 0
      vertex 128.452 10.641 0
    endloop
  endfacet
  facet normal 0 0 -1
    outer loop
      vertex 130 116.8 0
      vertex 128.452 121.359 0
      vertex 128.523 121.21 0
    endloop
  endfacet
  facet normal 0 0 -1
    outer loop
      vertex 128.397 10.4862 0
      vertex 128.452 121.359 0
      vertex 128.452 10.641 0
    endloop
  endfacet
  facet normal 0 0 -1
    outer loop
      vertex 128.397 10.4862 0
      vertex 128.397 121.514 0
      vertex 128.452 121.359 0
    endloop
  endfacet
  facet normal 0 0 -1
    outer loop
      vertex 128.357 10.3268 0
      vertex 128.397 121.514 0
      vertex 128.397 10.4862 0
    endloop
  endfacet
  facet normal 0 0 -1
    outer loop
      vertex 128.357 10.3268 0
      vertex 128.357 121.673 0
      vertex 128.397 121.514 0
    endloop
  endfacet
  facet normal 0 0 -1
    outer loop
      vertex 128.333 10.1642 0
      vertex 128.357 121.673 0
      vertex 128.357 10.3268 0
    endloop
  endfacet
  facet normal 0 0 -1
    outer loop
      vertex 128.333 10.1642 0
      vertex 128.333 121.836 0
      vertex 128.357 121.673 0
    endloop
  endfacet
  facet normal 0 0 -1
    outer loop
      vertex 128.325 10 0
      vertex 128.333 121.836 0
      vertex 128.333 10.1642 0
    endloop
  endfacet
  facet normal -0 0 -1
    outer loop
      vertex 128.333 121.836 0
      vertex 128.325 10 0
      vertex 128.325 122 0
    endloop
  endfacet
  facet normal 0 0 -1
    outer loop
      vertex 131.675 122 0
      vertex 135.2 122 0
      vertex 135.175 121.49 0
    endloop
  endfacet
  facet normal 0 0 -1
    outer loop
      vertex 131.667 121.836 0
      vertex 135.175 121.49 0
      vertex 135.1 120.986 0
    endloop
  endfacet
  facet normal 0 0 -1
    outer loop
      vertex 135.2 122 0
      vertex 131.675 122 0
      vertex 135.175 122.51 0
    endloop
  endfacet
  facet normal 0 0 -1
    outer loop
      vertex 131.643 121.673 0
      vertex 135.1 120.986 0
      vertex 134.976 120.491 0
    endloop
  endfacet
  facet normal 0 0 -1
    outer loop
      vertex 131.667 122.164 0
      vertex 135.175 122.51 0
      vertex 131.675 122 0
    endloop
  endfacet
  facet normal 0 0 -1
    outer loop
      vertex 131.603 121.514 0
      vertex 134.976 120.491 0
      vertex 134.804 120.01 0
    endloop
  endfacet
  facet normal -0 0 -1
    outer loop
      vertex 135.175 122.51 0
      vertex 131.667 122.164 0
      vertex 135.1 123.014 0
    endloop
  endfacet
  facet normal 0 0 -1
    outer loop
      vertex 131.548 121.359 0
      vertex 134.804 120.01 0
      vertex 134.586 119.549 0
    endloop
  endfacet
  facet normal 0 0 -1
    outer loop
      vertex 131.643 122.327 0
      vertex 135.1 123.014 0
      vertex 131.667 122.164 0
    endloop
  endfacet
  facet normal 0 0 -1
    outer loop
      vertex 131.477 121.21 0
      vertex 134.586 119.549 0
      vertex 134.324 119.111 0
    endloop
  endfacet
  facet normal -0 0 -1
    outer loop
      vertex 135.1 123.014 0
      vertex 131.643 122.327 0
      vertex 134.976 123.509 0
    endloop
  endfacet
  facet normal 0 0 -1
    outer loop
      vertex 131.393 121.069 0
      vertex 134.324 119.111 0
      vertex 134.02 118.701 0
    endloop
  endfacet
  facet normal 0 0 -1
    outer loop
      vertex 131.603 122.486 0
      vertex 134.976 123.509 0
      vertex 131.643 122.327 0
    endloop
  endfacet
  facet normal 0 0 -1
    outer loop
      vertex 131.295 120.937 0
      vertex 134.02 118.701 0
      vertex 133.677 118.323 0
    endloop
  endfacet
  facet normal -0 0 -1
    outer loop
      vertex 134.976 123.509 0
      vertex 131.603 122.486 0
      vertex 134.804 123.99 0
    endloop
  endfacet
  facet normal 0 0 -1
    outer loop
      vertex 131.184 120.816 0
      vertex 133.677 118.323 0
      vertex 133.299 117.98 0
    endloop
  endfacet
  facet normal 0 0 -1
    outer loop
      vertex 131.548 122.641 0
      vertex 134.804 123.99 0
      vertex 131.603 122.486 0
    endloop
  endfacet
  facet normal 0 0 -1
    outer loop
      vertex 131.063 120.705 0
      vertex 133.299 117.98 0
      vertex 132.889 117.676 0
    endloop
  endfacet
  facet normal -0 0 -1
    outer loop
      vertex 134.804 123.99 0
      vertex 131.548 122.641 0
      vertex 134.586 124.451 0
    endloop
  endfacet
  facet normal 0 0 -1
    outer loop
      vertex 130.931 120.607 0
      vertex 132.889 117.676 0
      vertex 132.451 117.414 0
    endloop
  endfacet
  facet normal 0 0 -1
    outer loop
      vertex 131.477 122.79 0
      vertex 134.586 124.451 0
      vertex 131.548 122.641 0
    endloop
  endfacet
  facet normal 0 0 -1
    outer loop
      vertex 130.79 120.523 0
      vertex 132.451 117.414 0
      vertex 131.99 117.196 0
    endloop
  endfacet
  facet normal -0 0 -1
    outer loop
      vertex 134.586 124.451 0
      vertex 131.477 122.79 0
      vertex 134.324 124.889 0
    endloop
  endfacet
  facet normal 0 0 -1
    outer loop
      vertex 131.393 122.931 0
      vertex 134.324 124.889 0
      vertex 131.477 122.79 0
    endloop
  endfacet
  facet normal 0 0 -1
    outer loop
      vertex 135.175 121.49 0
      vertex 131.667 121.836 0
      vertex 131.675 122 0
    endloop
  endfacet
  facet normal 0 0 -1
    outer loop
      vertex 135.1 120.986 0
      vertex 131.643 121.673 0
      vertex 131.667 121.836 0
    endloop
  endfacet
  facet normal 0 0 -1
    outer loop
      vertex 134.976 120.491 0
      vertex 131.603 121.514 0
      vertex 131.643 121.673 0
    endloop
  endfacet
  facet normal 0 0 -1
    outer loop
      vertex 134.804 120.01 0
      vertex 131.548 121.359 0
      vertex 131.603 121.514 0
    endloop
  endfacet
  facet normal 0 0 -1
    outer loop
      vertex 130.641 120.452 0
      vertex 131.99 117.196 0
      vertex 131.509 117.024 0
    endloop
  endfacet
  facet normal 0 0 -1
    outer loop
      vertex 134.586 119.549 0
      vertex 131.477 121.21 0
      vertex 131.548 121.359 0
    endloop
  endfacet
  facet normal 0 0 -1
    outer loop
      vertex 134.324 119.111 0
      vertex 131.393 121.069 0
      vertex 131.477 121.21 0
    endloop
  endfacet
  facet normal 0 0 -1
    outer loop
      vertex 134.02 118.701 0
      vertex 131.295 120.937 0
      vertex 131.393 121.069 0
    endloop
  endfacet
  facet normal 0 0 -1
    outer loop
      vertex 133.677 118.323 0
      vertex 131.184 120.816 0
      vertex 131.295 120.937 0
    endloop
  endfacet
  facet normal 0 0 -1
    outer loop
      vertex 133.299 117.98 0
      vertex 131.063 120.705 0
      vertex 131.184 120.816 0
    endloop
  endfacet
  facet normal 0 0 -1
    outer loop
      vertex 130.486 120.397 0
      vertex 131.509 117.024 0
      vertex 131.014 116.9 0
    endloop
  endfacet
  facet normal 0 0 -1
    outer loop
      vertex 132.889 117.676 0
      vertex 130.931 120.607 0
      vertex 131.063 120.705 0
    endloop
  endfacet
  facet normal 0 0 -1
    outer loop
      vertex 132.451 117.414 0
      vertex 130.79 120.523 0
      vertex 130.931 120.607 0
    endloop
  endfacet
  facet normal 0 0 -1
    outer loop
      vertex 131.99 117.196 0
      vertex 130.641 120.452 0
      vertex 130.79 120.523 0
    endloop
  endfacet
  facet normal 0 0 -1
    outer loop
      vertex 130.327 120.357 0
      vertex 131.014 116.9 0
      vertex 130.51 116.825 0
    endloop
  endfacet
  facet normal 0 0 -1
    outer loop
      vertex 131.509 117.024 0
      vertex 130.486 120.397 0
      vertex 130.641 120.452 0
    endloop
  endfacet
  facet normal 0 0 -1
    outer loop
      vertex 131.014 116.9 0
      vertex 130.327 120.357 0
      vertex 130.486 120.397 0
    endloop
  endfacet
  facet normal 0 0 -1
    outer loop
      vertex 130.51 116.825 0
      vertex 130.164 120.333 0
      vertex 130.327 120.357 0
    endloop
  endfacet
  facet normal 0 0 -1
    outer loop
      vertex 130 116.8 0
      vertex 130.164 120.333 0
      vertex 130.51 116.825 0
    endloop
  endfacet
  facet normal 0 0 -1
    outer loop
      vertex 130.164 120.333 0
      vertex 130 116.8 0
      vertex 130 120.325 0
    endloop
  endfacet
  facet normal -0 0 -1
    outer loop
      vertex 134.324 124.889 0
      vertex 131.393 122.931 0
      vertex 134.02 125.299 0
    endloop
  endfacet
  facet normal 0 0 -1
    outer loop
      vertex 131.295 123.063 0
      vertex 134.02 125.299 0
      vertex 131.393 122.931 0
    endloop
  endfacet
  facet normal -0 0 -1
    outer loop
      vertex 134.02 125.299 0
      vertex 131.295 123.063 0
      vertex 133.677 125.677 0
    endloop
  endfacet
  facet normal 0 0 -1
    outer loop
      vertex 131.184 123.184 0
      vertex 133.677 125.677 0
      vertex 131.295 123.063 0
    endloop
  endfacet
  facet normal -0 0 -1
    outer loop
      vertex 133.677 125.677 0
      vertex 131.184 123.184 0
      vertex 133.299 126.02 0
    endloop
  endfacet
  facet normal 0 0 -1
    outer loop
      vertex 131.063 123.295 0
      vertex 133.299 126.02 0
      vertex 131.184 123.184 0
    endloop
  endfacet
  facet normal -0 0 -1
    outer loop
      vertex 133.299 126.02 0
      vertex 131.063 123.295 0
      vertex 132.889 126.324 0
    endloop
  endfacet
  facet normal 0 0 -1
    outer loop
      vertex 130.931 123.393 0
      vertex 132.889 126.324 0
      vertex 131.063 123.295 0
    endloop
  endfacet
  facet normal -0 0 -1
    outer loop
      vertex 132.889 126.324 0
      vertex 130.931 123.393 0
      vertex 132.451 126.586 0
    endloop
  endfacet
  facet normal 0 0 -1
    outer loop
      vertex 130.79 123.477 0
      vertex 132.451 126.586 0
      vertex 130.931 123.393 0
    endloop
  endfacet
  facet normal -0 0 -1
    outer loop
      vertex 132.451 126.586 0
      vertex 130.79 123.477 0
      vertex 131.99 126.804 0
    endloop
  endfacet
  facet normal 0 0 -1
    outer loop
      vertex 130.641 123.548 0
      vertex 131.99 126.804 0
      vertex 130.79 123.477 0
    endloop
  endfacet
  facet normal -0 0 -1
    outer loop
      vertex 131.99 126.804 0
      vertex 130.641 123.548 0
      vertex 131.509 126.976 0
    endloop
  endfacet
  facet normal 0 0 -1
    outer loop
      vertex 130.486 123.603 0
      vertex 131.509 126.976 0
      vertex 130.641 123.548 0
    endloop
  endfacet
  facet normal -0 0 -1
    outer loop
      vertex 131.509 126.976 0
      vertex 130.486 123.603 0
      vertex 131.014 127.1 0
    endloop
  endfacet
  facet normal 0 0 -1
    outer loop
      vertex 130.327 123.643 0
      vertex 131.014 127.1 0
      vertex 130.486 123.603 0
    endloop
  endfacet
  facet normal -0 0 -1
    outer loop
      vertex 131.014 127.1 0
      vertex 130.327 123.643 0
      vertex 130.51 127.175 0
    endloop
  endfacet
  facet normal 0 0 -1
    outer loop
      vertex 130.164 123.667 0
      vertex 130.51 127.175 0
      vertex 130.327 123.643 0
    endloop
  endfacet
  facet normal 0 0 -1
    outer loop
      vertex 130 123.675 0
      vertex 130.51 127.175 0
      vertex 130.164 123.667 0
    endloop
  endfacet
  facet normal 0 0 -1
    outer loop
      vertex 130 123.675 0
      vertex 130 127.2 0
      vertex 130.51 127.175 0
    endloop
  endfacet
  facet normal 0 0 -1
    outer loop
      vertex 130 123.675 0
      vertex 129.99 127.2 0
      vertex 130 127.2 0
    endloop
  endfacet
  facet normal 0 0 -1
    outer loop
      vertex 129.836 123.667 0
      vertex 129.99 127.2 0
      vertex 130 123.675 0
    endloop
  endfacet
  facet normal 0 0 -1
    outer loop
      vertex 129.673 123.643 0
      vertex 129.99 127.2 0
      vertex 129.836 123.667 0
    endloop
  endfacet
  facet normal 0 0 -1
    outer loop
      vertex 129.514 123.603 0
      vertex 129.99 127.2 0
      vertex 129.673 123.643 0
    endloop
  endfacet
  facet normal 0 0 -1
    outer loop
      vertex 129.359 123.548 0
      vertex 129.99 127.2 0
      vertex 129.514 123.603 0
    endloop
  endfacet
  facet normal 0 0 -1
    outer loop
      vertex 129.21 123.477 0
      vertex 129.99 127.2 0
      vertex 129.359 123.548 0
    endloop
  endfacet
  facet normal 0 0 -1
    outer loop
      vertex 129.069 123.393 0
      vertex 129.99 127.2 0
      vertex 129.21 123.477 0
    endloop
  endfacet
  facet normal 0 0 -1
    outer loop
      vertex 128.937 123.295 0
      vertex 129.99 127.2 0
      vertex 129.069 123.393 0
    endloop
  endfacet
  facet normal 0 0 -1
    outer loop
      vertex 128.816 123.184 0
      vertex 129.99 127.2 0
      vertex 128.937 123.295 0
    endloop
  endfacet
  facet normal 0 0 -1
    outer loop
      vertex 128.705 123.063 0
      vertex 129.99 127.2 0
      vertex 128.816 123.184 0
    endloop
  endfacet
  facet normal 0 0 -1
    outer loop
      vertex 125.2 131.99 0
      vertex 129.99 127.2 0
      vertex 128.705 123.063 0
    endloop
  endfacet
  facet normal -0 -0 -1
    outer loop
      vertex 129.904 127.975 0
      vertex 129.99 127.2 0
      vertex 125.2 131.99 0
    endloop
  endfacet
  facet normal 0 0 -1
    outer loop
      vertex 129.99 127.2 0
      vertex 129.904 127.975 0
      vertex 129.976 127.49 0
    endloop
  endfacet
  facet normal 0 0 -1
    outer loop
      vertex 129.904 127.975 0
      vertex 125.2 131.99 0
      vertex 129.785 128.451 0
    endloop
  endfacet
  facet normal 0 0 -1
    outer loop
      vertex 129.785 128.451 0
      vertex 125.2 131.99 0
      vertex 129.619 128.913 0
    endloop
  endfacet
  facet normal 0 0 -1
    outer loop
      vertex 129.619 128.913 0
      vertex 125.2 131.99 0
      vertex 129.41 129.357 0
    endloop
  endfacet
  facet normal 0 0 -1
    outer loop
      vertex 129.41 129.357 0
      vertex 125.2 131.99 0
      vertex 129.157 129.778 0
    endloop
  endfacet
  facet normal 0 0 -1
    outer loop
      vertex 125.2 131.99 0
      vertex 128.705 123.063 0
      vertex 128.607 122.931 0
    endloop
  endfacet
  facet normal 0 0 -1
    outer loop
      vertex 129.157 129.778 0
      vertex 125.2 131.99 0
      vertex 128.865 130.172 0
    endloop
  endfacet
  facet normal 0 0 -1
    outer loop
      vertex 125.2 131.99 0
      vertex 128.607 122.931 0
      vertex 128.523 122.79 0
    endloop
  endfacet
  facet normal 0 0 -1
    outer loop
      vertex 125.2 131.99 0
      vertex 128.523 122.79 0
      vertex 128.452 122.641 0
    endloop
  endfacet
  facet normal 0 0 -1
    outer loop
      vertex 125.2 131.99 0
      vertex 128.452 122.641 0
      vertex 128.397 122.486 0
    endloop
  endfacet
  facet normal 0 0 -1
    outer loop
      vertex 125.2 131.99 0
      vertex 128.397 122.486 0
      vertex 128.357 122.327 0
    endloop
  endfacet
  facet normal 0 0 -1
    outer loop
      vertex 125.2 131.99 0
      vertex 128.357 122.327 0
      vertex 128.333 122.164 0
    endloop
  endfacet
  facet normal 0 0 -1
    outer loop
      vertex 125.2 131.99 0
      vertex 128.333 122.164 0
      vertex 128.325 122 0
    endloop
  endfacet
  facet normal 0 0 -1
    outer loop
      vertex 128.865 130.172 0
      vertex 125.2 131.99 0
      vertex 128.536 130.536 0
    endloop
  endfacet
  facet normal -0 0 -1
    outer loop
      vertex 128.325 10 0
      vertex 125.2 0.0097964 0
      vertex 128.325 122 0
    endloop
  endfacet
  facet normal 0 0 -1
    outer loop
      vertex 125.2 0.0097964 0
      vertex 128.172 1.13493 0
      vertex 127.778 0.842651 0
    endloop
  endfacet
  facet normal 0 0 -1
    outer loop
      vertex 125.2 131.99 0
      vertex 128.325 122 0
      vertex 125.2 0.0097964 0
    endloop
  endfacet
  facet normal 0 0 -1
    outer loop
      vertex 125.2 0.0097964 0
      vertex 127.778 0.842651 0
      vertex 127.357 0.590393 0
    endloop
  endfacet
  facet normal 0 0 -1
    outer loop
      vertex 128.536 130.536 0
      vertex 125.2 131.99 0
      vertex 128.172 130.865 0
    endloop
  endfacet
  facet normal 0 0 -1
    outer loop
      vertex 125.2 0.0097964 0
      vertex 127.357 0.590393 0
      vertex 126.913 0.3806 0
    endloop
  endfacet
  facet normal 0 0 -1
    outer loop
      vertex 128.172 130.865 0
      vertex 125.2 131.99 0
      vertex 127.778 131.157 0
    endloop
  endfacet
  facet normal 0 0 -1
    outer loop
      vertex 125.2 0.0097964 0
      vertex 126.913 0.3806 0
      vertex 126.451 0.215286 0
    endloop
  endfacet
  facet normal 0 0 -1
    outer loop
      vertex 127.778 131.157 0
      vertex 125.2 131.99 0
      vertex 127.357 131.41 0
    endloop
  endfacet
  facet normal 0 0 -1
    outer loop
      vertex 125.2 0.0097964 0
      vertex 126.451 0.215286 0
      vertex 125.975 0.0960693 0
    endloop
  endfacet
  facet normal 0 0 -1
    outer loop
      vertex 127.357 131.41 0
      vertex 125.2 131.99 0
      vertex 126.913 131.619 0
    endloop
  endfacet
  facet normal 0 0 -1
    outer loop
      vertex 125.2 0.0097964 0
      vertex 125.975 0.0960693 0
      vertex 125.49 0.0240631 0
    endloop
  endfacet
  facet normal 0 0 -1
    outer loop
      vertex 126.913 131.619 0
      vertex 125.2 131.99 0
      vertex 126.451 131.785 0
    endloop
  endfacet
  facet normal 0 0 -1
    outer loop
      vertex 126.451 131.785 0
      vertex 125.2 131.99 0
      vertex 125.975 131.904 0
    endloop
  endfacet
  facet normal 0 0 -1
    outer loop
      vertex 125.975 131.904 0
      vertex 125.2 131.99 0
      vertex 125.49 131.976 0
    endloop
  endfacet
  facet normal -0.242992 -0.970028 0
    outer loop
      vertex -1.50948 117.024 0
      vertex -1.01447 116.9 4.2
      vertex -1.50948 117.024 4.2
    endloop
  endfacet
  facet normal -0.242992 -0.970028 -0
    outer loop
      vertex -1.01447 116.9 4.2
      vertex -1.50948 117.024 0
      vertex -1.01447 116.9 0
    endloop
  endfacet
  facet normal -0.513602 0.858029 0
    outer loop
      vertex -2.45126 126.586 0
      vertex -2.88896 126.324 4.2
      vertex -2.45126 126.586 4.2
    endloop
  endfacet
  facet normal -0.513602 0.858029 0
    outer loop
      vertex -2.88896 126.324 4.2
      vertex -2.45126 126.586 0
      vertex -2.88896 126.324 0
    endloop
  endfacet
  facet normal -0.857882 -0.513848 0
    outer loop
      vertex -4.32364 119.111 0
      vertex -4.58599 119.549 4.2
      vertex -4.58599 119.549 0
    endloop
  endfacet
  facet normal -0.857882 -0.513848 0
    outer loop
      vertex -4.58599 119.549 4.2
      vertex -4.32364 119.111 0
      vertex -4.32364 119.111 4.2
    endloop
  endfacet
  facet normal -0.595715 0.803196 0
    outer loop
      vertex -2.88896 126.324 0
      vertex -3.29884 126.02 4.2
      vertex -2.88896 126.324 4.2
    endloop
  endfacet
  facet normal -0.595715 0.803196 0
    outer loop
      vertex -3.29884 126.02 4.2
      vertex -2.88896 126.324 0
      vertex -3.29884 126.02 0
    endloop
  endfacet
  facet normal -0.803289 -0.59559 0
    outer loop
      vertex -4.01965 118.701 0
      vertex -4.32364 119.111 4.2
      vertex -4.32364 119.111 0
    endloop
  endfacet
  facet normal -0.803289 -0.59559 0
    outer loop
      vertex -4.32364 119.111 4.2
      vertex -4.01965 118.701 0
      vertex -4.01965 118.701 4.2
    endloop
  endfacet
  facet normal -0.671873 0.740666 0
    outer loop
      vertex -3.29884 126.02 0
      vertex -3.67696 125.677 4.2
      vertex -3.29884 126.02 4.2
    endloop
  endfacet
  facet normal -0.671873 0.740666 0
    outer loop
      vertex -3.67696 125.677 4.2
      vertex -3.29884 126.02 0
      vertex -3.67696 125.677 0
    endloop
  endfacet
  facet normal -0.740863 -0.671657 0
    outer loop
      vertex -3.67696 118.323 0
      vertex -4.01965 118.701 4.2
      vertex -4.01965 118.701 0
    endloop
  endfacet
  facet normal -0.740863 -0.671657 0
    outer loop
      vertex -4.01965 118.701 4.2
      vertex -3.67696 118.323 0
      vertex -3.67696 118.323 4.2
    endloop
  endfacet
  facet normal -0.0489907 -0.998799 0
    outer loop
      vertex -0.509688 116.825 0
      vertex 0 116.8 4.2
      vertex -0.509688 116.825 4.2
    endloop
  endfacet
  facet normal -0.0489907 -0.998799 -0
    outer loop
      vertex 0 116.8 4.2
      vertex -0.509688 116.825 0
      vertex 0 116.8 0
    endloop
  endfacet
  facet normal -0.740863 0.671657 0
    outer loop
      vertex -4.01965 125.299 0
      vertex -3.67696 125.677 4.2
      vertex -3.67696 125.677 0
    endloop
  endfacet
  facet normal -0.740863 0.671657 0
    outer loop
      vertex -3.67696 125.677 4.2
      vertex -4.01965 125.299 0
      vertex -4.01965 125.299 4.2
    endloop
  endfacet
  facet normal -0.970032 -0.242978 0
    outer loop
      vertex -4.97609 120.491 0
      vertex -5.10008 120.986 4.2
      vertex -5.10008 120.986 0
    endloop
  endfacet
  facet normal -0.970032 -0.242978 0
    outer loop
      vertex -5.10008 120.986 4.2
      vertex -4.97609 120.491 0
      vertex -4.97609 120.491 4.2
    endloop
  endfacet
  facet normal -0.427261 0.904128 0
    outer loop
      vertex -1.98995 126.804 0
      vertex -2.45126 126.586 4.2
      vertex -1.98995 126.804 4.2
    endloop
  endfacet
  facet normal -0.427261 0.904128 0
    outer loop
      vertex -2.45126 126.586 4.2
      vertex -1.98995 126.804 0
      vertex -2.45126 126.586 0
    endloop
  endfacet
  facet normal -0.595715 -0.803196 0
    outer loop
      vertex -3.29884 117.98 0
      vertex -2.88896 117.676 4.2
      vertex -3.29884 117.98 4.2
    endloop
  endfacet
  facet normal -0.595715 -0.803196 -0
    outer loop
      vertex -2.88896 117.676 4.2
      vertex -3.29884 117.98 0
      vertex -2.88896 117.676 0
    endloop
  endfacet
  facet normal -0.0489907 0.998799 0
    outer loop
      vertex 0 127.2 0
      vertex -0.509688 127.175 4.2
      vertex 0 127.2 4.2
    endloop
  endfacet
  facet normal -0.0489907 0.998799 0
    outer loop
      vertex -0.509688 127.175 4.2
      vertex 0 127.2 0
      vertex -0.509688 127.175 0
    endloop
  endfacet
  facet normal -0.803289 0.59559 0
    outer loop
      vertex -4.32364 124.889 0
      vertex -4.01965 125.299 4.2
      vertex -4.01965 125.299 0
    endloop
  endfacet
  facet normal -0.803289 0.59559 0
    outer loop
      vertex -4.01965 125.299 4.2
      vertex -4.32364 124.889 0
      vertex -4.32364 124.889 4.2
    endloop
  endfacet
  facet normal -0.989143 -0.146958 0
    outer loop
      vertex -5.10008 120.986 0
      vertex -5.17496 121.49 4.2
      vertex -5.17496 121.49 0
    endloop
  endfacet
  facet normal -0.989143 -0.146958 0
    outer loop
      vertex -5.17496 121.49 4.2
      vertex -5.10008 120.986 0
      vertex -5.10008 120.986 4.2
    endloop
  endfacet
  facet normal 0 1 -0
    outer loop
      vertex 0.0097964 127.2 0
      vertex 0 127.2 4.2
      vertex 0.0097964 127.2 4.2
    endloop
  endfacet
  facet normal 0 1 0
    outer loop
      vertex 0 127.2 4.2
      vertex 0.0097964 127.2 0
      vertex 0 127.2 0
    endloop
  endfacet
  facet normal -0.941659 -0.33657 0
    outer loop
      vertex -4.80417 120.01 0
      vertex -4.97609 120.491 4.2
      vertex -4.97609 120.491 0
    endloop
  endfacet
  facet normal -0.941659 -0.33657 0
    outer loop
      vertex -4.97609 120.491 4.2
      vertex -4.80417 120.01 0
      vertex -4.80417 120.01 4.2
    endloop
  endfacet
  facet normal -0.337038 -0.941491 0
    outer loop
      vertex -1.98995 117.196 0
      vertex -1.50948 117.024 4.2
      vertex -1.98995 117.196 4.2
    endloop
  endfacet
  facet normal -0.337038 -0.941491 -0
    outer loop
      vertex -1.50948 117.024 4.2
      vertex -1.98995 117.196 0
      vertex -1.50948 117.024 0
    endloop
  endfacet
  facet normal -0.427261 -0.904128 0
    outer loop
      vertex -2.45126 117.414 0
      vertex -1.98995 117.196 4.2
      vertex -2.45126 117.414 4.2
    endloop
  endfacet
  facet normal -0.427261 -0.904128 -0
    outer loop
      vertex -1.98995 117.196 4.2
      vertex -2.45126 117.414 0
      vertex -1.98995 117.196 0
    endloop
  endfacet
  facet normal -0.671873 -0.740666 0
    outer loop
      vertex -3.67696 118.323 0
      vertex -3.29884 117.98 4.2
      vertex -3.67696 118.323 4.2
    endloop
  endfacet
  facet normal -0.671873 -0.740666 -0
    outer loop
      vertex -3.29884 117.98 4.2
      vertex -3.67696 118.323 0
      vertex -3.29884 117.98 0
    endloop
  endfacet
  facet normal -0.903881 0.427785 0
    outer loop
      vertex -4.80417 123.99 0
      vertex -4.58599 124.451 4.2
      vertex -4.58599 124.451 0
    endloop
  endfacet
  facet normal -0.903881 0.427785 0
    outer loop
      vertex -4.58599 124.451 4.2
      vertex -4.80417 123.99 0
      vertex -4.80417 123.99 4.2
    endloop
  endfacet
  facet normal -0.242992 0.970028 0
    outer loop
      vertex -1.01447 127.1 0
      vertex -1.50948 126.976 4.2
      vertex -1.01447 127.1 4.2
    endloop
  endfacet
  facet normal -0.242992 0.970028 0
    outer loop
      vertex -1.50948 126.976 4.2
      vertex -1.01447 127.1 0
      vertex -1.50948 126.976 0
    endloop
  endfacet
  facet normal -0.857882 0.513848 0
    outer loop
      vertex -4.58599 124.451 0
      vertex -4.32364 124.889 4.2
      vertex -4.32364 124.889 0
    endloop
  endfacet
  facet normal -0.857882 0.513848 0
    outer loop
      vertex -4.32364 124.889 4.2
      vertex -4.58599 124.451 0
      vertex -4.58599 124.451 4.2
    endloop
  endfacet
  facet normal -0.146966 0.989142 0
    outer loop
      vertex -0.509688 127.175 0
      vertex -1.01447 127.1 4.2
      vertex -0.509688 127.175 4.2
    endloop
  endfacet
  facet normal -0.146966 0.989142 0
    outer loop
      vertex -1.01447 127.1 4.2
      vertex -0.509688 127.175 0
      vertex -1.01447 127.1 0
    endloop
  endfacet
  facet normal -0.337038 0.941491 0
    outer loop
      vertex -1.50948 126.976 0
      vertex -1.98995 126.804 4.2
      vertex -1.50948 126.976 4.2
    endloop
  endfacet
  facet normal -0.337038 0.941491 0
    outer loop
      vertex -1.98995 126.804 4.2
      vertex -1.50948 126.976 0
      vertex -1.98995 126.804 0
    endloop
  endfacet
  facet normal -0.970032 0.242978 0
    outer loop
      vertex -5.10008 123.014 0
      vertex -4.97609 123.509 4.2
      vertex -4.97609 123.509 0
    endloop
  endfacet
  facet normal -0.970032 0.242978 0
    outer loop
      vertex -4.97609 123.509 4.2
      vertex -5.10008 123.014 0
      vertex -5.10008 123.014 4.2
    endloop
  endfacet
  facet normal -0.998797 -0.049039 0
    outer loop
      vertex -5.17496 121.49 0
      vertex -5.2 122 4.2
      vertex -5.2 122 0
    endloop
  endfacet
  facet normal -0.998797 -0.049039 0
    outer loop
      vertex -5.2 122 4.2
      vertex -5.17496 121.49 0
      vertex -5.17496 121.49 4.2
    endloop
  endfacet
  facet normal -0.989143 0.146958 0
    outer loop
      vertex -5.17496 122.51 0
      vertex -5.10008 123.014 4.2
      vertex -5.10008 123.014 0
    endloop
  endfacet
  facet normal -0.989143 0.146958 0
    outer loop
      vertex -5.10008 123.014 4.2
      vertex -5.17496 122.51 0
      vertex -5.17496 122.51 4.2
    endloop
  endfacet
  facet normal -0.903881 -0.427785 0
    outer loop
      vertex -4.58599 119.549 0
      vertex -4.80417 120.01 4.2
      vertex -4.80417 120.01 0
    endloop
  endfacet
  facet normal -0.903881 -0.427785 0
    outer loop
      vertex -4.80417 120.01 4.2
      vertex -4.58599 119.549 0
      vertex -4.58599 119.549 4.2
    endloop
  endfacet
  facet normal -0.513602 -0.858029 0
    outer loop
      vertex -2.88896 117.676 0
      vertex -2.45126 117.414 4.2
      vertex -2.88896 117.676 4.2
    endloop
  endfacet
  facet normal -0.513602 -0.858029 -0
    outer loop
      vertex -2.45126 117.414 4.2
      vertex -2.88896 117.676 0
      vertex -2.45126 117.414 0
    endloop
  endfacet
  facet normal -0.941659 0.33657 0
    outer loop
      vertex -4.97609 123.509 0
      vertex -4.80417 123.99 4.2
      vertex -4.80417 123.99 0
    endloop
  endfacet
  facet normal -0.941659 0.33657 0
    outer loop
      vertex -4.80417 123.99 4.2
      vertex -4.97609 123.509 0
      vertex -4.97609 123.509 4.2
    endloop
  endfacet
  facet normal -0.998797 0.049039 0
    outer loop
      vertex -5.2 122 0
      vertex -5.17496 122.51 4.2
      vertex -5.17496 122.51 0
    endloop
  endfacet
  facet normal -0.998797 0.049039 0
    outer loop
      vertex -5.17496 122.51 4.2
      vertex -5.2 122 0
      vertex -5.2 122 4.2
    endloop
  endfacet
  facet normal -0.146966 -0.989142 0
    outer loop
      vertex -1.01447 116.9 0
      vertex -0.509688 116.825 4.2
      vertex -1.01447 116.9 4.2
    endloop
  endfacet
  facet normal -0.146966 -0.989142 -0
    outer loop
      vertex -0.509688 116.825 4.2
      vertex -1.01447 116.9 0
      vertex -0.509688 116.825 0
    endloop
  endfacet
  facet normal 0.989142 0.146961 0
    outer loop
      vertex 135.175 10.5097 4.2
      vertex 135.1 11.0145 0
      vertex 135.1 11.0145 4.2
    endloop
  endfacet
  facet normal 0.989142 0.146961 0
    outer loop
      vertex 135.1 11.0145 0
      vertex 135.175 10.5097 4.2
      vertex 135.175 10.5097 0
    endloop
  endfacet
  facet normal 0.998799 0.0489896 0
    outer loop
      vertex 135.2 10 4.2
      vertex 135.175 10.5097 0
      vertex 135.175 10.5097 4.2
    endloop
  endfacet
  facet normal 0.998799 0.0489896 0
    outer loop
      vertex 135.175 10.5097 0
      vertex 135.2 10 4.2
      vertex 135.2 10 0
    endloop
  endfacet
  facet normal 0.970027 0.242997 0
    outer loop
      vertex 135.1 11.0145 4.2
      vertex 134.976 11.5095 0
      vertex 134.976 11.5095 4.2
    endloop
  endfacet
  facet normal 0.970027 0.242997 0
    outer loop
      vertex 134.976 11.5095 0
      vertex 135.1 11.0145 4.2
      vertex 135.1 11.0145 0
    endloop
  endfacet
  facet normal 0.998799 -0.0489905 0
    outer loop
      vertex 135.175 9.49031 4.2
      vertex 135.2 10 0
      vertex 135.2 10 4.2
    endloop
  endfacet
  facet normal 0.998799 -0.0489905 0
    outer loop
      vertex 135.2 10 0
      vertex 135.175 9.49031 4.2
      vertex 135.175 9.49031 0
    endloop
  endfacet
  facet normal 0.427785 -0.903881 0
    outer loop
      vertex 131.99 5.19583 0
      vertex 132.451 5.41401 4.2
      vertex 131.99 5.19583 4.2
    endloop
  endfacet
  facet normal 0.427785 -0.903881 0
    outer loop
      vertex 132.451 5.41401 4.2
      vertex 131.99 5.19583 0
      vertex 132.451 5.41401 0
    endloop
  endfacet
  facet normal 0.146997 0.989137 -0
    outer loop
      vertex 131.014 15.1001 0
      vertex 130.51 15.175 4.2
      vertex 131.014 15.1001 4.2
    endloop
  endfacet
  facet normal 0.146997 0.989137 0
    outer loop
      vertex 130.51 15.175 4.2
      vertex 131.014 15.1001 0
      vertex 130.51 15.175 0
    endloop
  endfacet
  facet normal 0.904128 -0.427261 0
    outer loop
      vertex 134.586 7.54874 4.2
      vertex 134.804 8.01005 0
      vertex 134.804 8.01005 4.2
    endloop
  endfacet
  facet normal 0.904128 -0.427261 0
    outer loop
      vertex 134.804 8.01005 0
      vertex 134.586 7.54874 4.2
      vertex 134.586 7.54874 0
    endloop
  endfacet
  facet normal 0.740658 -0.671883 0
    outer loop
      vertex 133.677 6.32304 4.2
      vertex 134.02 6.70115 0
      vertex 134.02 6.70115 4.2
    endloop
  endfacet
  facet normal 0.740658 -0.671883 0
    outer loop
      vertex 134.02 6.70115 0
      vertex 133.677 6.32304 4.2
      vertex 133.677 6.32304 0
    endloop
  endfacet
  facet normal -0.0479448 -0.99885 0
    outer loop
      vertex 129.99 4.80048 0
      vertex 130 4.8 4.2
      vertex 129.99 4.80048 4.2
    endloop
  endfacet
  facet normal -0.0479448 -0.99885 -0
    outer loop
      vertex 130 4.8 4.2
      vertex 129.99 4.80048 0
      vertex 130 4.8 0
    endloop
  endfacet
  facet normal 0.989142 -0.146966 0
    outer loop
      vertex 135.1 8.98553 4.2
      vertex 135.175 9.49031 0
      vertex 135.175 9.49031 4.2
    endloop
  endfacet
  facet normal 0.989142 -0.146966 0
    outer loop
      vertex 135.175 9.49031 0
      vertex 135.1 8.98553 4.2
      vertex 135.1 8.98553 0
    endloop
  endfacet
  facet normal 0.33657 -0.941659 0
    outer loop
      vertex 131.509 5.02391 0
      vertex 131.99 5.19583 4.2
      vertex 131.509 5.02391 4.2
    endloop
  endfacet
  facet normal 0.33657 -0.941659 0
    outer loop
      vertex 131.99 5.19583 4.2
      vertex 131.509 5.02391 0
      vertex 131.99 5.19583 0
    endloop
  endfacet
  facet normal 0.595476 0.803373 -0
    outer loop
      vertex 133.299 14.0197 0
      vertex 132.889 14.3236 4.2
      vertex 133.299 14.0197 4.2
    endloop
  endfacet
  facet normal 0.595476 0.803373 0
    outer loop
      vertex 132.889 14.3236 4.2
      vertex 133.299 14.0197 0
      vertex 132.889 14.3236 0
    endloop
  endfacet
  facet normal 0.242978 -0.970032 0
    outer loop
      vertex 131.014 4.89992 0
      vertex 131.509 5.02391 4.2
      vertex 131.014 4.89992 4.2
    endloop
  endfacet
  facet normal 0.242978 -0.970032 0
    outer loop
      vertex 131.509 5.02391 4.2
      vertex 131.014 4.89992 0
      vertex 131.509 5.02391 0
    endloop
  endfacet
  facet normal 0.671667 -0.740853 0
    outer loop
      vertex 133.299 5.98034 0
      vertex 133.677 6.32304 4.2
      vertex 133.299 5.98034 4.2
    endloop
  endfacet
  facet normal 0.671667 -0.740853 0
    outer loop
      vertex 133.677 6.32304 4.2
      vertex 133.299 5.98034 0
      vertex 133.677 6.32304 0
    endloop
  endfacet
  facet normal 0.80314 0.59579 0
    outer loop
      vertex 134.324 12.889 4.2
      vertex 134.02 13.2988 0
      vertex 134.02 13.2988 4.2
    endloop
  endfacet
  facet normal 0.80314 0.59579 0
    outer loop
      vertex 134.02 13.2988 0
      vertex 134.324 12.889 4.2
      vertex 134.324 12.889 0
    endloop
  endfacet
  facet normal 0.146958 -0.989143 0
    outer loop
      vertex 130.51 4.82504 0
      vertex 131.014 4.89992 4.2
      vertex 130.51 4.82504 4.2
    endloop
  endfacet
  facet normal 0.146958 -0.989143 0
    outer loop
      vertex 131.014 4.89992 4.2
      vertex 130.51 4.82504 0
      vertex 131.014 4.89992 0
    endloop
  endfacet
  facet normal 0.427817 0.903866 -0
    outer loop
      vertex 132.451 14.586 0
      vertex 131.99 14.8042 4.2
      vertex 132.451 14.586 4.2
    endloop
  endfacet
  facet normal 0.427817 0.903866 0
    outer loop
      vertex 131.99 14.8042 4.2
      vertex 132.451 14.586 0
      vertex 131.99 14.8042 0
    endloop
  endfacet
  facet normal 0.803196 -0.595715 0
    outer loop
      vertex 134.02 6.70115 4.2
      vertex 134.324 7.11103 0
      vertex 134.324 7.11103 4.2
    endloop
  endfacet
  facet normal 0.803196 -0.595715 0
    outer loop
      vertex 134.324 7.11103 0
      vertex 134.02 6.70115 4.2
      vertex 134.02 6.70115 0
    endloop
  endfacet
  facet normal 0.336535 0.941671 -0
    outer loop
      vertex 131.99 14.8042 0
      vertex 131.509 14.9761 4.2
      vertex 131.99 14.8042 4.2
    endloop
  endfacet
  facet normal 0.336535 0.941671 0
    outer loop
      vertex 131.509 14.9761 4.2
      vertex 131.99 14.8042 0
      vertex 131.509 14.9761 0
    endloop
  endfacet
  facet normal 0.0489608 0.998801 -0
    outer loop
      vertex 130.51 15.175 0
      vertex 130 15.2 4.2
      vertex 130.51 15.175 4.2
    endloop
  endfacet
  facet normal 0.0489608 0.998801 0
    outer loop
      vertex 130 15.2 4.2
      vertex 130.51 15.175 0
      vertex 130 15.2 0
    endloop
  endfacet
  facet normal 0.595577 -0.803298 0
    outer loop
      vertex 132.889 5.67636 0
      vertex 133.299 5.98034 4.2
      vertex 132.889 5.67636 4.2
    endloop
  endfacet
  facet normal 0.595577 -0.803298 0
    outer loop
      vertex 133.299 5.98034 4.2
      vertex 132.889 5.67636 0
      vertex 133.299 5.98034 0
    endloop
  endfacet
  facet normal 0.858034 -0.513593 0
    outer loop
      vertex 134.324 7.11103 4.2
      vertex 134.586 7.54874 0
      vertex 134.586 7.54874 4.2
    endloop
  endfacet
  facet normal 0.858034 -0.513593 0
    outer loop
      vertex 134.586 7.54874 0
      vertex 134.324 7.11103 4.2
      vertex 134.324 7.11103 0
    endloop
  endfacet
  facet normal 0.941498 0.337019 0
    outer loop
      vertex 134.976 11.5095 4.2
      vertex 134.804 11.99 0
      vertex 134.804 11.99 4.2
    endloop
  endfacet
  facet normal 0.941498 0.337019 0
    outer loop
      vertex 134.804 11.99 0
      vertex 134.976 11.5095 4.2
      vertex 134.976 11.5095 0
    endloop
  endfacet
  facet normal 0.51392 0.857838 -0
    outer loop
      vertex 132.889 14.3236 0
      vertex 132.451 14.586 4.2
      vertex 132.889 14.3236 4.2
    endloop
  endfacet
  facet normal 0.51392 0.857838 0
    outer loop
      vertex 132.451 14.586 4.2
      vertex 132.889 14.3236 0
      vertex 132.451 14.586 0
    endloop
  endfacet
  facet normal 0.970028 -0.242992 0
    outer loop
      vertex 134.976 8.49052 4.2
      vertex 135.1 8.98553 0
      vertex 135.1 8.98553 4.2
    endloop
  endfacet
  facet normal 0.970028 -0.242992 0
    outer loop
      vertex 135.1 8.98553 0
      vertex 134.976 8.49052 4.2
      vertex 134.976 8.49052 0
    endloop
  endfacet
  facet normal 0.904125 0.427269 0
    outer loop
      vertex 134.804 11.99 4.2
      vertex 134.586 12.4513 0
      vertex 134.586 12.4513 4.2
    endloop
  endfacet
  facet normal 0.904125 0.427269 0
    outer loop
      vertex 134.586 12.4513 0
      vertex 134.804 11.99 4.2
      vertex 134.804 11.99 0
    endloop
  endfacet
  facet normal 0.941491 -0.337038 0
    outer loop
      vertex 134.804 8.01005 4.2
      vertex 134.976 8.49052 0
      vertex 134.976 8.49052 4.2
    endloop
  endfacet
  facet normal 0.941491 -0.337038 0
    outer loop
      vertex 134.976 8.49052 0
      vertex 134.804 8.01005 4.2
      vertex 134.804 8.01005 0
    endloop
  endfacet
  facet normal 0.858029 0.513602 0
    outer loop
      vertex 134.586 12.4513 4.2
      vertex 134.324 12.889 0
      vertex 134.324 12.889 4.2
    endloop
  endfacet
  facet normal 0.858029 0.513602 0
    outer loop
      vertex 134.324 12.889 0
      vertex 134.586 12.4513 4.2
      vertex 134.586 12.4513 0
    endloop
  endfacet
  facet normal 0.242997 0.970027 -0
    outer loop
      vertex 131.509 14.9761 0
      vertex 131.014 15.1001 4.2
      vertex 131.509 14.9761 4.2
    endloop
  endfacet
  facet normal 0.242997 0.970027 0
    outer loop
      vertex 131.014 15.1001 4.2
      vertex 131.509 14.9761 0
      vertex 131.014 15.1001 0
    endloop
  endfacet
  facet normal 0.513848 -0.857882 0
    outer loop
      vertex 132.451 5.41401 0
      vertex 132.889 5.67636 4.2
      vertex 132.451 5.41401 4.2
    endloop
  endfacet
  facet normal 0.513848 -0.857882 0
    outer loop
      vertex 132.889 5.67636 4.2
      vertex 132.451 5.41401 0
      vertex 132.889 5.67636 0
    endloop
  endfacet
  facet normal 0.049039 -0.998797 0
    outer loop
      vertex 130 4.8 0
      vertex 130.51 4.82504 4.2
      vertex 130 4.8 4.2
    endloop
  endfacet
  facet normal 0.049039 -0.998797 0
    outer loop
      vertex 130.51 4.82504 4.2
      vertex 130 4.8 0
      vertex 130.51 4.82504 0
    endloop
  endfacet
  facet normal 0.671667 0.740853 -0
    outer loop
      vertex 133.677 13.677 0
      vertex 133.299 14.0197 4.2
      vertex 133.677 13.677 4.2
    endloop
  endfacet
  facet normal 0.671667 0.740853 0
    outer loop
      vertex 133.299 14.0197 4.2
      vertex 133.677 13.677 0
      vertex 133.299 14.0197 0
    endloop
  endfacet
  facet normal 0.740737 0.671795 0
    outer loop
      vertex 134.02 13.2988 4.2
      vertex 133.677 13.677 0
      vertex 133.677 13.677 4.2
    endloop
  endfacet
  facet normal 0.740737 0.671795 0
    outer loop
      vertex 133.677 13.677 0
      vertex 134.02 13.2988 4.2
      vertex 134.02 13.2988 0
    endloop
  endfacet
  facet normal 0.989108 0.147189 0
    outer loop
      vertex 135.175 122.51 4.2
      vertex 135.1 123.014 0
      vertex 135.1 123.014 4.2
    endloop
  endfacet
  facet normal 0.989108 0.147189 0
    outer loop
      vertex 135.1 123.014 0
      vertex 135.175 122.51 4.2
      vertex 135.175 122.51 0
    endloop
  endfacet
  facet normal 0.998801 0.0489608 0
    outer loop
      vertex 135.2 122 4.2
      vertex 135.175 122.51 0
      vertex 135.175 122.51 4.2
    endloop
  endfacet
  facet normal 0.998801 0.0489608 0
    outer loop
      vertex 135.175 122.51 0
      vertex 135.2 122 4.2
      vertex 135.2 122 0
    endloop
  endfacet
  facet normal 0.970027 0.242997 0
    outer loop
      vertex 135.1 123.014 4.2
      vertex 134.976 123.509 0
      vertex 134.976 123.509 4.2
    endloop
  endfacet
  facet normal 0.970027 0.242997 0
    outer loop
      vertex 134.976 123.509 0
      vertex 135.1 123.014 4.2
      vertex 135.1 123.014 0
    endloop
  endfacet
  facet normal 0.998801 -0.0489608 0
    outer loop
      vertex 135.175 121.49 4.2
      vertex 135.2 122 0
      vertex 135.2 122 4.2
    endloop
  endfacet
  facet normal 0.998801 -0.0489608 0
    outer loop
      vertex 135.2 122 0
      vertex 135.175 121.49 4.2
      vertex 135.175 121.49 0
    endloop
  endfacet
  facet normal 0.427496 -0.904017 0
    outer loop
      vertex 131.99 117.196 0
      vertex 132.451 117.414 4.2
      vertex 131.99 117.196 4.2
    endloop
  endfacet
  facet normal 0.427496 -0.904017 0
    outer loop
      vertex 132.451 117.414 4.2
      vertex 131.99 117.196 0
      vertex 132.451 117.414 0
    endloop
  endfacet
  facet normal 0.147189 0.989108 -0
    outer loop
      vertex 131.014 127.1 0
      vertex 130.51 127.175 4.2
      vertex 131.014 127.1 4.2
    endloop
  endfacet
  facet normal 0.147189 0.989108 0
    outer loop
      vertex 130.51 127.175 4.2
      vertex 131.014 127.1 0
      vertex 130.51 127.175 0
    endloop
  endfacet
  facet normal 0.941609 -0.336708 0
    outer loop
      vertex 134.804 120.01 4.2
      vertex 134.976 120.491 0
      vertex 134.976 120.491 4.2
    endloop
  endfacet
  facet normal 0.941609 -0.336708 0
    outer loop
      vertex 134.976 120.491 0
      vertex 134.804 120.01 4.2
      vertex 134.804 120.01 0
    endloop
  endfacet
  facet normal 0.904017 -0.427496 0
    outer loop
      vertex 134.586 119.549 4.2
      vertex 134.804 120.01 0
      vertex 134.804 120.01 4.2
    endloop
  endfacet
  facet normal 0.904017 -0.427496 0
    outer loop
      vertex 134.804 120.01 0
      vertex 134.586 119.549 4.2
      vertex 134.586 119.549 0
    endloop
  endfacet
  facet normal 0.74056 -0.67199 0
    outer loop
      vertex 133.677 118.323 4.2
      vertex 134.02 118.701 0
      vertex 134.02 118.701 4.2
    endloop
  endfacet
  facet normal 0.74056 -0.67199 0
    outer loop
      vertex 134.02 118.701 0
      vertex 133.677 118.323 4.2
      vertex 133.677 118.323 0
    endloop
  endfacet
  facet normal 0.989108 -0.147189 0
    outer loop
      vertex 135.1 120.986 4.2
      vertex 135.175 121.49 0
      vertex 135.175 121.49 4.2
    endloop
  endfacet
  facet normal 0.989108 -0.147189 0
    outer loop
      vertex 135.175 121.49 0
      vertex 135.1 120.986 4.2
      vertex 135.1 120.986 0
    endloop
  endfacet
  facet normal 0.336708 -0.941609 0
    outer loop
      vertex 131.509 117.024 0
      vertex 131.99 117.196 4.2
      vertex 131.509 117.024 4.2
    endloop
  endfacet
  facet normal 0.336708 -0.941609 0
    outer loop
      vertex 131.99 117.196 4.2
      vertex 131.509 117.024 0
      vertex 131.99 117.196 0
    endloop
  endfacet
  facet normal 0.595602 0.803279 -0
    outer loop
      vertex 133.299 126.02 0
      vertex 132.889 126.324 4.2
      vertex 133.299 126.02 4.2
    endloop
  endfacet
  facet normal 0.595602 0.803279 0
    outer loop
      vertex 132.889 126.324 4.2
      vertex 133.299 126.02 0
      vertex 132.889 126.324 0
    endloop
  endfacet
  facet normal 0.242997 -0.970027 0
    outer loop
      vertex 131.014 116.9 0
      vertex 131.509 117.024 4.2
      vertex 131.014 116.9 4.2
    endloop
  endfacet
  facet normal 0.242997 -0.970027 0
    outer loop
      vertex 131.509 117.024 4.2
      vertex 131.014 116.9 0
      vertex 131.509 117.024 0
    endloop
  endfacet
  facet normal 0.67199 -0.74056 0
    outer loop
      vertex 133.299 117.98 0
      vertex 133.677 118.323 4.2
      vertex 133.299 117.98 4.2
    endloop
  endfacet
  facet normal 0.67199 -0.74056 0
    outer loop
      vertex 133.677 118.323 4.2
      vertex 133.299 117.98 0
      vertex 133.677 118.323 0
    endloop
  endfacet
  facet normal 0.803279 0.595602 0
    outer loop
      vertex 134.324 124.889 4.2
      vertex 134.02 125.299 0
      vertex 134.02 125.299 4.2
    endloop
  endfacet
  facet normal 0.803279 0.595602 0
    outer loop
      vertex 134.02 125.299 0
      vertex 134.324 124.889 4.2
      vertex 134.324 124.889 0
    endloop
  endfacet
  facet normal 0.147189 -0.989108 0
    outer loop
      vertex 130.51 116.825 0
      vertex 131.014 116.9 4.2
      vertex 130.51 116.825 4.2
    endloop
  endfacet
  facet normal 0.147189 -0.989108 0
    outer loop
      vertex 131.014 116.9 4.2
      vertex 130.51 116.825 0
      vertex 131.014 116.9 0
    endloop
  endfacet
  facet normal 0.427496 0.904017 -0
    outer loop
      vertex 132.451 126.586 0
      vertex 131.99 126.804 4.2
      vertex 132.451 126.586 4.2
    endloop
  endfacet
  facet normal 0.427496 0.904017 0
    outer loop
      vertex 131.99 126.804 4.2
      vertex 132.451 126.586 0
      vertex 131.99 126.804 0
    endloop
  endfacet
  facet normal 0 1 -0
    outer loop
      vertex 130 127.2 0
      vertex 129.99 127.2 4.2
      vertex 130 127.2 4.2
    endloop
  endfacet
  facet normal 0 1 0
    outer loop
      vertex 129.99 127.2 4.2
      vertex 130 127.2 0
      vertex 129.99 127.2 0
    endloop
  endfacet
  facet normal 0.803279 -0.595602 0
    outer loop
      vertex 134.02 118.701 4.2
      vertex 134.324 119.111 0
      vertex 134.324 119.111 4.2
    endloop
  endfacet
  facet normal 0.803279 -0.595602 0
    outer loop
      vertex 134.324 119.111 0
      vertex 134.02 118.701 4.2
      vertex 134.02 118.701 0
    endloop
  endfacet
  facet normal 0.336708 0.941609 -0
    outer loop
      vertex 131.99 126.804 0
      vertex 131.509 126.976 4.2
      vertex 131.99 126.804 4.2
    endloop
  endfacet
  facet normal 0.336708 0.941609 0
    outer loop
      vertex 131.509 126.976 4.2
      vertex 131.99 126.804 0
      vertex 131.509 126.976 0
    endloop
  endfacet
  facet normal 0.0489608 0.998801 -0
    outer loop
      vertex 130.51 127.175 0
      vertex 130 127.2 4.2
      vertex 130.51 127.175 4.2
    endloop
  endfacet
  facet normal 0.0489608 0.998801 0
    outer loop
      vertex 130 127.2 4.2
      vertex 130.51 127.175 0
      vertex 130 127.2 0
    endloop
  endfacet
  facet normal 0.595602 -0.803279 0
    outer loop
      vertex 132.889 117.676 0
      vertex 133.299 117.98 4.2
      vertex 132.889 117.676 4.2
    endloop
  endfacet
  facet normal 0.595602 -0.803279 0
    outer loop
      vertex 133.299 117.98 4.2
      vertex 132.889 117.676 0
      vertex 133.299 117.98 0
    endloop
  endfacet
  facet normal 0.858184 -0.513343 0
    outer loop
      vertex 134.324 119.111 4.2
      vertex 134.586 119.549 0
      vertex 134.586 119.549 4.2
    endloop
  endfacet
  facet normal 0.858184 -0.513343 0
    outer loop
      vertex 134.586 119.549 0
      vertex 134.324 119.111 4.2
      vertex 134.324 119.111 0
    endloop
  endfacet
  facet normal 0.941609 0.336708 0
    outer loop
      vertex 134.976 123.509 4.2
      vertex 134.804 123.99 0
      vertex 134.804 123.99 4.2
    endloop
  endfacet
  facet normal 0.941609 0.336708 0
    outer loop
      vertex 134.804 123.99 0
      vertex 134.976 123.509 4.2
      vertex 134.976 123.509 0
    endloop
  endfacet
  facet normal 0.513343 0.858184 -0
    outer loop
      vertex 132.889 126.324 0
      vertex 132.451 126.586 4.2
      vertex 132.889 126.324 4.2
    endloop
  endfacet
  facet normal 0.513343 0.858184 0
    outer loop
      vertex 132.451 126.586 4.2
      vertex 132.889 126.324 0
      vertex 132.451 126.586 0
    endloop
  endfacet
  facet normal 0.970027 -0.242997 0
    outer loop
      vertex 134.976 120.491 4.2
      vertex 135.1 120.986 0
      vertex 135.1 120.986 4.2
    endloop
  endfacet
  facet normal 0.970027 -0.242997 0
    outer loop
      vertex 135.1 120.986 0
      vertex 134.976 120.491 4.2
      vertex 134.976 120.491 0
    endloop
  endfacet
  facet normal 0.904017 0.427496 0
    outer loop
      vertex 134.804 123.99 4.2
      vertex 134.586 124.451 0
      vertex 134.586 124.451 4.2
    endloop
  endfacet
  facet normal 0.904017 0.427496 0
    outer loop
      vertex 134.586 124.451 0
      vertex 134.804 123.99 4.2
      vertex 134.804 123.99 0
    endloop
  endfacet
  facet normal 0.858184 0.513343 0
    outer loop
      vertex 134.586 124.451 4.2
      vertex 134.324 124.889 0
      vertex 134.324 124.889 4.2
    endloop
  endfacet
  facet normal 0.858184 0.513343 0
    outer loop
      vertex 134.324 124.889 0
      vertex 134.586 124.451 4.2
      vertex 134.586 124.451 0
    endloop
  endfacet
  facet normal 0.242997 0.970027 -0
    outer loop
      vertex 131.509 126.976 0
      vertex 131.014 127.1 4.2
      vertex 131.509 126.976 4.2
    endloop
  endfacet
  facet normal 0.242997 0.970027 0
    outer loop
      vertex 131.014 127.1 4.2
      vertex 131.509 126.976 0
      vertex 131.014 127.1 0
    endloop
  endfacet
  facet normal 0.513343 -0.858184 0
    outer loop
      vertex 132.451 117.414 0
      vertex 132.889 117.676 4.2
      vertex 132.451 117.414 4.2
    endloop
  endfacet
  facet normal 0.513343 -0.858184 0
    outer loop
      vertex 132.889 117.676 4.2
      vertex 132.451 117.414 0
      vertex 132.889 117.676 0
    endloop
  endfacet
  facet normal 0.0489608 -0.998801 0
    outer loop
      vertex 130 116.8 0
      vertex 130.51 116.825 4.2
      vertex 130 116.8 4.2
    endloop
  endfacet
  facet normal 0.0489608 -0.998801 0
    outer loop
      vertex 130.51 116.825 4.2
      vertex 130 116.8 0
      vertex 130.51 116.825 0
    endloop
  endfacet
  facet normal 0.67199 0.74056 -0
    outer loop
      vertex 133.677 125.677 0
      vertex 133.299 126.02 4.2
      vertex 133.677 125.677 4.2
    endloop
  endfacet
  facet normal 0.67199 0.74056 0
    outer loop
      vertex 133.299 126.02 4.2
      vertex 133.677 125.677 0
      vertex 133.299 126.02 0
    endloop
  endfacet
  facet normal 0.74056 0.67199 0
    outer loop
      vertex 134.02 125.299 4.2
      vertex 133.677 125.677 0
      vertex 133.677 125.677 4.2
    endloop
  endfacet
  facet normal 0.74056 0.67199 0
    outer loop
      vertex 133.677 125.677 0
      vertex 134.02 125.299 4.2
      vertex 134.02 125.299 0
    endloop
  endfacet
  facet normal -0.671549 -0.74096 0
    outer loop
      vertex 6.32304 -3.67696 0
      vertex 6.70115 -4.01965 4.2
      vertex 6.32304 -3.67696 4.2
    endloop
  endfacet
  facet normal -0.671549 -0.74096 -0
    outer loop
      vertex 6.70115 -4.01965 4.2
      vertex 6.32304 -3.67696 0
      vertex 6.70115 -4.01965 0
    endloop
  endfacet
  facet normal -0.514098 -0.857731 0
    outer loop
      vertex 7.11103 -4.32364 0
      vertex 7.54874 -4.58599 4.2
      vertex 7.11103 -4.32364 4.2
    endloop
  endfacet
  facet normal -0.514098 -0.857731 -0
    outer loop
      vertex 7.54874 -4.58599 4.2
      vertex 7.11103 -4.32364 0
      vertex 7.54874 -4.58599 0
    endloop
  endfacet
  facet normal -0.146736 -0.989176 0
    outer loop
      vertex 8.98553 -5.10008 0
      vertex 9.49031 -5.17496 4.2
      vertex 8.98553 -5.10008 4.2
    endloop
  endfacet
  facet normal -0.146736 -0.989176 -0
    outer loop
      vertex 9.49031 -5.17496 4.2
      vertex 8.98553 -5.10008 0
      vertex 9.49031 -5.17496 0
    endloop
  endfacet
  facet normal 0.0490678 -0.998795 0
    outer loop
      vertex 10 -5.2 0
      vertex 10.5097 -5.17496 4.2
      vertex 10 -5.2 4.2
    endloop
  endfacet
  facet normal 0.0490678 -0.998795 0
    outer loop
      vertex 10.5097 -5.17496 4.2
      vertex 10 -5.2 0
      vertex 10.5097 -5.17496 0
    endloop
  endfacet
  facet normal 0.98917 -0.146774 0
    outer loop
      vertex 15.1001 -1.01447 4.2
      vertex 15.175 -0.509688 0
      vertex 15.175 -0.509688 4.2
    endloop
  endfacet
  facet normal 0.98917 -0.146774 0
    outer loop
      vertex 15.175 -0.509688 0
      vertex 15.1001 -1.01447 4.2
      vertex 15.1001 -1.01447 0
    endloop
  endfacet
  facet normal -0.857726 -0.514107 0
    outer loop
      vertex 5.67636 -2.88896 0
      vertex 5.41401 -2.45126 4.2
      vertex 5.41401 -2.45126 0
    endloop
  endfacet
  facet normal -0.857726 -0.514107 0
    outer loop
      vertex 5.41401 -2.45126 4.2
      vertex 5.67636 -2.88896 0
      vertex 5.67636 -2.88896 4.2
    endloop
  endfacet
  facet normal 0.941553 -0.336864 0
    outer loop
      vertex 14.8042 -1.98995 4.2
      vertex 14.9761 -1.50948 0
      vertex 14.9761 -1.50948 4.2
    endloop
  endfacet
  facet normal 0.941553 -0.336864 0
    outer loop
      vertex 14.9761 -1.50948 0
      vertex 14.8042 -1.98995 4.2
      vertex 14.8042 -1.98995 0
    endloop
  endfacet
  facet normal -0.970033 -0.242974 0
    outer loop
      vertex 5.02391 -1.50948 0
      vertex 4.89992 -1.01447 4.2
      vertex 4.89992 -1.01447 0
    endloop
  endfacet
  facet normal -0.970033 -0.242974 0
    outer loop
      vertex 4.89992 -1.01447 4.2
      vertex 5.02391 -1.50948 0
      vertex 5.02391 -1.50948 4.2
    endloop
  endfacet
  facet normal -0.941541 -0.336899 0
    outer loop
      vertex 5.19583 -1.98995 0
      vertex 5.02391 -1.50948 4.2
      vertex 5.02391 -1.50948 0
    endloop
  endfacet
  facet normal -0.941541 -0.336899 0
    outer loop
      vertex 5.02391 -1.50948 4.2
      vertex 5.19583 -1.98995 0
      vertex 5.19583 -1.98995 4.2
    endloop
  endfacet
  facet normal 0.970028 -0.242992 0
    outer loop
      vertex 14.9761 -1.50948 4.2
      vertex 15.1001 -1.01447 0
      vertex 15.1001 -1.01447 4.2
    endloop
  endfacet
  facet normal 0.970028 -0.242992 0
    outer loop
      vertex 15.1001 -1.01447 0
      vertex 14.9761 -1.50948 4.2
      vertex 14.9761 -1.50948 0
    endloop
  endfacet
  facet normal -0.998795 -0.0490689 0
    outer loop
      vertex 4.82504 -0.509688 0
      vertex 4.8 0 4.2
      vertex 4.8 0 0
    endloop
  endfacet
  facet normal -0.998795 -0.0490689 0
    outer loop
      vertex 4.8 0 4.2
      vertex 4.82504 -0.509688 0
      vertex 4.82504 -0.509688 4.2
    endloop
  endfacet
  facet normal 0.427557 -0.903988 0
    outer loop
      vertex 11.99 -4.80417 0
      vertex 12.4513 -4.58599 4.2
      vertex 11.99 -4.80417 4.2
    endloop
  endfacet
  facet normal 0.427557 -0.903988 0
    outer loop
      vertex 12.4513 -4.58599 4.2
      vertex 11.99 -4.80417 0
      vertex 12.4513 -4.58599 0
    endloop
  endfacet
  facet normal 0.514107 -0.857726 0
    outer loop
      vertex 12.4513 -4.58599 0
      vertex 12.889 -4.32364 4.2
      vertex 12.4513 -4.58599 4.2
    endloop
  endfacet
  facet normal 0.514107 -0.857726 0
    outer loop
      vertex 12.889 -4.32364 4.2
      vertex 12.4513 -4.58599 0
      vertex 12.889 -4.32364 0
    endloop
  endfacet
  facet normal 0.14673 -0.989177 0
    outer loop
      vertex 10.5097 -5.17496 0
      vertex 11.0145 -5.10008 4.2
      vertex 10.5097 -5.17496 4.2
    endloop
  endfacet
  facet normal 0.14673 -0.989177 0
    outer loop
      vertex 11.0145 -5.10008 4.2
      vertex 10.5097 -5.17496 0
      vertex 11.0145 -5.10008 0
    endloop
  endfacet
  facet normal 0.740959 -0.67155 0
    outer loop
      vertex 13.677 -3.67696 4.2
      vertex 14.0197 -3.29884 0
      vertex 14.0197 -3.29884 4.2
    endloop
  endfacet
  facet normal 0.740959 -0.67155 0
    outer loop
      vertex 14.0197 -3.29884 0
      vertex 13.677 -3.67696 4.2
      vertex 13.677 -3.67696 0
    endloop
  endfacet
  facet normal 0.80329 -0.595588 0
    outer loop
      vertex 14.0197 -3.29884 4.2
      vertex 14.3236 -2.88896 0
      vertex 14.3236 -2.88896 4.2
    endloop
  endfacet
  facet normal 0.80329 -0.595588 0
    outer loop
      vertex 14.3236 -2.88896 0
      vertex 14.0197 -3.29884 4.2
      vertex 14.0197 -3.29884 0
    endloop
  endfacet
  facet normal -0.242974 -0.970033 0
    outer loop
      vertex 8.49052 -4.97609 0
      vertex 8.98553 -5.10008 4.2
      vertex 8.49052 -4.97609 4.2
    endloop
  endfacet
  facet normal -0.242974 -0.970033 -0
    outer loop
      vertex 8.98553 -5.10008 4.2
      vertex 8.49052 -4.97609 0
      vertex 8.98553 -5.10008 0
    endloop
  endfacet
  facet normal -0.803215 -0.59569 0
    outer loop
      vertex 5.98034 -3.29884 0
      vertex 5.67636 -2.88896 4.2
      vertex 5.67636 -2.88896 0
    endloop
  endfacet
  facet normal -0.803215 -0.59569 0
    outer loop
      vertex 5.67636 -2.88896 4.2
      vertex 5.98034 -3.29884 0
      vertex 5.98034 -3.29884 4.2
    endloop
  endfacet
  facet normal -0.903992 -0.42755 0
    outer loop
      vertex 5.41401 -2.45126 0
      vertex 5.19583 -1.98995 4.2
      vertex 5.19583 -1.98995 0
    endloop
  endfacet
  facet normal -0.903992 -0.42755 0
    outer loop
      vertex 5.19583 -1.98995 4.2
      vertex 5.41401 -2.45126 0
      vertex 5.41401 -2.45126 4.2
    endloop
  endfacet
  facet normal -0.42755 -0.903992 0
    outer loop
      vertex 7.54874 -4.58599 0
      vertex 8.01005 -4.80417 4.2
      vertex 7.54874 -4.58599 4.2
    endloop
  endfacet
  facet normal -0.42755 -0.903992 -0
    outer loop
      vertex 8.01005 -4.80417 4.2
      vertex 7.54874 -4.58599 0
      vertex 8.01005 -4.80417 0
    endloop
  endfacet
  facet normal 0.595777 -0.80315 0
    outer loop
      vertex 12.889 -4.32364 0
      vertex 13.2988 -4.01965 4.2
      vertex 12.889 -4.32364 4.2
    endloop
  endfacet
  facet normal 0.595777 -0.80315 0
    outer loop
      vertex 13.2988 -4.01965 4.2
      vertex 12.889 -4.32364 0
      vertex 13.2988 -4.01965 0
    endloop
  endfacet
  facet normal 0.998799 -0.0489907 0
    outer loop
      vertex 15.175 -0.509688 4.2
      vertex 15.2 0 0
      vertex 15.2 0 4.2
    endloop
  endfacet
  facet normal 0.998799 -0.0489907 0
    outer loop
      vertex 15.2 0 0
      vertex 15.175 -0.509688 4.2
      vertex 15.175 -0.509688 0
    endloop
  endfacet
  facet normal -0.989176 -0.146736 0
    outer loop
      vertex 4.89992 -1.01447 0
      vertex 4.82504 -0.509688 4.2
      vertex 4.82504 -0.509688 0
    endloop
  endfacet
  facet normal -0.989176 -0.146736 0
    outer loop
      vertex 4.82504 -0.509688 4.2
      vertex 4.89992 -1.01447 0
      vertex 4.89992 -1.01447 4.2
    endloop
  endfacet
  facet normal 0.33688 -0.941548 0
    outer loop
      vertex 11.5095 -4.97609 0
      vertex 11.99 -4.80417 4.2
      vertex 11.5095 -4.97609 4.2
    endloop
  endfacet
  facet normal 0.33688 -0.941548 0
    outer loop
      vertex 11.99 -4.80417 4.2
      vertex 11.5095 -4.97609 0
      vertex 11.99 -4.80417 0
    endloop
  endfacet
  facet normal 0.242978 -0.970032 0
    outer loop
      vertex 11.0145 -5.10008 0
      vertex 11.5095 -4.97609 4.2
      vertex 11.0145 -5.10008 4.2
    endloop
  endfacet
  facet normal 0.242978 -0.970032 0
    outer loop
      vertex 11.5095 -4.97609 4.2
      vertex 11.0145 -5.10008 0
      vertex 11.5095 -4.97609 0
    endloop
  endfacet
  facet normal -0.740959 -0.67155 0
    outer loop
      vertex 6.32304 -3.67696 0
      vertex 5.98034 -3.29884 4.2
      vertex 5.98034 -3.29884 0
    endloop
  endfacet
  facet normal -0.740959 -0.67155 0
    outer loop
      vertex 5.98034 -3.29884 4.2
      vertex 6.32304 -3.67696 0
      vertex 6.32304 -3.67696 4.2
    endloop
  endfacet
  facet normal -0.595702 -0.803205 0
    outer loop
      vertex 6.70115 -4.01965 0
      vertex 7.11103 -4.32364 4.2
      vertex 6.70115 -4.01965 4.2
    endloop
  endfacet
  facet normal -0.595702 -0.803205 -0
    outer loop
      vertex 7.11103 -4.32364 4.2
      vertex 6.70115 -4.01965 0
      vertex 7.11103 -4.32364 0
    endloop
  endfacet
  facet normal 0.903977 -0.427582 0
    outer loop
      vertex 14.586 -2.45126 4.2
      vertex 14.8042 -1.98995 0
      vertex 14.8042 -1.98995 4.2
    endloop
  endfacet
  facet normal 0.903977 -0.427582 0
    outer loop
      vertex 14.8042 -1.98995 0
      vertex 14.586 -2.45126 4.2
      vertex 14.586 -2.45126 0
    endloop
  endfacet
  facet normal 0.857683 -0.514179 0
    outer loop
      vertex 14.3236 -2.88896 4.2
      vertex 14.586 -2.45126 0
      vertex 14.586 -2.45126 4.2
    endloop
  endfacet
  facet normal 0.857683 -0.514179 0
    outer loop
      vertex 14.586 -2.45126 0
      vertex 14.3236 -2.88896 4.2
      vertex 14.3236 -2.88896 0
    endloop
  endfacet
  facet normal -0.0490687 -0.998795 0
    outer loop
      vertex 9.49031 -5.17496 0
      vertex 10 -5.2 4.2
      vertex 9.49031 -5.17496 4.2
    endloop
  endfacet
  facet normal -0.0490687 -0.998795 -0
    outer loop
      vertex 10 -5.2 4.2
      vertex 9.49031 -5.17496 0
      vertex 10 -5.2 0
    endloop
  endfacet
  facet normal -0.998802 0.0489402 0
    outer loop
      vertex 4.8 0 0
      vertex 4.80048 0.00979614 4.2
      vertex 4.80048 0.00979614 0
    endloop
  endfacet
  facet normal -0.998802 0.0489402 0
    outer loop
      vertex 4.80048 0.00979614 4.2
      vertex 4.8 0 0
      vertex 4.8 0 4.2
    endloop
  endfacet
  facet normal -0.336899 -0.941541 0
    outer loop
      vertex 8.01005 -4.80417 0
      vertex 8.49052 -4.97609 4.2
      vertex 8.01005 -4.80417 4.2
    endloop
  endfacet
  facet normal -0.336899 -0.941541 -0
    outer loop
      vertex 8.49052 -4.97609 4.2
      vertex 8.01005 -4.80417 0
      vertex 8.49052 -4.97609 0
    endloop
  endfacet
  facet normal 0.671462 -0.741039 0
    outer loop
      vertex 13.2988 -4.01965 0
      vertex 13.677 -3.67696 4.2
      vertex 13.2988 -4.01965 4.2
    endloop
  endfacet
  facet normal 0.671462 -0.741039 0
    outer loop
      vertex 13.677 -3.67696 4.2
      vertex 13.2988 -4.01965 0
      vertex 13.677 -3.67696 0
    endloop
  endfacet
  facet normal -0.671657 -0.740863 0
    outer loop
      vertex 116.323 -3.67696 0
      vertex 116.701 -4.01965 4.2
      vertex 116.323 -3.67696 4.2
    endloop
  endfacet
  facet normal -0.671657 -0.740863 -0
    outer loop
      vertex 116.701 -4.01965 4.2
      vertex 116.323 -3.67696 0
      vertex 116.701 -4.01965 0
    endloop
  endfacet
  facet normal 1 -0 0
    outer loop
      vertex 125.2 0 4.2
      vertex 125.2 0.0097964 0
      vertex 125.2 0.0097964 4.2
    endloop
  endfacet
  facet normal 1 0 0
    outer loop
      vertex 125.2 0.0097964 0
      vertex 125.2 0 4.2
      vertex 125.2 0 0
    endloop
  endfacet
  facet normal -0.513848 -0.857882 0
    outer loop
      vertex 117.111 -4.32364 0
      vertex 117.549 -4.58599 4.2
      vertex 117.111 -4.32364 4.2
    endloop
  endfacet
  facet normal -0.513848 -0.857882 -0
    outer loop
      vertex 117.549 -4.58599 4.2
      vertex 117.111 -4.32364 0
      vertex 117.549 -4.58599 0
    endloop
  endfacet
  facet normal -0.146958 -0.989143 0
    outer loop
      vertex 118.986 -5.10008 0
      vertex 119.49 -5.17496 4.2
      vertex 118.986 -5.10008 4.2
    endloop
  endfacet
  facet normal -0.146958 -0.989143 -0
    outer loop
      vertex 119.49 -5.17496 4.2
      vertex 118.986 -5.10008 0
      vertex 119.49 -5.17496 0
    endloop
  endfacet
  facet normal 0.049039 -0.998797 0
    outer loop
      vertex 120 -5.2 0
      vertex 120.51 -5.17496 4.2
      vertex 120 -5.2 4.2
    endloop
  endfacet
  facet normal 0.049039 -0.998797 0
    outer loop
      vertex 120.51 -5.17496 4.2
      vertex 120 -5.2 0
      vertex 120.51 -5.17496 0
    endloop
  endfacet
  facet normal 0.989142 -0.146966 0
    outer loop
      vertex 125.1 -1.01447 4.2
      vertex 125.175 -0.509688 0
      vertex 125.175 -0.509688 4.2
    endloop
  endfacet
  facet normal 0.989142 -0.146966 0
    outer loop
      vertex 125.175 -0.509688 0
      vertex 125.1 -1.01447 4.2
      vertex 125.1 -1.01447 0
    endloop
  endfacet
  facet normal -0.858029 -0.513602 0
    outer loop
      vertex 115.676 -2.88896 0
      vertex 115.414 -2.45126 4.2
      vertex 115.414 -2.45126 0
    endloop
  endfacet
  facet normal -0.858029 -0.513602 0
    outer loop
      vertex 115.414 -2.45126 4.2
      vertex 115.676 -2.88896 0
      vertex 115.676 -2.88896 4.2
    endloop
  endfacet
  facet normal 0.941491 -0.337038 0
    outer loop
      vertex 124.804 -1.98995 4.2
      vertex 124.976 -1.50948 0
      vertex 124.976 -1.50948 4.2
    endloop
  endfacet
  facet normal 0.941491 -0.337038 0
    outer loop
      vertex 124.976 -1.50948 0
      vertex 124.804 -1.98995 4.2
      vertex 124.804 -1.98995 0
    endloop
  endfacet
  facet normal -0.970028 -0.242992 0
    outer loop
      vertex 115.024 -1.50948 0
      vertex 114.9 -1.01447 4.2
      vertex 114.9 -1.01447 0
    endloop
  endfacet
  facet normal -0.970028 -0.242992 0
    outer loop
      vertex 114.9 -1.01447 4.2
      vertex 115.024 -1.50948 0
      vertex 115.024 -1.50948 4.2
    endloop
  endfacet
  facet normal -0.941491 -0.337038 0
    outer loop
      vertex 115.196 -1.98995 0
      vertex 115.024 -1.50948 4.2
      vertex 115.024 -1.50948 0
    endloop
  endfacet
  facet normal -0.941491 -0.337038 0
    outer loop
      vertex 115.024 -1.50948 4.2
      vertex 115.196 -1.98995 0
      vertex 115.196 -1.98995 4.2
    endloop
  endfacet
  facet normal 0.970028 -0.242992 0
    outer loop
      vertex 124.976 -1.50948 4.2
      vertex 125.1 -1.01447 0
      vertex 125.1 -1.01447 4.2
    endloop
  endfacet
  facet normal 0.970028 -0.242992 0
    outer loop
      vertex 125.1 -1.01447 0
      vertex 124.976 -1.50948 4.2
      vertex 124.976 -1.50948 0
    endloop
  endfacet
  facet normal -0.998799 -0.0489907 0
    outer loop
      vertex 114.825 -0.509688 0
      vertex 114.8 0 4.2
      vertex 114.8 0 0
    endloop
  endfacet
  facet normal -0.998799 -0.0489907 0
    outer loop
      vertex 114.8 0 4.2
      vertex 114.825 -0.509688 0
      vertex 114.825 -0.509688 4.2
    endloop
  endfacet
  facet normal 0.427785 -0.903881 0
    outer loop
      vertex 121.99 -4.80417 0
      vertex 122.451 -4.58599 4.2
      vertex 121.99 -4.80417 4.2
    endloop
  endfacet
  facet normal 0.427785 -0.903881 0
    outer loop
      vertex 122.451 -4.58599 4.2
      vertex 121.99 -4.80417 0
      vertex 122.451 -4.58599 0
    endloop
  endfacet
  facet normal 0.513848 -0.857882 0
    outer loop
      vertex 122.451 -4.58599 0
      vertex 122.889 -4.32364 4.2
      vertex 122.451 -4.58599 4.2
    endloop
  endfacet
  facet normal 0.513848 -0.857882 0
    outer loop
      vertex 122.889 -4.32364 4.2
      vertex 122.451 -4.58599 0
      vertex 122.889 -4.32364 0
    endloop
  endfacet
  facet normal 0.146958 -0.989143 0
    outer loop
      vertex 120.51 -5.17496 0
      vertex 121.014 -5.10008 4.2
      vertex 120.51 -5.17496 4.2
    endloop
  endfacet
  facet normal 0.146958 -0.989143 0
    outer loop
      vertex 121.014 -5.10008 4.2
      vertex 120.51 -5.17496 0
      vertex 121.014 -5.10008 0
    endloop
  endfacet
  facet normal 0.740666 -0.671873 0
    outer loop
      vertex 123.677 -3.67696 4.2
      vertex 124.02 -3.29884 0
      vertex 124.02 -3.29884 4.2
    endloop
  endfacet
  facet normal 0.740666 -0.671873 0
    outer loop
      vertex 124.02 -3.29884 0
      vertex 123.677 -3.67696 4.2
      vertex 123.677 -3.67696 0
    endloop
  endfacet
  facet normal 0.803196 -0.595715 0
    outer loop
      vertex 124.02 -3.29884 4.2
      vertex 124.324 -2.88896 0
      vertex 124.324 -2.88896 4.2
    endloop
  endfacet
  facet normal 0.803196 -0.595715 0
    outer loop
      vertex 124.324 -2.88896 0
      vertex 124.02 -3.29884 4.2
      vertex 124.02 -3.29884 0
    endloop
  endfacet
  facet normal -0.242978 -0.970032 0
    outer loop
      vertex 118.491 -4.97609 0
      vertex 118.986 -5.10008 4.2
      vertex 118.491 -4.97609 4.2
    endloop
  endfacet
  facet normal -0.242978 -0.970032 -0
    outer loop
      vertex 118.986 -5.10008 4.2
      vertex 118.491 -4.97609 0
      vertex 118.986 -5.10008 0
    endloop
  endfacet
  facet normal -0.803196 -0.595715 0
    outer loop
      vertex 115.98 -3.29884 0
      vertex 115.676 -2.88896 4.2
      vertex 115.676 -2.88896 0
    endloop
  endfacet
  facet normal -0.803196 -0.595715 0
    outer loop
      vertex 115.676 -2.88896 4.2
      vertex 115.98 -3.29884 0
      vertex 115.98 -3.29884 4.2
    endloop
  endfacet
  facet normal -0.904128 -0.427261 0
    outer loop
      vertex 115.414 -2.45126 0
      vertex 115.196 -1.98995 4.2
      vertex 115.196 -1.98995 0
    endloop
  endfacet
  facet normal -0.904128 -0.427261 0
    outer loop
      vertex 115.196 -1.98995 4.2
      vertex 115.414 -2.45126 0
      vertex 115.414 -2.45126 4.2
    endloop
  endfacet
  facet normal -0.427785 -0.903881 0
    outer loop
      vertex 117.549 -4.58599 0
      vertex 118.01 -4.80417 4.2
      vertex 117.549 -4.58599 4.2
    endloop
  endfacet
  facet normal -0.427785 -0.903881 -0
    outer loop
      vertex 118.01 -4.80417 4.2
      vertex 117.549 -4.58599 0
      vertex 118.01 -4.80417 0
    endloop
  endfacet
  facet normal 0.59559 -0.803289 0
    outer loop
      vertex 122.889 -4.32364 0
      vertex 123.299 -4.01965 4.2
      vertex 122.889 -4.32364 4.2
    endloop
  endfacet
  facet normal 0.59559 -0.803289 0
    outer loop
      vertex 123.299 -4.01965 4.2
      vertex 122.889 -4.32364 0
      vertex 123.299 -4.01965 0
    endloop
  endfacet
  facet normal 0.998799 -0.0489907 0
    outer loop
      vertex 125.175 -0.509688 4.2
      vertex 125.2 0 0
      vertex 125.2 0 4.2
    endloop
  endfacet
  facet normal 0.998799 -0.0489907 0
    outer loop
      vertex 125.2 0 0
      vertex 125.175 -0.509688 4.2
      vertex 125.175 -0.509688 0
    endloop
  endfacet
  facet normal -0.989142 -0.146966 0
    outer loop
      vertex 114.9 -1.01447 0
      vertex 114.825 -0.509688 4.2
      vertex 114.825 -0.509688 0
    endloop
  endfacet
  facet normal -0.989142 -0.146966 0
    outer loop
      vertex 114.825 -0.509688 4.2
      vertex 114.9 -1.01447 0
      vertex 114.9 -1.01447 4.2
    endloop
  endfacet
  facet normal 0.33657 -0.941659 0
    outer loop
      vertex 121.509 -4.97609 0
      vertex 121.99 -4.80417 4.2
      vertex 121.509 -4.97609 4.2
    endloop
  endfacet
  facet normal 0.33657 -0.941659 0
    outer loop
      vertex 121.99 -4.80417 4.2
      vertex 121.509 -4.97609 0
      vertex 121.99 -4.80417 0
    endloop
  endfacet
  facet normal 0.242978 -0.970032 0
    outer loop
      vertex 121.014 -5.10008 0
      vertex 121.509 -4.97609 4.2
      vertex 121.014 -5.10008 4.2
    endloop
  endfacet
  facet normal 0.242978 -0.970032 0
    outer loop
      vertex 121.509 -4.97609 4.2
      vertex 121.014 -5.10008 0
      vertex 121.509 -4.97609 0
    endloop
  endfacet
  facet normal -0.740666 -0.671873 0
    outer loop
      vertex 116.323 -3.67696 0
      vertex 115.98 -3.29884 4.2
      vertex 115.98 -3.29884 0
    endloop
  endfacet
  facet normal -0.740666 -0.671873 0
    outer loop
      vertex 115.98 -3.29884 4.2
      vertex 116.323 -3.67696 0
      vertex 116.323 -3.67696 4.2
    endloop
  endfacet
  facet normal -0.59559 -0.803289 0
    outer loop
      vertex 116.701 -4.01965 0
      vertex 117.111 -4.32364 4.2
      vertex 116.701 -4.01965 4.2
    endloop
  endfacet
  facet normal -0.59559 -0.803289 -0
    outer loop
      vertex 117.111 -4.32364 4.2
      vertex 116.701 -4.01965 0
      vertex 117.111 -4.32364 0
    endloop
  endfacet
  facet normal 0.904128 -0.427261 0
    outer loop
      vertex 124.586 -2.45126 4.2
      vertex 124.804 -1.98995 0
      vertex 124.804 -1.98995 4.2
    endloop
  endfacet
  facet normal 0.904128 -0.427261 0
    outer loop
      vertex 124.804 -1.98995 0
      vertex 124.586 -2.45126 4.2
      vertex 124.586 -2.45126 0
    endloop
  endfacet
  facet normal 0.858029 -0.513602 0
    outer loop
      vertex 124.324 -2.88896 4.2
      vertex 124.586 -2.45126 0
      vertex 124.586 -2.45126 4.2
    endloop
  endfacet
  facet normal 0.858029 -0.513602 0
    outer loop
      vertex 124.586 -2.45126 0
      vertex 124.324 -2.88896 4.2
      vertex 124.324 -2.88896 0
    endloop
  endfacet
  facet normal -0.049039 -0.998797 0
    outer loop
      vertex 119.49 -5.17496 0
      vertex 120 -5.2 4.2
      vertex 119.49 -5.17496 4.2
    endloop
  endfacet
  facet normal -0.049039 -0.998797 -0
    outer loop
      vertex 120 -5.2 4.2
      vertex 119.49 -5.17496 0
      vertex 120 -5.2 0
    endloop
  endfacet
  facet normal -0.33657 -0.941659 0
    outer loop
      vertex 118.01 -4.80417 0
      vertex 118.491 -4.97609 4.2
      vertex 118.01 -4.80417 4.2
    endloop
  endfacet
  facet normal -0.33657 -0.941659 -0
    outer loop
      vertex 118.491 -4.97609 4.2
      vertex 118.01 -4.80417 0
      vertex 118.491 -4.97609 0
    endloop
  endfacet
  facet normal 0.671657 -0.740863 0
    outer loop
      vertex 123.299 -4.01965 0
      vertex 123.677 -3.67696 4.2
      vertex 123.299 -4.01965 4.2
    endloop
  endfacet
  facet normal 0.671657 -0.740863 0
    outer loop
      vertex 123.677 -3.67696 4.2
      vertex 123.299 -4.01965 0
      vertex 123.677 -3.67696 0
    endloop
  endfacet
  facet normal 0.989137 0.146997 0
    outer loop
      vertex 15.175 132.51 4.2
      vertex 15.1001 133.014 0
      vertex 15.1001 133.014 4.2
    endloop
  endfacet
  facet normal 0.989137 0.146997 0
    outer loop
      vertex 15.1001 133.014 0
      vertex 15.175 132.51 4.2
      vertex 15.175 132.51 0
    endloop
  endfacet
  facet normal 0.998801 0.0489608 0
    outer loop
      vertex 15.2 132 4.2
      vertex 15.175 132.51 0
      vertex 15.175 132.51 4.2
    endloop
  endfacet
  facet normal 0.998801 0.0489608 0
    outer loop
      vertex 15.175 132.51 0
      vertex 15.2 132 4.2
      vertex 15.2 132 0
    endloop
  endfacet
  facet normal 0.970027 0.242997 0
    outer loop
      vertex 15.1001 133.014 4.2
      vertex 14.9761 133.509 0
      vertex 14.9761 133.509 4.2
    endloop
  endfacet
  facet normal 0.970027 0.242997 0
    outer loop
      vertex 14.9761 133.509 0
      vertex 15.1001 133.014 4.2
      vertex 15.1001 133.014 0
    endloop
  endfacet
  facet normal -0.513593 0.858034 0
    outer loop
      vertex 7.54874 136.586 0
      vertex 7.11103 136.324 4.2
      vertex 7.54874 136.586 4.2
    endloop
  endfacet
  facet normal -0.513593 0.858034 0
    outer loop
      vertex 7.11103 136.324 4.2
      vertex 7.54874 136.586 0
      vertex 7.11103 136.324 0
    endloop
  endfacet
  facet normal 0.146961 0.989142 -0
    outer loop
      vertex 11.0145 137.1 0
      vertex 10.5097 137.175 4.2
      vertex 11.0145 137.1 4.2
    endloop
  endfacet
  facet normal 0.146961 0.989142 0
    outer loop
      vertex 10.5097 137.175 4.2
      vertex 11.0145 137.1 0
      vertex 10.5097 137.175 0
    endloop
  endfacet
  facet normal -0.595715 0.803196 0
    outer loop
      vertex 7.11103 136.324 0
      vertex 6.70115 136.02 4.2
      vertex 7.11103 136.324 4.2
    endloop
  endfacet
  facet normal -0.595715 0.803196 0
    outer loop
      vertex 6.70115 136.02 4.2
      vertex 7.11103 136.324 0
      vertex 6.70115 136.02 0
    endloop
  endfacet
  facet normal -0.671883 0.740658 0
    outer loop
      vertex 6.70115 136.02 0
      vertex 6.32304 135.677 4.2
      vertex 6.70115 136.02 4.2
    endloop
  endfacet
  facet normal -0.671883 0.740658 0
    outer loop
      vertex 6.32304 135.677 4.2
      vertex 6.70115 136.02 0
      vertex 6.32304 135.677 0
    endloop
  endfacet
  facet normal -0.740853 0.671667 0
    outer loop
      vertex 5.98034 135.299 0
      vertex 6.32304 135.677 4.2
      vertex 6.32304 135.677 0
    endloop
  endfacet
  facet normal -0.740853 0.671667 0
    outer loop
      vertex 6.32304 135.677 4.2
      vertex 5.98034 135.299 0
      vertex 5.98034 135.299 4.2
    endloop
  endfacet
  facet normal 0.59579 0.80314 -0
    outer loop
      vertex 13.2988 136.02 0
      vertex 12.889 136.324 4.2
      vertex 13.2988 136.02 4.2
    endloop
  endfacet
  facet normal 0.59579 0.80314 0
    outer loop
      vertex 12.889 136.324 4.2
      vertex 13.2988 136.02 0
      vertex 12.889 136.324 0
    endloop
  endfacet
  facet normal 0.803373 0.595476 0
    outer loop
      vertex 14.3236 134.889 4.2
      vertex 14.0197 135.299 0
      vertex 14.0197 135.299 4.2
    endloop
  endfacet
  facet normal 0.803373 0.595476 0
    outer loop
      vertex 14.0197 135.299 0
      vertex 14.3236 134.889 4.2
      vertex 14.3236 134.889 0
    endloop
  endfacet
  facet normal 0.427269 0.904125 -0
    outer loop
      vertex 12.4513 136.586 0
      vertex 11.99 136.804 4.2
      vertex 12.4513 136.586 4.2
    endloop
  endfacet
  facet normal 0.427269 0.904125 0
    outer loop
      vertex 11.99 136.804 4.2
      vertex 12.4513 136.586 0
      vertex 11.99 136.804 0
    endloop
  endfacet
  facet normal -0.427261 0.904128 0
    outer loop
      vertex 8.01005 136.804 0
      vertex 7.54874 136.586 4.2
      vertex 8.01005 136.804 4.2
    endloop
  endfacet
  facet normal -0.427261 0.904128 0
    outer loop
      vertex 7.54874 136.586 4.2
      vertex 8.01005 136.804 0
      vertex 7.54874 136.586 0
    endloop
  endfacet
  facet normal -0.0489905 0.998799 0
    outer loop
      vertex 10 137.2 0
      vertex 9.49031 137.175 4.2
      vertex 10 137.2 4.2
    endloop
  endfacet
  facet normal -0.0489905 0.998799 0
    outer loop
      vertex 9.49031 137.175 4.2
      vertex 10 137.2 0
      vertex 9.49031 137.175 0
    endloop
  endfacet
  facet normal -0.803298 0.595577 0
    outer loop
      vertex 5.67636 134.889 0
      vertex 5.98034 135.299 4.2
      vertex 5.98034 135.299 0
    endloop
  endfacet
  facet normal -0.803298 0.595577 0
    outer loop
      vertex 5.98034 135.299 4.2
      vertex 5.67636 134.889 0
      vertex 5.67636 134.889 4.2
    endloop
  endfacet
  facet normal 0.337019 0.941498 -0
    outer loop
      vertex 11.99 136.804 0
      vertex 11.5095 136.976 4.2
      vertex 11.99 136.804 4.2
    endloop
  endfacet
  facet normal 0.337019 0.941498 0
    outer loop
      vertex 11.5095 136.976 4.2
      vertex 11.99 136.804 0
      vertex 11.5095 136.976 0
    endloop
  endfacet
  facet normal 0.0489896 0.998799 -0
    outer loop
      vertex 10.5097 137.175 0
      vertex 10 137.2 4.2
      vertex 10.5097 137.175 4.2
    endloop
  endfacet
  facet normal 0.0489896 0.998799 0
    outer loop
      vertex 10 137.2 4.2
      vertex 10.5097 137.175 0
      vertex 10 137.2 0
    endloop
  endfacet
  facet normal 0.941671 0.336535 0
    outer loop
      vertex 14.9761 133.509 4.2
      vertex 14.8042 133.99 0
      vertex 14.8042 133.99 4.2
    endloop
  endfacet
  facet normal 0.941671 0.336535 0
    outer loop
      vertex 14.8042 133.99 0
      vertex 14.9761 133.509 4.2
      vertex 14.9761 133.509 0
    endloop
  endfacet
  facet normal 0.513602 0.858029 -0
    outer loop
      vertex 12.889 136.324 0
      vertex 12.4513 136.586 4.2
      vertex 12.889 136.324 4.2
    endloop
  endfacet
  facet normal 0.513602 0.858029 0
    outer loop
      vertex 12.4513 136.586 4.2
      vertex 12.889 136.324 0
      vertex 12.4513 136.586 0
    endloop
  endfacet
  facet normal 0.903866 0.427817 0
    outer loop
      vertex 14.8042 133.99 4.2
      vertex 14.586 134.451 0
      vertex 14.586 134.451 4.2
    endloop
  endfacet
  facet normal 0.903866 0.427817 0
    outer loop
      vertex 14.586 134.451 0
      vertex 14.8042 133.99 4.2
      vertex 14.8042 133.99 0
    endloop
  endfacet
  facet normal 0.857838 0.51392 0
    outer loop
      vertex 14.586 134.451 4.2
      vertex 14.3236 134.889 0
      vertex 14.3236 134.889 4.2
    endloop
  endfacet
  facet normal 0.857838 0.51392 0
    outer loop
      vertex 14.3236 134.889 0
      vertex 14.586 134.451 4.2
      vertex 14.586 134.451 0
    endloop
  endfacet
  facet normal -0.903881 0.427785 0
    outer loop
      vertex 5.19583 133.99 0
      vertex 5.41401 134.451 4.2
      vertex 5.41401 134.451 0
    endloop
  endfacet
  facet normal -0.903881 0.427785 0
    outer loop
      vertex 5.41401 134.451 4.2
      vertex 5.19583 133.99 0
      vertex 5.19583 133.99 4.2
    endloop
  endfacet
  facet normal -0.242992 0.970028 0
    outer loop
      vertex 8.98553 137.1 0
      vertex 8.49052 136.976 4.2
      vertex 8.98553 137.1 4.2
    endloop
  endfacet
  facet normal -0.242992 0.970028 0
    outer loop
      vertex 8.49052 136.976 4.2
      vertex 8.98553 137.1 0
      vertex 8.49052 136.976 0
    endloop
  endfacet
  facet normal -0.857882 0.513848 0
    outer loop
      vertex 5.41401 134.451 0
      vertex 5.67636 134.889 4.2
      vertex 5.67636 134.889 0
    endloop
  endfacet
  facet normal -0.857882 0.513848 0
    outer loop
      vertex 5.67636 134.889 4.2
      vertex 5.41401 134.451 0
      vertex 5.41401 134.451 4.2
    endloop
  endfacet
  facet normal -0.146966 0.989142 0
    outer loop
      vertex 9.49031 137.175 0
      vertex 8.98553 137.1 4.2
      vertex 9.49031 137.175 4.2
    endloop
  endfacet
  facet normal -0.146966 0.989142 0
    outer loop
      vertex 8.98553 137.1 4.2
      vertex 9.49031 137.175 0
      vertex 8.98553 137.1 0
    endloop
  endfacet
  facet normal 0.242997 0.970027 -0
    outer loop
      vertex 11.5095 136.976 0
      vertex 11.0145 137.1 4.2
      vertex 11.5095 136.976 4.2
    endloop
  endfacet
  facet normal 0.242997 0.970027 0
    outer loop
      vertex 11.0145 137.1 4.2
      vertex 11.5095 136.976 0
      vertex 11.0145 137.1 0
    endloop
  endfacet
  facet normal -0.337038 0.941491 0
    outer loop
      vertex 8.49052 136.976 0
      vertex 8.01005 136.804 4.2
      vertex 8.49052 136.976 4.2
    endloop
  endfacet
  facet normal -0.337038 0.941491 0
    outer loop
      vertex 8.01005 136.804 4.2
      vertex 8.49052 136.976 0
      vertex 8.01005 136.804 0
    endloop
  endfacet
  facet normal -0.970032 0.242978 0
    outer loop
      vertex 4.89992 133.014 0
      vertex 5.02391 133.509 4.2
      vertex 5.02391 133.509 0
    endloop
  endfacet
  facet normal -0.970032 0.242978 0
    outer loop
      vertex 5.02391 133.509 4.2
      vertex 4.89992 133.014 0
      vertex 4.89992 133.014 4.2
    endloop
  endfacet
  facet normal -0.99885 -0.0479448 0
    outer loop
      vertex 4.80048 131.99 0
      vertex 4.8 132 4.2
      vertex 4.8 132 0
    endloop
  endfacet
  facet normal -0.99885 -0.0479448 0
    outer loop
      vertex 4.8 132 4.2
      vertex 4.80048 131.99 0
      vertex 4.80048 131.99 4.2
    endloop
  endfacet
  facet normal 0.671795 0.740737 -0
    outer loop
      vertex 13.677 135.677 0
      vertex 13.2988 136.02 4.2
      vertex 13.677 135.677 4.2
    endloop
  endfacet
  facet normal 0.671795 0.740737 0
    outer loop
      vertex 13.2988 136.02 4.2
      vertex 13.677 135.677 0
      vertex 13.2988 136.02 0
    endloop
  endfacet
  facet normal 0.740853 0.671667 0
    outer loop
      vertex 14.0197 135.299 4.2
      vertex 13.677 135.677 0
      vertex 13.677 135.677 4.2
    endloop
  endfacet
  facet normal 0.740853 0.671667 0
    outer loop
      vertex 13.677 135.677 0
      vertex 14.0197 135.299 4.2
      vertex 14.0197 135.299 0
    endloop
  endfacet
  facet normal -0.989143 0.146958 0
    outer loop
      vertex 4.82504 132.51 0
      vertex 4.89992 133.014 4.2
      vertex 4.89992 133.014 0
    endloop
  endfacet
  facet normal -0.989143 0.146958 0
    outer loop
      vertex 4.89992 133.014 4.2
      vertex 4.82504 132.51 0
      vertex 4.82504 132.51 4.2
    endloop
  endfacet
  facet normal -0.941659 0.33657 0
    outer loop
      vertex 5.02391 133.509 0
      vertex 5.19583 133.99 4.2
      vertex 5.19583 133.99 0
    endloop
  endfacet
  facet normal -0.941659 0.33657 0
    outer loop
      vertex 5.19583 133.99 4.2
      vertex 5.02391 133.509 0
      vertex 5.02391 133.509 4.2
    endloop
  endfacet
  facet normal -0.998797 0.049039 0
    outer loop
      vertex 4.8 132 0
      vertex 4.82504 132.51 4.2
      vertex 4.82504 132.51 0
    endloop
  endfacet
  facet normal -0.998797 0.049039 0
    outer loop
      vertex 4.82504 132.51 4.2
      vertex 4.8 132 0
      vertex 4.8 132 4.2
    endloop
  endfacet
  facet normal 0.989108 0.147189 0
    outer loop
      vertex 125.175 132.51 4.2
      vertex 125.1 133.014 0
      vertex 125.1 133.014 4.2
    endloop
  endfacet
  facet normal 0.989108 0.147189 0
    outer loop
      vertex 125.1 133.014 0
      vertex 125.175 132.51 4.2
      vertex 125.175 132.51 0
    endloop
  endfacet
  facet normal 0.998801 0.0489608 0
    outer loop
      vertex 125.2 132 4.2
      vertex 125.175 132.51 0
      vertex 125.175 132.51 4.2
    endloop
  endfacet
  facet normal 0.998801 0.0489608 0
    outer loop
      vertex 125.175 132.51 0
      vertex 125.2 132 4.2
      vertex 125.2 132 0
    endloop
  endfacet
  facet normal 0.970027 0.242997 0
    outer loop
      vertex 125.1 133.014 4.2
      vertex 124.976 133.509 0
      vertex 124.976 133.509 4.2
    endloop
  endfacet
  facet normal 0.970027 0.242997 0
    outer loop
      vertex 124.976 133.509 0
      vertex 125.1 133.014 4.2
      vertex 125.1 133.014 0
    endloop
  endfacet
  facet normal 1 -0 0
    outer loop
      vertex 125.2 131.99 4.2
      vertex 125.2 132 0
      vertex 125.2 132 4.2
    endloop
  endfacet
  facet normal 1 0 0
    outer loop
      vertex 125.2 132 0
      vertex 125.2 131.99 4.2
      vertex 125.2 131.99 0
    endloop
  endfacet
  facet normal -0.513343 0.858184 0
    outer loop
      vertex 117.549 136.586 0
      vertex 117.111 136.324 4.2
      vertex 117.549 136.586 4.2
    endloop
  endfacet
  facet normal -0.513343 0.858184 0
    outer loop
      vertex 117.111 136.324 4.2
      vertex 117.549 136.586 0
      vertex 117.111 136.324 0
    endloop
  endfacet
  facet normal 0.147189 0.989108 -0
    outer loop
      vertex 121.014 137.1 0
      vertex 120.51 137.175 4.2
      vertex 121.014 137.1 4.2
    endloop
  endfacet
  facet normal 0.147189 0.989108 0
    outer loop
      vertex 120.51 137.175 4.2
      vertex 121.014 137.1 0
      vertex 120.51 137.175 0
    endloop
  endfacet
  facet normal -0.595602 0.803279 0
    outer loop
      vertex 117.111 136.324 0
      vertex 116.701 136.02 4.2
      vertex 117.111 136.324 4.2
    endloop
  endfacet
  facet normal -0.595602 0.803279 0
    outer loop
      vertex 116.701 136.02 4.2
      vertex 117.111 136.324 0
      vertex 116.701 136.02 0
    endloop
  endfacet
  facet normal -0.67199 0.74056 0
    outer loop
      vertex 116.701 136.02 0
      vertex 116.323 135.677 4.2
      vertex 116.701 136.02 4.2
    endloop
  endfacet
  facet normal -0.67199 0.74056 0
    outer loop
      vertex 116.323 135.677 4.2
      vertex 116.701 136.02 0
      vertex 116.323 135.677 0
    endloop
  endfacet
  facet normal -0.74056 0.67199 0
    outer loop
      vertex 115.98 135.299 0
      vertex 116.323 135.677 4.2
      vertex 116.323 135.677 0
    endloop
  endfacet
  facet normal -0.74056 0.67199 0
    outer loop
      vertex 116.323 135.677 4.2
      vertex 115.98 135.299 0
      vertex 115.98 135.299 4.2
    endloop
  endfacet
  facet normal 0.595602 0.803279 -0
    outer loop
      vertex 123.299 136.02 0
      vertex 122.889 136.324 4.2
      vertex 123.299 136.02 4.2
    endloop
  endfacet
  facet normal 0.595602 0.803279 0
    outer loop
      vertex 122.889 136.324 4.2
      vertex 123.299 136.02 0
      vertex 122.889 136.324 0
    endloop
  endfacet
  facet normal 0.803279 0.595602 0
    outer loop
      vertex 124.324 134.889 4.2
      vertex 124.02 135.299 0
      vertex 124.02 135.299 4.2
    endloop
  endfacet
  facet normal 0.803279 0.595602 0
    outer loop
      vertex 124.02 135.299 0
      vertex 124.324 134.889 4.2
      vertex 124.324 134.889 0
    endloop
  endfacet
  facet normal 0.427496 0.904017 -0
    outer loop
      vertex 122.451 136.586 0
      vertex 121.99 136.804 4.2
      vertex 122.451 136.586 4.2
    endloop
  endfacet
  facet normal 0.427496 0.904017 0
    outer loop
      vertex 121.99 136.804 4.2
      vertex 122.451 136.586 0
      vertex 121.99 136.804 0
    endloop
  endfacet
  facet normal -0.427496 0.904017 0
    outer loop
      vertex 118.01 136.804 0
      vertex 117.549 136.586 4.2
      vertex 118.01 136.804 4.2
    endloop
  endfacet
  facet normal -0.427496 0.904017 0
    outer loop
      vertex 117.549 136.586 4.2
      vertex 118.01 136.804 0
      vertex 117.549 136.586 0
    endloop
  endfacet
  facet normal -0.0489608 0.998801 0
    outer loop
      vertex 120 137.2 0
      vertex 119.49 137.175 4.2
      vertex 120 137.2 4.2
    endloop
  endfacet
  facet normal -0.0489608 0.998801 0
    outer loop
      vertex 119.49 137.175 4.2
      vertex 120 137.2 0
      vertex 119.49 137.175 0
    endloop
  endfacet
  facet normal 0.67199 0.74056 -0
    outer loop
      vertex 123.677 135.677 0
      vertex 123.299 136.02 4.2
      vertex 123.677 135.677 4.2
    endloop
  endfacet
  facet normal 0.67199 0.74056 0
    outer loop
      vertex 123.299 136.02 4.2
      vertex 123.677 135.677 0
      vertex 123.299 136.02 0
    endloop
  endfacet
  facet normal -0.803279 0.595602 0
    outer loop
      vertex 115.676 134.889 0
      vertex 115.98 135.299 4.2
      vertex 115.98 135.299 0
    endloop
  endfacet
  facet normal -0.803279 0.595602 0
    outer loop
      vertex 115.98 135.299 4.2
      vertex 115.676 134.889 0
      vertex 115.676 134.889 4.2
    endloop
  endfacet
  facet normal 0.336708 0.941609 -0
    outer loop
      vertex 121.99 136.804 0
      vertex 121.509 136.976 4.2
      vertex 121.99 136.804 4.2
    endloop
  endfacet
  facet normal 0.336708 0.941609 0
    outer loop
      vertex 121.509 136.976 4.2
      vertex 121.99 136.804 0
      vertex 121.509 136.976 0
    endloop
  endfacet
  facet normal 0.0489608 0.998801 -0
    outer loop
      vertex 120.51 137.175 0
      vertex 120 137.2 4.2
      vertex 120.51 137.175 4.2
    endloop
  endfacet
  facet normal 0.0489608 0.998801 0
    outer loop
      vertex 120 137.2 4.2
      vertex 120.51 137.175 0
      vertex 120 137.2 0
    endloop
  endfacet
  facet normal 0.941609 0.336708 0
    outer loop
      vertex 124.976 133.509 4.2
      vertex 124.804 133.99 0
      vertex 124.804 133.99 4.2
    endloop
  endfacet
  facet normal 0.941609 0.336708 0
    outer loop
      vertex 124.804 133.99 0
      vertex 124.976 133.509 4.2
      vertex 124.976 133.509 0
    endloop
  endfacet
  facet normal 0.513343 0.858184 -0
    outer loop
      vertex 122.889 136.324 0
      vertex 122.451 136.586 4.2
      vertex 122.889 136.324 4.2
    endloop
  endfacet
  facet normal 0.513343 0.858184 0
    outer loop
      vertex 122.451 136.586 4.2
      vertex 122.889 136.324 0
      vertex 122.451 136.586 0
    endloop
  endfacet
  facet normal 0.904017 0.427496 0
    outer loop
      vertex 124.804 133.99 4.2
      vertex 124.586 134.451 0
      vertex 124.586 134.451 4.2
    endloop
  endfacet
  facet normal 0.904017 0.427496 0
    outer loop
      vertex 124.586 134.451 0
      vertex 124.804 133.99 4.2
      vertex 124.804 133.99 0
    endloop
  endfacet
  facet normal 0.858184 0.513343 0
    outer loop
      vertex 124.586 134.451 4.2
      vertex 124.324 134.889 0
      vertex 124.324 134.889 4.2
    endloop
  endfacet
  facet normal 0.858184 0.513343 0
    outer loop
      vertex 124.324 134.889 0
      vertex 124.586 134.451 4.2
      vertex 124.586 134.451 0
    endloop
  endfacet
  facet normal -0.904017 0.427496 0
    outer loop
      vertex 115.196 133.99 0
      vertex 115.414 134.451 4.2
      vertex 115.414 134.451 0
    endloop
  endfacet
  facet normal -0.904017 0.427496 0
    outer loop
      vertex 115.414 134.451 4.2
      vertex 115.196 133.99 0
      vertex 115.196 133.99 4.2
    endloop
  endfacet
  facet normal -0.242997 0.970027 0
    outer loop
      vertex 118.986 137.1 0
      vertex 118.491 136.976 4.2
      vertex 118.986 137.1 4.2
    endloop
  endfacet
  facet normal -0.242997 0.970027 0
    outer loop
      vertex 118.491 136.976 4.2
      vertex 118.986 137.1 0
      vertex 118.491 136.976 0
    endloop
  endfacet
  facet normal -0.858184 0.513343 0
    outer loop
      vertex 115.414 134.451 0
      vertex 115.676 134.889 4.2
      vertex 115.676 134.889 0
    endloop
  endfacet
  facet normal -0.858184 0.513343 0
    outer loop
      vertex 115.676 134.889 4.2
      vertex 115.414 134.451 0
      vertex 115.414 134.451 4.2
    endloop
  endfacet
  facet normal -0.147189 0.989108 0
    outer loop
      vertex 119.49 137.175 0
      vertex 118.986 137.1 4.2
      vertex 119.49 137.175 4.2
    endloop
  endfacet
  facet normal -0.147189 0.989108 0
    outer loop
      vertex 118.986 137.1 4.2
      vertex 119.49 137.175 0
      vertex 118.986 137.1 0
    endloop
  endfacet
  facet normal 0.242997 0.970027 -0
    outer loop
      vertex 121.509 136.976 0
      vertex 121.014 137.1 4.2
      vertex 121.509 136.976 4.2
    endloop
  endfacet
  facet normal 0.242997 0.970027 0
    outer loop
      vertex 121.014 137.1 4.2
      vertex 121.509 136.976 0
      vertex 121.014 137.1 0
    endloop
  endfacet
  facet normal -0.336708 0.941609 0
    outer loop
      vertex 118.491 136.976 0
      vertex 118.01 136.804 4.2
      vertex 118.491 136.976 4.2
    endloop
  endfacet
  facet normal -0.336708 0.941609 0
    outer loop
      vertex 118.01 136.804 4.2
      vertex 118.491 136.976 0
      vertex 118.01 136.804 0
    endloop
  endfacet
  facet normal -0.970027 0.242997 0
    outer loop
      vertex 114.9 133.014 0
      vertex 115.024 133.509 4.2
      vertex 115.024 133.509 0
    endloop
  endfacet
  facet normal -0.970027 0.242997 0
    outer loop
      vertex 115.024 133.509 4.2
      vertex 114.9 133.014 0
      vertex 114.9 133.014 4.2
    endloop
  endfacet
  facet normal 0.74056 0.67199 0
    outer loop
      vertex 124.02 135.299 4.2
      vertex 123.677 135.677 0
      vertex 123.677 135.677 4.2
    endloop
  endfacet
  facet normal 0.74056 0.67199 0
    outer loop
      vertex 123.677 135.677 0
      vertex 124.02 135.299 4.2
      vertex 124.02 135.299 0
    endloop
  endfacet
  facet normal -0.989108 0.147189 0
    outer loop
      vertex 114.825 132.51 0
      vertex 114.9 133.014 4.2
      vertex 114.9 133.014 0
    endloop
  endfacet
  facet normal -0.989108 0.147189 0
    outer loop
      vertex 114.9 133.014 4.2
      vertex 114.825 132.51 0
      vertex 114.825 132.51 4.2
    endloop
  endfacet
  facet normal -0.941609 0.336708 0
    outer loop
      vertex 115.024 133.509 0
      vertex 115.196 133.99 4.2
      vertex 115.196 133.99 0
    endloop
  endfacet
  facet normal -0.941609 0.336708 0
    outer loop
      vertex 115.196 133.99 4.2
      vertex 115.024 133.509 0
      vertex 115.024 133.509 4.2
    endloop
  endfacet
  facet normal -0.998801 0.0489608 0
    outer loop
      vertex 114.8 132 0
      vertex 114.825 132.51 4.2
      vertex 114.825 132.51 0
    endloop
  endfacet
  facet normal -0.998801 0.0489608 0
    outer loop
      vertex 114.825 132.51 4.2
      vertex 114.8 132 0
      vertex 114.8 132 4.2
    endloop
  endfacet
  facet normal -0.989174 -0.14675 0
    outer loop
      vertex 0.0960693 4.02454 0
      vertex 0.0240631 4.5099 4.2
      vertex 0.0240631 4.5099 0
    endloop
  endfacet
  facet normal -0.989174 -0.14675 0
    outer loop
      vertex 0.0240631 4.5099 4.2
      vertex 0.0960693 4.02454 0
      vertex 0.0960693 4.02454 4.2
    endloop
  endfacet
  facet normal 0.741479 -0.670976 0
    outer loop
      vertex 128.536 1.46446 4.2
      vertex 128.865 1.82803 0
      vertex 128.865 1.82803 4.2
    endloop
  endfacet
  facet normal 0.741479 -0.670976 0
    outer loop
      vertex 128.865 1.82803 0
      vertex 128.536 1.46446 4.2
      vertex 128.536 1.46446 0
    endloop
  endfacet
  facet normal -0.998797 -0.0490391 0
    outer loop
      vertex 0.0240631 4.5099 0
      vertex 0.00979614 4.80048 4.2
      vertex 0.00979614 4.80048 0
    endloop
  endfacet
  facet normal -0.998797 -0.0490391 0
    outer loop
      vertex 0.00979614 4.80048 4.2
      vertex 0.0240631 4.5099 0
      vertex 0.0240631 4.5099 4.2
    endloop
  endfacet
  facet normal 0.803492 -0.595315 0
    outer loop
      vertex 128.865 1.82803 4.2
      vertex 129.157 2.22214 0
      vertex 129.157 2.22214 4.2
    endloop
  endfacet
  facet normal 0.803492 -0.595315 0
    outer loop
      vertex 129.157 2.22214 0
      vertex 128.865 1.82803 4.2
      vertex 128.865 1.82803 0
    endloop
  endfacet
  facet normal 0.425895 0.904773 -0
    outer loop
      vertex 127.357 131.41 0
      vertex 126.913 131.619 4.2
      vertex 127.357 131.41 4.2
    endloop
  endfacet
  facet normal 0.425895 0.904773 0
    outer loop
      vertex 126.913 131.619 4.2
      vertex 127.357 131.41 0
      vertex 126.913 131.619 0
    endloop
  endfacet
  facet normal 0.595423 0.803413 -0
    outer loop
      vertex 128.172 130.865 0
      vertex 127.778 131.157 4.2
      vertex 128.172 130.865 4.2
    endloop
  endfacet
  facet normal 0.595423 0.803413 0
    outer loop
      vertex 127.778 131.157 4.2
      vertex 128.172 130.865 0
      vertex 127.778 131.157 0
    endloop
  endfacet
  facet normal 1 -0 0
    outer loop
      vertex 130 15.2 4.2
      vertex 130 116.8 0
      vertex 130 116.8 4.2
    endloop
  endfacet
  facet normal 1 0 0
    outer loop
      vertex 130 116.8 0
      vertex 130 15.2 4.2
      vertex 130 15.2 0
    endloop
  endfacet
  facet normal 0 1 -0
    outer loop
      vertex 114.8 132 0
      vertex 15.2 132 4.2
      vertex 114.8 132 4.2
    endloop
  endfacet
  facet normal 0 1 0
    outer loop
      vertex 15.2 132 4.2
      vertex 114.8 132 0
      vertex 15.2 132 0
    endloop
  endfacet
  facet normal 0.904773 0.425895 0
    outer loop
      vertex 129.619 128.913 4.2
      vertex 129.41 129.357 0
      vertex 129.41 129.357 4.2
    endloop
  endfacet
  facet normal 0.904773 0.425895 0
    outer loop
      vertex 129.41 129.357 0
      vertex 129.619 128.913 4.2
      vertex 129.619 128.913 0
    endloop
  endfacet
  facet normal -0.941539 0.336904 0
    outer loop
      vertex 0.215286 128.451 0
      vertex 0.3806 128.913 4.2
      vertex 0.3806 128.913 0
    endloop
  endfacet
  facet normal -0.941539 0.336904 0
    outer loop
      vertex 0.3806 128.913 4.2
      vertex 0.215286 128.451 0
      vertex 0.215286 128.451 4.2
    endloop
  endfacet
  facet normal -1 0 0
    outer loop
      vertex 0 15.2 0
      vertex 0 116.8 4.2
      vertex 0 116.8 0
    endloop
  endfacet
  facet normal -1 -0 0
    outer loop
      vertex 0 116.8 4.2
      vertex 0 15.2 0
      vertex 0 15.2 4.2
    endloop
  endfacet
  facet normal -0.33691 -0.941537 0
    outer loop
      vertex 3.08658 0.3806 0
      vertex 3.54857 0.215286 4.2
      vertex 3.08658 0.3806 4.2
    endloop
  endfacet
  facet normal -0.33691 -0.941537 -0
    outer loop
      vertex 3.54857 0.215286 4.2
      vertex 3.08658 0.3806 0
      vertex 3.54857 0.215286 0
    endloop
  endfacet
  facet normal 0 -1 0
    outer loop
      vertex 15.2 0 0
      vertex 114.8 0 4.2
      vertex 15.2 0 4.2
    endloop
  endfacet
  facet normal 0 -1 -0
    outer loop
      vertex 114.8 0 4.2
      vertex 15.2 0 0
      vertex 114.8 0 0
    endloop
  endfacet
  facet normal 0.515094 0.857133 -0
    outer loop
      vertex 127.778 131.157 0
      vertex 127.357 131.41 4.2
      vertex 127.778 131.157 4.2
    endloop
  endfacet
  facet normal 0.515094 0.857133 0
    outer loop
      vertex 127.357 131.41 4.2
      vertex 127.778 131.157 0
      vertex 127.357 131.41 0
    endloop
  endfacet
  facet normal 0.427217 -0.904149 0
    outer loop
      vertex 126.913 0.3806 0
      vertex 127.357 0.590393 4.2
      vertex 126.913 0.3806 4.2
    endloop
  endfacet
  facet normal 0.427217 -0.904149 0
    outer loop
      vertex 127.357 0.590393 4.2
      vertex 126.913 0.3806 0
      vertex 127.357 0.590393 0
    endloop
  endfacet
  facet normal 0.970143 0.242536 0
    outer loop
      vertex 129.904 127.975 4.2
      vertex 129.785 128.451 0
      vertex 129.785 128.451 4.2
    endloop
  endfacet
  facet normal 0.970143 0.242536 0
    outer loop
      vertex 129.785 128.451 0
      vertex 129.904 127.975 4.2
      vertex 129.904 127.975 0
    endloop
  endfacet
  facet normal 0.336904 -0.941539 0
    outer loop
      vertex 126.451 0.215286 0
      vertex 126.913 0.3806 4.2
      vertex 126.451 0.215286 4.2
    endloop
  endfacet
  facet normal 0.336904 -0.941539 0
    outer loop
      vertex 126.913 0.3806 4.2
      vertex 126.451 0.215286 0
      vertex 126.913 0.3806 0
    endloop
  endfacet
  facet normal 0.857063 -0.515211 0
    outer loop
      vertex 129.157 2.22214 4.2
      vertex 129.41 2.64301 0
      vertex 129.41 2.64301 4.2
    endloop
  endfacet
  facet normal 0.857063 -0.515211 0
    outer loop
      vertex 129.41 2.64301 0
      vertex 129.157 2.22214 4.2
      vertex 129.157 2.22214 0
    endloop
  endfacet
  facet normal 0.904613 -0.426233 0
    outer loop
      vertex 129.41 2.64301 4.2
      vertex 129.619 3.08658 0
      vertex 129.619 3.08658 4.2
    endloop
  endfacet
  facet normal 0.904613 -0.426233 0
    outer loop
      vertex 129.619 3.08658 0
      vertex 129.41 2.64301 4.2
      vertex 129.41 2.64301 0
    endloop
  endfacet
  facet normal 0.338142 0.941095 -0
    outer loop
      vertex 126.913 131.619 0
      vertex 126.451 131.785 4.2
      vertex 126.913 131.619 4.2
    endloop
  endfacet
  facet normal 0.338142 0.941095 0
    outer loop
      vertex 126.451 131.785 4.2
      vertex 126.913 131.619 0
      vertex 126.451 131.785 0
    endloop
  endfacet
  facet normal 0.513983 -0.8578 0
    outer loop
      vertex 127.357 0.590393 0
      vertex 127.778 0.842651 4.2
      vertex 127.357 0.590393 4.2
    endloop
  endfacet
  facet normal 0.513983 -0.8578 0
    outer loop
      vertex 127.778 0.842651 4.2
      vertex 127.357 0.590393 0
      vertex 127.778 0.842651 0
    endloop
  endfacet
  facet normal -0.242966 -0.970035 0
    outer loop
      vertex 3.54857 0.215286 0
      vertex 4.02454 0.0960693 4.2
      vertex 3.54857 0.215286 4.2
    endloop
  endfacet
  facet normal -0.242966 -0.970035 -0
    outer loop
      vertex 4.02454 0.0960693 4.2
      vertex 3.54857 0.215286 0
      vertex 4.02454 0.0960693 0
    endloop
  endfacet
  facet normal -0.427555 -0.903989 0
    outer loop
      vertex 2.64301 0.590393 0
      vertex 3.08658 0.3806 4.2
      vertex 2.64301 0.590393 4.2
    endloop
  endfacet
  facet normal -0.427555 -0.903989 -0
    outer loop
      vertex 3.08658 0.3806 4.2
      vertex 2.64301 0.590393 0
      vertex 3.08658 0.3806 0
    endloop
  endfacet
  facet normal -0.741336 0.671134 0
    outer loop
      vertex 1.13493 130.172 0
      vertex 1.46446 130.536 4.2
      vertex 1.46446 130.536 0
    endloop
  endfacet
  facet normal -0.741336 0.671134 0
    outer loop
      vertex 1.46446 130.536 4.2
      vertex 1.13493 130.172 0
      vertex 1.13493 130.172 4.2
    endloop
  endfacet
  facet normal 0.67054 0.741874 -0
    outer loop
      vertex 128.536 130.536 0
      vertex 128.172 130.865 4.2
      vertex 128.536 130.536 4.2
    endloop
  endfacet
  facet normal 0.67054 0.741874 0
    outer loop
      vertex 128.172 130.865 4.2
      vertex 128.536 130.536 0
      vertex 128.172 130.865 0
    endloop
  endfacet
  facet normal 0.998837 0.0482197 0
    outer loop
      vertex 129.99 127.2 4.2
      vertex 129.976 127.49 0
      vertex 129.976 127.49 4.2
    endloop
  endfacet
  facet normal 0.998837 0.0482197 0
    outer loop
      vertex 129.976 127.49 0
      vertex 129.99 127.2 4.2
      vertex 129.99 127.2 0
    endloop
  endfacet
  facet normal -0.803141 0.59579 0
    outer loop
      vertex 0.842651 129.778 0
      vertex 1.13493 130.172 4.2
      vertex 1.13493 130.172 0
    endloop
  endfacet
  facet normal -0.803141 0.59579 0
    outer loop
      vertex 1.13493 130.172 4.2
      vertex 0.842651 129.778 0
      vertex 0.842651 129.778 4.2
    endloop
  endfacet
  facet normal 0.0482197 0.998837 -0
    outer loop
      vertex 125.49 131.976 0
      vertex 125.2 131.99 4.2
      vertex 125.49 131.976 4.2
    endloop
  endfacet
  facet normal 0.0482197 0.998837 0
    outer loop
      vertex 125.2 131.99 4.2
      vertex 125.49 131.976 0
      vertex 125.2 131.99 0
    endloop
  endfacet
  facet normal -0.989158 0.146857 0
    outer loop
      vertex 0.0240631 127.49 0
      vertex 0.0960693 127.975 4.2
      vertex 0.0960693 127.975 0
    endloop
  endfacet
  facet normal -0.989158 0.146857 0
    outer loop
      vertex 0.0960693 127.975 4.2
      vertex 0.0240631 127.49 0
      vertex 0.0240631 127.49 4.2
    endloop
  endfacet
  facet normal 0.59579 -0.803141 0
    outer loop
      vertex 127.778 0.842651 0
      vertex 128.172 1.13493 4.2
      vertex 127.778 0.842651 4.2
    endloop
  endfacet
  facet normal 0.59579 -0.803141 0
    outer loop
      vertex 128.172 1.13493 4.2
      vertex 127.778 0.842651 0
      vertex 128.172 1.13493 0
    endloop
  endfacet
  facet normal -0.5141 -0.85773 0
    outer loop
      vertex 2.22214 0.842651 0
      vertex 2.64301 0.590393 4.2
      vertex 2.22214 0.842651 4.2
    endloop
  endfacet
  facet normal -0.5141 -0.85773 -0
    outer loop
      vertex 2.64301 0.590393 4.2
      vertex 2.22214 0.842651 0
      vertex 2.64301 0.590393 0
    endloop
  endfacet
  facet normal 0.98916 0.146844 0
    outer loop
      vertex 129.976 127.49 4.2
      vertex 129.904 127.975 0
      vertex 129.904 127.975 4.2
    endloop
  endfacet
  facet normal 0.98916 0.146844 0
    outer loop
      vertex 129.904 127.975 0
      vertex 129.976 127.49 4.2
      vertex 129.976 127.49 0
    endloop
  endfacet
  facet normal 0.242951 -0.970039 0
    outer loop
      vertex 125.975 0.0960693 0
      vertex 126.451 0.215286 4.2
      vertex 125.975 0.0960693 4.2
    endloop
  endfacet
  facet normal 0.242951 -0.970039 0
    outer loop
      vertex 126.451 0.215286 4.2
      vertex 125.975 0.0960693 0
      vertex 126.451 0.215286 0
    endloop
  endfacet
  facet normal 0.970139 -0.24255 0
    outer loop
      vertex 129.785 3.54857 4.2
      vertex 129.904 4.02454 0
      vertex 129.904 4.02454 4.2
    endloop
  endfacet
  facet normal 0.970139 -0.24255 0
    outer loop
      vertex 129.904 4.02454 0
      vertex 129.785 3.54857 4.2
      vertex 129.785 3.54857 0
    endloop
  endfacet
  facet normal -0.8578 0.513983 0
    outer loop
      vertex 0.590393 129.357 0
      vertex 0.842651 129.778 4.2
      vertex 0.842651 129.778 0
    endloop
  endfacet
  facet normal -0.8578 0.513983 0
    outer loop
      vertex 0.842651 129.778 4.2
      vertex 0.590393 129.357 0
      vertex 0.590393 129.357 4.2
    endloop
  endfacet
  facet normal -0.0481237 0.998841 0
    outer loop
      vertex 4.80048 131.99 0
      vertex 4.5099 131.976 4.2
      vertex 4.80048 131.99 4.2
    endloop
  endfacet
  facet normal -0.0481237 0.998841 0
    outer loop
      vertex 4.5099 131.976 4.2
      vertex 4.80048 131.99 0
      vertex 4.5099 131.976 0
    endloop
  endfacet
  facet normal -0.904149 0.427217 0
    outer loop
      vertex 0.3806 128.913 0
      vertex 0.590393 129.357 4.2
      vertex 0.590393 129.357 0
    endloop
  endfacet
  facet normal -0.904149 0.427217 0
    outer loop
      vertex 0.590393 129.357 4.2
      vertex 0.3806 128.913 0
      vertex 0.3806 128.913 4.2
    endloop
  endfacet
  facet normal 0.941095 0.338142 0
    outer loop
      vertex 129.785 128.451 4.2
      vertex 129.619 128.913 0
      vertex 129.619 128.913 4.2
    endloop
  endfacet
  facet normal 0.941095 0.338142 0
    outer loop
      vertex 129.619 128.913 0
      vertex 129.785 128.451 4.2
      vertex 129.785 128.451 0
    endloop
  endfacet
  facet normal 0.989175 -0.146738 0
    outer loop
      vertex 129.904 4.02454 4.2
      vertex 129.976 4.5099 0
      vertex 129.976 4.5099 4.2
    endloop
  endfacet
  facet normal 0.989175 -0.146738 0
    outer loop
      vertex 129.976 4.5099 0
      vertex 129.904 4.02454 4.2
      vertex 129.904 4.02454 0
    endloop
  endfacet
  facet normal -0.970039 0.242951 0
    outer loop
      vertex 0.0960693 127.975 0
      vertex 0.215286 128.451 4.2
      vertex 0.215286 128.451 0
    endloop
  endfacet
  facet normal -0.970039 0.242951 0
    outer loop
      vertex 0.215286 128.451 4.2
      vertex 0.0960693 127.975 0
      vertex 0.0960693 127.975 4.2
    endloop
  endfacet
  facet normal 0.671134 -0.741336 0
    outer loop
      vertex 128.172 1.13493 0
      vertex 128.536 1.46446 4.2
      vertex 128.172 1.13493 4.2
    endloop
  endfacet
  facet normal 0.671134 -0.741336 0
    outer loop
      vertex 128.536 1.46446 4.2
      vertex 128.172 1.13493 0
      vertex 128.536 1.46446 0
    endloop
  endfacet
  facet normal 0.857133 0.515094 0
    outer loop
      vertex 129.41 129.357 4.2
      vertex 129.157 129.778 0
      vertex 129.157 129.778 4.2
    endloop
  endfacet
  facet normal 0.857133 0.515094 0
    outer loop
      vertex 129.157 129.778 0
      vertex 129.41 129.357 4.2
      vertex 129.41 129.357 0
    endloop
  endfacet
  facet normal 0.741874 0.67054 0
    outer loop
      vertex 128.865 130.172 4.2
      vertex 128.536 130.536 0
      vertex 128.536 130.536 4.2
    endloop
  endfacet
  facet normal 0.741874 0.67054 0
    outer loop
      vertex 128.536 130.536 0
      vertex 128.865 130.172 4.2
      vertex 128.865 130.172 0
    endloop
  endfacet
  facet normal 0.803413 0.595423 0
    outer loop
      vertex 129.157 129.778 4.2
      vertex 128.865 130.172 0
      vertex 128.865 130.172 4.2
    endloop
  endfacet
  facet normal 0.803413 0.595423 0
    outer loop
      vertex 128.865 130.172 0
      vertex 129.157 129.778 4.2
      vertex 129.157 129.778 0
    endloop
  endfacet
  facet normal -0.80322 -0.595682 0
    outer loop
      vertex 1.13493 1.82803 0
      vertex 0.842651 2.22214 4.2
      vertex 0.842651 2.22214 0
    endloop
  endfacet
  facet normal -0.80322 -0.595682 0
    outer loop
      vertex 0.842651 2.22214 4.2
      vertex 1.13493 1.82803 0
      vertex 1.13493 1.82803 4.2
    endloop
  endfacet
  facet normal -0.595682 -0.80322 0
    outer loop
      vertex 1.82803 1.13493 0
      vertex 2.22214 0.842651 4.2
      vertex 1.82803 1.13493 4.2
    endloop
  endfacet
  facet normal -0.595682 -0.80322 -0
    outer loop
      vertex 2.22214 0.842651 4.2
      vertex 1.82803 1.13493 0
      vertex 2.22214 0.842651 0
    endloop
  endfacet
  facet normal 0.242536 0.970143 -0
    outer loop
      vertex 126.451 131.785 0
      vertex 125.975 131.904 4.2
      vertex 126.451 131.785 4.2
    endloop
  endfacet
  facet normal 0.242536 0.970143 0
    outer loop
      vertex 125.975 131.904 4.2
      vertex 126.451 131.785 0
      vertex 125.975 131.904 0
    endloop
  endfacet
  facet normal -0.998792 0.0491361 0
    outer loop
      vertex 0.0097964 127.2 0
      vertex 0.0240631 127.49 4.2
      vertex 0.0240631 127.49 0
    endloop
  endfacet
  facet normal -0.998792 0.0491361 0
    outer loop
      vertex 0.0240631 127.49 4.2
      vertex 0.0097964 127.2 0
      vertex 0.0097964 127.2 4.2
    endloop
  endfacet
  facet normal -0.146738 0.989175 0
    outer loop
      vertex 4.5099 131.976 0
      vertex 4.02454 131.904 4.2
      vertex 4.5099 131.976 4.2
    endloop
  endfacet
  facet normal -0.146738 0.989175 0
    outer loop
      vertex 4.02454 131.904 4.2
      vertex 4.5099 131.976 0
      vertex 4.02454 131.904 0
    endloop
  endfacet
  facet normal -0.14675 -0.989174 0
    outer loop
      vertex 4.02454 0.0960693 0
      vertex 4.5099 0.0240631 4.2
      vertex 4.02454 0.0960693 4.2
    endloop
  endfacet
  facet normal -0.14675 -0.989174 -0
    outer loop
      vertex 4.5099 0.0240631 4.2
      vertex 4.02454 0.0960693 0
      vertex 4.5099 0.0240631 0
    endloop
  endfacet
  facet normal -0.426233 0.904613 0
    outer loop
      vertex 3.08658 131.619 0
      vertex 2.64301 131.41 4.2
      vertex 3.08658 131.619 4.2
    endloop
  endfacet
  facet normal -0.426233 0.904613 0
    outer loop
      vertex 2.64301 131.41 4.2
      vertex 3.08658 131.619 0
      vertex 2.64301 131.41 0
    endloop
  endfacet
  facet normal -0.740942 -0.671569 0
    outer loop
      vertex 1.46446 1.46446 0
      vertex 1.13493 1.82803 4.2
      vertex 1.13493 1.82803 0
    endloop
  endfacet
  facet normal -0.740942 -0.671569 0
    outer loop
      vertex 1.13493 1.82803 4.2
      vertex 1.46446 1.46446 0
      vertex 1.46446 1.46446 4.2
    endloop
  endfacet
  facet normal -0.670976 0.741479 0
    outer loop
      vertex 1.82803 130.865 0
      vertex 1.46446 130.536 4.2
      vertex 1.82803 130.865 4.2
    endloop
  endfacet
  facet normal -0.670976 0.741479 0
    outer loop
      vertex 1.46446 130.536 4.2
      vertex 1.82803 130.865 0
      vertex 1.46446 130.536 0
    endloop
  endfacet
  facet normal 0.146844 0.98916 -0
    outer loop
      vertex 125.975 131.904 0
      vertex 125.49 131.976 4.2
      vertex 125.975 131.904 4.2
    endloop
  endfacet
  facet normal 0.146844 0.98916 0
    outer loop
      vertex 125.49 131.976 4.2
      vertex 125.975 131.904 0
      vertex 125.49 131.976 0
    endloop
  endfacet
  facet normal 0.941093 -0.338149 0
    outer loop
      vertex 129.619 3.08658 4.2
      vertex 129.785 3.54857 0
      vertex 129.785 3.54857 4.2
    endloop
  endfacet
  facet normal 0.941093 -0.338149 0
    outer loop
      vertex 129.785 3.54857 0
      vertex 129.619 3.08658 4.2
      vertex 129.619 3.08658 0
    endloop
  endfacet
  facet normal 0.0491361 -0.998792 0
    outer loop
      vertex 125.2 0.0097964 0
      vertex 125.49 0.0240631 4.2
      vertex 125.2 0.0097964 4.2
    endloop
  endfacet
  facet normal 0.0491361 -0.998792 0
    outer loop
      vertex 125.49 0.0240631 4.2
      vertex 125.2 0.0097964 0
      vertex 125.49 0.0240631 0
    endloop
  endfacet
  facet normal 0.146857 -0.989158 0
    outer loop
      vertex 125.49 0.0240631 0
      vertex 125.975 0.0960693 4.2
      vertex 125.49 0.0240631 4.2
    endloop
  endfacet
  facet normal 0.146857 -0.989158 0
    outer loop
      vertex 125.975 0.0960693 4.2
      vertex 125.49 0.0240631 0
      vertex 125.975 0.0960693 0
    endloop
  endfacet
  facet normal -0.595315 0.803492 0
    outer loop
      vertex 2.22214 131.157 0
      vertex 1.82803 130.865 4.2
      vertex 2.22214 131.157 4.2
    endloop
  endfacet
  facet normal -0.595315 0.803492 0
    outer loop
      vertex 1.82803 130.865 4.2
      vertex 2.22214 131.157 0
      vertex 1.82803 130.865 0
    endloop
  endfacet
  facet normal -0.515211 0.857063 0
    outer loop
      vertex 2.64301 131.41 0
      vertex 2.22214 131.157 4.2
      vertex 2.64301 131.41 4.2
    endloop
  endfacet
  facet normal -0.515211 0.857063 0
    outer loop
      vertex 2.22214 131.157 4.2
      vertex 2.64301 131.41 0
      vertex 2.22214 131.157 0
    endloop
  endfacet
  facet normal 0.998841 -0.0481237 0
    outer loop
      vertex 129.976 4.5099 4.2
      vertex 129.99 4.80048 0
      vertex 129.99 4.80048 4.2
    endloop
  endfacet
  facet normal 0.998841 -0.0481237 0
    outer loop
      vertex 129.99 4.80048 0
      vertex 129.976 4.5099 4.2
      vertex 129.976 4.5099 0
    endloop
  endfacet
  facet normal -0.0490391 -0.998797 0
    outer loop
      vertex 4.5099 0.0240631 0
      vertex 4.80048 0.00979614 4.2
      vertex 4.5099 0.0240631 4.2
    endloop
  endfacet
  facet normal -0.0490391 -0.998797 -0
    outer loop
      vertex 4.80048 0.00979614 4.2
      vertex 4.5099 0.0240631 0
      vertex 4.80048 0.00979614 0
    endloop
  endfacet
  facet normal -0.671569 -0.740942 0
    outer loop
      vertex 1.46446 1.46446 0
      vertex 1.82803 1.13493 4.2
      vertex 1.46446 1.46446 4.2
    endloop
  endfacet
  facet normal -0.671569 -0.740942 -0
    outer loop
      vertex 1.82803 1.13493 4.2
      vertex 1.46446 1.46446 0
      vertex 1.82803 1.13493 0
    endloop
  endfacet
  facet normal -0.903989 -0.427555 0
    outer loop
      vertex 0.590393 2.64301 0
      vertex 0.3806 3.08658 4.2
      vertex 0.3806 3.08658 0
    endloop
  endfacet
  facet normal -0.903989 -0.427555 0
    outer loop
      vertex 0.3806 3.08658 4.2
      vertex 0.590393 2.64301 0
      vertex 0.590393 2.64301 4.2
    endloop
  endfacet
  facet normal -0.24255 0.970139 0
    outer loop
      vertex 4.02454 131.904 0
      vertex 3.54857 131.785 4.2
      vertex 4.02454 131.904 4.2
    endloop
  endfacet
  facet normal -0.24255 0.970139 0
    outer loop
      vertex 3.54857 131.785 4.2
      vertex 4.02454 131.904 0
      vertex 3.54857 131.785 0
    endloop
  endfacet
  facet normal -0.338149 0.941093 0
    outer loop
      vertex 3.54857 131.785 0
      vertex 3.08658 131.619 4.2
      vertex 3.54857 131.785 4.2
    endloop
  endfacet
  facet normal -0.338149 0.941093 0
    outer loop
      vertex 3.08658 131.619 4.2
      vertex 3.54857 131.785 0
      vertex 3.08658 131.619 0
    endloop
  endfacet
  facet normal -0.970035 -0.242966 0
    outer loop
      vertex 0.215286 3.54857 0
      vertex 0.0960693 4.02454 4.2
      vertex 0.0960693 4.02454 0
    endloop
  endfacet
  facet normal -0.970035 -0.242966 0
    outer loop
      vertex 0.0960693 4.02454 4.2
      vertex 0.215286 3.54857 0
      vertex 0.215286 3.54857 4.2
    endloop
  endfacet
  facet normal -0.85773 -0.5141 0
    outer loop
      vertex 0.842651 2.22214 0
      vertex 0.590393 2.64301 4.2
      vertex 0.590393 2.64301 0
    endloop
  endfacet
  facet normal -0.85773 -0.5141 0
    outer loop
      vertex 0.590393 2.64301 4.2
      vertex 0.842651 2.22214 0
      vertex 0.842651 2.22214 4.2
    endloop
  endfacet
  facet normal -0.941537 -0.33691 0
    outer loop
      vertex 0.3806 3.08658 0
      vertex 0.215286 3.54857 4.2
      vertex 0.215286 3.54857 0
    endloop
  endfacet
  facet normal -0.941537 -0.33691 0
    outer loop
      vertex 0.215286 3.54857 4.2
      vertex 0.3806 3.08658 0
      vertex 0.3806 3.08658 4.2
    endloop
  endfacet
  facet normal -0.989176 -0.146734 0
    outer loop
      vertex 1.66693 10.1642 0
      vertex 1.64281 10.3268 4.2
      vertex 1.64281 10.3268 0
    endloop
  endfacet
  facet normal -0.989176 -0.146734 0
    outer loop
      vertex 1.64281 10.3268 4.2
      vertex 1.66693 10.1642 0
      vertex 1.66693 10.1642 4.2
    endloop
  endfacet
  facet normal -0.998794 -0.0490881 0
    outer loop
      vertex 1.675 10 0
      vertex 1.66693 10.1642 4.2
      vertex 1.66693 10.1642 0
    endloop
  endfacet
  facet normal -0.998794 -0.0490881 0
    outer loop
      vertex 1.66693 10.1642 4.2
      vertex 1.675 10 0
      vertex 1.675 10 4.2
    endloop
  endfacet
  facet normal -0.970013 -0.243051 0
    outer loop
      vertex 1.64281 10.3268 0
      vertex 1.60287 10.4862 4.2
      vertex 1.60287 10.4862 0
    endloop
  endfacet
  facet normal -0.970013 -0.243051 0
    outer loop
      vertex 1.60287 10.4862 4.2
      vertex 1.64281 10.3268 0
      vertex 1.64281 10.3268 4.2
    endloop
  endfacet
  facet normal 0.24275 -0.970089 0
    outer loop
      vertex -0.486226 11.6029 0
      vertex -0.326776 11.6428 4.2
      vertex -0.486226 11.6029 4.2
    endloop
  endfacet
  facet normal 0.24275 -0.970089 0
    outer loop
      vertex -0.326776 11.6428 4.2
      vertex -0.486226 11.6029 0
      vertex -0.326776 11.6428 0
    endloop
  endfacet
  facet normal 0.903984 0.427566 0
    outer loop
      vertex -1.47722 9.21041 4.2
      vertex -1.5475 9.359 0
      vertex -1.5475 9.359 4.2
    endloop
  endfacet
  facet normal 0.903984 0.427566 0
    outer loop
      vertex -1.5475 9.359 0
      vertex -1.47722 9.21041 4.2
      vertex -1.47722 9.21041 0
    endloop
  endfacet
  facet normal 0.242979 0.970031 -0
    outer loop
      vertex -0.326776 8.35718 0
      vertex -0.486226 8.39712 4.2
      vertex -0.326776 8.35718 4.2
    endloop
  endfacet
  facet normal 0.242979 0.970031 0
    outer loop
      vertex -0.486226 8.39712 4.2
      vertex -0.326776 8.35718 0
      vertex -0.486226 8.39712 0
    endloop
  endfacet
  facet normal -0.514117 0.85772 0
    outer loop
      vertex 0.93058 8.60729 0
      vertex 0.789589 8.52278 4.2
      vertex 0.93058 8.60729 4.2
    endloop
  endfacet
  facet normal -0.514117 0.85772 0
    outer loop
      vertex 0.789589 8.52278 4.2
      vertex 0.93058 8.60729 0
      vertex 0.789589 8.52278 0
    endloop
  endfacet
  facet normal 0.336907 0.941538 -0
    outer loop
      vertex -0.486226 8.39712 0
      vertex -0.640994 8.4525 4.2
      vertex -0.486226 8.39712 4.2
    endloop
  endfacet
  facet normal 0.336907 0.941538 0
    outer loop
      vertex -0.640994 8.4525 4.2
      vertex -0.486226 8.39712 0
      vertex -0.640994 8.4525 0
    endloop
  endfacet
  facet normal -0.336907 0.941538 0
    outer loop
      vertex 0.640994 8.4525 0
      vertex 0.486226 8.39712 4.2
      vertex 0.640994 8.4525 4.2
    endloop
  endfacet
  facet normal -0.336907 0.941538 0
    outer loop
      vertex 0.486226 8.39712 4.2
      vertex 0.640994 8.4525 0
      vertex 0.486226 8.39712 0
    endloop
  endfacet
  facet normal 0.671612 -0.740903 0
    outer loop
      vertex -1.1844 11.1844 0
      vertex -1.06261 11.2948 4.2
      vertex -1.1844 11.1844 4.2
    endloop
  endfacet
  facet normal 0.671612 -0.740903 0
    outer loop
      vertex -1.06261 11.2948 4.2
      vertex -1.1844 11.1844 0
      vertex -1.06261 11.2948 0
    endloop
  endfacet
  facet normal -0.242979 0.970031 0
    outer loop
      vertex 0.486226 8.39712 0
      vertex 0.326776 8.35718 4.2
      vertex 0.486226 8.39712 4.2
    endloop
  endfacet
  facet normal -0.242979 0.970031 0
    outer loop
      vertex 0.326776 8.35718 4.2
      vertex 0.486226 8.39712 0
      vertex 0.326776 8.35718 0
    endloop
  endfacet
  facet normal 0.857734 -0.514093 0
    outer loop
      vertex -1.47722 10.7896 4.2
      vertex -1.39271 10.9306 0
      vertex -1.39271 10.9306 4.2
    endloop
  endfacet
  facet normal 0.857734 -0.514093 0
    outer loop
      vertex -1.39271 10.9306 0
      vertex -1.47722 10.7896 4.2
      vertex -1.47722 10.7896 0
    endloop
  endfacet
  facet normal 0.989176 -0.146734 0
    outer loop
      vertex -1.66693 10.1642 4.2
      vertex -1.64281 10.3268 0
      vertex -1.64281 10.3268 4.2
    endloop
  endfacet
  facet normal 0.989176 -0.146734 0
    outer loop
      vertex -1.64281 10.3268 0
      vertex -1.66693 10.1642 4.2
      vertex -1.66693 10.1642 0
    endloop
  endfacet
  facet normal -0.903995 -0.427542 0
    outer loop
      vertex 1.5475 10.641 0
      vertex 1.47722 10.7896 4.2
      vertex 1.47722 10.7896 0
    endloop
  endfacet
  facet normal -0.903995 -0.427542 0
    outer loop
      vertex 1.47722 10.7896 4.2
      vertex 1.5475 10.641 0
      vertex 1.5475 10.641 4.2
    endloop
  endfacet
  facet normal -0.803208 0.595699 0
    outer loop
      vertex 1.29479 8.93739 0
      vertex 1.39271 9.06942 4.2
      vertex 1.39271 9.06942 0
    endloop
  endfacet
  facet normal -0.803208 0.595699 0
    outer loop
      vertex 1.39271 9.06942 4.2
      vertex 1.29479 8.93739 0
      vertex 1.29479 8.93739 4.2
    endloop
  endfacet
  facet normal 0.59562 -0.803266 0
    outer loop
      vertex -1.06261 11.2948 0
      vertex -0.93058 11.3927 4.2
      vertex -1.06261 11.2948 4.2
    endloop
  endfacet
  facet normal 0.59562 -0.803266 0
    outer loop
      vertex -0.93058 11.3927 4.2
      vertex -1.06261 11.2948 0
      vertex -0.93058 11.3927 0
    endloop
  endfacet
  facet normal -0.59562 -0.803266 0
    outer loop
      vertex 0.93058 11.3927 0
      vertex 1.06261 11.2948 4.2
      vertex 0.93058 11.3927 4.2
    endloop
  endfacet
  facet normal -0.59562 -0.803266 -0
    outer loop
      vertex 1.06261 11.2948 4.2
      vertex 0.93058 11.3927 0
      vertex 1.06261 11.2948 0
    endloop
  endfacet
  facet normal -0.146617 -0.989193 0
    outer loop
      vertex 0.164178 11.6669 0
      vertex 0.326776 11.6428 4.2
      vertex 0.164178 11.6669 4.2
    endloop
  endfacet
  facet normal -0.146617 -0.989193 -0
    outer loop
      vertex 0.326776 11.6428 4.2
      vertex 0.164178 11.6669 0
      vertex 0.326776 11.6428 0
    endloop
  endfacet
  facet normal -0.803143 -0.595786 0
    outer loop
      vertex 1.39271 10.9306 0
      vertex 1.29479 11.0626 4.2
      vertex 1.29479 11.0626 0
    endloop
  endfacet
  facet normal -0.803143 -0.595786 0
    outer loop
      vertex 1.29479 11.0626 4.2
      vertex 1.39271 10.9306 0
      vertex 1.39271 10.9306 4.2
    endloop
  endfacet
  facet normal 0.514073 -0.857747 0
    outer loop
      vertex -0.93058 11.3927 0
      vertex -0.789589 11.4772 4.2
      vertex -0.93058 11.3927 4.2
    endloop
  endfacet
  facet normal 0.514073 -0.857747 0
    outer loop
      vertex -0.789589 11.4772 4.2
      vertex -0.93058 11.3927 0
      vertex -0.789589 11.4772 0
    endloop
  endfacet
  facet normal -0.514073 -0.857747 0
    outer loop
      vertex 0.789589 11.4772 0
      vertex 0.93058 11.3927 4.2
      vertex 0.789589 11.4772 4.2
    endloop
  endfacet
  facet normal -0.514073 -0.857747 -0
    outer loop
      vertex 0.93058 11.3927 4.2
      vertex 0.789589 11.4772 0
      vertex 0.93058 11.3927 0
    endloop
  endfacet
  facet normal -0.671612 -0.740903 0
    outer loop
      vertex 1.06261 11.2948 0
      vertex 1.1844 11.1844 4.2
      vertex 1.06261 11.2948 4.2
    endloop
  endfacet
  facet normal -0.671612 -0.740903 -0
    outer loop
      vertex 1.1844 11.1844 4.2
      vertex 1.06261 11.2948 0
      vertex 1.1844 11.1844 0
    endloop
  endfacet
  facet normal 0.941559 0.336849 0
    outer loop
      vertex -1.5475 9.359 4.2
      vertex -1.60287 9.51377 0
      vertex -1.60287 9.51377 4.2
    endloop
  endfacet
  facet normal 0.941559 0.336849 0
    outer loop
      vertex -1.60287 9.51377 0
      vertex -1.5475 9.359 4.2
      vertex -1.5475 9.359 0
    endloop
  endfacet
  facet normal -0.998794 0.0490941 0
    outer loop
      vertex 1.66693 9.83582 0
      vertex 1.675 10 4.2
      vertex 1.675 10 0
    endloop
  endfacet
  facet normal -0.998794 0.0490941 0
    outer loop
      vertex 1.675 10 4.2
      vertex 1.66693 9.83582 0
      vertex 1.66693 9.83582 4.2
    endloop
  endfacet
  facet normal 0.427654 -0.903943 0
    outer loop
      vertex -0.789589 11.4772 0
      vertex -0.640994 11.5475 4.2
      vertex -0.789589 11.4772 4.2
    endloop
  endfacet
  facet normal 0.427654 -0.903943 0
    outer loop
      vertex -0.640994 11.5475 4.2
      vertex -0.789589 11.4772 0
      vertex -0.640994 11.5475 0
    endloop
  endfacet
  facet normal -0.903984 0.427566 0
    outer loop
      vertex 1.47722 9.21041 0
      vertex 1.5475 9.359 4.2
      vertex 1.5475 9.359 0
    endloop
  endfacet
  facet normal -0.903984 0.427566 0
    outer loop
      vertex 1.5475 9.359 4.2
      vertex 1.47722 9.21041 0
      vertex 1.47722 9.21041 4.2
    endloop
  endfacet
  facet normal 0.595699 0.803208 -0
    outer loop
      vertex -0.93058 8.60729 0
      vertex -1.06261 8.70521 4.2
      vertex -0.93058 8.60729 4.2
    endloop
  endfacet
  facet normal 0.595699 0.803208 0
    outer loop
      vertex -1.06261 8.70521 4.2
      vertex -0.93058 8.60729 0
      vertex -1.06261 8.70521 0
    endloop
  endfacet
  facet normal 0.803143 -0.595786 0
    outer loop
      vertex -1.39271 10.9306 4.2
      vertex -1.29479 11.0626 0
      vertex -1.29479 11.0626 4.2
    endloop
  endfacet
  facet normal 0.803143 -0.595786 0
    outer loop
      vertex -1.29479 11.0626 0
      vertex -1.39271 10.9306 4.2
      vertex -1.39271 10.9306 0
    endloop
  endfacet
  facet normal 0.941579 -0.336791 0
    outer loop
      vertex -1.60287 10.4862 4.2
      vertex -1.5475 10.641 0
      vertex -1.5475 10.641 4.2
    endloop
  endfacet
  facet normal 0.941579 -0.336791 0
    outer loop
      vertex -1.5475 10.641 0
      vertex -1.60287 10.4862 4.2
      vertex -1.60287 10.4862 0
    endloop
  endfacet
  facet normal -0.941579 -0.336791 0
    outer loop
      vertex 1.60287 10.4862 0
      vertex 1.5475 10.641 4.2
      vertex 1.5475 10.641 0
    endloop
  endfacet
  facet normal -0.941579 -0.336791 0
    outer loop
      vertex 1.5475 10.641 4.2
      vertex 1.60287 10.4862 0
      vertex 1.60287 10.4862 4.2
    endloop
  endfacet
  facet normal 0.671579 0.740933 -0
    outer loop
      vertex -1.06261 8.70521 0
      vertex -1.1844 8.8156 4.2
      vertex -1.06261 8.70521 4.2
    endloop
  endfacet
  facet normal 0.671579 0.740933 0
    outer loop
      vertex -1.1844 8.8156 4.2
      vertex -1.06261 8.70521 0
      vertex -1.1844 8.8156 0
    endloop
  endfacet
  facet normal -0.970031 0.242979 0
    outer loop
      vertex 1.60287 9.51377 0
      vertex 1.64281 9.67322 4.2
      vertex 1.64281 9.67322 0
    endloop
  endfacet
  facet normal -0.970031 0.242979 0
    outer loop
      vertex 1.64281 9.67322 4.2
      vertex 1.60287 9.51377 0
      vertex 1.60287 9.51377 4.2
    endloop
  endfacet
  facet normal -0.989176 0.146734 0
    outer loop
      vertex 1.64281 9.67322 0
      vertex 1.66693 9.83582 4.2
      vertex 1.66693 9.83582 0
    endloop
  endfacet
  facet normal -0.989176 0.146734 0
    outer loop
      vertex 1.66693 9.83582 4.2
      vertex 1.64281 9.67322 0
      vertex 1.64281 9.67322 4.2
    endloop
  endfacet
  facet normal 0.514117 0.85772 -0
    outer loop
      vertex -0.789589 8.52278 0
      vertex -0.93058 8.60729 4.2
      vertex -0.789589 8.52278 4.2
    endloop
  endfacet
  facet normal 0.514117 0.85772 0
    outer loop
      vertex -0.93058 8.60729 4.2
      vertex -0.789589 8.52278 0
      vertex -0.93058 8.60729 0
    endloop
  endfacet
  facet normal -0.337015 -0.941499 0
    outer loop
      vertex 0.486226 11.6029 0
      vertex 0.640994 11.5475 4.2
      vertex 0.486226 11.6029 4.2
    endloop
  endfacet
  facet normal -0.337015 -0.941499 -0
    outer loop
      vertex 0.640994 11.5475 4.2
      vertex 0.486226 11.6029 0
      vertex 0.640994 11.5475 0
    endloop
  endfacet
  facet normal 0.337015 -0.941499 0
    outer loop
      vertex -0.640994 11.5475 0
      vertex -0.486226 11.6029 4.2
      vertex -0.640994 11.5475 4.2
    endloop
  endfacet
  facet normal 0.337015 -0.941499 0
    outer loop
      vertex -0.486226 11.6029 4.2
      vertex -0.640994 11.5475 0
      vertex -0.486226 11.6029 0
    endloop
  endfacet
  facet normal -0.146676 0.989185 0
    outer loop
      vertex 0.326776 8.35718 0
      vertex 0.164178 8.33307 4.2
      vertex 0.326776 8.35718 4.2
    endloop
  endfacet
  facet normal -0.146676 0.989185 0
    outer loop
      vertex 0.164178 8.33307 4.2
      vertex 0.326776 8.35718 0
      vertex 0.164178 8.33307 0
    endloop
  endfacet
  facet normal -0.857718 0.51412 0
    outer loop
      vertex 1.39271 9.06942 0
      vertex 1.47722 9.21041 4.2
      vertex 1.47722 9.21041 0
    endloop
  endfacet
  facet normal -0.857718 0.51412 0
    outer loop
      vertex 1.47722 9.21041 4.2
      vertex 1.39271 9.06942 0
      vertex 1.39271 9.06942 4.2
    endloop
  endfacet
  facet normal 0.0492768 -0.998785 0
    outer loop
      vertex -0.164178 11.6669 0
      vertex 0 11.675 4.2
      vertex -0.164178 11.6669 4.2
    endloop
  endfacet
  facet normal 0.0492768 -0.998785 0
    outer loop
      vertex 0 11.675 4.2
      vertex -0.164178 11.6669 0
      vertex 0 11.675 0
    endloop
  endfacet
  facet normal 0.998794 0.0490941 0
    outer loop
      vertex -1.66693 9.83582 4.2
      vertex -1.675 10 0
      vertex -1.675 10 4.2
    endloop
  endfacet
  facet normal 0.998794 0.0490941 0
    outer loop
      vertex -1.675 10 0
      vertex -1.66693 9.83582 4.2
      vertex -1.66693 9.83582 0
    endloop
  endfacet
  facet normal -0.941559 0.336849 0
    outer loop
      vertex 1.5475 9.359 0
      vertex 1.60287 9.51377 4.2
      vertex 1.60287 9.51377 0
    endloop
  endfacet
  facet normal -0.941559 0.336849 0
    outer loop
      vertex 1.60287 9.51377 4.2
      vertex 1.5475 9.359 0
      vertex 1.5475 9.359 4.2
    endloop
  endfacet
  facet normal -0.427654 -0.903943 0
    outer loop
      vertex 0.640994 11.5475 0
      vertex 0.789589 11.4772 4.2
      vertex 0.640994 11.5475 4.2
    endloop
  endfacet
  facet normal -0.427654 -0.903943 -0
    outer loop
      vertex 0.789589 11.4772 4.2
      vertex 0.640994 11.5475 0
      vertex 0.789589 11.4772 0
    endloop
  endfacet
  facet normal -0.74096 -0.671549 0
    outer loop
      vertex 1.29479 11.0626 0
      vertex 1.1844 11.1844 4.2
      vertex 1.1844 11.1844 0
    endloop
  endfacet
  facet normal -0.74096 -0.671549 0
    outer loop
      vertex 1.1844 11.1844 4.2
      vertex 1.29479 11.0626 0
      vertex 1.29479 11.0626 4.2
    endloop
  endfacet
  facet normal -0.0492768 -0.998785 0
    outer loop
      vertex 0 11.675 0
      vertex 0.164178 11.6669 4.2
      vertex 0 11.675 4.2
    endloop
  endfacet
  facet normal -0.0492768 -0.998785 -0
    outer loop
      vertex 0.164178 11.6669 4.2
      vertex 0 11.675 0
      vertex 0.164178 11.6669 0
    endloop
  endfacet
  facet normal 0.857718 0.51412 0
    outer loop
      vertex -1.39271 9.06942 4.2
      vertex -1.47722 9.21041 0
      vertex -1.47722 9.21041 4.2
    endloop
  endfacet
  facet normal 0.857718 0.51412 0
    outer loop
      vertex -1.47722 9.21041 0
      vertex -1.39271 9.06942 4.2
      vertex -1.39271 9.06942 0
    endloop
  endfacet
  facet normal -0.857734 -0.514093 0
    outer loop
      vertex 1.47722 10.7896 0
      vertex 1.39271 10.9306 4.2
      vertex 1.39271 10.9306 0
    endloop
  endfacet
  facet normal -0.857734 -0.514093 0
    outer loop
      vertex 1.39271 10.9306 4.2
      vertex 1.47722 10.7896 0
      vertex 1.47722 10.7896 4.2
    endloop
  endfacet
  facet normal 0.146676 0.989185 -0
    outer loop
      vertex -0.164178 8.33307 0
      vertex -0.326776 8.35718 4.2
      vertex -0.164178 8.33307 4.2
    endloop
  endfacet
  facet normal 0.146676 0.989185 0
    outer loop
      vertex -0.326776 8.35718 4.2
      vertex -0.164178 8.33307 0
      vertex -0.326776 8.35718 0
    endloop
  endfacet
  facet normal -0.671579 0.740933 0
    outer loop
      vertex 1.1844 8.8156 0
      vertex 1.06261 8.70521 4.2
      vertex 1.1844 8.8156 4.2
    endloop
  endfacet
  facet normal -0.671579 0.740933 0
    outer loop
      vertex 1.06261 8.70521 4.2
      vertex 1.1844 8.8156 0
      vertex 1.06261 8.70521 0
    endloop
  endfacet
  facet normal 0.0490947 0.998794 -0
    outer loop
      vertex 0 8.325 0
      vertex -0.164178 8.33307 4.2
      vertex 0 8.325 4.2
    endloop
  endfacet
  facet normal 0.0490947 0.998794 0
    outer loop
      vertex -0.164178 8.33307 4.2
      vertex 0 8.325 0
      vertex -0.164178 8.33307 0
    endloop
  endfacet
  facet normal 0.74096 -0.671549 0
    outer loop
      vertex -1.29479 11.0626 4.2
      vertex -1.1844 11.1844 0
      vertex -1.1844 11.1844 4.2
    endloop
  endfacet
  facet normal 0.74096 -0.671549 0
    outer loop
      vertex -1.1844 11.1844 0
      vertex -1.29479 11.0626 4.2
      vertex -1.29479 11.0626 0
    endloop
  endfacet
  facet normal 0.146617 -0.989193 0
    outer loop
      vertex -0.326776 11.6428 0
      vertex -0.164178 11.6669 4.2
      vertex -0.326776 11.6428 4.2
    endloop
  endfacet
  facet normal 0.146617 -0.989193 0
    outer loop
      vertex -0.164178 11.6669 4.2
      vertex -0.326776 11.6428 0
      vertex -0.164178 11.6669 0
    endloop
  endfacet
  facet normal 0.903995 -0.427542 0
    outer loop
      vertex -1.5475 10.641 4.2
      vertex -1.47722 10.7896 0
      vertex -1.47722 10.7896 4.2
    endloop
  endfacet
  facet normal 0.903995 -0.427542 0
    outer loop
      vertex -1.47722 10.7896 0
      vertex -1.5475 10.641 4.2
      vertex -1.5475 10.641 0
    endloop
  endfacet
  facet normal 0.970013 -0.243051 0
    outer loop
      vertex -1.64281 10.3268 4.2
      vertex -1.60287 10.4862 0
      vertex -1.60287 10.4862 4.2
    endloop
  endfacet
  facet normal 0.970013 -0.243051 0
    outer loop
      vertex -1.60287 10.4862 0
      vertex -1.64281 10.3268 4.2
      vertex -1.64281 10.3268 0
    endloop
  endfacet
  facet normal -0.24275 -0.970089 0
    outer loop
      vertex 0.326776 11.6428 0
      vertex 0.486226 11.6029 4.2
      vertex 0.326776 11.6428 4.2
    endloop
  endfacet
  facet normal -0.24275 -0.970089 -0
    outer loop
      vertex 0.486226 11.6029 4.2
      vertex 0.326776 11.6428 0
      vertex 0.486226 11.6029 0
    endloop
  endfacet
  facet normal 0.970031 0.242979 0
    outer loop
      vertex -1.60287 9.51377 4.2
      vertex -1.64281 9.67322 0
      vertex -1.64281 9.67322 4.2
    endloop
  endfacet
  facet normal 0.970031 0.242979 0
    outer loop
      vertex -1.64281 9.67322 0
      vertex -1.60287 9.51377 4.2
      vertex -1.60287 9.51377 0
    endloop
  endfacet
  facet normal 0.427554 0.90399 -0
    outer loop
      vertex -0.640994 8.4525 0
      vertex -0.789589 8.52278 4.2
      vertex -0.640994 8.4525 4.2
    endloop
  endfacet
  facet normal 0.427554 0.90399 0
    outer loop
      vertex -0.789589 8.52278 4.2
      vertex -0.640994 8.4525 0
      vertex -0.789589 8.52278 0
    endloop
  endfacet
  facet normal 0.740933 0.671579 0
    outer loop
      vertex -1.1844 8.8156 4.2
      vertex -1.29479 8.93739 0
      vertex -1.29479 8.93739 4.2
    endloop
  endfacet
  facet normal 0.740933 0.671579 0
    outer loop
      vertex -1.29479 8.93739 0
      vertex -1.1844 8.8156 4.2
      vertex -1.1844 8.8156 0
    endloop
  endfacet
  facet normal -0.427554 0.90399 0
    outer loop
      vertex 0.789589 8.52278 0
      vertex 0.640994 8.4525 4.2
      vertex 0.789589 8.52278 4.2
    endloop
  endfacet
  facet normal -0.427554 0.90399 0
    outer loop
      vertex 0.640994 8.4525 4.2
      vertex 0.789589 8.52278 0
      vertex 0.640994 8.4525 0
    endloop
  endfacet
  facet normal -0.0490947 0.998794 0
    outer loop
      vertex 0.164178 8.33307 0
      vertex 0 8.325 4.2
      vertex 0.164178 8.33307 4.2
    endloop
  endfacet
  facet normal -0.0490947 0.998794 0
    outer loop
      vertex 0 8.325 4.2
      vertex 0.164178 8.33307 0
      vertex 0 8.325 0
    endloop
  endfacet
  facet normal 0.989176 0.146734 0
    outer loop
      vertex -1.64281 9.67322 4.2
      vertex -1.66693 9.83582 0
      vertex -1.66693 9.83582 4.2
    endloop
  endfacet
  facet normal 0.989176 0.146734 0
    outer loop
      vertex -1.66693 9.83582 0
      vertex -1.64281 9.67322 4.2
      vertex -1.64281 9.67322 0
    endloop
  endfacet
  facet normal -0.595699 0.803208 0
    outer loop
      vertex 1.06261 8.70521 0
      vertex 0.93058 8.60729 4.2
      vertex 1.06261 8.70521 4.2
    endloop
  endfacet
  facet normal -0.595699 0.803208 0
    outer loop
      vertex 0.93058 8.60729 4.2
      vertex 1.06261 8.70521 0
      vertex 0.93058 8.60729 0
    endloop
  endfacet
  facet normal 0.803208 0.595699 0
    outer loop
      vertex -1.29479 8.93739 4.2
      vertex -1.39271 9.06942 0
      vertex -1.39271 9.06942 4.2
    endloop
  endfacet
  facet normal 0.803208 0.595699 0
    outer loop
      vertex -1.39271 9.06942 0
      vertex -1.29479 8.93739 4.2
      vertex -1.29479 8.93739 0
    endloop
  endfacet
  facet normal 0.998794 -0.0490881 0
    outer loop
      vertex -1.675 10 4.2
      vertex -1.66693 10.1642 0
      vertex -1.66693 10.1642 4.2
    endloop
  endfacet
  facet normal 0.998794 -0.0490881 0
    outer loop
      vertex -1.66693 10.1642 0
      vertex -1.675 10 4.2
      vertex -1.675 10 0
    endloop
  endfacet
  facet normal -0.740933 0.671579 0
    outer loop
      vertex 1.1844 8.8156 0
      vertex 1.29479 8.93739 4.2
      vertex 1.29479 8.93739 0
    endloop
  endfacet
  facet normal -0.740933 0.671579 0
    outer loop
      vertex 1.29479 8.93739 4.2
      vertex 1.1844 8.8156 0
      vertex 1.1844 8.8156 4.2
    endloop
  endfacet
  facet normal -0.989228 -0.146381 0
    outer loop
      vertex 1.66693 122.164 0
      vertex 1.64281 122.327 4.2
      vertex 1.64281 122.327 0
    endloop
  endfacet
  facet normal -0.989228 -0.146381 0
    outer loop
      vertex 1.64281 122.327 4.2
      vertex 1.66693 122.164 0
      vertex 1.66693 122.164 4.2
    endloop
  endfacet
  facet normal -0.998792 -0.0491479 0
    outer loop
      vertex 1.675 122 0
      vertex 1.66693 122.164 4.2
      vertex 1.66693 122.164 0
    endloop
  endfacet
  facet normal -0.998792 -0.0491479 0
    outer loop
      vertex 1.66693 122.164 4.2
      vertex 1.675 122 0
      vertex 1.675 122 4.2
    endloop
  endfacet
  facet normal -0.969869 -0.243626 0
    outer loop
      vertex 1.64281 122.327 0
      vertex 1.60287 122.486 4.2
      vertex 1.60287 122.486 0
    endloop
  endfacet
  facet normal -0.969869 -0.243626 0
    outer loop
      vertex 1.60287 122.486 4.2
      vertex 1.64281 122.327 0
      vertex 1.64281 122.327 4.2
    endloop
  endfacet
  facet normal 0.243323 -0.969945 0
    outer loop
      vertex -0.486226 123.603 0
      vertex -0.326776 123.643 4.2
      vertex -0.486226 123.603 4.2
    endloop
  endfacet
  facet normal 0.243323 -0.969945 0
    outer loop
      vertex -0.326776 123.643 4.2
      vertex -0.486226 123.603 0
      vertex -0.326776 123.643 0
    endloop
  endfacet
  facet normal 0.904439 0.426604 0
    outer loop
      vertex -1.47722 121.21 4.2
      vertex -1.5475 121.359 0
      vertex -1.5475 121.359 4.2
    endloop
  endfacet
  facet normal 0.904439 0.426604 0
    outer loop
      vertex -1.5475 121.359 0
      vertex -1.47722 121.21 4.2
      vertex -1.47722 121.21 0
    endloop
  endfacet
  facet normal -0.431124 0.902293 0
    outer loop
      vertex 0.789589 120.523 0
      vertex 0.640994 120.452 4.2
      vertex 0.789589 120.523 4.2
    endloop
  endfacet
  facet normal -0.431124 0.902293 0
    outer loop
      vertex 0.640994 120.452 4.2
      vertex 0.789589 120.523 0
      vertex 0.640994 120.452 0
    endloop
  endfacet
  facet normal 0.243323 0.969945 -0
    outer loop
      vertex -0.326776 120.357 0
      vertex -0.486226 120.397 4.2
      vertex -0.326776 120.357 4.2
    endloop
  endfacet
  facet normal 0.243323 0.969945 0
    outer loop
      vertex -0.486226 120.397 4.2
      vertex -0.326776 120.357 0
      vertex -0.486226 120.397 0
    endloop
  endfacet
  facet normal -0.511829 0.859087 0
    outer loop
      vertex 0.93058 120.607 0
      vertex 0.789589 120.523 4.2
      vertex 0.93058 120.607 4.2
    endloop
  endfacet
  facet normal -0.511829 0.859087 0
    outer loop
      vertex 0.789589 120.523 4.2
      vertex 0.93058 120.607 0
      vertex 0.789589 120.523 0
    endloop
  endfacet
  facet normal 0.334855 0.94227 -0
    outer loop
      vertex -0.486226 120.397 0
      vertex -0.640994 120.452 4.2
      vertex -0.486226 120.397 4.2
    endloop
  endfacet
  facet normal 0.334855 0.94227 0
    outer loop
      vertex -0.640994 120.452 4.2
      vertex -0.486226 120.397 0
      vertex -0.640994 120.452 0
    endloop
  endfacet
  facet normal -0.334855 0.94227 0
    outer loop
      vertex 0.640994 120.452 0
      vertex 0.486226 120.397 4.2
      vertex 0.640994 120.452 4.2
    endloop
  endfacet
  facet normal -0.334855 0.94227 0
    outer loop
      vertex 0.486226 120.397 4.2
      vertex 0.640994 120.452 0
      vertex 0.486226 120.397 0
    endloop
  endfacet
  facet normal 0.673609 -0.739088 0
    outer loop
      vertex -1.1844 123.184 0
      vertex -1.06261 123.295 4.2
      vertex -1.1844 123.184 4.2
    endloop
  endfacet
  facet normal 0.673609 -0.739088 0
    outer loop
      vertex -1.06261 123.295 4.2
      vertex -1.1844 123.184 0
      vertex -1.06261 123.295 0
    endloop
  endfacet
  facet normal -0.243323 0.969945 0
    outer loop
      vertex 0.486226 120.397 0
      vertex 0.326776 120.357 4.2
      vertex 0.486226 120.397 4.2
    endloop
  endfacet
  facet normal -0.243323 0.969945 0
    outer loop
      vertex 0.326776 120.357 4.2
      vertex 0.486226 120.397 0
      vertex 0.326776 120.357 0
    endloop
  endfacet
  facet normal 0.857734 -0.514093 0
    outer loop
      vertex -1.47722 122.79 4.2
      vertex -1.39271 122.931 0
      vertex -1.39271 122.931 4.2
    endloop
  endfacet
  facet normal 0.857734 -0.514093 0
    outer loop
      vertex -1.39271 122.931 0
      vertex -1.47722 122.79 4.2
      vertex -1.47722 122.79 0
    endloop
  endfacet
  facet normal 0.989228 -0.146381 0
    outer loop
      vertex -1.66693 122.164 4.2
      vertex -1.64281 122.327 0
      vertex -1.64281 122.327 4.2
    endloop
  endfacet
  facet normal 0.989228 -0.146381 0
    outer loop
      vertex -1.64281 122.327 0
      vertex -1.66693 122.164 4.2
      vertex -1.66693 122.164 0
    endloop
  endfacet
  facet normal -0.904439 -0.426604 0
    outer loop
      vertex 1.5475 122.641 0
      vertex 1.47722 122.79 4.2
      vertex 1.47722 122.79 0
    endloop
  endfacet
  facet normal -0.904439 -0.426604 0
    outer loop
      vertex 1.47722 122.79 4.2
      vertex 1.5475 122.641 0
      vertex 1.5475 122.641 4.2
    endloop
  endfacet
  facet normal -0.803143 0.595786 0
    outer loop
      vertex 1.29479 120.937 0
      vertex 1.39271 121.069 4.2
      vertex 1.39271 121.069 0
    endloop
  endfacet
  facet normal -0.803143 0.595786 0
    outer loop
      vertex 1.39271 121.069 4.2
      vertex 1.29479 120.937 0
      vertex 1.29479 120.937 4.2
    endloop
  endfacet
  facet normal 0.596013 -0.802975 0
    outer loop
      vertex -1.06261 123.295 0
      vertex -0.93058 123.393 4.2
      vertex -1.06261 123.295 4.2
    endloop
  endfacet
  facet normal 0.596013 -0.802975 0
    outer loop
      vertex -0.93058 123.393 4.2
      vertex -1.06261 123.295 0
      vertex -0.93058 123.393 0
    endloop
  endfacet
  facet normal -0.596013 -0.802975 0
    outer loop
      vertex 0.93058 123.393 0
      vertex 1.06261 123.295 4.2
      vertex 0.93058 123.393 4.2
    endloop
  endfacet
  facet normal -0.596013 -0.802975 -0
    outer loop
      vertex 1.06261 123.295 4.2
      vertex 0.93058 123.393 0
      vertex 1.06261 123.295 0
    endloop
  endfacet
  facet normal -0.146021 -0.989281 0
    outer loop
      vertex 0.164178 123.667 0
      vertex 0.326776 123.643 4.2
      vertex 0.164178 123.667 4.2
    endloop
  endfacet
  facet normal -0.146021 -0.989281 -0
    outer loop
      vertex 0.326776 123.643 4.2
      vertex 0.164178 123.667 0
      vertex 0.326776 123.643 0
    endloop
  endfacet
  facet normal -0.803143 -0.595786 0
    outer loop
      vertex 1.39271 122.931 0
      vertex 1.29479 123.063 4.2
      vertex 1.29479 123.063 0
    endloop
  endfacet
  facet normal -0.803143 -0.595786 0
    outer loop
      vertex 1.29479 123.063 4.2
      vertex 1.39271 122.931 0
      vertex 1.39271 122.931 4.2
    endloop
  endfacet
  facet normal 0.511829 -0.859087 0
    outer loop
      vertex -0.93058 123.393 0
      vertex -0.789589 123.477 4.2
      vertex -0.93058 123.393 4.2
    endloop
  endfacet
  facet normal 0.511829 -0.859087 0
    outer loop
      vertex -0.789589 123.477 4.2
      vertex -0.93058 123.393 0
      vertex -0.789589 123.477 0
    endloop
  endfacet
  facet normal 0.146021 -0.989281 0
    outer loop
      vertex -0.326776 123.643 0
      vertex -0.164178 123.667 4.2
      vertex -0.326776 123.643 4.2
    endloop
  endfacet
  facet normal 0.146021 -0.989281 0
    outer loop
      vertex -0.164178 123.667 4.2
      vertex -0.326776 123.643 0
      vertex -0.164178 123.667 0
    endloop
  endfacet
  facet normal -0.511829 -0.859087 0
    outer loop
      vertex 0.789589 123.477 0
      vertex 0.93058 123.393 4.2
      vertex 0.789589 123.477 4.2
    endloop
  endfacet
  facet normal -0.511829 -0.859087 -0
    outer loop
      vertex 0.93058 123.393 4.2
      vertex 0.789589 123.477 0
      vertex 0.93058 123.393 0
    endloop
  endfacet
  facet normal -0.673609 -0.739088 0
    outer loop
      vertex 1.06261 123.295 0
      vertex 1.1844 123.184 4.2
      vertex 1.06261 123.295 4.2
    endloop
  endfacet
  facet normal -0.673609 -0.739088 -0
    outer loop
      vertex 1.1844 123.184 4.2
      vertex 1.06261 123.295 0
      vertex 1.1844 123.184 0
    endloop
  endfacet
  facet normal 0.941717 0.336406 0
    outer loop
      vertex -1.5475 121.359 4.2
      vertex -1.60287 121.514 0
      vertex -1.60287 121.514 4.2
    endloop
  endfacet
  facet normal 0.941717 0.336406 0
    outer loop
      vertex -1.60287 121.514 0
      vertex -1.5475 121.359 4.2
      vertex -1.5475 121.359 0
    endloop
  endfacet
  facet normal -0.998792 0.0491479 0
    outer loop
      vertex 1.66693 121.836 0
      vertex 1.675 122 4.2
      vertex 1.675 122 0
    endloop
  endfacet
  facet normal -0.998792 0.0491479 0
    outer loop
      vertex 1.675 122 4.2
      vertex 1.66693 121.836 0
      vertex 1.66693 121.836 4.2
    endloop
  endfacet
  facet normal 0.431124 -0.902293 0
    outer loop
      vertex -0.789589 123.477 0
      vertex -0.640994 123.548 4.2
      vertex -0.789589 123.477 4.2
    endloop
  endfacet
  facet normal 0.431124 -0.902293 0
    outer loop
      vertex -0.640994 123.548 4.2
      vertex -0.789589 123.477 0
      vertex -0.640994 123.548 0
    endloop
  endfacet
  facet normal -0.904439 0.426604 0
    outer loop
      vertex 1.47722 121.21 0
      vertex 1.5475 121.359 4.2
      vertex 1.5475 121.359 0
    endloop
  endfacet
  facet normal -0.904439 0.426604 0
    outer loop
      vertex 1.5475 121.359 4.2
      vertex 1.47722 121.21 0
      vertex 1.47722 121.21 4.2
    endloop
  endfacet
  facet normal 0.596013 0.802975 -0
    outer loop
      vertex -0.93058 120.607 0
      vertex -1.06261 120.705 4.2
      vertex -0.93058 120.607 4.2
    endloop
  endfacet
  facet normal 0.596013 0.802975 0
    outer loop
      vertex -1.06261 120.705 4.2
      vertex -0.93058 120.607 0
      vertex -1.06261 120.705 0
    endloop
  endfacet
  facet normal 0.803143 -0.595786 0
    outer loop
      vertex -1.39271 122.931 4.2
      vertex -1.29479 123.063 0
      vertex -1.29479 123.063 4.2
    endloop
  endfacet
  facet normal 0.803143 -0.595786 0
    outer loop
      vertex -1.29479 123.063 0
      vertex -1.39271 122.931 4.2
      vertex -1.39271 122.931 0
    endloop
  endfacet
  facet normal 0.941717 -0.336406 0
    outer loop
      vertex -1.60287 122.486 4.2
      vertex -1.5475 122.641 0
      vertex -1.5475 122.641 4.2
    endloop
  endfacet
  facet normal 0.941717 -0.336406 0
    outer loop
      vertex -1.5475 122.641 0
      vertex -1.60287 122.486 4.2
      vertex -1.60287 122.486 0
    endloop
  endfacet
  facet normal -0.941717 -0.336406 0
    outer loop
      vertex 1.60287 122.486 0
      vertex 1.5475 122.641 4.2
      vertex 1.5475 122.641 0
    endloop
  endfacet
  facet normal -0.941717 -0.336406 0
    outer loop
      vertex 1.5475 122.641 4.2
      vertex 1.60287 122.486 0
      vertex 1.60287 122.486 4.2
    endloop
  endfacet
  facet normal -0.969869 0.243626 0
    outer loop
      vertex 1.60287 121.514 0
      vertex 1.64281 121.673 4.2
      vertex 1.64281 121.673 0
    endloop
  endfacet
  facet normal -0.969869 0.243626 0
    outer loop
      vertex 1.64281 121.673 4.2
      vertex 1.60287 121.514 0
      vertex 1.60287 121.514 4.2
    endloop
  endfacet
  facet normal -0.989228 0.146381 0
    outer loop
      vertex 1.64281 121.673 0
      vertex 1.66693 121.836 4.2
      vertex 1.66693 121.836 0
    endloop
  endfacet
  facet normal -0.989228 0.146381 0
    outer loop
      vertex 1.66693 121.836 4.2
      vertex 1.64281 121.673 0
      vertex 1.64281 121.673 4.2
    endloop
  endfacet
  facet normal 0.511829 0.859087 -0
    outer loop
      vertex -0.789589 120.523 0
      vertex -0.93058 120.607 4.2
      vertex -0.789589 120.523 4.2
    endloop
  endfacet
  facet normal 0.511829 0.859087 0
    outer loop
      vertex -0.93058 120.607 4.2
      vertex -0.789589 120.523 0
      vertex -0.93058 120.607 0
    endloop
  endfacet
  facet normal -0.334855 -0.94227 0
    outer loop
      vertex 0.486226 123.603 0
      vertex 0.640994 123.548 4.2
      vertex 0.486226 123.603 4.2
    endloop
  endfacet
  facet normal -0.334855 -0.94227 -0
    outer loop
      vertex 0.640994 123.548 4.2
      vertex 0.486226 123.603 0
      vertex 0.640994 123.548 0
    endloop
  endfacet
  facet normal 0.334855 -0.94227 0
    outer loop
      vertex -0.640994 123.548 0
      vertex -0.486226 123.603 4.2
      vertex -0.640994 123.548 4.2
    endloop
  endfacet
  facet normal 0.334855 -0.94227 0
    outer loop
      vertex -0.486226 123.603 4.2
      vertex -0.640994 123.548 0
      vertex -0.486226 123.603 0
    endloop
  endfacet
  facet normal -0.146021 0.989281 0
    outer loop
      vertex 0.326776 120.357 0
      vertex 0.164178 120.333 4.2
      vertex 0.326776 120.357 4.2
    endloop
  endfacet
  facet normal -0.146021 0.989281 0
    outer loop
      vertex 0.164178 120.333 4.2
      vertex 0.326776 120.357 0
      vertex 0.164178 120.333 0
    endloop
  endfacet
  facet normal -0.857734 0.514093 0
    outer loop
      vertex 1.39271 121.069 0
      vertex 1.47722 121.21 4.2
      vertex 1.47722 121.21 0
    endloop
  endfacet
  facet normal -0.857734 0.514093 0
    outer loop
      vertex 1.47722 121.21 4.2
      vertex 1.39271 121.069 0
      vertex 1.39271 121.069 4.2
    endloop
  endfacet
  facet normal 0.0486699 -0.998815 0
    outer loop
      vertex -0.164178 123.667 0
      vertex 0 123.675 4.2
      vertex -0.164178 123.667 4.2
    endloop
  endfacet
  facet normal 0.0486699 -0.998815 0
    outer loop
      vertex 0 123.675 4.2
      vertex -0.164178 123.667 0
      vertex 0 123.675 0
    endloop
  endfacet
  facet normal 0.998792 0.0491479 0
    outer loop
      vertex -1.66693 121.836 4.2
      vertex -1.675 122 0
      vertex -1.675 122 4.2
    endloop
  endfacet
  facet normal 0.998792 0.0491479 0
    outer loop
      vertex -1.675 122 0
      vertex -1.66693 121.836 4.2
      vertex -1.66693 121.836 0
    endloop
  endfacet
  facet normal -0.941717 0.336406 0
    outer loop
      vertex 1.5475 121.359 0
      vertex 1.60287 121.514 4.2
      vertex 1.60287 121.514 0
    endloop
  endfacet
  facet normal -0.941717 0.336406 0
    outer loop
      vertex 1.60287 121.514 4.2
      vertex 1.5475 121.359 0
      vertex 1.5475 121.359 4.2
    endloop
  endfacet
  facet normal -0.431124 -0.902293 0
    outer loop
      vertex 0.640994 123.548 0
      vertex 0.789589 123.477 4.2
      vertex 0.640994 123.548 4.2
    endloop
  endfacet
  facet normal -0.431124 -0.902293 -0
    outer loop
      vertex 0.789589 123.477 4.2
      vertex 0.640994 123.548 0
      vertex 0.789589 123.477 0
    endloop
  endfacet
  facet normal -0.738754 -0.673975 0
    outer loop
      vertex 1.29479 123.063 0
      vertex 1.1844 123.184 4.2
      vertex 1.1844 123.184 0
    endloop
  endfacet
  facet normal -0.738754 -0.673975 0
    outer loop
      vertex 1.1844 123.184 4.2
      vertex 1.29479 123.063 0
      vertex 1.29479 123.063 4.2
    endloop
  endfacet
  facet normal -0.0486699 -0.998815 0
    outer loop
      vertex 0 123.675 0
      vertex 0.164178 123.667 4.2
      vertex 0 123.675 4.2
    endloop
  endfacet
  facet normal -0.0486699 -0.998815 -0
    outer loop
      vertex 0.164178 123.667 4.2
      vertex 0 123.675 0
      vertex 0.164178 123.667 0
    endloop
  endfacet
  facet normal 0.857734 0.514093 0
    outer loop
      vertex -1.39271 121.069 4.2
      vertex -1.47722 121.21 0
      vertex -1.47722 121.21 4.2
    endloop
  endfacet
  facet normal 0.857734 0.514093 0
    outer loop
      vertex -1.47722 121.21 0
      vertex -1.39271 121.069 4.2
      vertex -1.39271 121.069 0
    endloop
  endfacet
  facet normal -0.857734 -0.514093 0
    outer loop
      vertex 1.47722 122.79 0
      vertex 1.39271 122.931 4.2
      vertex 1.39271 122.931 0
    endloop
  endfacet
  facet normal -0.857734 -0.514093 0
    outer loop
      vertex 1.39271 122.931 4.2
      vertex 1.47722 122.79 0
      vertex 1.47722 122.79 4.2
    endloop
  endfacet
  facet normal 0.146021 0.989281 -0
    outer loop
      vertex -0.164178 120.333 0
      vertex -0.326776 120.357 4.2
      vertex -0.164178 120.333 4.2
    endloop
  endfacet
  facet normal 0.146021 0.989281 0
    outer loop
      vertex -0.326776 120.357 4.2
      vertex -0.164178 120.333 0
      vertex -0.326776 120.357 0
    endloop
  endfacet
  facet normal -0.673609 0.739088 0
    outer loop
      vertex 1.1844 120.816 0
      vertex 1.06261 120.705 4.2
      vertex 1.1844 120.816 4.2
    endloop
  endfacet
  facet normal -0.673609 0.739088 0
    outer loop
      vertex 1.06261 120.705 4.2
      vertex 1.1844 120.816 0
      vertex 1.06261 120.705 0
    endloop
  endfacet
  facet normal 0.0486699 0.998815 -0
    outer loop
      vertex 0 120.325 0
      vertex -0.164178 120.333 4.2
      vertex 0 120.325 4.2
    endloop
  endfacet
  facet normal 0.0486699 0.998815 0
    outer loop
      vertex -0.164178 120.333 4.2
      vertex 0 120.325 0
      vertex -0.164178 120.333 0
    endloop
  endfacet
  facet normal 0.738754 -0.673975 0
    outer loop
      vertex -1.29479 123.063 4.2
      vertex -1.1844 123.184 0
      vertex -1.1844 123.184 4.2
    endloop
  endfacet
  facet normal 0.738754 -0.673975 0
    outer loop
      vertex -1.1844 123.184 0
      vertex -1.29479 123.063 4.2
      vertex -1.29479 123.063 0
    endloop
  endfacet
  facet normal 0.904439 -0.426604 0
    outer loop
      vertex -1.5475 122.641 4.2
      vertex -1.47722 122.79 0
      vertex -1.47722 122.79 4.2
    endloop
  endfacet
  facet normal 0.904439 -0.426604 0
    outer loop
      vertex -1.47722 122.79 0
      vertex -1.5475 122.641 4.2
      vertex -1.5475 122.641 0
    endloop
  endfacet
  facet normal 0.673609 0.739088 -0
    outer loop
      vertex -1.06261 120.705 0
      vertex -1.1844 120.816 4.2
      vertex -1.06261 120.705 4.2
    endloop
  endfacet
  facet normal 0.673609 0.739088 0
    outer loop
      vertex -1.1844 120.816 4.2
      vertex -1.06261 120.705 0
      vertex -1.1844 120.816 0
    endloop
  endfacet
  facet normal 0.969869 -0.243626 0
    outer loop
      vertex -1.64281 122.327 4.2
      vertex -1.60287 122.486 0
      vertex -1.60287 122.486 4.2
    endloop
  endfacet
  facet normal 0.969869 -0.243626 0
    outer loop
      vertex -1.60287 122.486 0
      vertex -1.64281 122.327 4.2
      vertex -1.64281 122.327 0
    endloop
  endfacet
  facet normal -0.243323 -0.969945 0
    outer loop
      vertex 0.326776 123.643 0
      vertex 0.486226 123.603 4.2
      vertex 0.326776 123.643 4.2
    endloop
  endfacet
  facet normal -0.243323 -0.969945 -0
    outer loop
      vertex 0.486226 123.603 4.2
      vertex 0.326776 123.643 0
      vertex 0.486226 123.603 0
    endloop
  endfacet
  facet normal 0.969869 0.243626 0
    outer loop
      vertex -1.60287 121.514 4.2
      vertex -1.64281 121.673 0
      vertex -1.64281 121.673 4.2
    endloop
  endfacet
  facet normal 0.969869 0.243626 0
    outer loop
      vertex -1.64281 121.673 0
      vertex -1.60287 121.514 4.2
      vertex -1.60287 121.514 0
    endloop
  endfacet
  facet normal 0.431124 0.902293 -0
    outer loop
      vertex -0.640994 120.452 0
      vertex -0.789589 120.523 4.2
      vertex -0.640994 120.452 4.2
    endloop
  endfacet
  facet normal 0.431124 0.902293 0
    outer loop
      vertex -0.789589 120.523 4.2
      vertex -0.640994 120.452 0
      vertex -0.789589 120.523 0
    endloop
  endfacet
  facet normal 0.738754 0.673975 0
    outer loop
      vertex -1.1844 120.816 4.2
      vertex -1.29479 120.937 0
      vertex -1.29479 120.937 4.2
    endloop
  endfacet
  facet normal 0.738754 0.673975 0
    outer loop
      vertex -1.29479 120.937 0
      vertex -1.1844 120.816 4.2
      vertex -1.1844 120.816 0
    endloop
  endfacet
  facet normal -0.0486699 0.998815 0
    outer loop
      vertex 0.164178 120.333 0
      vertex 0 120.325 4.2
      vertex 0.164178 120.333 4.2
    endloop
  endfacet
  facet normal -0.0486699 0.998815 0
    outer loop
      vertex 0 120.325 4.2
      vertex 0.164178 120.333 0
      vertex 0 120.325 0
    endloop
  endfacet
  facet normal 0.989228 0.146381 0
    outer loop
      vertex -1.64281 121.673 4.2
      vertex -1.66693 121.836 0
      vertex -1.66693 121.836 4.2
    endloop
  endfacet
  facet normal 0.989228 0.146381 0
    outer loop
      vertex -1.66693 121.836 0
      vertex -1.64281 121.673 4.2
      vertex -1.64281 121.673 0
    endloop
  endfacet
  facet normal -0.596013 0.802975 0
    outer loop
      vertex 1.06261 120.705 0
      vertex 0.93058 120.607 4.2
      vertex 1.06261 120.705 4.2
    endloop
  endfacet
  facet normal -0.596013 0.802975 0
    outer loop
      vertex 0.93058 120.607 4.2
      vertex 1.06261 120.705 0
      vertex 0.93058 120.607 0
    endloop
  endfacet
  facet normal 0.803143 0.595786 0
    outer loop
      vertex -1.29479 120.937 4.2
      vertex -1.39271 121.069 0
      vertex -1.39271 121.069 4.2
    endloop
  endfacet
  facet normal 0.803143 0.595786 0
    outer loop
      vertex -1.39271 121.069 0
      vertex -1.29479 120.937 4.2
      vertex -1.29479 120.937 0
    endloop
  endfacet
  facet normal 0.998792 -0.0491479 0
    outer loop
      vertex -1.675 122 4.2
      vertex -1.66693 122.164 0
      vertex -1.66693 122.164 4.2
    endloop
  endfacet
  facet normal 0.998792 -0.0491479 0
    outer loop
      vertex -1.66693 122.164 0
      vertex -1.675 122 4.2
      vertex -1.675 122 0
    endloop
  endfacet
  facet normal -0.738754 0.673975 0
    outer loop
      vertex 1.1844 120.816 0
      vertex 1.29479 120.937 4.2
      vertex 1.29479 120.937 0
    endloop
  endfacet
  facet normal -0.738754 0.673975 0
    outer loop
      vertex 1.29479 120.937 4.2
      vertex 1.1844 120.816 0
      vertex 1.1844 120.816 4.2
    endloop
  endfacet
  facet normal -0.989282 -0.146019 0
    outer loop
      vertex 131.667 10.1642 0
      vertex 131.643 10.3268 4.2
      vertex 131.643 10.3268 0
    endloop
  endfacet
  facet normal -0.989282 -0.146019 0
    outer loop
      vertex 131.643 10.3268 4.2
      vertex 131.667 10.1642 0
      vertex 131.667 10.1642 4.2
    endloop
  endfacet
  facet normal -0.998815 -0.0486633 0
    outer loop
      vertex 131.675 10 0
      vertex 131.667 10.1642 4.2
      vertex 131.667 10.1642 0
    endloop
  endfacet
  facet normal -0.998815 -0.0486633 0
    outer loop
      vertex 131.667 10.1642 4.2
      vertex 131.675 10 0
      vertex 131.675 10 4.2
    endloop
  endfacet
  facet normal -0.969927 -0.243395 0
    outer loop
      vertex 131.643 10.3268 0
      vertex 131.603 10.4862 4.2
      vertex 131.603 10.4862 0
    endloop
  endfacet
  facet normal -0.969927 -0.243395 0
    outer loop
      vertex 131.603 10.4862 4.2
      vertex 131.643 10.3268 0
      vertex 131.643 10.3268 4.2
    endloop
  endfacet
  facet normal 0.243397 -0.969927 0
    outer loop
      vertex 129.514 11.6029 0
      vertex 129.673 11.6428 4.2
      vertex 129.514 11.6029 4.2
    endloop
  endfacet
  facet normal 0.243397 -0.969927 0
    outer loop
      vertex 129.673 11.6428 4.2
      vertex 129.514 11.6029 0
      vertex 129.673 11.6428 0
    endloop
  endfacet
  facet normal 0.902287 0.431135 0
    outer loop
      vertex 128.523 9.21041 4.2
      vertex 128.452 9.359 0
      vertex 128.452 9.359 4.2
    endloop
  endfacet
  facet normal 0.902287 0.431135 0
    outer loop
      vertex 128.452 9.359 0
      vertex 128.523 9.21041 4.2
      vertex 128.523 9.21041 0
    endloop
  endfacet
  facet normal 0.243626 0.969869 -0
    outer loop
      vertex 129.673 8.35718 0
      vertex 129.514 8.39712 4.2
      vertex 129.673 8.35718 4.2
    endloop
  endfacet
  facet normal 0.243626 0.969869 0
    outer loop
      vertex 129.514 8.39712 4.2
      vertex 129.673 8.35718 0
      vertex 129.514 8.39712 0
    endloop
  endfacet
  facet normal -0.514093 0.857734 0
    outer loop
      vertex 130.931 8.60729 0
      vertex 130.79 8.52278 4.2
      vertex 130.931 8.60729 4.2
    endloop
  endfacet
  facet normal -0.514093 0.857734 0
    outer loop
      vertex 130.79 8.52278 4.2
      vertex 130.931 8.60729 0
      vertex 130.79 8.52278 0
    endloop
  endfacet
  facet normal 0.33646 0.941698 -0
    outer loop
      vertex 129.514 8.39712 0
      vertex 129.359 8.4525 4.2
      vertex 129.514 8.39712 4.2
    endloop
  endfacet
  facet normal 0.33646 0.941698 0
    outer loop
      vertex 129.359 8.4525 4.2
      vertex 129.514 8.39712 0
      vertex 129.359 8.4525 0
    endloop
  endfacet
  facet normal -0.33646 0.941698 0
    outer loop
      vertex 130.641 8.4525 0
      vertex 130.486 8.39712 4.2
      vertex 130.641 8.4525 4.2
    endloop
  endfacet
  facet normal -0.33646 0.941698 0
    outer loop
      vertex 130.486 8.39712 4.2
      vertex 130.641 8.4525 0
      vertex 130.486 8.39712 0
    endloop
  endfacet
  facet normal 0.674009 -0.738723 0
    outer loop
      vertex 128.816 11.1844 0
      vertex 128.937 11.2948 4.2
      vertex 128.816 11.1844 4.2
    endloop
  endfacet
  facet normal 0.674009 -0.738723 0
    outer loop
      vertex 128.937 11.2948 4.2
      vertex 128.816 11.1844 0
      vertex 128.937 11.2948 0
    endloop
  endfacet
  facet normal -0.243626 0.969869 0
    outer loop
      vertex 130.486 8.39712 0
      vertex 130.327 8.35718 4.2
      vertex 130.486 8.39712 4.2
    endloop
  endfacet
  facet normal -0.243626 0.969869 0
    outer loop
      vertex 130.327 8.35718 4.2
      vertex 130.486 8.39712 0
      vertex 130.327 8.35718 0
    endloop
  endfacet
  facet normal 0.859102 -0.511805 0
    outer loop
      vertex 128.523 10.7896 4.2
      vertex 128.607 10.9306 0
      vertex 128.607 10.9306 4.2
    endloop
  endfacet
  facet normal 0.859102 -0.511805 0
    outer loop
      vertex 128.607 10.9306 0
      vertex 128.523 10.7896 4.2
      vertex 128.523 10.7896 0
    endloop
  endfacet
  facet normal 0.989282 -0.146019 0
    outer loop
      vertex 128.333 10.1642 4.2
      vertex 128.357 10.3268 0
      vertex 128.357 10.3268 4.2
    endloop
  endfacet
  facet normal 0.989282 -0.146019 0
    outer loop
      vertex 128.357 10.3268 0
      vertex 128.333 10.1642 4.2
      vertex 128.333 10.1642 0
    endloop
  endfacet
  facet normal -0.902299 -0.431112 0
    outer loop
      vertex 131.548 10.641 0
      vertex 131.477 10.7896 4.2
      vertex 131.477 10.7896 0
    endloop
  endfacet
  facet normal -0.902299 -0.431112 0
    outer loop
      vertex 131.477 10.7896 4.2
      vertex 131.548 10.641 0
      vertex 131.548 10.641 4.2
    endloop
  endfacet
  facet normal -0.802975 0.596013 0
    outer loop
      vertex 131.295 8.93739 0
      vertex 131.393 9.06942 4.2
      vertex 131.393 9.06942 0
    endloop
  endfacet
  facet normal -0.802975 0.596013 0
    outer loop
      vertex 131.393 9.06942 4.2
      vertex 131.295 8.93739 0
      vertex 131.295 8.93739 4.2
    endloop
  endfacet
  facet normal 0.595708 -0.803201 0
    outer loop
      vertex 128.937 11.2948 0
      vertex 129.069 11.3927 4.2
      vertex 128.937 11.2948 4.2
    endloop
  endfacet
  facet normal 0.595708 -0.803201 0
    outer loop
      vertex 129.069 11.3927 4.2
      vertex 128.937 11.2948 0
      vertex 129.069 11.3927 0
    endloop
  endfacet
  facet normal -0.595708 -0.803201 0
    outer loop
      vertex 130.931 11.3927 0
      vertex 131.063 11.2948 4.2
      vertex 130.931 11.3927 4.2
    endloop
  endfacet
  facet normal -0.595708 -0.803201 -0
    outer loop
      vertex 131.063 11.2948 4.2
      vertex 130.931 11.3927 0
      vertex 131.063 11.2948 0
    endloop
  endfacet
  facet normal -0.146263 -0.989246 0
    outer loop
      vertex 130.164 11.6669 0
      vertex 130.327 11.6428 4.2
      vertex 130.164 11.6669 4.2
    endloop
  endfacet
  facet normal -0.146263 -0.989246 -0
    outer loop
      vertex 130.327 11.6428 4.2
      vertex 130.164 11.6669 0
      vertex 130.327 11.6428 0
    endloop
  endfacet
  facet normal -0.80291 -0.5961 0
    outer loop
      vertex 131.393 10.9306 0
      vertex 131.295 11.0626 4.2
      vertex 131.295 11.0626 0
    endloop
  endfacet
  facet normal -0.80291 -0.5961 0
    outer loop
      vertex 131.295 11.0626 4.2
      vertex 131.393 10.9306 0
      vertex 131.393 10.9306 4.2
    endloop
  endfacet
  facet normal 0.514048 -0.857761 0
    outer loop
      vertex 129.069 11.3927 0
      vertex 129.21 11.4772 4.2
      vertex 129.069 11.3927 4.2
    endloop
  endfacet
  facet normal 0.514048 -0.857761 0
    outer loop
      vertex 129.21 11.4772 4.2
      vertex 129.069 11.3927 0
      vertex 129.21 11.4772 0
    endloop
  endfacet
  facet normal -0.514048 -0.857761 0
    outer loop
      vertex 130.79 11.4772 0
      vertex 130.931 11.3927 4.2
      vertex 130.79 11.4772 4.2
    endloop
  endfacet
  facet normal -0.514048 -0.857761 -0
    outer loop
      vertex 130.931 11.3927 4.2
      vertex 130.79 11.4772 0
      vertex 130.931 11.3927 0
    endloop
  endfacet
  facet normal -0.674009 -0.738723 0
    outer loop
      vertex 131.063 11.2948 0
      vertex 131.184 11.1844 4.2
      vertex 131.063 11.2948 4.2
    endloop
  endfacet
  facet normal -0.674009 -0.738723 -0
    outer loop
      vertex 131.184 11.1844 4.2
      vertex 131.063 11.2948 0
      vertex 131.184 11.1844 0
    endloop
  endfacet
  facet normal 0.942271 0.334851 0
    outer loop
      vertex 128.452 9.359 4.2
      vertex 128.397 9.51377 0
      vertex 128.397 9.51377 4.2
    endloop
  endfacet
  facet normal 0.942271 0.334851 0
    outer loop
      vertex 128.397 9.51377 0
      vertex 128.452 9.359 4.2
      vertex 128.452 9.359 0
    endloop
  endfacet
  facet normal -0.998815 0.0486693 0
    outer loop
      vertex 131.667 9.83582 0
      vertex 131.675 10 4.2
      vertex 131.675 10 0
    endloop
  endfacet
  facet normal -0.998815 0.0486693 0
    outer loop
      vertex 131.675 10 4.2
      vertex 131.667 9.83582 0
      vertex 131.667 9.83582 4.2
    endloop
  endfacet
  facet normal 0.426703 -0.904392 0
    outer loop
      vertex 129.21 11.4772 0
      vertex 129.359 11.5475 4.2
      vertex 129.21 11.4772 4.2
    endloop
  endfacet
  facet normal 0.426703 -0.904392 0
    outer loop
      vertex 129.359 11.5475 4.2
      vertex 129.21 11.4772 0
      vertex 129.359 11.5475 0
    endloop
  endfacet
  facet normal -0.902287 0.431135 0
    outer loop
      vertex 131.477 9.21041 0
      vertex 131.548 9.359 4.2
      vertex 131.548 9.359 0
    endloop
  endfacet
  facet normal -0.902287 0.431135 0
    outer loop
      vertex 131.548 9.359 4.2
      vertex 131.477 9.21041 0
      vertex 131.477 9.21041 4.2
    endloop
  endfacet
  facet normal 0.595786 0.803143 -0
    outer loop
      vertex 129.069 8.60729 0
      vertex 128.937 8.70521 4.2
      vertex 129.069 8.60729 4.2
    endloop
  endfacet
  facet normal 0.595786 0.803143 0
    outer loop
      vertex 128.937 8.70521 4.2
      vertex 129.069 8.60729 0
      vertex 128.937 8.70521 0
    endloop
  endfacet
  facet normal 0.80291 -0.5961 0
    outer loop
      vertex 128.607 10.9306 4.2
      vertex 128.705 11.0626 0
      vertex 128.705 11.0626 4.2
    endloop
  endfacet
  facet normal 0.80291 -0.5961 0
    outer loop
      vertex 128.705 11.0626 0
      vertex 128.607 10.9306 4.2
      vertex 128.607 10.9306 0
    endloop
  endfacet
  facet normal 0.942292 -0.334793 0
    outer loop
      vertex 128.397 10.4862 4.2
      vertex 128.452 10.641 0
      vertex 128.452 10.641 4.2
    endloop
  endfacet
  facet normal 0.942292 -0.334793 0
    outer loop
      vertex 128.452 10.641 0
      vertex 128.397 10.4862 4.2
      vertex 128.397 10.4862 0
    endloop
  endfacet
  facet normal -0.942292 -0.334793 0
    outer loop
      vertex 131.603 10.4862 0
      vertex 131.548 10.641 4.2
      vertex 131.548 10.641 0
    endloop
  endfacet
  facet normal -0.942292 -0.334793 0
    outer loop
      vertex 131.548 10.641 4.2
      vertex 131.603 10.4862 0
      vertex 131.603 10.4862 4.2
    endloop
  endfacet
  facet normal 0.673975 0.738754 -0
    outer loop
      vertex 128.937 8.70521 0
      vertex 128.816 8.8156 4.2
      vertex 128.937 8.70521 4.2
    endloop
  endfacet
  facet normal 0.673975 0.738754 0
    outer loop
      vertex 128.816 8.8156 4.2
      vertex 128.937 8.70521 0
      vertex 128.816 8.8156 0
    endloop
  endfacet
  facet normal -0.969945 0.243323 0
    outer loop
      vertex 131.603 9.51377 0
      vertex 131.643 9.67322 4.2
      vertex 131.643 9.67322 0
    endloop
  endfacet
  facet normal -0.969945 0.243323 0
    outer loop
      vertex 131.643 9.67322 4.2
      vertex 131.603 9.51377 0
      vertex 131.603 9.51377 4.2
    endloop
  endfacet
  facet normal -0.989282 0.146019 0
    outer loop
      vertex 131.643 9.67322 0
      vertex 131.667 9.83582 4.2
      vertex 131.667 9.83582 0
    endloop
  endfacet
  facet normal -0.989282 0.146019 0
    outer loop
      vertex 131.667 9.83582 4.2
      vertex 131.643 9.67322 0
      vertex 131.643 9.67322 4.2
    endloop
  endfacet
  facet normal 0.514093 0.857734 -0
    outer loop
      vertex 129.21 8.52278 0
      vertex 129.069 8.60729 4.2
      vertex 129.21 8.52278 4.2
    endloop
  endfacet
  facet normal 0.514093 0.857734 0
    outer loop
      vertex 129.069 8.60729 4.2
      vertex 129.21 8.52278 0
      vertex 129.069 8.60729 0
    endloop
  endfacet
  facet normal -0.336567 -0.941659 0
    outer loop
      vertex 130.486 11.6029 0
      vertex 130.641 11.5475 4.2
      vertex 130.486 11.6029 4.2
    endloop
  endfacet
  facet normal -0.336567 -0.941659 -0
    outer loop
      vertex 130.641 11.5475 4.2
      vertex 130.486 11.6029 0
      vertex 130.641 11.5475 0
    endloop
  endfacet
  facet normal 0.336567 -0.941659 0
    outer loop
      vertex 129.359 11.5475 0
      vertex 129.514 11.6029 4.2
      vertex 129.359 11.5475 4.2
    endloop
  endfacet
  facet normal 0.336567 -0.941659 0
    outer loop
      vertex 129.514 11.6029 4.2
      vertex 129.359 11.5475 0
      vertex 129.514 11.6029 0
    endloop
  endfacet
  facet normal -0.146322 0.989237 0
    outer loop
      vertex 130.327 8.35718 0
      vertex 130.164 8.33307 4.2
      vertex 130.327 8.35718 4.2
    endloop
  endfacet
  facet normal -0.146322 0.989237 0
    outer loop
      vertex 130.164 8.33307 4.2
      vertex 130.327 8.35718 0
      vertex 130.164 8.33307 0
    endloop
  endfacet
  facet normal -0.859086 0.511832 0
    outer loop
      vertex 131.393 9.06942 0
      vertex 131.477 9.21041 4.2
      vertex 131.477 9.21041 0
    endloop
  endfacet
  facet normal -0.859086 0.511832 0
    outer loop
      vertex 131.477 9.21041 4.2
      vertex 131.393 9.06942 0
      vertex 131.393 9.06942 4.2
    endloop
  endfacet
  facet normal 0.0493301 -0.998783 0
    outer loop
      vertex 129.836 11.6669 0
      vertex 130 11.675 4.2
      vertex 129.836 11.6669 4.2
    endloop
  endfacet
  facet normal 0.0493301 -0.998783 0
    outer loop
      vertex 130 11.675 4.2
      vertex 129.836 11.6669 0
      vertex 130 11.675 0
    endloop
  endfacet
  facet normal 0.998815 0.0486693 0
    outer loop
      vertex 128.333 9.83582 4.2
      vertex 128.325 10 0
      vertex 128.325 10 4.2
    endloop
  endfacet
  facet normal 0.998815 0.0486693 0
    outer loop
      vertex 128.325 10 0
      vertex 128.333 9.83582 4.2
      vertex 128.333 9.83582 0
    endloop
  endfacet
  facet normal -0.942271 0.334851 0
    outer loop
      vertex 131.548 9.359 0
      vertex 131.603 9.51377 4.2
      vertex 131.603 9.51377 0
    endloop
  endfacet
  facet normal -0.942271 0.334851 0
    outer loop
      vertex 131.603 9.51377 4.2
      vertex 131.548 9.359 0
      vertex 131.548 9.359 4.2
    endloop
  endfacet
  facet normal -0.426703 -0.904392 0
    outer loop
      vertex 130.641 11.5475 0
      vertex 130.79 11.4772 4.2
      vertex 130.641 11.5475 4.2
    endloop
  endfacet
  facet normal -0.426703 -0.904392 -0
    outer loop
      vertex 130.79 11.4772 4.2
      vertex 130.641 11.5475 0
      vertex 130.79 11.4772 0
    endloop
  endfacet
  facet normal -0.739116 -0.673578 0
    outer loop
      vertex 131.295 11.0626 0
      vertex 131.184 11.1844 4.2
      vertex 131.184 11.1844 0
    endloop
  endfacet
  facet normal -0.739116 -0.673578 0
    outer loop
      vertex 131.184 11.1844 4.2
      vertex 131.295 11.0626 0
      vertex 131.295 11.0626 4.2
    endloop
  endfacet
  facet normal -0.0493301 -0.998783 0
    outer loop
      vertex 130 11.675 0
      vertex 130.164 11.6669 4.2
      vertex 130 11.675 4.2
    endloop
  endfacet
  facet normal -0.0493301 -0.998783 -0
    outer loop
      vertex 130.164 11.6669 4.2
      vertex 130 11.675 0
      vertex 130.164 11.6669 0
    endloop
  endfacet
  facet normal 0.859086 0.511832 0
    outer loop
      vertex 128.607 9.06942 4.2
      vertex 128.523 9.21041 0
      vertex 128.523 9.21041 4.2
    endloop
  endfacet
  facet normal 0.859086 0.511832 0
    outer loop
      vertex 128.523 9.21041 0
      vertex 128.607 9.06942 4.2
      vertex 128.607 9.06942 0
    endloop
  endfacet
  facet normal -0.859102 -0.511805 0
    outer loop
      vertex 131.477 10.7896 0
      vertex 131.393 10.9306 4.2
      vertex 131.393 10.9306 0
    endloop
  endfacet
  facet normal -0.859102 -0.511805 0
    outer loop
      vertex 131.393 10.9306 4.2
      vertex 131.477 10.7896 0
      vertex 131.477 10.7896 4.2
    endloop
  endfacet
  facet normal 0.146322 0.989237 -0
    outer loop
      vertex 129.836 8.33307 0
      vertex 129.673 8.35718 4.2
      vertex 129.836 8.33307 4.2
    endloop
  endfacet
  facet normal 0.146322 0.989237 0
    outer loop
      vertex 129.673 8.35718 4.2
      vertex 129.836 8.33307 0
      vertex 129.673 8.35718 0
    endloop
  endfacet
  facet normal -0.673975 0.738754 0
    outer loop
      vertex 131.184 8.8156 0
      vertex 131.063 8.70521 4.2
      vertex 131.184 8.8156 4.2
    endloop
  endfacet
  facet normal -0.673975 0.738754 0
    outer loop
      vertex 131.063 8.70521 4.2
      vertex 131.184 8.8156 0
      vertex 131.063 8.70521 0
    endloop
  endfacet
  facet normal 0.0491479 0.998792 -0
    outer loop
      vertex 130 8.325 0
      vertex 129.836 8.33307 4.2
      vertex 130 8.325 4.2
    endloop
  endfacet
  facet normal 0.0491479 0.998792 0
    outer loop
      vertex 129.836 8.33307 4.2
      vertex 130 8.325 0
      vertex 129.836 8.33307 0
    endloop
  endfacet
  facet normal 0.739116 -0.673578 0
    outer loop
      vertex 128.705 11.0626 4.2
      vertex 128.816 11.1844 0
      vertex 128.816 11.1844 4.2
    endloop
  endfacet
  facet normal 0.739116 -0.673578 0
    outer loop
      vertex 128.816 11.1844 0
      vertex 128.705 11.0626 4.2
      vertex 128.705 11.0626 0
    endloop
  endfacet
  facet normal 0.146263 -0.989246 0
    outer loop
      vertex 129.673 11.6428 0
      vertex 129.836 11.6669 4.2
      vertex 129.673 11.6428 4.2
    endloop
  endfacet
  facet normal 0.146263 -0.989246 0
    outer loop
      vertex 129.836 11.6669 4.2
      vertex 129.673 11.6428 0
      vertex 129.836 11.6669 0
    endloop
  endfacet
  facet normal 0.902299 -0.431112 0
    outer loop
      vertex 128.452 10.641 4.2
      vertex 128.523 10.7896 0
      vertex 128.523 10.7896 4.2
    endloop
  endfacet
  facet normal 0.902299 -0.431112 0
    outer loop
      vertex 128.523 10.7896 0
      vertex 128.452 10.641 4.2
      vertex 128.452 10.641 0
    endloop
  endfacet
  facet normal 0.969927 -0.243395 0
    outer loop
      vertex 128.357 10.3268 4.2
      vertex 128.397 10.4862 0
      vertex 128.397 10.4862 4.2
    endloop
  endfacet
  facet normal 0.969927 -0.243395 0
    outer loop
      vertex 128.397 10.4862 0
      vertex 128.357 10.3268 4.2
      vertex 128.357 10.3268 0
    endloop
  endfacet
  facet normal -0.243397 -0.969927 0
    outer loop
      vertex 130.327 11.6428 0
      vertex 130.486 11.6029 4.2
      vertex 130.327 11.6428 4.2
    endloop
  endfacet
  facet normal -0.243397 -0.969927 -0
    outer loop
      vertex 130.486 11.6029 4.2
      vertex 130.327 11.6428 0
      vertex 130.486 11.6029 0
    endloop
  endfacet
  facet normal 0.969945 0.243323 0
    outer loop
      vertex 128.397 9.51377 4.2
      vertex 128.357 9.67322 0
      vertex 128.357 9.67322 4.2
    endloop
  endfacet
  facet normal 0.969945 0.243323 0
    outer loop
      vertex 128.357 9.67322 0
      vertex 128.397 9.51377 4.2
      vertex 128.397 9.51377 0
    endloop
  endfacet
  facet normal 0.426604 0.904439 -0
    outer loop
      vertex 129.359 8.4525 0
      vertex 129.21 8.52278 4.2
      vertex 129.359 8.4525 4.2
    endloop
  endfacet
  facet normal 0.426604 0.904439 0
    outer loop
      vertex 129.21 8.52278 4.2
      vertex 129.359 8.4525 0
      vertex 129.21 8.52278 0
    endloop
  endfacet
  facet normal 0.739088 0.673609 0
    outer loop
      vertex 128.816 8.8156 4.2
      vertex 128.705 8.93739 0
      vertex 128.705 8.93739 4.2
    endloop
  endfacet
  facet normal 0.739088 0.673609 0
    outer loop
      vertex 128.705 8.93739 0
      vertex 128.816 8.8156 4.2
      vertex 128.816 8.8156 0
    endloop
  endfacet
  facet normal -0.426604 0.904439 0
    outer loop
      vertex 130.79 8.52278 0
      vertex 130.641 8.4525 4.2
      vertex 130.79 8.52278 4.2
    endloop
  endfacet
  facet normal -0.426604 0.904439 0
    outer loop
      vertex 130.641 8.4525 4.2
      vertex 130.79 8.52278 0
      vertex 130.641 8.4525 0
    endloop
  endfacet
  facet normal -0.0491479 0.998792 0
    outer loop
      vertex 130.164 8.33307 0
      vertex 130 8.325 4.2
      vertex 130.164 8.33307 4.2
    endloop
  endfacet
  facet normal -0.0491479 0.998792 0
    outer loop
      vertex 130 8.325 4.2
      vertex 130.164 8.33307 0
      vertex 130 8.325 0
    endloop
  endfacet
  facet normal 0.989282 0.146019 0
    outer loop
      vertex 128.357 9.67322 4.2
      vertex 128.333 9.83582 0
      vertex 128.333 9.83582 4.2
    endloop
  endfacet
  facet normal 0.989282 0.146019 0
    outer loop
      vertex 128.333 9.83582 0
      vertex 128.357 9.67322 4.2
      vertex 128.357 9.67322 0
    endloop
  endfacet
  facet normal -0.595786 0.803143 0
    outer loop
      vertex 131.063 8.70521 0
      vertex 130.931 8.60729 4.2
      vertex 131.063 8.70521 4.2
    endloop
  endfacet
  facet normal -0.595786 0.803143 0
    outer loop
      vertex 130.931 8.60729 4.2
      vertex 131.063 8.70521 0
      vertex 130.931 8.60729 0
    endloop
  endfacet
  facet normal 0.802975 0.596013 0
    outer loop
      vertex 128.705 8.93739 4.2
      vertex 128.607 9.06942 0
      vertex 128.607 9.06942 4.2
    endloop
  endfacet
  facet normal 0.802975 0.596013 0
    outer loop
      vertex 128.607 9.06942 0
      vertex 128.705 8.93739 4.2
      vertex 128.705 8.93739 0
    endloop
  endfacet
  facet normal 0.998815 -0.0486633 0
    outer loop
      vertex 128.325 10 4.2
      vertex 128.333 10.1642 0
      vertex 128.333 10.1642 4.2
    endloop
  endfacet
  facet normal 0.998815 -0.0486633 0
    outer loop
      vertex 128.333 10.1642 0
      vertex 128.325 10 4.2
      vertex 128.325 10 0
    endloop
  endfacet
  facet normal -0.739088 0.673609 0
    outer loop
      vertex 131.184 8.8156 0
      vertex 131.295 8.93739 4.2
      vertex 131.295 8.93739 0
    endloop
  endfacet
  facet normal -0.739088 0.673609 0
    outer loop
      vertex 131.295 8.93739 4.2
      vertex 131.184 8.8156 0
      vertex 131.184 8.8156 4.2
    endloop
  endfacet
  facet normal -0.989333 -0.145669 0
    outer loop
      vertex 131.667 122.164 0
      vertex 131.643 122.327 4.2
      vertex 131.643 122.327 0
    endloop
  endfacet
  facet normal -0.989333 -0.145669 0
    outer loop
      vertex 131.643 122.327 4.2
      vertex 131.667 122.164 0
      vertex 131.667 122.164 4.2
    endloop
  endfacet
  facet normal -0.998812 -0.0487226 0
    outer loop
      vertex 131.675 122 0
      vertex 131.667 122.164 4.2
      vertex 131.667 122.164 0
    endloop
  endfacet
  facet normal -0.998812 -0.0487226 0
    outer loop
      vertex 131.667 122.164 4.2
      vertex 131.675 122 0
      vertex 131.675 122 4.2
    endloop
  endfacet
  facet normal -0.969783 -0.24397 0
    outer loop
      vertex 131.643 122.327 0
      vertex 131.603 122.486 4.2
      vertex 131.603 122.486 0
    endloop
  endfacet
  facet normal -0.969783 -0.24397 0
    outer loop
      vertex 131.603 122.486 4.2
      vertex 131.643 122.327 0
      vertex 131.643 122.327 4.2
    endloop
  endfacet
  facet normal 0.24397 -0.969783 0
    outer loop
      vertex 129.514 123.603 0
      vertex 129.673 123.643 4.2
      vertex 129.514 123.603 4.2
    endloop
  endfacet
  facet normal 0.24397 -0.969783 0
    outer loop
      vertex 129.673 123.643 4.2
      vertex 129.514 123.603 0
      vertex 129.673 123.643 0
    endloop
  endfacet
  facet normal 0.902748 0.430169 0
    outer loop
      vertex 128.523 121.21 4.2
      vertex 128.452 121.359 0
      vertex 128.452 121.359 4.2
    endloop
  endfacet
  facet normal 0.902748 0.430169 0
    outer loop
      vertex 128.452 121.359 0
      vertex 128.523 121.21 4.2
      vertex 128.523 121.21 0
    endloop
  endfacet
  facet normal -0.430169 0.902748 0
    outer loop
      vertex 130.79 120.523 0
      vertex 130.641 120.452 4.2
      vertex 130.79 120.523 4.2
    endloop
  endfacet
  facet normal -0.430169 0.902748 0
    outer loop
      vertex 130.641 120.452 4.2
      vertex 130.79 120.523 0
      vertex 130.641 120.452 0
    endloop
  endfacet
  facet normal 0.24397 0.969783 -0
    outer loop
      vertex 129.673 120.357 0
      vertex 129.514 120.397 4.2
      vertex 129.673 120.357 4.2
    endloop
  endfacet
  facet normal 0.24397 0.969783 0
    outer loop
      vertex 129.514 120.397 4.2
      vertex 129.673 120.357 0
      vertex 129.514 120.397 0
    endloop
  endfacet
  facet normal -0.511805 0.859102 0
    outer loop
      vertex 130.931 120.607 0
      vertex 130.79 120.523 4.2
      vertex 130.931 120.607 4.2
    endloop
  endfacet
  facet normal -0.511805 0.859102 0
    outer loop
      vertex 130.79 120.523 4.2
      vertex 130.931 120.607 0
      vertex 130.79 120.523 0
    endloop
  endfacet
  facet normal 0.33441 0.942428 -0
    outer loop
      vertex 129.514 120.397 0
      vertex 129.359 120.452 4.2
      vertex 129.514 120.397 4.2
    endloop
  endfacet
  facet normal 0.33441 0.942428 0
    outer loop
      vertex 129.359 120.452 4.2
      vertex 129.514 120.397 0
      vertex 129.359 120.452 0
    endloop
  endfacet
  facet normal -0.33441 0.942428 0
    outer loop
      vertex 130.641 120.452 0
      vertex 130.486 120.397 4.2
      vertex 130.641 120.452 4.2
    endloop
  endfacet
  facet normal -0.33441 0.942428 0
    outer loop
      vertex 130.486 120.397 4.2
      vertex 130.641 120.452 0
      vertex 130.486 120.397 0
    endloop
  endfacet
  facet normal 0.676 -0.736901 0
    outer loop
      vertex 128.816 123.184 0
      vertex 128.937 123.295 4.2
      vertex 128.816 123.184 4.2
    endloop
  endfacet
  facet normal 0.676 -0.736901 0
    outer loop
      vertex 128.937 123.295 4.2
      vertex 128.816 123.184 0
      vertex 128.937 123.295 0
    endloop
  endfacet
  facet normal -0.24397 0.969783 0
    outer loop
      vertex 130.486 120.397 0
      vertex 130.327 120.357 4.2
      vertex 130.486 120.397 4.2
    endloop
  endfacet
  facet normal -0.24397 0.969783 0
    outer loop
      vertex 130.327 120.357 4.2
      vertex 130.486 120.397 0
      vertex 130.327 120.357 0
    endloop
  endfacet
  facet normal 0.859102 -0.511805 0
    outer loop
      vertex 128.523 122.79 4.2
      vertex 128.607 122.931 0
      vertex 128.607 122.931 4.2
    endloop
  endfacet
  facet normal 0.859102 -0.511805 0
    outer loop
      vertex 128.607 122.931 0
      vertex 128.523 122.79 4.2
      vertex 128.523 122.79 0
    endloop
  endfacet
  facet normal 0.989333 -0.145669 0
    outer loop
      vertex 128.333 122.164 4.2
      vertex 128.357 122.327 0
      vertex 128.357 122.327 4.2
    endloop
  endfacet
  facet normal 0.989333 -0.145669 0
    outer loop
      vertex 128.357 122.327 0
      vertex 128.333 122.164 4.2
      vertex 128.333 122.164 0
    endloop
  endfacet
  facet normal -0.902748 -0.430169 0
    outer loop
      vertex 131.548 122.641 0
      vertex 131.477 122.79 4.2
      vertex 131.477 122.79 0
    endloop
  endfacet
  facet normal -0.902748 -0.430169 0
    outer loop
      vertex 131.477 122.79 4.2
      vertex 131.548 122.641 0
      vertex 131.548 122.641 4.2
    endloop
  endfacet
  facet normal -0.80291 0.5961 0
    outer loop
      vertex 131.295 120.937 0
      vertex 131.393 121.069 4.2
      vertex 131.393 121.069 0
    endloop
  endfacet
  facet normal -0.80291 0.5961 0
    outer loop
      vertex 131.393 121.069 4.2
      vertex 131.295 120.937 0
      vertex 131.295 120.937 4.2
    endloop
  endfacet
  facet normal 0.5961 -0.80291 0
    outer loop
      vertex 128.937 123.295 0
      vertex 129.069 123.393 4.2
      vertex 128.937 123.295 4.2
    endloop
  endfacet
  facet normal 0.5961 -0.80291 0
    outer loop
      vertex 129.069 123.393 4.2
      vertex 128.937 123.295 0
      vertex 129.069 123.393 0
    endloop
  endfacet
  facet normal -0.5961 -0.80291 0
    outer loop
      vertex 130.931 123.393 0
      vertex 131.063 123.295 4.2
      vertex 130.931 123.393 4.2
    endloop
  endfacet
  facet normal -0.5961 -0.80291 -0
    outer loop
      vertex 131.063 123.295 4.2
      vertex 130.931 123.393 0
      vertex 131.063 123.295 0
    endloop
  endfacet
  facet normal -0.145669 -0.989333 0
    outer loop
      vertex 130.164 123.667 0
      vertex 130.327 123.643 4.2
      vertex 130.164 123.667 4.2
    endloop
  endfacet
  facet normal -0.145669 -0.989333 -0
    outer loop
      vertex 130.327 123.643 4.2
      vertex 130.164 123.667 0
      vertex 130.327 123.643 0
    endloop
  endfacet
  facet normal -0.80291 -0.5961 0
    outer loop
      vertex 131.393 122.931 0
      vertex 131.295 123.063 4.2
      vertex 131.295 123.063 0
    endloop
  endfacet
  facet normal -0.80291 -0.5961 0
    outer loop
      vertex 131.295 123.063 4.2
      vertex 131.393 122.931 0
      vertex 131.393 122.931 4.2
    endloop
  endfacet
  facet normal 0.511805 -0.859102 0
    outer loop
      vertex 129.069 123.393 0
      vertex 129.21 123.477 4.2
      vertex 129.069 123.393 4.2
    endloop
  endfacet
  facet normal 0.511805 -0.859102 0
    outer loop
      vertex 129.21 123.477 4.2
      vertex 129.069 123.393 0
      vertex 129.21 123.477 0
    endloop
  endfacet
  facet normal -0.511805 -0.859102 0
    outer loop
      vertex 130.79 123.477 0
      vertex 130.931 123.393 4.2
      vertex 130.79 123.477 4.2
    endloop
  endfacet
  facet normal -0.511805 -0.859102 -0
    outer loop
      vertex 130.931 123.393 4.2
      vertex 130.79 123.477 0
      vertex 130.931 123.393 0
    endloop
  endfacet
  facet normal -0.676 -0.736901 0
    outer loop
      vertex 131.063 123.295 0
      vertex 131.184 123.184 4.2
      vertex 131.063 123.295 4.2
    endloop
  endfacet
  facet normal -0.676 -0.736901 -0
    outer loop
      vertex 131.184 123.184 4.2
      vertex 131.063 123.295 0
      vertex 131.184 123.184 0
    endloop
  endfacet
  facet normal 0.942428 0.33441 0
    outer loop
      vertex 128.452 121.359 4.2
      vertex 128.397 121.514 0
      vertex 128.397 121.514 4.2
    endloop
  endfacet
  facet normal 0.942428 0.33441 0
    outer loop
      vertex 128.397 121.514 0
      vertex 128.452 121.359 4.2
      vertex 128.452 121.359 0
    endloop
  endfacet
  facet normal -0.998812 0.0487226 0
    outer loop
      vertex 131.667 121.836 0
      vertex 131.675 122 4.2
      vertex 131.675 122 0
    endloop
  endfacet
  facet normal -0.998812 0.0487226 0
    outer loop
      vertex 131.675 122 4.2
      vertex 131.667 121.836 0
      vertex 131.667 121.836 4.2
    endloop
  endfacet
  facet normal 0.430169 -0.902748 0
    outer loop
      vertex 129.21 123.477 0
      vertex 129.359 123.548 4.2
      vertex 129.21 123.477 4.2
    endloop
  endfacet
  facet normal 0.430169 -0.902748 0
    outer loop
      vertex 129.359 123.548 4.2
      vertex 129.21 123.477 0
      vertex 129.359 123.548 0
    endloop
  endfacet
  facet normal -0.902748 0.430169 0
    outer loop
      vertex 131.477 121.21 0
      vertex 131.548 121.359 4.2
      vertex 131.548 121.359 0
    endloop
  endfacet
  facet normal -0.902748 0.430169 0
    outer loop
      vertex 131.548 121.359 4.2
      vertex 131.477 121.21 0
      vertex 131.477 121.21 4.2
    endloop
  endfacet
  facet normal 0.5961 0.80291 -0
    outer loop
      vertex 129.069 120.607 0
      vertex 128.937 120.705 4.2
      vertex 129.069 120.607 4.2
    endloop
  endfacet
  facet normal 0.5961 0.80291 0
    outer loop
      vertex 128.937 120.705 4.2
      vertex 129.069 120.607 0
      vertex 128.937 120.705 0
    endloop
  endfacet
  facet normal 0.80291 -0.5961 0
    outer loop
      vertex 128.607 122.931 4.2
      vertex 128.705 123.063 0
      vertex 128.705 123.063 4.2
    endloop
  endfacet
  facet normal 0.80291 -0.5961 0
    outer loop
      vertex 128.705 123.063 0
      vertex 128.607 122.931 4.2
      vertex 128.607 122.931 0
    endloop
  endfacet
  facet normal 0.942428 -0.33441 0
    outer loop
      vertex 128.397 122.486 4.2
      vertex 128.452 122.641 0
      vertex 128.452 122.641 4.2
    endloop
  endfacet
  facet normal 0.942428 -0.33441 0
    outer loop
      vertex 128.452 122.641 0
      vertex 128.397 122.486 4.2
      vertex 128.397 122.486 0
    endloop
  endfacet
  facet normal -0.859102 -0.511805 0
    outer loop
      vertex 131.477 122.79 0
      vertex 131.393 122.931 4.2
      vertex 131.393 122.931 0
    endloop
  endfacet
  facet normal -0.859102 -0.511805 0
    outer loop
      vertex 131.393 122.931 4.2
      vertex 131.477 122.79 0
      vertex 131.477 122.79 4.2
    endloop
  endfacet
  facet normal -0.942428 -0.33441 0
    outer loop
      vertex 131.603 122.486 0
      vertex 131.548 122.641 4.2
      vertex 131.548 122.641 0
    endloop
  endfacet
  facet normal -0.942428 -0.33441 0
    outer loop
      vertex 131.548 122.641 4.2
      vertex 131.603 122.486 0
      vertex 131.603 122.486 4.2
    endloop
  endfacet
  facet normal 0.676 0.736901 -0
    outer loop
      vertex 128.937 120.705 0
      vertex 128.816 120.816 4.2
      vertex 128.937 120.705 4.2
    endloop
  endfacet
  facet normal 0.676 0.736901 0
    outer loop
      vertex 128.816 120.816 4.2
      vertex 128.937 120.705 0
      vertex 128.816 120.816 0
    endloop
  endfacet
  facet normal -0.969783 0.24397 0
    outer loop
      vertex 131.603 121.514 0
      vertex 131.643 121.673 4.2
      vertex 131.643 121.673 0
    endloop
  endfacet
  facet normal -0.969783 0.24397 0
    outer loop
      vertex 131.643 121.673 4.2
      vertex 131.603 121.514 0
      vertex 131.603 121.514 4.2
    endloop
  endfacet
  facet normal -0.989333 0.145669 0
    outer loop
      vertex 131.643 121.673 0
      vertex 131.667 121.836 4.2
      vertex 131.667 121.836 0
    endloop
  endfacet
  facet normal -0.989333 0.145669 0
    outer loop
      vertex 131.667 121.836 4.2
      vertex 131.643 121.673 0
      vertex 131.643 121.673 4.2
    endloop
  endfacet
  facet normal 0.511805 0.859102 -0
    outer loop
      vertex 129.21 120.523 0
      vertex 129.069 120.607 4.2
      vertex 129.21 120.523 4.2
    endloop
  endfacet
  facet normal 0.511805 0.859102 0
    outer loop
      vertex 129.069 120.607 4.2
      vertex 129.21 120.523 0
      vertex 129.069 120.607 0
    endloop
  endfacet
  facet normal -0.33441 -0.942428 0
    outer loop
      vertex 130.486 123.603 0
      vertex 130.641 123.548 4.2
      vertex 130.486 123.603 4.2
    endloop
  endfacet
  facet normal -0.33441 -0.942428 -0
    outer loop
      vertex 130.641 123.548 4.2
      vertex 130.486 123.603 0
      vertex 130.641 123.548 0
    endloop
  endfacet
  facet normal 0.33441 -0.942428 0
    outer loop
      vertex 129.359 123.548 0
      vertex 129.514 123.603 4.2
      vertex 129.359 123.548 4.2
    endloop
  endfacet
  facet normal 0.33441 -0.942428 0
    outer loop
      vertex 129.514 123.603 4.2
      vertex 129.359 123.548 0
      vertex 129.514 123.603 0
    endloop
  endfacet
  facet normal -0.145669 0.989333 0
    outer loop
      vertex 130.327 120.357 0
      vertex 130.164 120.333 4.2
      vertex 130.327 120.357 4.2
    endloop
  endfacet
  facet normal -0.145669 0.989333 0
    outer loop
      vertex 130.164 120.333 4.2
      vertex 130.327 120.357 0
      vertex 130.164 120.333 0
    endloop
  endfacet
  facet normal -0.859102 0.511805 0
    outer loop
      vertex 131.393 121.069 0
      vertex 131.477 121.21 4.2
      vertex 131.477 121.21 0
    endloop
  endfacet
  facet normal -0.859102 0.511805 0
    outer loop
      vertex 131.477 121.21 4.2
      vertex 131.393 121.069 0
      vertex 131.393 121.069 4.2
    endloop
  endfacet
  facet normal 0.0487226 -0.998812 0
    outer loop
      vertex 129.836 123.667 0
      vertex 130 123.675 4.2
      vertex 129.836 123.667 4.2
    endloop
  endfacet
  facet normal 0.0487226 -0.998812 0
    outer loop
      vertex 130 123.675 4.2
      vertex 129.836 123.667 0
      vertex 130 123.675 0
    endloop
  endfacet
  facet normal 0.998812 0.0487226 0
    outer loop
      vertex 128.333 121.836 4.2
      vertex 128.325 122 0
      vertex 128.325 122 4.2
    endloop
  endfacet
  facet normal 0.998812 0.0487226 0
    outer loop
      vertex 128.325 122 0
      vertex 128.333 121.836 4.2
      vertex 128.333 121.836 0
    endloop
  endfacet
  facet normal -0.942428 0.33441 0
    outer loop
      vertex 131.548 121.359 0
      vertex 131.603 121.514 4.2
      vertex 131.603 121.514 0
    endloop
  endfacet
  facet normal -0.942428 0.33441 0
    outer loop
      vertex 131.603 121.514 4.2
      vertex 131.548 121.359 0
      vertex 131.548 121.359 4.2
    endloop
  endfacet
  facet normal -0.430169 -0.902748 0
    outer loop
      vertex 130.641 123.548 0
      vertex 130.79 123.477 4.2
      vertex 130.641 123.548 4.2
    endloop
  endfacet
  facet normal -0.430169 -0.902748 -0
    outer loop
      vertex 130.79 123.477 4.2
      vertex 130.641 123.548 0
      vertex 130.79 123.477 0
    endloop
  endfacet
  facet normal -0.736901 -0.676 0
    outer loop
      vertex 131.295 123.063 0
      vertex 131.184 123.184 4.2
      vertex 131.184 123.184 0
    endloop
  endfacet
  facet normal -0.736901 -0.676 0
    outer loop
      vertex 131.184 123.184 4.2
      vertex 131.295 123.063 0
      vertex 131.295 123.063 4.2
    endloop
  endfacet
  facet normal -0.0487226 -0.998812 0
    outer loop
      vertex 130 123.675 0
      vertex 130.164 123.667 4.2
      vertex 130 123.675 4.2
    endloop
  endfacet
  facet normal -0.0487226 -0.998812 -0
    outer loop
      vertex 130.164 123.667 4.2
      vertex 130 123.675 0
      vertex 130.164 123.667 0
    endloop
  endfacet
  facet normal 0.859102 0.511805 0
    outer loop
      vertex 128.607 121.069 4.2
      vertex 128.523 121.21 0
      vertex 128.523 121.21 4.2
    endloop
  endfacet
  facet normal 0.859102 0.511805 0
    outer loop
      vertex 128.523 121.21 0
      vertex 128.607 121.069 4.2
      vertex 128.607 121.069 0
    endloop
  endfacet
  facet normal 0.145669 0.989333 -0
    outer loop
      vertex 129.836 120.333 0
      vertex 129.673 120.357 4.2
      vertex 129.836 120.333 4.2
    endloop
  endfacet
  facet normal 0.145669 0.989333 0
    outer loop
      vertex 129.673 120.357 4.2
      vertex 129.836 120.333 0
      vertex 129.673 120.357 0
    endloop
  endfacet
  facet normal -0.676 0.736901 0
    outer loop
      vertex 131.184 120.816 0
      vertex 131.063 120.705 4.2
      vertex 131.184 120.816 4.2
    endloop
  endfacet
  facet normal -0.676 0.736901 0
    outer loop
      vertex 131.063 120.705 4.2
      vertex 131.184 120.816 0
      vertex 131.063 120.705 0
    endloop
  endfacet
  facet normal 0.0487226 0.998812 -0
    outer loop
      vertex 130 120.325 0
      vertex 129.836 120.333 4.2
      vertex 130 120.325 4.2
    endloop
  endfacet
  facet normal 0.0487226 0.998812 0
    outer loop
      vertex 129.836 120.333 4.2
      vertex 130 120.325 0
      vertex 129.836 120.333 0
    endloop
  endfacet
  facet normal 0.736901 -0.676 0
    outer loop
      vertex 128.705 123.063 4.2
      vertex 128.816 123.184 0
      vertex 128.816 123.184 4.2
    endloop
  endfacet
  facet normal 0.736901 -0.676 0
    outer loop
      vertex 128.816 123.184 0
      vertex 128.705 123.063 4.2
      vertex 128.705 123.063 0
    endloop
  endfacet
  facet normal 0.145669 -0.989333 0
    outer loop
      vertex 129.673 123.643 0
      vertex 129.836 123.667 4.2
      vertex 129.673 123.643 4.2
    endloop
  endfacet
  facet normal 0.145669 -0.989333 0
    outer loop
      vertex 129.836 123.667 4.2
      vertex 129.673 123.643 0
      vertex 129.836 123.667 0
    endloop
  endfacet
  facet normal 0.902748 -0.430169 0
    outer loop
      vertex 128.452 122.641 4.2
      vertex 128.523 122.79 0
      vertex 128.523 122.79 4.2
    endloop
  endfacet
  facet normal 0.902748 -0.430169 0
    outer loop
      vertex 128.523 122.79 0
      vertex 128.452 122.641 4.2
      vertex 128.452 122.641 0
    endloop
  endfacet
  facet normal 0.969783 -0.24397 0
    outer loop
      vertex 128.357 122.327 4.2
      vertex 128.397 122.486 0
      vertex 128.397 122.486 4.2
    endloop
  endfacet
  facet normal 0.969783 -0.24397 0
    outer loop
      vertex 128.397 122.486 0
      vertex 128.357 122.327 4.2
      vertex 128.357 122.327 0
    endloop
  endfacet
  facet normal -0.24397 -0.969783 0
    outer loop
      vertex 130.327 123.643 0
      vertex 130.486 123.603 4.2
      vertex 130.327 123.643 4.2
    endloop
  endfacet
  facet normal -0.24397 -0.969783 -0
    outer loop
      vertex 130.486 123.603 4.2
      vertex 130.327 123.643 0
      vertex 130.486 123.603 0
    endloop
  endfacet
  facet normal 0.969783 0.24397 0
    outer loop
      vertex 128.397 121.514 4.2
      vertex 128.357 121.673 0
      vertex 128.357 121.673 4.2
    endloop
  endfacet
  facet normal 0.969783 0.24397 0
    outer loop
      vertex 128.357 121.673 0
      vertex 128.397 121.514 4.2
      vertex 128.397 121.514 0
    endloop
  endfacet
  facet normal 0.430169 0.902748 -0
    outer loop
      vertex 129.359 120.452 0
      vertex 129.21 120.523 4.2
      vertex 129.359 120.452 4.2
    endloop
  endfacet
  facet normal 0.430169 0.902748 0
    outer loop
      vertex 129.21 120.523 4.2
      vertex 129.359 120.452 0
      vertex 129.21 120.523 0
    endloop
  endfacet
  facet normal 0.736901 0.676 0
    outer loop
      vertex 128.816 120.816 4.2
      vertex 128.705 120.937 0
      vertex 128.705 120.937 4.2
    endloop
  endfacet
  facet normal 0.736901 0.676 0
    outer loop
      vertex 128.705 120.937 0
      vertex 128.816 120.816 4.2
      vertex 128.816 120.816 0
    endloop
  endfacet
  facet normal -0.0487226 0.998812 0
    outer loop
      vertex 130.164 120.333 0
      vertex 130 120.325 4.2
      vertex 130.164 120.333 4.2
    endloop
  endfacet
  facet normal -0.0487226 0.998812 0
    outer loop
      vertex 130 120.325 4.2
      vertex 130.164 120.333 0
      vertex 130 120.325 0
    endloop
  endfacet
  facet normal 0.989333 0.145669 0
    outer loop
      vertex 128.357 121.673 4.2
      vertex 128.333 121.836 0
      vertex 128.333 121.836 4.2
    endloop
  endfacet
  facet normal 0.989333 0.145669 0
    outer loop
      vertex 128.333 121.836 0
      vertex 128.357 121.673 4.2
      vertex 128.357 121.673 0
    endloop
  endfacet
  facet normal -0.5961 0.80291 0
    outer loop
      vertex 131.063 120.705 0
      vertex 130.931 120.607 4.2
      vertex 131.063 120.705 4.2
    endloop
  endfacet
  facet normal -0.5961 0.80291 0
    outer loop
      vertex 130.931 120.607 4.2
      vertex 131.063 120.705 0
      vertex 130.931 120.607 0
    endloop
  endfacet
  facet normal 0.80291 0.5961 0
    outer loop
      vertex 128.705 120.937 4.2
      vertex 128.607 121.069 0
      vertex 128.607 121.069 4.2
    endloop
  endfacet
  facet normal 0.80291 0.5961 0
    outer loop
      vertex 128.607 121.069 0
      vertex 128.705 120.937 4.2
      vertex 128.705 120.937 0
    endloop
  endfacet
  facet normal 0.998812 -0.0487226 0
    outer loop
      vertex 128.325 122 4.2
      vertex 128.333 122.164 0
      vertex 128.333 122.164 4.2
    endloop
  endfacet
  facet normal 0.998812 -0.0487226 0
    outer loop
      vertex 128.333 122.164 0
      vertex 128.325 122 4.2
      vertex 128.325 122 0
    endloop
  endfacet
  facet normal -0.736901 0.676 0
    outer loop
      vertex 131.184 120.816 0
      vertex 131.295 120.937 4.2
      vertex 131.295 120.937 0
    endloop
  endfacet
  facet normal -0.736901 0.676 0
    outer loop
      vertex 131.295 120.937 4.2
      vertex 131.184 120.816 0
      vertex 131.184 120.816 4.2
    endloop
  endfacet
  facet normal 0.85772 -0.514117 0
    outer loop
      vertex 8.52278 0.789589 4.2
      vertex 8.60729 0.93058 0
      vertex 8.60729 0.93058 4.2
    endloop
  endfacet
  facet normal 0.85772 -0.514117 0
    outer loop
      vertex 8.60729 0.93058 0
      vertex 8.52278 0.789589 4.2
      vertex 8.52278 0.789589 0
    endloop
  endfacet
  facet normal -0.989193 -0.146617 0
    outer loop
      vertex 11.6669 0.164178 0
      vertex 11.6428 0.326776 4.2
      vertex 11.6428 0.326776 0
    endloop
  endfacet
  facet normal -0.989193 -0.146617 0
    outer loop
      vertex 11.6428 0.326776 4.2
      vertex 11.6669 0.164178 0
      vertex 11.6669 0.164178 4.2
    endloop
  endfacet
  facet normal -0.998785 -0.0492768 0
    outer loop
      vertex 11.675 0 0
      vertex 11.6669 0.164178 4.2
      vertex 11.6669 0.164178 0
    endloop
  endfacet
  facet normal -0.998785 -0.0492768 0
    outer loop
      vertex 11.6669 0.164178 4.2
      vertex 11.675 0 0
      vertex 11.675 0 4.2
    endloop
  endfacet
  facet normal -0.970089 -0.24275 0
    outer loop
      vertex 11.6428 0.326776 0
      vertex 11.6029 0.486226 4.2
      vertex 11.6029 0.486226 0
    endloop
  endfacet
  facet normal -0.970089 -0.24275 0
    outer loop
      vertex 11.6029 0.486226 4.2
      vertex 11.6428 0.326776 0
      vertex 11.6428 0.326776 4.2
    endloop
  endfacet
  facet normal -0.998785 0.0492768 0
    outer loop
      vertex 11.6669 -0.164178 0
      vertex 11.675 0 4.2
      vertex 11.675 0 0
    endloop
  endfacet
  facet normal -0.998785 0.0492768 0
    outer loop
      vertex 11.675 0 4.2
      vertex 11.6669 -0.164178 0
      vertex 11.6669 -0.164178 4.2
    endloop
  endfacet
  facet normal -0.427542 -0.903995 0
    outer loop
      vertex 10.641 1.5475 0
      vertex 10.7896 1.47722 4.2
      vertex 10.641 1.5475 4.2
    endloop
  endfacet
  facet normal -0.427542 -0.903995 -0
    outer loop
      vertex 10.7896 1.47722 4.2
      vertex 10.641 1.5475 0
      vertex 10.7896 1.47722 0
    endloop
  endfacet
  facet normal 0.989185 0.146676 0
    outer loop
      vertex 8.35718 -0.326776 4.2
      vertex 8.33307 -0.164178 0
      vertex 8.33307 -0.164178 4.2
    endloop
  endfacet
  facet normal 0.989185 0.146676 0
    outer loop
      vertex 8.33307 -0.164178 0
      vertex 8.35718 -0.326776 4.2
      vertex 8.35718 -0.326776 0
    endloop
  endfacet
  facet normal 0.970031 -0.242979 0
    outer loop
      vertex 8.35718 0.326776 4.2
      vertex 8.39712 0.486226 0
      vertex 8.39712 0.486226 4.2
    endloop
  endfacet
  facet normal 0.970031 -0.242979 0
    outer loop
      vertex 8.39712 0.486226 0
      vertex 8.35718 0.326776 4.2
      vertex 8.35718 0.326776 0
    endloop
  endfacet
  facet normal 0.427566 -0.903984 0
    outer loop
      vertex 9.21041 1.47722 0
      vertex 9.359 1.5475 4.2
      vertex 9.21041 1.47722 4.2
    endloop
  endfacet
  facet normal 0.427566 -0.903984 0
    outer loop
      vertex 9.359 1.5475 4.2
      vertex 9.21041 1.47722 0
      vertex 9.359 1.5475 0
    endloop
  endfacet
  facet normal -0.336791 -0.941579 0
    outer loop
      vertex 10.4862 1.60287 0
      vertex 10.641 1.5475 4.2
      vertex 10.4862 1.60287 4.2
    endloop
  endfacet
  facet normal -0.336791 -0.941579 -0
    outer loop
      vertex 10.641 1.5475 4.2
      vertex 10.4862 1.60287 0
      vertex 10.641 1.5475 0
    endloop
  endfacet
  facet normal 0.0490941 -0.998794 0
    outer loop
      vertex 9.83582 1.66693 0
      vertex 10 1.675 4.2
      vertex 9.83582 1.66693 4.2
    endloop
  endfacet
  facet normal 0.0490941 -0.998794 0
    outer loop
      vertex 10 1.675 4.2
      vertex 9.83582 1.66693 0
      vertex 10 1.675 0
    endloop
  endfacet
  facet normal -0.803266 -0.59562 0
    outer loop
      vertex 11.3927 0.93058 0
      vertex 11.2948 1.06261 4.2
      vertex 11.2948 1.06261 0
    endloop
  endfacet
  facet normal -0.803266 -0.59562 0
    outer loop
      vertex 11.2948 1.06261 4.2
      vertex 11.3927 0.93058 0
      vertex 11.3927 0.93058 4.2
    endloop
  endfacet
  facet normal -0.514093 -0.857734 0
    outer loop
      vertex 10.7896 1.47722 0
      vertex 10.9306 1.39271 4.2
      vertex 10.7896 1.47722 4.2
    endloop
  endfacet
  facet normal -0.514093 -0.857734 -0
    outer loop
      vertex 10.9306 1.39271 4.2
      vertex 10.7896 1.47722 0
      vertex 10.9306 1.39271 0
    endloop
  endfacet
  facet normal -0.336791 0.941579 0
    outer loop
      vertex 10.641 -1.5475 0
      vertex 10.4862 -1.60287 4.2
      vertex 10.641 -1.5475 4.2
    endloop
  endfacet
  facet normal -0.336791 0.941579 0
    outer loop
      vertex 10.4862 -1.60287 4.2
      vertex 10.641 -1.5475 0
      vertex 10.4862 -1.60287 0
    endloop
  endfacet
  facet normal 0.51412 -0.857718 0
    outer loop
      vertex 9.06942 1.39271 0
      vertex 9.21041 1.47722 4.2
      vertex 9.06942 1.39271 4.2
    endloop
  endfacet
  facet normal 0.51412 -0.857718 0
    outer loop
      vertex 9.21041 1.47722 4.2
      vertex 9.06942 1.39271 0
      vertex 9.21041 1.47722 0
    endloop
  endfacet
  facet normal 0.427566 0.903984 -0
    outer loop
      vertex 9.359 -1.5475 0
      vertex 9.21041 -1.47722 4.2
      vertex 9.359 -1.5475 4.2
    endloop
  endfacet
  facet normal 0.427566 0.903984 0
    outer loop
      vertex 9.21041 -1.47722 4.2
      vertex 9.359 -1.5475 0
      vertex 9.21041 -1.47722 0
    endloop
  endfacet
  facet normal 0.242979 0.970031 -0
    outer loop
      vertex 9.67322 -1.64281 0
      vertex 9.51377 -1.60287 4.2
      vertex 9.67322 -1.64281 4.2
    endloop
  endfacet
  facet normal 0.242979 0.970031 0
    outer loop
      vertex 9.51377 -1.60287 4.2
      vertex 9.67322 -1.64281 0
      vertex 9.51377 -1.60287 0
    endloop
  endfacet
  facet normal -0.514093 0.857734 0
    outer loop
      vertex 10.9306 -1.39271 0
      vertex 10.7896 -1.47722 4.2
      vertex 10.9306 -1.39271 4.2
    endloop
  endfacet
  facet normal -0.514093 0.857734 0
    outer loop
      vertex 10.7896 -1.47722 4.2
      vertex 10.9306 -1.39271 0
      vertex 10.7896 -1.47722 0
    endloop
  endfacet
  facet normal -0.595786 0.803143 0
    outer loop
      vertex 11.0626 -1.29479 0
      vertex 10.9306 -1.39271 4.2
      vertex 11.0626 -1.29479 4.2
    endloop
  endfacet
  facet normal -0.595786 0.803143 0
    outer loop
      vertex 10.9306 -1.39271 4.2
      vertex 11.0626 -1.29479 0
      vertex 10.9306 -1.39271 0
    endloop
  endfacet
  facet normal -0.671549 -0.74096 0
    outer loop
      vertex 11.0626 1.29479 0
      vertex 11.1844 1.1844 4.2
      vertex 11.0626 1.29479 4.2
    endloop
  endfacet
  facet normal -0.671549 -0.74096 -0
    outer loop
      vertex 11.1844 1.1844 4.2
      vertex 11.0626 1.29479 0
      vertex 11.1844 1.1844 0
    endloop
  endfacet
  facet normal 0.242979 -0.970031 0
    outer loop
      vertex 9.51377 1.60287 0
      vertex 9.67322 1.64281 4.2
      vertex 9.51377 1.60287 4.2
    endloop
  endfacet
  facet normal 0.242979 -0.970031 0
    outer loop
      vertex 9.67322 1.64281 4.2
      vertex 9.51377 1.60287 0
      vertex 9.67322 1.64281 0
    endloop
  endfacet
  facet normal 0.671579 -0.740933 0
    outer loop
      vertex 8.8156 1.1844 0
      vertex 8.93739 1.29479 4.2
      vertex 8.8156 1.1844 4.2
    endloop
  endfacet
  facet normal 0.671579 -0.740933 0
    outer loop
      vertex 8.93739 1.29479 4.2
      vertex 8.8156 1.1844 0
      vertex 8.93739 1.29479 0
    endloop
  endfacet
  facet normal -0.989193 0.146617 0
    outer loop
      vertex 11.6428 -0.326776 0
      vertex 11.6669 -0.164178 4.2
      vertex 11.6669 -0.164178 0
    endloop
  endfacet
  facet normal -0.989193 0.146617 0
    outer loop
      vertex 11.6669 -0.164178 4.2
      vertex 11.6428 -0.326776 0
      vertex 11.6428 -0.326776 4.2
    endloop
  endfacet
  facet normal 0.90399 -0.427554 0
    outer loop
      vertex 8.4525 0.640994 4.2
      vertex 8.52278 0.789589 0
      vertex 8.52278 0.789589 4.2
    endloop
  endfacet
  facet normal 0.90399 -0.427554 0
    outer loop
      vertex 8.52278 0.789589 0
      vertex 8.4525 0.640994 4.2
      vertex 8.4525 0.640994 0
    endloop
  endfacet
  facet normal -0.941499 0.337015 0
    outer loop
      vertex 11.5475 -0.640994 0
      vertex 11.6029 -0.486226 4.2
      vertex 11.6029 -0.486226 0
    endloop
  endfacet
  facet normal -0.941499 0.337015 0
    outer loop
      vertex 11.6029 -0.486226 4.2
      vertex 11.5475 -0.640994 0
      vertex 11.5475 -0.640994 4.2
    endloop
  endfacet
  facet normal 0.740933 0.671579 0
    outer loop
      vertex 8.8156 -1.1844 4.2
      vertex 8.70521 -1.06261 0
      vertex 8.70521 -1.06261 4.2
    endloop
  endfacet
  facet normal 0.740933 0.671579 0
    outer loop
      vertex 8.70521 -1.06261 0
      vertex 8.8156 -1.1844 4.2
      vertex 8.8156 -1.1844 0
    endloop
  endfacet
  facet normal 0.0490941 0.998794 -0
    outer loop
      vertex 10 -1.675 0
      vertex 9.83582 -1.66693 4.2
      vertex 10 -1.675 4.2
    endloop
  endfacet
  facet normal 0.0490941 0.998794 0
    outer loop
      vertex 9.83582 -1.66693 4.2
      vertex 10 -1.675 0
      vertex 9.83582 -1.66693 0
    endloop
  endfacet
  facet normal -0.970089 0.24275 0
    outer loop
      vertex 11.6029 -0.486226 0
      vertex 11.6428 -0.326776 4.2
      vertex 11.6428 -0.326776 0
    endloop
  endfacet
  facet normal -0.970089 0.24275 0
    outer loop
      vertex 11.6428 -0.326776 4.2
      vertex 11.6029 -0.486226 0
      vertex 11.6029 -0.486226 4.2
    endloop
  endfacet
  facet normal 0.970031 0.242979 0
    outer loop
      vertex 8.39712 -0.486226 4.2
      vertex 8.35718 -0.326776 0
      vertex 8.35718 -0.326776 4.2
    endloop
  endfacet
  facet normal 0.970031 0.242979 0
    outer loop
      vertex 8.35718 -0.326776 0
      vertex 8.39712 -0.486226 4.2
      vertex 8.39712 -0.486226 0
    endloop
  endfacet
  facet normal -0.857747 0.514073 0
    outer loop
      vertex 11.3927 -0.93058 0
      vertex 11.4772 -0.789589 4.2
      vertex 11.4772 -0.789589 0
    endloop
  endfacet
  facet normal -0.857747 0.514073 0
    outer loop
      vertex 11.4772 -0.789589 4.2
      vertex 11.3927 -0.93058 0
      vertex 11.3927 -0.93058 4.2
    endloop
  endfacet
  facet normal -0.427542 0.903995 0
    outer loop
      vertex 10.7896 -1.47722 0
      vertex 10.641 -1.5475 4.2
      vertex 10.7896 -1.47722 4.2
    endloop
  endfacet
  facet normal -0.427542 0.903995 0
    outer loop
      vertex 10.641 -1.5475 4.2
      vertex 10.7896 -1.47722 0
      vertex 10.641 -1.5475 0
    endloop
  endfacet
  facet normal -0.0490881 0.998794 0
    outer loop
      vertex 10.1642 -1.66693 0
      vertex 10 -1.675 4.2
      vertex 10.1642 -1.66693 4.2
    endloop
  endfacet
  facet normal -0.0490881 0.998794 0
    outer loop
      vertex 10 -1.675 4.2
      vertex 10.1642 -1.66693 0
      vertex 10 -1.675 0
    endloop
  endfacet
  facet normal -0.595786 -0.803143 0
    outer loop
      vertex 10.9306 1.39271 0
      vertex 11.0626 1.29479 4.2
      vertex 10.9306 1.39271 4.2
    endloop
  endfacet
  facet normal -0.595786 -0.803143 -0
    outer loop
      vertex 11.0626 1.29479 4.2
      vertex 10.9306 1.39271 0
      vertex 11.0626 1.29479 0
    endloop
  endfacet
  facet normal 0.803208 -0.595699 0
    outer loop
      vertex 8.60729 0.93058 4.2
      vertex 8.70521 1.06261 0
      vertex 8.70521 1.06261 4.2
    endloop
  endfacet
  facet normal 0.803208 -0.595699 0
    outer loop
      vertex 8.70521 1.06261 0
      vertex 8.60729 0.93058 4.2
      vertex 8.60729 0.93058 0
    endloop
  endfacet
  facet normal 0.85772 0.514117 0
    outer loop
      vertex 8.60729 -0.93058 4.2
      vertex 8.52278 -0.789589 0
      vertex 8.52278 -0.789589 4.2
    endloop
  endfacet
  facet normal 0.85772 0.514117 0
    outer loop
      vertex 8.52278 -0.789589 0
      vertex 8.60729 -0.93058 4.2
      vertex 8.60729 -0.93058 0
    endloop
  endfacet
  facet normal 0.90399 0.427554 0
    outer loop
      vertex 8.52278 -0.789589 4.2
      vertex 8.4525 -0.640994 0
      vertex 8.4525 -0.640994 4.2
    endloop
  endfacet
  facet normal 0.90399 0.427554 0
    outer loop
      vertex 8.4525 -0.640994 0
      vertex 8.52278 -0.789589 4.2
      vertex 8.52278 -0.789589 0
    endloop
  endfacet
  facet normal -0.0490881 -0.998794 0
    outer loop
      vertex 10 1.675 0
      vertex 10.1642 1.66693 4.2
      vertex 10 1.675 4.2
    endloop
  endfacet
  facet normal -0.0490881 -0.998794 -0
    outer loop
      vertex 10.1642 1.66693 4.2
      vertex 10 1.675 0
      vertex 10.1642 1.66693 0
    endloop
  endfacet
  facet normal -0.941499 -0.337015 0
    outer loop
      vertex 11.6029 0.486226 0
      vertex 11.5475 0.640994 4.2
      vertex 11.5475 0.640994 0
    endloop
  endfacet
  facet normal -0.941499 -0.337015 0
    outer loop
      vertex 11.5475 0.640994 4.2
      vertex 11.6029 0.486226 0
      vertex 11.6029 0.486226 4.2
    endloop
  endfacet
  facet normal -0.903943 -0.427654 0
    outer loop
      vertex 11.5475 0.640994 0
      vertex 11.4772 0.789589 4.2
      vertex 11.4772 0.789589 0
    endloop
  endfacet
  facet normal -0.903943 -0.427654 0
    outer loop
      vertex 11.4772 0.789589 4.2
      vertex 11.5475 0.640994 0
      vertex 11.5475 0.640994 4.2
    endloop
  endfacet
  facet normal 0.941538 -0.336907 0
    outer loop
      vertex 8.39712 0.486226 4.2
      vertex 8.4525 0.640994 0
      vertex 8.4525 0.640994 4.2
    endloop
  endfacet
  facet normal 0.941538 -0.336907 0
    outer loop
      vertex 8.4525 0.640994 0
      vertex 8.39712 0.486226 4.2
      vertex 8.39712 0.486226 0
    endloop
  endfacet
  facet normal 0.336849 -0.941559 0
    outer loop
      vertex 9.359 1.5475 0
      vertex 9.51377 1.60287 4.2
      vertex 9.359 1.5475 4.2
    endloop
  endfacet
  facet normal 0.336849 -0.941559 0
    outer loop
      vertex 9.51377 1.60287 4.2
      vertex 9.359 1.5475 0
      vertex 9.51377 1.60287 0
    endloop
  endfacet
  facet normal -0.857747 -0.514073 0
    outer loop
      vertex 11.4772 0.789589 0
      vertex 11.3927 0.93058 4.2
      vertex 11.3927 0.93058 0
    endloop
  endfacet
  facet normal -0.857747 -0.514073 0
    outer loop
      vertex 11.3927 0.93058 4.2
      vertex 11.4772 0.789589 0
      vertex 11.4772 0.789589 4.2
    endloop
  endfacet
  facet normal 0.803208 0.595699 0
    outer loop
      vertex 8.70521 -1.06261 4.2
      vertex 8.60729 -0.93058 0
      vertex 8.60729 -0.93058 4.2
    endloop
  endfacet
  facet normal 0.803208 0.595699 0
    outer loop
      vertex 8.60729 -0.93058 0
      vertex 8.70521 -1.06261 4.2
      vertex 8.70521 -1.06261 0
    endloop
  endfacet
  facet normal 0.671579 0.740933 -0
    outer loop
      vertex 8.93739 -1.29479 0
      vertex 8.8156 -1.1844 4.2
      vertex 8.93739 -1.29479 4.2
    endloop
  endfacet
  facet normal 0.671579 0.740933 0
    outer loop
      vertex 8.8156 -1.1844 4.2
      vertex 8.93739 -1.29479 0
      vertex 8.8156 -1.1844 0
    endloop
  endfacet
  facet normal -0.803266 0.59562 0
    outer loop
      vertex 11.2948 -1.06261 0
      vertex 11.3927 -0.93058 4.2
      vertex 11.3927 -0.93058 0
    endloop
  endfacet
  facet normal -0.803266 0.59562 0
    outer loop
      vertex 11.3927 -0.93058 4.2
      vertex 11.2948 -1.06261 0
      vertex 11.2948 -1.06261 4.2
    endloop
  endfacet
  facet normal 0.146734 -0.989176 0
    outer loop
      vertex 9.67322 1.64281 0
      vertex 9.83582 1.66693 4.2
      vertex 9.67322 1.64281 4.2
    endloop
  endfacet
  facet normal 0.146734 -0.989176 0
    outer loop
      vertex 9.83582 1.66693 4.2
      vertex 9.67322 1.64281 0
      vertex 9.83582 1.66693 0
    endloop
  endfacet
  facet normal 0.998794 -0.0490947 0
    outer loop
      vertex 8.325 0 4.2
      vertex 8.33307 0.164178 0
      vertex 8.33307 0.164178 4.2
    endloop
  endfacet
  facet normal 0.998794 -0.0490947 0
    outer loop
      vertex 8.33307 0.164178 0
      vertex 8.325 0 4.2
      vertex 8.325 0 0
    endloop
  endfacet
  facet normal 0.740933 -0.671579 0
    outer loop
      vertex 8.70521 1.06261 4.2
      vertex 8.8156 1.1844 0
      vertex 8.8156 1.1844 4.2
    endloop
  endfacet
  facet normal 0.740933 -0.671579 0
    outer loop
      vertex 8.8156 1.1844 0
      vertex 8.70521 1.06261 4.2
      vertex 8.70521 1.06261 0
    endloop
  endfacet
  facet normal -0.243051 0.970013 0
    outer loop
      vertex 10.4862 -1.60287 0
      vertex 10.3268 -1.64281 4.2
      vertex 10.4862 -1.60287 4.2
    endloop
  endfacet
  facet normal -0.243051 0.970013 0
    outer loop
      vertex 10.3268 -1.64281 4.2
      vertex 10.4862 -1.60287 0
      vertex 10.3268 -1.64281 0
    endloop
  endfacet
  facet normal -0.146734 0.989176 0
    outer loop
      vertex 10.3268 -1.64281 0
      vertex 10.1642 -1.66693 4.2
      vertex 10.3268 -1.64281 4.2
    endloop
  endfacet
  facet normal -0.146734 0.989176 0
    outer loop
      vertex 10.1642 -1.66693 4.2
      vertex 10.3268 -1.64281 0
      vertex 10.1642 -1.66693 0
    endloop
  endfacet
  facet normal -0.740903 -0.671612 0
    outer loop
      vertex 11.2948 1.06261 0
      vertex 11.1844 1.1844 4.2
      vertex 11.1844 1.1844 0
    endloop
  endfacet
  facet normal -0.740903 -0.671612 0
    outer loop
      vertex 11.1844 1.1844 4.2
      vertex 11.2948 1.06261 0
      vertex 11.2948 1.06261 4.2
    endloop
  endfacet
  facet normal 0.941538 0.336907 0
    outer loop
      vertex 8.4525 -0.640994 4.2
      vertex 8.39712 -0.486226 0
      vertex 8.39712 -0.486226 4.2
    endloop
  endfacet
  facet normal 0.941538 0.336907 0
    outer loop
      vertex 8.39712 -0.486226 0
      vertex 8.4525 -0.640994 4.2
      vertex 8.4525 -0.640994 0
    endloop
  endfacet
  facet normal 0.989185 -0.146676 0
    outer loop
      vertex 8.33307 0.164178 4.2
      vertex 8.35718 0.326776 0
      vertex 8.35718 0.326776 4.2
    endloop
  endfacet
  facet normal 0.989185 -0.146676 0
    outer loop
      vertex 8.35718 0.326776 0
      vertex 8.33307 0.164178 4.2
      vertex 8.33307 0.164178 0
    endloop
  endfacet
  facet normal -0.740903 0.671612 0
    outer loop
      vertex 11.1844 -1.1844 0
      vertex 11.2948 -1.06261 4.2
      vertex 11.2948 -1.06261 0
    endloop
  endfacet
  facet normal -0.740903 0.671612 0
    outer loop
      vertex 11.2948 -1.06261 4.2
      vertex 11.1844 -1.1844 0
      vertex 11.1844 -1.1844 4.2
    endloop
  endfacet
  facet normal -0.243051 -0.970013 0
    outer loop
      vertex 10.3268 1.64281 0
      vertex 10.4862 1.60287 4.2
      vertex 10.3268 1.64281 4.2
    endloop
  endfacet
  facet normal -0.243051 -0.970013 -0
    outer loop
      vertex 10.4862 1.60287 4.2
      vertex 10.3268 1.64281 0
      vertex 10.4862 1.60287 0
    endloop
  endfacet
  facet normal -0.903943 0.427654 0
    outer loop
      vertex 11.4772 -0.789589 0
      vertex 11.5475 -0.640994 4.2
      vertex 11.5475 -0.640994 0
    endloop
  endfacet
  facet normal -0.903943 0.427654 0
    outer loop
      vertex 11.5475 -0.640994 4.2
      vertex 11.4772 -0.789589 0
      vertex 11.4772 -0.789589 4.2
    endloop
  endfacet
  facet normal 0.595699 -0.803208 0
    outer loop
      vertex 8.93739 1.29479 0
      vertex 9.06942 1.39271 4.2
      vertex 8.93739 1.29479 4.2
    endloop
  endfacet
  facet normal 0.595699 -0.803208 0
    outer loop
      vertex 9.06942 1.39271 4.2
      vertex 8.93739 1.29479 0
      vertex 9.06942 1.39271 0
    endloop
  endfacet
  facet normal -0.671549 0.74096 0
    outer loop
      vertex 11.1844 -1.1844 0
      vertex 11.0626 -1.29479 4.2
      vertex 11.1844 -1.1844 4.2
    endloop
  endfacet
  facet normal -0.671549 0.74096 0
    outer loop
      vertex 11.0626 -1.29479 4.2
      vertex 11.1844 -1.1844 0
      vertex 11.0626 -1.29479 0
    endloop
  endfacet
  facet normal 0.146734 0.989176 -0
    outer loop
      vertex 9.83582 -1.66693 0
      vertex 9.67322 -1.64281 4.2
      vertex 9.83582 -1.66693 4.2
    endloop
  endfacet
  facet normal 0.146734 0.989176 0
    outer loop
      vertex 9.67322 -1.64281 4.2
      vertex 9.83582 -1.66693 0
      vertex 9.67322 -1.64281 0
    endloop
  endfacet
  facet normal 0.595699 0.803208 -0
    outer loop
      vertex 9.06942 -1.39271 0
      vertex 8.93739 -1.29479 4.2
      vertex 9.06942 -1.39271 4.2
    endloop
  endfacet
  facet normal 0.595699 0.803208 0
    outer loop
      vertex 8.93739 -1.29479 4.2
      vertex 9.06942 -1.39271 0
      vertex 8.93739 -1.29479 0
    endloop
  endfacet
  facet normal 0.51412 0.857718 -0
    outer loop
      vertex 9.21041 -1.47722 0
      vertex 9.06942 -1.39271 4.2
      vertex 9.21041 -1.47722 4.2
    endloop
  endfacet
  facet normal 0.51412 0.857718 0
    outer loop
      vertex 9.06942 -1.39271 4.2
      vertex 9.21041 -1.47722 0
      vertex 9.06942 -1.39271 0
    endloop
  endfacet
  facet normal 0.998794 0.0490947 0
    outer loop
      vertex 8.33307 -0.164178 4.2
      vertex 8.325 0 0
      vertex 8.325 0 4.2
    endloop
  endfacet
  facet normal 0.998794 0.0490947 0
    outer loop
      vertex 8.325 0 0
      vertex 8.33307 -0.164178 4.2
      vertex 8.33307 -0.164178 0
    endloop
  endfacet
  facet normal -0.146734 -0.989176 0
    outer loop
      vertex 10.1642 1.66693 0
      vertex 10.3268 1.64281 4.2
      vertex 10.1642 1.66693 4.2
    endloop
  endfacet
  facet normal -0.146734 -0.989176 -0
    outer loop
      vertex 10.3268 1.64281 4.2
      vertex 10.1642 1.66693 0
      vertex 10.3268 1.64281 0
    endloop
  endfacet
  facet normal 0.336849 0.941559 -0
    outer loop
      vertex 9.51377 -1.60287 0
      vertex 9.359 -1.5475 4.2
      vertex 9.51377 -1.60287 4.2
    endloop
  endfacet
  facet normal 0.336849 0.941559 0
    outer loop
      vertex 9.359 -1.5475 4.2
      vertex 9.51377 -1.60287 0
      vertex 9.359 -1.5475 0
    endloop
  endfacet
  facet normal 0.859087 -0.511829 0
    outer loop
      vertex 118.523 0.789589 4.2
      vertex 118.607 0.93058 0
      vertex 118.607 0.93058 4.2
    endloop
  endfacet
  facet normal 0.859087 -0.511829 0
    outer loop
      vertex 118.607 0.93058 0
      vertex 118.523 0.789589 4.2
      vertex 118.523 0.789589 0
    endloop
  endfacet
  facet normal -0.989281 -0.146021 0
    outer loop
      vertex 121.667 0.164178 0
      vertex 121.643 0.326776 4.2
      vertex 121.643 0.326776 0
    endloop
  endfacet
  facet normal -0.989281 -0.146021 0
    outer loop
      vertex 121.643 0.326776 4.2
      vertex 121.667 0.164178 0
      vertex 121.667 0.164178 4.2
    endloop
  endfacet
  facet normal -0.998815 -0.0486699 0
    outer loop
      vertex 121.675 0 0
      vertex 121.667 0.164178 4.2
      vertex 121.667 0.164178 0
    endloop
  endfacet
  facet normal -0.998815 -0.0486699 0
    outer loop
      vertex 121.667 0.164178 4.2
      vertex 121.675 0 0
      vertex 121.675 0 4.2
    endloop
  endfacet
  facet normal -0.969945 -0.243323 0
    outer loop
      vertex 121.643 0.326776 0
      vertex 121.603 0.486226 4.2
      vertex 121.603 0.486226 0
    endloop
  endfacet
  facet normal -0.969945 -0.243323 0
    outer loop
      vertex 121.603 0.486226 4.2
      vertex 121.643 0.326776 0
      vertex 121.643 0.326776 4.2
    endloop
  endfacet
  facet normal -0.998815 0.0486699 0
    outer loop
      vertex 121.667 -0.164178 0
      vertex 121.675 0 4.2
      vertex 121.675 0 0
    endloop
  endfacet
  facet normal -0.998815 0.0486699 0
    outer loop
      vertex 121.675 0 4.2
      vertex 121.667 -0.164178 0
      vertex 121.667 -0.164178 4.2
    endloop
  endfacet
  facet normal -0.426604 -0.904439 0
    outer loop
      vertex 120.641 1.5475 0
      vertex 120.79 1.47722 4.2
      vertex 120.641 1.5475 4.2
    endloop
  endfacet
  facet normal -0.426604 -0.904439 -0
    outer loop
      vertex 120.79 1.47722 4.2
      vertex 120.641 1.5475 0
      vertex 120.79 1.47722 0
    endloop
  endfacet
  facet normal 0.989281 0.146021 0
    outer loop
      vertex 118.357 -0.326776 4.2
      vertex 118.333 -0.164178 0
      vertex 118.333 -0.164178 4.2
    endloop
  endfacet
  facet normal 0.989281 0.146021 0
    outer loop
      vertex 118.333 -0.164178 0
      vertex 118.357 -0.326776 4.2
      vertex 118.357 -0.326776 0
    endloop
  endfacet
  facet normal 0.969945 -0.243323 0
    outer loop
      vertex 118.357 0.326776 4.2
      vertex 118.397 0.486226 0
      vertex 118.397 0.486226 4.2
    endloop
  endfacet
  facet normal 0.969945 -0.243323 0
    outer loop
      vertex 118.397 0.486226 0
      vertex 118.357 0.326776 4.2
      vertex 118.357 0.326776 0
    endloop
  endfacet
  facet normal 0.426604 -0.904439 0
    outer loop
      vertex 119.21 1.47722 0
      vertex 119.359 1.5475 4.2
      vertex 119.21 1.47722 4.2
    endloop
  endfacet
  facet normal 0.426604 -0.904439 0
    outer loop
      vertex 119.359 1.5475 4.2
      vertex 119.21 1.47722 0
      vertex 119.359 1.5475 0
    endloop
  endfacet
  facet normal -0.336406 -0.941717 0
    outer loop
      vertex 120.486 1.60287 0
      vertex 120.641 1.5475 4.2
      vertex 120.486 1.60287 4.2
    endloop
  endfacet
  facet normal -0.336406 -0.941717 -0
    outer loop
      vertex 120.641 1.5475 4.2
      vertex 120.486 1.60287 0
      vertex 120.641 1.5475 0
    endloop
  endfacet
  facet normal 0.0491479 -0.998792 0
    outer loop
      vertex 119.836 1.66693 0
      vertex 120 1.675 4.2
      vertex 119.836 1.66693 4.2
    endloop
  endfacet
  facet normal 0.0491479 -0.998792 0
    outer loop
      vertex 120 1.675 4.2
      vertex 119.836 1.66693 0
      vertex 120 1.675 0
    endloop
  endfacet
  facet normal -0.802975 -0.596013 0
    outer loop
      vertex 121.393 0.93058 0
      vertex 121.295 1.06261 4.2
      vertex 121.295 1.06261 0
    endloop
  endfacet
  facet normal -0.802975 -0.596013 0
    outer loop
      vertex 121.295 1.06261 4.2
      vertex 121.393 0.93058 0
      vertex 121.393 0.93058 4.2
    endloop
  endfacet
  facet normal -0.514093 -0.857734 0
    outer loop
      vertex 120.79 1.47722 0
      vertex 120.931 1.39271 4.2
      vertex 120.79 1.47722 4.2
    endloop
  endfacet
  facet normal -0.514093 -0.857734 -0
    outer loop
      vertex 120.931 1.39271 4.2
      vertex 120.79 1.47722 0
      vertex 120.931 1.39271 0
    endloop
  endfacet
  facet normal -0.336406 0.941717 0
    outer loop
      vertex 120.641 -1.5475 0
      vertex 120.486 -1.60287 4.2
      vertex 120.641 -1.5475 4.2
    endloop
  endfacet
  facet normal -0.336406 0.941717 0
    outer loop
      vertex 120.486 -1.60287 4.2
      vertex 120.641 -1.5475 0
      vertex 120.486 -1.60287 0
    endloop
  endfacet
  facet normal 0.514093 -0.857734 0
    outer loop
      vertex 119.069 1.39271 0
      vertex 119.21 1.47722 4.2
      vertex 119.069 1.39271 4.2
    endloop
  endfacet
  facet normal 0.514093 -0.857734 0
    outer loop
      vertex 119.21 1.47722 4.2
      vertex 119.069 1.39271 0
      vertex 119.21 1.47722 0
    endloop
  endfacet
  facet normal 0.426604 0.904439 -0
    outer loop
      vertex 119.359 -1.5475 0
      vertex 119.21 -1.47722 4.2
      vertex 119.359 -1.5475 4.2
    endloop
  endfacet
  facet normal 0.426604 0.904439 0
    outer loop
      vertex 119.21 -1.47722 4.2
      vertex 119.359 -1.5475 0
      vertex 119.21 -1.47722 0
    endloop
  endfacet
  facet normal 0.243626 0.969869 -0
    outer loop
      vertex 119.673 -1.64281 0
      vertex 119.514 -1.60287 4.2
      vertex 119.673 -1.64281 4.2
    endloop
  endfacet
  facet normal 0.243626 0.969869 0
    outer loop
      vertex 119.514 -1.60287 4.2
      vertex 119.673 -1.64281 0
      vertex 119.514 -1.60287 0
    endloop
  endfacet
  facet normal -0.514093 0.857734 0
    outer loop
      vertex 120.931 -1.39271 0
      vertex 120.79 -1.47722 4.2
      vertex 120.931 -1.39271 4.2
    endloop
  endfacet
  facet normal -0.514093 0.857734 0
    outer loop
      vertex 120.79 -1.47722 4.2
      vertex 120.931 -1.39271 0
      vertex 120.79 -1.47722 0
    endloop
  endfacet
  facet normal -0.595786 0.803143 0
    outer loop
      vertex 121.063 -1.29479 0
      vertex 120.931 -1.39271 4.2
      vertex 121.063 -1.29479 4.2
    endloop
  endfacet
  facet normal -0.595786 0.803143 0
    outer loop
      vertex 120.931 -1.39271 4.2
      vertex 121.063 -1.29479 0
      vertex 120.931 -1.39271 0
    endloop
  endfacet
  facet normal -0.673975 -0.738754 0
    outer loop
      vertex 121.063 1.29479 0
      vertex 121.184 1.1844 4.2
      vertex 121.063 1.29479 4.2
    endloop
  endfacet
  facet normal -0.673975 -0.738754 -0
    outer loop
      vertex 121.184 1.1844 4.2
      vertex 121.063 1.29479 0
      vertex 121.184 1.1844 0
    endloop
  endfacet
  facet normal 0.243626 -0.969869 0
    outer loop
      vertex 119.514 1.60287 0
      vertex 119.673 1.64281 4.2
      vertex 119.514 1.60287 4.2
    endloop
  endfacet
  facet normal 0.243626 -0.969869 0
    outer loop
      vertex 119.673 1.64281 4.2
      vertex 119.514 1.60287 0
      vertex 119.673 1.64281 0
    endloop
  endfacet
  facet normal 0.673975 -0.738754 0
    outer loop
      vertex 118.816 1.1844 0
      vertex 118.937 1.29479 4.2
      vertex 118.816 1.1844 4.2
    endloop
  endfacet
  facet normal 0.673975 -0.738754 0
    outer loop
      vertex 118.937 1.29479 4.2
      vertex 118.816 1.1844 0
      vertex 118.937 1.29479 0
    endloop
  endfacet
  facet normal -0.989281 0.146021 0
    outer loop
      vertex 121.643 -0.326776 0
      vertex 121.667 -0.164178 4.2
      vertex 121.667 -0.164178 0
    endloop
  endfacet
  facet normal -0.989281 0.146021 0
    outer loop
      vertex 121.667 -0.164178 4.2
      vertex 121.643 -0.326776 0
      vertex 121.643 -0.326776 4.2
    endloop
  endfacet
  facet normal 0.902293 -0.431124 0
    outer loop
      vertex 118.452 0.640994 4.2
      vertex 118.523 0.789589 0
      vertex 118.523 0.789589 4.2
    endloop
  endfacet
  facet normal 0.902293 -0.431124 0
    outer loop
      vertex 118.523 0.789589 0
      vertex 118.452 0.640994 4.2
      vertex 118.452 0.640994 0
    endloop
  endfacet
  facet normal -0.94227 0.334855 0
    outer loop
      vertex 121.548 -0.640994 0
      vertex 121.603 -0.486226 4.2
      vertex 121.603 -0.486226 0
    endloop
  endfacet
  facet normal -0.94227 0.334855 0
    outer loop
      vertex 121.603 -0.486226 4.2
      vertex 121.548 -0.640994 0
      vertex 121.548 -0.640994 4.2
    endloop
  endfacet
  facet normal 0.739088 0.673609 0
    outer loop
      vertex 118.816 -1.1844 4.2
      vertex 118.705 -1.06261 0
      vertex 118.705 -1.06261 4.2
    endloop
  endfacet
  facet normal 0.739088 0.673609 0
    outer loop
      vertex 118.705 -1.06261 0
      vertex 118.816 -1.1844 4.2
      vertex 118.816 -1.1844 0
    endloop
  endfacet
  facet normal 0.0491479 0.998792 -0
    outer loop
      vertex 120 -1.675 0
      vertex 119.836 -1.66693 4.2
      vertex 120 -1.675 4.2
    endloop
  endfacet
  facet normal 0.0491479 0.998792 0
    outer loop
      vertex 119.836 -1.66693 4.2
      vertex 120 -1.675 0
      vertex 119.836 -1.66693 0
    endloop
  endfacet
  facet normal -0.969945 0.243323 0
    outer loop
      vertex 121.603 -0.486226 0
      vertex 121.643 -0.326776 4.2
      vertex 121.643 -0.326776 0
    endloop
  endfacet
  facet normal -0.969945 0.243323 0
    outer loop
      vertex 121.643 -0.326776 4.2
      vertex 121.603 -0.486226 0
      vertex 121.603 -0.486226 4.2
    endloop
  endfacet
  facet normal 0.969945 0.243323 0
    outer loop
      vertex 118.397 -0.486226 4.2
      vertex 118.357 -0.326776 0
      vertex 118.357 -0.326776 4.2
    endloop
  endfacet
  facet normal 0.969945 0.243323 0
    outer loop
      vertex 118.357 -0.326776 0
      vertex 118.397 -0.486226 4.2
      vertex 118.397 -0.486226 0
    endloop
  endfacet
  facet normal -0.859087 0.511829 0
    outer loop
      vertex 121.393 -0.93058 0
      vertex 121.477 -0.789589 4.2
      vertex 121.477 -0.789589 0
    endloop
  endfacet
  facet normal -0.859087 0.511829 0
    outer loop
      vertex 121.477 -0.789589 4.2
      vertex 121.393 -0.93058 0
      vertex 121.393 -0.93058 4.2
    endloop
  endfacet
  facet normal -0.426604 0.904439 0
    outer loop
      vertex 120.79 -1.47722 0
      vertex 120.641 -1.5475 4.2
      vertex 120.79 -1.47722 4.2
    endloop
  endfacet
  facet normal -0.426604 0.904439 0
    outer loop
      vertex 120.641 -1.5475 4.2
      vertex 120.79 -1.47722 0
      vertex 120.641 -1.5475 0
    endloop
  endfacet
  facet normal -0.0491479 0.998792 0
    outer loop
      vertex 120.164 -1.66693 0
      vertex 120 -1.675 4.2
      vertex 120.164 -1.66693 4.2
    endloop
  endfacet
  facet normal -0.0491479 0.998792 0
    outer loop
      vertex 120 -1.675 4.2
      vertex 120.164 -1.66693 0
      vertex 120 -1.675 0
    endloop
  endfacet
  facet normal -0.595786 -0.803143 0
    outer loop
      vertex 120.931 1.39271 0
      vertex 121.063 1.29479 4.2
      vertex 120.931 1.39271 4.2
    endloop
  endfacet
  facet normal -0.595786 -0.803143 -0
    outer loop
      vertex 121.063 1.29479 4.2
      vertex 120.931 1.39271 0
      vertex 121.063 1.29479 0
    endloop
  endfacet
  facet normal 0.802975 -0.596013 0
    outer loop
      vertex 118.607 0.93058 4.2
      vertex 118.705 1.06261 0
      vertex 118.705 1.06261 4.2
    endloop
  endfacet
  facet normal 0.802975 -0.596013 0
    outer loop
      vertex 118.705 1.06261 0
      vertex 118.607 0.93058 4.2
      vertex 118.607 0.93058 0
    endloop
  endfacet
  facet normal 0.859087 0.511829 0
    outer loop
      vertex 118.607 -0.93058 4.2
      vertex 118.523 -0.789589 0
      vertex 118.523 -0.789589 4.2
    endloop
  endfacet
  facet normal 0.859087 0.511829 0
    outer loop
      vertex 118.523 -0.789589 0
      vertex 118.607 -0.93058 4.2
      vertex 118.607 -0.93058 0
    endloop
  endfacet
  facet normal 0.902293 0.431124 0
    outer loop
      vertex 118.523 -0.789589 4.2
      vertex 118.452 -0.640994 0
      vertex 118.452 -0.640994 4.2
    endloop
  endfacet
  facet normal 0.902293 0.431124 0
    outer loop
      vertex 118.452 -0.640994 0
      vertex 118.523 -0.789589 4.2
      vertex 118.523 -0.789589 0
    endloop
  endfacet
  facet normal -0.0491479 -0.998792 0
    outer loop
      vertex 120 1.675 0
      vertex 120.164 1.66693 4.2
      vertex 120 1.675 4.2
    endloop
  endfacet
  facet normal -0.0491479 -0.998792 -0
    outer loop
      vertex 120.164 1.66693 4.2
      vertex 120 1.675 0
      vertex 120.164 1.66693 0
    endloop
  endfacet
  facet normal -0.94227 -0.334855 0
    outer loop
      vertex 121.603 0.486226 0
      vertex 121.548 0.640994 4.2
      vertex 121.548 0.640994 0
    endloop
  endfacet
  facet normal -0.94227 -0.334855 0
    outer loop
      vertex 121.548 0.640994 4.2
      vertex 121.603 0.486226 0
      vertex 121.603 0.486226 4.2
    endloop
  endfacet
  facet normal -0.902293 -0.431124 0
    outer loop
      vertex 121.548 0.640994 0
      vertex 121.477 0.789589 4.2
      vertex 121.477 0.789589 0
    endloop
  endfacet
  facet normal -0.902293 -0.431124 0
    outer loop
      vertex 121.477 0.789589 4.2
      vertex 121.548 0.640994 0
      vertex 121.548 0.640994 4.2
    endloop
  endfacet
  facet normal 0.94227 -0.334855 0
    outer loop
      vertex 118.397 0.486226 4.2
      vertex 118.452 0.640994 0
      vertex 118.452 0.640994 4.2
    endloop
  endfacet
  facet normal 0.94227 -0.334855 0
    outer loop
      vertex 118.452 0.640994 0
      vertex 118.397 0.486226 4.2
      vertex 118.397 0.486226 0
    endloop
  endfacet
  facet normal 0.989281 -0.146021 0
    outer loop
      vertex 118.333 0.164178 4.2
      vertex 118.357 0.326776 0
      vertex 118.357 0.326776 4.2
    endloop
  endfacet
  facet normal 0.989281 -0.146021 0
    outer loop
      vertex 118.357 0.326776 0
      vertex 118.333 0.164178 4.2
      vertex 118.333 0.164178 0
    endloop
  endfacet
  facet normal 0.336406 -0.941717 0
    outer loop
      vertex 119.359 1.5475 0
      vertex 119.514 1.60287 4.2
      vertex 119.359 1.5475 4.2
    endloop
  endfacet
  facet normal 0.336406 -0.941717 0
    outer loop
      vertex 119.514 1.60287 4.2
      vertex 119.359 1.5475 0
      vertex 119.514 1.60287 0
    endloop
  endfacet
  facet normal -0.859087 -0.511829 0
    outer loop
      vertex 121.477 0.789589 0
      vertex 121.393 0.93058 4.2
      vertex 121.393 0.93058 0
    endloop
  endfacet
  facet normal -0.859087 -0.511829 0
    outer loop
      vertex 121.393 0.93058 4.2
      vertex 121.477 0.789589 0
      vertex 121.477 0.789589 4.2
    endloop
  endfacet
  facet normal 0.802975 0.596013 0
    outer loop
      vertex 118.705 -1.06261 4.2
      vertex 118.607 -0.93058 0
      vertex 118.607 -0.93058 4.2
    endloop
  endfacet
  facet normal 0.802975 0.596013 0
    outer loop
      vertex 118.607 -0.93058 0
      vertex 118.705 -1.06261 4.2
      vertex 118.705 -1.06261 0
    endloop
  endfacet
  facet normal 0.673975 0.738754 -0
    outer loop
      vertex 118.937 -1.29479 0
      vertex 118.816 -1.1844 4.2
      vertex 118.937 -1.29479 4.2
    endloop
  endfacet
  facet normal 0.673975 0.738754 0
    outer loop
      vertex 118.816 -1.1844 4.2
      vertex 118.937 -1.29479 0
      vertex 118.816 -1.1844 0
    endloop
  endfacet
  facet normal -0.802975 0.596013 0
    outer loop
      vertex 121.295 -1.06261 0
      vertex 121.393 -0.93058 4.2
      vertex 121.393 -0.93058 0
    endloop
  endfacet
  facet normal -0.802975 0.596013 0
    outer loop
      vertex 121.393 -0.93058 4.2
      vertex 121.295 -1.06261 0
      vertex 121.295 -1.06261 4.2
    endloop
  endfacet
  facet normal 0.146381 -0.989228 0
    outer loop
      vertex 119.673 1.64281 0
      vertex 119.836 1.66693 4.2
      vertex 119.673 1.64281 4.2
    endloop
  endfacet
  facet normal 0.146381 -0.989228 0
    outer loop
      vertex 119.836 1.66693 4.2
      vertex 119.673 1.64281 0
      vertex 119.836 1.66693 0
    endloop
  endfacet
  facet normal 0.998815 -0.0486699 0
    outer loop
      vertex 118.325 0 4.2
      vertex 118.333 0.164178 0
      vertex 118.333 0.164178 4.2
    endloop
  endfacet
  facet normal 0.998815 -0.0486699 0
    outer loop
      vertex 118.333 0.164178 0
      vertex 118.325 0 4.2
      vertex 118.325 0 0
    endloop
  endfacet
  facet normal 0.739088 -0.673609 0
    outer loop
      vertex 118.705 1.06261 4.2
      vertex 118.816 1.1844 0
      vertex 118.816 1.1844 4.2
    endloop
  endfacet
  facet normal 0.739088 -0.673609 0
    outer loop
      vertex 118.816 1.1844 0
      vertex 118.705 1.06261 4.2
      vertex 118.705 1.06261 0
    endloop
  endfacet
  facet normal -0.243626 0.969869 0
    outer loop
      vertex 120.486 -1.60287 0
      vertex 120.327 -1.64281 4.2
      vertex 120.486 -1.60287 4.2
    endloop
  endfacet
  facet normal -0.243626 0.969869 0
    outer loop
      vertex 120.327 -1.64281 4.2
      vertex 120.486 -1.60287 0
      vertex 120.327 -1.64281 0
    endloop
  endfacet
  facet normal -0.146381 0.989228 0
    outer loop
      vertex 120.327 -1.64281 0
      vertex 120.164 -1.66693 4.2
      vertex 120.327 -1.64281 4.2
    endloop
  endfacet
  facet normal -0.146381 0.989228 0
    outer loop
      vertex 120.164 -1.66693 4.2
      vertex 120.327 -1.64281 0
      vertex 120.164 -1.66693 0
    endloop
  endfacet
  facet normal -0.739088 -0.673609 0
    outer loop
      vertex 121.295 1.06261 0
      vertex 121.184 1.1844 4.2
      vertex 121.184 1.1844 0
    endloop
  endfacet
  facet normal -0.739088 -0.673609 0
    outer loop
      vertex 121.184 1.1844 4.2
      vertex 121.295 1.06261 0
      vertex 121.295 1.06261 4.2
    endloop
  endfacet
  facet normal 0.94227 0.334855 0
    outer loop
      vertex 118.452 -0.640994 4.2
      vertex 118.397 -0.486226 0
      vertex 118.397 -0.486226 4.2
    endloop
  endfacet
  facet normal 0.94227 0.334855 0
    outer loop
      vertex 118.397 -0.486226 0
      vertex 118.452 -0.640994 4.2
      vertex 118.452 -0.640994 0
    endloop
  endfacet
  facet normal -0.739088 0.673609 0
    outer loop
      vertex 121.184 -1.1844 0
      vertex 121.295 -1.06261 4.2
      vertex 121.295 -1.06261 0
    endloop
  endfacet
  facet normal -0.739088 0.673609 0
    outer loop
      vertex 121.295 -1.06261 4.2
      vertex 121.184 -1.1844 0
      vertex 121.184 -1.1844 4.2
    endloop
  endfacet
  facet normal -0.243626 -0.969869 0
    outer loop
      vertex 120.327 1.64281 0
      vertex 120.486 1.60287 4.2
      vertex 120.327 1.64281 4.2
    endloop
  endfacet
  facet normal -0.243626 -0.969869 -0
    outer loop
      vertex 120.486 1.60287 4.2
      vertex 120.327 1.64281 0
      vertex 120.486 1.60287 0
    endloop
  endfacet
  facet normal -0.902293 0.431124 0
    outer loop
      vertex 121.477 -0.789589 0
      vertex 121.548 -0.640994 4.2
      vertex 121.548 -0.640994 0
    endloop
  endfacet
  facet normal -0.902293 0.431124 0
    outer loop
      vertex 121.548 -0.640994 4.2
      vertex 121.477 -0.789589 0
      vertex 121.477 -0.789589 4.2
    endloop
  endfacet
  facet normal 0.595786 -0.803143 0
    outer loop
      vertex 118.937 1.29479 0
      vertex 119.069 1.39271 4.2
      vertex 118.937 1.29479 4.2
    endloop
  endfacet
  facet normal 0.595786 -0.803143 0
    outer loop
      vertex 119.069 1.39271 4.2
      vertex 118.937 1.29479 0
      vertex 119.069 1.39271 0
    endloop
  endfacet
  facet normal -0.673975 0.738754 0
    outer loop
      vertex 121.184 -1.1844 0
      vertex 121.063 -1.29479 4.2
      vertex 121.184 -1.1844 4.2
    endloop
  endfacet
  facet normal -0.673975 0.738754 0
    outer loop
      vertex 121.063 -1.29479 4.2
      vertex 121.184 -1.1844 0
      vertex 121.063 -1.29479 0
    endloop
  endfacet
  facet normal 0.146381 0.989228 -0
    outer loop
      vertex 119.836 -1.66693 0
      vertex 119.673 -1.64281 4.2
      vertex 119.836 -1.66693 4.2
    endloop
  endfacet
  facet normal 0.146381 0.989228 0
    outer loop
      vertex 119.673 -1.64281 4.2
      vertex 119.836 -1.66693 0
      vertex 119.673 -1.64281 0
    endloop
  endfacet
  facet normal 0.595786 0.803143 -0
    outer loop
      vertex 119.069 -1.39271 0
      vertex 118.937 -1.29479 4.2
      vertex 119.069 -1.39271 4.2
    endloop
  endfacet
  facet normal 0.595786 0.803143 0
    outer loop
      vertex 118.937 -1.29479 4.2
      vertex 119.069 -1.39271 0
      vertex 118.937 -1.29479 0
    endloop
  endfacet
  facet normal 0.514093 0.857734 -0
    outer loop
      vertex 119.21 -1.47722 0
      vertex 119.069 -1.39271 4.2
      vertex 119.21 -1.47722 4.2
    endloop
  endfacet
  facet normal 0.514093 0.857734 0
    outer loop
      vertex 119.069 -1.39271 4.2
      vertex 119.21 -1.47722 0
      vertex 119.069 -1.39271 0
    endloop
  endfacet
  facet normal 0.998815 0.0486699 0
    outer loop
      vertex 118.333 -0.164178 4.2
      vertex 118.325 0 0
      vertex 118.325 0 4.2
    endloop
  endfacet
  facet normal 0.998815 0.0486699 0
    outer loop
      vertex 118.325 0 0
      vertex 118.333 -0.164178 4.2
      vertex 118.333 -0.164178 0
    endloop
  endfacet
  facet normal -0.146381 -0.989228 0
    outer loop
      vertex 120.164 1.66693 0
      vertex 120.327 1.64281 4.2
      vertex 120.164 1.66693 4.2
    endloop
  endfacet
  facet normal -0.146381 -0.989228 -0
    outer loop
      vertex 120.327 1.64281 4.2
      vertex 120.164 1.66693 0
      vertex 120.327 1.64281 0
    endloop
  endfacet
  facet normal 0.336406 0.941717 -0
    outer loop
      vertex 119.514 -1.60287 0
      vertex 119.359 -1.5475 4.2
      vertex 119.514 -1.60287 4.2
    endloop
  endfacet
  facet normal 0.336406 0.941717 0
    outer loop
      vertex 119.359 -1.5475 4.2
      vertex 119.514 -1.60287 0
      vertex 119.359 -1.5475 0
    endloop
  endfacet
  facet normal -0.989246 -0.146263 0
    outer loop
      vertex 11.6669 132.164 0
      vertex 11.6428 132.327 4.2
      vertex 11.6428 132.327 0
    endloop
  endfacet
  facet normal -0.989246 -0.146263 0
    outer loop
      vertex 11.6428 132.327 4.2
      vertex 11.6669 132.164 0
      vertex 11.6669 132.164 4.2
    endloop
  endfacet
  facet normal -0.998783 -0.0493301 0
    outer loop
      vertex 11.675 132 0
      vertex 11.6669 132.164 4.2
      vertex 11.6669 132.164 0
    endloop
  endfacet
  facet normal -0.998783 -0.0493301 0
    outer loop
      vertex 11.6669 132.164 4.2
      vertex 11.675 132 0
      vertex 11.675 132 4.2
    endloop
  endfacet
  facet normal -0.969927 -0.243397 0
    outer loop
      vertex 11.6428 132.327 0
      vertex 11.6029 132.486 4.2
      vertex 11.6029 132.486 0
    endloop
  endfacet
  facet normal -0.969927 -0.243397 0
    outer loop
      vertex 11.6029 132.486 4.2
      vertex 11.6428 132.327 0
      vertex 11.6428 132.327 4.2
    endloop
  endfacet
  facet normal 0.243323 -0.969945 0
    outer loop
      vertex 9.51377 133.603 0
      vertex 9.67322 133.643 4.2
      vertex 9.51377 133.603 4.2
    endloop
  endfacet
  facet normal 0.243323 -0.969945 0
    outer loop
      vertex 9.67322 133.643 4.2
      vertex 9.51377 133.603 0
      vertex 9.67322 133.643 0
    endloop
  endfacet
  facet normal 0.904439 0.426604 0
    outer loop
      vertex 8.52278 131.21 4.2
      vertex 8.4525 131.359 0
      vertex 8.4525 131.359 4.2
    endloop
  endfacet
  facet normal 0.904439 0.426604 0
    outer loop
      vertex 8.4525 131.359 0
      vertex 8.52278 131.21 4.2
      vertex 8.52278 131.21 0
    endloop
  endfacet
  facet normal -0.431112 0.902299 0
    outer loop
      vertex 10.7896 130.523 0
      vertex 10.641 130.452 4.2
      vertex 10.7896 130.523 4.2
    endloop
  endfacet
  facet normal -0.431112 0.902299 0
    outer loop
      vertex 10.641 130.452 4.2
      vertex 10.7896 130.523 0
      vertex 10.641 130.452 0
    endloop
  endfacet
  facet normal 0.243323 0.969945 -0
    outer loop
      vertex 9.67322 130.357 0
      vertex 9.51377 130.397 4.2
      vertex 9.67322 130.357 4.2
    endloop
  endfacet
  facet normal 0.243323 0.969945 0
    outer loop
      vertex 9.51377 130.397 4.2
      vertex 9.67322 130.357 0
      vertex 9.51377 130.397 0
    endloop
  endfacet
  facet normal -0.511805 0.859102 0
    outer loop
      vertex 10.9306 130.607 0
      vertex 10.7896 130.523 4.2
      vertex 10.9306 130.607 4.2
    endloop
  endfacet
  facet normal -0.511805 0.859102 0
    outer loop
      vertex 10.7896 130.523 4.2
      vertex 10.9306 130.607 0
      vertex 10.7896 130.523 0
    endloop
  endfacet
  facet normal 0.334851 0.942271 -0
    outer loop
      vertex 9.51377 130.397 0
      vertex 9.359 130.452 4.2
      vertex 9.51377 130.397 4.2
    endloop
  endfacet
  facet normal 0.334851 0.942271 0
    outer loop
      vertex 9.359 130.452 4.2
      vertex 9.51377 130.397 0
      vertex 9.359 130.452 0
    endloop
  endfacet
  facet normal -0.334793 0.942292 0
    outer loop
      vertex 10.641 130.452 0
      vertex 10.4862 130.397 4.2
      vertex 10.641 130.452 4.2
    endloop
  endfacet
  facet normal -0.334793 0.942292 0
    outer loop
      vertex 10.4862 130.397 4.2
      vertex 10.641 130.452 0
      vertex 10.4862 130.397 0
    endloop
  endfacet
  facet normal 0.673609 -0.739088 0
    outer loop
      vertex 8.8156 133.184 0
      vertex 8.93739 133.295 4.2
      vertex 8.8156 133.184 4.2
    endloop
  endfacet
  facet normal 0.673609 -0.739088 0
    outer loop
      vertex 8.93739 133.295 4.2
      vertex 8.8156 133.184 0
      vertex 8.93739 133.295 0
    endloop
  endfacet
  facet normal -0.243395 0.969927 0
    outer loop
      vertex 10.4862 130.397 0
      vertex 10.3268 130.357 4.2
      vertex 10.4862 130.397 4.2
    endloop
  endfacet
  facet normal -0.243395 0.969927 0
    outer loop
      vertex 10.3268 130.357 4.2
      vertex 10.4862 130.397 0
      vertex 10.3268 130.357 0
    endloop
  endfacet
  facet normal 0.857734 -0.514093 0
    outer loop
      vertex 8.52278 132.79 4.2
      vertex 8.60729 132.931 0
      vertex 8.60729 132.931 4.2
    endloop
  endfacet
  facet normal 0.857734 -0.514093 0
    outer loop
      vertex 8.60729 132.931 0
      vertex 8.52278 132.79 4.2
      vertex 8.52278 132.79 0
    endloop
  endfacet
  facet normal 0.989237 -0.146322 0
    outer loop
      vertex 8.33307 132.164 4.2
      vertex 8.35718 132.327 0
      vertex 8.35718 132.327 4.2
    endloop
  endfacet
  facet normal 0.989237 -0.146322 0
    outer loop
      vertex 8.35718 132.327 0
      vertex 8.33307 132.164 4.2
      vertex 8.33307 132.164 0
    endloop
  endfacet
  facet normal -0.904392 -0.426703 0
    outer loop
      vertex 11.5475 132.641 0
      vertex 11.4772 132.79 4.2
      vertex 11.4772 132.79 0
    endloop
  endfacet
  facet normal -0.904392 -0.426703 0
    outer loop
      vertex 11.4772 132.79 4.2
      vertex 11.5475 132.641 0
      vertex 11.5475 132.641 4.2
    endloop
  endfacet
  facet normal -0.803201 0.595708 0
    outer loop
      vertex 11.2948 130.937 0
      vertex 11.3927 131.069 4.2
      vertex 11.3927 131.069 0
    endloop
  endfacet
  facet normal -0.803201 0.595708 0
    outer loop
      vertex 11.3927 131.069 4.2
      vertex 11.2948 130.937 0
      vertex 11.2948 130.937 4.2
    endloop
  endfacet
  facet normal 0.596013 -0.802975 0
    outer loop
      vertex 8.93739 133.295 0
      vertex 9.06942 133.393 4.2
      vertex 8.93739 133.295 4.2
    endloop
  endfacet
  facet normal 0.596013 -0.802975 0
    outer loop
      vertex 9.06942 133.393 4.2
      vertex 8.93739 133.295 0
      vertex 9.06942 133.393 0
    endloop
  endfacet
  facet normal -0.5961 -0.80291 0
    outer loop
      vertex 10.9306 133.393 0
      vertex 11.0626 133.295 4.2
      vertex 10.9306 133.393 4.2
    endloop
  endfacet
  facet normal -0.5961 -0.80291 -0
    outer loop
      vertex 11.0626 133.295 4.2
      vertex 10.9306 133.393 0
      vertex 11.0626 133.295 0
    endloop
  endfacet
  facet normal -0.146019 -0.989282 0
    outer loop
      vertex 10.1642 133.667 0
      vertex 10.3268 133.643 4.2
      vertex 10.1642 133.667 4.2
    endloop
  endfacet
  facet normal -0.146019 -0.989282 -0
    outer loop
      vertex 10.3268 133.643 4.2
      vertex 10.1642 133.667 0
      vertex 10.3268 133.643 0
    endloop
  endfacet
  facet normal -0.803201 -0.595708 0
    outer loop
      vertex 11.3927 132.931 0
      vertex 11.2948 133.063 4.2
      vertex 11.2948 133.063 0
    endloop
  endfacet
  facet normal -0.803201 -0.595708 0
    outer loop
      vertex 11.2948 133.063 4.2
      vertex 11.3927 132.931 0
      vertex 11.3927 132.931 4.2
    endloop
  endfacet
  facet normal 0.511832 -0.859086 0
    outer loop
      vertex 9.06942 133.393 0
      vertex 9.21041 133.477 4.2
      vertex 9.06942 133.393 4.2
    endloop
  endfacet
  facet normal 0.511832 -0.859086 0
    outer loop
      vertex 9.21041 133.477 4.2
      vertex 9.06942 133.393 0
      vertex 9.21041 133.477 0
    endloop
  endfacet
  facet normal 0.146019 -0.989282 0
    outer loop
      vertex 9.67322 133.643 0
      vertex 9.83582 133.667 4.2
      vertex 9.67322 133.643 4.2
    endloop
  endfacet
  facet normal 0.146019 -0.989282 0
    outer loop
      vertex 9.83582 133.667 4.2
      vertex 9.67322 133.643 0
      vertex 9.83582 133.667 0
    endloop
  endfacet
  facet normal -0.511805 -0.859102 0
    outer loop
      vertex 10.7896 133.477 0
      vertex 10.9306 133.393 4.2
      vertex 10.7896 133.477 4.2
    endloop
  endfacet
  facet normal -0.511805 -0.859102 -0
    outer loop
      vertex 10.9306 133.393 4.2
      vertex 10.7896 133.477 0
      vertex 10.9306 133.393 0
    endloop
  endfacet
  facet normal -0.673578 -0.739116 0
    outer loop
      vertex 11.0626 133.295 0
      vertex 11.1844 133.184 4.2
      vertex 11.0626 133.295 4.2
    endloop
  endfacet
  facet normal -0.673578 -0.739116 -0
    outer loop
      vertex 11.1844 133.184 4.2
      vertex 11.0626 133.295 0
      vertex 11.1844 133.184 0
    endloop
  endfacet
  facet normal 0.941698 0.33646 0
    outer loop
      vertex 8.4525 131.359 4.2
      vertex 8.39712 131.514 0
      vertex 8.39712 131.514 4.2
    endloop
  endfacet
  facet normal 0.941698 0.33646 0
    outer loop
      vertex 8.39712 131.514 0
      vertex 8.4525 131.359 4.2
      vertex 8.4525 131.359 0
    endloop
  endfacet
  facet normal -0.998783 0.0493301 0
    outer loop
      vertex 11.6669 131.836 0
      vertex 11.675 132 4.2
      vertex 11.675 132 0
    endloop
  endfacet
  facet normal -0.998783 0.0493301 0
    outer loop
      vertex 11.675 132 4.2
      vertex 11.6669 131.836 0
      vertex 11.6669 131.836 4.2
    endloop
  endfacet
  facet normal 0.431135 -0.902287 0
    outer loop
      vertex 9.21041 133.477 0
      vertex 9.359 133.548 4.2
      vertex 9.21041 133.477 4.2
    endloop
  endfacet
  facet normal 0.431135 -0.902287 0
    outer loop
      vertex 9.359 133.548 4.2
      vertex 9.21041 133.477 0
      vertex 9.359 133.548 0
    endloop
  endfacet
  facet normal -0.904392 0.426703 0
    outer loop
      vertex 11.4772 131.21 0
      vertex 11.5475 131.359 4.2
      vertex 11.5475 131.359 0
    endloop
  endfacet
  facet normal -0.904392 0.426703 0
    outer loop
      vertex 11.5475 131.359 4.2
      vertex 11.4772 131.21 0
      vertex 11.4772 131.21 4.2
    endloop
  endfacet
  facet normal 0.596013 0.802975 -0
    outer loop
      vertex 9.06942 130.607 0
      vertex 8.93739 130.705 4.2
      vertex 9.06942 130.607 4.2
    endloop
  endfacet
  facet normal 0.596013 0.802975 0
    outer loop
      vertex 8.93739 130.705 4.2
      vertex 9.06942 130.607 0
      vertex 8.93739 130.705 0
    endloop
  endfacet
  facet normal 0.803143 -0.595786 0
    outer loop
      vertex 8.60729 132.931 4.2
      vertex 8.70521 133.063 0
      vertex 8.70521 133.063 4.2
    endloop
  endfacet
  facet normal 0.803143 -0.595786 0
    outer loop
      vertex 8.70521 133.063 0
      vertex 8.60729 132.931 4.2
      vertex 8.60729 132.931 0
    endloop
  endfacet
  facet normal 0.941698 -0.33646 0
    outer loop
      vertex 8.39712 132.486 4.2
      vertex 8.4525 132.641 0
      vertex 8.4525 132.641 4.2
    endloop
  endfacet
  facet normal 0.941698 -0.33646 0
    outer loop
      vertex 8.4525 132.641 0
      vertex 8.39712 132.486 4.2
      vertex 8.39712 132.486 0
    endloop
  endfacet
  facet normal -0.941659 -0.336567 0
    outer loop
      vertex 11.6029 132.486 0
      vertex 11.5475 132.641 4.2
      vertex 11.5475 132.641 0
    endloop
  endfacet
  facet normal -0.941659 -0.336567 0
    outer loop
      vertex 11.5475 132.641 4.2
      vertex 11.6029 132.486 0
      vertex 11.6029 132.486 4.2
    endloop
  endfacet
  facet normal -0.857761 -0.514048 0
    outer loop
      vertex 11.4772 132.79 0
      vertex 11.3927 132.931 4.2
      vertex 11.3927 132.931 0
    endloop
  endfacet
  facet normal -0.857761 -0.514048 0
    outer loop
      vertex 11.3927 132.931 4.2
      vertex 11.4772 132.79 0
      vertex 11.4772 132.79 4.2
    endloop
  endfacet
  facet normal 0.673609 0.739088 -0
    outer loop
      vertex 8.93739 130.705 0
      vertex 8.8156 130.816 4.2
      vertex 8.93739 130.705 4.2
    endloop
  endfacet
  facet normal 0.673609 0.739088 0
    outer loop
      vertex 8.8156 130.816 4.2
      vertex 8.93739 130.705 0
      vertex 8.8156 130.816 0
    endloop
  endfacet
  facet normal -0.969927 0.243397 0
    outer loop
      vertex 11.6029 131.514 0
      vertex 11.6428 131.673 4.2
      vertex 11.6428 131.673 0
    endloop
  endfacet
  facet normal -0.969927 0.243397 0
    outer loop
      vertex 11.6428 131.673 4.2
      vertex 11.6029 131.514 0
      vertex 11.6029 131.514 4.2
    endloop
  endfacet
  facet normal -0.989246 0.146263 0
    outer loop
      vertex 11.6428 131.673 0
      vertex 11.6669 131.836 4.2
      vertex 11.6669 131.836 0
    endloop
  endfacet
  facet normal -0.989246 0.146263 0
    outer loop
      vertex 11.6669 131.836 4.2
      vertex 11.6428 131.673 0
      vertex 11.6428 131.673 4.2
    endloop
  endfacet
  facet normal 0.511832 0.859086 -0
    outer loop
      vertex 9.21041 130.523 0
      vertex 9.06942 130.607 4.2
      vertex 9.21041 130.523 4.2
    endloop
  endfacet
  facet normal 0.511832 0.859086 0
    outer loop
      vertex 9.06942 130.607 4.2
      vertex 9.21041 130.523 0
      vertex 9.06942 130.607 0
    endloop
  endfacet
  facet normal -0.334793 -0.942292 0
    outer loop
      vertex 10.4862 133.603 0
      vertex 10.641 133.548 4.2
      vertex 10.4862 133.603 4.2
    endloop
  endfacet
  facet normal -0.334793 -0.942292 -0
    outer loop
      vertex 10.641 133.548 4.2
      vertex 10.4862 133.603 0
      vertex 10.641 133.548 0
    endloop
  endfacet
  facet normal 0.334851 -0.942271 0
    outer loop
      vertex 9.359 133.548 0
      vertex 9.51377 133.603 4.2
      vertex 9.359 133.548 4.2
    endloop
  endfacet
  facet normal 0.334851 -0.942271 0
    outer loop
      vertex 9.51377 133.603 4.2
      vertex 9.359 133.548 0
      vertex 9.51377 133.603 0
    endloop
  endfacet
  facet normal -0.146019 0.989282 0
    outer loop
      vertex 10.3268 130.357 0
      vertex 10.1642 130.333 4.2
      vertex 10.3268 130.357 4.2
    endloop
  endfacet
  facet normal -0.146019 0.989282 0
    outer loop
      vertex 10.1642 130.333 4.2
      vertex 10.3268 130.357 0
      vertex 10.1642 130.333 0
    endloop
  endfacet
  facet normal -0.857761 0.514048 0
    outer loop
      vertex 11.3927 131.069 0
      vertex 11.4772 131.21 4.2
      vertex 11.4772 131.21 0
    endloop
  endfacet
  facet normal -0.857761 0.514048 0
    outer loop
      vertex 11.4772 131.21 4.2
      vertex 11.3927 131.069 0
      vertex 11.3927 131.069 4.2
    endloop
  endfacet
  facet normal 0.0486693 -0.998815 0
    outer loop
      vertex 9.83582 133.667 0
      vertex 10 133.675 4.2
      vertex 9.83582 133.667 4.2
    endloop
  endfacet
  facet normal 0.0486693 -0.998815 0
    outer loop
      vertex 10 133.675 4.2
      vertex 9.83582 133.667 0
      vertex 10 133.675 0
    endloop
  endfacet
  facet normal 0.998792 0.0491479 0
    outer loop
      vertex 8.33307 131.836 4.2
      vertex 8.325 132 0
      vertex 8.325 132 4.2
    endloop
  endfacet
  facet normal 0.998792 0.0491479 0
    outer loop
      vertex 8.325 132 0
      vertex 8.33307 131.836 4.2
      vertex 8.33307 131.836 0
    endloop
  endfacet
  facet normal -0.941659 0.336567 0
    outer loop
      vertex 11.5475 131.359 0
      vertex 11.6029 131.514 4.2
      vertex 11.6029 131.514 0
    endloop
  endfacet
  facet normal -0.941659 0.336567 0
    outer loop
      vertex 11.6029 131.514 4.2
      vertex 11.5475 131.359 0
      vertex 11.5475 131.359 4.2
    endloop
  endfacet
  facet normal -0.431112 -0.902299 0
    outer loop
      vertex 10.641 133.548 0
      vertex 10.7896 133.477 4.2
      vertex 10.641 133.548 4.2
    endloop
  endfacet
  facet normal -0.431112 -0.902299 -0
    outer loop
      vertex 10.7896 133.477 4.2
      vertex 10.641 133.548 0
      vertex 10.7896 133.477 0
    endloop
  endfacet
  facet normal -0.738723 -0.674009 0
    outer loop
      vertex 11.2948 133.063 0
      vertex 11.1844 133.184 4.2
      vertex 11.1844 133.184 0
    endloop
  endfacet
  facet normal -0.738723 -0.674009 0
    outer loop
      vertex 11.1844 133.184 4.2
      vertex 11.2948 133.063 0
      vertex 11.2948 133.063 4.2
    endloop
  endfacet
  facet normal -0.0486633 -0.998815 0
    outer loop
      vertex 10 133.675 0
      vertex 10.1642 133.667 4.2
      vertex 10 133.675 4.2
    endloop
  endfacet
  facet normal -0.0486633 -0.998815 -0
    outer loop
      vertex 10.1642 133.667 4.2
      vertex 10 133.675 0
      vertex 10.1642 133.667 0
    endloop
  endfacet
  facet normal 0.857734 0.514093 0
    outer loop
      vertex 8.60729 131.069 4.2
      vertex 8.52278 131.21 0
      vertex 8.52278 131.21 4.2
    endloop
  endfacet
  facet normal 0.857734 0.514093 0
    outer loop
      vertex 8.52278 131.21 0
      vertex 8.60729 131.069 4.2
      vertex 8.60729 131.069 0
    endloop
  endfacet
  facet normal 0.146019 0.989282 -0
    outer loop
      vertex 9.83582 130.333 0
      vertex 9.67322 130.357 4.2
      vertex 9.83582 130.333 4.2
    endloop
  endfacet
  facet normal 0.146019 0.989282 0
    outer loop
      vertex 9.67322 130.357 4.2
      vertex 9.83582 130.333 0
      vertex 9.67322 130.357 0
    endloop
  endfacet
  facet normal -0.673578 0.739116 0
    outer loop
      vertex 11.1844 130.816 0
      vertex 11.0626 130.705 4.2
      vertex 11.1844 130.816 4.2
    endloop
  endfacet
  facet normal -0.673578 0.739116 0
    outer loop
      vertex 11.0626 130.705 4.2
      vertex 11.1844 130.816 0
      vertex 11.0626 130.705 0
    endloop
  endfacet
  facet normal 0.0486693 0.998815 -0
    outer loop
      vertex 10 130.325 0
      vertex 9.83582 130.333 4.2
      vertex 10 130.325 4.2
    endloop
  endfacet
  facet normal 0.0486693 0.998815 0
    outer loop
      vertex 9.83582 130.333 4.2
      vertex 10 130.325 0
      vertex 9.83582 130.333 0
    endloop
  endfacet
  facet normal 0.738754 -0.673975 0
    outer loop
      vertex 8.70521 133.063 4.2
      vertex 8.8156 133.184 0
      vertex 8.8156 133.184 4.2
    endloop
  endfacet
  facet normal 0.738754 -0.673975 0
    outer loop
      vertex 8.8156 133.184 0
      vertex 8.70521 133.063 4.2
      vertex 8.70521 133.063 0
    endloop
  endfacet
  facet normal 0.904439 -0.426604 0
    outer loop
      vertex 8.4525 132.641 4.2
      vertex 8.52278 132.79 0
      vertex 8.52278 132.79 4.2
    endloop
  endfacet
  facet normal 0.904439 -0.426604 0
    outer loop
      vertex 8.52278 132.79 0
      vertex 8.4525 132.641 4.2
      vertex 8.4525 132.641 0
    endloop
  endfacet
  facet normal 0.969869 -0.243626 0
    outer loop
      vertex 8.35718 132.327 4.2
      vertex 8.39712 132.486 0
      vertex 8.39712 132.486 4.2
    endloop
  endfacet
  facet normal 0.969869 -0.243626 0
    outer loop
      vertex 8.39712 132.486 0
      vertex 8.35718 132.327 4.2
      vertex 8.35718 132.327 0
    endloop
  endfacet
  facet normal -0.243395 -0.969927 0
    outer loop
      vertex 10.3268 133.643 0
      vertex 10.4862 133.603 4.2
      vertex 10.3268 133.643 4.2
    endloop
  endfacet
  facet normal -0.243395 -0.969927 -0
    outer loop
      vertex 10.4862 133.603 4.2
      vertex 10.3268 133.643 0
      vertex 10.4862 133.603 0
    endloop
  endfacet
  facet normal 0.969869 0.243626 0
    outer loop
      vertex 8.39712 131.514 4.2
      vertex 8.35718 131.673 0
      vertex 8.35718 131.673 4.2
    endloop
  endfacet
  facet normal 0.969869 0.243626 0
    outer loop
      vertex 8.35718 131.673 0
      vertex 8.39712 131.514 4.2
      vertex 8.39712 131.514 0
    endloop
  endfacet
  facet normal 0.431135 0.902287 -0
    outer loop
      vertex 9.359 130.452 0
      vertex 9.21041 130.523 4.2
      vertex 9.359 130.452 4.2
    endloop
  endfacet
  facet normal 0.431135 0.902287 0
    outer loop
      vertex 9.21041 130.523 4.2
      vertex 9.359 130.452 0
      vertex 9.21041 130.523 0
    endloop
  endfacet
  facet normal 0.738754 0.673975 0
    outer loop
      vertex 8.8156 130.816 4.2
      vertex 8.70521 130.937 0
      vertex 8.70521 130.937 4.2
    endloop
  endfacet
  facet normal 0.738754 0.673975 0
    outer loop
      vertex 8.70521 130.937 0
      vertex 8.8156 130.816 4.2
      vertex 8.8156 130.816 0
    endloop
  endfacet
  facet normal -0.0486633 0.998815 0
    outer loop
      vertex 10.1642 130.333 0
      vertex 10 130.325 4.2
      vertex 10.1642 130.333 4.2
    endloop
  endfacet
  facet normal -0.0486633 0.998815 0
    outer loop
      vertex 10 130.325 4.2
      vertex 10.1642 130.333 0
      vertex 10 130.325 0
    endloop
  endfacet
  facet normal 0.989237 0.146322 0
    outer loop
      vertex 8.35718 131.673 4.2
      vertex 8.33307 131.836 0
      vertex 8.33307 131.836 4.2
    endloop
  endfacet
  facet normal 0.989237 0.146322 0
    outer loop
      vertex 8.33307 131.836 0
      vertex 8.35718 131.673 4.2
      vertex 8.35718 131.673 0
    endloop
  endfacet
  facet normal -0.5961 0.80291 0
    outer loop
      vertex 11.0626 130.705 0
      vertex 10.9306 130.607 4.2
      vertex 11.0626 130.705 4.2
    endloop
  endfacet
  facet normal -0.5961 0.80291 0
    outer loop
      vertex 10.9306 130.607 4.2
      vertex 11.0626 130.705 0
      vertex 10.9306 130.607 0
    endloop
  endfacet
  facet normal 0.803143 0.595786 0
    outer loop
      vertex 8.70521 130.937 4.2
      vertex 8.60729 131.069 0
      vertex 8.60729 131.069 4.2
    endloop
  endfacet
  facet normal 0.803143 0.595786 0
    outer loop
      vertex 8.60729 131.069 0
      vertex 8.70521 130.937 4.2
      vertex 8.70521 130.937 0
    endloop
  endfacet
  facet normal 0.998792 -0.0491479 0
    outer loop
      vertex 8.325 132 4.2
      vertex 8.33307 132.164 0
      vertex 8.33307 132.164 4.2
    endloop
  endfacet
  facet normal 0.998792 -0.0491479 0
    outer loop
      vertex 8.33307 132.164 0
      vertex 8.325 132 4.2
      vertex 8.325 132 0
    endloop
  endfacet
  facet normal -0.738723 0.674009 0
    outer loop
      vertex 11.1844 130.816 0
      vertex 11.2948 130.937 4.2
      vertex 11.2948 130.937 0
    endloop
  endfacet
  facet normal -0.738723 0.674009 0
    outer loop
      vertex 11.2948 130.937 4.2
      vertex 11.1844 130.816 0
      vertex 11.1844 130.816 4.2
    endloop
  endfacet
  facet normal -0.989333 -0.145669 0
    outer loop
      vertex 121.667 132.164 0
      vertex 121.643 132.327 4.2
      vertex 121.643 132.327 0
    endloop
  endfacet
  facet normal -0.989333 -0.145669 0
    outer loop
      vertex 121.643 132.327 4.2
      vertex 121.667 132.164 0
      vertex 121.667 132.164 4.2
    endloop
  endfacet
  facet normal -0.998812 -0.0487226 0
    outer loop
      vertex 121.675 132 0
      vertex 121.667 132.164 4.2
      vertex 121.667 132.164 0
    endloop
  endfacet
  facet normal -0.998812 -0.0487226 0
    outer loop
      vertex 121.667 132.164 4.2
      vertex 121.675 132 0
      vertex 121.675 132 4.2
    endloop
  endfacet
  facet normal -0.969783 -0.24397 0
    outer loop
      vertex 121.643 132.327 0
      vertex 121.603 132.486 4.2
      vertex 121.603 132.486 0
    endloop
  endfacet
  facet normal -0.969783 -0.24397 0
    outer loop
      vertex 121.603 132.486 4.2
      vertex 121.643 132.327 0
      vertex 121.643 132.327 4.2
    endloop
  endfacet
  facet normal 0.24397 -0.969783 0
    outer loop
      vertex 119.514 133.603 0
      vertex 119.673 133.643 4.2
      vertex 119.514 133.603 4.2
    endloop
  endfacet
  facet normal 0.24397 -0.969783 0
    outer loop
      vertex 119.673 133.643 4.2
      vertex 119.514 133.603 0
      vertex 119.673 133.643 0
    endloop
  endfacet
  facet normal 0.902748 0.430169 0
    outer loop
      vertex 118.523 131.21 4.2
      vertex 118.452 131.359 0
      vertex 118.452 131.359 4.2
    endloop
  endfacet
  facet normal 0.902748 0.430169 0
    outer loop
      vertex 118.452 131.359 0
      vertex 118.523 131.21 4.2
      vertex 118.523 131.21 0
    endloop
  endfacet
  facet normal 0.24397 0.969783 -0
    outer loop
      vertex 119.673 130.357 0
      vertex 119.514 130.397 4.2
      vertex 119.673 130.357 4.2
    endloop
  endfacet
  facet normal 0.24397 0.969783 0
    outer loop
      vertex 119.514 130.397 4.2
      vertex 119.673 130.357 0
      vertex 119.514 130.397 0
    endloop
  endfacet
  facet normal -0.511805 0.859102 0
    outer loop
      vertex 120.931 130.607 0
      vertex 120.79 130.523 4.2
      vertex 120.931 130.607 4.2
    endloop
  endfacet
  facet normal -0.511805 0.859102 0
    outer loop
      vertex 120.79 130.523 4.2
      vertex 120.931 130.607 0
      vertex 120.79 130.523 0
    endloop
  endfacet
  facet normal 0.33441 0.942428 -0
    outer loop
      vertex 119.514 130.397 0
      vertex 119.359 130.452 4.2
      vertex 119.514 130.397 4.2
    endloop
  endfacet
  facet normal 0.33441 0.942428 0
    outer loop
      vertex 119.359 130.452 4.2
      vertex 119.514 130.397 0
      vertex 119.359 130.452 0
    endloop
  endfacet
  facet normal -0.33441 0.942428 0
    outer loop
      vertex 120.641 130.452 0
      vertex 120.486 130.397 4.2
      vertex 120.641 130.452 4.2
    endloop
  endfacet
  facet normal -0.33441 0.942428 0
    outer loop
      vertex 120.486 130.397 4.2
      vertex 120.641 130.452 0
      vertex 120.486 130.397 0
    endloop
  endfacet
  facet normal 0.676 -0.736901 0
    outer loop
      vertex 118.816 133.184 0
      vertex 118.937 133.295 4.2
      vertex 118.816 133.184 4.2
    endloop
  endfacet
  facet normal 0.676 -0.736901 0
    outer loop
      vertex 118.937 133.295 4.2
      vertex 118.816 133.184 0
      vertex 118.937 133.295 0
    endloop
  endfacet
  facet normal -0.24397 0.969783 0
    outer loop
      vertex 120.486 130.397 0
      vertex 120.327 130.357 4.2
      vertex 120.486 130.397 4.2
    endloop
  endfacet
  facet normal -0.24397 0.969783 0
    outer loop
      vertex 120.327 130.357 4.2
      vertex 120.486 130.397 0
      vertex 120.327 130.357 0
    endloop
  endfacet
  facet normal 0.859102 -0.511805 0
    outer loop
      vertex 118.523 132.79 4.2
      vertex 118.607 132.931 0
      vertex 118.607 132.931 4.2
    endloop
  endfacet
  facet normal 0.859102 -0.511805 0
    outer loop
      vertex 118.607 132.931 0
      vertex 118.523 132.79 4.2
      vertex 118.523 132.79 0
    endloop
  endfacet
  facet normal 0.989333 -0.145669 0
    outer loop
      vertex 118.333 132.164 4.2
      vertex 118.357 132.327 0
      vertex 118.357 132.327 4.2
    endloop
  endfacet
  facet normal 0.989333 -0.145669 0
    outer loop
      vertex 118.357 132.327 0
      vertex 118.333 132.164 4.2
      vertex 118.333 132.164 0
    endloop
  endfacet
  facet normal -0.902748 -0.430169 0
    outer loop
      vertex 121.548 132.641 0
      vertex 121.477 132.79 4.2
      vertex 121.477 132.79 0
    endloop
  endfacet
  facet normal -0.902748 -0.430169 0
    outer loop
      vertex 121.477 132.79 4.2
      vertex 121.548 132.641 0
      vertex 121.548 132.641 4.2
    endloop
  endfacet
  facet normal -0.80291 0.5961 0
    outer loop
      vertex 121.295 130.937 0
      vertex 121.393 131.069 4.2
      vertex 121.393 131.069 0
    endloop
  endfacet
  facet normal -0.80291 0.5961 0
    outer loop
      vertex 121.393 131.069 4.2
      vertex 121.295 130.937 0
      vertex 121.295 130.937 4.2
    endloop
  endfacet
  facet normal 0.5961 -0.80291 0
    outer loop
      vertex 118.937 133.295 0
      vertex 119.069 133.393 4.2
      vertex 118.937 133.295 4.2
    endloop
  endfacet
  facet normal 0.5961 -0.80291 0
    outer loop
      vertex 119.069 133.393 4.2
      vertex 118.937 133.295 0
      vertex 119.069 133.393 0
    endloop
  endfacet
  facet normal -0.5961 -0.80291 0
    outer loop
      vertex 120.931 133.393 0
      vertex 121.063 133.295 4.2
      vertex 120.931 133.393 4.2
    endloop
  endfacet
  facet normal -0.5961 -0.80291 -0
    outer loop
      vertex 121.063 133.295 4.2
      vertex 120.931 133.393 0
      vertex 121.063 133.295 0
    endloop
  endfacet
  facet normal -0.145669 -0.989333 0
    outer loop
      vertex 120.164 133.667 0
      vertex 120.327 133.643 4.2
      vertex 120.164 133.667 4.2
    endloop
  endfacet
  facet normal -0.145669 -0.989333 -0
    outer loop
      vertex 120.327 133.643 4.2
      vertex 120.164 133.667 0
      vertex 120.327 133.643 0
    endloop
  endfacet
  facet normal -0.80291 -0.5961 0
    outer loop
      vertex 121.393 132.931 0
      vertex 121.295 133.063 4.2
      vertex 121.295 133.063 0
    endloop
  endfacet
  facet normal -0.80291 -0.5961 0
    outer loop
      vertex 121.295 133.063 4.2
      vertex 121.393 132.931 0
      vertex 121.393 132.931 4.2
    endloop
  endfacet
  facet normal 0.511805 -0.859102 0
    outer loop
      vertex 119.069 133.393 0
      vertex 119.21 133.477 4.2
      vertex 119.069 133.393 4.2
    endloop
  endfacet
  facet normal 0.511805 -0.859102 0
    outer loop
      vertex 119.21 133.477 4.2
      vertex 119.069 133.393 0
      vertex 119.21 133.477 0
    endloop
  endfacet
  facet normal -0.511805 -0.859102 0
    outer loop
      vertex 120.79 133.477 0
      vertex 120.931 133.393 4.2
      vertex 120.79 133.477 4.2
    endloop
  endfacet
  facet normal -0.511805 -0.859102 -0
    outer loop
      vertex 120.931 133.393 4.2
      vertex 120.79 133.477 0
      vertex 120.931 133.393 0
    endloop
  endfacet
  facet normal -0.676 -0.736901 0
    outer loop
      vertex 121.063 133.295 0
      vertex 121.184 133.184 4.2
      vertex 121.063 133.295 4.2
    endloop
  endfacet
  facet normal -0.676 -0.736901 -0
    outer loop
      vertex 121.184 133.184 4.2
      vertex 121.063 133.295 0
      vertex 121.184 133.184 0
    endloop
  endfacet
  facet normal 0.942428 0.33441 0
    outer loop
      vertex 118.452 131.359 4.2
      vertex 118.397 131.514 0
      vertex 118.397 131.514 4.2
    endloop
  endfacet
  facet normal 0.942428 0.33441 0
    outer loop
      vertex 118.397 131.514 0
      vertex 118.452 131.359 4.2
      vertex 118.452 131.359 0
    endloop
  endfacet
  facet normal -0.998812 0.0487226 0
    outer loop
      vertex 121.667 131.836 0
      vertex 121.675 132 4.2
      vertex 121.675 132 0
    endloop
  endfacet
  facet normal -0.998812 0.0487226 0
    outer loop
      vertex 121.675 132 4.2
      vertex 121.667 131.836 0
      vertex 121.667 131.836 4.2
    endloop
  endfacet
  facet normal 0.430169 -0.902748 0
    outer loop
      vertex 119.21 133.477 0
      vertex 119.359 133.548 4.2
      vertex 119.21 133.477 4.2
    endloop
  endfacet
  facet normal 0.430169 -0.902748 0
    outer loop
      vertex 119.359 133.548 4.2
      vertex 119.21 133.477 0
      vertex 119.359 133.548 0
    endloop
  endfacet
  facet normal -0.902748 0.430169 0
    outer loop
      vertex 121.477 131.21 0
      vertex 121.548 131.359 4.2
      vertex 121.548 131.359 0
    endloop
  endfacet
  facet normal -0.902748 0.430169 0
    outer loop
      vertex 121.548 131.359 4.2
      vertex 121.477 131.21 0
      vertex 121.477 131.21 4.2
    endloop
  endfacet
  facet normal 0.5961 0.80291 -0
    outer loop
      vertex 119.069 130.607 0
      vertex 118.937 130.705 4.2
      vertex 119.069 130.607 4.2
    endloop
  endfacet
  facet normal 0.5961 0.80291 0
    outer loop
      vertex 118.937 130.705 4.2
      vertex 119.069 130.607 0
      vertex 118.937 130.705 0
    endloop
  endfacet
  facet normal 0.80291 -0.5961 0
    outer loop
      vertex 118.607 132.931 4.2
      vertex 118.705 133.063 0
      vertex 118.705 133.063 4.2
    endloop
  endfacet
  facet normal 0.80291 -0.5961 0
    outer loop
      vertex 118.705 133.063 0
      vertex 118.607 132.931 4.2
      vertex 118.607 132.931 0
    endloop
  endfacet
  facet normal 0.942428 -0.33441 0
    outer loop
      vertex 118.397 132.486 4.2
      vertex 118.452 132.641 0
      vertex 118.452 132.641 4.2
    endloop
  endfacet
  facet normal 0.942428 -0.33441 0
    outer loop
      vertex 118.452 132.641 0
      vertex 118.397 132.486 4.2
      vertex 118.397 132.486 0
    endloop
  endfacet
  facet normal -0.942428 -0.33441 0
    outer loop
      vertex 121.603 132.486 0
      vertex 121.548 132.641 4.2
      vertex 121.548 132.641 0
    endloop
  endfacet
  facet normal -0.942428 -0.33441 0
    outer loop
      vertex 121.548 132.641 4.2
      vertex 121.603 132.486 0
      vertex 121.603 132.486 4.2
    endloop
  endfacet
  facet normal -0.859102 -0.511805 0
    outer loop
      vertex 121.477 132.79 0
      vertex 121.393 132.931 4.2
      vertex 121.393 132.931 0
    endloop
  endfacet
  facet normal -0.859102 -0.511805 0
    outer loop
      vertex 121.393 132.931 4.2
      vertex 121.477 132.79 0
      vertex 121.477 132.79 4.2
    endloop
  endfacet
  facet normal 0.676 0.736901 -0
    outer loop
      vertex 118.937 130.705 0
      vertex 118.816 130.816 4.2
      vertex 118.937 130.705 4.2
    endloop
  endfacet
  facet normal 0.676 0.736901 0
    outer loop
      vertex 118.816 130.816 4.2
      vertex 118.937 130.705 0
      vertex 118.816 130.816 0
    endloop
  endfacet
  facet normal -0.969783 0.24397 0
    outer loop
      vertex 121.603 131.514 0
      vertex 121.643 131.673 4.2
      vertex 121.643 131.673 0
    endloop
  endfacet
  facet normal -0.969783 0.24397 0
    outer loop
      vertex 121.643 131.673 4.2
      vertex 121.603 131.514 0
      vertex 121.603 131.514 4.2
    endloop
  endfacet
  facet normal -0.989333 0.145669 0
    outer loop
      vertex 121.643 131.673 0
      vertex 121.667 131.836 4.2
      vertex 121.667 131.836 0
    endloop
  endfacet
  facet normal -0.989333 0.145669 0
    outer loop
      vertex 121.667 131.836 4.2
      vertex 121.643 131.673 0
      vertex 121.643 131.673 4.2
    endloop
  endfacet
  facet normal 0.511805 0.859102 -0
    outer loop
      vertex 119.21 130.523 0
      vertex 119.069 130.607 4.2
      vertex 119.21 130.523 4.2
    endloop
  endfacet
  facet normal 0.511805 0.859102 0
    outer loop
      vertex 119.069 130.607 4.2
      vertex 119.21 130.523 0
      vertex 119.069 130.607 0
    endloop
  endfacet
  facet normal -0.33441 -0.942428 0
    outer loop
      vertex 120.486 133.603 0
      vertex 120.641 133.548 4.2
      vertex 120.486 133.603 4.2
    endloop
  endfacet
  facet normal -0.33441 -0.942428 -0
    outer loop
      vertex 120.641 133.548 4.2
      vertex 120.486 133.603 0
      vertex 120.641 133.548 0
    endloop
  endfacet
  facet normal 0.33441 -0.942428 0
    outer loop
      vertex 119.359 133.548 0
      vertex 119.514 133.603 4.2
      vertex 119.359 133.548 4.2
    endloop
  endfacet
  facet normal 0.33441 -0.942428 0
    outer loop
      vertex 119.514 133.603 4.2
      vertex 119.359 133.548 0
      vertex 119.514 133.603 0
    endloop
  endfacet
  facet normal -0.145669 0.989333 0
    outer loop
      vertex 120.327 130.357 0
      vertex 120.164 130.333 4.2
      vertex 120.327 130.357 4.2
    endloop
  endfacet
  facet normal -0.145669 0.989333 0
    outer loop
      vertex 120.164 130.333 4.2
      vertex 120.327 130.357 0
      vertex 120.164 130.333 0
    endloop
  endfacet
  facet normal -0.859102 0.511805 0
    outer loop
      vertex 121.393 131.069 0
      vertex 121.477 131.21 4.2
      vertex 121.477 131.21 0
    endloop
  endfacet
  facet normal -0.859102 0.511805 0
    outer loop
      vertex 121.477 131.21 4.2
      vertex 121.393 131.069 0
      vertex 121.393 131.069 4.2
    endloop
  endfacet
  facet normal 0.0487226 -0.998812 0
    outer loop
      vertex 119.836 133.667 0
      vertex 120 133.675 4.2
      vertex 119.836 133.667 4.2
    endloop
  endfacet
  facet normal 0.0487226 -0.998812 0
    outer loop
      vertex 120 133.675 4.2
      vertex 119.836 133.667 0
      vertex 120 133.675 0
    endloop
  endfacet
  facet normal 0.998812 0.0487226 0
    outer loop
      vertex 118.333 131.836 4.2
      vertex 118.325 132 0
      vertex 118.325 132 4.2
    endloop
  endfacet
  facet normal 0.998812 0.0487226 0
    outer loop
      vertex 118.325 132 0
      vertex 118.333 131.836 4.2
      vertex 118.333 131.836 0
    endloop
  endfacet
  facet normal -0.942428 0.33441 0
    outer loop
      vertex 121.548 131.359 0
      vertex 121.603 131.514 4.2
      vertex 121.603 131.514 0
    endloop
  endfacet
  facet normal -0.942428 0.33441 0
    outer loop
      vertex 121.603 131.514 4.2
      vertex 121.548 131.359 0
      vertex 121.548 131.359 4.2
    endloop
  endfacet
  facet normal -0.430169 -0.902748 0
    outer loop
      vertex 120.641 133.548 0
      vertex 120.79 133.477 4.2
      vertex 120.641 133.548 4.2
    endloop
  endfacet
  facet normal -0.430169 -0.902748 -0
    outer loop
      vertex 120.79 133.477 4.2
      vertex 120.641 133.548 0
      vertex 120.79 133.477 0
    endloop
  endfacet
  facet normal -0.736901 -0.676 0
    outer loop
      vertex 121.295 133.063 0
      vertex 121.184 133.184 4.2
      vertex 121.184 133.184 0
    endloop
  endfacet
  facet normal -0.736901 -0.676 0
    outer loop
      vertex 121.184 133.184 4.2
      vertex 121.295 133.063 0
      vertex 121.295 133.063 4.2
    endloop
  endfacet
  facet normal -0.0487226 -0.998812 0
    outer loop
      vertex 120 133.675 0
      vertex 120.164 133.667 4.2
      vertex 120 133.675 4.2
    endloop
  endfacet
  facet normal -0.0487226 -0.998812 -0
    outer loop
      vertex 120.164 133.667 4.2
      vertex 120 133.675 0
      vertex 120.164 133.667 0
    endloop
  endfacet
  facet normal 0.859102 0.511805 0
    outer loop
      vertex 118.607 131.069 4.2
      vertex 118.523 131.21 0
      vertex 118.523 131.21 4.2
    endloop
  endfacet
  facet normal 0.859102 0.511805 0
    outer loop
      vertex 118.523 131.21 0
      vertex 118.607 131.069 4.2
      vertex 118.607 131.069 0
    endloop
  endfacet
  facet normal 0.145669 0.989333 -0
    outer loop
      vertex 119.836 130.333 0
      vertex 119.673 130.357 4.2
      vertex 119.836 130.333 4.2
    endloop
  endfacet
  facet normal 0.145669 0.989333 0
    outer loop
      vertex 119.673 130.357 4.2
      vertex 119.836 130.333 0
      vertex 119.673 130.357 0
    endloop
  endfacet
  facet normal -0.676 0.736901 0
    outer loop
      vertex 121.184 130.816 0
      vertex 121.063 130.705 4.2
      vertex 121.184 130.816 4.2
    endloop
  endfacet
  facet normal -0.676 0.736901 0
    outer loop
      vertex 121.063 130.705 4.2
      vertex 121.184 130.816 0
      vertex 121.063 130.705 0
    endloop
  endfacet
  facet normal 0.0487226 0.998812 -0
    outer loop
      vertex 120 130.325 0
      vertex 119.836 130.333 4.2
      vertex 120 130.325 4.2
    endloop
  endfacet
  facet normal 0.0487226 0.998812 0
    outer loop
      vertex 119.836 130.333 4.2
      vertex 120 130.325 0
      vertex 119.836 130.333 0
    endloop
  endfacet
  facet normal 0.736901 -0.676 0
    outer loop
      vertex 118.705 133.063 4.2
      vertex 118.816 133.184 0
      vertex 118.816 133.184 4.2
    endloop
  endfacet
  facet normal 0.736901 -0.676 0
    outer loop
      vertex 118.816 133.184 0
      vertex 118.705 133.063 4.2
      vertex 118.705 133.063 0
    endloop
  endfacet
  facet normal 0.145669 -0.989333 0
    outer loop
      vertex 119.673 133.643 0
      vertex 119.836 133.667 4.2
      vertex 119.673 133.643 4.2
    endloop
  endfacet
  facet normal 0.145669 -0.989333 0
    outer loop
      vertex 119.836 133.667 4.2
      vertex 119.673 133.643 0
      vertex 119.836 133.667 0
    endloop
  endfacet
  facet normal 0.902748 -0.430169 0
    outer loop
      vertex 118.452 132.641 4.2
      vertex 118.523 132.79 0
      vertex 118.523 132.79 4.2
    endloop
  endfacet
  facet normal 0.902748 -0.430169 0
    outer loop
      vertex 118.523 132.79 0
      vertex 118.452 132.641 4.2
      vertex 118.452 132.641 0
    endloop
  endfacet
  facet normal 0.969783 -0.24397 0
    outer loop
      vertex 118.357 132.327 4.2
      vertex 118.397 132.486 0
      vertex 118.397 132.486 4.2
    endloop
  endfacet
  facet normal 0.969783 -0.24397 0
    outer loop
      vertex 118.397 132.486 0
      vertex 118.357 132.327 4.2
      vertex 118.357 132.327 0
    endloop
  endfacet
  facet normal -0.24397 -0.969783 0
    outer loop
      vertex 120.327 133.643 0
      vertex 120.486 133.603 4.2
      vertex 120.327 133.643 4.2
    endloop
  endfacet
  facet normal -0.24397 -0.969783 -0
    outer loop
      vertex 120.486 133.603 4.2
      vertex 120.327 133.643 0
      vertex 120.486 133.603 0
    endloop
  endfacet
  facet normal 0.969783 0.24397 0
    outer loop
      vertex 118.397 131.514 4.2
      vertex 118.357 131.673 0
      vertex 118.357 131.673 4.2
    endloop
  endfacet
  facet normal 0.969783 0.24397 0
    outer loop
      vertex 118.357 131.673 0
      vertex 118.397 131.514 4.2
      vertex 118.397 131.514 0
    endloop
  endfacet
  facet normal 0.430169 0.902748 -0
    outer loop
      vertex 119.359 130.452 0
      vertex 119.21 130.523 4.2
      vertex 119.359 130.452 4.2
    endloop
  endfacet
  facet normal 0.430169 0.902748 0
    outer loop
      vertex 119.21 130.523 4.2
      vertex 119.359 130.452 0
      vertex 119.21 130.523 0
    endloop
  endfacet
  facet normal 0.736901 0.676 0
    outer loop
      vertex 118.816 130.816 4.2
      vertex 118.705 130.937 0
      vertex 118.705 130.937 4.2
    endloop
  endfacet
  facet normal 0.736901 0.676 0
    outer loop
      vertex 118.705 130.937 0
      vertex 118.816 130.816 4.2
      vertex 118.816 130.816 0
    endloop
  endfacet
  facet normal -0.430169 0.902748 0
    outer loop
      vertex 120.79 130.523 0
      vertex 120.641 130.452 4.2
      vertex 120.79 130.523 4.2
    endloop
  endfacet
  facet normal -0.430169 0.902748 0
    outer loop
      vertex 120.641 130.452 4.2
      vertex 120.79 130.523 0
      vertex 120.641 130.452 0
    endloop
  endfacet
  facet normal -0.0487226 0.998812 0
    outer loop
      vertex 120.164 130.333 0
      vertex 120 130.325 4.2
      vertex 120.164 130.333 4.2
    endloop
  endfacet
  facet normal -0.0487226 0.998812 0
    outer loop
      vertex 120 130.325 4.2
      vertex 120.164 130.333 0
      vertex 120 130.325 0
    endloop
  endfacet
  facet normal 0.989333 0.145669 0
    outer loop
      vertex 118.357 131.673 4.2
      vertex 118.333 131.836 0
      vertex 118.333 131.836 4.2
    endloop
  endfacet
  facet normal 0.989333 0.145669 0
    outer loop
      vertex 118.333 131.836 0
      vertex 118.357 131.673 4.2
      vertex 118.357 131.673 0
    endloop
  endfacet
  facet normal -0.5961 0.80291 0
    outer loop
      vertex 121.063 130.705 0
      vertex 120.931 130.607 4.2
      vertex 121.063 130.705 4.2
    endloop
  endfacet
  facet normal -0.5961 0.80291 0
    outer loop
      vertex 120.931 130.607 4.2
      vertex 121.063 130.705 0
      vertex 120.931 130.607 0
    endloop
  endfacet
  facet normal 0.80291 0.5961 0
    outer loop
      vertex 118.705 130.937 4.2
      vertex 118.607 131.069 0
      vertex 118.607 131.069 4.2
    endloop
  endfacet
  facet normal 0.80291 0.5961 0
    outer loop
      vertex 118.607 131.069 0
      vertex 118.705 130.937 4.2
      vertex 118.705 130.937 0
    endloop
  endfacet
  facet normal 0.998812 -0.0487226 0
    outer loop
      vertex 118.325 132 4.2
      vertex 118.333 132.164 0
      vertex 118.333 132.164 4.2
    endloop
  endfacet
  facet normal 0.998812 -0.0487226 0
    outer loop
      vertex 118.333 132.164 0
      vertex 118.325 132 4.2
      vertex 118.325 132 0
    endloop
  endfacet
  facet normal -0.736901 0.676 0
    outer loop
      vertex 121.184 130.816 0
      vertex 121.295 130.937 4.2
      vertex 121.295 130.937 0
    endloop
  endfacet
  facet normal -0.736901 0.676 0
    outer loop
      vertex 121.295 130.937 4.2
      vertex 121.184 130.816 0
      vertex 121.184 130.816 4.2
    endloop
  endfacet
  facet normal -1 0 0
    outer loop
      vertex 109 15 1.1
      vertex 109 41 4.2
      vertex 109 41 1.1
    endloop
  endfacet
  facet normal -1 -0 0
    outer loop
      vertex 109 41 4.2
      vertex 109 15 1.1
      vertex 109 15 4.2
    endloop
  endfacet
  facet normal 1 -0 0
    outer loop
      vertex 29 15 4.2
      vertex 29 41 1.1
      vertex 29 41 4.2
    endloop
  endfacet
  facet normal 1 0 0
    outer loop
      vertex 29 41 1.1
      vertex 29 15 4.2
      vertex 29 15 1.1
    endloop
  endfacet
  facet normal 0 -1 0
    outer loop
      vertex 29 41 1.1
      vertex 109 41 4.2
      vertex 29 41 4.2
    endloop
  endfacet
  facet normal 0 -1 -0
    outer loop
      vertex 109 41 4.2
      vertex 29 41 1.1
      vertex 109 41 1.1
    endloop
  endfacet
  facet normal 0 1 -0
    outer loop
      vertex 109 15 1.1
      vertex 29 15 4.2
      vertex 109 15 4.2
    endloop
  endfacet
  facet normal 0 1 0
    outer loop
      vertex 29 15 4.2
      vertex 109 15 1.1
      vertex 29 15 1.1
    endloop
  endfacet
  facet normal -1 0 0
    outer loop
      vertex 112 12 0
      vertex 112 44 1.1
      vertex 112 44 0
    endloop
  endfacet
  facet normal -1 -0 0
    outer loop
      vertex 112 44 1.1
      vertex 112 12 0
      vertex 112 12 1.1
    endloop
  endfacet
  facet normal 0 0 -1
    outer loop
      vertex 112 12 1.1
      vertex 109 15 1.1
      vertex 112 44 1.1
    endloop
  endfacet
  facet normal 0 0 -1
    outer loop
      vertex 112 12 1.1
      vertex 29 15 1.1
      vertex 109 15 1.1
    endloop
  endfacet
  facet normal -0 0 -1
    outer loop
      vertex 29 15 1.1
      vertex 26 12 1.1
      vertex 29 41 1.1
    endloop
  endfacet
  facet normal 0 0 -1
    outer loop
      vertex 26 12 1.1
      vertex 29 15 1.1
      vertex 112 12 1.1
    endloop
  endfacet
  facet normal 0 0 -1
    outer loop
      vertex 109 41 1.1
      vertex 112 44 1.1
      vertex 109 15 1.1
    endloop
  endfacet
  facet normal 0 0 -1
    outer loop
      vertex 29 41 1.1
      vertex 112 44 1.1
      vertex 109 41 1.1
    endloop
  endfacet
  facet normal 0 0 -1
    outer loop
      vertex 29 41 1.1
      vertex 26 44 1.1
      vertex 112 44 1.1
    endloop
  endfacet
  facet normal 0 0 -1
    outer loop
      vertex 26 44 1.1
      vertex 29 41 1.1
      vertex 26 12 1.1
    endloop
  endfacet
  facet normal 1 -0 0
    outer loop
      vertex 26 12 1.1
      vertex 26 44 0
      vertex 26 44 1.1
    endloop
  endfacet
  facet normal 1 0 0
    outer loop
      vertex 26 44 0
      vertex 26 12 1.1
      vertex 26 12 0
    endloop
  endfacet
  facet normal 0 -1 0
    outer loop
      vertex 26 44 0
      vertex 112 44 1.1
      vertex 26 44 1.1
    endloop
  endfacet
  facet normal 0 -1 -0
    outer loop
      vertex 112 44 1.1
      vertex 26 44 0
      vertex 112 44 0
    endloop
  endfacet
  facet normal 0 1 -0
    outer loop
      vertex 112 12 0
      vertex 26 12 1.1
      vertex 112 12 1.1
    endloop
  endfacet
  facet normal 0 1 0
    outer loop
      vertex 26 12 1.1
      vertex 112 12 0
      vertex 26 12 0
    endloop
  endfacet
  facet normal -1 0 0
    outer loop
      vertex 98 101.5 1.1
      vertex 98 121.5 4.2
      vertex 98 121.5 1.1
    endloop
  endfacet
  facet normal -1 -0 0
    outer loop
      vertex 98 121.5 4.2
      vertex 98 101.5 1.1
      vertex 98 101.5 4.2
    endloop
  endfacet
  facet normal 1 -0 0
    outer loop
      vertex 66 101.5 4.2
      vertex 66 121.5 1.1
      vertex 66 121.5 4.2
    endloop
  endfacet
  facet normal 1 0 0
    outer loop
      vertex 66 121.5 1.1
      vertex 66 101.5 4.2
      vertex 66 101.5 1.1
    endloop
  endfacet
  facet normal 0 -1 0
    outer loop
      vertex 66 121.5 1.1
      vertex 98 121.5 4.2
      vertex 66 121.5 4.2
    endloop
  endfacet
  facet normal 0 -1 -0
    outer loop
      vertex 98 121.5 4.2
      vertex 66 121.5 1.1
      vertex 98 121.5 1.1
    endloop
  endfacet
  facet normal 0 1 -0
    outer loop
      vertex 98 101.5 1.1
      vertex 66 101.5 4.2
      vertex 98 101.5 4.2
    endloop
  endfacet
  facet normal 0 1 0
    outer loop
      vertex 66 101.5 4.2
      vertex 98 101.5 1.1
      vertex 66 101.5 1.1
    endloop
  endfacet
  facet normal -1 0 0
    outer loop
      vertex 101 98.5 0
      vertex 101 124.5 1.1
      vertex 101 124.5 0
    endloop
  endfacet
  facet normal -1 -0 0
    outer loop
      vertex 101 124.5 1.1
      vertex 101 98.5 0
      vertex 101 98.5 1.1
    endloop
  endfacet
  facet normal 0 0 -1
    outer loop
      vertex 101 98.5 1.1
      vertex 98 101.5 1.1
      vertex 101 124.5 1.1
    endloop
  endfacet
  facet normal 0 0 -1
    outer loop
      vertex 101 98.5 1.1
      vertex 66 101.5 1.1
      vertex 98 101.5 1.1
    endloop
  endfacet
  facet normal -0 0 -1
    outer loop
      vertex 66 101.5 1.1
      vertex 63 98.5 1.1
      vertex 66 121.5 1.1
    endloop
  endfacet
  facet normal 0 0 -1
    outer loop
      vertex 63 98.5 1.1
      vertex 66 101.5 1.1
      vertex 101 98.5 1.1
    endloop
  endfacet
  facet normal 0 0 -1
    outer loop
      vertex 98 121.5 1.1
      vertex 101 124.5 1.1
      vertex 98 101.5 1.1
    endloop
  endfacet
  facet normal 0 0 -1
    outer loop
      vertex 66 121.5 1.1
      vertex 101 124.5 1.1
      vertex 98 121.5 1.1
    endloop
  endfacet
  facet normal 0 0 -1
    outer loop
      vertex 66 121.5 1.1
      vertex 63 124.5 1.1
      vertex 101 124.5 1.1
    endloop
  endfacet
  facet normal 0 0 -1
    outer loop
      vertex 63 124.5 1.1
      vertex 66 121.5 1.1
      vertex 63 98.5 1.1
    endloop
  endfacet
  facet normal 1 -0 0
    outer loop
      vertex 63 98.5 1.1
      vertex 63 124.5 0
      vertex 63 124.5 1.1
    endloop
  endfacet
  facet normal 1 0 0
    outer loop
      vertex 63 124.5 0
      vertex 63 98.5 1.1
      vertex 63 98.5 0
    endloop
  endfacet
  facet normal 0 -1 0
    outer loop
      vertex 63 124.5 0
      vertex 101 124.5 1.1
      vertex 63 124.5 1.1
    endloop
  endfacet
  facet normal 0 -1 -0
    outer loop
      vertex 101 124.5 1.1
      vertex 63 124.5 0
      vertex 101 124.5 0
    endloop
  endfacet
  facet normal 0 1 -0
    outer loop
      vertex 101 98.5 0
      vertex 63 98.5 1.1
      vertex 101 98.5 1.1
    endloop
  endfacet
  facet normal 0 1 0
    outer loop
      vertex 63 98.5 1.1
      vertex 101 98.5 0
      vertex 63 98.5 0
    endloop
  endfacet
endsolid OpenSCAD_Model
