solid OpenSCAD_Model
  facet normal 0.0492599 -0.998786 0
    outer loop
      vertex 37.8 -12 0
      vertex 37.9176 -11.9942 1.2
      vertex 37.8 -12 1.2
    endloop
  endfacet
  facet normal 0.0492599 -0.998786 0
    outer loop
      vertex 37.9176 -11.9942 1.2
      vertex 37.8 -12 0
      vertex 37.9176 -11.9942 0
    endloop
  endfacet
  facet normal 0.803452 0.59537 0
    outer loop
      vertex 38.7977 11.4667 1.2
      vertex 38.7276 11.5613 0
      vertex 38.7276 11.5613 1.2
    endloop
  endfacet
  facet normal 0.803452 0.59537 0
    outer loop
      vertex 38.7276 11.5613 0
      vertex 38.7977 11.4667 1.2
      vertex 38.7977 11.4667 0
    endloop
  endfacet
  facet normal -0.671869 0.74067 0
    outer loop
      vertex -38.5613 11.7276 0
      vertex -38.6485 11.6485 1.2
      vertex -38.5613 11.7276 1.2
    endloop
  endfacet
  facet normal -0.671869 0.74067 0
    outer loop
      vertex -38.6485 11.6485 1.2
      vertex -38.5613 11.7276 0
      vertex -38.6485 11.6485 0
    endloop
  endfacet
  facet normal 0.0492599 0.998786 -0
    outer loop
      vertex 37.9176 11.9942 0
      vertex 37.8 12 1.2
      vertex 37.9176 11.9942 1.2
    endloop
  endfacet
  facet normal 0.0492599 0.998786 0
    outer loop
      vertex 37.8 12 1.2
      vertex 37.9176 11.9942 0
      vertex 37.8 12 0
    endloop
  endfacet
  facet normal -0.0492599 -0.998786 0
    outer loop
      vertex -37.9176 -11.9942 0
      vertex -37.8 -12 1.2
      vertex -37.9176 -11.9942 1.2
    endloop
  endfacet
  facet normal -0.0492599 -0.998786 -0
    outer loop
      vertex -37.8 -12 1.2
      vertex -37.9176 -11.9942 0
      vertex -37.8 -12 0
    endloop
  endfacet
  facet normal 0.998786 -0.0492599 0
    outer loop
      vertex 38.9942 -10.9176 1.2
      vertex 39 -10.8 0
      vertex 39 -10.8 1.2
    endloop
  endfacet
  facet normal 0.998786 -0.0492599 0
    outer loop
      vertex 39 -10.8 0
      vertex 38.9942 -10.9176 1.2
      vertex 38.9942 -10.9176 0
    endloop
  endfacet
  facet normal -1 0 0
    outer loop
      vertex -39 -10.8 0
      vertex -39 10.8 1.2
      vertex -39 10.8 0
    endloop
  endfacet
  facet normal -1 -0 0
    outer loop
      vertex -39 10.8 1.2
      vertex -39 -10.8 0
      vertex -39 -10.8 1.2
    endloop
  endfacet
  facet normal 0.803452 -0.59537 0
    outer loop
      vertex 38.7276 -11.5613 1.2
      vertex 38.7977 -11.4667 0
      vertex 38.7977 -11.4667 1.2
    endloop
  endfacet
  facet normal 0.803452 -0.59537 0
    outer loop
      vertex 38.7977 -11.4667 0
      vertex 38.7276 -11.5613 1.2
      vertex 38.7276 -11.5613 0
    endloop
  endfacet
  facet normal 0.427064 -0.904221 0
    outer loop
      vertex 38.2592 -11.9086 0
      vertex 38.3657 -11.8583 1.2
      vertex 38.2592 -11.9086 1.2
    endloop
  endfacet
  facet normal 0.427064 -0.904221 0
    outer loop
      vertex 38.3657 -11.8583 1.2
      vertex 38.2592 -11.9086 0
      vertex 38.3657 -11.8583 0
    endloop
  endfacet
  facet normal 0 1 -0
    outer loop
      vertex 37.8 12 0
      vertex -37.8 12 1.2
      vertex 37.8 12 1.2
    endloop
  endfacet
  facet normal 0 1 0
    outer loop
      vertex -37.8 12 1.2
      vertex 37.8 12 0
      vertex -37.8 12 0
    endloop
  endfacet
  facet normal -0.59537 0.803452 0
    outer loop
      vertex -38.4667 11.7977 0
      vertex -38.5613 11.7276 1.2
      vertex -38.4667 11.7977 1.2
    endloop
  endfacet
  facet normal -0.59537 0.803452 0
    outer loop
      vertex -38.5613 11.7276 1.2
      vertex -38.4667 11.7977 0
      vertex -38.5613 11.7276 0
    endloop
  endfacet
  facet normal 0 -1 0
    outer loop
      vertex -37.8 -12 0
      vertex 37.8 -12 1.2
      vertex -37.8 -12 1.2
    endloop
  endfacet
  facet normal 0 -1 -0
    outer loop
      vertex 37.8 -12 1.2
      vertex -37.8 -12 0
      vertex 37.8 -12 0
    endloop
  endfacet
  facet normal -0.0492599 0.998786 0
    outer loop
      vertex -37.8 12 0
      vertex -37.9176 11.9942 1.2
      vertex -37.8 12 1.2
    endloop
  endfacet
  facet normal -0.0492599 0.998786 0
    outer loop
      vertex -37.9176 11.9942 1.2
      vertex -37.8 12 0
      vertex -37.9176 11.9942 0
    endloop
  endfacet
  facet normal -0.989153 -0.146887 0
    outer loop
      vertex -38.9769 -11.0341 0
      vertex -38.9942 -10.9176 1.2
      vertex -38.9942 -10.9176 0
    endloop
  endfacet
  facet normal -0.989153 -0.146887 0
    outer loop
      vertex -38.9942 -10.9176 1.2
      vertex -38.9769 -11.0341 0
      vertex -38.9769 -11.0341 1.2
    endloop
  endfacet
  facet normal -0.242935 -0.970042 0
    outer loop
      vertex -38.1483 -11.9483 0
      vertex -38.0341 -11.9769 1.2
      vertex -38.1483 -11.9483 1.2
    endloop
  endfacet
  facet normal -0.242935 -0.970042 -0
    outer loop
      vertex -38.0341 -11.9769 1.2
      vertex -38.1483 -11.9483 0
      vertex -38.0341 -11.9769 0
    endloop
  endfacet
  facet normal -0.146887 0.989153 0
    outer loop
      vertex -37.9176 11.9942 0
      vertex -38.0341 11.9769 1.2
      vertex -37.9176 11.9942 1.2
    endloop
  endfacet
  facet normal -0.146887 0.989153 0
    outer loop
      vertex -38.0341 11.9769 1.2
      vertex -37.9176 11.9942 0
      vertex -38.0341 11.9769 0
    endloop
  endfacet
  facet normal 1 -0 0
    outer loop
      vertex 39 1.79644 1.2
      vertex 39 10.8 0
      vertex 39 10.8 1.2
    endloop
  endfacet
  facet normal 1 -0 0
    outer loop
      vertex 39 0.350634 1.2
      vertex 39 10.8 0
      vertex 39 1.79644 1.2
    endloop
  endfacet
  facet normal 1 -0 0
    outer loop
      vertex 39 -0.753613 1.2
      vertex 39 10.8 0
      vertex 39 0.350634 1.2
    endloop
  endfacet
  facet normal 1 0 0
    outer loop
      vertex 39 -10.8 0
      vertex 39 -0.753613 1.2
      vertex 39 -1.82775 1.2
    endloop
  endfacet
  facet normal 1 0 0
    outer loop
      vertex 39 -10.8 0
      vertex 39 -1.82775 1.2
      vertex 39 -3.44839 1.2
    endloop
  endfacet
  facet normal 1 0 0
    outer loop
      vertex 39 -10.8 0
      vertex 39 -3.44839 1.2
      vertex 39 -4.80726 1.2
    endloop
  endfacet
  facet normal 1 0 0
    outer loop
      vertex 39 -10.8 0
      vertex 39 -4.80726 1.2
      vertex 39 -10.8 1.2
    endloop
  endfacet
  facet normal 1 0 0
    outer loop
      vertex 39 -0.753613 1.2
      vertex 39 -10.8 0
      vertex 39 10.8 0
    endloop
  endfacet
  facet normal -0.146887 -0.989153 0
    outer loop
      vertex -38.0341 -11.9769 0
      vertex -37.9176 -11.9942 1.2
      vertex -38.0341 -11.9769 1.2
    endloop
  endfacet
  facet normal -0.146887 -0.989153 -0
    outer loop
      vertex -37.9176 -11.9942 1.2
      vertex -38.0341 -11.9769 0
      vertex -37.9176 -11.9942 0
    endloop
  endfacet
  facet normal -0.337035 0.941492 0
    outer loop
      vertex -38.1483 11.9483 0
      vertex -38.2592 11.9086 1.2
      vertex -38.1483 11.9483 1.2
    endloop
  endfacet
  facet normal -0.337035 0.941492 0
    outer loop
      vertex -38.2592 11.9086 1.2
      vertex -38.1483 11.9483 0
      vertex -38.2592 11.9086 0
    endloop
  endfacet
  facet normal -0.970042 0.242935 0
    outer loop
      vertex -38.9769 11.0341 0
      vertex -38.9483 11.1483 1.2
      vertex -38.9483 11.1483 0
    endloop
  endfacet
  facet normal -0.970042 0.242935 0
    outer loop
      vertex -38.9483 11.1483 1.2
      vertex -38.9769 11.0341 0
      vertex -38.9769 11.0341 1.2
    endloop
  endfacet
  facet normal -0.857493 -0.514496 0
    outer loop
      vertex -38.7977 -11.4667 0
      vertex -38.8583 -11.3657 1.2
      vertex -38.8583 -11.3657 0
    endloop
  endfacet
  facet normal -0.857493 -0.514496 0
    outer loop
      vertex -38.8583 -11.3657 1.2
      vertex -38.7977 -11.4667 0
      vertex -38.7977 -11.4667 1.2
    endloop
  endfacet
  facet normal -0.998786 0.0492599 0
    outer loop
      vertex -39 10.8 0
      vertex -38.9942 10.9176 1.2
      vertex -38.9942 10.9176 0
    endloop
  endfacet
  facet normal -0.998786 0.0492599 0
    outer loop
      vertex -38.9942 10.9176 1.2
      vertex -39 10.8 0
      vertex -39 10.8 1.2
    endloop
  endfacet
  facet normal -0.427064 -0.904221 0
    outer loop
      vertex -38.3657 -11.8583 0
      vertex -38.2592 -11.9086 1.2
      vertex -38.3657 -11.8583 1.2
    endloop
  endfacet
  facet normal -0.427064 -0.904221 -0
    outer loop
      vertex -38.2592 -11.9086 1.2
      vertex -38.3657 -11.8583 0
      vertex -38.2592 -11.9086 0
    endloop
  endfacet
  facet normal 0.146887 0.989153 -0
    outer loop
      vertex 38.0341 11.9769 0
      vertex 37.9176 11.9942 1.2
      vertex 38.0341 11.9769 1.2
    endloop
  endfacet
  facet normal 0.146887 0.989153 0
    outer loop
      vertex 37.9176 11.9942 1.2
      vertex 38.0341 11.9769 0
      vertex 37.9176 11.9942 0
    endloop
  endfacet
  facet normal 0.337035 0.941492 -0
    outer loop
      vertex 38.2592 11.9086 0
      vertex 38.1483 11.9483 1.2
      vertex 38.2592 11.9086 1.2
    endloop
  endfacet
  facet normal 0.337035 0.941492 0
    outer loop
      vertex 38.1483 11.9483 1.2
      vertex 38.2592 11.9086 0
      vertex 38.1483 11.9483 0
    endloop
  endfacet
  facet normal -0.514496 -0.857493 0
    outer loop
      vertex -38.4667 -11.7977 0
      vertex -38.3657 -11.8583 1.2
      vertex -38.4667 -11.7977 1.2
    endloop
  endfacet
  facet normal -0.514496 -0.857493 -0
    outer loop
      vertex -38.3657 -11.8583 1.2
      vertex -38.4667 -11.7977 0
      vertex -38.3657 -11.8583 0
    endloop
  endfacet
  facet normal -0.904221 -0.427064 0
    outer loop
      vertex -38.8583 -11.3657 0
      vertex -38.9086 -11.2592 1.2
      vertex -38.9086 -11.2592 0
    endloop
  endfacet
  facet normal -0.904221 -0.427064 0
    outer loop
      vertex -38.9086 -11.2592 1.2
      vertex -38.8583 -11.3657 0
      vertex -38.8583 -11.3657 1.2
    endloop
  endfacet
  facet normal 0.242935 0.970042 -0
    outer loop
      vertex 38.1483 11.9483 0
      vertex 38.0341 11.9769 1.2
      vertex 38.1483 11.9483 1.2
    endloop
  endfacet
  facet normal 0.242935 0.970042 0
    outer loop
      vertex 38.0341 11.9769 1.2
      vertex 38.1483 11.9483 0
      vertex 38.0341 11.9769 0
    endloop
  endfacet
  facet normal 0.671869 0.74067 -0
    outer loop
      vertex 38.6485 11.6485 0
      vertex 38.5613 11.7276 1.2
      vertex 38.6485 11.6485 1.2
    endloop
  endfacet
  facet normal 0.671869 0.74067 0
    outer loop
      vertex 38.5613 11.7276 1.2
      vertex 38.6485 11.6485 0
      vertex 38.5613 11.7276 0
    endloop
  endfacet
  facet normal -0.427064 0.904221 0
    outer loop
      vertex -38.2592 11.9086 0
      vertex -38.3657 11.8583 1.2
      vertex -38.2592 11.9086 1.2
    endloop
  endfacet
  facet normal -0.427064 0.904221 0
    outer loop
      vertex -38.3657 11.8583 1.2
      vertex -38.2592 11.9086 0
      vertex -38.3657 11.8583 0
    endloop
  endfacet
  facet normal -0.803452 -0.59537 0
    outer loop
      vertex -38.7276 -11.5613 0
      vertex -38.7977 -11.4667 1.2
      vertex -38.7977 -11.4667 0
    endloop
  endfacet
  facet normal -0.803452 -0.59537 0
    outer loop
      vertex -38.7977 -11.4667 1.2
      vertex -38.7276 -11.5613 0
      vertex -38.7276 -11.5613 1.2
    endloop
  endfacet
  facet normal 0 0 1
    outer loop
      vertex 5.70473 -1.82775 1.2
      vertex 3.98969 -2.98741 1.2
      vertex 5.60709 -3.12771 1.2
    endloop
  endfacet
  facet normal 0 0 1
    outer loop
      vertex 3.21338 -3.73576 1.2
      vertex 3.92853 -3.15263 1.2
      vertex 3.98969 -2.98741 1.2
    endloop
  endfacet
  facet normal 0 0 1
    outer loop
      vertex 3.92853 -3.15263 1.2
      vertex 3.37401 -3.68716 1.2
      vertex 3.85077 -3.29841 1.2
    endloop
  endfacet
  facet normal 0 0 1
    outer loop
      vertex 3.85077 -3.29841 1.2
      vertex 3.37401 -3.68716 1.2
      vertex 3.75645 -3.42476 1.2
    endloop
  endfacet
  facet normal 0 0 1
    outer loop
      vertex 3.75645 -3.42476 1.2
      vertex 3.51807 -3.61914 1.2
      vertex 3.64555 -3.53166 1.2
    endloop
  endfacet
  facet normal 0 0 1
    outer loop
      vertex 3.75645 -3.42476 1.2
      vertex 3.37401 -3.68716 1.2
      vertex 3.51807 -3.61914 1.2
    endloop
  endfacet
  facet normal 0 0 1
    outer loop
      vertex 3.92853 -3.15263 1.2
      vertex 3.21338 -3.73576 1.2
      vertex 3.37401 -3.68716 1.2
    endloop
  endfacet
  facet normal 0 0 1
    outer loop
      vertex 3.98969 -2.98741 1.2
      vertex 3.03616 -3.76492 1.2
      vertex 3.21338 -3.73576 1.2
    endloop
  endfacet
  facet normal 0 0 1
    outer loop
      vertex 3.98969 -2.98741 1.2
      vertex 2.84238 -3.77464 1.2
      vertex 3.03616 -3.76492 1.2
    endloop
  endfacet
  facet normal 0 0 1
    outer loop
      vertex 3.98969 -2.98741 1.2
      vertex 2.69962 -3.76857 1.2
      vertex 2.84238 -3.77464 1.2
    endloop
  endfacet
  facet normal -0 0 1
    outer loop
      vertex 1.46915 -1.82775 1.2
      vertex 3.98969 -2.98741 1.2
      vertex 5.70473 -1.82775 1.2
    endloop
  endfacet
  facet normal -0 -0 1
    outer loop
      vertex 1.47356 -2.03622 1.2
      vertex 3.98969 -2.98741 1.2
      vertex 1.46915 -1.82775 1.2
    endloop
  endfacet
  facet normal -0 -0 1
    outer loop
      vertex 1.50882 -2.4181 1.2
      vertex 3.98969 -2.98741 1.2
      vertex 1.48679 -2.233 1.2
    endloop
  endfacet
  facet normal -0 -0 1
    outer loop
      vertex 1.53967 -2.59152 1.2
      vertex 3.98969 -2.98741 1.2
      vertex 1.50882 -2.4181 1.2
    endloop
  endfacet
  facet normal -0 -0 1
    outer loop
      vertex 1.62784 -2.90332 1.2
      vertex 3.98969 -2.98741 1.2
      vertex 1.57935 -2.75326 1.2
    endloop
  endfacet
  facet normal 0 -0 1
    outer loop
      vertex 1.68513 -3.0417 1.2
      vertex 3.98969 -2.98741 1.2
      vertex 1.62784 -2.90332 1.2
    endloop
  endfacet
  facet normal -0 -0 1
    outer loop
      vertex 1.75125 -3.16839 1.2
      vertex 2.69962 -3.76857 1.2
      vertex 1.68513 -3.0417 1.2
    endloop
  endfacet
  facet normal 0 0 1
    outer loop
      vertex 2.69962 -3.76857 1.2
      vertex 1.75125 -3.16839 1.2
      vertex 2.56433 -3.75038 1.2
    endloop
  endfacet
  facet normal 0 0 1
    outer loop
      vertex 2.56433 -3.75038 1.2
      vertex 1.82619 -3.28341 1.2
      vertex 2.43651 -3.72006 1.2
    endloop
  endfacet
  facet normal 0 0 1
    outer loop
      vertex 2.43651 -3.72006 1.2
      vertex 1.82619 -3.28341 1.2
      vertex 2.31613 -3.67761 1.2
    endloop
  endfacet
  facet normal 0 0 1
    outer loop
      vertex 1.99979 -3.47747 1.2
      vertex 1.82619 -3.28341 1.2
      vertex 1.90926 -3.38652 1.2
    endloop
  endfacet
  facet normal 0 0 1
    outer loop
      vertex 2.20322 -3.62303 1.2
      vertex 1.82619 -3.28341 1.2
      vertex 2.09778 -3.55632 1.2
    endloop
  endfacet
  facet normal 0 0 1
    outer loop
      vertex 2.09778 -3.55632 1.2
      vertex 1.82619 -3.28341 1.2
      vertex 1.99979 -3.47747 1.2
    endloop
  endfacet
  facet normal 0 0 1
    outer loop
      vertex 2.31613 -3.67761 1.2
      vertex 1.82619 -3.28341 1.2
      vertex 2.20322 -3.62303 1.2
    endloop
  endfacet
  facet normal -0 -0 1
    outer loop
      vertex 1.82619 -3.28341 1.2
      vertex 2.56433 -3.75038 1.2
      vertex 1.75125 -3.16839 1.2
    endloop
  endfacet
  facet normal 0 0 1
    outer loop
      vertex 3.98969 -2.98741 1.2
      vertex 1.68513 -3.0417 1.2
      vertex 2.69962 -3.76857 1.2
    endloop
  endfacet
  facet normal -0 -0 1
    outer loop
      vertex 1.57935 -2.75326 1.2
      vertex 3.98969 -2.98741 1.2
      vertex 1.53967 -2.59152 1.2
    endloop
  endfacet
  facet normal -0 -0 1
    outer loop
      vertex 1.48679 -2.233 1.2
      vertex 3.98969 -2.98741 1.2
      vertex 1.47356 -2.03622 1.2
    endloop
  endfacet
  facet normal 0 0 1
    outer loop
      vertex -1.07205 -0.277599 1.2
      vertex -2.74425 -2.52354 1.2
      vertex -1.02318 -2.60284 1.2
    endloop
  endfacet
  facet normal 0 0 1
    outer loop
      vertex -5.16992 -2.73576 1.2
      vertex -2.76498 -2.65544 1.2
      vertex -2.74425 -2.52354 1.2
    endloop
  endfacet
  facet normal -0 0 1
    outer loop
      vertex -2.79924 -0.363003 1.2
      vertex -2.74425 -2.52354 1.2
      vertex -1.07205 -0.277599 1.2
    endloop
  endfacet
  facet normal -0 0 1
    outer loop
      vertex -5.31978 -1.46766 1.2
      vertex -2.74425 -2.52354 1.2
      vertex -2.79924 -0.363003 1.2
    endloop
  endfacet
  facet normal 0 0 1
    outer loop
      vertex -5.17264 -0.236874 1.2
      vertex -2.79924 -0.363003 1.2
      vertex -2.81822 -0.252972 1.2
    endloop
  endfacet
  facet normal -0 -0 1
    outer loop
      vertex -5.30313 -1.94673 1.2
      vertex -2.74425 -2.52354 1.2
      vertex -5.31978 -1.46766 1.2
    endloop
  endfacet
  facet normal 0 0 1
    outer loop
      vertex -5.05818 0.0639982 1.2
      vertex -2.81822 -0.252972 1.2
      vertex -2.84262 -0.147976 1.2
    endloop
  endfacet
  facet normal -0 -0 1
    outer loop
      vertex -5.25317 -2.36943 1.2
      vertex -2.74425 -2.52354 1.2
      vertex -5.30313 -1.94673 1.2
    endloop
  endfacet
  facet normal 0 0 1
    outer loop
      vertex -5.05818 0.0639982 1.2
      vertex -2.84262 -0.147976 1.2
      vertex -2.87245 -0.0480309 1.2
    endloop
  endfacet
  facet normal 0 0 1
    outer loop
      vertex -3.99544 0.747775 1.2
      vertex -2.87245 -0.0480309 1.2
      vertex -2.9077 0.0468626 1.2
    endloop
  endfacet
  facet normal 0 -0 1
    outer loop
      vertex -5.16992 -2.73576 1.2
      vertex -2.74425 -2.52354 1.2
      vertex -5.25317 -2.36943 1.2
    endloop
  endfacet
  facet normal 0 0 1
    outer loop
      vertex -3.87909 0.744037 1.2
      vertex -2.9077 0.0468626 1.2
      vertex -2.94838 0.136706 1.2
    endloop
  endfacet
  facet normal 0 0 1
    outer loop
      vertex -2.76498 -2.65544 1.2
      vertex -5.16992 -2.73576 1.2
      vertex -2.79189 -2.77987 1.2
    endloop
  endfacet
  facet normal 0 0 1
    outer loop
      vertex -3.76877 0.732852 1.2
      vertex -2.94838 0.136706 1.2
      vertex -2.99449 0.221515 1.2
    endloop
  endfacet
  facet normal 0 -0 1
    outer loop
      vertex -5.05336 -3.04574 1.2
      vertex -2.79189 -2.77987 1.2
      vertex -5.16992 -2.73576 1.2
    endloop
  endfacet
  facet normal 0 0 1
    outer loop
      vertex -3.76877 0.732852 1.2
      vertex -2.99449 0.221515 1.2
      vertex -3.04602 0.301272 1.2
    endloop
  endfacet
  facet normal 0 0 1
    outer loop
      vertex -2.79189 -2.77987 1.2
      vertex -5.05336 -3.04574 1.2
      vertex -2.82498 -2.89685 1.2
    endloop
  endfacet
  facet normal 0 0 1
    outer loop
      vertex -3.66449 0.714206 1.2
      vertex -3.04602 0.301272 1.2
      vertex -3.10298 0.375979 1.2
    endloop
  endfacet
  facet normal 0 0 1
    outer loop
      vertex -2.82498 -2.89685 1.2
      vertex -5.05336 -3.04574 1.2
      vertex -2.86424 -3.00636 1.2
    endloop
  endfacet
  facet normal 0 0 1
    outer loop
      vertex -3.56622 0.688098 1.2
      vertex -3.10298 0.375979 1.2
      vertex -3.16536 0.445636 1.2
    endloop
  endfacet
  facet normal 0 0 1
    outer loop
      vertex -2.86424 -3.00636 1.2
      vertex -5.05336 -3.04574 1.2
      vertex -2.90968 -3.10843 1.2
    endloop
  endfacet
  facet normal 0 0 1
    outer loop
      vertex -3.56622 0.688098 1.2
      vertex -3.16536 0.445636 1.2
      vertex -3.23347 0.509051 1.2
    endloop
  endfacet
  facet normal 0 0 1
    outer loop
      vertex -2.90968 -3.10843 1.2
      vertex -5.05336 -3.04574 1.2
      vertex -2.96129 -3.20303 1.2
    endloop
  endfacet
  facet normal 0 0 1
    outer loop
      vertex -3.56622 0.688098 1.2
      vertex -3.23347 0.509051 1.2
      vertex -3.30762 0.565005 1.2
    endloop
  endfacet
  facet normal 0 0 1
    outer loop
      vertex -3.56622 0.688098 1.2
      vertex -3.30762 0.565005 1.2
      vertex -3.38779 0.613498 1.2
    endloop
  endfacet
  facet normal 0 0 1
    outer loop
      vertex -2.96129 -3.20303 1.2
      vertex -5.05336 -3.04574 1.2
      vertex -3.01909 -3.29017 1.2
    endloop
  endfacet
  facet normal 0 0 1
    outer loop
      vertex -3.56622 0.688098 1.2
      vertex -3.38779 0.613498 1.2
      vertex -3.474 0.654529 1.2
    endloop
  endfacet
  facet normal 0 0 1
    outer loop
      vertex -3.01909 -3.29017 1.2
      vertex -5.05336 -3.04574 1.2
      vertex -3.08307 -3.36985 1.2
    endloop
  endfacet
  facet normal 0 0 1
    outer loop
      vertex -3.10298 0.375979 1.2
      vertex -3.56622 0.688098 1.2
      vertex -3.66449 0.714206 1.2
    endloop
  endfacet
  facet normal 0 0 1
    outer loop
      vertex -3.08307 -3.36985 1.2
      vertex -5.05336 -3.04574 1.2
      vertex -3.15321 -3.44209 1.2
    endloop
  endfacet
  facet normal 0 0 1
    outer loop
      vertex -3.15321 -3.44209 1.2
      vertex -5.05336 -3.04574 1.2
      vertex -3.22841 -3.50676 1.2
    endloop
  endfacet
  facet normal 0 0 1
    outer loop
      vertex -3.04602 0.301272 1.2
      vertex -3.66449 0.714206 1.2
      vertex -3.76877 0.732852 1.2
    endloop
  endfacet
  facet normal 0 0 1
    outer loop
      vertex -3.22841 -3.50676 1.2
      vertex -5.05336 -3.04574 1.2
      vertex -3.30753 -3.56382 1.2
    endloop
  endfacet
  facet normal 0 0 1
    outer loop
      vertex -2.94838 0.136706 1.2
      vertex -3.76877 0.732852 1.2
      vertex -3.87909 0.744037 1.2
    endloop
  endfacet
  facet normal 0 0 1
    outer loop
      vertex -3.30753 -3.56382 1.2
      vertex -5.05336 -3.04574 1.2
      vertex -3.39056 -3.61329 1.2
    endloop
  endfacet
  facet normal 0 0 1
    outer loop
      vertex -3.99544 0.747775 1.2
      vertex -2.9077 0.0468626 1.2
      vertex -3.87909 0.744037 1.2
    endloop
  endfacet
  facet normal 0 0 1
    outer loop
      vertex -3.39056 -3.61329 1.2
      vertex -5.05336 -3.04574 1.2
      vertex -3.47752 -3.65513 1.2
    endloop
  endfacet
  facet normal 0 0 1
    outer loop
      vertex -2.87245 -0.0480309 1.2
      vertex -3.99544 0.747775 1.2
      vertex -5.05818 0.0639982 1.2
    endloop
  endfacet
  facet normal 0 0 1
    outer loop
      vertex -3.47752 -3.65513 1.2
      vertex -5.05336 -3.04574 1.2
      vertex -3.56839 -3.68937 1.2
    endloop
  endfacet
  facet normal 0 0 1
    outer loop
      vertex -4.91104 0.310153 1.2
      vertex -3.99544 0.747775 1.2
      vertex -4.27339 0.720416 1.2
    endloop
  endfacet
  facet normal 0 0 1
    outer loop
      vertex -3.56839 -3.68937 1.2
      vertex -5.05336 -3.04574 1.2
      vertex -3.66318 -3.716 1.2
    endloop
  endfacet
  facet normal 0 0 1
    outer loop
      vertex -4.91104 0.310153 1.2
      vertex -4.27339 0.720416 1.2
      vertex -4.51863 0.63837 1.2
    endloop
  endfacet
  facet normal 0 0 1
    outer loop
      vertex -3.66318 -3.716 1.2
      vertex -5.05336 -3.04574 1.2
      vertex -3.76189 -3.73503 1.2
    endloop
  endfacet
  facet normal 0 0 1
    outer loop
      vertex -4.91104 0.310153 1.2
      vertex -4.51863 0.63837 1.2
      vertex -4.73119 0.501605 1.2
    endloop
  endfacet
  facet normal 0 0 1
    outer loop
      vertex -3.76189 -3.73503 1.2
      vertex -5.05336 -3.04574 1.2
      vertex -3.8645 -3.74644 1.2
    endloop
  endfacet
  facet normal 0 0 1
    outer loop
      vertex -3.99544 0.747775 1.2
      vertex -4.91104 0.310153 1.2
      vertex -5.05818 0.0639982 1.2
    endloop
  endfacet
  facet normal 0 0 1
    outer loop
      vertex -3.8645 -3.74644 1.2
      vertex -5.05336 -3.04574 1.2
      vertex -3.97104 -3.75024 1.2
    endloop
  endfacet
  facet normal 0 0 1
    outer loop
      vertex -2.81822 -0.252972 1.2
      vertex -5.05818 0.0639982 1.2
      vertex -5.17264 -0.236874 1.2
    endloop
  endfacet
  facet normal -0 -0 1
    outer loop
      vertex -4.9035 -3.29937 1.2
      vertex -3.97104 -3.75024 1.2
      vertex -5.05336 -3.04574 1.2
    endloop
  endfacet
  facet normal 0 0 1
    outer loop
      vertex -2.79924 -0.363003 1.2
      vertex -5.17264 -0.236874 1.2
      vertex -5.25438 -0.592434 1.2
    endloop
  endfacet
  facet normal 0 0 1
    outer loop
      vertex -3.97104 -3.75024 1.2
      vertex -4.9035 -3.29937 1.2
      vertex -4.25412 -3.72207 1.2
    endloop
  endfacet
  facet normal 0 0 1
    outer loop
      vertex -2.79924 -0.363003 1.2
      vertex -5.25438 -0.592434 1.2
      vertex -5.30344 -1.0027 1.2
    endloop
  endfacet
  facet normal 0 0 1
    outer loop
      vertex -4.50388 -3.63752 1.2
      vertex -4.9035 -3.29937 1.2
      vertex -4.72034 -3.49662 1.2
    endloop
  endfacet
  facet normal 0 0 1
    outer loop
      vertex -2.79924 -0.363003 1.2
      vertex -5.30344 -1.0027 1.2
      vertex -5.31978 -1.46766 1.2
    endloop
  endfacet
  facet normal 0 0 1
    outer loop
      vertex -4.25412 -3.72207 1.2
      vertex -4.9035 -3.29937 1.2
      vertex -4.50388 -3.63752 1.2
    endloop
  endfacet
  facet normal 0 0 1
    outer loop
      vertex -18.7032 -0.184967 1.2
      vertex -18.7653 -0.829102 1.2
      vertex -18.7244 -0.50798 1.2
    endloop
  endfacet
  facet normal -0 0 1
    outer loop
      vertex -21.6188 1.27277 1.2
      vertex -18.7032 -0.184967 1.2
      vertex -21.5118 4.67961 1.2
    endloop
  endfacet
  facet normal -0 -0 1
    outer loop
      vertex -21.5055 1.03323 1.2
      vertex -18.7032 -0.184967 1.2
      vertex -21.6188 1.27277 1.2
    endloop
  endfacet
  facet normal -0 -0 1
    outer loop
      vertex -21.3519 0.526733 1.2
      vertex -18.7032 -0.184967 1.2
      vertex -21.4163 0.783768 1.2
    endloop
  endfacet
  facet normal -0 -0 1
    outer loop
      vertex -21.313 0.264633 1.2
      vertex -18.7032 -0.184967 1.2
      vertex -21.3519 0.526733 1.2
    endloop
  endfacet
  facet normal -0 -0 1
    outer loop
      vertex -21.3 0 1.2
      vertex -18.7032 -0.184967 1.2
      vertex -21.313 0.264633 1.2
    endloop
  endfacet
  facet normal 0 0 1
    outer loop
      vertex -18.7032 -0.184967 1.2
      vertex -21.313 -0.264633 1.2
      vertex -18.7653 -0.829102 1.2
    endloop
  endfacet
  facet normal -0 0 1
    outer loop
      vertex -21.3519 -0.526733 1.2
      vertex -18.7653 -0.829102 1.2
      vertex -21.313 -0.264633 1.2
    endloop
  endfacet
  facet normal 0 0 1
    outer loop
      vertex -18.8257 -1.14713 1.2
      vertex -21.4163 -0.783768 1.2
      vertex -18.9053 -1.46088 1.2
    endloop
  endfacet
  facet normal 0 0 1
    outer loop
      vertex -18.9053 -1.46088 1.2
      vertex -21.4163 -0.783768 1.2
      vertex -19.004 -1.76918 1.2
    endloop
  endfacet
  facet normal -0 0 1
    outer loop
      vertex -21.5055 -1.03323 1.2
      vertex -19.004 -1.76918 1.2
      vertex -21.4163 -0.783768 1.2
    endloop
  endfacet
  facet normal 0 0 1
    outer loop
      vertex -19.1213 -2.07086 1.2
      vertex -21.5055 -1.03323 1.2
      vertex -19.2569 -2.36484 1.2
    endloop
  endfacet
  facet normal -0 0 1
    outer loop
      vertex -21.6188 -1.27277 1.2
      vertex -19.2569 -2.36484 1.2
      vertex -21.5055 -1.03323 1.2
    endloop
  endfacet
  facet normal -0 0 1
    outer loop
      vertex -21.755 -1.50003 1.2
      vertex -19.4101 -2.64999 1.2
      vertex -21.6188 -1.27277 1.2
    endloop
  endfacet
  facet normal 0 0 1
    outer loop
      vertex -19.4101 -2.64999 1.2
      vertex -21.755 -1.50003 1.2
      vertex -19.5804 -2.92525 1.2
    endloop
  endfacet
  facet normal 0 0 1
    outer loop
      vertex -19.5804 -2.92525 1.2
      vertex -21.755 -1.50003 1.2
      vertex -19.7672 -3.18961 1.2
    endloop
  endfacet
  facet normal 0 0 1
    outer loop
      vertex -19.2569 -2.36484 1.2
      vertex -21.6188 -1.27277 1.2
      vertex -19.4101 -2.64999 1.2
    endloop
  endfacet
  facet normal 0 0 1
    outer loop
      vertex -19.004 -1.76918 1.2
      vertex -21.5055 -1.03323 1.2
      vertex -19.1213 -2.07086 1.2
    endloop
  endfacet
  facet normal -0 0 1
    outer loop
      vertex -21.4163 -0.783768 1.2
      vertex -18.8257 -1.14713 1.2
      vertex -21.3519 -0.526733 1.2
    endloop
  endfacet
  facet normal 0 0 1
    outer loop
      vertex -18.7653 -0.829102 1.2
      vertex -21.3519 -0.526733 1.2
      vertex -18.8257 -1.14713 1.2
    endloop
  endfacet
  facet normal 0 0 1
    outer loop
      vertex -21.313 -0.264633 1.2
      vertex -18.7032 -0.184967 1.2
      vertex -21.3 0 1.2
    endloop
  endfacet
  facet normal -0 -0 1
    outer loop
      vertex -21.4163 0.783768 1.2
      vertex -18.7032 -0.184967 1.2
      vertex -21.5055 1.03323 1.2
    endloop
  endfacet
  facet normal 0 0 1
    outer loop
      vertex -21.5118 4.67961 1.2
      vertex -21.755 1.50003 1.2
      vertex -21.6188 1.27277 1.2
    endloop
  endfacet
  facet normal 0 0 1
    outer loop
      vertex -22.7272 2.38118 1.2
      vertex -21.5118 4.67961 1.2
      vertex -21.8021 4.82278 1.2
    endloop
  endfacet
  facet normal 0 0 1
    outer loop
      vertex -21.5118 4.67961 1.2
      vertex -21.9129 1.71286 1.2
      vertex -21.755 1.50003 1.2
    endloop
  endfacet
  facet normal 0 0 1
    outer loop
      vertex -21.5118 4.67961 1.2
      vertex -22.0908 1.90918 1.2
      vertex -21.9129 1.71286 1.2
    endloop
  endfacet
  facet normal 0 0 1
    outer loop
      vertex -22.9668 2.49446 1.2
      vertex -21.8021 4.82278 1.2
      vertex -22.1007 4.94797 1.2
    endloop
  endfacet
  facet normal 0 0 1
    outer loop
      vertex -21.5118 4.67961 1.2
      vertex -22.2871 2.08713 1.2
      vertex -22.0908 1.90918 1.2
    endloop
  endfacet
  facet normal 0 0 1
    outer loop
      vertex -23.2162 2.58372 1.2
      vertex -22.1007 4.94797 1.2
      vertex -22.4063 5.05469 1.2
    endloop
  endfacet
  facet normal 0 0 1
    outer loop
      vertex -21.5118 4.67961 1.2
      vertex -22.5 2.24496 1.2
      vertex -22.2871 2.08713 1.2
    endloop
  endfacet
  facet normal 0 0 1
    outer loop
      vertex -23.2162 2.58372 1.2
      vertex -22.4063 5.05469 1.2
      vertex -22.7178 5.14256 1.2
    endloop
  endfacet
  facet normal 0 0 1
    outer loop
      vertex -21.5118 4.67961 1.2
      vertex -22.7272 2.38118 1.2
      vertex -22.5 2.24496 1.2
    endloop
  endfacet
  facet normal 0 0 1
    outer loop
      vertex -21.8021 4.82278 1.2
      vertex -22.9668 2.49446 1.2
      vertex -22.7272 2.38118 1.2
    endloop
  endfacet
  facet normal 0 0 1
    outer loop
      vertex -23.4733 2.64812 1.2
      vertex -22.7178 5.14256 1.2
      vertex -23.0342 5.21124 1.2
    endloop
  endfacet
  facet normal 0 0 1
    outer loop
      vertex -22.1007 4.94797 1.2
      vertex -23.2162 2.58372 1.2
      vertex -22.9668 2.49446 1.2
    endloop
  endfacet
  facet normal 0 0 1
    outer loop
      vertex -23.4733 2.64812 1.2
      vertex -23.0342 5.21124 1.2
      vertex -23.3541 5.26048 1.2
    endloop
  endfacet
  facet normal 0 0 1
    outer loop
      vertex -22.7178 5.14256 1.2
      vertex -23.4733 2.64812 1.2
      vertex -23.2162 2.58372 1.2
    endloop
  endfacet
  facet normal 0 0 1
    outer loop
      vertex -23.7354 2.687 1.2
      vertex -23.3541 5.26048 1.2
      vertex -23.6765 5.2901 1.2
    endloop
  endfacet
  facet normal 0 0 1
    outer loop
      vertex -23.3541 5.26048 1.2
      vertex -23.7354 2.687 1.2
      vertex -23.4733 2.64812 1.2
    endloop
  endfacet
  facet normal 0 0 1
    outer loop
      vertex -24 2.7 1.2
      vertex -23.6765 5.2901 1.2
      vertex -24 5.29999 1.2
    endloop
  endfacet
  facet normal 0 0 1
    outer loop
      vertex -23.6765 5.2901 1.2
      vertex -24 2.7 1.2
      vertex -23.7354 2.687 1.2
    endloop
  endfacet
  facet normal -0 0 1
    outer loop
      vertex -24.3235 5.2901 1.2
      vertex -24 2.7 1.2
      vertex -24 5.29999 1.2
    endloop
  endfacet
  facet normal 0 0 1
    outer loop
      vertex -24 2.7 1.2
      vertex -24.3235 5.2901 1.2
      vertex -24.2646 2.687 1.2
    endloop
  endfacet
  facet normal -0 0 1
    outer loop
      vertex -24.6459 5.26048 1.2
      vertex -24.2646 2.687 1.2
      vertex -24.3235 5.2901 1.2
    endloop
  endfacet
  facet normal 0 0 1
    outer loop
      vertex -24.2646 2.687 1.2
      vertex -24.6459 5.26048 1.2
      vertex -24.5267 2.64812 1.2
    endloop
  endfacet
  facet normal -0 0 1
    outer loop
      vertex -24.9658 5.21124 1.2
      vertex -24.5267 2.64812 1.2
      vertex -24.6459 5.26048 1.2
    endloop
  endfacet
  facet normal -0 0 1
    outer loop
      vertex -25.2822 5.14256 1.2
      vertex -24.5267 2.64812 1.2
      vertex -24.9658 5.21124 1.2
    endloop
  endfacet
  facet normal 0 0 1
    outer loop
      vertex -24.5267 2.64812 1.2
      vertex -25.2822 5.14256 1.2
      vertex -24.7838 2.58372 1.2
    endloop
  endfacet
  facet normal -0 0 1
    outer loop
      vertex -25.5937 5.05469 1.2
      vertex -24.7838 2.58372 1.2
      vertex -25.2822 5.14256 1.2
    endloop
  endfacet
  facet normal -0 0 1
    outer loop
      vertex -25.8993 4.94797 1.2
      vertex -24.7838 2.58372 1.2
      vertex -25.5937 5.05469 1.2
    endloop
  endfacet
  facet normal 0 0 1
    outer loop
      vertex -24.7838 2.58372 1.2
      vertex -25.8993 4.94797 1.2
      vertex -25.0332 2.49446 1.2
    endloop
  endfacet
  facet normal -0 0 1
    outer loop
      vertex -26.1979 4.82278 1.2
      vertex -25.0332 2.49446 1.2
      vertex -25.8993 4.94797 1.2
    endloop
  endfacet
  facet normal 0 0 1
    outer loop
      vertex -25.0332 2.49446 1.2
      vertex -26.1979 4.82278 1.2
      vertex -25.2728 2.38118 1.2
    endloop
  endfacet
  facet normal -0 0 1
    outer loop
      vertex -26.4882 4.67961 1.2
      vertex -25.2728 2.38118 1.2
      vertex -26.1979 4.82278 1.2
    endloop
  endfacet
  facet normal 0 0 1
    outer loop
      vertex -25.2728 2.38118 1.2
      vertex -26.4882 4.67961 1.2
      vertex -25.5 2.24496 1.2
    endloop
  endfacet
  facet normal 0 0 1
    outer loop
      vertex -25.5 2.24496 1.2
      vertex -26.4882 4.67961 1.2
      vertex -25.7129 2.08713 1.2
    endloop
  endfacet
  facet normal 0 0 1
    outer loop
      vertex -25.7129 2.08713 1.2
      vertex -26.4882 4.67961 1.2
      vertex -25.9092 1.90918 1.2
    endloop
  endfacet
  facet normal 0 0 1
    outer loop
      vertex -25.9092 1.90918 1.2
      vertex -26.4882 4.67961 1.2
      vertex -26.0871 1.71286 1.2
    endloop
  endfacet
  facet normal 0 0 1
    outer loop
      vertex -26.0871 1.71286 1.2
      vertex -26.4882 4.67961 1.2
      vertex -26.245 1.50003 1.2
    endloop
  endfacet
  facet normal 0 0 1
    outer loop
      vertex -26.245 1.50003 1.2
      vertex -26.4882 4.67961 1.2
      vertex -26.3812 1.27277 1.2
    endloop
  endfacet
  facet normal 0 0 1
    outer loop
      vertex -29.2968 -0.184967 1.2
      vertex -26.3812 1.27277 1.2
      vertex -26.4882 4.67961 1.2
    endloop
  endfacet
  facet normal 0 0 1
    outer loop
      vertex -26.3812 1.27277 1.2
      vertex -29.2968 -0.184967 1.2
      vertex -26.4945 1.03323 1.2
    endloop
  endfacet
  facet normal 0 0 1
    outer loop
      vertex -26.4945 1.03323 1.2
      vertex -29.2968 -0.184967 1.2
      vertex -26.5837 0.783768 1.2
    endloop
  endfacet
  facet normal 0 0 1
    outer loop
      vertex -26.5837 0.783768 1.2
      vertex -29.2968 -0.184967 1.2
      vertex -26.6481 0.526733 1.2
    endloop
  endfacet
  facet normal 0 0 1
    outer loop
      vertex -26.6481 0.526733 1.2
      vertex -29.2968 -0.184967 1.2
      vertex -26.687 0.264633 1.2
    endloop
  endfacet
  facet normal 0 0 1
    outer loop
      vertex -25.5 -2.24496 1.2
      vertex -27.0777 -4.31479 1.2
      vertex -26.8086 -4.49463 1.2
    endloop
  endfacet
  facet normal 0 0 1
    outer loop
      vertex -26.687 0.264633 1.2
      vertex -29.2968 -0.184967 1.2
      vertex -26.7 0 1.2
    endloop
  endfacet
  facet normal 0 0 1
    outer loop
      vertex -26.687 -0.264633 1.2
      vertex -27.3354 -4.11885 1.2
      vertex -27.0777 -4.31479 1.2
    endloop
  endfacet
  facet normal 0 0 1
    outer loop
      vertex -26.687 -0.264633 1.2
      vertex -27.5806 -3.90755 1.2
      vertex -27.3354 -4.11885 1.2
    endloop
  endfacet
  facet normal 0 0 1
    outer loop
      vertex -26.687 -0.264633 1.2
      vertex -27.8125 -3.68167 1.2
      vertex -27.5806 -3.90755 1.2
    endloop
  endfacet
  facet normal 0 0 1
    outer loop
      vertex -26.687 -0.264633 1.2
      vertex -28.0301 -3.44205 1.2
      vertex -27.8125 -3.68167 1.2
    endloop
  endfacet
  facet normal 0 0 1
    outer loop
      vertex -26.687 -0.264633 1.2
      vertex -28.2328 -3.18961 1.2
      vertex -28.0301 -3.44205 1.2
    endloop
  endfacet
  facet normal 0 0 1
    outer loop
      vertex -26.687 -0.264633 1.2
      vertex -28.4196 -2.92525 1.2
      vertex -28.2328 -3.18961 1.2
    endloop
  endfacet
  facet normal 0 0 1
    outer loop
      vertex -26.687 -0.264633 1.2
      vertex -28.5899 -2.64999 1.2
      vertex -28.4196 -2.92525 1.2
    endloop
  endfacet
  facet normal 0 0 1
    outer loop
      vertex -26.687 -0.264633 1.2
      vertex -28.7431 -2.36484 1.2
      vertex -28.5899 -2.64999 1.2
    endloop
  endfacet
  facet normal 0 0 1
    outer loop
      vertex -26.687 -0.264633 1.2
      vertex -28.8787 -2.07086 1.2
      vertex -28.7431 -2.36484 1.2
    endloop
  endfacet
  facet normal 0 0 1
    outer loop
      vertex -26.687 -0.264633 1.2
      vertex -28.996 -1.76918 1.2
      vertex -28.8787 -2.07086 1.2
    endloop
  endfacet
  facet normal 0 0 1
    outer loop
      vertex -26.687 -0.264633 1.2
      vertex -29.0947 -1.46088 1.2
      vertex -28.996 -1.76918 1.2
    endloop
  endfacet
  facet normal 0 0 1
    outer loop
      vertex -26.687 -0.264633 1.2
      vertex -29.1743 -1.14713 1.2
      vertex -29.0947 -1.46088 1.2
    endloop
  endfacet
  facet normal 0 0 1
    outer loop
      vertex -26.687 -0.264633 1.2
      vertex -29.2347 -0.829102 1.2
      vertex -29.1743 -1.14713 1.2
    endloop
  endfacet
  facet normal 0 0 1
    outer loop
      vertex -29.2968 -0.184967 1.2
      vertex -26.4882 4.67961 1.2
      vertex -29.2581 9.88901 1.2
    endloop
  endfacet
  facet normal 0 0 1
    outer loop
      vertex -26.687 -0.264633 1.2
      vertex -29.2968 -0.184967 1.2
      vertex -29.2756 -0.50798 1.2
    endloop
  endfacet
  facet normal 0 0 1
    outer loop
      vertex 14.4564 0.00635052 1.2
      vertex 15.6576 0.253406 1.2
      vertex 15.6574 0.371875 1.2
    endloop
  endfacet
  facet normal 0 0 1
    outer loop
      vertex 26.6716 -1.13412 1.2
      vertex 27.8647 0.326663 1.2
      vertex 27.8645 0.442264 1.2
    endloop
  endfacet
  facet normal -0 0 1
    outer loop
      vertex 29.6221 -0.73634 1.2
      vertex 32.143 -1.09542 1.2
      vertex 32.1285 -0.730358 1.2
    endloop
  endfacet
  facet normal 0 0 1
    outer loop
      vertex 37.8 12 1.2
      vertex 39 10.8 1.2
      vertex 38.9942 10.9176 1.2
    endloop
  endfacet
  facet normal 0 0 1
    outer loop
      vertex 37.8 12 1.2
      vertex 38.9942 10.9176 1.2
      vertex 38.9769 11.0341 1.2
    endloop
  endfacet
  facet normal 0 0 1
    outer loop
      vertex 37.8 12 1.2
      vertex 38.9769 11.0341 1.2
      vertex 38.9483 11.1483 1.2
    endloop
  endfacet
  facet normal 0 0 1
    outer loop
      vertex 39 10.8 1.2
      vertex 38.9228 1.82083 1.2
      vertex 39 1.79644 1.2
    endloop
  endfacet
  facet normal 0 0 1
    outer loop
      vertex 37.8 12 1.2
      vertex 38.9483 11.1483 1.2
      vertex 38.9086 11.2592 1.2
    endloop
  endfacet
  facet normal 0 0 1
    outer loop
      vertex 37.8 12 1.2
      vertex 38.9086 11.2592 1.2
      vertex 38.8583 11.3657 1.2
    endloop
  endfacet
  facet normal 0 0 1
    outer loop
      vertex 37.8 12 1.2
      vertex 38.8583 11.3657 1.2
      vertex 38.7977 11.4667 1.2
    endloop
  endfacet
  facet normal 0 0 1
    outer loop
      vertex 37.8 12 1.2
      vertex 38.7977 11.4667 1.2
      vertex 38.7276 11.5613 1.2
    endloop
  endfacet
  facet normal 0 0 1
    outer loop
      vertex 37.8 12 1.2
      vertex 38.7276 11.5613 1.2
      vertex 38.6485 11.6485 1.2
    endloop
  endfacet
  facet normal 0 0 1
    outer loop
      vertex 39 10.8 1.2
      vertex 38.6482 1.87903 1.2
      vertex 38.9228 1.82083 1.2
    endloop
  endfacet
  facet normal 0 0 1
    outer loop
      vertex 37.8 12 1.2
      vertex 38.6485 11.6485 1.2
      vertex 38.5613 11.7276 1.2
    endloop
  endfacet
  facet normal 0 0 1
    outer loop
      vertex 37.8 12 1.2
      vertex 38.5613 11.7276 1.2
      vertex 38.4667 11.7977 1.2
    endloop
  endfacet
  facet normal 0 0 1
    outer loop
      vertex 37.8 12 1.2
      vertex 38.4667 11.7977 1.2
      vertex 38.3657 11.8583 1.2
    endloop
  endfacet
  facet normal 0 0 1
    outer loop
      vertex 39 10.8 1.2
      vertex 38.357 1.91396 1.2
      vertex 38.6482 1.87903 1.2
    endloop
  endfacet
  facet normal 0 0 1
    outer loop
      vertex 37.8 12 1.2
      vertex 38.3657 11.8583 1.2
      vertex 38.2592 11.9086 1.2
    endloop
  endfacet
  facet normal 0 0 1
    outer loop
      vertex 37.8 12 1.2
      vertex 38.2592 11.9086 1.2
      vertex 38.1483 11.9483 1.2
    endloop
  endfacet
  facet normal 0 0 1
    outer loop
      vertex 39 10.8 1.2
      vertex 38.0493 1.9256 1.2
      vertex 38.357 1.91396 1.2
    endloop
  endfacet
  facet normal 0 0 1
    outer loop
      vertex 37.8 12 1.2
      vertex 38.1483 11.9483 1.2
      vertex 38.0341 11.9769 1.2
    endloop
  endfacet
  facet normal 0 0 1
    outer loop
      vertex 37.8 12 1.2
      vertex 38.0341 11.9769 1.2
      vertex 37.9176 11.9942 1.2
    endloop
  endfacet
  facet normal 0 0 1
    outer loop
      vertex 39 10.8 1.2
      vertex 37.8 12 1.2
      vertex 32.5158 1.80394 1.2
    endloop
  endfacet
  facet normal 0 0 1
    outer loop
      vertex 39 10.8 1.2
      vertex 37.7267 1.91475 1.2
      vertex 38.0493 1.9256 1.2
    endloop
  endfacet
  facet normal 0 0 1
    outer loop
      vertex 39 10.8 1.2
      vertex 37.4209 1.88221 1.2
      vertex 37.7267 1.91475 1.2
    endloop
  endfacet
  facet normal 0 0 1
    outer loop
      vertex 39 10.8 1.2
      vertex 37.1318 1.82794 1.2
      vertex 37.4209 1.88221 1.2
    endloop
  endfacet
  facet normal 0 0 1
    outer loop
      vertex 39 10.8 1.2
      vertex 36.8594 1.752 1.2
      vertex 37.1318 1.82794 1.2
    endloop
  endfacet
  facet normal 0 0 1
    outer loop
      vertex 39 10.8 1.2
      vertex 32.6948 1.73206 1.2
      vertex 36.8594 1.752 1.2
    endloop
  endfacet
  facet normal 0 0 1
    outer loop
      vertex 36.8594 1.752 1.2
      vertex 32.6948 1.73206 1.2
      vertex 36.6038 1.65435 1.2
    endloop
  endfacet
  facet normal 0 -0 1
    outer loop
      vertex 32.8618 1.6442 1.2
      vertex 36.6038 1.65435 1.2
      vertex 32.6948 1.73206 1.2
    endloop
  endfacet
  facet normal 0 0 1
    outer loop
      vertex 36.6038 1.65435 1.2
      vertex 32.8618 1.6442 1.2
      vertex 36.3649 1.53501 1.2
    endloop
  endfacet
  facet normal -0 -0 1
    outer loop
      vertex 33.0167 1.54038 1.2
      vertex 36.3649 1.53501 1.2
      vertex 32.8618 1.6442 1.2
    endloop
  endfacet
  facet normal -0 -0 1
    outer loop
      vertex 33.1595 1.42058 1.2
      vertex 36.1427 1.39395 1.2
      vertex 33.0167 1.54038 1.2
    endloop
  endfacet
  facet normal 0 0 1
    outer loop
      vertex 36.1427 1.39395 1.2
      vertex 33.1595 1.42058 1.2
      vertex 35.9372 1.2312 1.2
    endloop
  endfacet
  facet normal 0 0 1
    outer loop
      vertex 35.9372 1.2312 1.2
      vertex 33.2903 1.28481 1.2
      vertex 35.7485 1.04676 1.2
    endloop
  endfacet
  facet normal -0 -0 1
    outer loop
      vertex 33.4082 1.13365 1.2
      vertex 35.7485 1.04676 1.2
      vertex 33.2903 1.28481 1.2
    endloop
  endfacet
  facet normal -0 -0 1
    outer loop
      vertex 33.5122 0.967746 1.2
      vertex 35.5781 0.842105 1.2
      vertex 33.4082 1.13365 1.2
    endloop
  endfacet
  facet normal 0 0 1
    outer loop
      vertex 35.5781 0.842105 1.2
      vertex 33.6023 0.787066 1.2
      vertex 35.4278 0.618777 1.2
    endloop
  endfacet
  facet normal 0 0 1
    outer loop
      vertex 34.9468 -1.11355 1.2
      vertex 33.8518 -0.607174 1.2
      vertex 34.9368 -1.46766 1.2
    endloop
  endfacet
  facet normal 0 0 1
    outer loop
      vertex 34.9768 -0.778118 1.2
      vertex 33.8518 -0.607174 1.2
      vertex 34.9468 -1.11355 1.2
    endloop
  endfacet
  facet normal 0 0 1
    outer loop
      vertex 35.0269 -0.461361 1.2
      vertex 33.8518 -0.607174 1.2
      vertex 34.9768 -0.778118 1.2
    endloop
  endfacet
  facet normal 0 0 1
    outer loop
      vertex 35.4278 0.618777 1.2
      vertex 33.6785 0.591617 1.2
      vertex 35.2975 0.376773 1.2
    endloop
  endfacet
  facet normal 0 0 1
    outer loop
      vertex 35.0269 -0.461361 1.2
      vertex 33.8449 -0.337887 1.2
      vertex 33.8518 -0.607174 1.2
    endloop
  endfacet
  facet normal 0 0 1
    outer loop
      vertex 35.0971 -0.163296 1.2
      vertex 33.8449 -0.337887 1.2
      vertex 35.0269 -0.461361 1.2
    endloop
  endfacet
  facet normal 0 -0 1
    outer loop
      vertex 33.8449 -0.337887 1.2
      vertex 35.0971 -0.163296 1.2
      vertex 33.8241 -0.0833549 1.2
    endloop
  endfacet
  facet normal -0 -0 1
    outer loop
      vertex 33.8241 -0.0833549 1.2
      vertex 35.0971 -0.163296 1.2
      vertex 33.7894 0.156405 1.2
    endloop
  endfacet
  facet normal 0 0 1
    outer loop
      vertex 35.1873 0.116076 1.2
      vertex 33.7894 0.156405 1.2
      vertex 35.0971 -0.163296 1.2
    endloop
  endfacet
  facet normal -0 -0 1
    outer loop
      vertex 33.7894 0.156405 1.2
      vertex 35.1873 0.116076 1.2
      vertex 33.7409 0.381396 1.2
    endloop
  endfacet
  facet normal 0 0 1
    outer loop
      vertex 35.2975 0.376773 1.2
      vertex 33.7409 0.381396 1.2
      vertex 35.1873 0.116076 1.2
    endloop
  endfacet
  facet normal -0 -0 1
    outer loop
      vertex 33.7409 0.381396 1.2
      vertex 35.2975 0.376773 1.2
      vertex 33.6785 0.591617 1.2
    endloop
  endfacet
  facet normal 0 -0 1
    outer loop
      vertex 33.6785 0.591617 1.2
      vertex 35.4278 0.618777 1.2
      vertex 33.6023 0.787066 1.2
    endloop
  endfacet
  facet normal 0 -0 1
    outer loop
      vertex 33.6023 0.787066 1.2
      vertex 35.5781 0.842105 1.2
      vertex 33.5122 0.967746 1.2
    endloop
  endfacet
  facet normal 0 0 1
    outer loop
      vertex 35.7485 1.04676 1.2
      vertex 33.4082 1.13365 1.2
      vertex 35.5781 0.842105 1.2
    endloop
  endfacet
  facet normal -0 -0 1
    outer loop
      vertex 33.2903 1.28481 1.2
      vertex 35.9372 1.2312 1.2
      vertex 33.1595 1.42058 1.2
    endloop
  endfacet
  facet normal 0 0 1
    outer loop
      vertex 36.3649 1.53501 1.2
      vertex 33.0167 1.54038 1.2
      vertex 36.1427 1.39395 1.2
    endloop
  endfacet
  facet normal 0 0 1
    outer loop
      vertex 39 10.8 1.2
      vertex 32.5158 1.80394 1.2
      vertex 32.6948 1.73206 1.2
    endloop
  endfacet
  facet normal 0 0 1
    outer loop
      vertex 37.8 12 1.2
      vertex 32.3247 1.85984 1.2
      vertex 32.5158 1.80394 1.2
    endloop
  endfacet
  facet normal 0 0 1
    outer loop
      vertex 37.8 12 1.2
      vertex 32.1216 1.89978 1.2
      vertex 32.3247 1.85984 1.2
    endloop
  endfacet
  facet normal 0 0 1
    outer loop
      vertex 37.8 12 1.2
      vertex 31.9064 1.92374 1.2
      vertex 32.1216 1.89978 1.2
    endloop
  endfacet
  facet normal 0 0 1
    outer loop
      vertex 37.8 12 1.2
      vertex 31.6791 1.93172 1.2
      vertex 31.9064 1.92374 1.2
    endloop
  endfacet
  facet normal 0 0 1
    outer loop
      vertex 37.8 12 1.2
      vertex 31.5202 1.92751 1.2
      vertex 31.6791 1.93172 1.2
    endloop
  endfacet
  facet normal 0 0 1
    outer loop
      vertex 37.8 12 1.2
      vertex 31.3663 1.91484 1.2
      vertex 31.5202 1.92751 1.2
    endloop
  endfacet
  facet normal 0 0 1
    outer loop
      vertex 37.8 12 1.2
      vertex 31.2173 1.89374 1.2
      vertex 31.3663 1.91484 1.2
    endloop
  endfacet
  facet normal 0 0 1
    outer loop
      vertex 29.4515 1.80356 1.2
      vertex 31.2173 1.89374 1.2
      vertex 37.8 12 1.2
    endloop
  endfacet
  facet normal 0 0 1
    outer loop
      vertex 31.2173 1.89374 1.2
      vertex 29.4515 1.80356 1.2
      vertex 31.0733 1.8642 1.2
    endloop
  endfacet
  facet normal 0 0 1
    outer loop
      vertex 31.0733 1.8642 1.2
      vertex 29.4515 1.80356 1.2
      vertex 30.9343 1.82622 1.2
    endloop
  endfacet
  facet normal 0 0 1
    outer loop
      vertex 30.9343 1.82622 1.2
      vertex 29.4515 1.80356 1.2
      vertex 30.8003 1.7798 1.2
    endloop
  endfacet
  facet normal 0 0 1
    outer loop
      vertex 30.8003 1.7798 1.2
      vertex 29.4515 1.80356 1.2
      vertex 30.6712 1.72495 1.2
    endloop
  endfacet
  facet normal 0 0 1
    outer loop
      vertex 30.6712 1.72495 1.2
      vertex 29.4515 1.80356 1.2
      vertex 30.5471 1.66164 1.2
    endloop
  endfacet
  facet normal 0 0 1
    outer loop
      vertex 30.5471 1.66164 1.2
      vertex 29.4515 1.80356 1.2
      vertex 30.428 1.58991 1.2
    endloop
  endfacet
  facet normal 0 0 1
    outer loop
      vertex 30.428 1.58991 1.2
      vertex 29.4515 1.80356 1.2
      vertex 30.3135 1.50884 1.2
    endloop
  endfacet
  facet normal -0 -0 1
    outer loop
      vertex 29.4557 1.77301 1.2
      vertex 30.3135 1.50884 1.2
      vertex 29.4515 1.80356 1.2
    endloop
  endfacet
  facet normal 0 0 1
    outer loop
      vertex 30.3135 1.50884 1.2
      vertex 29.4557 1.77301 1.2
      vertex 30.2035 1.41753 1.2
    endloop
  endfacet
  facet normal -0 -0 1
    outer loop
      vertex 29.4602 1.7329 1.2
      vertex 30.2035 1.41753 1.2
      vertex 29.4557 1.77301 1.2
    endloop
  endfacet
  facet normal -0 0 1
    outer loop
      vertex 29.5305 0.537295 1.2
      vertex 29.5552 0.491366 1.2
      vertex 29.6347 0.654422 1.2
    endloop
  endfacet
  facet normal -0 0 1
    outer loop
      vertex 29.5248 0.721667 1.2
      vertex 29.6347 0.654422 1.2
      vertex 29.7186 0.807223 1.2
    endloop
  endfacet
  facet normal 0 0 1
    outer loop
      vertex 29.5552 0.491366 1.2
      vertex 29.5305 0.537295 1.2
      vertex 29.5308 0.491366 1.2
    endloop
  endfacet
  facet normal 0 0 1
    outer loop
      vertex 29.5124 0.975848 1.2
      vertex 29.7186 0.807223 1.2
      vertex 29.8068 0.949786 1.2
    endloop
  endfacet
  facet normal 0 0 1
    outer loop
      vertex 29.6347 0.654422 1.2
      vertex 29.5293 0.590991 1.2
      vertex 29.5305 0.537295 1.2
    endloop
  endfacet
  facet normal -0 0 1
    outer loop
      vertex 29.5067 1.0761 1.2
      vertex 29.8068 0.949786 1.2
      vertex 29.8994 1.0821 1.2
    endloop
  endfacet
  facet normal -0 -0 1
    outer loop
      vertex 29.4651 1.68322 1.2
      vertex 30.2035 1.41753 1.2
      vertex 29.4602 1.7329 1.2
    endloop
  endfacet
  facet normal 0 0 1
    outer loop
      vertex 29.6347 0.654422 1.2
      vertex 29.5275 0.652453 1.2
      vertex 29.5293 0.590991 1.2
    endloop
  endfacet
  facet normal 0 0 1
    outer loop
      vertex 29.6347 0.654422 1.2
      vertex 29.5248 0.721667 1.2
      vertex 29.5275 0.652453 1.2
    endloop
  endfacet
  facet normal 0 0 1
    outer loop
      vertex 29.7186 0.807223 1.2
      vertex 29.5214 0.798633 1.2
      vertex 29.5248 0.721667 1.2
    endloop
  endfacet
  facet normal 0 0 1
    outer loop
      vertex 29.7186 0.807223 1.2
      vertex 29.5173 0.883365 1.2
      vertex 29.5214 0.798633 1.2
    endloop
  endfacet
  facet normal 0 0 1
    outer loop
      vertex 29.7186 0.807223 1.2
      vertex 29.5124 0.975848 1.2
      vertex 29.5173 0.883365 1.2
    endloop
  endfacet
  facet normal 0 0 1
    outer loop
      vertex 29.8068 0.949786 1.2
      vertex 29.5067 1.0761 1.2
      vertex 29.5124 0.975848 1.2
    endloop
  endfacet
  facet normal 0 0 1
    outer loop
      vertex 29.8994 1.0821 1.2
      vertex 29.5003 1.18408 1.2
      vertex 29.5067 1.0761 1.2
    endloop
  endfacet
  facet normal 0 0 1
    outer loop
      vertex 29.8994 1.0821 1.2
      vertex 29.4937 1.2912 1.2
      vertex 29.5003 1.18408 1.2
    endloop
  endfacet
  facet normal 0 0 1
    outer loop
      vertex 29.9964 1.20415 1.2
      vertex 29.4937 1.2912 1.2
      vertex 29.8994 1.0821 1.2
    endloop
  endfacet
  facet normal -0 -0 1
    outer loop
      vertex 29.4937 1.2912 1.2
      vertex 29.9964 1.20415 1.2
      vertex 29.4874 1.38875 1.2
    endloop
  endfacet
  facet normal -0 -0 1
    outer loop
      vertex 29.4874 1.38875 1.2
      vertex 29.9964 1.20415 1.2
      vertex 29.4813 1.47672 1.2
    endloop
  endfacet
  facet normal 0 0 1
    outer loop
      vertex 30.0978 1.31597 1.2
      vertex 29.4813 1.47672 1.2
      vertex 29.9964 1.20415 1.2
    endloop
  endfacet
  facet normal -0 -0 1
    outer loop
      vertex 29.4813 1.47672 1.2
      vertex 30.0978 1.31597 1.2
      vertex 29.4756 1.55512 1.2
    endloop
  endfacet
  facet normal -0 -0 1
    outer loop
      vertex 29.4756 1.55512 1.2
      vertex 30.0978 1.31597 1.2
      vertex 29.4702 1.62395 1.2
    endloop
  endfacet
  facet normal 0 0 1
    outer loop
      vertex 30.2035 1.41753 1.2
      vertex 29.4702 1.62395 1.2
      vertex 30.0978 1.31597 1.2
    endloop
  endfacet
  facet normal -0 -0 1
    outer loop
      vertex 29.4702 1.62395 1.2
      vertex 30.2035 1.41753 1.2
      vertex 29.4651 1.68322 1.2
    endloop
  endfacet
  facet normal 0 0 1
    outer loop
      vertex 37.8 12 1.2
      vertex 27.8159 1.80356 1.2
      vertex 29.4515 1.80356 1.2
    endloop
  endfacet
  facet normal 0 0 1
    outer loop
      vertex 27.8647 0.326663 1.2
      vertex 26.6716 -1.13412 1.2
      vertex 26.6821 -1.49215 1.2
    endloop
  endfacet
  facet normal 0 0 1
    outer loop
      vertex 27.8199 1.74301 1.2
      vertex 26.6401 -0.795162 1.2
      vertex 26.6716 -1.13412 1.2
    endloop
  endfacet
  facet normal 0 0 1
    outer loop
      vertex 27.8199 1.74301 1.2
      vertex 26.5875 -0.475262 1.2
      vertex 26.6401 -0.795162 1.2
    endloop
  endfacet
  facet normal 0 0 1
    outer loop
      vertex 27.8199 1.74301 1.2
      vertex 26.5139 -0.174435 1.2
      vertex 26.5875 -0.475262 1.2
    endloop
  endfacet
  facet normal 0 0 1
    outer loop
      vertex 27.8199 1.74301 1.2
      vertex 26.4193 0.107318 1.2
      vertex 26.5139 -0.174435 1.2
    endloop
  endfacet
  facet normal 0 0 1
    outer loop
      vertex 27.8199 1.74301 1.2
      vertex 26.3037 0.370013 1.2
      vertex 26.4193 0.107318 1.2
    endloop
  endfacet
  facet normal -0 0 1
    outer loop
      vertex 24.3551 1.82761 1.2
      vertex 27.8159 1.80356 1.2
      vertex 37.8 12 1.2
    endloop
  endfacet
  facet normal 0 0 1
    outer loop
      vertex 27.8199 1.74301 1.2
      vertex 26.1671 0.613635 1.2
      vertex 26.3037 0.370013 1.2
    endloop
  endfacet
  facet normal 0 0 1
    outer loop
      vertex 27.8199 1.74301 1.2
      vertex 26.0094 0.838199 1.2
      vertex 26.1671 0.613635 1.2
    endloop
  endfacet
  facet normal 0 0 1
    outer loop
      vertex 27.8199 1.74301 1.2
      vertex 25.8307 1.04369 1.2
      vertex 26.0094 0.838199 1.2
    endloop
  endfacet
  facet normal 0 0 1
    outer loop
      vertex 27.8159 1.80356 1.2
      vertex 25.6321 1.22878 1.2
      vertex 25.8307 1.04369 1.2
    endloop
  endfacet
  facet normal 0 0 1
    outer loop
      vertex 27.8159 1.80356 1.2
      vertex 25.4145 1.39211 1.2
      vertex 25.6321 1.22878 1.2
    endloop
  endfacet
  facet normal 0 0 1
    outer loop
      vertex 27.8159 1.80356 1.2
      vertex 25.1781 1.53365 1.2
      vertex 25.4145 1.39211 1.2
    endloop
  endfacet
  facet normal 0 0 1
    outer loop
      vertex 27.8159 1.80356 1.2
      vertex 24.9227 1.65341 1.2
      vertex 25.1781 1.53365 1.2
    endloop
  endfacet
  facet normal 0 0 1
    outer loop
      vertex 27.8159 1.80356 1.2
      vertex 24.6484 1.75139 1.2
      vertex 24.9227 1.65341 1.2
    endloop
  endfacet
  facet normal 0 0 1
    outer loop
      vertex 27.8159 1.80356 1.2
      vertex 24.3551 1.82761 1.2
      vertex 24.6484 1.75139 1.2
    endloop
  endfacet
  facet normal 0 0 1
    outer loop
      vertex 37.8 12 1.2
      vertex 24.043 1.88205 1.2
      vertex 24.3551 1.82761 1.2
    endloop
  endfacet
  facet normal 0 0 1
    outer loop
      vertex 37.8 12 1.2
      vertex 23.712 1.91472 1.2
      vertex 24.043 1.88205 1.2
    endloop
  endfacet
  facet normal 0 0 1
    outer loop
      vertex 37.8 12 1.2
      vertex 23.362 1.9256 1.2
      vertex 23.712 1.91472 1.2
    endloop
  endfacet
  facet normal 0 0 1
    outer loop
      vertex 37.8 12 1.2
      vertex 23.0194 1.91434 1.2
      vertex 23.362 1.9256 1.2
    endloop
  endfacet
  facet normal -0 0 1
    outer loop
      vertex 19.1344 1.92156 1.2
      vertex 23.0194 1.91434 1.2
      vertex 37.8 12 1.2
    endloop
  endfacet
  facet normal 0 0 1
    outer loop
      vertex 23.0194 1.91434 1.2
      vertex 19.1344 1.92156 1.2
      vertex 22.6942 1.88054 1.2
    endloop
  endfacet
  facet normal -0 -0 1
    outer loop
      vertex 19.1966 1.91364 1.2
      vertex 22.6942 1.88054 1.2
      vertex 19.1344 1.92156 1.2
    endloop
  endfacet
  facet normal 0 0 1
    outer loop
      vertex 22.6942 1.88054 1.2
      vertex 19.2556 1.90348 1.2
      vertex 22.3862 1.82422 1.2
    endloop
  endfacet
  facet normal -0 -0 1
    outer loop
      vertex 19.364 1.87635 1.2
      vertex 22.3862 1.82422 1.2
      vertex 19.3114 1.89104 1.2
    endloop
  endfacet
  facet normal -0 -0 1
    outer loop
      vertex 19.4135 1.85941 1.2
      vertex 22.0956 1.74536 1.2
      vertex 19.364 1.87635 1.2
    endloop
  endfacet
  facet normal 0 0 1
    outer loop
      vertex 20.1213 -0.50581 1.2
      vertex 19.3689 0.425159 1.2
      vertex 20.067 -0.817791 1.2
    endloop
  endfacet
  facet normal 0 0 1
    outer loop
      vertex 19.3689 0.425159 1.2
      vertex 20.1213 -0.50581 1.2
      vertex 19.4599 0.405948 1.2
    endloop
  endfacet
  facet normal 0 0 1
    outer loop
      vertex 20.1973 -0.210644 1.2
      vertex 19.4599 0.405948 1.2
      vertex 20.1213 -0.50581 1.2
    endloop
  endfacet
  facet normal 0 0 1
    outer loop
      vertex 20.2949 0.0677214 1.2
      vertex 19.4599 0.405948 1.2
      vertex 20.1973 -0.210644 1.2
    endloop
  endfacet
  facet normal 0 0 1
    outer loop
      vertex 20.4142 0.329288 1.2
      vertex 19.4599 0.405948 1.2
      vertex 20.2949 0.0677214 1.2
    endloop
  endfacet
  facet normal 0 0 1
    outer loop
      vertex 20.5553 0.574054 1.2
      vertex 19.4599 0.405948 1.2
      vertex 20.4142 0.329288 1.2
    endloop
  endfacet
  facet normal 0 0 1
    outer loop
      vertex 19.4599 0.405948 1.2
      vertex 20.5553 0.574054 1.2
      vertex 19.4599 1.8402 1.2
    endloop
  endfacet
  facet normal 0 0 1
    outer loop
      vertex 20.718 0.80202 1.2
      vertex 19.4599 1.8402 1.2
      vertex 20.5553 0.574054 1.2
    endloop
  endfacet
  facet normal 0 0 1
    outer loop
      vertex 20.9025 1.01319 1.2
      vertex 19.4599 1.8402 1.2
      vertex 20.718 0.80202 1.2
    endloop
  endfacet
  facet normal 0 0 1
    outer loop
      vertex 21.1065 1.20468 1.2
      vertex 19.4599 1.8402 1.2
      vertex 20.9025 1.01319 1.2
    endloop
  endfacet
  facet normal 0 0 1
    outer loop
      vertex 21.3277 1.37364 1.2
      vertex 19.4599 1.8402 1.2
      vertex 21.1065 1.20468 1.2
    endloop
  endfacet
  facet normal 0 0 1
    outer loop
      vertex 22.0956 1.74536 1.2
      vertex 19.4599 1.8402 1.2
      vertex 21.8223 1.64398 1.2
    endloop
  endfacet
  facet normal 0 0 1
    outer loop
      vertex 21.5664 1.52008 1.2
      vertex 19.4599 1.8402 1.2
      vertex 21.3277 1.37364 1.2
    endloop
  endfacet
  facet normal 0 0 1
    outer loop
      vertex 21.8223 1.64398 1.2
      vertex 19.4599 1.8402 1.2
      vertex 21.5664 1.52008 1.2
    endloop
  endfacet
  facet normal -0 -0 1
    outer loop
      vertex 19.4599 1.8402 1.2
      vertex 22.0956 1.74536 1.2
      vertex 19.4135 1.85941 1.2
    endloop
  endfacet
  facet normal 0 0 1
    outer loop
      vertex 22.3862 1.82422 1.2
      vertex 19.364 1.87635 1.2
      vertex 22.0956 1.74536 1.2
    endloop
  endfacet
  facet normal -0 -0 1
    outer loop
      vertex 19.3114 1.89104 1.2
      vertex 22.3862 1.82422 1.2
      vertex 19.2556 1.90348 1.2
    endloop
  endfacet
  facet normal -0 -0 1
    outer loop
      vertex 19.2556 1.90348 1.2
      vertex 22.6942 1.88054 1.2
      vertex 19.1966 1.91364 1.2
    endloop
  endfacet
  facet normal 0 0 1
    outer loop
      vertex 37.8 12 1.2
      vertex 19.0691 1.9272 1.2
      vertex 19.1344 1.92156 1.2
    endloop
  endfacet
  facet normal 0 0 1
    outer loop
      vertex 37.8 12 1.2
      vertex 19.0006 1.93059 1.2
      vertex 19.0691 1.9272 1.2
    endloop
  endfacet
  facet normal -0 0 1
    outer loop
      vertex 12.029 3.46117 1.2
      vertex 19.0006 1.93059 1.2
      vertex 37.8 12 1.2
    endloop
  endfacet
  facet normal 0 0 1
    outer loop
      vertex 19.0006 1.93059 1.2
      vertex 12.029 3.46117 1.2
      vertex 18.929 1.93172 1.2
    endloop
  endfacet
  facet normal -0 -0 1
    outer loop
      vertex 12.3783 3.3124 1.2
      vertex 18.929 1.93172 1.2
      vertex 12.029 3.46117 1.2
    endloop
  endfacet
  facet normal 0 0 1
    outer loop
      vertex 18.929 1.93172 1.2
      vertex 12.3783 3.3124 1.2
      vertex 18.8411 1.93003 1.2
    endloop
  endfacet
  facet normal 0 0 1
    outer loop
      vertex 18.8411 1.93003 1.2
      vertex 12.3783 3.3124 1.2
      vertex 18.7565 1.92494 1.2
    endloop
  endfacet
  facet normal -0 -0 1
    outer loop
      vertex 12.7034 3.13655 1.2
      vertex 18.7565 1.92494 1.2
      vertex 12.3783 3.3124 1.2
    endloop
  endfacet
  facet normal 0 0 1
    outer loop
      vertex 18.7565 1.92494 1.2
      vertex 12.7034 3.13655 1.2
      vertex 18.6753 1.91646 1.2
    endloop
  endfacet
  facet normal 0 -0 1
    outer loop
      vertex 17.2444 1.80356 1.2
      vertex 18.5974 1.90459 1.2
      vertex 12.7034 3.13655 1.2
    endloop
  endfacet
  facet normal 0 0 1
    outer loop
      vertex 18.5974 1.90459 1.2
      vertex 17.2444 1.80356 1.2
      vertex 18.5228 1.88933 1.2
    endloop
  endfacet
  facet normal 0 0 1
    outer loop
      vertex 18.5228 1.88933 1.2
      vertex 17.2444 1.80356 1.2
      vertex 18.4515 1.87068 1.2
    endloop
  endfacet
  facet normal -0 0 1
    outer loop
      vertex 17.3234 0.439044 1.2
      vertex 17.3482 0.39371 1.2
      vertex 17.4031 0.543246 1.2
    endloop
  endfacet
  facet normal -0 0 1
    outer loop
      vertex 17.3178 0.630649 1.2
      vertex 17.4031 0.543246 1.2
      vertex 17.4567 0.682605 1.2
    endloop
  endfacet
  facet normal -0 0 1
    outer loop
      vertex 17.3102 0.804706 1.2
      vertex 17.4567 0.682605 1.2
      vertex 17.5089 0.811786 1.2
    endloop
  endfacet
  facet normal -0 0 1
    outer loop
      vertex 17.3053 0.905643 1.2
      vertex 17.5089 0.811786 1.2
      vertex 17.5598 0.930804 1.2
    endloop
  endfacet
  facet normal 0 0 1
    outer loop
      vertex 17.3482 0.39371 1.2
      vertex 17.3234 0.439044 1.2
      vertex 17.3238 0.39371 1.2
    endloop
  endfacet
  facet normal -0 0 1
    outer loop
      vertex 17.2997 1.01584 1.2
      vertex 17.5598 0.930804 1.2
      vertex 17.6093 1.03965 1.2
    endloop
  endfacet
  facet normal 0 0 1
    outer loop
      vertex 17.4031 0.543246 1.2
      vertex 17.3223 0.49364 1.2
      vertex 17.3234 0.439044 1.2
    endloop
  endfacet
  facet normal -0 0 1
    outer loop
      vertex 17.2933 1.13532 1.2
      vertex 17.6093 1.03965 1.2
      vertex 17.6575 1.13831 1.2
    endloop
  endfacet
  facet normal 0 0 1
    outer loop
      vertex 17.4031 0.543246 1.2
      vertex 17.3204 0.557513 1.2
      vertex 17.3223 0.49364 1.2
    endloop
  endfacet
  facet normal 0 0 1
    outer loop
      vertex 17.2867 1.25388 1.2
      vertex 17.6575 1.13831 1.2
      vertex 17.7043 1.22681 1.2
    endloop
  endfacet
  facet normal 0 0 1
    outer loop
      vertex 17.4031 0.543246 1.2
      vertex 17.3178 0.630649 1.2
      vertex 17.3204 0.557513 1.2
    endloop
  endfacet
  facet normal 0 0 1
    outer loop
      vertex 17.2803 1.36136 1.2
      vertex 17.7043 1.22681 1.2
      vertex 17.7497 1.30513 1.2
    endloop
  endfacet
  facet normal 0 0 1
    outer loop
      vertex 17.4567 0.682605 1.2
      vertex 17.3144 0.713046 1.2
      vertex 17.3178 0.630649 1.2
    endloop
  endfacet
  facet normal 0 0 1
    outer loop
      vertex 17.2743 1.45777 1.2
      vertex 17.7497 1.30513 1.2
      vertex 17.7938 1.37328 1.2
    endloop
  endfacet
  facet normal 0 0 1
    outer loop
      vertex 17.2686 1.54309 1.2
      vertex 17.7938 1.37328 1.2
      vertex 17.8381 1.43454 1.2
    endloop
  endfacet
  facet normal 0 0 1
    outer loop
      vertex 17.4567 0.682605 1.2
      vertex 17.3102 0.804706 1.2
      vertex 17.3144 0.713046 1.2
    endloop
  endfacet
  facet normal 0 0 1
    outer loop
      vertex 17.2631 1.61734 1.2
      vertex 17.8381 1.43454 1.2
      vertex 17.8842 1.49219 1.2
    endloop
  endfacet
  facet normal 0 0 1
    outer loop
      vertex 17.5089 0.811786 1.2
      vertex 17.3053 0.905643 1.2
      vertex 17.3102 0.804706 1.2
    endloop
  endfacet
  facet normal 0 0 1
    outer loop
      vertex 17.2532 1.73261 1.2
      vertex 17.8842 1.49219 1.2
      vertex 17.9321 1.54622 1.2
    endloop
  endfacet
  facet normal 0 0 1
    outer loop
      vertex 17.5598 0.930804 1.2
      vertex 17.2997 1.01584 1.2
      vertex 17.3053 0.905643 1.2
    endloop
  endfacet
  facet normal 0 0 1
    outer loop
      vertex 17.2444 1.80356 1.2
      vertex 17.9321 1.54622 1.2
      vertex 17.9818 1.59664 1.2
    endloop
  endfacet
  facet normal 0 0 1
    outer loop
      vertex 17.2444 1.80356 1.2
      vertex 17.9818 1.59664 1.2
      vertex 18.0334 1.64342 1.2
    endloop
  endfacet
  facet normal 0 0 1
    outer loop
      vertex 17.6093 1.03965 1.2
      vertex 17.2933 1.13532 1.2
      vertex 17.2997 1.01584 1.2
    endloop
  endfacet
  facet normal 0 0 1
    outer loop
      vertex 17.2444 1.80356 1.2
      vertex 18.0334 1.64342 1.2
      vertex 18.0867 1.68659 1.2
    endloop
  endfacet
  facet normal 0 0 1
    outer loop
      vertex 17.2444 1.80356 1.2
      vertex 18.0867 1.68659 1.2
      vertex 18.1418 1.72614 1.2
    endloop
  endfacet
  facet normal 0 0 1
    outer loop
      vertex 17.6575 1.13831 1.2
      vertex 17.2867 1.25388 1.2
      vertex 17.2933 1.13532 1.2
    endloop
  endfacet
  facet normal 0 0 1
    outer loop
      vertex 17.2444 1.80356 1.2
      vertex 18.1418 1.72614 1.2
      vertex 18.1988 1.76207 1.2
    endloop
  endfacet
  facet normal 0 0 1
    outer loop
      vertex 17.7043 1.22681 1.2
      vertex 17.2803 1.36136 1.2
      vertex 17.2867 1.25388 1.2
    endloop
  endfacet
  facet normal 0 0 1
    outer loop
      vertex 17.2444 1.80356 1.2
      vertex 18.1988 1.76207 1.2
      vertex 18.2576 1.79438 1.2
    endloop
  endfacet
  facet normal 0 0 1
    outer loop
      vertex 18.4515 1.87068 1.2
      vertex 17.2444 1.80356 1.2
      vertex 18.3835 1.84864 1.2
    endloop
  endfacet
  facet normal 0 0 1
    outer loop
      vertex 17.7497 1.30513 1.2
      vertex 17.2743 1.45777 1.2
      vertex 17.2803 1.36136 1.2
    endloop
  endfacet
  facet normal 0 0 1
    outer loop
      vertex 17.7938 1.37328 1.2
      vertex 17.2686 1.54309 1.2
      vertex 17.2743 1.45777 1.2
    endloop
  endfacet
  facet normal 0 0 1
    outer loop
      vertex 17.8381 1.43454 1.2
      vertex 17.2631 1.61734 1.2
      vertex 17.2686 1.54309 1.2
    endloop
  endfacet
  facet normal 0 0 1
    outer loop
      vertex 17.8842 1.49219 1.2
      vertex 17.258 1.68051 1.2
      vertex 17.2631 1.61734 1.2
    endloop
  endfacet
  facet normal 0 0 1
    outer loop
      vertex 17.8842 1.49219 1.2
      vertex 17.2532 1.73261 1.2
      vertex 17.258 1.68051 1.2
    endloop
  endfacet
  facet normal 0 0 1
    outer loop
      vertex 17.9321 1.54622 1.2
      vertex 17.2487 1.77362 1.2
      vertex 17.2532 1.73261 1.2
    endloop
  endfacet
  facet normal 0 0 1
    outer loop
      vertex 17.9321 1.54622 1.2
      vertex 17.2444 1.80356 1.2
      vertex 17.2487 1.77362 1.2
    endloop
  endfacet
  facet normal 0 0 1
    outer loop
      vertex 18.3835 1.84864 1.2
      vertex 17.2444 1.80356 1.2
      vertex 18.3189 1.8232 1.2
    endloop
  endfacet
  facet normal 0 0 1
    outer loop
      vertex 15.6576 0.253406 1.2
      vertex 14.4564 0.00635052 1.2
      vertex 14.4711 -0.43626 1.2
    endloop
  endfacet
  facet normal 0 0 1
    outer loop
      vertex 15.6129 1.74016 1.2
      vertex 14.4123 0.42554 1.2
      vertex 14.4564 0.00635052 1.2
    endloop
  endfacet
  facet normal 0 0 1
    outer loop
      vertex 15.6129 1.74016 1.2
      vertex 14.3388 0.821307 1.2
      vertex 14.4123 0.42554 1.2
    endloop
  endfacet
  facet normal 0 0 1
    outer loop
      vertex 15.6129 1.74016 1.2
      vertex 14.236 1.19362 1.2
      vertex 14.3388 0.821307 1.2
    endloop
  endfacet
  facet normal -0 -0 1
    outer loop
      vertex 13.0043 2.93367 1.2
      vertex 17.2444 1.80356 1.2
      vertex 12.7034 3.13655 1.2
    endloop
  endfacet
  facet normal 0 0 1
    outer loop
      vertex 15.6129 1.74016 1.2
      vertex 14.1037 1.54251 1.2
      vertex 14.236 1.19362 1.2
    endloop
  endfacet
  facet normal 0 0 1
    outer loop
      vertex 15.6089 1.80356 1.2
      vertex 13.9421 1.86797 1.2
      vertex 14.1037 1.54251 1.2
    endloop
  endfacet
  facet normal 0 0 1
    outer loop
      vertex 15.6089 1.80356 1.2
      vertex 13.7511 2.17 1.2
      vertex 13.9421 1.86797 1.2
    endloop
  endfacet
  facet normal 0 0 1
    outer loop
      vertex 15.6089 1.80356 1.2
      vertex 13.5307 2.44858 1.2
      vertex 13.7511 2.17 1.2
    endloop
  endfacet
  facet normal 0 0 1
    outer loop
      vertex 15.6089 1.80356 1.2
      vertex 13.2809 2.70374 1.2
      vertex 13.5307 2.44858 1.2
    endloop
  endfacet
  facet normal 0 0 1
    outer loop
      vertex 15.6089 1.80356 1.2
      vertex 13.0043 2.93367 1.2
      vertex 13.2809 2.70374 1.2
    endloop
  endfacet
  facet normal 0 0 1
    outer loop
      vertex 17.2444 1.80356 1.2
      vertex 13.0043 2.93367 1.2
      vertex 15.6089 1.80356 1.2
    endloop
  endfacet
  facet normal 0 0 1
    outer loop
      vertex 18.3189 1.8232 1.2
      vertex 17.2444 1.80356 1.2
      vertex 18.2576 1.79438 1.2
    endloop
  endfacet
  facet normal 0 0 1
    outer loop
      vertex 18.6753 1.91646 1.2
      vertex 12.7034 3.13655 1.2
      vertex 18.5974 1.90459 1.2
    endloop
  endfacet
  facet normal 0 0 1
    outer loop
      vertex 37.8 12 1.2
      vertex 11.6553 3.5829 1.2
      vertex 12.029 3.46117 1.2
    endloop
  endfacet
  facet normal 0 0 1
    outer loop
      vertex 37.8 12 1.2
      vertex 11.2574 3.67758 1.2
      vertex 11.6553 3.5829 1.2
    endloop
  endfacet
  facet normal 0 0 1
    outer loop
      vertex 37.8 12 1.2
      vertex 10.8353 3.74521 1.2
      vertex 11.2574 3.67758 1.2
    endloop
  endfacet
  facet normal 0 0 1
    outer loop
      vertex 37.8 12 1.2
      vertex 10.3888 3.78578 1.2
      vertex 10.8353 3.74521 1.2
    endloop
  endfacet
  facet normal 0 0 1
    outer loop
      vertex 37.8 12 1.2
      vertex 9.91814 3.79932 1.2
      vertex 10.3888 3.78578 1.2
    endloop
  endfacet
  facet normal 0 0 1
    outer loop
      vertex 37.8 12 1.2
      vertex 6.80548 3.79932 1.2
      vertex 9.91814 3.79932 1.2
    endloop
  endfacet
  facet normal -0 0 1
    outer loop
      vertex 5.69547 -1.38563 1.2
      vertex 6.80548 -4.8 1.2
      vertex 6.80548 3.79932 1.2
    endloop
  endfacet
  facet normal 0 0 1
    outer loop
      vertex 6.80548 -4.8 1.2
      vertex 5.69547 -1.38563 1.2
      vertex 5.70473 -1.77897 1.2
    endloop
  endfacet
  facet normal 0 0 1
    outer loop
      vertex 6.80548 3.79932 1.2
      vertex 5.66766 -1.01391 1.2
      vertex 5.69547 -1.38563 1.2
    endloop
  endfacet
  facet normal 0 0 1
    outer loop
      vertex 6.80548 3.79932 1.2
      vertex 5.62132 -0.663799 1.2
      vertex 5.66766 -1.01391 1.2
    endloop
  endfacet
  facet normal 0 0 1
    outer loop
      vertex 6.80548 3.79932 1.2
      vertex 5.55644 -0.335339 1.2
      vertex 5.62132 -0.663799 1.2
    endloop
  endfacet
  facet normal 0 0 1
    outer loop
      vertex 6.80548 3.79932 1.2
      vertex 5.47304 -0.0284843 1.2
      vertex 5.55644 -0.335339 1.2
    endloop
  endfacet
  facet normal 0 0 1
    outer loop
      vertex 6.80548 3.79932 1.2
      vertex 5.37109 0.256747 1.2
      vertex 5.47304 -0.0284843 1.2
    endloop
  endfacet
  facet normal 0 0 1
    outer loop
      vertex 6.80548 3.79932 1.2
      vertex 5.25061 0.520343 1.2
      vertex 5.37109 0.256747 1.2
    endloop
  endfacet
  facet normal 0 0 1
    outer loop
      vertex 6.80548 3.79932 1.2
      vertex 5.11159 0.762317 1.2
      vertex 5.25061 0.520343 1.2
    endloop
  endfacet
  facet normal 0 0 1
    outer loop
      vertex 6.80548 3.79932 1.2
      vertex 4.95404 0.982669 1.2
      vertex 5.11159 0.762317 1.2
    endloop
  endfacet
  facet normal 0 0 1
    outer loop
      vertex 6.80548 3.79932 1.2
      vertex 4.77893 1.18058 1.2
      vertex 4.95404 0.982669 1.2
    endloop
  endfacet
  facet normal 0 0 1
    outer loop
      vertex 6.80548 3.79932 1.2
      vertex 4.58725 1.35518 1.2
      vertex 4.77893 1.18058 1.2
    endloop
  endfacet
  facet normal 0 0 1
    outer loop
      vertex 6.80548 3.79932 1.2
      vertex 4.37898 1.50652 1.2
      vertex 4.58725 1.35518 1.2
    endloop
  endfacet
  facet normal 0 0 1
    outer loop
      vertex 6.80548 3.79932 1.2
      vertex 4.15414 1.63457 1.2
      vertex 4.37898 1.50652 1.2
    endloop
  endfacet
  facet normal 0 0 1
    outer loop
      vertex 6.80548 3.79932 1.2
      vertex 3.91272 1.73934 1.2
      vertex 4.15414 1.63457 1.2
    endloop
  endfacet
  facet normal 0 0 1
    outer loop
      vertex 6.80548 3.79932 1.2
      vertex 3.65472 1.82083 1.2
      vertex 3.91272 1.73934 1.2
    endloop
  endfacet
  facet normal 0 0 1
    outer loop
      vertex 6.80548 3.79932 1.2
      vertex 3.38014 1.87903 1.2
      vertex 3.65472 1.82083 1.2
    endloop
  endfacet
  facet normal 0 0 1
    outer loop
      vertex 6.80548 3.79932 1.2
      vertex 3.08899 1.91396 1.2
      vertex 3.38014 1.87903 1.2
    endloop
  endfacet
  facet normal 0 0 1
    outer loop
      vertex 6.80548 3.79932 1.2
      vertex 2.78127 1.9256 1.2
      vertex 3.08899 1.91396 1.2
    endloop
  endfacet
  facet normal 0 0 1
    outer loop
      vertex 6.80548 3.79932 1.2
      vertex 2.45871 1.91475 1.2
      vertex 2.78127 1.9256 1.2
    endloop
  endfacet
  facet normal 0 0 1
    outer loop
      vertex 6.80548 3.79932 1.2
      vertex 2.15288 1.88221 1.2
      vertex 2.45871 1.91475 1.2
    endloop
  endfacet
  facet normal 0 0 1
    outer loop
      vertex 6.80548 3.79932 1.2
      vertex 1.86377 1.82794 1.2
      vertex 2.15288 1.88221 1.2
    endloop
  endfacet
  facet normal -0 0 1
    outer loop
      vertex -3.22644 1.86051 1.2
      vertex 1.86377 1.82794 1.2
      vertex 6.80548 3.79932 1.2
    endloop
  endfacet
  facet normal 0 -0 1
    outer loop
      vertex -3.00221 1.80986 1.2
      vertex 1.86377 1.82794 1.2
      vertex -3.22644 1.86051 1.2
    endloop
  endfacet
  facet normal 0 0 1
    outer loop
      vertex -1.07205 -0.277599 1.2
      vertex -0.331299 -1.46766 1.2
      vertex -0.321274 -1.11355 1.2
    endloop
  endfacet
  facet normal 0 0 1
    outer loop
      vertex -1.07205 -0.277599 1.2
      vertex -0.321274 -1.11355 1.2
      vertex -0.291214 -0.778118 1.2
    endloop
  endfacet
  facet normal 0 0 1
    outer loop
      vertex -1.07205 -0.277599 1.2
      vertex -0.291214 -0.778118 1.2
      vertex -0.241104 -0.461361 1.2
    endloop
  endfacet
  facet normal -0 0 1
    outer loop
      vertex -1.07205 -0.277599 1.2
      vertex -0.241104 -0.461361 1.2
      vertex -0.170959 -0.163296 1.2
    endloop
  endfacet
  facet normal -0 0 1
    outer loop
      vertex -1.12247 -0.0538902 1.2
      vertex -0.170959 -0.163296 1.2
      vertex -0.0807648 0.116076 1.2
    endloop
  endfacet
  facet normal 0 0 1
    outer loop
      vertex -0.331299 -1.46766 1.2
      vertex -1.07205 -0.277599 1.2
      vertex -1.02318 -2.60284 1.2
    endloop
  endfacet
  facet normal -0 0 1
    outer loop
      vertex -1.18689 0.158801 1.2
      vertex -0.0807648 0.116076 1.2
      vertex 0.0294647 0.376773 1.2
    endloop
  endfacet
  facet normal -0 0 1
    outer loop
      vertex -1.35777 0.551196 1.2
      vertex 0.0294647 0.376773 1.2
      vertex 0.159729 0.618777 1.2
    endloop
  endfacet
  facet normal -0 0 1
    outer loop
      vertex -1.46425 0.730899 1.2
      vertex 0.159729 0.618777 1.2
      vertex 0.310059 0.842105 1.2
    endloop
  endfacet
  facet normal -0 0 1
    outer loop
      vertex -1.58473 0.8996 1.2
      vertex 0.310059 0.842105 1.2
      vertex 0.480408 1.04676 1.2
    endloop
  endfacet
  facet normal -0 0 1
    outer loop
      vertex -1.86775 1.204 1.2
      vertex 0.480408 1.04676 1.2
      vertex 0.669159 1.2312 1.2
    endloop
  endfacet
  facet normal 0 0 1
    outer loop
      vertex -0.170959 -0.163296 1.2
      vertex -1.12247 -0.0538902 1.2
      vertex -1.07205 -0.277599 1.2
    endloop
  endfacet
  facet normal -0 0 1
    outer loop
      vertex -2.03029 1.33971 1.2
      vertex 0.669159 1.2312 1.2
      vertex 0.874619 1.39395 1.2
    endloop
  endfacet
  facet normal 0 0 1
    outer loop
      vertex -0.0807648 0.116076 1.2
      vertex -1.18689 0.158801 1.2
      vertex -1.12247 -0.0538902 1.2
    endloop
  endfacet
  facet normal -0 0 1
    outer loop
      vertex -2.20477 1.46266 1.2
      vertex 0.874619 1.39395 1.2
      vertex 1.09682 1.53501 1.2
    endloop
  endfacet
  facet normal 0 0 1
    outer loop
      vertex 0.0294647 0.376773 1.2
      vertex -1.26532 0.360507 1.2
      vertex -1.18689 0.158801 1.2
    endloop
  endfacet
  facet normal -0 0 1
    outer loop
      vertex -2.38922 1.57117 1.2
      vertex 1.09682 1.53501 1.2
      vertex 1.33574 1.65435 1.2
    endloop
  endfacet
  facet normal 0 0 1
    outer loop
      vertex 0.0294647 0.376773 1.2
      vertex -1.35777 0.551196 1.2
      vertex -1.26532 0.360507 1.2
    endloop
  endfacet
  facet normal 0 0 1
    outer loop
      vertex 0.159729 0.618777 1.2
      vertex -1.46425 0.730899 1.2
      vertex -1.35777 0.551196 1.2
    endloop
  endfacet
  facet normal 0 -0 1
    outer loop
      vertex -2.78793 1.74477 1.2
      vertex 1.5914 1.752 1.2
      vertex -3.00221 1.80986 1.2
    endloop
  endfacet
  facet normal 0 0 1
    outer loop
      vertex 0.310059 0.842105 1.2
      vertex -1.58473 0.8996 1.2
      vertex -1.46425 0.730899 1.2
    endloop
  endfacet
  facet normal 0 0 1
    outer loop
      vertex 0.480408 1.04676 1.2
      vertex -1.71924 1.0573 1.2
      vertex -1.58473 0.8996 1.2
    endloop
  endfacet
  facet normal 0 0 1
    outer loop
      vertex 0.480408 1.04676 1.2
      vertex -1.86775 1.204 1.2
      vertex -1.71924 1.0573 1.2
    endloop
  endfacet
  facet normal 0 0 1
    outer loop
      vertex 0.669159 1.2312 1.2
      vertex -2.03029 1.33971 1.2
      vertex -1.86775 1.204 1.2
    endloop
  endfacet
  facet normal 0 0 1
    outer loop
      vertex 0.874619 1.39395 1.2
      vertex -2.20477 1.46266 1.2
      vertex -2.03029 1.33971 1.2
    endloop
  endfacet
  facet normal -0 0 1
    outer loop
      vertex -18.7419 9.88901 1.2
      vertex 6.80548 3.79932 1.2
      vertex 37.8 12 1.2
    endloop
  endfacet
  facet normal 0 0 1
    outer loop
      vertex 1.09682 1.53501 1.2
      vertex -2.38922 1.57117 1.2
      vertex -2.20477 1.46266 1.2
    endloop
  endfacet
  facet normal 0 0 1
    outer loop
      vertex 1.33574 1.65435 1.2
      vertex -2.5836 1.66521 1.2
      vertex -2.38922 1.57117 1.2
    endloop
  endfacet
  facet normal 0 0 1
    outer loop
      vertex 1.33574 1.65435 1.2
      vertex -2.78793 1.74477 1.2
      vertex -2.5836 1.66521 1.2
    endloop
  endfacet
  facet normal 0 0 1
    outer loop
      vertex 1.5914 1.752 1.2
      vertex -2.78793 1.74477 1.2
      vertex 1.33574 1.65435 1.2
    endloop
  endfacet
  facet normal 0 -0 1
    outer loop
      vertex -3.22644 1.86051 1.2
      vertex 6.80548 3.79932 1.2
      vertex -8.36346 3.79932 1.2
    endloop
  endfacet
  facet normal 0 0 1
    outer loop
      vertex 1.86377 1.82794 1.2
      vertex -3.00221 1.80986 1.2
      vertex 1.5914 1.752 1.2
    endloop
  endfacet
  facet normal 0 0 1
    outer loop
      vertex -3.22644 1.86051 1.2
      vertex -8.36346 3.79932 1.2
      vertex -3.46062 1.89667 1.2
    endloop
  endfacet
  facet normal 0 0 1
    outer loop
      vertex -3.46062 1.89667 1.2
      vertex -8.36346 3.79932 1.2
      vertex -3.70474 1.91837 1.2
    endloop
  endfacet
  facet normal 0 0 1
    outer loop
      vertex -3.70474 1.91837 1.2
      vertex -8.36346 3.79932 1.2
      vertex -3.9588 1.9256 1.2
    endloop
  endfacet
  facet normal 0 0 1
    outer loop
      vertex -3.9588 1.9256 1.2
      vertex -8.36346 3.79932 1.2
      vertex -4.28665 1.91434 1.2
    endloop
  endfacet
  facet normal 0 0 1
    outer loop
      vertex -4.28665 1.91434 1.2
      vertex -8.36346 3.79932 1.2
      vertex -4.59747 1.88054 1.2
    endloop
  endfacet
  facet normal 0 0 1
    outer loop
      vertex -8.36346 -4.8 1.2
      vertex -7.11006 -1.18028 1.2
      vertex -8.36346 3.79932 1.2
    endloop
  endfacet
  facet normal 0 0 1
    outer loop
      vertex -7.07954 -0.843594 1.2
      vertex -8.36346 3.79932 1.2
      vertex -7.11006 -1.18028 1.2
    endloop
  endfacet
  facet normal 0 0 1
    outer loop
      vertex -7.0287 -0.524776 1.2
      vertex -8.36346 3.79932 1.2
      vertex -7.07954 -0.843594 1.2
    endloop
  endfacet
  facet normal 0 0 1
    outer loop
      vertex -6.95749 -0.223812 1.2
      vertex -8.36346 3.79932 1.2
      vertex -7.0287 -0.524776 1.2
    endloop
  endfacet
  facet normal 0 0 1
    outer loop
      vertex -6.86595 0.0592985 1.2
      vertex -8.36346 3.79932 1.2
      vertex -6.95749 -0.223812 1.2
    endloop
  endfacet
  facet normal 0 0 1
    outer loop
      vertex -6.75407 0.324557 1.2
      vertex -8.36346 3.79932 1.2
      vertex -6.86595 0.0592985 1.2
    endloop
  endfacet
  facet normal 0 0 1
    outer loop
      vertex -6.62186 0.571948 1.2
      vertex -8.36346 3.79932 1.2
      vertex -6.75407 0.324557 1.2
    endloop
  endfacet
  facet normal 0 0 1
    outer loop
      vertex -6.46928 0.801501 1.2
      vertex -8.36346 3.79932 1.2
      vertex -6.62186 0.571948 1.2
    endloop
  endfacet
  facet normal 0 0 1
    outer loop
      vertex -6.29637 1.01319 1.2
      vertex -8.36346 3.79932 1.2
      vertex -6.46928 0.801501 1.2
    endloop
  endfacet
  facet normal 0 0 1
    outer loop
      vertex -6.10477 1.20468 1.2
      vertex -8.36346 3.79932 1.2
      vertex -6.29637 1.01319 1.2
    endloop
  endfacet
  facet normal 0 0 1
    outer loop
      vertex -5.89612 1.37364 1.2
      vertex -8.36346 3.79932 1.2
      vertex -6.10477 1.20468 1.2
    endloop
  endfacet
  facet normal 0 0 1
    outer loop
      vertex -5.67044 1.52008 1.2
      vertex -8.36346 3.79932 1.2
      vertex -5.89612 1.37364 1.2
    endloop
  endfacet
  facet normal 0 0 1
    outer loop
      vertex -5.42775 1.64398 1.2
      vertex -8.36346 3.79932 1.2
      vertex -5.67044 1.52008 1.2
    endloop
  endfacet
  facet normal 0 0 1
    outer loop
      vertex -5.16801 1.74536 1.2
      vertex -8.36346 3.79932 1.2
      vertex -5.42775 1.64398 1.2
    endloop
  endfacet
  facet normal 0 0 1
    outer loop
      vertex -4.89125 1.82422 1.2
      vertex -8.36346 3.79932 1.2
      vertex -5.16801 1.74536 1.2
    endloop
  endfacet
  facet normal 0 0 1
    outer loop
      vertex -4.59747 1.88054 1.2
      vertex -8.36346 3.79932 1.2
      vertex -4.89125 1.82422 1.2
    endloop
  endfacet
  facet normal 0 0 1
    outer loop
      vertex 6.80548 3.79932 1.2
      vertex -18.7419 9.88901 1.2
      vertex -8.36346 3.79932 1.2
    endloop
  endfacet
  facet normal 0 0 1
    outer loop
      vertex -10.1639 3.79932 1.2
      vertex -12.8068 -0.390869 1.2
      vertex -10.1639 -4.8 1.2
    endloop
  endfacet
  facet normal 0 0 1
    outer loop
      vertex -10.1639 3.79932 1.2
      vertex -18.7032 -0.184967 1.2
      vertex -12.8068 -0.390869 1.2
    endloop
  endfacet
  facet normal 0 0 1
    outer loop
      vertex -10.1639 3.79932 1.2
      vertex -21.5118 4.67961 1.2
      vertex -18.7032 -0.184967 1.2
    endloop
  endfacet
  facet normal -0 0 1
    outer loop
      vertex -21.5118 4.67961 1.2
      vertex -10.1639 3.79932 1.2
      vertex -18.7419 9.88901 1.2
    endloop
  endfacet
  facet normal 0 0 1
    outer loop
      vertex -8.36346 3.79932 1.2
      vertex -18.7419 9.88901 1.2
      vertex -10.1639 3.79932 1.2
    endloop
  endfacet
  facet normal 0 0 1
    outer loop
      vertex 37.8 12 1.2
      vertex -19.3554 10.1916 1.2
      vertex -18.7419 9.88901 1.2
    endloop
  endfacet
  facet normal 0 0 1
    outer loop
      vertex 37.8 12 1.2
      vertex -19.9863 10.4561 1.2
      vertex -19.3554 10.1916 1.2
    endloop
  endfacet
  facet normal 0 0 1
    outer loop
      vertex 37.8 12 1.2
      vertex -20.6321 10.6816 1.2
      vertex -19.9863 10.4561 1.2
    endloop
  endfacet
  facet normal 0 0 1
    outer loop
      vertex 37.8 12 1.2
      vertex -21.2905 10.8673 1.2
      vertex -20.6321 10.6816 1.2
    endloop
  endfacet
  facet normal 0 0 1
    outer loop
      vertex 37.8 12 1.2
      vertex -21.959 11.0125 1.2
      vertex -21.2905 10.8673 1.2
    endloop
  endfacet
  facet normal 0 0 1
    outer loop
      vertex 37.8 12 1.2
      vertex -22.6351 11.1165 1.2
      vertex -21.959 11.0125 1.2
    endloop
  endfacet
  facet normal 0 0 1
    outer loop
      vertex 37.8 12 1.2
      vertex -23.3163 11.1791 1.2
      vertex -22.6351 11.1165 1.2
    endloop
  endfacet
  facet normal -0 0 1
    outer loop
      vertex -37.8 12 1.2
      vertex -23.3163 11.1791 1.2
      vertex 37.8 12 1.2
    endloop
  endfacet
  facet normal 0 0 1
    outer loop
      vertex -26.687 -0.264633 1.2
      vertex -29.2756 -0.50798 1.2
      vertex -29.2347 -0.829102 1.2
    endloop
  endfacet
  facet normal 0 0 1
    outer loop
      vertex -29.2581 9.88901 1.2
      vertex -35.1932 -0.390869 1.2
      vertex -29.2968 -0.184967 1.2
    endloop
  endfacet
  facet normal -0 0 1
    outer loop
      vertex -39 10.8 1.2
      vertex -29.2581 9.88901 1.2
      vertex -37.8 12 1.2
    endloop
  endfacet
  facet normal 0 0 1
    outer loop
      vertex -28.6446 10.1916 1.2
      vertex -37.8 12 1.2
      vertex -29.2581 9.88901 1.2
    endloop
  endfacet
  facet normal 0 0 1
    outer loop
      vertex -28.0137 10.4561 1.2
      vertex -37.8 12 1.2
      vertex -28.6446 10.1916 1.2
    endloop
  endfacet
  facet normal 0 0 1
    outer loop
      vertex -27.3679 10.6816 1.2
      vertex -37.8 12 1.2
      vertex -28.0137 10.4561 1.2
    endloop
  endfacet
  facet normal 0 0 1
    outer loop
      vertex -26.7095 10.8673 1.2
      vertex -37.8 12 1.2
      vertex -27.3679 10.6816 1.2
    endloop
  endfacet
  facet normal 0 0 1
    outer loop
      vertex -26.041 11.0125 1.2
      vertex -37.8 12 1.2
      vertex -26.7095 10.8673 1.2
    endloop
  endfacet
  facet normal 0 0 1
    outer loop
      vertex -25.3649 11.1165 1.2
      vertex -37.8 12 1.2
      vertex -26.041 11.0125 1.2
    endloop
  endfacet
  facet normal 0 0 1
    outer loop
      vertex -24.6837 11.1791 1.2
      vertex -37.8 12 1.2
      vertex -25.3649 11.1165 1.2
    endloop
  endfacet
  facet normal 0 0 1
    outer loop
      vertex -24 11.2 1.2
      vertex -37.8 12 1.2
      vertex -24.6837 11.1791 1.2
    endloop
  endfacet
  facet normal 0 0 1
    outer loop
      vertex -23.3163 11.1791 1.2
      vertex -37.8 12 1.2
      vertex -24 11.2 1.2
    endloop
  endfacet
  facet normal -0 0 1
    outer loop
      vertex 38.9083 -4.83342 1.2
      vertex 39 -10.8 1.2
      vertex 39 -4.80726 1.2
    endloop
  endfacet
  facet normal -0 0 1
    outer loop
      vertex 38.4845 -4.89988 1.2
      vertex 39 -10.8 1.2
      vertex 38.9083 -4.83342 1.2
    endloop
  endfacet
  facet normal -0 0 1
    outer loop
      vertex 38.0249 -4.92204 1.2
      vertex 39 -10.8 1.2
      vertex 38.4845 -4.89988 1.2
    endloop
  endfacet
  facet normal 0 0 1
    outer loop
      vertex 37.7025 -4.91114 1.2
      vertex 39 -10.8 1.2
      vertex 38.0249 -4.92204 1.2
    endloop
  endfacet
  facet normal 0 0 1
    outer loop
      vertex 37.3971 -4.87848 1.2
      vertex 39 -10.8 1.2
      vertex 37.7025 -4.91114 1.2
    endloop
  endfacet
  facet normal 0 0 1
    outer loop
      vertex 37.1088 -4.82405 1.2
      vertex 39 -10.8 1.2
      vertex 37.3971 -4.87848 1.2
    endloop
  endfacet
  facet normal 0 0 1
    outer loop
      vertex 36.8374 -4.74784 1.2
      vertex 39 -10.8 1.2
      vertex 37.1088 -4.82405 1.2
    endloop
  endfacet
  facet normal 0 -0 1
    outer loop
      vertex 37.8 -12 1.2
      vertex 39 -10.8 1.2
      vertex 36.8374 -4.74784 1.2
    endloop
  endfacet
  facet normal 0 0 1
    outer loop
      vertex 38.9942 -10.9176 1.2
      vertex 37.8 -12 1.2
      vertex 38.9769 -11.0341 1.2
    endloop
  endfacet
  facet normal 0 0 1
    outer loop
      vertex 38.9769 -11.0341 1.2
      vertex 37.8 -12 1.2
      vertex 38.9483 -11.1483 1.2
    endloop
  endfacet
  facet normal 0 0 1
    outer loop
      vertex 38.9483 -11.1483 1.2
      vertex 37.8 -12 1.2
      vertex 38.9086 -11.2592 1.2
    endloop
  endfacet
  facet normal 0 0 1
    outer loop
      vertex 38.8583 -11.3657 1.2
      vertex 37.8 -12 1.2
      vertex 38.7977 -11.4667 1.2
    endloop
  endfacet
  facet normal 0 0 1
    outer loop
      vertex 38.7977 -11.4667 1.2
      vertex 37.8 -12 1.2
      vertex 38.7276 -11.5613 1.2
    endloop
  endfacet
  facet normal 0 0 1
    outer loop
      vertex 38.7276 -11.5613 1.2
      vertex 37.8 -12 1.2
      vertex 38.6485 -11.6485 1.2
    endloop
  endfacet
  facet normal 0 0 1
    outer loop
      vertex 38.6485 -11.6485 1.2
      vertex 37.8 -12 1.2
      vertex 38.5613 -11.7276 1.2
    endloop
  endfacet
  facet normal 0 0 1
    outer loop
      vertex 38.4667 -11.7977 1.2
      vertex 37.8 -12 1.2
      vertex 38.3657 -11.8583 1.2
    endloop
  endfacet
  facet normal 0 0 1
    outer loop
      vertex 38.3657 -11.8583 1.2
      vertex 37.8 -12 1.2
      vertex 38.2592 -11.9086 1.2
    endloop
  endfacet
  facet normal 0 0 1
    outer loop
      vertex 38.2592 -11.9086 1.2
      vertex 37.8 -12 1.2
      vertex 38.1483 -11.9483 1.2
    endloop
  endfacet
  facet normal 0 0 1
    outer loop
      vertex 38.1483 -11.9483 1.2
      vertex 37.8 -12 1.2
      vertex 38.0341 -11.9769 1.2
    endloop
  endfacet
  facet normal 0 0 1
    outer loop
      vertex 38.0341 -11.9769 1.2
      vertex 37.8 -12 1.2
      vertex 37.9176 -11.9942 1.2
    endloop
  endfacet
  facet normal 0 0 1
    outer loop
      vertex 38.5613 -11.7276 1.2
      vertex 37.8 -12 1.2
      vertex 38.4667 -11.7977 1.2
    endloop
  endfacet
  facet normal 0 0 1
    outer loop
      vertex 38.9086 -11.2592 1.2
      vertex 37.8 -12 1.2
      vertex 38.8583 -11.3657 1.2
    endloop
  endfacet
  facet normal 0 0 1
    outer loop
      vertex 39 -10.8 1.2
      vertex 37.8 -12 1.2
      vertex 38.9942 -10.9176 1.2
    endloop
  endfacet
  facet normal 0 0 1
    outer loop
      vertex 33.8518 -4.8 1.2
      vertex 36.8374 -4.74784 1.2
      vertex 36.5831 -4.64985 1.2
    endloop
  endfacet
  facet normal 0 0 1
    outer loop
      vertex 33.8518 -4.8 1.2
      vertex 36.5831 -4.64985 1.2
      vertex 36.3459 -4.53009 1.2
    endloop
  endfacet
  facet normal 0 0 1
    outer loop
      vertex 33.8518 -4.8 1.2
      vertex 36.3459 -4.53009 1.2
      vertex 36.1256 -4.38855 1.2
    endloop
  endfacet
  facet normal 0 0 1
    outer loop
      vertex 33.8518 -4.8 1.2
      vertex 36.1256 -4.38855 1.2
      vertex 35.9224 -4.22523 1.2
    endloop
  endfacet
  facet normal 0 0 1
    outer loop
      vertex 33.8518 -4.8 1.2
      vertex 35.9224 -4.22523 1.2
      vertex 35.7362 -4.04014 1.2
    endloop
  endfacet
  facet normal 0 0 1
    outer loop
      vertex 33.8518 -4.8 1.2
      vertex 35.7362 -4.04014 1.2
      vertex 35.5684 -3.83418 1.2
    endloop
  endfacet
  facet normal 0 0 1
    outer loop
      vertex 33.8518 -4.8 1.2
      vertex 35.5684 -3.83418 1.2
      vertex 35.4204 -3.60824 1.2
    endloop
  endfacet
  facet normal 0 0 1
    outer loop
      vertex 33.8518 -4.8 1.2
      vertex 35.4204 -3.60824 1.2
      vertex 35.2921 -3.36235 1.2
    endloop
  endfacet
  facet normal 0 0 1
    outer loop
      vertex 33.8518 -4.8 1.2
      vertex 35.2921 -3.36235 1.2
      vertex 35.1835 -3.09648 1.2
    endloop
  endfacet
  facet normal 0 0 1
    outer loop
      vertex 33.8518 -4.8 1.2
      vertex 35.1835 -3.09648 1.2
      vertex 35.0947 -2.81065 1.2
    endloop
  endfacet
  facet normal 0 0 1
    outer loop
      vertex 33.8518 -0.607174 1.2
      vertex 34.9466 -1.83337 1.2
      vertex 34.9368 -1.46766 1.2
    endloop
  endfacet
  facet normal 0 0 1
    outer loop
      vertex 33.8518 -0.607174 1.2
      vertex 34.9762 -2.17909 1.2
      vertex 34.9466 -1.83337 1.2
    endloop
  endfacet
  facet normal 0 0 1
    outer loop
      vertex 33.8518 -0.607174 1.2
      vertex 35.0256 -2.50486 1.2
      vertex 34.9762 -2.17909 1.2
    endloop
  endfacet
  facet normal 0 0 1
    outer loop
      vertex 33.8518 -4.8 1.2
      vertex 35.0256 -2.50486 1.2
      vertex 33.8518 -0.607174 1.2
    endloop
  endfacet
  facet normal 0 0 1
    outer loop
      vertex 35.0256 -2.50486 1.2
      vertex 33.8518 -4.8 1.2
      vertex 35.0947 -2.81065 1.2
    endloop
  endfacet
  facet normal 0 0 1
    outer loop
      vertex 36.8374 -4.74784 1.2
      vertex 33.8518 -4.8 1.2
      vertex 37.8 -12 1.2
    endloop
  endfacet
  facet normal -0 0 1
    outer loop
      vertex 32.143 -4.8 1.2
      vertex 37.8 -12 1.2
      vertex 33.8518 -4.8 1.2
    endloop
  endfacet
  facet normal 0 0 1
    outer loop
      vertex 29.7492 -0.279613 1.2
      vertex 32.1285 -0.730358 1.2
      vertex 32.0848 -0.408245 1.2
    endloop
  endfacet
  facet normal 0 0 1
    outer loop
      vertex 29.9611 0.109942 1.2
      vertex 32.0848 -0.408245 1.2
      vertex 32.0121 -0.12907 1.2
    endloop
  endfacet
  facet normal 0 0 1
    outer loop
      vertex 30.9651 0.644 1.2
      vertex 32.0121 -0.12907 1.2
      vertex 31.9103 0.107135 1.2
    endloop
  endfacet
  facet normal 0 0 1
    outer loop
      vertex 31.2123 0.622531 1.2
      vertex 31.9103 0.107135 1.2
      vertex 31.7794 0.300418 1.2
    endloop
  endfacet
  facet normal 0 0 1
    outer loop
      vertex 31.2123 0.622531 1.2
      vertex 31.7794 0.300418 1.2
      vertex 31.6195 0.450732 1.2
    endloop
  endfacet
  facet normal 0 0 1
    outer loop
      vertex 31.2123 0.622531 1.2
      vertex 31.6195 0.450732 1.2
      vertex 31.4304 0.558108 1.2
    endloop
  endfacet
  facet normal 0 0 1
    outer loop
      vertex 31.9103 0.107135 1.2
      vertex 31.2123 0.622531 1.2
      vertex 30.9651 0.644 1.2
    endloop
  endfacet
  facet normal 0 0 1
    outer loop
      vertex 32.0121 -0.12907 1.2
      vertex 30.9651 0.644 1.2
      vertex 30.8297 0.637408 1.2
    endloop
  endfacet
  facet normal 0 0 1
    outer loop
      vertex 32.0121 -0.12907 1.2
      vertex 30.8297 0.637408 1.2
      vertex 30.1426 0.320926 1.2
    endloop
  endfacet
  facet normal 0 0 1
    outer loop
      vertex 30.1426 0.320926 1.2
      vertex 30.8297 0.637408 1.2
      vertex 30.7003 0.617633 1.2
    endloop
  endfacet
  facet normal 0 0 1
    outer loop
      vertex 30.1426 0.320926 1.2
      vertex 30.7003 0.617633 1.2
      vertex 30.5769 0.584659 1.2
    endloop
  endfacet
  facet normal 0 0 1
    outer loop
      vertex 30.1426 0.320926 1.2
      vertex 30.5769 0.584659 1.2
      vertex 30.4594 0.538516 1.2
    endloop
  endfacet
  facet normal 0 0 1
    outer loop
      vertex 30.1426 0.320926 1.2
      vertex 30.4594 0.538516 1.2
      vertex 30.3478 0.479175 1.2
    endloop
  endfacet
  facet normal 0 0 1
    outer loop
      vertex 30.1426 0.320926 1.2
      vertex 30.3478 0.479175 1.2
      vertex 30.2422 0.40665 1.2
    endloop
  endfacet
  facet normal 0 0 1
    outer loop
      vertex 32.0121 -0.12907 1.2
      vertex 30.1426 0.320926 1.2
      vertex 30.0489 0.222034 1.2
    endloop
  endfacet
  facet normal 0 0 1
    outer loop
      vertex 32.0121 -0.12907 1.2
      vertex 30.0489 0.222034 1.2
      vertex 29.9611 0.109942 1.2
    endloop
  endfacet
  facet normal 0 0 1
    outer loop
      vertex 32.0848 -0.408245 1.2
      vertex 29.9611 0.109942 1.2
      vertex 29.8811 -0.0124474 1.2
    endloop
  endfacet
  facet normal 0 0 1
    outer loop
      vertex 32.0848 -0.408245 1.2
      vertex 29.8811 -0.0124474 1.2
      vertex 29.8105 -0.1423 1.2
    endloop
  endfacet
  facet normal 0 0 1
    outer loop
      vertex 32.0848 -0.408245 1.2
      vertex 29.8105 -0.1423 1.2
      vertex 29.7492 -0.279613 1.2
    endloop
  endfacet
  facet normal 0 0 1
    outer loop
      vertex 32.1285 -0.730358 1.2
      vertex 29.7492 -0.279613 1.2
      vertex 29.6974 -0.424389 1.2
    endloop
  endfacet
  facet normal 0 0 1
    outer loop
      vertex 32.1285 -0.730358 1.2
      vertex 29.6974 -0.424389 1.2
      vertex 29.6551 -0.576641 1.2
    endloop
  endfacet
  facet normal 0 0 1
    outer loop
      vertex 32.1285 -0.730358 1.2
      vertex 29.6551 -0.576641 1.2
      vertex 29.6221 -0.73634 1.2
    endloop
  endfacet
  facet normal 0 0 1
    outer loop
      vertex 32.143 -1.09542 1.2
      vertex 29.6221 -0.73634 1.2
      vertex 29.5986 -0.9035 1.2
    endloop
  endfacet
  facet normal 0 0 1
    outer loop
      vertex 32.143 -1.09542 1.2
      vertex 29.5986 -0.9035 1.2
      vertex 29.5844 -1.07812 1.2
    endloop
  endfacet
  facet normal 0 0 1
    outer loop
      vertex 32.143 -1.09542 1.2
      vertex 29.5844 -1.07812 1.2
      vertex 29.5797 -1.26022 1.2
    endloop
  endfacet
  facet normal 0 0 1
    outer loop
      vertex 32.143 -1.09542 1.2
      vertex 29.5797 -1.26022 1.2
      vertex 32.143 -4.8 1.2
    endloop
  endfacet
  facet normal 0 0 1
    outer loop
      vertex 29.5797 -4.8 1.2
      vertex 32.143 -4.8 1.2
      vertex 29.5797 -1.26022 1.2
    endloop
  endfacet
  facet normal -0 0 1
    outer loop
      vertex 29.5797 -4.8 1.2
      vertex 37.8 -12 1.2
      vertex 32.143 -4.8 1.2
    endloop
  endfacet
  facet normal -0 0 1
    outer loop
      vertex 27.8647 -4.8 1.2
      vertex 37.8 -12 1.2
      vertex 29.5797 -4.8 1.2
    endloop
  endfacet
  facet normal 0 0 1
    outer loop
      vertex 26.6716 -1.13412 1.2
      vertex 27.8645 0.442264 1.2
      vertex 27.8639 0.553134 1.2
    endloop
  endfacet
  facet normal 0 0 1
    outer loop
      vertex 26.6716 -1.13412 1.2
      vertex 27.8639 0.553134 1.2
      vertex 27.863 0.659244 1.2
    endloop
  endfacet
  facet normal 0 0 1
    outer loop
      vertex 26.6716 -1.13412 1.2
      vertex 27.863 0.659244 1.2
      vertex 27.8616 0.760608 1.2
    endloop
  endfacet
  facet normal 0 0 1
    outer loop
      vertex 26.6716 -1.13412 1.2
      vertex 27.8616 0.760608 1.2
      vertex 27.86 0.857226 1.2
    endloop
  endfacet
  facet normal 0 0 1
    outer loop
      vertex 26.6716 -1.13412 1.2
      vertex 27.86 0.857226 1.2
      vertex 27.8579 0.9491 1.2
    endloop
  endfacet
  facet normal 0 0 1
    outer loop
      vertex 26.6716 -1.13412 1.2
      vertex 27.8579 0.9491 1.2
      vertex 27.8554 1.03623 1.2
    endloop
  endfacet
  facet normal 0 0 1
    outer loop
      vertex 26.6716 -1.13412 1.2
      vertex 27.8554 1.03623 1.2
      vertex 27.8526 1.11861 1.2
    endloop
  endfacet
  facet normal 0 0 1
    outer loop
      vertex 26.6716 -1.13412 1.2
      vertex 27.8526 1.11861 1.2
      vertex 27.8494 1.19625 1.2
    endloop
  endfacet
  facet normal 0 0 1
    outer loop
      vertex 26.6716 -1.13412 1.2
      vertex 27.8494 1.19625 1.2
      vertex 27.846 1.27065 1.2
    endloop
  endfacet
  facet normal 0 0 1
    outer loop
      vertex 26.6716 -1.13412 1.2
      vertex 27.846 1.27065 1.2
      vertex 27.8425 1.34334 1.2
    endloop
  endfacet
  facet normal 0 0 1
    outer loop
      vertex 26.6716 -1.13412 1.2
      vertex 27.8425 1.34334 1.2
      vertex 27.8389 1.41428 1.2
    endloop
  endfacet
  facet normal 0 0 1
    outer loop
      vertex 26.6716 -1.13412 1.2
      vertex 27.8389 1.41428 1.2
      vertex 27.8353 1.48349 1.2
    endloop
  endfacet
  facet normal 0 0 1
    outer loop
      vertex 26.6716 -1.13412 1.2
      vertex 27.8353 1.48349 1.2
      vertex 27.8315 1.55098 1.2
    endloop
  endfacet
  facet normal 0 0 1
    outer loop
      vertex 26.6716 -1.13412 1.2
      vertex 27.8315 1.55098 1.2
      vertex 27.8277 1.61672 1.2
    endloop
  endfacet
  facet normal 0 0 1
    outer loop
      vertex 26.6716 -1.13412 1.2
      vertex 27.8277 1.61672 1.2
      vertex 27.8239 1.68073 1.2
    endloop
  endfacet
  facet normal 0 0 1
    outer loop
      vertex 26.6716 -1.13412 1.2
      vertex 27.8239 1.68073 1.2
      vertex 27.8199 1.74301 1.2
    endloop
  endfacet
  facet normal 0 0 1
    outer loop
      vertex 25.8307 1.04369 1.2
      vertex 27.8199 1.74301 1.2
      vertex 27.8159 1.80356 1.2
    endloop
  endfacet
  facet normal 0 0 1
    outer loop
      vertex 27.8647 0.326663 1.2
      vertex 26.6821 -1.49215 1.2
      vertex 26.6711 -1.84028 1.2
    endloop
  endfacet
  facet normal 0 0 1
    outer loop
      vertex 27.8647 0.326663 1.2
      vertex 26.6711 -1.84028 1.2
      vertex 27.8647 -4.8 1.2
    endloop
  endfacet
  facet normal -0 0 1
    outer loop
      vertex 26.6381 -2.17131 1.2
      vertex 27.8647 -4.8 1.2
      vertex 26.6711 -1.84028 1.2
    endloop
  endfacet
  facet normal -0 0 1
    outer loop
      vertex 26.5831 -2.48523 1.2
      vertex 27.8647 -4.8 1.2
      vertex 26.6381 -2.17131 1.2
    endloop
  endfacet
  facet normal -0 0 1
    outer loop
      vertex 26.5061 -2.78205 1.2
      vertex 27.8647 -4.8 1.2
      vertex 26.5831 -2.48523 1.2
    endloop
  endfacet
  facet normal -0 0 1
    outer loop
      vertex 26.4071 -3.06176 1.2
      vertex 27.8647 -4.8 1.2
      vertex 26.5061 -2.78205 1.2
    endloop
  endfacet
  facet normal -0 0 1
    outer loop
      vertex 26.2861 -3.32438 1.2
      vertex 27.8647 -4.8 1.2
      vertex 26.4071 -3.06176 1.2
    endloop
  endfacet
  facet normal -0 0 1
    outer loop
      vertex 26.1431 -3.5699 1.2
      vertex 27.8647 -4.8 1.2
      vertex 26.2861 -3.32438 1.2
    endloop
  endfacet
  facet normal -0 0 1
    outer loop
      vertex 25.978 -3.79832 1.2
      vertex 27.8647 -4.8 1.2
      vertex 26.1431 -3.5699 1.2
    endloop
  endfacet
  facet normal -0 0 1
    outer loop
      vertex 25.791 -4.00962 1.2
      vertex 27.8647 -4.8 1.2
      vertex 25.978 -3.79832 1.2
    endloop
  endfacet
  facet normal -0 0 1
    outer loop
      vertex 25.5846 -4.20112 1.2
      vertex 27.8647 -4.8 1.2
      vertex 25.791 -4.00962 1.2
    endloop
  endfacet
  facet normal -0 0 1
    outer loop
      vertex 25.3613 -4.37008 1.2
      vertex 27.8647 -4.8 1.2
      vertex 25.5846 -4.20112 1.2
    endloop
  endfacet
  facet normal -0 0 1
    outer loop
      vertex 25.1211 -4.51652 1.2
      vertex 27.8647 -4.8 1.2
      vertex 25.3613 -4.37008 1.2
    endloop
  endfacet
  facet normal -0 0 1
    outer loop
      vertex 24.864 -4.64044 1.2
      vertex 27.8647 -4.8 1.2
      vertex 25.1211 -4.51652 1.2
    endloop
  endfacet
  facet normal -0 0 1
    outer loop
      vertex 24.5901 -4.74182 1.2
      vertex 27.8647 -4.8 1.2
      vertex 24.864 -4.64044 1.2
    endloop
  endfacet
  facet normal 0 0 1
    outer loop
      vertex 24.2992 -4.82064 1.2
      vertex 27.8647 -4.8 1.2
      vertex 24.5901 -4.74182 1.2
    endloop
  endfacet
  facet normal 0 0 1
    outer loop
      vertex 23.9915 -4.87698 1.2
      vertex 27.8647 -4.8 1.2
      vertex 24.2992 -4.82064 1.2
    endloop
  endfacet
  facet normal 0 0 1
    outer loop
      vertex 27.8647 -4.8 1.2
      vertex 23.9915 -4.87698 1.2
      vertex 37.8 -12 1.2
    endloop
  endfacet
  facet normal -0 0 1
    outer loop
      vertex 23.6669 -4.91076 1.2
      vertex 37.8 -12 1.2
      vertex 23.9915 -4.87698 1.2
    endloop
  endfacet
  facet normal -0 0 1
    outer loop
      vertex 23.3255 -4.92204 1.2
      vertex 37.8 -12 1.2
      vertex 23.6669 -4.91076 1.2
    endloop
  endfacet
  facet normal 0 0 1
    outer loop
      vertex 22.9905 -4.91073 1.2
      vertex 37.8 -12 1.2
      vertex 23.3255 -4.92204 1.2
    endloop
  endfacet
  facet normal 0 0 1
    outer loop
      vertex 22.672 -4.87683 1.2
      vertex 37.8 -12 1.2
      vertex 22.9905 -4.91073 1.2
    endloop
  endfacet
  facet normal 0 0 1
    outer loop
      vertex 17.3727 -4.8 1.2
      vertex 22.672 -4.87683 1.2
      vertex 22.37 -4.82031 1.2
    endloop
  endfacet
  facet normal -0 0 1
    outer loop
      vertex 17.3727 -4.8 1.2
      vertex 22.37 -4.82031 1.2
      vertex 22.0843 -4.74121 1.2
    endloop
  endfacet
  facet normal 0 0 1
    outer loop
      vertex 17.3727 -4.8 1.2
      vertex 22.0843 -4.74121 1.2
      vertex 21.8151 -4.63949 1.2
    endloop
  endfacet
  facet normal 0 0 1
    outer loop
      vertex 19.2802 0.442111 1.2
      vertex 20.067 -0.817791 1.2
      vertex 19.3689 0.425159 1.2
    endloop
  endfacet
  facet normal 0 0 1
    outer loop
      vertex 19.1941 0.456805 1.2
      vertex 20.067 -0.817791 1.2
      vertex 19.2802 0.442111 1.2
    endloop
  endfacet
  facet normal 0 0 1
    outer loop
      vertex 19.1103 0.469226 1.2
      vertex 20.067 -0.817791 1.2
      vertex 19.1941 0.456805 1.2
    endloop
  endfacet
  facet normal 0 0 1
    outer loop
      vertex 19.0289 0.479403 1.2
      vertex 20.067 -0.817791 1.2
      vertex 19.1103 0.469226 1.2
    endloop
  endfacet
  facet normal 0 0 1
    outer loop
      vertex 18.95 0.487308 1.2
      vertex 20.067 -0.817791 1.2
      vertex 19.0289 0.479403 1.2
    endloop
  endfacet
  facet normal 0 0 1
    outer loop
      vertex 20.0236 -1.49215 1.2
      vertex 17.3727 -1.55929 1.2
      vertex 20.0345 -1.83903 1.2
    endloop
  endfacet
  facet normal 0 0 1
    outer loop
      vertex 18.8734 0.492969 1.2
      vertex 20.067 -0.817791 1.2
      vertex 18.95 0.487308 1.2
    endloop
  endfacet
  facet normal 0 0 1
    outer loop
      vertex 20.0345 -1.14657 1.2
      vertex 17.3903 -1.13101 1.2
      vertex 20.0236 -1.49215 1.2
    endloop
  endfacet
  facet normal -0 0 1
    outer loop
      vertex 17.4123 -0.93539 1.2
      vertex 20.0345 -1.14657 1.2
      vertex 17.4432 -0.752148 1.2
    endloop
  endfacet
  facet normal -0 0 1
    outer loop
      vertex 17.5887 -0.276546 1.2
      vertex 20.067 -0.817791 1.2
      vertex 18.8734 0.492969 1.2
    endloop
  endfacet
  facet normal 0 0 1
    outer loop
      vertex 20.0345 -1.83903 1.2
      vertex 17.3727 -1.55929 1.2
      vertex 20.067 -2.16903 1.2
    endloop
  endfacet
  facet normal -0 0 1
    outer loop
      vertex 17.4829 -0.581264 1.2
      vertex 20.0345 -1.14657 1.2
      vertex 17.5314 -0.422726 1.2
    endloop
  endfacet
  facet normal -0 0 1
    outer loop
      vertex 17.5314 -0.422726 1.2
      vertex 20.067 -0.817791 1.2
      vertex 17.5887 -0.276546 1.2
    endloop
  endfacet
  facet normal 0 0 1
    outer loop
      vertex 17.5887 -0.276546 1.2
      vertex 18.8734 0.492969 1.2
      vertex 18.7993 0.496356 1.2
    endloop
  endfacet
  facet normal 0 0 1
    outer loop
      vertex 17.6548 -0.142742 1.2
      vertex 18.7993 0.496356 1.2
      vertex 18.7275 0.497485 1.2
    endloop
  endfacet
  facet normal 0 0 1
    outer loop
      vertex 17.7297 -0.0212822 1.2
      vertex 18.7275 0.497485 1.2
      vertex 18.5886 0.491076 1.2
    endloop
  endfacet
  facet normal 0 0 1
    outer loop
      vertex 20.067 -2.16903 1.2
      vertex 17.3727 -1.55929 1.2
      vertex 20.1213 -2.48217 1.2
    endloop
  endfacet
  facet normal 0 0 1
    outer loop
      vertex 17.8125 0.0876036 1.2
      vertex 18.5886 0.491076 1.2
      vertex 18.4567 0.471866 1.2
    endloop
  endfacet
  facet normal 0 0 1
    outer loop
      vertex 17.8125 0.0876036 1.2
      vertex 18.4567 0.471866 1.2
      vertex 18.3319 0.439837 1.2
    endloop
  endfacet
  facet normal 0 0 1
    outer loop
      vertex 17.8125 0.0876036 1.2
      vertex 18.3319 0.439837 1.2
      vertex 18.214 0.395007 1.2
    endloop
  endfacet
  facet normal 0 0 1
    outer loop
      vertex 20.1213 -2.48217 1.2
      vertex 17.3727 -1.55929 1.2
      vertex 20.1973 -2.77842 1.2
    endloop
  endfacet
  facet normal 0 0 1
    outer loop
      vertex 17.8125 0.0876036 1.2
      vertex 18.214 0.395007 1.2
      vertex 18.1031 0.337375 1.2
    endloop
  endfacet
  facet normal 0 0 1
    outer loop
      vertex 17.8125 0.0876036 1.2
      vertex 18.1031 0.337375 1.2
      vertex 17.9993 0.266925 1.2
    endloop
  endfacet
  facet normal 0 0 1
    outer loop
      vertex 17.8125 0.0876036 1.2
      vertex 17.9993 0.266925 1.2
      vertex 17.9024 0.183658 1.2
    endloop
  endfacet
  facet normal 0 0 1
    outer loop
      vertex 18.5886 0.491076 1.2
      vertex 17.8125 0.0876036 1.2
      vertex 17.7297 -0.0212822 1.2
    endloop
  endfacet
  facet normal 0 0 1
    outer loop
      vertex 17.3727 -1.55929 1.2
      vertex 20.0236 -1.49215 1.2
      vertex 17.3771 -1.33897 1.2
    endloop
  endfacet
  facet normal 0 0 1
    outer loop
      vertex 18.7275 0.497485 1.2
      vertex 17.7297 -0.0212822 1.2
      vertex 17.6548 -0.142742 1.2
    endloop
  endfacet
  facet normal 0 0 1
    outer loop
      vertex 18.7993 0.496356 1.2
      vertex 17.6548 -0.142742 1.2
      vertex 17.5887 -0.276546 1.2
    endloop
  endfacet
  facet normal 0 0 1
    outer loop
      vertex 20.067 -0.817791 1.2
      vertex 17.5314 -0.422726 1.2
      vertex 20.0345 -1.14657 1.2
    endloop
  endfacet
  facet normal -0 0 1
    outer loop
      vertex 17.3771 -1.33897 1.2
      vertex 20.0236 -1.49215 1.2
      vertex 17.3903 -1.13101 1.2
    endloop
  endfacet
  facet normal -0 0 1
    outer loop
      vertex 17.4432 -0.752148 1.2
      vertex 20.0345 -1.14657 1.2
      vertex 17.4829 -0.581264 1.2
    endloop
  endfacet
  facet normal -0 0 1
    outer loop
      vertex 17.3903 -1.13101 1.2
      vertex 20.0345 -1.14657 1.2
      vertex 17.4123 -0.93539 1.2
    endloop
  endfacet
  facet normal 0 0 1
    outer loop
      vertex 17.3727 -4.8 1.2
      vertex 20.1973 -2.77842 1.2
      vertex 17.3727 -1.55929 1.2
    endloop
  endfacet
  facet normal 0 0 1
    outer loop
      vertex 20.1973 -2.77842 1.2
      vertex 17.3727 -4.8 1.2
      vertex 20.2949 -3.0578 1.2
    endloop
  endfacet
  facet normal 0 0 1
    outer loop
      vertex 20.2949 -3.0578 1.2
      vertex 17.3727 -4.8 1.2
      vertex 20.4142 -3.32031 1.2
    endloop
  endfacet
  facet normal 0 0 1
    outer loop
      vertex 20.4142 -3.32031 1.2
      vertex 17.3727 -4.8 1.2
      vertex 20.5553 -3.56593 1.2
    endloop
  endfacet
  facet normal 0 0 1
    outer loop
      vertex 20.5553 -3.56593 1.2
      vertex 17.3727 -4.8 1.2
      vertex 20.718 -3.79469 1.2
    endloop
  endfacet
  facet normal 0 0 1
    outer loop
      vertex 20.718 -3.79469 1.2
      vertex 17.3727 -4.8 1.2
      vertex 20.9025 -4.00657 1.2
    endloop
  endfacet
  facet normal 0 0 1
    outer loop
      vertex 20.9025 -4.00657 1.2
      vertex 17.3727 -4.8 1.2
      vertex 21.106 -4.19871 1.2
    endloop
  endfacet
  facet normal 0 0 1
    outer loop
      vertex 21.106 -4.19871 1.2
      vertex 17.3727 -4.8 1.2
      vertex 21.3259 -4.36824 1.2
    endloop
  endfacet
  facet normal 0 0 1
    outer loop
      vertex 17.3727 -4.8 1.2
      vertex 21.5623 -4.51516 1.2
      vertex 21.3259 -4.36824 1.2
    endloop
  endfacet
  facet normal 0 0 1
    outer loop
      vertex 17.3727 -4.8 1.2
      vertex 21.8151 -4.63949 1.2
      vertex 21.5623 -4.51516 1.2
    endloop
  endfacet
  facet normal 0 0 1
    outer loop
      vertex 22.672 -4.87683 1.2
      vertex 17.3727 -4.8 1.2
      vertex 37.8 -12 1.2
    endloop
  endfacet
  facet normal -0 0 1
    outer loop
      vertex 15.6576 -4.8 1.2
      vertex 37.8 -12 1.2
      vertex 17.3727 -4.8 1.2
    endloop
  endfacet
  facet normal 0 0 1
    outer loop
      vertex 14.4564 0.00635052 1.2
      vertex 15.6574 0.371875 1.2
      vertex 15.6569 0.485919 1.2
    endloop
  endfacet
  facet normal 0 0 1
    outer loop
      vertex 14.4564 0.00635052 1.2
      vertex 15.6569 0.485919 1.2
      vertex 15.6559 0.595508 1.2
    endloop
  endfacet
  facet normal 0 0 1
    outer loop
      vertex 14.4564 0.00635052 1.2
      vertex 15.6559 0.595508 1.2
      vertex 15.6546 0.700641 1.2
    endloop
  endfacet
  facet normal 0 0 1
    outer loop
      vertex 14.4564 0.00635052 1.2
      vertex 15.6546 0.700641 1.2
      vertex 15.6529 0.801349 1.2
    endloop
  endfacet
  facet normal 0 0 1
    outer loop
      vertex 14.4564 0.00635052 1.2
      vertex 15.6529 0.801349 1.2
      vertex 15.6508 0.897601 1.2
    endloop
  endfacet
  facet normal 0 0 1
    outer loop
      vertex 14.4564 0.00635052 1.2
      vertex 15.6508 0.897601 1.2
      vertex 15.6484 0.989413 1.2
    endloop
  endfacet
  facet normal 0 0 1
    outer loop
      vertex 14.4564 0.00635052 1.2
      vertex 15.6484 0.989413 1.2
      vertex 15.6455 1.07679 1.2
    endloop
  endfacet
  facet normal 0 0 1
    outer loop
      vertex 14.4564 0.00635052 1.2
      vertex 15.6455 1.07679 1.2
      vertex 15.6423 1.1597 1.2
    endloop
  endfacet
  facet normal 0 0 1
    outer loop
      vertex 14.4564 0.00635052 1.2
      vertex 15.6423 1.1597 1.2
      vertex 15.6389 1.23938 1.2
    endloop
  endfacet
  facet normal 0 0 1
    outer loop
      vertex 14.4564 0.00635052 1.2
      vertex 15.6389 1.23938 1.2
      vertex 15.6354 1.31703 1.2
    endloop
  endfacet
  facet normal 0 0 1
    outer loop
      vertex 14.4564 0.00635052 1.2
      vertex 15.6354 1.31703 1.2
      vertex 15.6319 1.39264 1.2
    endloop
  endfacet
  facet normal 0 0 1
    outer loop
      vertex 14.4564 0.00635052 1.2
      vertex 15.6319 1.39264 1.2
      vertex 15.6282 1.46622 1.2
    endloop
  endfacet
  facet normal 0 0 1
    outer loop
      vertex 14.4564 0.00635052 1.2
      vertex 15.6282 1.46622 1.2
      vertex 15.6245 1.53775 1.2
    endloop
  endfacet
  facet normal 0 0 1
    outer loop
      vertex 14.4564 0.00635052 1.2
      vertex 15.6245 1.53775 1.2
      vertex 15.6207 1.60726 1.2
    endloop
  endfacet
  facet normal 0 0 1
    outer loop
      vertex 14.4564 0.00635052 1.2
      vertex 15.6207 1.60726 1.2
      vertex 15.6168 1.67473 1.2
    endloop
  endfacet
  facet normal 0 0 1
    outer loop
      vertex 14.4564 0.00635052 1.2
      vertex 15.6168 1.67473 1.2
      vertex 15.6129 1.74016 1.2
    endloop
  endfacet
  facet normal 0 0 1
    outer loop
      vertex 14.1037 1.54251 1.2
      vertex 15.6129 1.74016 1.2
      vertex 15.6089 1.80356 1.2
    endloop
  endfacet
  facet normal 0 0 1
    outer loop
      vertex 15.6576 0.253406 1.2
      vertex 14.4711 -0.43626 1.2
      vertex 14.4646 -0.727749 1.2
    endloop
  endfacet
  facet normal 0 0 1
    outer loop
      vertex 15.6576 0.253406 1.2
      vertex 14.4646 -0.727749 1.2
      vertex 14.4453 -1.01086 1.2
    endloop
  endfacet
  facet normal 0 0 1
    outer loop
      vertex 15.6576 0.253406 1.2
      vertex 14.4453 -1.01086 1.2
      vertex 14.4131 -1.28561 1.2
    endloop
  endfacet
  facet normal 0 0 1
    outer loop
      vertex 15.6576 0.253406 1.2
      vertex 14.4131 -1.28561 1.2
      vertex 14.368 -1.55201 1.2
    endloop
  endfacet
  facet normal 0 0 1
    outer loop
      vertex 15.6576 0.253406 1.2
      vertex 14.368 -1.55201 1.2
      vertex 15.6576 -4.8 1.2
    endloop
  endfacet
  facet normal -0 0 1
    outer loop
      vertex 14.31 -1.81004 1.2
      vertex 15.6576 -4.8 1.2
      vertex 14.368 -1.55201 1.2
    endloop
  endfacet
  facet normal -0 0 1
    outer loop
      vertex 14.2391 -2.0597 1.2
      vertex 15.6576 -4.8 1.2
      vertex 14.31 -1.81004 1.2
    endloop
  endfacet
  facet normal -0 0 1
    outer loop
      vertex 14.1554 -2.30101 1.2
      vertex 15.6576 -4.8 1.2
      vertex 14.2391 -2.0597 1.2
    endloop
  endfacet
  facet normal -0 0 1
    outer loop
      vertex 14.0588 -2.53396 1.2
      vertex 15.6576 -4.8 1.2
      vertex 14.1554 -2.30101 1.2
    endloop
  endfacet
  facet normal -0 0 1
    outer loop
      vertex 13.9492 -2.75854 1.2
      vertex 15.6576 -4.8 1.2
      vertex 14.0588 -2.53396 1.2
    endloop
  endfacet
  facet normal -0 0 1
    outer loop
      vertex 13.8279 -2.97316 1.2
      vertex 15.6576 -4.8 1.2
      vertex 13.9492 -2.75854 1.2
    endloop
  endfacet
  facet normal -0 0 1
    outer loop
      vertex 13.6959 -3.17625 1.2
      vertex 15.6576 -4.8 1.2
      vertex 13.8279 -2.97316 1.2
    endloop
  endfacet
  facet normal -0 0 1
    outer loop
      vertex 13.5532 -3.36781 1.2
      vertex 15.6576 -4.8 1.2
      vertex 13.6959 -3.17625 1.2
    endloop
  endfacet
  facet normal -0 0 1
    outer loop
      vertex 13.3998 -3.54785 1.2
      vertex 15.6576 -4.8 1.2
      vertex 13.5532 -3.36781 1.2
    endloop
  endfacet
  facet normal -0 0 1
    outer loop
      vertex 13.2357 -3.71635 1.2
      vertex 15.6576 -4.8 1.2
      vertex 13.3998 -3.54785 1.2
    endloop
  endfacet
  facet normal -0 0 1
    outer loop
      vertex 13.0609 -3.87333 1.2
      vertex 15.6576 -4.8 1.2
      vertex 13.2357 -3.71635 1.2
    endloop
  endfacet
  facet normal -0 0 1
    outer loop
      vertex 12.8754 -4.0188 1.2
      vertex 15.6576 -4.8 1.2
      vertex 13.0609 -3.87333 1.2
    endloop
  endfacet
  facet normal -0 0 1
    outer loop
      vertex 12.6792 -4.15272 1.2
      vertex 15.6576 -4.8 1.2
      vertex 12.8754 -4.0188 1.2
    endloop
  endfacet
  facet normal -0 0 1
    outer loop
      vertex 12.4722 -4.27513 1.2
      vertex 15.6576 -4.8 1.2
      vertex 12.6792 -4.15272 1.2
    endloop
  endfacet
  facet normal -0 0 1
    outer loop
      vertex 12.2566 -4.38528 1.2
      vertex 15.6576 -4.8 1.2
      vertex 12.4722 -4.27513 1.2
    endloop
  endfacet
  facet normal -0 0 1
    outer loop
      vertex 12.034 -4.48249 1.2
      vertex 15.6576 -4.8 1.2
      vertex 12.2566 -4.38528 1.2
    endloop
  endfacet
  facet normal -0 0 1
    outer loop
      vertex 11.8047 -4.56672 1.2
      vertex 15.6576 -4.8 1.2
      vertex 12.034 -4.48249 1.2
    endloop
  endfacet
  facet normal -0 0 1
    outer loop
      vertex 11.5684 -4.63801 1.2
      vertex 15.6576 -4.8 1.2
      vertex 11.8047 -4.56672 1.2
    endloop
  endfacet
  facet normal -0 0 1
    outer loop
      vertex 11.3253 -4.69633 1.2
      vertex 15.6576 -4.8 1.2
      vertex 11.5684 -4.63801 1.2
    endloop
  endfacet
  facet normal -0 0 1
    outer loop
      vertex 11.0753 -4.74168 1.2
      vertex 15.6576 -4.8 1.2
      vertex 11.3253 -4.69633 1.2
    endloop
  endfacet
  facet normal -0 0 1
    outer loop
      vertex 10.8185 -4.77409 1.2
      vertex 15.6576 -4.8 1.2
      vertex 11.0753 -4.74168 1.2
    endloop
  endfacet
  facet normal -0 0 1
    outer loop
      vertex 10.5548 -4.79353 1.2
      vertex 15.6576 -4.8 1.2
      vertex 10.8185 -4.77409 1.2
    endloop
  endfacet
  facet normal 0 0 1
    outer loop
      vertex 15.6576 -4.8 1.2
      vertex 10.5548 -4.79353 1.2
      vertex 37.8 -12 1.2
    endloop
  endfacet
  facet normal -0 0 1
    outer loop
      vertex 10.2843 -4.8 1.2
      vertex 37.8 -12 1.2
      vertex 10.5548 -4.79353 1.2
    endloop
  endfacet
  facet normal -0 0 1
    outer loop
      vertex 6.80548 -4.8 1.2
      vertex 37.8 -12 1.2
      vertex 10.2843 -4.8 1.2
    endloop
  endfacet
  facet normal -0 0 1
    outer loop
      vertex 5.70473 -1.82775 1.2
      vertex 6.80548 -4.8 1.2
      vertex 5.70473 -1.77897 1.2
    endloop
  endfacet
  facet normal -0 0 1
    outer loop
      vertex 5.60709 -3.12771 1.2
      vertex 6.80548 -4.8 1.2
      vertex 5.70473 -1.82775 1.2
    endloop
  endfacet
  facet normal -0 0 1
    outer loop
      vertex 5.43324 -3.5043 1.2
      vertex 6.80548 -4.8 1.2
      vertex 5.60709 -3.12771 1.2
    endloop
  endfacet
  facet normal -0 0 1
    outer loop
      vertex 5.22369 -3.83659 1.2
      vertex 6.80548 -4.8 1.2
      vertex 5.43324 -3.5043 1.2
    endloop
  endfacet
  facet normal -0 0 1
    outer loop
      vertex 4.97842 -4.12457 1.2
      vertex 6.80548 -4.8 1.2
      vertex 5.22369 -3.83659 1.2
    endloop
  endfacet
  facet normal -0 0 1
    outer loop
      vertex 4.69745 -4.36824 1.2
      vertex 6.80548 -4.8 1.2
      vertex 4.97842 -4.12457 1.2
    endloop
  endfacet
  facet normal -0 0 1
    outer loop
      vertex 4.38077 -4.56761 1.2
      vertex 6.80548 -4.8 1.2
      vertex 4.69745 -4.36824 1.2
    endloop
  endfacet
  facet normal -0 0 1
    outer loop
      vertex 4.02837 -4.72268 1.2
      vertex 6.80548 -4.8 1.2
      vertex 4.38077 -4.56761 1.2
    endloop
  endfacet
  facet normal 0 0 1
    outer loop
      vertex 3.64024 -4.83342 1.2
      vertex 6.80548 -4.8 1.2
      vertex 4.02837 -4.72268 1.2
    endloop
  endfacet
  facet normal 0 0 1
    outer loop
      vertex 3.21642 -4.89988 1.2
      vertex 6.80548 -4.8 1.2
      vertex 3.64024 -4.83342 1.2
    endloop
  endfacet
  facet normal 0 0 1
    outer loop
      vertex 6.80548 -4.8 1.2
      vertex 3.21642 -4.89988 1.2
      vertex 37.8 -12 1.2
    endloop
  endfacet
  facet normal 0 0 1
    outer loop
      vertex -18.0649 -9.49812 1.2
      vertex 3.21642 -4.89988 1.2
      vertex 2.75687 -4.92204 1.2
    endloop
  endfacet
  facet normal 0 0 1
    outer loop
      vertex -18.0649 -9.49812 1.2
      vertex 2.75687 -4.92204 1.2
      vertex 2.43446 -4.91114 1.2
    endloop
  endfacet
  facet normal -0 0 1
    outer loop
      vertex -3.63571 -4.90771 1.2
      vertex 2.43446 -4.91114 1.2
      vertex 2.12909 -4.87848 1.2
    endloop
  endfacet
  facet normal -0 0 1
    outer loop
      vertex -3.30389 -4.86477 1.2
      vertex 2.12909 -4.87848 1.2
      vertex 1.84073 -4.82405 1.2
    endloop
  endfacet
  facet normal 0 0 1
    outer loop
      vertex -1.02318 -2.60284 1.2
      vertex -0.321426 -1.83337 1.2
      vertex -0.331299 -1.46766 1.2
    endloop
  endfacet
  facet normal 0 0 1
    outer loop
      vertex -1.02318 -2.60284 1.2
      vertex -0.291824 -2.17909 1.2
      vertex -0.321426 -1.83337 1.2
    endloop
  endfacet
  facet normal 0 0 1
    outer loop
      vertex -1.02318 -2.60284 1.2
      vertex -0.242462 -2.50486 1.2
      vertex -0.291824 -2.17909 1.2
    endloop
  endfacet
  facet normal -0 0 1
    outer loop
      vertex -1.02318 -2.60284 1.2
      vertex -0.173386 -2.81065 1.2
      vertex -0.242462 -2.50486 1.2
    endloop
  endfacet
  facet normal -0 0 1
    outer loop
      vertex -1.04726 -2.75158 1.2
      vertex -0.173386 -2.81065 1.2
      vertex -1.02318 -2.60284 1.2
    endloop
  endfacet
  facet normal 0 0 1
    outer loop
      vertex -1.07878 -2.89672 1.2
      vertex -0.173386 -2.81065 1.2
      vertex -1.04726 -2.75158 1.2
    endloop
  endfacet
  facet normal 0 0 1
    outer loop
      vertex -0.173386 -2.81065 1.2
      vertex -1.07878 -2.89672 1.2
      vertex -0.084549 -3.09648 1.2
    endloop
  endfacet
  facet normal -0 0 1
    outer loop
      vertex -1.11777 -3.03823 1.2
      vertex -0.084549 -3.09648 1.2
      vertex -1.07878 -2.89672 1.2
    endloop
  endfacet
  facet normal 0 0 1
    outer loop
      vertex -1.16423 -3.17613 1.2
      vertex -0.084549 -3.09648 1.2
      vertex -1.11777 -3.03823 1.2
    endloop
  endfacet
  facet normal 0 0 1
    outer loop
      vertex -0.084549 -3.09648 1.2
      vertex -1.16423 -3.17613 1.2
      vertex 0.0240173 -3.36235 1.2
    endloop
  endfacet
  facet normal -0 0 1
    outer loop
      vertex -1.21814 -3.31042 1.2
      vertex 0.0240173 -3.36235 1.2
      vertex -1.16423 -3.17613 1.2
    endloop
  endfacet
  facet normal 0 0 1
    outer loop
      vertex -1.27951 -3.44108 1.2
      vertex 0.0240173 -3.36235 1.2
      vertex -1.21814 -3.31042 1.2
    endloop
  endfacet
  facet normal 0 0 1
    outer loop
      vertex 0.0240173 -3.36235 1.2
      vertex -1.27951 -3.44108 1.2
      vertex 0.152328 -3.60824 1.2
    endloop
  endfacet
  facet normal -0 0 1
    outer loop
      vertex -1.34833 -3.56813 1.2
      vertex 0.152328 -3.60824 1.2
      vertex -1.27951 -3.44108 1.2
    endloop
  endfacet
  facet normal 0 0 1
    outer loop
      vertex -1.42462 -3.69156 1.2
      vertex 0.152328 -3.60824 1.2
      vertex -1.34833 -3.56813 1.2
    endloop
  endfacet
  facet normal 0 0 1
    outer loop
      vertex 0.152328 -3.60824 1.2
      vertex -1.42462 -3.69156 1.2
      vertex 0.300385 -3.83418 1.2
    endloop
  endfacet
  facet normal -0 0 1
    outer loop
      vertex -1.50838 -3.81135 1.2
      vertex 0.300385 -3.83418 1.2
      vertex -1.42462 -3.69156 1.2
    endloop
  endfacet
  facet normal 0 0 1
    outer loop
      vertex -1.59891 -3.92636 1.2
      vertex 0.300385 -3.83418 1.2
      vertex -1.50838 -3.81135 1.2
    endloop
  endfacet
  facet normal 0 0 1
    outer loop
      vertex 0.300385 -3.83418 1.2
      vertex -1.59891 -3.92636 1.2
      vertex 0.46817 -4.04014 1.2
    endloop
  endfacet
  facet normal -0 0 1
    outer loop
      vertex -1.69554 -4.03541 1.2
      vertex 0.46817 -4.04014 1.2
      vertex -1.59891 -3.92636 1.2
    endloop
  endfacet
  facet normal 0 0 1
    outer loop
      vertex -1.79828 -4.13852 1.2
      vertex 0.46817 -4.04014 1.2
      vertex -1.69554 -4.03541 1.2
    endloop
  endfacet
  facet normal 0 0 1
    outer loop
      vertex 0.46817 -4.04014 1.2
      vertex -1.79828 -4.13852 1.2
      vertex 0.654358 -4.22523 1.2
    endloop
  endfacet
  facet normal 0 0 1
    outer loop
      vertex -1.90714 -4.23567 1.2
      vertex 0.654358 -4.22523 1.2
      vertex -1.79828 -4.13852 1.2
    endloop
  endfacet
  facet normal 0 0 1
    outer loop
      vertex -2.02208 -4.32687 1.2
      vertex 0.654358 -4.22523 1.2
      vertex -1.90714 -4.23567 1.2
    endloop
  endfacet
  facet normal 0 0 1
    outer loop
      vertex 0.654358 -4.22523 1.2
      vertex -2.02208 -4.32687 1.2
      vertex 0.85759 -4.38855 1.2
    endloop
  endfacet
  facet normal 0 0 1
    outer loop
      vertex -2.14313 -4.41212 1.2
      vertex 0.85759 -4.38855 1.2
      vertex -2.02208 -4.32687 1.2
    endloop
  endfacet
  facet normal 0 0 1
    outer loop
      vertex 0.85759 -4.38855 1.2
      vertex -2.14313 -4.41212 1.2
      vertex 1.07784 -4.53009 1.2
    endloop
  endfacet
  facet normal -0 0 1
    outer loop
      vertex -2.27029 -4.49142 1.2
      vertex 1.07784 -4.53009 1.2
      vertex -2.14313 -4.41212 1.2
    endloop
  endfacet
  facet normal 0 0 1
    outer loop
      vertex -2.40355 -4.56475 1.2
      vertex 1.07784 -4.53009 1.2
      vertex -2.27029 -4.49142 1.2
    endloop
  endfacet
  facet normal 0 0 1
    outer loop
      vertex 1.07784 -4.53009 1.2
      vertex -2.40355 -4.56475 1.2
      vertex 1.31511 -4.64985 1.2
    endloop
  endfacet
  facet normal -0 0 1
    outer loop
      vertex -2.54292 -4.63215 1.2
      vertex 1.31511 -4.64985 1.2
      vertex -2.40355 -4.56475 1.2
    endloop
  endfacet
  facet normal 0 0 1
    outer loop
      vertex -2.68729 -4.693 1.2
      vertex 1.31511 -4.64985 1.2
      vertex -2.54292 -4.63215 1.2
    endloop
  endfacet
  facet normal 0 0 1
    outer loop
      vertex 1.31511 -4.64985 1.2
      vertex -2.68729 -4.693 1.2
      vertex 1.56941 -4.74784 1.2
    endloop
  endfacet
  facet normal -0 0 1
    outer loop
      vertex -2.83556 -4.74669 1.2
      vertex 1.56941 -4.74784 1.2
      vertex -2.68729 -4.693 1.2
    endloop
  endfacet
  facet normal 0 0 1
    outer loop
      vertex -2.98775 -4.79321 1.2
      vertex 1.56941 -4.74784 1.2
      vertex -2.83556 -4.74669 1.2
    endloop
  endfacet
  facet normal 0 0 1
    outer loop
      vertex 1.56941 -4.74784 1.2
      vertex -2.98775 -4.79321 1.2
      vertex 1.84073 -4.82405 1.2
    endloop
  endfacet
  facet normal 0 0 1
    outer loop
      vertex -3.14386 -4.83256 1.2
      vertex 1.84073 -4.82405 1.2
      vertex -2.98775 -4.79321 1.2
    endloop
  endfacet
  facet normal 0 0 1
    outer loop
      vertex -3.30389 -4.86477 1.2
      vertex 1.84073 -4.82405 1.2
      vertex -3.14386 -4.83256 1.2
    endloop
  endfacet
  facet normal 0 0 1
    outer loop
      vertex 2.12909 -4.87848 1.2
      vertex -3.30389 -4.86477 1.2
      vertex -3.46785 -4.88983 1.2
    endloop
  endfacet
  facet normal 0 0 1
    outer loop
      vertex 2.12909 -4.87848 1.2
      vertex -3.46785 -4.88983 1.2
      vertex -3.63571 -4.90771 1.2
    endloop
  endfacet
  facet normal 0 0 1
    outer loop
      vertex 2.43446 -4.91114 1.2
      vertex -3.63571 -4.90771 1.2
      vertex -18.0649 -9.49812 1.2
    endloop
  endfacet
  facet normal 0 0 1
    outer loop
      vertex -18.0649 -9.49812 1.2
      vertex -3.63571 -4.90771 1.2
      vertex -3.8075 -4.91845 1.2
    endloop
  endfacet
  facet normal 0 0 1
    outer loop
      vertex -18.0649 -9.49812 1.2
      vertex -3.8075 -4.91845 1.2
      vertex -3.9832 -4.92204 1.2
    endloop
  endfacet
  facet normal 0 0 1
    outer loop
      vertex -17.4961 -9.11809 1.2
      vertex -3.9832 -4.92204 1.2
      vertex -4.3084 -4.91099 1.2
    endloop
  endfacet
  facet normal 0 0 1
    outer loop
      vertex -16.9516 -8.70403 1.2
      vertex -4.3084 -4.91099 1.2
      vertex -4.61671 -4.87788 1.2
    endloop
  endfacet
  facet normal 0 0 1
    outer loop
      vertex -7.11006 -1.18028 1.2
      vertex -8.36346 -4.8 1.2
      vertex -7.12024 -1.5348 1.2
    endloop
  endfacet
  facet normal 0 0 1
    outer loop
      vertex -7.12024 -1.5348 1.2
      vertex -8.36346 -4.8 1.2
      vertex -7.11014 -1.88145 1.2
    endloop
  endfacet
  facet normal 0 0 1
    outer loop
      vertex -7.11014 -1.88145 1.2
      vertex -8.36346 -4.8 1.2
      vertex -7.07985 -2.21067 1.2
    endloop
  endfacet
  facet normal 0 0 1
    outer loop
      vertex -7.07985 -2.21067 1.2
      vertex -8.36346 -4.8 1.2
      vertex -7.02936 -2.5225 1.2
    endloop
  endfacet
  facet normal 0 0 1
    outer loop
      vertex -8.36346 -4.8 1.2
      vertex -6.95869 -2.81694 1.2
      vertex -7.02936 -2.5225 1.2
    endloop
  endfacet
  facet normal 0 0 1
    outer loop
      vertex -8.36346 -4.8 1.2
      vertex -6.86781 -3.09394 1.2
      vertex -6.95869 -2.81694 1.2
    endloop
  endfacet
  facet normal 0 0 1
    outer loop
      vertex -8.36346 -4.8 1.2
      vertex -6.75676 -3.35357 1.2
      vertex -6.86781 -3.09394 1.2
    endloop
  endfacet
  facet normal 0 0 1
    outer loop
      vertex -8.36346 -4.8 1.2
      vertex -6.6255 -3.59578 1.2
      vertex -6.75676 -3.35357 1.2
    endloop
  endfacet
  facet normal 0 0 1
    outer loop
      vertex -8.36346 -4.8 1.2
      vertex -6.47404 -3.82058 1.2
      vertex -6.6255 -3.59578 1.2
    endloop
  endfacet
  facet normal 0 0 1
    outer loop
      vertex -8.36346 -4.8 1.2
      vertex -6.3024 -4.02798 1.2
      vertex -6.47404 -3.82058 1.2
    endloop
  endfacet
  facet normal 0 0 1
    outer loop
      vertex -8.36346 -4.8 1.2
      vertex -6.11223 -4.21563 1.2
      vertex -6.3024 -4.02798 1.2
    endloop
  endfacet
  facet normal 0 0 1
    outer loop
      vertex -8.36346 -4.8 1.2
      vertex -5.90517 -4.38119 1.2
      vertex -6.11223 -4.21563 1.2
    endloop
  endfacet
  facet normal 0 0 1
    outer loop
      vertex -8.36346 -4.8 1.2
      vertex -5.68123 -4.52468 1.2
      vertex -5.90517 -4.38119 1.2
    endloop
  endfacet
  facet normal 0 0 1
    outer loop
      vertex -8.36346 -4.8 1.2
      vertex -5.44041 -4.6461 1.2
      vertex -5.68123 -4.52468 1.2
    endloop
  endfacet
  facet normal 0 0 1
    outer loop
      vertex -8.36346 -4.8 1.2
      vertex -5.18274 -4.74545 1.2
      vertex -5.44041 -4.6461 1.2
    endloop
  endfacet
  facet normal -0 0 1
    outer loop
      vertex -8.36346 -4.8 1.2
      vertex -4.90816 -4.82269 1.2
      vertex -5.18274 -4.74545 1.2
    endloop
  endfacet
  facet normal 0 0 1
    outer loop
      vertex -8.36346 -4.8 1.2
      vertex -4.61671 -4.87788 1.2
      vertex -4.90816 -4.82269 1.2
    endloop
  endfacet
  facet normal 0 0 1
    outer loop
      vertex -16.4334 -8.25749 1.2
      vertex -4.61671 -4.87788 1.2
      vertex -8.36346 -4.8 1.2
    endloop
  endfacet
  facet normal 0 0 1
    outer loop
      vertex -15.9434 -7.78015 1.2
      vertex -8.36346 -4.8 1.2
      vertex -10.1639 -4.8 1.2
    endloop
  endfacet
  facet normal -0 0 1
    outer loop
      vertex -12.8516 -1.07346 1.2
      vertex -10.1639 -4.8 1.2
      vertex -12.8068 -0.390869 1.2
    endloop
  endfacet
  facet normal -0 0 1
    outer loop
      vertex -12.9379 -1.75206 1.2
      vertex -10.1639 -4.8 1.2
      vertex -12.8516 -1.07346 1.2
    endloop
  endfacet
  facet normal -0 0 1
    outer loop
      vertex -13.0655 -2.42412 1.2
      vertex -10.1639 -4.8 1.2
      vertex -12.9379 -1.75206 1.2
    endloop
  endfacet
  facet normal -0 0 1
    outer loop
      vertex -13.2339 -3.08714 1.2
      vertex -10.1639 -4.8 1.2
      vertex -13.0655 -2.42412 1.2
    endloop
  endfacet
  facet normal -0 0 1
    outer loop
      vertex -13.4424 -3.73863 1.2
      vertex -10.1639 -4.8 1.2
      vertex -13.2339 -3.08714 1.2
    endloop
  endfacet
  facet normal -0 0 1
    outer loop
      vertex -13.6904 -4.37619 1.2
      vertex -10.1639 -4.8 1.2
      vertex -13.4424 -3.73863 1.2
    endloop
  endfacet
  facet normal 0 0 1
    outer loop
      vertex -13.9767 -4.99742 1.2
      vertex -10.1639 -4.8 1.2
      vertex -13.6904 -4.37619 1.2
    endloop
  endfacet
  facet normal 0 0 1
    outer loop
      vertex -14.3005 -5.59999 1.2
      vertex -10.1639 -4.8 1.2
      vertex -13.9767 -4.99742 1.2
    endloop
  endfacet
  facet normal 0 0 1
    outer loop
      vertex -14.6605 -6.18167 1.2
      vertex -10.1639 -4.8 1.2
      vertex -14.3005 -5.59999 1.2
    endloop
  endfacet
  facet normal 0 0 1
    outer loop
      vertex -15.0553 -6.74031 1.2
      vertex -10.1639 -4.8 1.2
      vertex -14.6605 -6.18167 1.2
    endloop
  endfacet
  facet normal 0 0 1
    outer loop
      vertex -15.4835 -7.2738 1.2
      vertex -10.1639 -4.8 1.2
      vertex -15.0553 -6.74031 1.2
    endloop
  endfacet
  facet normal 0 0 1
    outer loop
      vertex -15.9434 -7.78015 1.2
      vertex -10.1639 -4.8 1.2
      vertex -15.4835 -7.2738 1.2
    endloop
  endfacet
  facet normal 0 0 1
    outer loop
      vertex -8.36346 -4.8 1.2
      vertex -15.9434 -7.78015 1.2
      vertex -16.4334 -8.25749 1.2
    endloop
  endfacet
  facet normal 0 0 1
    outer loop
      vertex -4.61671 -4.87788 1.2
      vertex -16.4334 -8.25749 1.2
      vertex -16.9516 -8.70403 1.2
    endloop
  endfacet
  facet normal 0 0 1
    outer loop
      vertex -4.3084 -4.91099 1.2
      vertex -16.9516 -8.70403 1.2
      vertex -17.4961 -9.11809 1.2
    endloop
  endfacet
  facet normal 0 0 1
    outer loop
      vertex -3.9832 -4.92204 1.2
      vertex -17.4961 -9.11809 1.2
      vertex -18.0649 -9.49812 1.2
    endloop
  endfacet
  facet normal 0 0 1
    outer loop
      vertex 3.21642 -4.89988 1.2
      vertex -18.0649 -9.49812 1.2
      vertex 37.8 -12 1.2
    endloop
  endfacet
  facet normal -0 0 1
    outer loop
      vertex -21.9129 -1.71286 1.2
      vertex -19.7672 -3.18961 1.2
      vertex -21.755 -1.50003 1.2
    endloop
  endfacet
  facet normal 0 0 1
    outer loop
      vertex -19.7672 -3.18961 1.2
      vertex -21.9129 -1.71286 1.2
      vertex -19.9699 -3.44205 1.2
    endloop
  endfacet
  facet normal 0 0 1
    outer loop
      vertex -19.9699 -3.44205 1.2
      vertex -21.9129 -1.71286 1.2
      vertex -20.1875 -3.68167 1.2
    endloop
  endfacet
  facet normal -0 0 1
    outer loop
      vertex -22.0908 -1.90918 1.2
      vertex -20.1875 -3.68167 1.2
      vertex -21.9129 -1.71286 1.2
    endloop
  endfacet
  facet normal 0 0 1
    outer loop
      vertex -20.1875 -3.68167 1.2
      vertex -22.0908 -1.90918 1.2
      vertex -20.4194 -3.90755 1.2
    endloop
  endfacet
  facet normal -0 0 1
    outer loop
      vertex -22.2871 -2.08713 1.2
      vertex -20.4194 -3.90755 1.2
      vertex -22.0908 -1.90918 1.2
    endloop
  endfacet
  facet normal 0 0 1
    outer loop
      vertex -20.4194 -3.90755 1.2
      vertex -22.2871 -2.08713 1.2
      vertex -20.6646 -4.11885 1.2
    endloop
  endfacet
  facet normal 0 0 1
    outer loop
      vertex -20.6646 -4.11885 1.2
      vertex -22.2871 -2.08713 1.2
      vertex -20.9223 -4.31479 1.2
    endloop
  endfacet
  facet normal -0 0 1
    outer loop
      vertex -22.5 -2.24496 1.2
      vertex -20.9223 -4.31479 1.2
      vertex -22.2871 -2.08713 1.2
    endloop
  endfacet
  facet normal 0 0 1
    outer loop
      vertex -20.9223 -4.31479 1.2
      vertex -22.5 -2.24496 1.2
      vertex -21.1914 -4.49463 1.2
    endloop
  endfacet
  facet normal -0 0 1
    outer loop
      vertex -22.7272 -2.38118 1.2
      vertex -21.1914 -4.49463 1.2
      vertex -22.5 -2.24496 1.2
    endloop
  endfacet
  facet normal -0 0 1
    outer loop
      vertex -22.9668 -2.49446 1.2
      vertex -21.1914 -4.49463 1.2
      vertex -22.7272 -2.38118 1.2
    endloop
  endfacet
  facet normal -0 0 1
    outer loop
      vertex -23.2162 -2.58372 1.2
      vertex -21.1914 -4.49463 1.2
      vertex -22.9668 -2.49446 1.2
    endloop
  endfacet
  facet normal -0 0 1
    outer loop
      vertex -23.4733 -2.64812 1.2
      vertex -21.1914 -4.49463 1.2
      vertex -23.2162 -2.58372 1.2
    endloop
  endfacet
  facet normal -0 0 1
    outer loop
      vertex -23.7354 -2.687 1.2
      vertex -21.1914 -4.49463 1.2
      vertex -23.4733 -2.64812 1.2
    endloop
  endfacet
  facet normal -0 0 1
    outer loop
      vertex -24 -2.7 1.2
      vertex -21.1914 -4.49463 1.2
      vertex -23.7354 -2.687 1.2
    endloop
  endfacet
  facet normal 0 0 1
    outer loop
      vertex -21.1914 -4.49463 1.2
      vertex -24 -2.7 1.2
      vertex -26.8086 -4.49463 1.2
    endloop
  endfacet
  facet normal 0 0 1
    outer loop
      vertex -26.8086 -4.49463 1.2
      vertex -24 -2.7 1.2
      vertex -24.2646 -2.687 1.2
    endloop
  endfacet
  facet normal 0 0 1
    outer loop
      vertex -26.8086 -4.49463 1.2
      vertex -24.2646 -2.687 1.2
      vertex -24.5267 -2.64812 1.2
    endloop
  endfacet
  facet normal 0 0 1
    outer loop
      vertex -26.8086 -4.49463 1.2
      vertex -24.5267 -2.64812 1.2
      vertex -24.7838 -2.58372 1.2
    endloop
  endfacet
  facet normal 0 0 1
    outer loop
      vertex -26.8086 -4.49463 1.2
      vertex -24.7838 -2.58372 1.2
      vertex -25.0332 -2.49446 1.2
    endloop
  endfacet
  facet normal 0 0 1
    outer loop
      vertex -26.8086 -4.49463 1.2
      vertex -25.0332 -2.49446 1.2
      vertex -25.2728 -2.38118 1.2
    endloop
  endfacet
  facet normal 0 0 1
    outer loop
      vertex -26.8086 -4.49463 1.2
      vertex -25.2728 -2.38118 1.2
      vertex -25.5 -2.24496 1.2
    endloop
  endfacet
  facet normal 0 0 1
    outer loop
      vertex -27.0777 -4.31479 1.2
      vertex -25.5 -2.24496 1.2
      vertex -25.7129 -2.08713 1.2
    endloop
  endfacet
  facet normal 0 0 1
    outer loop
      vertex -27.0777 -4.31479 1.2
      vertex -25.7129 -2.08713 1.2
      vertex -25.9092 -1.90918 1.2
    endloop
  endfacet
  facet normal -0 0 1
    outer loop
      vertex -29.2968 -0.184967 1.2
      vertex -26.687 -0.264633 1.2
      vertex -26.7 0 1.2
    endloop
  endfacet
  facet normal 0 0 1
    outer loop
      vertex -27.0777 -4.31479 1.2
      vertex -26.6481 -0.526733 1.2
      vertex -26.687 -0.264633 1.2
    endloop
  endfacet
  facet normal 0 0 1
    outer loop
      vertex -27.0777 -4.31479 1.2
      vertex -26.5837 -0.783768 1.2
      vertex -26.6481 -0.526733 1.2
    endloop
  endfacet
  facet normal 0 0 1
    outer loop
      vertex -27.0777 -4.31479 1.2
      vertex -26.4945 -1.03323 1.2
      vertex -26.5837 -0.783768 1.2
    endloop
  endfacet
  facet normal 0 0 1
    outer loop
      vertex -27.0777 -4.31479 1.2
      vertex -26.3812 -1.27277 1.2
      vertex -26.4945 -1.03323 1.2
    endloop
  endfacet
  facet normal 0 0 1
    outer loop
      vertex -27.0777 -4.31479 1.2
      vertex -26.245 -1.50003 1.2
      vertex -26.3812 -1.27277 1.2
    endloop
  endfacet
  facet normal 0 0 1
    outer loop
      vertex -27.0777 -4.31479 1.2
      vertex -26.0871 -1.71286 1.2
      vertex -26.245 -1.50003 1.2
    endloop
  endfacet
  facet normal 0 0 1
    outer loop
      vertex -27.0777 -4.31479 1.2
      vertex -25.9092 -1.90918 1.2
      vertex -26.0871 -1.71286 1.2
    endloop
  endfacet
  facet normal 0 0 1
    outer loop
      vertex -21.1914 -4.49463 1.2
      vertex -26.8086 -4.49463 1.2
      vertex -18.0649 -9.49812 1.2
    endloop
  endfacet
  facet normal 0 0 1
    outer loop
      vertex -29.9351 -9.49812 1.2
      vertex -18.0649 -9.49812 1.2
      vertex -26.8086 -4.49463 1.2
    endloop
  endfacet
  facet normal 0 0 1
    outer loop
      vertex -37.8 -12 1.2
      vertex -18.0649 -9.49812 1.2
      vertex -29.9351 -9.49812 1.2
    endloop
  endfacet
  facet normal 0 0 1
    outer loop
      vertex -29.2581 9.88901 1.2
      vertex -39 10.8 1.2
      vertex -35.1932 -0.390869 1.2
    endloop
  endfacet
  facet normal 0 0 1
    outer loop
      vertex -39 -10.8 1.2
      vertex -35.1932 -0.390869 1.2
      vertex -39 10.8 1.2
    endloop
  endfacet
  facet normal 0 0 1
    outer loop
      vertex -35.1932 -0.390869 1.2
      vertex -39 -10.8 1.2
      vertex -35.1484 -1.07346 1.2
    endloop
  endfacet
  facet normal 0 0 1
    outer loop
      vertex -18.0649 -9.49812 1.2
      vertex -37.8 -12 1.2
      vertex 37.8 -12 1.2
    endloop
  endfacet
  facet normal 0 0 1
    outer loop
      vertex -30.5039 -9.11809 1.2
      vertex -37.8 -12 1.2
      vertex -29.9351 -9.49812 1.2
    endloop
  endfacet
  facet normal 0 0 1
    outer loop
      vertex -31.0484 -8.70403 1.2
      vertex -37.8 -12 1.2
      vertex -30.5039 -9.11809 1.2
    endloop
  endfacet
  facet normal 0 0 1
    outer loop
      vertex -31.5666 -8.25749 1.2
      vertex -37.8 -12 1.2
      vertex -31.0484 -8.70403 1.2
    endloop
  endfacet
  facet normal 0 0 1
    outer loop
      vertex -32.0566 -7.78015 1.2
      vertex -37.8 -12 1.2
      vertex -31.5666 -8.25749 1.2
    endloop
  endfacet
  facet normal 0 0 1
    outer loop
      vertex -32.5165 -7.2738 1.2
      vertex -37.8 -12 1.2
      vertex -32.0566 -7.78015 1.2
    endloop
  endfacet
  facet normal 0 0 1
    outer loop
      vertex -32.9447 -6.74031 1.2
      vertex -37.8 -12 1.2
      vertex -32.5165 -7.2738 1.2
    endloop
  endfacet
  facet normal 0 0 1
    outer loop
      vertex -39 -10.8 1.2
      vertex -32.9447 -6.74031 1.2
      vertex -33.3395 -6.18167 1.2
    endloop
  endfacet
  facet normal 0 0 1
    outer loop
      vertex -39 -10.8 1.2
      vertex -33.3395 -6.18167 1.2
      vertex -33.6995 -5.59999 1.2
    endloop
  endfacet
  facet normal 0 0 1
    outer loop
      vertex -39 -10.8 1.2
      vertex -33.6995 -5.59999 1.2
      vertex -34.0233 -4.99742 1.2
    endloop
  endfacet
  facet normal 0 0 1
    outer loop
      vertex -39 -10.8 1.2
      vertex -34.0233 -4.99742 1.2
      vertex -34.3096 -4.37619 1.2
    endloop
  endfacet
  facet normal 0 0 1
    outer loop
      vertex -39 -10.8 1.2
      vertex -34.3096 -4.37619 1.2
      vertex -34.5576 -3.73863 1.2
    endloop
  endfacet
  facet normal 0 0 1
    outer loop
      vertex -39 -10.8 1.2
      vertex -34.5576 -3.73863 1.2
      vertex -34.7661 -3.08714 1.2
    endloop
  endfacet
  facet normal 0 0 1
    outer loop
      vertex -39 -10.8 1.2
      vertex -34.7661 -3.08714 1.2
      vertex -34.9345 -2.42412 1.2
    endloop
  endfacet
  facet normal 0 0 1
    outer loop
      vertex -35.1484 -1.07346 1.2
      vertex -39 -10.8 1.2
      vertex -35.0621 -1.75206 1.2
    endloop
  endfacet
  facet normal 0 0 1
    outer loop
      vertex -39 10.8 1.2
      vertex -37.8 12 1.2
      vertex -37.9176 11.9942 1.2
    endloop
  endfacet
  facet normal 0 0 1
    outer loop
      vertex -35.0621 -1.75206 1.2
      vertex -39 -10.8 1.2
      vertex -34.9345 -2.42412 1.2
    endloop
  endfacet
  facet normal 0 0 1
    outer loop
      vertex -39 10.8 1.2
      vertex -37.9176 11.9942 1.2
      vertex -38.0341 11.9769 1.2
    endloop
  endfacet
  facet normal 0 0 1
    outer loop
      vertex -32.9447 -6.74031 1.2
      vertex -39 -10.8 1.2
      vertex -37.8 -12 1.2
    endloop
  endfacet
  facet normal 0 0 1
    outer loop
      vertex -39 10.8 1.2
      vertex -38.0341 11.9769 1.2
      vertex -38.1483 11.9483 1.2
    endloop
  endfacet
  facet normal 0 0 1
    outer loop
      vertex -37.8 -12 1.2
      vertex -39 -10.8 1.2
      vertex -37.9176 -11.9942 1.2
    endloop
  endfacet
  facet normal 0 0 1
    outer loop
      vertex -39 10.8 1.2
      vertex -38.1483 11.9483 1.2
      vertex -38.2592 11.9086 1.2
    endloop
  endfacet
  facet normal 0 0 1
    outer loop
      vertex -37.9176 -11.9942 1.2
      vertex -39 -10.8 1.2
      vertex -38.0341 -11.9769 1.2
    endloop
  endfacet
  facet normal 0 0 1
    outer loop
      vertex -39 10.8 1.2
      vertex -38.2592 11.9086 1.2
      vertex -38.3657 11.8583 1.2
    endloop
  endfacet
  facet normal 0 0 1
    outer loop
      vertex -38.0341 -11.9769 1.2
      vertex -39 -10.8 1.2
      vertex -38.1483 -11.9483 1.2
    endloop
  endfacet
  facet normal 0 0 1
    outer loop
      vertex -39 10.8 1.2
      vertex -38.3657 11.8583 1.2
      vertex -38.4667 11.7977 1.2
    endloop
  endfacet
  facet normal 0 0 1
    outer loop
      vertex -38.1483 -11.9483 1.2
      vertex -39 -10.8 1.2
      vertex -38.2592 -11.9086 1.2
    endloop
  endfacet
  facet normal 0 0 1
    outer loop
      vertex -39 10.8 1.2
      vertex -38.4667 11.7977 1.2
      vertex -38.5613 11.7276 1.2
    endloop
  endfacet
  facet normal 0 0 1
    outer loop
      vertex -38.2592 -11.9086 1.2
      vertex -39 -10.8 1.2
      vertex -38.3657 -11.8583 1.2
    endloop
  endfacet
  facet normal 0 0 1
    outer loop
      vertex -39 10.8 1.2
      vertex -38.5613 11.7276 1.2
      vertex -38.6485 11.6485 1.2
    endloop
  endfacet
  facet normal 0 0 1
    outer loop
      vertex -38.3657 -11.8583 1.2
      vertex -39 -10.8 1.2
      vertex -38.4667 -11.7977 1.2
    endloop
  endfacet
  facet normal 0 0 1
    outer loop
      vertex -39 10.8 1.2
      vertex -38.6485 11.6485 1.2
      vertex -38.7276 11.5613 1.2
    endloop
  endfacet
  facet normal 0 0 1
    outer loop
      vertex -38.4667 -11.7977 1.2
      vertex -39 -10.8 1.2
      vertex -38.5613 -11.7276 1.2
    endloop
  endfacet
  facet normal 0 0 1
    outer loop
      vertex -39 10.8 1.2
      vertex -38.7276 11.5613 1.2
      vertex -38.7977 11.4667 1.2
    endloop
  endfacet
  facet normal 0 0 1
    outer loop
      vertex -38.5613 -11.7276 1.2
      vertex -39 -10.8 1.2
      vertex -38.6485 -11.6485 1.2
    endloop
  endfacet
  facet normal 0 0 1
    outer loop
      vertex -39 10.8 1.2
      vertex -38.7977 11.4667 1.2
      vertex -38.8583 11.3657 1.2
    endloop
  endfacet
  facet normal 0 0 1
    outer loop
      vertex -38.6485 -11.6485 1.2
      vertex -39 -10.8 1.2
      vertex -38.7276 -11.5613 1.2
    endloop
  endfacet
  facet normal 0 0 1
    outer loop
      vertex -39 10.8 1.2
      vertex -38.8583 11.3657 1.2
      vertex -38.9086 11.2592 1.2
    endloop
  endfacet
  facet normal 0 0 1
    outer loop
      vertex -38.7276 -11.5613 1.2
      vertex -39 -10.8 1.2
      vertex -38.7977 -11.4667 1.2
    endloop
  endfacet
  facet normal 0 0 1
    outer loop
      vertex -39 10.8 1.2
      vertex -38.9086 11.2592 1.2
      vertex -38.9483 11.1483 1.2
    endloop
  endfacet
  facet normal 0 0 1
    outer loop
      vertex -38.7977 -11.4667 1.2
      vertex -39 -10.8 1.2
      vertex -38.8583 -11.3657 1.2
    endloop
  endfacet
  facet normal 0 0 1
    outer loop
      vertex -39 10.8 1.2
      vertex -38.9483 11.1483 1.2
      vertex -38.9769 11.0341 1.2
    endloop
  endfacet
  facet normal 0 0 1
    outer loop
      vertex -38.8583 -11.3657 1.2
      vertex -39 -10.8 1.2
      vertex -38.9086 -11.2592 1.2
    endloop
  endfacet
  facet normal 0 0 1
    outer loop
      vertex -39 10.8 1.2
      vertex -38.9769 11.0341 1.2
      vertex -38.9942 10.9176 1.2
    endloop
  endfacet
  facet normal 0 0 1
    outer loop
      vertex -38.9086 -11.2592 1.2
      vertex -39 -10.8 1.2
      vertex -38.9483 -11.1483 1.2
    endloop
  endfacet
  facet normal 0 0 1
    outer loop
      vertex -38.9483 -11.1483 1.2
      vertex -39 -10.8 1.2
      vertex -38.9769 -11.0341 1.2
    endloop
  endfacet
  facet normal 0 0 1
    outer loop
      vertex -38.9769 -11.0341 1.2
      vertex -39 -10.8 1.2
      vertex -38.9942 -10.9176 1.2
    endloop
  endfacet
  facet normal 0 0 1
    outer loop
      vertex 9.8815 2.40782 1.2
      vertex 12.6585 -0.43626 1.2
      vertex 12.6496 -0.136501 1.2
    endloop
  endfacet
  facet normal 0 0 1
    outer loop
      vertex 12.6585 -0.43626 1.2
      vertex 9.8815 2.40782 1.2
      vertex 12.65 -0.734341 1.2
    endloop
  endfacet
  facet normal 0 0 1
    outer loop
      vertex 10.1709 2.39882 1.2
      vertex 12.6496 -0.136501 1.2
      vertex 12.6229 0.147052 1.2
    endloop
  endfacet
  facet normal 0 -0 1
    outer loop
      vertex 10.1317 -3.40852 1.2
      vertex 12.65 -0.734341 1.2
      vertex 9.8815 2.40782 1.2
    endloop
  endfacet
  facet normal 0 0 1
    outer loop
      vertex 10.4451 2.3718 1.2
      vertex 12.6229 0.147052 1.2
      vertex 12.5784 0.414416 1.2
    endloop
  endfacet
  facet normal 0 0 1
    outer loop
      vertex 12.65 -0.734341 1.2
      vertex 10.1317 -3.40852 1.2
      vertex 12.6247 -1.01826 1.2
    endloop
  endfacet
  facet normal 0 0 1
    outer loop
      vertex 10.7041 2.32679 1.2
      vertex 12.5784 0.414416 1.2
      vertex 12.5162 0.665591 1.2
    endloop
  endfacet
  facet normal 0 0 1
    outer loop
      vertex 12.6247 -1.01826 1.2
      vertex 10.1317 -3.40852 1.2
      vertex 12.5825 -1.28801 1.2
    endloop
  endfacet
  facet normal 0 0 1
    outer loop
      vertex 10.9478 2.26375 1.2
      vertex 12.5162 0.665591 1.2
      vertex 12.4362 0.900561 1.2
    endloop
  endfacet
  facet normal 0 0 1
    outer loop
      vertex 12.5825 -1.28801 1.2
      vertex 10.1317 -3.40852 1.2
      vertex 12.5234 -1.54359 1.2
    endloop
  endfacet
  facet normal 0 0 1
    outer loop
      vertex 10.9478 2.26375 1.2
      vertex 12.4362 0.900561 1.2
      vertex 12.3384 1.11933 1.2
    endloop
  endfacet
  facet normal 0 0 1
    outer loop
      vertex 12.6496 -0.136501 1.2
      vertex 10.1709 2.39882 1.2
      vertex 9.8815 2.40782 1.2
    endloop
  endfacet
  facet normal 0 0 1
    outer loop
      vertex 10.9478 2.26375 1.2
      vertex 12.3384 1.11933 1.2
      vertex 12.2228 1.3219 1.2
    endloop
  endfacet
  facet normal 0 0 1
    outer loop
      vertex 12.5234 -1.54359 1.2
      vertex 10.1317 -3.40852 1.2
      vertex 12.4475 -1.78502 1.2
    endloop
  endfacet
  facet normal 0 0 1
    outer loop
      vertex 10.9478 2.26375 1.2
      vertex 12.2228 1.3219 1.2
      vertex 12.0894 1.50829 1.2
    endloop
  endfacet
  facet normal 0 0 1
    outer loop
      vertex 12.4475 -1.78502 1.2
      vertex 10.1317 -3.40852 1.2
      vertex 12.3547 -2.01226 1.2
    endloop
  endfacet
  facet normal 0 0 1
    outer loop
      vertex 10.9478 2.26375 1.2
      vertex 12.0894 1.50829 1.2
      vertex 11.9383 1.67847 1.2
    endloop
  endfacet
  facet normal 0 0 1
    outer loop
      vertex 12.6229 0.147052 1.2
      vertex 10.4451 2.3718 1.2
      vertex 10.1709 2.39882 1.2
    endloop
  endfacet
  facet normal 0 0 1
    outer loop
      vertex 10.9478 2.26375 1.2
      vertex 11.9383 1.67847 1.2
      vertex 11.7706 1.83153 1.2
    endloop
  endfacet
  facet normal 0 0 1
    outer loop
      vertex 12.3547 -2.01226 1.2
      vertex 10.3835 -3.39865 1.2
      vertex 12.2449 -2.22535 1.2
    endloop
  endfacet
  facet normal 0 0 1
    outer loop
      vertex 10.9478 2.26375 1.2
      vertex 11.7706 1.83153 1.2
      vertex 11.5878 1.9666 1.2
    endloop
  endfacet
  facet normal 0 0 1
    outer loop
      vertex 12.5784 0.414416 1.2
      vertex 10.7041 2.32679 1.2
      vertex 10.4451 2.3718 1.2
    endloop
  endfacet
  facet normal 0 0 1
    outer loop
      vertex 10.9478 2.26375 1.2
      vertex 11.5878 1.9666 1.2
      vertex 11.3897 2.08367 1.2
    endloop
  endfacet
  facet normal 0 0 1
    outer loop
      vertex 12.5162 0.665591 1.2
      vertex 10.9478 2.26375 1.2
      vertex 10.7041 2.32679 1.2
    endloop
  endfacet
  facet normal 0 0 1
    outer loop
      vertex 10.9478 2.26375 1.2
      vertex 11.3897 2.08367 1.2
      vertex 11.1764 2.18271 1.2
    endloop
  endfacet
  facet normal 0 0 1
    outer loop
      vertex 12.1184 -2.42428 1.2
      vertex 10.3835 -3.39865 1.2
      vertex 11.9749 -2.60905 1.2
    endloop
  endfacet
  facet normal 0 0 1
    outer loop
      vertex 11.9749 -2.60905 1.2
      vertex 10.6236 -3.36903 1.2
      vertex 11.8171 -2.77684 1.2
    endloop
  endfacet
  facet normal 0 0 1
    outer loop
      vertex 11.2733 -3.16177 1.2
      vertex 10.8519 -3.31968 1.2
      vertex 11.0685 -3.25059 1.2
    endloop
  endfacet
  facet normal 0 0 1
    outer loop
      vertex 11.8171 -2.77684 1.2
      vertex 10.6236 -3.36903 1.2
      vertex 11.6476 -2.92489 1.2
    endloop
  endfacet
  facet normal 0 0 1
    outer loop
      vertex 11.2733 -3.16177 1.2
      vertex 10.6236 -3.36903 1.2
      vertex 10.8519 -3.31968 1.2
    endloop
  endfacet
  facet normal 0 -0 1
    outer loop
      vertex 10.6236 -3.36903 1.2
      vertex 11.9749 -2.60905 1.2
      vertex 10.3835 -3.39865 1.2
    endloop
  endfacet
  facet normal 0 0 1
    outer loop
      vertex 11.4663 -3.0532 1.2
      vertex 10.6236 -3.36903 1.2
      vertex 11.2733 -3.16177 1.2
    endloop
  endfacet
  facet normal 0 0 1
    outer loop
      vertex 12.2449 -2.22535 1.2
      vertex 10.3835 -3.39865 1.2
      vertex 12.1184 -2.42428 1.2
    endloop
  endfacet
  facet normal 0 0 1
    outer loop
      vertex 11.6476 -2.92489 1.2
      vertex 10.6236 -3.36903 1.2
      vertex 11.4663 -3.0532 1.2
    endloop
  endfacet
  facet normal 0 -0 1
    outer loop
      vertex 10.3835 -3.39865 1.2
      vertex 12.3547 -2.01226 1.2
      vertex 10.1317 -3.40852 1.2
    endloop
  endfacet
  facet normal 0 0 1
    outer loop
      vertex 8.60594 -3.40852 1.2
      vertex 9.8815 2.40782 1.2
      vertex 8.60594 2.40782 1.2
    endloop
  endfacet
  facet normal 0 0 1
    outer loop
      vertex 9.8815 2.40782 1.2
      vertex 8.60594 -3.40852 1.2
      vertex 10.1317 -3.40852 1.2
    endloop
  endfacet
  facet normal 0 0 1
    outer loop
      vertex 38.4814 -3.73576 1.2
      vertex 39 -3.44839 1.2
      vertex 39 -1.82775 1.2
    endloop
  endfacet
  facet normal 0 -0 1
    outer loop
      vertex 38.6421 -3.68716 1.2
      vertex 39 -3.44839 1.2
      vertex 38.4814 -3.73576 1.2
    endloop
  endfacet
  facet normal 0 0 1
    outer loop
      vertex 39 -3.44839 1.2
      vertex 38.7861 -3.61914 1.2
      vertex 38.9136 -3.53166 1.2
    endloop
  endfacet
  facet normal 0 -0 1
    outer loop
      vertex 38.7861 -3.61914 1.2
      vertex 39 -3.44839 1.2
      vertex 38.6421 -3.68716 1.2
    endloop
  endfacet
  facet normal 0 0 1
    outer loop
      vertex 39 -1.82775 1.2
      vertex 38.3042 -3.76492 1.2
      vertex 38.4814 -3.73576 1.2
    endloop
  endfacet
  facet normal 0 0 1
    outer loop
      vertex 39 -1.82775 1.2
      vertex 38.1104 -3.77464 1.2
      vertex 38.3042 -3.76492 1.2
    endloop
  endfacet
  facet normal 0 0 1
    outer loop
      vertex 39 -1.82775 1.2
      vertex 37.9677 -3.76857 1.2
      vertex 38.1104 -3.77464 1.2
    endloop
  endfacet
  facet normal 0 0 1
    outer loop
      vertex 39 -1.82775 1.2
      vertex 37.8324 -3.75038 1.2
      vertex 37.9677 -3.76857 1.2
    endloop
  endfacet
  facet normal 0 0 1
    outer loop
      vertex 39 -1.82775 1.2
      vertex 37.7045 -3.72006 1.2
      vertex 37.8324 -3.75038 1.2
    endloop
  endfacet
  facet normal 0 0 1
    outer loop
      vertex 39 -1.82775 1.2
      vertex 37.5842 -3.67761 1.2
      vertex 37.7045 -3.72006 1.2
    endloop
  endfacet
  facet normal 0 0 1
    outer loop
      vertex 39 -1.82775 1.2
      vertex 37.4713 -3.62303 1.2
      vertex 37.5842 -3.67761 1.2
    endloop
  endfacet
  facet normal 0 0 1
    outer loop
      vertex 39 -1.82775 1.2
      vertex 37.3658 -3.55632 1.2
      vertex 37.4713 -3.62303 1.2
    endloop
  endfacet
  facet normal 0 0 1
    outer loop
      vertex 39 -1.82775 1.2
      vertex 37.2678 -3.47747 1.2
      vertex 37.3658 -3.55632 1.2
    endloop
  endfacet
  facet normal 0 0 1
    outer loop
      vertex 39 -1.82775 1.2
      vertex 37.1773 -3.38652 1.2
      vertex 37.2678 -3.47747 1.2
    endloop
  endfacet
  facet normal 0 0 1
    outer loop
      vertex 39 -1.82775 1.2
      vertex 37.0942 -3.28341 1.2
      vertex 37.1773 -3.38652 1.2
    endloop
  endfacet
  facet normal 0 0 1
    outer loop
      vertex 39 -1.82775 1.2
      vertex 37.0193 -3.16839 1.2
      vertex 37.0942 -3.28341 1.2
    endloop
  endfacet
  facet normal 0 0 1
    outer loop
      vertex 39 -1.82775 1.2
      vertex 36.9532 -3.0417 1.2
      vertex 37.0193 -3.16839 1.2
    endloop
  endfacet
  facet normal 0 0 1
    outer loop
      vertex 39 -1.82775 1.2
      vertex 36.8959 -2.90332 1.2
      vertex 36.9532 -3.0417 1.2
    endloop
  endfacet
  facet normal 0 0 1
    outer loop
      vertex 39 -1.82775 1.2
      vertex 36.8474 -2.75326 1.2
      vertex 36.8959 -2.90332 1.2
    endloop
  endfacet
  facet normal 0 0 1
    outer loop
      vertex 39 -1.82775 1.2
      vertex 36.8077 -2.59152 1.2
      vertex 36.8474 -2.75326 1.2
    endloop
  endfacet
  facet normal 0 0 1
    outer loop
      vertex 39 -1.82775 1.2
      vertex 36.7769 -2.4181 1.2
      vertex 36.8077 -2.59152 1.2
    endloop
  endfacet
  facet normal 0 0 1
    outer loop
      vertex 39 -1.82775 1.2
      vertex 36.7548 -2.233 1.2
      vertex 36.7769 -2.4181 1.2
    endloop
  endfacet
  facet normal 0 0 1
    outer loop
      vertex 39 -1.82775 1.2
      vertex 36.7416 -2.03622 1.2
      vertex 36.7548 -2.233 1.2
    endloop
  endfacet
  facet normal 0 -0 1
    outer loop
      vertex 36.7416 -2.03622 1.2
      vertex 39 -1.82775 1.2
      vertex 36.7372 -1.82775 1.2
    endloop
  endfacet
  facet normal 0 0 -1
    outer loop
      vertex 39.2577 -2.98741 1.2
      vertex 40.7013 -3.5043 1.2
      vertex 40.4917 -3.83659 1.2
    endloop
  endfacet
  facet normal 0 0 -1
    outer loop
      vertex 39.1966 -3.15263 1.2
      vertex 40.4917 -3.83659 1.2
      vertex 40.2465 -4.12457 1.2
    endloop
  endfacet
  facet normal 0 0 -1
    outer loop
      vertex 39.1188 -3.29841 1.2
      vertex 40.2465 -4.12457 1.2
      vertex 39.9655 -4.36824 1.2
    endloop
  endfacet
  facet normal 0 0 -1
    outer loop
      vertex 39 -3.44839 1.2
      vertex 39.9655 -4.36824 1.2
      vertex 39.6488 -4.56761 1.2
    endloop
  endfacet
  facet normal 0 0 -1
    outer loop
      vertex 39 -3.44839 1.2
      vertex 39.6488 -4.56761 1.2
      vertex 39.2964 -4.72268 1.2
    endloop
  endfacet
  facet normal 0 0 -1
    outer loop
      vertex 40.2465 -4.12457 1.2
      vertex 39.1188 -3.29841 1.2
      vertex 39.1966 -3.15263 1.2
    endloop
  endfacet
  facet normal 0 0 -1
    outer loop
      vertex 40.7013 -3.5043 1.2
      vertex 39.2577 -2.98741 1.2
      vertex 40.8751 -3.12771 1.2
    endloop
  endfacet
  facet normal 0 0 -1
    outer loop
      vertex 40.4917 -3.83659 1.2
      vertex 39.1966 -3.15263 1.2
      vertex 39.2577 -2.98741 1.2
    endloop
  endfacet
  facet normal 0 0 -1
    outer loop
      vertex 39.9655 -4.36824 1.2
      vertex 39.0245 -3.42476 1.2
      vertex 39.1188 -3.29841 1.2
    endloop
  endfacet
  facet normal 0 0 -1
    outer loop
      vertex 39 -3.44839 1.2
      vertex 39.2964 -4.72268 1.2
      vertex 39 -4.80726 1.2
    endloop
  endfacet
  facet normal 0 0 -1
    outer loop
      vertex 39.9655 -4.36824 1.2
      vertex 39 -3.44839 1.2
      vertex 39.0245 -3.42476 1.2
    endloop
  endfacet
  facet normal 0 0 -1
    outer loop
      vertex 39 -1.82775 1.2
      vertex 40.9728 -1.77897 1.2
      vertex 40.9728 -1.82775 1.2
    endloop
  endfacet
  facet normal -0 0 -1
    outer loop
      vertex 40.9728 -1.77897 1.2
      vertex 39 -1.82775 1.2
      vertex 40.9635 -1.38563 1.2
    endloop
  endfacet
  facet normal 0 0 -1
    outer loop
      vertex 40.9635 -1.38563 1.2
      vertex 39.3127 -0.753613 1.2
      vertex 40.9357 -1.01391 1.2
    endloop
  endfacet
  facet normal 0 0 -1
    outer loop
      vertex 40.9357 -1.01391 1.2
      vertex 39.3127 -0.753613 1.2
      vertex 40.8894 -0.663799 1.2
    endloop
  endfacet
  facet normal -0 0 -1
    outer loop
      vertex 40.8894 -0.663799 1.2
      vertex 39.3127 -0.753613 1.2
      vertex 40.8245 -0.335339 1.2
    endloop
  endfacet
  facet normal 0 0 -1
    outer loop
      vertex 39.2983 -0.580883 1.2
      vertex 40.8245 -0.335339 1.2
      vertex 39.3127 -0.753613 1.2
    endloop
  endfacet
  facet normal 0 0 -1
    outer loop
      vertex 39.2768 -0.418026 1.2
      vertex 40.8245 -0.335339 1.2
      vertex 39.2983 -0.580883 1.2
    endloop
  endfacet
  facet normal -0 0 -1
    outer loop
      vertex 40.8245 -0.335339 1.2
      vertex 39.2768 -0.418026 1.2
      vertex 40.7411 -0.0284843 1.2
    endloop
  endfacet
  facet normal -0 0 -1
    outer loop
      vertex 40.7411 -0.0284843 1.2
      vertex 39.2483 -0.265041 1.2
      vertex 40.6391 0.256747 1.2
    endloop
  endfacet
  facet normal 0 0 -1
    outer loop
      vertex 39.2126 -0.121914 1.2
      vertex 40.6391 0.256747 1.2
      vertex 39.2483 -0.265041 1.2
    endloop
  endfacet
  facet normal 0 0 -1
    outer loop
      vertex 39.1699 0.0113249 1.2
      vertex 40.5187 0.520343 1.2
      vertex 39.2126 -0.121914 1.2
    endloop
  endfacet
  facet normal 0 0 -1
    outer loop
      vertex 39.1201 0.134707 1.2
      vertex 40.3796 0.762317 1.2
      vertex 39.1699 0.0113249 1.2
    endloop
  endfacet
  facet normal -0 0 -1
    outer loop
      vertex 40.3796 0.762317 1.2
      vertex 39.1201 0.134707 1.2
      vertex 40.2221 0.982669 1.2
    endloop
  endfacet
  facet normal 0 0 -1
    outer loop
      vertex 39.2483 -0.265041 1.2
      vertex 40.7411 -0.0284843 1.2
      vertex 39.2768 -0.418026 1.2
    endloop
  endfacet
  facet normal -0 0 -1
    outer loop
      vertex 40.9635 -1.38563 1.2
      vertex 39 -1.82775 1.2
      vertex 39.3127 -0.753613 1.2
    endloop
  endfacet
  facet normal -0 0 -1
    outer loop
      vertex 39.3127 -0.753613 1.2
      vertex 39 -1.82775 1.2
      vertex 39 -0.753613 1.2
    endloop
  endfacet
  facet normal -0 0 -1
    outer loop
      vertex 40.6391 0.256747 1.2
      vertex 39.2126 -0.121914 1.2
      vertex 40.5187 0.520343 1.2
    endloop
  endfacet
  facet normal -0 0 -1
    outer loop
      vertex 40.5187 0.520343 1.2
      vertex 39.1699 0.0113249 1.2
      vertex 40.3796 0.762317 1.2
    endloop
  endfacet
  facet normal 0 0 -1
    outer loop
      vertex 39.0632 0.248218 1.2
      vertex 40.2221 0.982669 1.2
      vertex 39.1201 0.134707 1.2
    endloop
  endfacet
  facet normal -0 0 -1
    outer loop
      vertex 40.2221 0.982669 1.2
      vertex 39.0632 0.248218 1.2
      vertex 40.047 1.18058 1.2
    endloop
  endfacet
  facet normal 0 0 -1
    outer loop
      vertex 39 0.350634 1.2
      vertex 40.047 1.18058 1.2
      vertex 39.0632 0.248218 1.2
    endloop
  endfacet
  facet normal -0 0 -1
    outer loop
      vertex 40.047 1.18058 1.2
      vertex 39 0.350634 1.2
      vertex 39.8553 1.35518 1.2
    endloop
  endfacet
  facet normal -0 0 -1
    outer loop
      vertex 39.8553 1.35518 1.2
      vertex 39 0.350634 1.2
      vertex 39.647 1.50652 1.2
    endloop
  endfacet
  facet normal -0 0 -1
    outer loop
      vertex 39.647 1.50652 1.2
      vertex 39 0.350634 1.2
      vertex 39.4222 1.63457 1.2
    endloop
  endfacet
  facet normal -0 0 -1
    outer loop
      vertex 39.4222 1.63457 1.2
      vertex 39 0.350634 1.2
      vertex 39.1808 1.73934 1.2
    endloop
  endfacet
  facet normal -0 0 -1
    outer loop
      vertex 39.1808 1.73934 1.2
      vertex 39 0.350634 1.2
      vertex 39 1.79644 1.2
    endloop
  endfacet
  facet normal 0 0 1
    outer loop
      vertex 38.9282 0.445636 1.2
      vertex 39 0.350634 1.2
      vertex 38.9992 0.351871 1.2
    endloop
  endfacet
  facet normal 0 0 1
    outer loop
      vertex 39 0.350634 1.2
      vertex 38.9282 0.445636 1.2
      vertex 39 -0.753613 1.2
    endloop
  endfacet
  facet normal 0 0 1
    outer loop
      vertex 38.8507 0.529544 1.2
      vertex 39 -0.753613 1.2
      vertex 38.9282 0.445636 1.2
    endloop
  endfacet
  facet normal 0 0 1
    outer loop
      vertex 38.7675 0.60358 1.2
      vertex 39 -0.753613 1.2
      vertex 38.8507 0.529544 1.2
    endloop
  endfacet
  facet normal 0 0 1
    outer loop
      vertex 38.6786 0.667743 1.2
      vertex 39 -0.753613 1.2
      vertex 38.7675 0.60358 1.2
    endloop
  endfacet
  facet normal 0 0 1
    outer loop
      vertex 38.584 0.722034 1.2
      vertex 39 -0.753613 1.2
      vertex 38.6786 0.667743 1.2
    endloop
  endfacet
  facet normal 0 0 1
    outer loop
      vertex 38.4836 0.766452 1.2
      vertex 39 -0.753613 1.2
      vertex 38.584 0.722034 1.2
    endloop
  endfacet
  facet normal 0 0 1
    outer loop
      vertex 38.3776 0.800998 1.2
      vertex 39 -0.753613 1.2
      vertex 38.4836 0.766452 1.2
    endloop
  endfacet
  facet normal 0 0 1
    outer loop
      vertex 38.2657 0.825686 1.2
      vertex 39 -0.753613 1.2
      vertex 38.3776 0.800998 1.2
    endloop
  endfacet
  facet normal 0 0 1
    outer loop
      vertex 38.1482 0.840487 1.2
      vertex 39 -0.753613 1.2
      vertex 38.2657 0.825686 1.2
    endloop
  endfacet
  facet normal 0 0 1
    outer loop
      vertex 38.0249 0.845416 1.2
      vertex 39 -0.753613 1.2
      vertex 38.1482 0.840487 1.2
    endloop
  endfacet
  facet normal -0 0 1
    outer loop
      vertex 37.8941 0.840228 1.2
      vertex 39 -0.753613 1.2
      vertex 38.0249 0.845416 1.2
    endloop
  endfacet
  facet normal -0 0 1
    outer loop
      vertex 37.7701 0.824618 1.2
      vertex 39 -0.753613 1.2
      vertex 37.8941 0.840228 1.2
    endloop
  endfacet
  facet normal 0 0 1
    outer loop
      vertex 37.0255 0.326495 1.2
      vertex 37.7701 0.824618 1.2
      vertex 37.653 0.798617 1.2
    endloop
  endfacet
  facet normal 0 0 1
    outer loop
      vertex 37.0942 0.424228 1.2
      vertex 37.653 0.798617 1.2
      vertex 37.5427 0.762225 1.2
    endloop
  endfacet
  facet normal 0 0 1
    outer loop
      vertex 37.0942 0.424228 1.2
      vertex 37.5427 0.762225 1.2
      vertex 37.4393 0.715426 1.2
    endloop
  endfacet
  facet normal 0 0 1
    outer loop
      vertex 37.2531 0.590625 1.2
      vertex 37.4393 0.715426 1.2
      vertex 37.3428 0.658221 1.2
    endloop
  endfacet
  facet normal 0 0 1
    outer loop
      vertex 37.1702 0.512622 1.2
      vertex 37.4393 0.715426 1.2
      vertex 37.2531 0.590625 1.2
    endloop
  endfacet
  facet normal 0 0 1
    outer loop
      vertex 37.0942 0.424228 1.2
      vertex 37.4393 0.715426 1.2
      vertex 37.1702 0.512622 1.2
    endloop
  endfacet
  facet normal 0 0 1
    outer loop
      vertex 37.0255 0.326495 1.2
      vertex 37.653 0.798617 1.2
      vertex 37.0942 0.424228 1.2
    endloop
  endfacet
  facet normal 0 0 1
    outer loop
      vertex 37.7701 0.824618 1.2
      vertex 37.0255 0.326495 1.2
      vertex 39 -0.753613 1.2
    endloop
  endfacet
  facet normal -0 0 1
    outer loop
      vertex 36.9643 0.220492 1.2
      vertex 39 -0.753613 1.2
      vertex 37.0255 0.326495 1.2
    endloop
  endfacet
  facet normal -0 0 1
    outer loop
      vertex 36.9108 0.106189 1.2
      vertex 39 -0.753613 1.2
      vertex 36.9643 0.220492 1.2
    endloop
  endfacet
  facet normal -0 0 1
    outer loop
      vertex 36.8649 -0.0163841 1.2
      vertex 39 -0.753613 1.2
      vertex 36.9108 0.106189 1.2
    endloop
  endfacet
  facet normal -0 0 1
    outer loop
      vertex 36.8265 -0.147259 1.2
      vertex 39 -0.753613 1.2
      vertex 36.8649 -0.0163841 1.2
    endloop
  endfacet
  facet normal -0 0 1
    outer loop
      vertex 36.7958 -0.286419 1.2
      vertex 39 -0.753613 1.2
      vertex 36.8265 -0.147259 1.2
    endloop
  endfacet
  facet normal -0 0 1
    outer loop
      vertex 36.7727 -0.433865 1.2
      vertex 39 -0.753613 1.2
      vertex 36.7958 -0.286419 1.2
    endloop
  endfacet
  facet normal -0 0 1
    outer loop
      vertex 36.7572 -0.589596 1.2
      vertex 39 -0.753613 1.2
      vertex 36.7727 -0.433865 1.2
    endloop
  endfacet
  facet normal 0 0 1
    outer loop
      vertex 39 -0.753613 1.2
      vertex 36.7572 -0.589596 1.2
      vertex 36.7493 -0.753613 1.2
    endloop
  endfacet
  facet normal -0 0 1
    outer loop
      vertex 21.8434 -1.02205 1.2
      vertex 24.8831 -1.23837 1.2
      vertex 24.8689 -1.00058 1.2
    endloop
  endfacet
  facet normal 0 0 1
    outer loop
      vertex 24.8831 -1.23837 1.2
      vertex 21.8241 -1.49215 1.2
      vertex 24.8879 -1.49215 1.2
    endloop
  endfacet
  facet normal 0 0 1
    outer loop
      vertex 21.8434 -1.02205 1.2
      vertex 24.8689 -1.00058 1.2
      vertex 24.8451 -0.778744 1.2
    endloop
  endfacet
  facet normal -0 0 1
    outer loop
      vertex 21.9012 -0.607235 1.2
      vertex 24.8451 -0.778744 1.2
      vertex 24.8119 -0.572887 1.2
    endloop
  endfacet
  facet normal 0 -0 1
    outer loop
      vertex 21.8288 -1.73111 1.2
      vertex 24.8879 -1.49215 1.2
      vertex 21.8241 -1.49215 1.2
    endloop
  endfacet
  facet normal 0 0 1
    outer loop
      vertex 21.9012 -0.607235 1.2
      vertex 24.8119 -0.572887 1.2
      vertex 24.7692 -0.383007 1.2
    endloop
  endfacet
  facet normal -0 0 1
    outer loop
      vertex 21.9977 -0.247753 1.2
      vertex 24.7692 -0.383007 1.2
      vertex 24.7169 -0.209103 1.2
    endloop
  endfacet
  facet normal 0 0 1
    outer loop
      vertex 24.8879 -1.49215 1.2
      vertex 21.8288 -1.73111 1.2
      vertex 24.8684 -1.96608 1.2
    endloop
  endfacet
  facet normal 0 0 1
    outer loop
      vertex 23.3865 0.747775 1.2
      vertex 24.7169 -0.209103 1.2
      vertex 24.6552 -0.0511742 1.2
    endloop
  endfacet
  facet normal 0 0 1
    outer loop
      vertex 23.5449 0.741214 1.2
      vertex 24.6552 -0.0511742 1.2
      vertex 24.584 0.0907927 1.2
    endloop
  endfacet
  facet normal -0 -0 1
    outer loop
      vertex 21.8429 -1.95704 1.2
      vertex 24.8684 -1.96608 1.2
      vertex 21.8288 -1.73111 1.2
    endloop
  endfacet
  facet normal 0 0 1
    outer loop
      vertex 23.6948 0.721545 1.2
      vertex 24.584 0.0907927 1.2
      vertex 24.5033 0.216769 1.2
    endloop
  endfacet
  facet normal 0 0 1
    outer loop
      vertex 23.6948 0.721545 1.2
      vertex 24.5033 0.216769 1.2
      vertex 24.4136 0.328219 1.2
    endloop
  endfacet
  facet normal 0 -0 1
    outer loop
      vertex 21.8665 -2.16993 1.2
      vertex 24.8684 -1.96608 1.2
      vertex 21.8429 -1.95704 1.2
    endloop
  endfacet
  facet normal 0 0 1
    outer loop
      vertex 23.6948 0.721545 1.2
      vertex 24.4136 0.328219 1.2
      vertex 24.3152 0.426547 1.2
    endloop
  endfacet
  facet normal 0 0 1
    outer loop
      vertex 23.6948 0.721545 1.2
      vertex 24.3152 0.426547 1.2
      vertex 24.2083 0.511767 1.2
    endloop
  endfacet
  facet normal 0 0 1
    outer loop
      vertex 24.8684 -1.96608 1.2
      vertex 21.8665 -2.16993 1.2
      vertex 24.8098 -2.38424 1.2
    endloop
  endfacet
  facet normal 0 0 1
    outer loop
      vertex 23.6948 0.721545 1.2
      vertex 24.2083 0.511767 1.2
      vertex 24.0928 0.58388 1.2
    endloop
  endfacet
  facet normal 0 0 1
    outer loop
      vertex 23.6948 0.721545 1.2
      vertex 24.0928 0.58388 1.2
      vertex 23.9687 0.642886 1.2
    endloop
  endfacet
  facet normal -0 -0 1
    outer loop
      vertex 21.8994 -2.36978 1.2
      vertex 24.8098 -2.38424 1.2
      vertex 21.8665 -2.16993 1.2
    endloop
  endfacet
  facet normal 0 0 1
    outer loop
      vertex 23.6948 0.721545 1.2
      vertex 23.9687 0.642886 1.2
      vertex 23.8361 0.688769 1.2
    endloop
  endfacet
  facet normal 0 0 1
    outer loop
      vertex 24.584 0.0907927 1.2
      vertex 23.6948 0.721545 1.2
      vertex 23.5449 0.741214 1.2
    endloop
  endfacet
  facet normal 0 -0 1
    outer loop
      vertex 21.9418 -2.55661 1.2
      vertex 24.8098 -2.38424 1.2
      vertex 21.8994 -2.36978 1.2
    endloop
  endfacet
  facet normal 0 0 1
    outer loop
      vertex 24.6552 -0.0511742 1.2
      vertex 23.5449 0.741214 1.2
      vertex 23.3865 0.747775 1.2
    endloop
  endfacet
  facet normal 0 0 1
    outer loop
      vertex 24.7169 -0.209103 1.2
      vertex 23.3865 0.747775 1.2
      vertex 21.9977 -0.247753 1.2
    endloop
  endfacet
  facet normal 0 0 1
    outer loop
      vertex 24.8098 -2.38424 1.2
      vertex 21.9418 -2.55661 1.2
      vertex 24.7122 -2.74664 1.2
    endloop
  endfacet
  facet normal -0 -0 1
    outer loop
      vertex 21.9936 -2.73039 1.2
      vertex 24.7122 -2.74664 1.2
      vertex 21.9418 -2.55661 1.2
    endloop
  endfacet
  facet normal 0 0 1
    outer loop
      vertex 21.9977 -0.247753 1.2
      vertex 23.3865 0.747775 1.2
      vertex 23.0586 0.720126 1.2
    endloop
  endfacet
  facet normal 0 -0 1
    outer loop
      vertex 22.0548 -2.89114 1.2
      vertex 24.7122 -2.74664 1.2
      vertex 21.9936 -2.73039 1.2
    endloop
  endfacet
  facet normal 0 0 1
    outer loop
      vertex 24.7122 -2.74664 1.2
      vertex 22.0548 -2.89114 1.2
      vertex 24.5756 -3.0533 1.2
    endloop
  endfacet
  facet normal 0 0 1
    outer loop
      vertex 22.1327 0.0564451 1.2
      vertex 23.0586 0.720126 1.2
      vertex 22.7692 0.637164 1.2
    endloop
  endfacet
  facet normal 0 -0 1
    outer loop
      vertex 23.6389 -3.72236 1.2
      vertex 24.5756 -3.0533 1.2
      vertex 22.0548 -2.89114 1.2
    endloop
  endfacet
  facet normal 0 -0 1
    outer loop
      vertex 23.9316 -3.63873 1.2
      vertex 24.4 -3.3042 1.2
      vertex 23.6389 -3.72236 1.2
    endloop
  endfacet
  facet normal 0 0 1
    outer loop
      vertex 22.3063 0.305316 1.2
      vertex 22.7692 0.637164 1.2
      vertex 22.5185 0.498889 1.2
    endloop
  endfacet
  facet normal 0 0 1
    outer loop
      vertex 24.4 -3.3042 1.2
      vertex 23.9316 -3.63873 1.2
      vertex 24.1853 -3.49934 1.2
    endloop
  endfacet
  facet normal 0 0 1
    outer loop
      vertex 24.5756 -3.0533 1.2
      vertex 23.6389 -3.72236 1.2
      vertex 24.4 -3.3042 1.2
    endloop
  endfacet
  facet normal 0 0 1
    outer loop
      vertex 22.7692 0.637164 1.2
      vertex 22.3063 0.305316 1.2
      vertex 22.1327 0.0564451 1.2
    endloop
  endfacet
  facet normal 0 0 1
    outer loop
      vertex 23.6389 -3.72236 1.2
      vertex 22.0548 -2.89114 1.2
      vertex 23.3071 -3.75024 1.2
    endloop
  endfacet
  facet normal -0 -0 1
    outer loop
      vertex 22.1255 -3.03885 1.2
      vertex 23.3071 -3.75024 1.2
      vertex 22.0548 -2.89114 1.2
    endloop
  endfacet
  facet normal 0 0 1
    outer loop
      vertex 23.0586 0.720126 1.2
      vertex 22.1327 0.0564451 1.2
      vertex 21.9977 -0.247753 1.2
    endloop
  endfacet
  facet normal 0 0 1
    outer loop
      vertex 23.3071 -3.75024 1.2
      vertex 22.1255 -3.03885 1.2
      vertex 23.1513 -3.74313 1.2
    endloop
  endfacet
  facet normal -0 -0 1
    outer loop
      vertex 22.2055 -3.17353 1.2
      vertex 23.1513 -3.74313 1.2
      vertex 22.1255 -3.03885 1.2
    endloop
  endfacet
  facet normal 0 0 1
    outer loop
      vertex 24.7692 -0.383007 1.2
      vertex 21.9977 -0.247753 1.2
      vertex 21.9012 -0.607235 1.2
    endloop
  endfacet
  facet normal 0 0 1
    outer loop
      vertex 23.1513 -3.74313 1.2
      vertex 22.2055 -3.17353 1.2
      vertex 23.0038 -3.72177 1.2
    endloop
  endfacet
  facet normal 0 0 1
    outer loop
      vertex 23.0038 -3.72177 1.2
      vertex 22.2055 -3.17353 1.2
      vertex 22.8646 -3.68617 1.2
    endloop
  endfacet
  facet normal 0 0 1
    outer loop
      vertex 24.8451 -0.778744 1.2
      vertex 21.9012 -0.607235 1.2
      vertex 21.8434 -1.02205 1.2
    endloop
  endfacet
  facet normal 0 0 1
    outer loop
      vertex 24.8831 -1.23837 1.2
      vertex 21.8434 -1.02205 1.2
      vertex 21.8241 -1.49215 1.2
    endloop
  endfacet
  facet normal 0 0 1
    outer loop
      vertex 22.4974 -3.49392 1.2
      vertex 22.2055 -3.17353 1.2
      vertex 22.3918 -3.40136 1.2
    endloop
  endfacet
  facet normal 0 0 1
    outer loop
      vertex 22.8646 -3.68617 1.2
      vertex 22.2055 -3.17353 1.2
      vertex 22.7339 -3.63633 1.2
    endloop
  endfacet
  facet normal 0 0 1
    outer loop
      vertex 22.3918 -3.40136 1.2
      vertex 22.2055 -3.17353 1.2
      vertex 22.2944 -3.29457 1.2
    endloop
  endfacet
  facet normal 0 0 1
    outer loop
      vertex 22.6115 -3.57225 1.2
      vertex 22.2055 -3.17353 1.2
      vertex 22.4974 -3.49392 1.2
    endloop
  endfacet
  facet normal 0 0 1
    outer loop
      vertex 22.7339 -3.63633 1.2
      vertex 22.2055 -3.17353 1.2
      vertex 22.6115 -3.57225 1.2
    endloop
  endfacet
  facet normal 0 0 1
    outer loop
      vertex 1.48918 -0.589596 1.2
      vertex 4.03027 -0.580883 1.2
      vertex 4.0088 -0.418026 1.2
    endloop
  endfacet
  facet normal 0 0 1
    outer loop
      vertex 1.50468 -0.433865 1.2
      vertex 4.0088 -0.418026 1.2
      vertex 3.98022 -0.265041 1.2
    endloop
  endfacet
  facet normal 0 0 1
    outer loop
      vertex 1.52779 -0.286419 1.2
      vertex 3.98022 -0.265041 1.2
      vertex 3.94458 -0.121914 1.2
    endloop
  endfacet
  facet normal 0 0 1
    outer loop
      vertex 1.55849 -0.147259 1.2
      vertex 3.94458 -0.121914 1.2
      vertex 3.90186 0.0113249 1.2
    endloop
  endfacet
  facet normal 0 0 1
    outer loop
      vertex 1.59682 -0.0163841 1.2
      vertex 3.90186 0.0113249 1.2
      vertex 3.85204 0.134707 1.2
    endloop
  endfacet
  facet normal 0 0 1
    outer loop
      vertex 2.75687 0.845416 1.2
      vertex 3.85204 0.134707 1.2
      vertex 3.79515 0.248218 1.2
    endloop
  endfacet
  facet normal 0 0 1
    outer loop
      vertex 2.88014 0.840487 1.2
      vertex 3.79515 0.248218 1.2
      vertex 3.73117 0.351871 1.2
    endloop
  endfacet
  facet normal 0 0 1
    outer loop
      vertex 2.88014 0.840487 1.2
      vertex 3.73117 0.351871 1.2
      vertex 3.66011 0.445636 1.2
    endloop
  endfacet
  facet normal 0 0 1
    outer loop
      vertex 2.9977 0.825686 1.2
      vertex 3.66011 0.445636 1.2
      vertex 3.58267 0.529544 1.2
    endloop
  endfacet
  facet normal 0 0 1
    outer loop
      vertex 2.9977 0.825686 1.2
      vertex 3.58267 0.529544 1.2
      vertex 3.4995 0.60358 1.2
    endloop
  endfacet
  facet normal 0 0 1
    outer loop
      vertex 2.9977 0.825686 1.2
      vertex 3.4995 0.60358 1.2
      vertex 3.4106 0.667743 1.2
    endloop
  endfacet
  facet normal 0 0 1
    outer loop
      vertex 2.9977 0.825686 1.2
      vertex 3.4106 0.667743 1.2
      vertex 3.31596 0.722034 1.2
    endloop
  endfacet
  facet normal 0 0 1
    outer loop
      vertex 3.10951 0.800998 1.2
      vertex 3.31596 0.722034 1.2
      vertex 3.21561 0.766452 1.2
    endloop
  endfacet
  facet normal 0 0 1
    outer loop
      vertex 2.9977 0.825686 1.2
      vertex 3.31596 0.722034 1.2
      vertex 3.10951 0.800998 1.2
    endloop
  endfacet
  facet normal 0 0 1
    outer loop
      vertex 3.66011 0.445636 1.2
      vertex 2.9977 0.825686 1.2
      vertex 2.88014 0.840487 1.2
    endloop
  endfacet
  facet normal 0 0 1
    outer loop
      vertex 3.79515 0.248218 1.2
      vertex 2.88014 0.840487 1.2
      vertex 2.75687 0.845416 1.2
    endloop
  endfacet
  facet normal 0 0 1
    outer loop
      vertex 3.85204 0.134707 1.2
      vertex 2.75687 0.845416 1.2
      vertex 1.64275 0.106189 1.2
    endloop
  endfacet
  facet normal 0 0 1
    outer loop
      vertex 1.64275 0.106189 1.2
      vertex 2.75687 0.845416 1.2
      vertex 2.62604 0.840228 1.2
    endloop
  endfacet
  facet normal 0 0 1
    outer loop
      vertex 1.69627 0.220492 1.2
      vertex 2.62604 0.840228 1.2
      vertex 2.50206 0.824618 1.2
    endloop
  endfacet
  facet normal 0 0 1
    outer loop
      vertex 1.75743 0.326495 1.2
      vertex 2.50206 0.824618 1.2
      vertex 2.38495 0.798617 1.2
    endloop
  endfacet
  facet normal 0 0 1
    outer loop
      vertex 1.82619 0.424228 1.2
      vertex 2.38495 0.798617 1.2
      vertex 2.27467 0.762225 1.2
    endloop
  endfacet
  facet normal 0 0 1
    outer loop
      vertex 1.82619 0.424228 1.2
      vertex 2.27467 0.762225 1.2
      vertex 2.17126 0.715426 1.2
    endloop
  endfacet
  facet normal 0 0 1
    outer loop
      vertex 1.82619 0.424228 1.2
      vertex 2.17126 0.715426 1.2
      vertex 2.07471 0.658221 1.2
    endloop
  endfacet
  facet normal 0 0 1
    outer loop
      vertex 1.82619 0.424228 1.2
      vertex 2.07471 0.658221 1.2
      vertex 1.98502 0.590625 1.2
    endloop
  endfacet
  facet normal 0 0 1
    outer loop
      vertex 1.82619 0.424228 1.2
      vertex 1.98502 0.590625 1.2
      vertex 1.90218 0.512622 1.2
    endloop
  endfacet
  facet normal 0 0 1
    outer loop
      vertex 2.38495 0.798617 1.2
      vertex 1.82619 0.424228 1.2
      vertex 1.75743 0.326495 1.2
    endloop
  endfacet
  facet normal 0 0 1
    outer loop
      vertex 2.50206 0.824618 1.2
      vertex 1.75743 0.326495 1.2
      vertex 1.69627 0.220492 1.2
    endloop
  endfacet
  facet normal 0 0 1
    outer loop
      vertex 2.62604 0.840228 1.2
      vertex 1.69627 0.220492 1.2
      vertex 1.64275 0.106189 1.2
    endloop
  endfacet
  facet normal 0 0 1
    outer loop
      vertex 3.85204 0.134707 1.2
      vertex 1.64275 0.106189 1.2
      vertex 1.59682 -0.0163841 1.2
    endloop
  endfacet
  facet normal 0 0 1
    outer loop
      vertex 3.90186 0.0113249 1.2
      vertex 1.59682 -0.0163841 1.2
      vertex 1.55849 -0.147259 1.2
    endloop
  endfacet
  facet normal 0 0 1
    outer loop
      vertex 3.94458 -0.121914 1.2
      vertex 1.55849 -0.147259 1.2
      vertex 1.52779 -0.286419 1.2
    endloop
  endfacet
  facet normal 0 0 1
    outer loop
      vertex 3.98022 -0.265041 1.2
      vertex 1.52779 -0.286419 1.2
      vertex 1.50468 -0.433865 1.2
    endloop
  endfacet
  facet normal 0 0 1
    outer loop
      vertex 4.0088 -0.418026 1.2
      vertex 1.50468 -0.433865 1.2
      vertex 1.48918 -0.589596 1.2
    endloop
  endfacet
  facet normal 0 0 1
    outer loop
      vertex 1.48131 -0.753613 1.2
      vertex 4.03027 -0.580883 1.2
      vertex 1.48918 -0.589596 1.2
    endloop
  endfacet
  facet normal 0 0 1
    outer loop
      vertex 4.03027 -0.580883 1.2
      vertex 1.48131 -0.753613 1.2
      vertex 4.04468 -0.753613 1.2
    endloop
  endfacet
  facet normal -0.941492 -0.337035 0
    outer loop
      vertex -38.9086 -11.2592 0
      vertex -38.9483 -11.1483 1.2
      vertex -38.9483 -11.1483 0
    endloop
  endfacet
  facet normal -0.941492 -0.337035 0
    outer loop
      vertex -38.9483 -11.1483 1.2
      vertex -38.9086 -11.2592 0
      vertex -38.9086 -11.2592 1.2
    endloop
  endfacet
  facet normal 0.514496 -0.857493 0
    outer loop
      vertex 38.3657 -11.8583 0
      vertex 38.4667 -11.7977 1.2
      vertex 38.3657 -11.8583 1.2
    endloop
  endfacet
  facet normal 0.514496 -0.857493 0
    outer loop
      vertex 38.4667 -11.7977 1.2
      vertex 38.3657 -11.8583 0
      vertex 38.4667 -11.7977 0
    endloop
  endfacet
  facet normal 0.59537 0.803452 -0
    outer loop
      vertex 38.5613 11.7276 0
      vertex 38.4667 11.7977 1.2
      vertex 38.5613 11.7276 1.2
    endloop
  endfacet
  facet normal 0.59537 0.803452 0
    outer loop
      vertex 38.4667 11.7977 1.2
      vertex 38.5613 11.7276 0
      vertex 38.4667 11.7977 0
    endloop
  endfacet
  facet normal -0.941492 0.337035 0
    outer loop
      vertex -38.9483 11.1483 0
      vertex -38.9086 11.2592 1.2
      vertex -38.9086 11.2592 0
    endloop
  endfacet
  facet normal -0.941492 0.337035 0
    outer loop
      vertex -38.9086 11.2592 1.2
      vertex -38.9483 11.1483 0
      vertex -38.9483 11.1483 1.2
    endloop
  endfacet
  facet normal 0.904221 0.427064 0
    outer loop
      vertex 38.9086 11.2592 1.2
      vertex 38.8583 11.3657 0
      vertex 38.8583 11.3657 1.2
    endloop
  endfacet
  facet normal 0.904221 0.427064 0
    outer loop
      vertex 38.8583 11.3657 0
      vertex 38.9086 11.2592 1.2
      vertex 38.9086 11.2592 0
    endloop
  endfacet
  facet normal -0.857493 0.514496 0
    outer loop
      vertex -38.8583 11.3657 0
      vertex -38.7977 11.4667 1.2
      vertex -38.7977 11.4667 0
    endloop
  endfacet
  facet normal -0.857493 0.514496 0
    outer loop
      vertex -38.7977 11.4667 1.2
      vertex -38.8583 11.3657 0
      vertex -38.8583 11.3657 1.2
    endloop
  endfacet
  facet normal -0.989153 0.146887 0
    outer loop
      vertex -38.9942 10.9176 0
      vertex -38.9769 11.0341 1.2
      vertex -38.9769 11.0341 0
    endloop
  endfacet
  facet normal -0.989153 0.146887 0
    outer loop
      vertex -38.9769 11.0341 1.2
      vertex -38.9942 10.9176 0
      vertex -38.9942 10.9176 1.2
    endloop
  endfacet
  facet normal -0.337035 -0.941492 0
    outer loop
      vertex -38.2592 -11.9086 0
      vertex -38.1483 -11.9483 1.2
      vertex -38.2592 -11.9086 1.2
    endloop
  endfacet
  facet normal -0.337035 -0.941492 -0
    outer loop
      vertex -38.1483 -11.9483 1.2
      vertex -38.2592 -11.9086 0
      vertex -38.1483 -11.9483 0
    endloop
  endfacet
  facet normal 0.998786 0.0492599 0
    outer loop
      vertex 39 10.8 1.2
      vertex 38.9942 10.9176 0
      vertex 38.9942 10.9176 1.2
    endloop
  endfacet
  facet normal 0.998786 0.0492599 0
    outer loop
      vertex 38.9942 10.9176 0
      vertex 39 10.8 1.2
      vertex 39 10.8 0
    endloop
  endfacet
  facet normal -0.970042 -0.242935 0
    outer loop
      vertex -38.9483 -11.1483 0
      vertex -38.9769 -11.0341 1.2
      vertex -38.9769 -11.0341 0
    endloop
  endfacet
  facet normal -0.970042 -0.242935 0
    outer loop
      vertex -38.9769 -11.0341 1.2
      vertex -38.9483 -11.1483 0
      vertex -38.9483 -11.1483 1.2
    endloop
  endfacet
  facet normal 0.242935 -0.970042 0
    outer loop
      vertex 38.0341 -11.9769 0
      vertex 38.1483 -11.9483 1.2
      vertex 38.0341 -11.9769 1.2
    endloop
  endfacet
  facet normal 0.242935 -0.970042 0
    outer loop
      vertex 38.1483 -11.9483 1.2
      vertex 38.0341 -11.9769 0
      vertex 38.1483 -11.9483 0
    endloop
  endfacet
  facet normal -0.74067 0.671869 0
    outer loop
      vertex -38.7276 11.5613 0
      vertex -38.6485 11.6485 1.2
      vertex -38.6485 11.6485 0
    endloop
  endfacet
  facet normal -0.74067 0.671869 0
    outer loop
      vertex -38.6485 11.6485 1.2
      vertex -38.7276 11.5613 0
      vertex -38.7276 11.5613 1.2
    endloop
  endfacet
  facet normal 0.857493 -0.514496 0
    outer loop
      vertex 38.7977 -11.4667 1.2
      vertex 38.8583 -11.3657 0
      vertex 38.8583 -11.3657 1.2
    endloop
  endfacet
  facet normal 0.857493 -0.514496 0
    outer loop
      vertex 38.8583 -11.3657 0
      vertex 38.7977 -11.4667 1.2
      vertex 38.7977 -11.4667 0
    endloop
  endfacet
  facet normal -0.998786 -0.0492599 0
    outer loop
      vertex -38.9942 -10.9176 0
      vertex -39 -10.8 1.2
      vertex -39 -10.8 0
    endloop
  endfacet
  facet normal -0.998786 -0.0492599 0
    outer loop
      vertex -39 -10.8 1.2
      vertex -38.9942 -10.9176 0
      vertex -38.9942 -10.9176 1.2
    endloop
  endfacet
  facet normal -0.59537 -0.803452 0
    outer loop
      vertex -38.5613 -11.7276 0
      vertex -38.4667 -11.7977 1.2
      vertex -38.5613 -11.7276 1.2
    endloop
  endfacet
  facet normal -0.59537 -0.803452 -0
    outer loop
      vertex -38.4667 -11.7977 1.2
      vertex -38.5613 -11.7276 0
      vertex -38.4667 -11.7977 0
    endloop
  endfacet
  facet normal -0.904221 0.427064 0
    outer loop
      vertex -38.9086 11.2592 0
      vertex -38.8583 11.3657 1.2
      vertex -38.8583 11.3657 0
    endloop
  endfacet
  facet normal -0.904221 0.427064 0
    outer loop
      vertex -38.8583 11.3657 1.2
      vertex -38.9086 11.2592 0
      vertex -38.9086 11.2592 1.2
    endloop
  endfacet
  facet normal -0.242935 0.970042 0
    outer loop
      vertex -38.0341 11.9769 0
      vertex -38.1483 11.9483 1.2
      vertex -38.0341 11.9769 1.2
    endloop
  endfacet
  facet normal -0.242935 0.970042 0
    outer loop
      vertex -38.1483 11.9483 1.2
      vertex -38.0341 11.9769 0
      vertex -38.1483 11.9483 0
    endloop
  endfacet
  facet normal 0.514496 0.857493 -0
    outer loop
      vertex 38.4667 11.7977 0
      vertex 38.3657 11.8583 1.2
      vertex 38.4667 11.7977 1.2
    endloop
  endfacet
  facet normal 0.514496 0.857493 0
    outer loop
      vertex 38.3657 11.8583 1.2
      vertex 38.4667 11.7977 0
      vertex 38.3657 11.8583 0
    endloop
  endfacet
  facet normal -0.74067 -0.671869 0
    outer loop
      vertex -38.6485 -11.6485 0
      vertex -38.7276 -11.5613 1.2
      vertex -38.7276 -11.5613 0
    endloop
  endfacet
  facet normal -0.74067 -0.671869 0
    outer loop
      vertex -38.7276 -11.5613 1.2
      vertex -38.6485 -11.6485 0
      vertex -38.6485 -11.6485 1.2
    endloop
  endfacet
  facet normal 0.989153 0.146887 0
    outer loop
      vertex 38.9942 10.9176 1.2
      vertex 38.9769 11.0341 0
      vertex 38.9769 11.0341 1.2
    endloop
  endfacet
  facet normal 0.989153 0.146887 0
    outer loop
      vertex 38.9769 11.0341 0
      vertex 38.9942 10.9176 1.2
      vertex 38.9942 10.9176 0
    endloop
  endfacet
  facet normal 0.146887 -0.989153 0
    outer loop
      vertex 37.9176 -11.9942 0
      vertex 38.0341 -11.9769 1.2
      vertex 37.9176 -11.9942 1.2
    endloop
  endfacet
  facet normal 0.146887 -0.989153 0
    outer loop
      vertex 38.0341 -11.9769 1.2
      vertex 37.9176 -11.9942 0
      vertex 38.0341 -11.9769 0
    endloop
  endfacet
  facet normal -0.514496 0.857493 0
    outer loop
      vertex -38.3657 11.8583 0
      vertex -38.4667 11.7977 1.2
      vertex -38.3657 11.8583 1.2
    endloop
  endfacet
  facet normal -0.514496 0.857493 0
    outer loop
      vertex -38.4667 11.7977 1.2
      vertex -38.3657 11.8583 0
      vertex -38.4667 11.7977 0
    endloop
  endfacet
  facet normal 0.989153 -0.146887 0
    outer loop
      vertex 38.9769 -11.0341 1.2
      vertex 38.9942 -10.9176 0
      vertex 38.9942 -10.9176 1.2
    endloop
  endfacet
  facet normal 0.989153 -0.146887 0
    outer loop
      vertex 38.9942 -10.9176 0
      vertex 38.9769 -11.0341 1.2
      vertex 38.9769 -11.0341 0
    endloop
  endfacet
  facet normal 0.427064 0.904221 -0
    outer loop
      vertex 38.3657 11.8583 0
      vertex 38.2592 11.9086 1.2
      vertex 38.3657 11.8583 1.2
    endloop
  endfacet
  facet normal 0.427064 0.904221 0
    outer loop
      vertex 38.2592 11.9086 1.2
      vertex 38.3657 11.8583 0
      vertex 38.2592 11.9086 0
    endloop
  endfacet
  facet normal -0.671869 -0.74067 0
    outer loop
      vertex -38.6485 -11.6485 0
      vertex -38.5613 -11.7276 1.2
      vertex -38.6485 -11.6485 1.2
    endloop
  endfacet
  facet normal -0.671869 -0.74067 -0
    outer loop
      vertex -38.5613 -11.7276 1.2
      vertex -38.6485 -11.6485 0
      vertex -38.5613 -11.7276 0
    endloop
  endfacet
  facet normal 0 0 -1
    outer loop
      vertex 37.8 -12 0
      vertex 39 -10.8 0
      vertex 38.9942 -10.9176 0
    endloop
  endfacet
  facet normal -0 0 -1
    outer loop
      vertex 39 -10.8 0
      vertex 37.8 -12 0
      vertex 39 10.8 0
    endloop
  endfacet
  facet normal 0 0 -1
    outer loop
      vertex 37.8 -12 0
      vertex 38.9942 -10.9176 0
      vertex 38.9769 -11.0341 0
    endloop
  endfacet
  facet normal 0 0 -1
    outer loop
      vertex 37.8 12 0
      vertex 39 10.8 0
      vertex 37.8 -12 0
    endloop
  endfacet
  facet normal 0 0 -1
    outer loop
      vertex 37.8 -12 0
      vertex 38.9769 -11.0341 0
      vertex 38.9483 -11.1483 0
    endloop
  endfacet
  facet normal 0 0 -1
    outer loop
      vertex 39 10.8 0
      vertex 37.8 12 0
      vertex 38.9942 10.9176 0
    endloop
  endfacet
  facet normal 0 0 -1
    outer loop
      vertex 37.8 -12 0
      vertex 38.9483 -11.1483 0
      vertex 38.9086 -11.2592 0
    endloop
  endfacet
  facet normal 0 0 -1
    outer loop
      vertex 38.9942 10.9176 0
      vertex 37.8 12 0
      vertex 38.9769 11.0341 0
    endloop
  endfacet
  facet normal 0 0 -1
    outer loop
      vertex 37.8 -12 0
      vertex 38.9086 -11.2592 0
      vertex 38.8583 -11.3657 0
    endloop
  endfacet
  facet normal 0 0 -1
    outer loop
      vertex 38.9769 11.0341 0
      vertex 37.8 12 0
      vertex 38.9483 11.1483 0
    endloop
  endfacet
  facet normal 0 0 -1
    outer loop
      vertex 37.8 -12 0
      vertex 38.8583 -11.3657 0
      vertex 38.7977 -11.4667 0
    endloop
  endfacet
  facet normal 0 0 -1
    outer loop
      vertex 38.9483 11.1483 0
      vertex 37.8 12 0
      vertex 38.9086 11.2592 0
    endloop
  endfacet
  facet normal 0 0 -1
    outer loop
      vertex 37.8 -12 0
      vertex 38.7977 -11.4667 0
      vertex 38.7276 -11.5613 0
    endloop
  endfacet
  facet normal 0 0 -1
    outer loop
      vertex 38.9086 11.2592 0
      vertex 37.8 12 0
      vertex 38.8583 11.3657 0
    endloop
  endfacet
  facet normal 0 0 -1
    outer loop
      vertex 37.8 -12 0
      vertex 38.7276 -11.5613 0
      vertex 38.6485 -11.6485 0
    endloop
  endfacet
  facet normal 0 0 -1
    outer loop
      vertex 38.8583 11.3657 0
      vertex 37.8 12 0
      vertex 38.7977 11.4667 0
    endloop
  endfacet
  facet normal 0 0 -1
    outer loop
      vertex 37.8 -12 0
      vertex 38.6485 -11.6485 0
      vertex 38.5613 -11.7276 0
    endloop
  endfacet
  facet normal 0 0 -1
    outer loop
      vertex 38.7977 11.4667 0
      vertex 37.8 12 0
      vertex 38.7276 11.5613 0
    endloop
  endfacet
  facet normal 0 0 -1
    outer loop
      vertex 37.8 -12 0
      vertex 38.5613 -11.7276 0
      vertex 38.4667 -11.7977 0
    endloop
  endfacet
  facet normal 0 0 -1
    outer loop
      vertex 38.7276 11.5613 0
      vertex 37.8 12 0
      vertex 38.6485 11.6485 0
    endloop
  endfacet
  facet normal 0 0 -1
    outer loop
      vertex 37.8 -12 0
      vertex 38.4667 -11.7977 0
      vertex 38.3657 -11.8583 0
    endloop
  endfacet
  facet normal 0 0 -1
    outer loop
      vertex 38.6485 11.6485 0
      vertex 37.8 12 0
      vertex 38.5613 11.7276 0
    endloop
  endfacet
  facet normal 0 0 -1
    outer loop
      vertex 37.8 -12 0
      vertex 38.3657 -11.8583 0
      vertex 38.2592 -11.9086 0
    endloop
  endfacet
  facet normal 0 0 -1
    outer loop
      vertex 38.5613 11.7276 0
      vertex 37.8 12 0
      vertex 38.4667 11.7977 0
    endloop
  endfacet
  facet normal 0 0 -1
    outer loop
      vertex 37.8 -12 0
      vertex 38.2592 -11.9086 0
      vertex 38.1483 -11.9483 0
    endloop
  endfacet
  facet normal 0 0 -1
    outer loop
      vertex 38.4667 11.7977 0
      vertex 37.8 12 0
      vertex 38.3657 11.8583 0
    endloop
  endfacet
  facet normal 0 0 -1
    outer loop
      vertex 37.8 -12 0
      vertex 38.1483 -11.9483 0
      vertex 38.0341 -11.9769 0
    endloop
  endfacet
  facet normal 0 0 -1
    outer loop
      vertex 38.3657 11.8583 0
      vertex 37.8 12 0
      vertex 38.2592 11.9086 0
    endloop
  endfacet
  facet normal 0 0 -1
    outer loop
      vertex 37.8 -12 0
      vertex 38.0341 -11.9769 0
      vertex 37.9176 -11.9942 0
    endloop
  endfacet
  facet normal 0 0 -1
    outer loop
      vertex 38.2592 11.9086 0
      vertex 37.8 12 0
      vertex 38.1483 11.9483 0
    endloop
  endfacet
  facet normal 0 0 -1
    outer loop
      vertex 38.1483 11.9483 0
      vertex 37.8 12 0
      vertex 38.0341 11.9769 0
    endloop
  endfacet
  facet normal 0 0 -1
    outer loop
      vertex 38.0341 11.9769 0
      vertex 37.8 12 0
      vertex 37.9176 11.9942 0
    endloop
  endfacet
  facet normal 0 0 -1
    outer loop
      vertex -37.8 -12 0
      vertex 37.8 12 0
      vertex 37.8 -12 0
    endloop
  endfacet
  facet normal 0 0 -1
    outer loop
      vertex -37.8 -12 0
      vertex -37.8 12 0
      vertex 37.8 12 0
    endloop
  endfacet
  facet normal 0 0 -1
    outer loop
      vertex -39 -10.8 0
      vertex -37.8 -12 0
      vertex -37.9176 -11.9942 0
    endloop
  endfacet
  facet normal 0 0 -1
    outer loop
      vertex -37.8 -12 0
      vertex -39 -10.8 0
      vertex -37.8 12 0
    endloop
  endfacet
  facet normal 0 0 -1
    outer loop
      vertex -39 -10.8 0
      vertex -37.9176 -11.9942 0
      vertex -38.0341 -11.9769 0
    endloop
  endfacet
  facet normal 0 0 -1
    outer loop
      vertex -39 10.8 0
      vertex -37.8 12 0
      vertex -39 -10.8 0
    endloop
  endfacet
  facet normal 0 0 -1
    outer loop
      vertex -39 -10.8 0
      vertex -38.0341 -11.9769 0
      vertex -38.1483 -11.9483 0
    endloop
  endfacet
  facet normal 0 0 -1
    outer loop
      vertex -37.8 12 0
      vertex -39 10.8 0
      vertex -37.9176 11.9942 0
    endloop
  endfacet
  facet normal 0 0 -1
    outer loop
      vertex -39 -10.8 0
      vertex -38.1483 -11.9483 0
      vertex -38.2592 -11.9086 0
    endloop
  endfacet
  facet normal 0 0 -1
    outer loop
      vertex -37.9176 11.9942 0
      vertex -39 10.8 0
      vertex -38.0341 11.9769 0
    endloop
  endfacet
  facet normal 0 0 -1
    outer loop
      vertex -39 -10.8 0
      vertex -38.2592 -11.9086 0
      vertex -38.3657 -11.8583 0
    endloop
  endfacet
  facet normal 0 0 -1
    outer loop
      vertex -38.0341 11.9769 0
      vertex -39 10.8 0
      vertex -38.1483 11.9483 0
    endloop
  endfacet
  facet normal 0 0 -1
    outer loop
      vertex -39 -10.8 0
      vertex -38.3657 -11.8583 0
      vertex -38.4667 -11.7977 0
    endloop
  endfacet
  facet normal 0 0 -1
    outer loop
      vertex -38.1483 11.9483 0
      vertex -39 10.8 0
      vertex -38.2592 11.9086 0
    endloop
  endfacet
  facet normal 0 0 -1
    outer loop
      vertex -39 -10.8 0
      vertex -38.4667 -11.7977 0
      vertex -38.5613 -11.7276 0
    endloop
  endfacet
  facet normal 0 0 -1
    outer loop
      vertex -38.2592 11.9086 0
      vertex -39 10.8 0
      vertex -38.3657 11.8583 0
    endloop
  endfacet
  facet normal 0 0 -1
    outer loop
      vertex -39 -10.8 0
      vertex -38.5613 -11.7276 0
      vertex -38.6485 -11.6485 0
    endloop
  endfacet
  facet normal 0 0 -1
    outer loop
      vertex -38.3657 11.8583 0
      vertex -39 10.8 0
      vertex -38.4667 11.7977 0
    endloop
  endfacet
  facet normal 0 0 -1
    outer loop
      vertex -39 -10.8 0
      vertex -38.6485 -11.6485 0
      vertex -38.7276 -11.5613 0
    endloop
  endfacet
  facet normal 0 0 -1
    outer loop
      vertex -38.4667 11.7977 0
      vertex -39 10.8 0
      vertex -38.5613 11.7276 0
    endloop
  endfacet
  facet normal 0 0 -1
    outer loop
      vertex -39 -10.8 0
      vertex -38.7276 -11.5613 0
      vertex -38.7977 -11.4667 0
    endloop
  endfacet
  facet normal 0 0 -1
    outer loop
      vertex -38.5613 11.7276 0
      vertex -39 10.8 0
      vertex -38.6485 11.6485 0
    endloop
  endfacet
  facet normal 0 0 -1
    outer loop
      vertex -39 -10.8 0
      vertex -38.7977 -11.4667 0
      vertex -38.8583 -11.3657 0
    endloop
  endfacet
  facet normal 0 0 -1
    outer loop
      vertex -38.6485 11.6485 0
      vertex -39 10.8 0
      vertex -38.7276 11.5613 0
    endloop
  endfacet
  facet normal 0 0 -1
    outer loop
      vertex -39 -10.8 0
      vertex -38.8583 -11.3657 0
      vertex -38.9086 -11.2592 0
    endloop
  endfacet
  facet normal 0 0 -1
    outer loop
      vertex -38.7276 11.5613 0
      vertex -39 10.8 0
      vertex -38.7977 11.4667 0
    endloop
  endfacet
  facet normal 0 0 -1
    outer loop
      vertex -39 -10.8 0
      vertex -38.9086 -11.2592 0
      vertex -38.9483 -11.1483 0
    endloop
  endfacet
  facet normal 0 0 -1
    outer loop
      vertex -38.7977 11.4667 0
      vertex -39 10.8 0
      vertex -38.8583 11.3657 0
    endloop
  endfacet
  facet normal 0 0 -1
    outer loop
      vertex -39 -10.8 0
      vertex -38.9483 -11.1483 0
      vertex -38.9769 -11.0341 0
    endloop
  endfacet
  facet normal 0 0 -1
    outer loop
      vertex -38.8583 11.3657 0
      vertex -39 10.8 0
      vertex -38.9086 11.2592 0
    endloop
  endfacet
  facet normal 0 0 -1
    outer loop
      vertex -39 -10.8 0
      vertex -38.9769 -11.0341 0
      vertex -38.9942 -10.9176 0
    endloop
  endfacet
  facet normal 0 0 -1
    outer loop
      vertex -38.9086 11.2592 0
      vertex -39 10.8 0
      vertex -38.9483 11.1483 0
    endloop
  endfacet
  facet normal 0 0 -1
    outer loop
      vertex -38.9483 11.1483 0
      vertex -39 10.8 0
      vertex -38.9769 11.0341 0
    endloop
  endfacet
  facet normal 0 0 -1
    outer loop
      vertex -38.9769 11.0341 0
      vertex -39 10.8 0
      vertex -38.9942 10.9176 0
    endloop
  endfacet
  facet normal 0.337035 -0.941492 0
    outer loop
      vertex 38.1483 -11.9483 0
      vertex 38.2592 -11.9086 1.2
      vertex 38.1483 -11.9483 1.2
    endloop
  endfacet
  facet normal 0.337035 -0.941492 0
    outer loop
      vertex 38.2592 -11.9086 1.2
      vertex 38.1483 -11.9483 0
      vertex 38.2592 -11.9086 0
    endloop
  endfacet
  facet normal 0.857493 0.514496 0
    outer loop
      vertex 38.8583 11.3657 1.2
      vertex 38.7977 11.4667 0
      vertex 38.7977 11.4667 1.2
    endloop
  endfacet
  facet normal 0.857493 0.514496 0
    outer loop
      vertex 38.7977 11.4667 0
      vertex 38.8583 11.3657 1.2
      vertex 38.8583 11.3657 0
    endloop
  endfacet
  facet normal 0.941492 -0.337035 0
    outer loop
      vertex 38.9086 -11.2592 1.2
      vertex 38.9483 -11.1483 0
      vertex 38.9483 -11.1483 1.2
    endloop
  endfacet
  facet normal 0.941492 -0.337035 0
    outer loop
      vertex 38.9483 -11.1483 0
      vertex 38.9086 -11.2592 1.2
      vertex 38.9086 -11.2592 0
    endloop
  endfacet
  facet normal 0.74067 0.671869 0
    outer loop
      vertex 38.7276 11.5613 1.2
      vertex 38.6485 11.6485 0
      vertex 38.6485 11.6485 1.2
    endloop
  endfacet
  facet normal 0.74067 0.671869 0
    outer loop
      vertex 38.6485 11.6485 0
      vertex 38.7276 11.5613 1.2
      vertex 38.7276 11.5613 0
    endloop
  endfacet
  facet normal -0.803452 0.59537 0
    outer loop
      vertex -38.7977 11.4667 0
      vertex -38.7276 11.5613 1.2
      vertex -38.7276 11.5613 0
    endloop
  endfacet
  facet normal -0.803452 0.59537 0
    outer loop
      vertex -38.7276 11.5613 1.2
      vertex -38.7977 11.4667 0
      vertex -38.7977 11.4667 1.2
    endloop
  endfacet
  facet normal 0.59537 -0.803452 0
    outer loop
      vertex 38.4667 -11.7977 0
      vertex 38.5613 -11.7276 1.2
      vertex 38.4667 -11.7977 1.2
    endloop
  endfacet
  facet normal 0.59537 -0.803452 0
    outer loop
      vertex 38.5613 -11.7276 1.2
      vertex 38.4667 -11.7977 0
      vertex 38.5613 -11.7276 0
    endloop
  endfacet
  facet normal 0.941492 0.337035 0
    outer loop
      vertex 38.9483 11.1483 1.2
      vertex 38.9086 11.2592 0
      vertex 38.9086 11.2592 1.2
    endloop
  endfacet
  facet normal 0.941492 0.337035 0
    outer loop
      vertex 38.9086 11.2592 0
      vertex 38.9483 11.1483 1.2
      vertex 38.9483 11.1483 0
    endloop
  endfacet
  facet normal 0.970042 0.242935 0
    outer loop
      vertex 38.9769 11.0341 1.2
      vertex 38.9483 11.1483 0
      vertex 38.9483 11.1483 1.2
    endloop
  endfacet
  facet normal 0.970042 0.242935 0
    outer loop
      vertex 38.9483 11.1483 0
      vertex 38.9769 11.0341 1.2
      vertex 38.9769 11.0341 0
    endloop
  endfacet
  facet normal 0.970042 -0.242935 0
    outer loop
      vertex 38.9483 -11.1483 1.2
      vertex 38.9769 -11.0341 0
      vertex 38.9769 -11.0341 1.2
    endloop
  endfacet
  facet normal 0.970042 -0.242935 0
    outer loop
      vertex 38.9769 -11.0341 0
      vertex 38.9483 -11.1483 1.2
      vertex 38.9483 -11.1483 0
    endloop
  endfacet
  facet normal 0.74067 -0.671869 0
    outer loop
      vertex 38.6485 -11.6485 1.2
      vertex 38.7276 -11.5613 0
      vertex 38.7276 -11.5613 1.2
    endloop
  endfacet
  facet normal 0.74067 -0.671869 0
    outer loop
      vertex 38.7276 -11.5613 0
      vertex 38.6485 -11.6485 1.2
      vertex 38.6485 -11.6485 0
    endloop
  endfacet
  facet normal 0.671869 -0.74067 0
    outer loop
      vertex 38.5613 -11.7276 0
      vertex 38.6485 -11.6485 1.2
      vertex 38.5613 -11.7276 1.2
    endloop
  endfacet
  facet normal 0.671869 -0.74067 0
    outer loop
      vertex 38.6485 -11.6485 1.2
      vertex 38.5613 -11.7276 0
      vertex 38.6485 -11.6485 0
    endloop
  endfacet
  facet normal 0.904221 -0.427064 0
    outer loop
      vertex 38.8583 -11.3657 1.2
      vertex 38.9086 -11.2592 0
      vertex 38.9086 -11.2592 1.2
    endloop
  endfacet
  facet normal 0.904221 -0.427064 0
    outer loop
      vertex 38.9086 -11.2592 0
      vertex 38.8583 -11.3657 1.2
      vertex 38.8583 -11.3657 0
    endloop
  endfacet
  facet normal 0 0 1
    outer loop
      vertex -21.8021 4.82278 2.1
      vertex -19.3554 10.1916 2.1
      vertex -19.9863 10.4561 2.1
    endloop
  endfacet
  facet normal 0 0 1
    outer loop
      vertex -22.1007 4.94797 2.1
      vertex -19.9863 10.4561 2.1
      vertex -20.6321 10.6816 2.1
    endloop
  endfacet
  facet normal 0 0 1
    outer loop
      vertex -22.4063 5.05469 2.1
      vertex -20.6321 10.6816 2.1
      vertex -21.2905 10.8673 2.1
    endloop
  endfacet
  facet normal 0 -0 1
    outer loop
      vertex -21.8021 4.82278 2.1
      vertex -19.9863 10.4561 2.1
      vertex -22.1007 4.94797 2.1
    endloop
  endfacet
  facet normal 0 0 1
    outer loop
      vertex -18.7419 9.88901 2.1
      vertex -21.8021 4.82278 2.1
      vertex -21.5118 4.67961 2.1
    endloop
  endfacet
  facet normal 0 0 1
    outer loop
      vertex -22.7178 5.14256 2.1
      vertex -21.2905 10.8673 2.1
      vertex -21.959 11.0125 2.1
    endloop
  endfacet
  facet normal 0 0 1
    outer loop
      vertex -19.3554 10.1916 2.1
      vertex -21.8021 4.82278 2.1
      vertex -18.7419 9.88901 2.1
    endloop
  endfacet
  facet normal 0 0 1
    outer loop
      vertex -20.6321 10.6816 2.1
      vertex -22.4063 5.05469 2.1
      vertex -22.1007 4.94797 2.1
    endloop
  endfacet
  facet normal 0 0 1
    outer loop
      vertex -23.0342 5.21124 2.1
      vertex -21.959 11.0125 2.1
      vertex -22.6351 11.1165 2.1
    endloop
  endfacet
  facet normal 0 0 1
    outer loop
      vertex -21.2905 10.8673 2.1
      vertex -22.7178 5.14256 2.1
      vertex -22.4063 5.05469 2.1
    endloop
  endfacet
  facet normal 0 0 1
    outer loop
      vertex -21.959 11.0125 2.1
      vertex -23.0342 5.21124 2.1
      vertex -22.7178 5.14256 2.1
    endloop
  endfacet
  facet normal 0 0 1
    outer loop
      vertex -23.3541 5.26048 2.1
      vertex -22.6351 11.1165 2.1
      vertex -23.3163 11.1791 2.1
    endloop
  endfacet
  facet normal 0 0 1
    outer loop
      vertex -22.6351 11.1165 2.1
      vertex -23.3541 5.26048 2.1
      vertex -23.0342 5.21124 2.1
    endloop
  endfacet
  facet normal 0 0 1
    outer loop
      vertex -23.3163 11.1791 2.1
      vertex -23.6765 5.2901 2.1
      vertex -23.3541 5.26048 2.1
    endloop
  endfacet
  facet normal 0 0 1
    outer loop
      vertex -24 11.2 2.1
      vertex -23.6765 5.2901 2.1
      vertex -23.3163 11.1791 2.1
    endloop
  endfacet
  facet normal 0 0 1
    outer loop
      vertex -24 11.2 2.1
      vertex -24 5.29999 2.1
      vertex -23.6765 5.2901 2.1
    endloop
  endfacet
  facet normal 0 0 1
    outer loop
      vertex -24 11.2 2.1
      vertex -24.3235 5.2901 2.1
      vertex -24 5.29999 2.1
    endloop
  endfacet
  facet normal -0 0 1
    outer loop
      vertex -24.6837 11.1791 2.1
      vertex -24.3235 5.2901 2.1
      vertex -24 11.2 2.1
    endloop
  endfacet
  facet normal 0 0 1
    outer loop
      vertex -24.3235 5.2901 2.1
      vertex -24.6837 11.1791 2.1
      vertex -24.6459 5.26048 2.1
    endloop
  endfacet
  facet normal -0 0 1
    outer loop
      vertex -25.3649 11.1165 2.1
      vertex -24.6459 5.26048 2.1
      vertex -24.6837 11.1791 2.1
    endloop
  endfacet
  facet normal 0 0 1
    outer loop
      vertex -24.6459 5.26048 2.1
      vertex -25.3649 11.1165 2.1
      vertex -24.9658 5.21124 2.1
    endloop
  endfacet
  facet normal -0 0 1
    outer loop
      vertex -26.041 11.0125 2.1
      vertex -24.9658 5.21124 2.1
      vertex -25.3649 11.1165 2.1
    endloop
  endfacet
  facet normal 0 0 1
    outer loop
      vertex -24.9658 5.21124 2.1
      vertex -26.041 11.0125 2.1
      vertex -25.2822 5.14256 2.1
    endloop
  endfacet
  facet normal -0 0 1
    outer loop
      vertex -26.7095 10.8673 2.1
      vertex -25.2822 5.14256 2.1
      vertex -26.041 11.0125 2.1
    endloop
  endfacet
  facet normal 0 0 1
    outer loop
      vertex -25.2822 5.14256 2.1
      vertex -26.7095 10.8673 2.1
      vertex -25.5937 5.05469 2.1
    endloop
  endfacet
  facet normal -0 0 1
    outer loop
      vertex -27.3679 10.6816 2.1
      vertex -25.5937 5.05469 2.1
      vertex -26.7095 10.8673 2.1
    endloop
  endfacet
  facet normal 0 0 1
    outer loop
      vertex -25.5937 5.05469 2.1
      vertex -27.3679 10.6816 2.1
      vertex -25.8993 4.94797 2.1
    endloop
  endfacet
  facet normal -0 0 1
    outer loop
      vertex -28.0137 10.4561 2.1
      vertex -25.8993 4.94797 2.1
      vertex -27.3679 10.6816 2.1
    endloop
  endfacet
  facet normal 0 0 1
    outer loop
      vertex -25.8993 4.94797 2.1
      vertex -28.0137 10.4561 2.1
      vertex -26.1979 4.82278 2.1
    endloop
  endfacet
  facet normal -0 0 1
    outer loop
      vertex -28.6446 10.1916 2.1
      vertex -26.1979 4.82278 2.1
      vertex -28.0137 10.4561 2.1
    endloop
  endfacet
  facet normal 0 0 1
    outer loop
      vertex -26.1979 4.82278 2.1
      vertex -28.6446 10.1916 2.1
      vertex -26.4882 4.67961 2.1
    endloop
  endfacet
  facet normal 0 0 1
    outer loop
      vertex -26.4882 4.67961 2.1
      vertex -28.6446 10.1916 2.1
      vertex -29.2581 9.88901 2.1
    endloop
  endfacet
  facet normal 0 0 1
    outer loop
      vertex -21.313 0.264633 2.1
      vertex -21.313 -0.264633 2.1
      vertex -21.3 0 2.1
    endloop
  endfacet
  facet normal 0 0 1
    outer loop
      vertex -21.3519 0.526733 2.1
      vertex -21.313 -0.264633 2.1
      vertex -21.313 0.264633 2.1
    endloop
  endfacet
  facet normal 0 0 1
    outer loop
      vertex -21.3519 0.526733 2.1
      vertex -21.3519 -0.526733 2.1
      vertex -21.313 -0.264633 2.1
    endloop
  endfacet
  facet normal 0 0 1
    outer loop
      vertex -21.4163 0.783768 2.1
      vertex -21.3519 -0.526733 2.1
      vertex -21.3519 0.526733 2.1
    endloop
  endfacet
  facet normal 0 0 1
    outer loop
      vertex -21.4163 0.783768 2.1
      vertex -21.4163 -0.783768 2.1
      vertex -21.3519 -0.526733 2.1
    endloop
  endfacet
  facet normal 0 0 1
    outer loop
      vertex -21.5055 1.03323 2.1
      vertex -21.4163 -0.783768 2.1
      vertex -21.4163 0.783768 2.1
    endloop
  endfacet
  facet normal 0 0 1
    outer loop
      vertex -21.5055 1.03323 2.1
      vertex -21.5055 -1.03323 2.1
      vertex -21.4163 -0.783768 2.1
    endloop
  endfacet
  facet normal 0 0 1
    outer loop
      vertex -21.6188 1.27277 2.1
      vertex -21.5055 -1.03323 2.1
      vertex -21.5055 1.03323 2.1
    endloop
  endfacet
  facet normal 0 0 1
    outer loop
      vertex -21.6188 1.27277 2.1
      vertex -21.6188 -1.27277 2.1
      vertex -21.5055 -1.03323 2.1
    endloop
  endfacet
  facet normal 0 0 1
    outer loop
      vertex -21.755 1.50003 2.1
      vertex -21.6188 -1.27277 2.1
      vertex -21.6188 1.27277 2.1
    endloop
  endfacet
  facet normal 0 0 1
    outer loop
      vertex -21.755 1.50003 2.1
      vertex -21.755 -1.50003 2.1
      vertex -21.6188 -1.27277 2.1
    endloop
  endfacet
  facet normal 0 0 1
    outer loop
      vertex -21.9129 1.71286 2.1
      vertex -21.755 -1.50003 2.1
      vertex -21.755 1.50003 2.1
    endloop
  endfacet
  facet normal 0 0 1
    outer loop
      vertex -21.9129 1.71286 2.1
      vertex -21.9129 -1.71286 2.1
      vertex -21.755 -1.50003 2.1
    endloop
  endfacet
  facet normal 0 0 1
    outer loop
      vertex -22.0908 1.90918 2.1
      vertex -21.9129 -1.71286 2.1
      vertex -21.9129 1.71286 2.1
    endloop
  endfacet
  facet normal 0 0 1
    outer loop
      vertex -22.0908 1.90918 2.1
      vertex -22.0908 -1.90918 2.1
      vertex -21.9129 -1.71286 2.1
    endloop
  endfacet
  facet normal 0 0 1
    outer loop
      vertex -22.2871 2.08713 2.1
      vertex -22.0908 -1.90918 2.1
      vertex -22.0908 1.90918 2.1
    endloop
  endfacet
  facet normal 0 0 1
    outer loop
      vertex -22.2871 2.08713 2.1
      vertex -22.2871 -2.08713 2.1
      vertex -22.0908 -1.90918 2.1
    endloop
  endfacet
  facet normal 0 0 1
    outer loop
      vertex -22.5 2.24496 2.1
      vertex -22.2871 -2.08713 2.1
      vertex -22.2871 2.08713 2.1
    endloop
  endfacet
  facet normal 0 0 1
    outer loop
      vertex -22.5 2.24496 2.1
      vertex -22.5 -2.24496 2.1
      vertex -22.2871 -2.08713 2.1
    endloop
  endfacet
  facet normal 0 0 1
    outer loop
      vertex -22.7272 2.38118 2.1
      vertex -22.5 -2.24496 2.1
      vertex -22.5 2.24496 2.1
    endloop
  endfacet
  facet normal 0 0 1
    outer loop
      vertex -22.7272 2.38118 2.1
      vertex -22.7272 -2.38118 2.1
      vertex -22.5 -2.24496 2.1
    endloop
  endfacet
  facet normal 0 0 1
    outer loop
      vertex -22.9668 2.49446 2.1
      vertex -22.7272 -2.38118 2.1
      vertex -22.7272 2.38118 2.1
    endloop
  endfacet
  facet normal 0 0 1
    outer loop
      vertex -22.9668 2.49446 2.1
      vertex -22.9668 -2.49446 2.1
      vertex -22.7272 -2.38118 2.1
    endloop
  endfacet
  facet normal 0 0 1
    outer loop
      vertex -23.2162 2.58372 2.1
      vertex -22.9668 -2.49446 2.1
      vertex -22.9668 2.49446 2.1
    endloop
  endfacet
  facet normal 0 0 1
    outer loop
      vertex -23.2162 2.58372 2.1
      vertex -23.2162 -2.58372 2.1
      vertex -22.9668 -2.49446 2.1
    endloop
  endfacet
  facet normal 0 0 1
    outer loop
      vertex -23.4733 2.64812 2.1
      vertex -23.2162 -2.58372 2.1
      vertex -23.2162 2.58372 2.1
    endloop
  endfacet
  facet normal 0 0 1
    outer loop
      vertex -23.4733 2.64812 2.1
      vertex -23.4733 -2.64812 2.1
      vertex -23.2162 -2.58372 2.1
    endloop
  endfacet
  facet normal 0 0 1
    outer loop
      vertex -23.7354 2.687 2.1
      vertex -23.4733 -2.64812 2.1
      vertex -23.4733 2.64812 2.1
    endloop
  endfacet
  facet normal 0 0 1
    outer loop
      vertex -23.7354 2.687 2.1
      vertex -23.7354 -2.687 2.1
      vertex -23.4733 -2.64812 2.1
    endloop
  endfacet
  facet normal 0 0 1
    outer loop
      vertex -24 2.7 2.1
      vertex -23.7354 -2.687 2.1
      vertex -23.7354 2.687 2.1
    endloop
  endfacet
  facet normal 0 0 1
    outer loop
      vertex -24 2.7 2.1
      vertex -24 -2.7 2.1
      vertex -23.7354 -2.687 2.1
    endloop
  endfacet
  facet normal -0 0 1
    outer loop
      vertex -24.2646 2.687 2.1
      vertex -24 -2.7 2.1
      vertex -24 2.7 2.1
    endloop
  endfacet
  facet normal 0 0 1
    outer loop
      vertex -24.2646 2.687 2.1
      vertex -24.2646 -2.687 2.1
      vertex -24 -2.7 2.1
    endloop
  endfacet
  facet normal -0 0 1
    outer loop
      vertex -24.5267 2.64812 2.1
      vertex -24.2646 -2.687 2.1
      vertex -24.2646 2.687 2.1
    endloop
  endfacet
  facet normal 0 0 1
    outer loop
      vertex -24.5267 2.64812 2.1
      vertex -24.5267 -2.64812 2.1
      vertex -24.2646 -2.687 2.1
    endloop
  endfacet
  facet normal -0 0 1
    outer loop
      vertex -24.7838 2.58372 2.1
      vertex -24.5267 -2.64812 2.1
      vertex -24.5267 2.64812 2.1
    endloop
  endfacet
  facet normal 0 0 1
    outer loop
      vertex -24.7838 2.58372 2.1
      vertex -24.7838 -2.58372 2.1
      vertex -24.5267 -2.64812 2.1
    endloop
  endfacet
  facet normal -0 0 1
    outer loop
      vertex -25.0332 2.49446 2.1
      vertex -24.7838 -2.58372 2.1
      vertex -24.7838 2.58372 2.1
    endloop
  endfacet
  facet normal 0 0 1
    outer loop
      vertex -25.0332 2.49446 2.1
      vertex -25.0332 -2.49446 2.1
      vertex -24.7838 -2.58372 2.1
    endloop
  endfacet
  facet normal -0 0 1
    outer loop
      vertex -25.2728 2.38118 2.1
      vertex -25.0332 -2.49446 2.1
      vertex -25.0332 2.49446 2.1
    endloop
  endfacet
  facet normal 0 0 1
    outer loop
      vertex -25.2728 2.38118 2.1
      vertex -25.2728 -2.38118 2.1
      vertex -25.0332 -2.49446 2.1
    endloop
  endfacet
  facet normal -0 0 1
    outer loop
      vertex -25.5 2.24496 2.1
      vertex -25.2728 -2.38118 2.1
      vertex -25.2728 2.38118 2.1
    endloop
  endfacet
  facet normal 0 0 1
    outer loop
      vertex -25.5 2.24496 2.1
      vertex -25.5 -2.24496 2.1
      vertex -25.2728 -2.38118 2.1
    endloop
  endfacet
  facet normal -0 0 1
    outer loop
      vertex -25.7129 2.08713 2.1
      vertex -25.5 -2.24496 2.1
      vertex -25.5 2.24496 2.1
    endloop
  endfacet
  facet normal 0 0 1
    outer loop
      vertex -25.7129 2.08713 2.1
      vertex -25.7129 -2.08713 2.1
      vertex -25.5 -2.24496 2.1
    endloop
  endfacet
  facet normal -0 0 1
    outer loop
      vertex -25.9092 1.90918 2.1
      vertex -25.7129 -2.08713 2.1
      vertex -25.7129 2.08713 2.1
    endloop
  endfacet
  facet normal 0 0 1
    outer loop
      vertex -25.9092 1.90918 2.1
      vertex -25.9092 -1.90918 2.1
      vertex -25.7129 -2.08713 2.1
    endloop
  endfacet
  facet normal -0 0 1
    outer loop
      vertex -26.0871 1.71286 2.1
      vertex -25.9092 -1.90918 2.1
      vertex -25.9092 1.90918 2.1
    endloop
  endfacet
  facet normal 0 0 1
    outer loop
      vertex -26.0871 1.71286 2.1
      vertex -26.0871 -1.71286 2.1
      vertex -25.9092 -1.90918 2.1
    endloop
  endfacet
  facet normal -0 0 1
    outer loop
      vertex -26.245 1.50003 2.1
      vertex -26.0871 -1.71286 2.1
      vertex -26.0871 1.71286 2.1
    endloop
  endfacet
  facet normal 0 0 1
    outer loop
      vertex -26.245 1.50003 2.1
      vertex -26.245 -1.50003 2.1
      vertex -26.0871 -1.71286 2.1
    endloop
  endfacet
  facet normal -0 0 1
    outer loop
      vertex -26.3812 1.27277 2.1
      vertex -26.245 -1.50003 2.1
      vertex -26.245 1.50003 2.1
    endloop
  endfacet
  facet normal 0 0 1
    outer loop
      vertex -26.3812 1.27277 2.1
      vertex -26.3812 -1.27277 2.1
      vertex -26.245 -1.50003 2.1
    endloop
  endfacet
  facet normal -0 0 1
    outer loop
      vertex -26.4945 1.03323 2.1
      vertex -26.3812 -1.27277 2.1
      vertex -26.3812 1.27277 2.1
    endloop
  endfacet
  facet normal 0 0 1
    outer loop
      vertex -26.4945 1.03323 2.1
      vertex -26.4945 -1.03323 2.1
      vertex -26.3812 -1.27277 2.1
    endloop
  endfacet
  facet normal -0 0 1
    outer loop
      vertex -26.5837 0.783768 2.1
      vertex -26.4945 -1.03323 2.1
      vertex -26.4945 1.03323 2.1
    endloop
  endfacet
  facet normal 0 0 1
    outer loop
      vertex -26.5837 0.783768 2.1
      vertex -26.5837 -0.783768 2.1
      vertex -26.4945 -1.03323 2.1
    endloop
  endfacet
  facet normal -0 0 1
    outer loop
      vertex -26.6481 0.526733 2.1
      vertex -26.5837 -0.783768 2.1
      vertex -26.5837 0.783768 2.1
    endloop
  endfacet
  facet normal 0 0 1
    outer loop
      vertex -26.6481 0.526733 2.1
      vertex -26.6481 -0.526733 2.1
      vertex -26.5837 -0.783768 2.1
    endloop
  endfacet
  facet normal -0 0 1
    outer loop
      vertex -26.687 0.264633 2.1
      vertex -26.6481 -0.526733 2.1
      vertex -26.6481 0.526733 2.1
    endloop
  endfacet
  facet normal 0 0 1
    outer loop
      vertex -26.687 0.264633 2.1
      vertex -26.687 -0.264633 2.1
      vertex -26.6481 -0.526733 2.1
    endloop
  endfacet
  facet normal 0 -0 1
    outer loop
      vertex -26.687 -0.264633 2.1
      vertex -26.687 0.264633 2.1
      vertex -26.7 0 2.1
    endloop
  endfacet
  facet normal 0 0 1
    outer loop
      vertex -27.0777 -4.31479 2.1
      vertex -29.9351 -9.49812 2.1
      vertex -26.8086 -4.49463 2.1
    endloop
  endfacet
  facet normal 0 0 1
    outer loop
      vertex -30.5039 -9.11809 2.1
      vertex -27.0777 -4.31479 2.1
      vertex -27.3354 -4.11885 2.1
    endloop
  endfacet
  facet normal 0 0 1
    outer loop
      vertex -31.0484 -8.70403 2.1
      vertex -27.3354 -4.11885 2.1
      vertex -27.5806 -3.90755 2.1
    endloop
  endfacet
  facet normal 0 0 1
    outer loop
      vertex -31.5666 -8.25749 2.1
      vertex -27.5806 -3.90755 2.1
      vertex -27.8125 -3.68167 2.1
    endloop
  endfacet
  facet normal 0 0 1
    outer loop
      vertex -32.0566 -7.78015 2.1
      vertex -27.8125 -3.68167 2.1
      vertex -28.0301 -3.44205 2.1
    endloop
  endfacet
  facet normal 0 0 1
    outer loop
      vertex -32.5165 -7.2738 2.1
      vertex -28.0301 -3.44205 2.1
      vertex -28.2328 -3.18961 2.1
    endloop
  endfacet
  facet normal 0 0 1
    outer loop
      vertex -32.9447 -6.74031 2.1
      vertex -28.2328 -3.18961 2.1
      vertex -28.4196 -2.92525 2.1
    endloop
  endfacet
  facet normal 0 0 1
    outer loop
      vertex -33.3395 -6.18167 2.1
      vertex -28.4196 -2.92525 2.1
      vertex -28.5899 -2.64999 2.1
    endloop
  endfacet
  facet normal 0 0 1
    outer loop
      vertex -33.6995 -5.59999 2.1
      vertex -28.5899 -2.64999 2.1
      vertex -28.7431 -2.36484 2.1
    endloop
  endfacet
  facet normal 0 0 1
    outer loop
      vertex -34.0233 -4.99742 2.1
      vertex -28.7431 -2.36484 2.1
      vertex -28.8787 -2.07086 2.1
    endloop
  endfacet
  facet normal 0 0 1
    outer loop
      vertex -34.3096 -4.37619 2.1
      vertex -28.8787 -2.07086 2.1
      vertex -28.996 -1.76918 2.1
    endloop
  endfacet
  facet normal 0 0 1
    outer loop
      vertex -34.5576 -3.73863 2.1
      vertex -28.996 -1.76918 2.1
      vertex -29.0947 -1.46088 2.1
    endloop
  endfacet
  facet normal 0 0 1
    outer loop
      vertex -34.7661 -3.08714 2.1
      vertex -29.0947 -1.46088 2.1
      vertex -29.1743 -1.14713 2.1
    endloop
  endfacet
  facet normal 0 0 1
    outer loop
      vertex -34.9345 -2.42412 2.1
      vertex -29.1743 -1.14713 2.1
      vertex -29.2347 -0.829102 2.1
    endloop
  endfacet
  facet normal 0 0 1
    outer loop
      vertex -35.0621 -1.75206 2.1
      vertex -29.2347 -0.829102 2.1
      vertex -29.2756 -0.50798 2.1
    endloop
  endfacet
  facet normal 0 0 1
    outer loop
      vertex -35.1484 -1.07346 2.1
      vertex -29.2756 -0.50798 2.1
      vertex -29.2968 -0.184967 2.1
    endloop
  endfacet
  facet normal 0 0 1
    outer loop
      vertex -27.0777 -4.31479 2.1
      vertex -30.5039 -9.11809 2.1
      vertex -29.9351 -9.49812 2.1
    endloop
  endfacet
  facet normal 0 0 1
    outer loop
      vertex -27.3354 -4.11885 2.1
      vertex -31.0484 -8.70403 2.1
      vertex -30.5039 -9.11809 2.1
    endloop
  endfacet
  facet normal 0 0 1
    outer loop
      vertex -27.5806 -3.90755 2.1
      vertex -31.5666 -8.25749 2.1
      vertex -31.0484 -8.70403 2.1
    endloop
  endfacet
  facet normal 0 0 1
    outer loop
      vertex -27.8125 -3.68167 2.1
      vertex -32.0566 -7.78015 2.1
      vertex -31.5666 -8.25749 2.1
    endloop
  endfacet
  facet normal 0 0 1
    outer loop
      vertex -28.0301 -3.44205 2.1
      vertex -32.5165 -7.2738 2.1
      vertex -32.0566 -7.78015 2.1
    endloop
  endfacet
  facet normal 0 0 1
    outer loop
      vertex -28.2328 -3.18961 2.1
      vertex -32.9447 -6.74031 2.1
      vertex -32.5165 -7.2738 2.1
    endloop
  endfacet
  facet normal 0 0 1
    outer loop
      vertex -28.4196 -2.92525 2.1
      vertex -33.3395 -6.18167 2.1
      vertex -32.9447 -6.74031 2.1
    endloop
  endfacet
  facet normal 0 0 1
    outer loop
      vertex -28.5899 -2.64999 2.1
      vertex -33.6995 -5.59999 2.1
      vertex -33.3395 -6.18167 2.1
    endloop
  endfacet
  facet normal 0 0 1
    outer loop
      vertex -28.7431 -2.36484 2.1
      vertex -34.0233 -4.99742 2.1
      vertex -33.6995 -5.59999 2.1
    endloop
  endfacet
  facet normal 0 0 1
    outer loop
      vertex -28.8787 -2.07086 2.1
      vertex -34.3096 -4.37619 2.1
      vertex -34.0233 -4.99742 2.1
    endloop
  endfacet
  facet normal 0 0 1
    outer loop
      vertex -28.996 -1.76918 2.1
      vertex -34.5576 -3.73863 2.1
      vertex -34.3096 -4.37619 2.1
    endloop
  endfacet
  facet normal 0 0 1
    outer loop
      vertex -29.0947 -1.46088 2.1
      vertex -34.7661 -3.08714 2.1
      vertex -34.5576 -3.73863 2.1
    endloop
  endfacet
  facet normal 0 0 1
    outer loop
      vertex -29.1743 -1.14713 2.1
      vertex -34.9345 -2.42412 2.1
      vertex -34.7661 -3.08714 2.1
    endloop
  endfacet
  facet normal 0 0 1
    outer loop
      vertex -29.2347 -0.829102 2.1
      vertex -35.0621 -1.75206 2.1
      vertex -34.9345 -2.42412 2.1
    endloop
  endfacet
  facet normal 0 0 1
    outer loop
      vertex -29.2756 -0.50798 2.1
      vertex -35.1484 -1.07346 2.1
      vertex -35.0621 -1.75206 2.1
    endloop
  endfacet
  facet normal 0 -0 1
    outer loop
      vertex -35.1484 -1.07346 2.1
      vertex -29.2968 -0.184967 2.1
      vertex -35.1932 -0.390869 2.1
    endloop
  endfacet
  facet normal -0 0 1
    outer loop
      vertex -18.7244 -0.50798 2.1
      vertex -12.8516 -1.07346 2.1
      vertex -12.8068 -0.390869 2.1
    endloop
  endfacet
  facet normal 0 0 1
    outer loop
      vertex -12.8516 -1.07346 2.1
      vertex -18.7244 -0.50798 2.1
      vertex -12.9379 -1.75206 2.1
    endloop
  endfacet
  facet normal 0 0 1
    outer loop
      vertex -12.9379 -1.75206 2.1
      vertex -18.7653 -0.829102 2.1
      vertex -13.0655 -2.42412 2.1
    endloop
  endfacet
  facet normal -0 0 1
    outer loop
      vertex -18.8257 -1.14713 2.1
      vertex -13.0655 -2.42412 2.1
      vertex -18.7653 -0.829102 2.1
    endloop
  endfacet
  facet normal -0 0 1
    outer loop
      vertex -18.9053 -1.46088 2.1
      vertex -13.2339 -3.08714 2.1
      vertex -18.8257 -1.14713 2.1
    endloop
  endfacet
  facet normal 0 0 1
    outer loop
      vertex -13.2339 -3.08714 2.1
      vertex -18.9053 -1.46088 2.1
      vertex -13.4424 -3.73863 2.1
    endloop
  endfacet
  facet normal 0 0 1
    outer loop
      vertex -13.4424 -3.73863 2.1
      vertex -19.004 -1.76918 2.1
      vertex -13.6904 -4.37619 2.1
    endloop
  endfacet
  facet normal -0 0 1
    outer loop
      vertex -19.1213 -2.07086 2.1
      vertex -13.6904 -4.37619 2.1
      vertex -19.004 -1.76918 2.1
    endloop
  endfacet
  facet normal -0 0 1
    outer loop
      vertex -19.2569 -2.36484 2.1
      vertex -13.9767 -4.99742 2.1
      vertex -19.1213 -2.07086 2.1
    endloop
  endfacet
  facet normal 0 0 1
    outer loop
      vertex -13.9767 -4.99742 2.1
      vertex -19.2569 -2.36484 2.1
      vertex -14.3005 -5.59999 2.1
    endloop
  endfacet
  facet normal 0 0 1
    outer loop
      vertex -14.3005 -5.59999 2.1
      vertex -19.4101 -2.64999 2.1
      vertex -14.6605 -6.18167 2.1
    endloop
  endfacet
  facet normal -0 0 1
    outer loop
      vertex -19.5804 -2.92525 2.1
      vertex -14.6605 -6.18167 2.1
      vertex -19.4101 -2.64999 2.1
    endloop
  endfacet
  facet normal -0 0 1
    outer loop
      vertex -19.7672 -3.18961 2.1
      vertex -15.0553 -6.74031 2.1
      vertex -19.5804 -2.92525 2.1
    endloop
  endfacet
  facet normal 0 0 1
    outer loop
      vertex -15.0553 -6.74031 2.1
      vertex -19.7672 -3.18961 2.1
      vertex -15.4835 -7.2738 2.1
    endloop
  endfacet
  facet normal 0 0 1
    outer loop
      vertex -15.4835 -7.2738 2.1
      vertex -19.9699 -3.44205 2.1
      vertex -15.9434 -7.78015 2.1
    endloop
  endfacet
  facet normal 0 0 1
    outer loop
      vertex -18.7244 -0.50798 2.1
      vertex -12.8068 -0.390869 2.1
      vertex -18.7032 -0.184967 2.1
    endloop
  endfacet
  facet normal 0 0 1
    outer loop
      vertex -12.9379 -1.75206 2.1
      vertex -18.7244 -0.50798 2.1
      vertex -18.7653 -0.829102 2.1
    endloop
  endfacet
  facet normal 0 0 1
    outer loop
      vertex -13.0655 -2.42412 2.1
      vertex -18.8257 -1.14713 2.1
      vertex -13.2339 -3.08714 2.1
    endloop
  endfacet
  facet normal -0 0 1
    outer loop
      vertex -19.004 -1.76918 2.1
      vertex -13.4424 -3.73863 2.1
      vertex -18.9053 -1.46088 2.1
    endloop
  endfacet
  facet normal 0 0 1
    outer loop
      vertex -13.6904 -4.37619 2.1
      vertex -19.1213 -2.07086 2.1
      vertex -13.9767 -4.99742 2.1
    endloop
  endfacet
  facet normal -0 0 1
    outer loop
      vertex -19.4101 -2.64999 2.1
      vertex -14.3005 -5.59999 2.1
      vertex -19.2569 -2.36484 2.1
    endloop
  endfacet
  facet normal 0 0 1
    outer loop
      vertex -14.6605 -6.18167 2.1
      vertex -19.5804 -2.92525 2.1
      vertex -15.0553 -6.74031 2.1
    endloop
  endfacet
  facet normal -0 0 1
    outer loop
      vertex -19.9699 -3.44205 2.1
      vertex -15.4835 -7.2738 2.1
      vertex -19.7672 -3.18961 2.1
    endloop
  endfacet
  facet normal -0 0 1
    outer loop
      vertex -20.1875 -3.68167 2.1
      vertex -15.9434 -7.78015 2.1
      vertex -19.9699 -3.44205 2.1
    endloop
  endfacet
  facet normal 0 0 1
    outer loop
      vertex -15.9434 -7.78015 2.1
      vertex -20.1875 -3.68167 2.1
      vertex -16.4334 -8.25749 2.1
    endloop
  endfacet
  facet normal -0 0 1
    outer loop
      vertex -20.4194 -3.90755 2.1
      vertex -16.4334 -8.25749 2.1
      vertex -20.1875 -3.68167 2.1
    endloop
  endfacet
  facet normal 0 0 1
    outer loop
      vertex -16.4334 -8.25749 2.1
      vertex -20.4194 -3.90755 2.1
      vertex -16.9516 -8.70403 2.1
    endloop
  endfacet
  facet normal -0 0 1
    outer loop
      vertex -20.6646 -4.11885 2.1
      vertex -16.9516 -8.70403 2.1
      vertex -20.4194 -3.90755 2.1
    endloop
  endfacet
  facet normal 0 0 1
    outer loop
      vertex -16.9516 -8.70403 2.1
      vertex -20.6646 -4.11885 2.1
      vertex -17.4961 -9.11809 2.1
    endloop
  endfacet
  facet normal -0 0 1
    outer loop
      vertex -20.9223 -4.31479 2.1
      vertex -17.4961 -9.11809 2.1
      vertex -20.6646 -4.11885 2.1
    endloop
  endfacet
  facet normal 0 0 1
    outer loop
      vertex -17.4961 -9.11809 2.1
      vertex -20.9223 -4.31479 2.1
      vertex -18.0649 -9.49812 2.1
    endloop
  endfacet
  facet normal 0 0 1
    outer loop
      vertex -18.0649 -9.49812 2.1
      vertex -20.9223 -4.31479 2.1
      vertex -21.1914 -4.49463 2.1
    endloop
  endfacet
  facet normal 0.442342 0.896846 -0
    outer loop
      vertex -18.7419 9.88901 1.2
      vertex -19.3554 10.1916 2.1
      vertex -18.7419 9.88901 2.1
    endloop
  endfacet
  facet normal 0.442342 0.896846 0
    outer loop
      vertex -19.3554 10.1916 2.1
      vertex -18.7419 9.88901 1.2
      vertex -19.3554 10.1916 1.2
    endloop
  endfacet
  facet normal 0.386638 0.922231 -0
    outer loop
      vertex -19.3554 10.1916 1.2
      vertex -19.9863 10.4561 2.1
      vertex -19.3554 10.1916 2.1
    endloop
  endfacet
  facet normal 0.386638 0.922231 0
    outer loop
      vertex -19.9863 10.4561 2.1
      vertex -19.3554 10.1916 1.2
      vertex -19.9863 10.4561 1.2
    endloop
  endfacet
  facet normal 0.32966 0.9441 -0
    outer loop
      vertex -19.9863 10.4561 1.2
      vertex -20.6321 10.6816 2.1
      vertex -19.9863 10.4561 2.1
    endloop
  endfacet
  facet normal 0.32966 0.9441 0
    outer loop
      vertex -20.6321 10.6816 2.1
      vertex -19.9863 10.4561 1.2
      vertex -20.6321 10.6816 1.2
    endloop
  endfacet
  facet normal 0.271457 0.962451 -0
    outer loop
      vertex -20.6321 10.6816 1.2
      vertex -21.2905 10.8673 2.1
      vertex -20.6321 10.6816 2.1
    endloop
  endfacet
  facet normal 0.271457 0.962451 0
    outer loop
      vertex -21.2905 10.8673 2.1
      vertex -20.6321 10.6816 1.2
      vertex -21.2905 10.8673 1.2
    endloop
  endfacet
  facet normal 0.212254 0.977215 -0
    outer loop
      vertex -21.2905 10.8673 1.2
      vertex -21.959 11.0125 2.1
      vertex -21.2905 10.8673 2.1
    endloop
  endfacet
  facet normal 0.212254 0.977215 0
    outer loop
      vertex -21.959 11.0125 2.1
      vertex -21.2905 10.8673 1.2
      vertex -21.959 11.0125 1.2
    endloop
  endfacet
  facet normal 0.152035 0.988375 -0
    outer loop
      vertex -21.959 11.0125 1.2
      vertex -22.6351 11.1165 2.1
      vertex -21.959 11.0125 2.1
    endloop
  endfacet
  facet normal 0.152035 0.988375 0
    outer loop
      vertex -22.6351 11.1165 2.1
      vertex -21.959 11.0125 1.2
      vertex -22.6351 11.1165 1.2
    endloop
  endfacet
  facet normal 0.0915111 0.995804 -0
    outer loop
      vertex -22.6351 11.1165 1.2
      vertex -23.3163 11.1791 2.1
      vertex -22.6351 11.1165 2.1
    endloop
  endfacet
  facet normal 0.0915111 0.995804 0
    outer loop
      vertex -23.3163 11.1791 2.1
      vertex -22.6351 11.1165 1.2
      vertex -23.3163 11.1791 1.2
    endloop
  endfacet
  facet normal 0.0305547 0.999533 -0
    outer loop
      vertex -23.3163 11.1791 1.2
      vertex -24 11.2 2.1
      vertex -23.3163 11.1791 2.1
    endloop
  endfacet
  facet normal 0.0305547 0.999533 0
    outer loop
      vertex -24 11.2 2.1
      vertex -23.3163 11.1791 1.2
      vertex -24 11.2 1.2
    endloop
  endfacet
  facet normal -0.0305547 0.999533 0
    outer loop
      vertex -24 11.2 1.2
      vertex -24.6837 11.1791 2.1
      vertex -24 11.2 2.1
    endloop
  endfacet
  facet normal -0.0305547 0.999533 0
    outer loop
      vertex -24.6837 11.1791 2.1
      vertex -24 11.2 1.2
      vertex -24.6837 11.1791 1.2
    endloop
  endfacet
  facet normal -0.0915111 0.995804 0
    outer loop
      vertex -24.6837 11.1791 1.2
      vertex -25.3649 11.1165 2.1
      vertex -24.6837 11.1791 2.1
    endloop
  endfacet
  facet normal -0.0915111 0.995804 0
    outer loop
      vertex -25.3649 11.1165 2.1
      vertex -24.6837 11.1791 1.2
      vertex -25.3649 11.1165 1.2
    endloop
  endfacet
  facet normal -0.152035 0.988375 0
    outer loop
      vertex -25.3649 11.1165 1.2
      vertex -26.041 11.0125 2.1
      vertex -25.3649 11.1165 2.1
    endloop
  endfacet
  facet normal -0.152035 0.988375 0
    outer loop
      vertex -26.041 11.0125 2.1
      vertex -25.3649 11.1165 1.2
      vertex -26.041 11.0125 1.2
    endloop
  endfacet
  facet normal -0.212254 0.977215 0
    outer loop
      vertex -26.041 11.0125 1.2
      vertex -26.7095 10.8673 2.1
      vertex -26.041 11.0125 2.1
    endloop
  endfacet
  facet normal -0.212254 0.977215 0
    outer loop
      vertex -26.7095 10.8673 2.1
      vertex -26.041 11.0125 1.2
      vertex -26.7095 10.8673 1.2
    endloop
  endfacet
  facet normal -0.271457 0.962451 0
    outer loop
      vertex -26.7095 10.8673 1.2
      vertex -27.3679 10.6816 2.1
      vertex -26.7095 10.8673 2.1
    endloop
  endfacet
  facet normal -0.271457 0.962451 0
    outer loop
      vertex -27.3679 10.6816 2.1
      vertex -26.7095 10.8673 1.2
      vertex -27.3679 10.6816 1.2
    endloop
  endfacet
  facet normal -0.32966 0.9441 0
    outer loop
      vertex -27.3679 10.6816 1.2
      vertex -28.0137 10.4561 2.1
      vertex -27.3679 10.6816 2.1
    endloop
  endfacet
  facet normal -0.32966 0.9441 0
    outer loop
      vertex -28.0137 10.4561 2.1
      vertex -27.3679 10.6816 1.2
      vertex -28.0137 10.4561 1.2
    endloop
  endfacet
  facet normal -0.386638 0.922231 0
    outer loop
      vertex -28.0137 10.4561 1.2
      vertex -28.6446 10.1916 2.1
      vertex -28.0137 10.4561 2.1
    endloop
  endfacet
  facet normal -0.386638 0.922231 0
    outer loop
      vertex -28.6446 10.1916 2.1
      vertex -28.0137 10.4561 1.2
      vertex -28.6446 10.1916 1.2
    endloop
  endfacet
  facet normal -0.442342 0.896846 0
    outer loop
      vertex -28.6446 10.1916 1.2
      vertex -29.2581 9.88901 2.1
      vertex -28.6446 10.1916 2.1
    endloop
  endfacet
  facet normal -0.442342 0.896846 0
    outer loop
      vertex -29.2581 9.88901 2.1
      vertex -28.6446 10.1916 1.2
      vertex -29.2581 9.88901 1.2
    endloop
  endfacet
  facet normal -0.882947 -0.469473 0
    outer loop
      vertex -26.4882 4.67961 1.2
      vertex -29.2581 9.88901 2.1
      vertex -29.2581 9.88901 1.2
    endloop
  endfacet
  facet normal -0.882947 -0.469473 0
    outer loop
      vertex -29.2581 9.88901 2.1
      vertex -26.4882 4.67961 1.2
      vertex -26.4882 4.67961 2.1
    endloop
  endfacet
  facet normal 0.442313 -0.896861 0
    outer loop
      vertex -26.4882 4.67961 1.2
      vertex -26.1979 4.82278 2.1
      vertex -26.4882 4.67961 2.1
    endloop
  endfacet
  facet normal 0.442313 -0.896861 0
    outer loop
      vertex -26.1979 4.82278 2.1
      vertex -26.4882 4.67961 1.2
      vertex -26.1979 4.82278 1.2
    endloop
  endfacet
  facet normal 0.38665 -0.922227 0
    outer loop
      vertex -26.1979 4.82278 1.2
      vertex -25.8993 4.94797 2.1
      vertex -26.1979 4.82278 2.1
    endloop
  endfacet
  facet normal 0.38665 -0.922227 0
    outer loop
      vertex -25.8993 4.94797 2.1
      vertex -26.1979 4.82278 1.2
      vertex -25.8993 4.94797 1.2
    endloop
  endfacet
  facet normal 0.32969 -0.944089 0
    outer loop
      vertex -25.8993 4.94797 1.2
      vertex -25.5937 5.05469 2.1
      vertex -25.8993 4.94797 2.1
    endloop
  endfacet
  facet normal 0.32969 -0.944089 0
    outer loop
      vertex -25.5937 5.05469 2.1
      vertex -25.8993 4.94797 1.2
      vertex -25.5937 5.05469 1.2
    endloop
  endfacet
  facet normal 0.271492 -0.962441 0
    outer loop
      vertex -25.5937 5.05469 1.2
      vertex -25.2822 5.14256 2.1
      vertex -25.5937 5.05469 2.1
    endloop
  endfacet
  facet normal 0.271492 -0.962441 0
    outer loop
      vertex -25.2822 5.14256 2.1
      vertex -25.5937 5.05469 1.2
      vertex -25.2822 5.14256 1.2
    endloop
  endfacet
  facet normal 0.212127 -0.977242 0
    outer loop
      vertex -25.2822 5.14256 1.2
      vertex -24.9658 5.21124 2.1
      vertex -25.2822 5.14256 2.1
    endloop
  endfacet
  facet normal 0.212127 -0.977242 0
    outer loop
      vertex -24.9658 5.21124 2.1
      vertex -25.2822 5.14256 1.2
      vertex -24.9658 5.21124 1.2
    endloop
  endfacet
  facet normal 0.152131 -0.98836 0
    outer loop
      vertex -24.9658 5.21124 1.2
      vertex -24.6459 5.26048 2.1
      vertex -24.9658 5.21124 2.1
    endloop
  endfacet
  facet normal 0.152131 -0.98836 0
    outer loop
      vertex -24.6459 5.26048 2.1
      vertex -24.9658 5.21124 1.2
      vertex -24.6459 5.26048 1.2
    endloop
  endfacet
  facet normal 0.0914881 -0.995806 0
    outer loop
      vertex -24.6459 5.26048 1.2
      vertex -24.3235 5.2901 2.1
      vertex -24.6459 5.26048 2.1
    endloop
  endfacet
  facet normal 0.0914881 -0.995806 0
    outer loop
      vertex -24.3235 5.2901 2.1
      vertex -24.6459 5.26048 1.2
      vertex -24.3235 5.2901 1.2
    endloop
  endfacet
  facet normal 0.0305576 -0.999533 0
    outer loop
      vertex -24.3235 5.2901 1.2
      vertex -24 5.29999 2.1
      vertex -24.3235 5.2901 2.1
    endloop
  endfacet
  facet normal 0.0305576 -0.999533 0
    outer loop
      vertex -24 5.29999 2.1
      vertex -24.3235 5.2901 1.2
      vertex -24 5.29999 1.2
    endloop
  endfacet
  facet normal -0.0305576 -0.999533 0
    outer loop
      vertex -24 5.29999 1.2
      vertex -23.6765 5.2901 2.1
      vertex -24 5.29999 2.1
    endloop
  endfacet
  facet normal -0.0305576 -0.999533 -0
    outer loop
      vertex -23.6765 5.2901 2.1
      vertex -24 5.29999 1.2
      vertex -23.6765 5.2901 1.2
    endloop
  endfacet
  facet normal -0.0914881 -0.995806 0
    outer loop
      vertex -23.6765 5.2901 1.2
      vertex -23.3541 5.26048 2.1
      vertex -23.6765 5.2901 2.1
    endloop
  endfacet
  facet normal -0.0914881 -0.995806 -0
    outer loop
      vertex -23.3541 5.26048 2.1
      vertex -23.6765 5.2901 1.2
      vertex -23.3541 5.26048 1.2
    endloop
  endfacet
  facet normal -0.152131 -0.98836 0
    outer loop
      vertex -23.3541 5.26048 1.2
      vertex -23.0342 5.21124 2.1
      vertex -23.3541 5.26048 2.1
    endloop
  endfacet
  facet normal -0.152131 -0.98836 -0
    outer loop
      vertex -23.0342 5.21124 2.1
      vertex -23.3541 5.26048 1.2
      vertex -23.0342 5.21124 1.2
    endloop
  endfacet
  facet normal -0.212127 -0.977242 0
    outer loop
      vertex -23.0342 5.21124 1.2
      vertex -22.7178 5.14256 2.1
      vertex -23.0342 5.21124 2.1
    endloop
  endfacet
  facet normal -0.212127 -0.977242 -0
    outer loop
      vertex -22.7178 5.14256 2.1
      vertex -23.0342 5.21124 1.2
      vertex -22.7178 5.14256 1.2
    endloop
  endfacet
  facet normal -0.271492 -0.962441 0
    outer loop
      vertex -22.7178 5.14256 1.2
      vertex -22.4063 5.05469 2.1
      vertex -22.7178 5.14256 2.1
    endloop
  endfacet
  facet normal -0.271492 -0.962441 -0
    outer loop
      vertex -22.4063 5.05469 2.1
      vertex -22.7178 5.14256 1.2
      vertex -22.4063 5.05469 1.2
    endloop
  endfacet
  facet normal -0.32969 -0.944089 0
    outer loop
      vertex -22.4063 5.05469 1.2
      vertex -22.1007 4.94797 2.1
      vertex -22.4063 5.05469 2.1
    endloop
  endfacet
  facet normal -0.32969 -0.944089 -0
    outer loop
      vertex -22.1007 4.94797 2.1
      vertex -22.4063 5.05469 1.2
      vertex -22.1007 4.94797 1.2
    endloop
  endfacet
  facet normal -0.38665 -0.922227 0
    outer loop
      vertex -22.1007 4.94797 1.2
      vertex -21.8021 4.82278 2.1
      vertex -22.1007 4.94797 2.1
    endloop
  endfacet
  facet normal -0.38665 -0.922227 -0
    outer loop
      vertex -21.8021 4.82278 2.1
      vertex -22.1007 4.94797 1.2
      vertex -21.8021 4.82278 1.2
    endloop
  endfacet
  facet normal -0.442313 -0.896861 0
    outer loop
      vertex -21.8021 4.82278 1.2
      vertex -21.5118 4.67961 2.1
      vertex -21.8021 4.82278 2.1
    endloop
  endfacet
  facet normal -0.442313 -0.896861 -0
    outer loop
      vertex -21.5118 4.67961 2.1
      vertex -21.8021 4.82278 1.2
      vertex -21.5118 4.67961 1.2
    endloop
  endfacet
  facet normal 0.882947 -0.469473 0
    outer loop
      vertex -21.5118 4.67961 2.1
      vertex -18.7419 9.88901 1.2
      vertex -18.7419 9.88901 2.1
    endloop
  endfacet
  facet normal 0.882947 -0.469473 0
    outer loop
      vertex -18.7419 9.88901 1.2
      vertex -21.5118 4.67961 2.1
      vertex -21.5118 4.67961 1.2
    endloop
  endfacet
  facet normal 0.146735 -0.989176 0
    outer loop
      vertex -23.7354 -2.687 1.2
      vertex -23.4733 -2.64812 2.1
      vertex -23.7354 -2.687 2.1
    endloop
  endfacet
  facet normal 0.146735 -0.989176 0
    outer loop
      vertex -23.4733 -2.64812 2.1
      vertex -23.7354 -2.687 1.2
      vertex -23.4733 -2.64812 1.2
    endloop
  endfacet
  facet normal 0.242979 -0.970031 0
    outer loop
      vertex -23.4733 -2.64812 1.2
      vertex -23.2162 -2.58372 2.1
      vertex -23.4733 -2.64812 2.1
    endloop
  endfacet
  facet normal 0.242979 -0.970031 0
    outer loop
      vertex -23.2162 -2.58372 2.1
      vertex -23.4733 -2.64812 1.2
      vertex -23.2162 -2.58372 1.2
    endloop
  endfacet
  facet normal 0.336968 -0.941516 0
    outer loop
      vertex -23.2162 -2.58372 1.2
      vertex -22.9668 -2.49446 2.1
      vertex -23.2162 -2.58372 2.1
    endloop
  endfacet
  facet normal 0.336968 -0.941516 0
    outer loop
      vertex -22.9668 -2.49446 2.1
      vertex -23.2162 -2.58372 1.2
      vertex -22.9668 -2.49446 1.2
    endloop
  endfacet
  facet normal 0.427424 -0.904051 0
    outer loop
      vertex -22.9668 -2.49446 1.2
      vertex -22.7272 -2.38118 2.1
      vertex -22.9668 -2.49446 2.1
    endloop
  endfacet
  facet normal 0.427424 -0.904051 0
    outer loop
      vertex -22.7272 -2.38118 2.1
      vertex -22.9668 -2.49446 1.2
      vertex -22.7272 -2.38118 1.2
    endloop
  endfacet
  facet normal 0.514218 -0.857659 0
    outer loop
      vertex -22.7272 -2.38118 1.2
      vertex -22.5 -2.24496 2.1
      vertex -22.7272 -2.38118 2.1
    endloop
  endfacet
  facet normal 0.514218 -0.857659 0
    outer loop
      vertex -22.5 -2.24496 2.1
      vertex -22.7272 -2.38118 1.2
      vertex -22.5 -2.24496 1.2
    endloop
  endfacet
  facet normal 0.595535 -0.803329 0
    outer loop
      vertex -22.5 -2.24496 1.2
      vertex -22.2871 -2.08713 2.1
      vertex -22.5 -2.24496 2.1
    endloop
  endfacet
  facet normal 0.595535 -0.803329 0
    outer loop
      vertex -22.2871 -2.08713 2.1
      vertex -22.5 -2.24496 1.2
      vertex -22.2871 -2.08713 1.2
    endloop
  endfacet
  facet normal 0.67163 -0.740887 0
    outer loop
      vertex -22.2871 -2.08713 1.2
      vertex -22.0908 -1.90918 2.1
      vertex -22.2871 -2.08713 2.1
    endloop
  endfacet
  facet normal 0.67163 -0.740887 0
    outer loop
      vertex -22.0908 -1.90918 2.1
      vertex -22.2871 -2.08713 1.2
      vertex -22.0908 -1.90918 1.2
    endloop
  endfacet
  facet normal 0.741015 -0.671488 0
    outer loop
      vertex -22.0908 -1.90918 2.1
      vertex -21.9129 -1.71286 1.2
      vertex -21.9129 -1.71286 2.1
    endloop
  endfacet
  facet normal 0.741015 -0.671488 0
    outer loop
      vertex -21.9129 -1.71286 1.2
      vertex -22.0908 -1.90918 2.1
      vertex -22.0908 -1.90918 1.2
    endloop
  endfacet
  facet normal 0.803109 -0.595832 0
    outer loop
      vertex -21.9129 -1.71286 2.1
      vertex -21.755 -1.50003 1.2
      vertex -21.755 -1.50003 2.1
    endloop
  endfacet
  facet normal 0.803109 -0.595832 0
    outer loop
      vertex -21.755 -1.50003 1.2
      vertex -21.9129 -1.71286 2.1
      vertex -21.9129 -1.71286 1.2
    endloop
  endfacet
  facet normal 0.857753 -0.514063 0
    outer loop
      vertex -21.755 -1.50003 2.1
      vertex -21.6188 -1.27277 1.2
      vertex -21.6188 -1.27277 2.1
    endloop
  endfacet
  facet normal 0.857753 -0.514063 0
    outer loop
      vertex -21.6188 -1.27277 1.2
      vertex -21.755 -1.50003 2.1
      vertex -21.755 -1.50003 1.2
    endloop
  endfacet
  facet normal 0.903981 -0.427574 0
    outer loop
      vertex -21.6188 -1.27277 2.1
      vertex -21.5055 -1.03323 1.2
      vertex -21.5055 -1.03323 2.1
    endloop
  endfacet
  facet normal 0.903981 -0.427574 0
    outer loop
      vertex -21.5055 -1.03323 1.2
      vertex -21.6188 -1.27277 2.1
      vertex -21.6188 -1.27277 1.2
    endloop
  endfacet
  facet normal 0.941615 -0.336693 0
    outer loop
      vertex -21.5055 -1.03323 2.1
      vertex -21.4163 -0.783768 1.2
      vertex -21.4163 -0.783768 2.1
    endloop
  endfacet
  facet normal 0.941615 -0.336693 0
    outer loop
      vertex -21.4163 -0.783768 1.2
      vertex -21.5055 -1.03323 2.1
      vertex -21.5055 -1.03323 1.2
    endloop
  endfacet
  facet normal 0.970017 -0.243037 0
    outer loop
      vertex -21.4163 -0.783768 2.1
      vertex -21.3519 -0.526733 1.2
      vertex -21.3519 -0.526733 2.1
    endloop
  endfacet
  facet normal 0.970017 -0.243037 0
    outer loop
      vertex -21.3519 -0.526733 1.2
      vertex -21.4163 -0.783768 2.1
      vertex -21.4163 -0.783768 1.2
    endloop
  endfacet
  facet normal 0.989165 -0.146809 0
    outer loop
      vertex -21.3519 -0.526733 2.1
      vertex -21.313 -0.264633 1.2
      vertex -21.313 -0.264633 2.1
    endloop
  endfacet
  facet normal 0.989165 -0.146809 0
    outer loop
      vertex -21.313 -0.264633 1.2
      vertex -21.3519 -0.526733 2.1
      vertex -21.3519 -0.526733 1.2
    endloop
  endfacet
  facet normal 0.998796 -0.0490655 0
    outer loop
      vertex -21.313 -0.264633 2.1
      vertex -21.3 0 1.2
      vertex -21.3 0 2.1
    endloop
  endfacet
  facet normal 0.998796 -0.0490655 0
    outer loop
      vertex -21.3 0 1.2
      vertex -21.313 -0.264633 2.1
      vertex -21.313 -0.264633 1.2
    endloop
  endfacet
  facet normal 0.998796 0.0490655 0
    outer loop
      vertex -21.3 0 2.1
      vertex -21.313 0.264633 1.2
      vertex -21.313 0.264633 2.1
    endloop
  endfacet
  facet normal 0.998796 0.0490655 0
    outer loop
      vertex -21.313 0.264633 1.2
      vertex -21.3 0 2.1
      vertex -21.3 0 1.2
    endloop
  endfacet
  facet normal 0.989165 0.146809 0
    outer loop
      vertex -21.313 0.264633 2.1
      vertex -21.3519 0.526733 1.2
      vertex -21.3519 0.526733 2.1
    endloop
  endfacet
  facet normal 0.989165 0.146809 0
    outer loop
      vertex -21.3519 0.526733 1.2
      vertex -21.313 0.264633 2.1
      vertex -21.313 0.264633 1.2
    endloop
  endfacet
  facet normal 0.970017 0.243037 0
    outer loop
      vertex -21.3519 0.526733 2.1
      vertex -21.4163 0.783768 1.2
      vertex -21.4163 0.783768 2.1
    endloop
  endfacet
  facet normal 0.970017 0.243037 0
    outer loop
      vertex -21.4163 0.783768 1.2
      vertex -21.3519 0.526733 2.1
      vertex -21.3519 0.526733 1.2
    endloop
  endfacet
  facet normal 0.941615 0.336693 0
    outer loop
      vertex -21.4163 0.783768 2.1
      vertex -21.5055 1.03323 1.2
      vertex -21.5055 1.03323 2.1
    endloop
  endfacet
  facet normal 0.941615 0.336693 0
    outer loop
      vertex -21.5055 1.03323 1.2
      vertex -21.4163 0.783768 2.1
      vertex -21.4163 0.783768 1.2
    endloop
  endfacet
  facet normal 0.903981 0.427574 0
    outer loop
      vertex -21.5055 1.03323 2.1
      vertex -21.6188 1.27277 1.2
      vertex -21.6188 1.27277 2.1
    endloop
  endfacet
  facet normal 0.903981 0.427574 0
    outer loop
      vertex -21.6188 1.27277 1.2
      vertex -21.5055 1.03323 2.1
      vertex -21.5055 1.03323 1.2
    endloop
  endfacet
  facet normal 0.857753 0.514063 0
    outer loop
      vertex -21.6188 1.27277 2.1
      vertex -21.755 1.50003 1.2
      vertex -21.755 1.50003 2.1
    endloop
  endfacet
  facet normal 0.857753 0.514063 0
    outer loop
      vertex -21.755 1.50003 1.2
      vertex -21.6188 1.27277 2.1
      vertex -21.6188 1.27277 1.2
    endloop
  endfacet
  facet normal 0.803109 0.595832 0
    outer loop
      vertex -21.755 1.50003 2.1
      vertex -21.9129 1.71286 1.2
      vertex -21.9129 1.71286 2.1
    endloop
  endfacet
  facet normal 0.803109 0.595832 0
    outer loop
      vertex -21.9129 1.71286 1.2
      vertex -21.755 1.50003 2.1
      vertex -21.755 1.50003 1.2
    endloop
  endfacet
  facet normal 0.741015 0.671488 0
    outer loop
      vertex -21.9129 1.71286 2.1
      vertex -22.0908 1.90918 1.2
      vertex -22.0908 1.90918 2.1
    endloop
  endfacet
  facet normal 0.741015 0.671488 0
    outer loop
      vertex -22.0908 1.90918 1.2
      vertex -21.9129 1.71286 2.1
      vertex -21.9129 1.71286 1.2
    endloop
  endfacet
  facet normal 0.67163 0.740887 -0
    outer loop
      vertex -22.0908 1.90918 1.2
      vertex -22.2871 2.08713 2.1
      vertex -22.0908 1.90918 2.1
    endloop
  endfacet
  facet normal 0.67163 0.740887 0
    outer loop
      vertex -22.2871 2.08713 2.1
      vertex -22.0908 1.90918 1.2
      vertex -22.2871 2.08713 1.2
    endloop
  endfacet
  facet normal 0.595535 0.803329 -0
    outer loop
      vertex -22.2871 2.08713 1.2
      vertex -22.5 2.24496 2.1
      vertex -22.2871 2.08713 2.1
    endloop
  endfacet
  facet normal 0.595535 0.803329 0
    outer loop
      vertex -22.5 2.24496 2.1
      vertex -22.2871 2.08713 1.2
      vertex -22.5 2.24496 1.2
    endloop
  endfacet
  facet normal 0.514218 0.857659 -0
    outer loop
      vertex -22.5 2.24496 1.2
      vertex -22.7272 2.38118 2.1
      vertex -22.5 2.24496 2.1
    endloop
  endfacet
  facet normal 0.514218 0.857659 0
    outer loop
      vertex -22.7272 2.38118 2.1
      vertex -22.5 2.24496 1.2
      vertex -22.7272 2.38118 1.2
    endloop
  endfacet
  facet normal 0.427424 0.904051 -0
    outer loop
      vertex -22.7272 2.38118 1.2
      vertex -22.9668 2.49446 2.1
      vertex -22.7272 2.38118 2.1
    endloop
  endfacet
  facet normal 0.427424 0.904051 0
    outer loop
      vertex -22.9668 2.49446 2.1
      vertex -22.7272 2.38118 1.2
      vertex -22.9668 2.49446 1.2
    endloop
  endfacet
  facet normal 0.336968 0.941516 -0
    outer loop
      vertex -22.9668 2.49446 1.2
      vertex -23.2162 2.58372 2.1
      vertex -22.9668 2.49446 2.1
    endloop
  endfacet
  facet normal 0.336968 0.941516 0
    outer loop
      vertex -23.2162 2.58372 2.1
      vertex -22.9668 2.49446 1.2
      vertex -23.2162 2.58372 1.2
    endloop
  endfacet
  facet normal 0.242979 0.970031 -0
    outer loop
      vertex -23.2162 2.58372 1.2
      vertex -23.4733 2.64812 2.1
      vertex -23.2162 2.58372 2.1
    endloop
  endfacet
  facet normal 0.242979 0.970031 0
    outer loop
      vertex -23.4733 2.64812 2.1
      vertex -23.2162 2.58372 1.2
      vertex -23.4733 2.64812 1.2
    endloop
  endfacet
  facet normal 0.146735 0.989176 -0
    outer loop
      vertex -23.4733 2.64812 1.2
      vertex -23.7354 2.687 2.1
      vertex -23.4733 2.64812 2.1
    endloop
  endfacet
  facet normal 0.146735 0.989176 0
    outer loop
      vertex -23.7354 2.687 2.1
      vertex -23.4733 2.64812 1.2
      vertex -23.7354 2.687 1.2
    endloop
  endfacet
  facet normal 0.0490716 0.998795 -0
    outer loop
      vertex -23.7354 2.687 1.2
      vertex -24 2.7 2.1
      vertex -23.7354 2.687 2.1
    endloop
  endfacet
  facet normal 0.0490716 0.998795 0
    outer loop
      vertex -24 2.7 2.1
      vertex -23.7354 2.687 1.2
      vertex -24 2.7 1.2
    endloop
  endfacet
  facet normal -0.0490716 0.998795 0
    outer loop
      vertex -24 2.7 1.2
      vertex -24.2646 2.687 2.1
      vertex -24 2.7 2.1
    endloop
  endfacet
  facet normal -0.0490716 0.998795 0
    outer loop
      vertex -24.2646 2.687 2.1
      vertex -24 2.7 1.2
      vertex -24.2646 2.687 1.2
    endloop
  endfacet
  facet normal -0.146735 0.989176 0
    outer loop
      vertex -24.2646 2.687 1.2
      vertex -24.5267 2.64812 2.1
      vertex -24.2646 2.687 2.1
    endloop
  endfacet
  facet normal -0.146735 0.989176 0
    outer loop
      vertex -24.5267 2.64812 2.1
      vertex -24.2646 2.687 1.2
      vertex -24.5267 2.64812 1.2
    endloop
  endfacet
  facet normal -0.242979 0.970031 0
    outer loop
      vertex -24.5267 2.64812 1.2
      vertex -24.7838 2.58372 2.1
      vertex -24.5267 2.64812 2.1
    endloop
  endfacet
  facet normal -0.242979 0.970031 0
    outer loop
      vertex -24.7838 2.58372 2.1
      vertex -24.5267 2.64812 1.2
      vertex -24.7838 2.58372 1.2
    endloop
  endfacet
  facet normal -0.336968 0.941516 0
    outer loop
      vertex -24.7838 2.58372 1.2
      vertex -25.0332 2.49446 2.1
      vertex -24.7838 2.58372 2.1
    endloop
  endfacet
  facet normal -0.336968 0.941516 0
    outer loop
      vertex -25.0332 2.49446 2.1
      vertex -24.7838 2.58372 1.2
      vertex -25.0332 2.49446 1.2
    endloop
  endfacet
  facet normal -0.427424 0.904051 0
    outer loop
      vertex -25.0332 2.49446 1.2
      vertex -25.2728 2.38118 2.1
      vertex -25.0332 2.49446 2.1
    endloop
  endfacet
  facet normal -0.427424 0.904051 0
    outer loop
      vertex -25.2728 2.38118 2.1
      vertex -25.0332 2.49446 1.2
      vertex -25.2728 2.38118 1.2
    endloop
  endfacet
  facet normal -0.514218 0.857659 0
    outer loop
      vertex -25.2728 2.38118 1.2
      vertex -25.5 2.24496 2.1
      vertex -25.2728 2.38118 2.1
    endloop
  endfacet
  facet normal -0.514218 0.857659 0
    outer loop
      vertex -25.5 2.24496 2.1
      vertex -25.2728 2.38118 1.2
      vertex -25.5 2.24496 1.2
    endloop
  endfacet
  facet normal -0.595535 0.803329 0
    outer loop
      vertex -25.5 2.24496 1.2
      vertex -25.7129 2.08713 2.1
      vertex -25.5 2.24496 2.1
    endloop
  endfacet
  facet normal -0.595535 0.803329 0
    outer loop
      vertex -25.7129 2.08713 2.1
      vertex -25.5 2.24496 1.2
      vertex -25.7129 2.08713 1.2
    endloop
  endfacet
  facet normal -0.67163 0.740887 0
    outer loop
      vertex -25.7129 2.08713 1.2
      vertex -25.9092 1.90918 2.1
      vertex -25.7129 2.08713 2.1
    endloop
  endfacet
  facet normal -0.67163 0.740887 0
    outer loop
      vertex -25.9092 1.90918 2.1
      vertex -25.7129 2.08713 1.2
      vertex -25.9092 1.90918 1.2
    endloop
  endfacet
  facet normal -0.741015 0.671488 0
    outer loop
      vertex -26.0871 1.71286 1.2
      vertex -25.9092 1.90918 2.1
      vertex -25.9092 1.90918 1.2
    endloop
  endfacet
  facet normal -0.741015 0.671488 0
    outer loop
      vertex -25.9092 1.90918 2.1
      vertex -26.0871 1.71286 1.2
      vertex -26.0871 1.71286 2.1
    endloop
  endfacet
  facet normal -0.803109 0.595832 0
    outer loop
      vertex -26.245 1.50003 1.2
      vertex -26.0871 1.71286 2.1
      vertex -26.0871 1.71286 1.2
    endloop
  endfacet
  facet normal -0.803109 0.595832 0
    outer loop
      vertex -26.0871 1.71286 2.1
      vertex -26.245 1.50003 1.2
      vertex -26.245 1.50003 2.1
    endloop
  endfacet
  facet normal -0.857753 0.514063 0
    outer loop
      vertex -26.3812 1.27277 1.2
      vertex -26.245 1.50003 2.1
      vertex -26.245 1.50003 1.2
    endloop
  endfacet
  facet normal -0.857753 0.514063 0
    outer loop
      vertex -26.245 1.50003 2.1
      vertex -26.3812 1.27277 1.2
      vertex -26.3812 1.27277 2.1
    endloop
  endfacet
  facet normal -0.903981 0.427574 0
    outer loop
      vertex -26.4945 1.03323 1.2
      vertex -26.3812 1.27277 2.1
      vertex -26.3812 1.27277 1.2
    endloop
  endfacet
  facet normal -0.903981 0.427574 0
    outer loop
      vertex -26.3812 1.27277 2.1
      vertex -26.4945 1.03323 1.2
      vertex -26.4945 1.03323 2.1
    endloop
  endfacet
  facet normal -0.941615 0.336693 0
    outer loop
      vertex -26.5837 0.783768 1.2
      vertex -26.4945 1.03323 2.1
      vertex -26.4945 1.03323 1.2
    endloop
  endfacet
  facet normal -0.941615 0.336693 0
    outer loop
      vertex -26.4945 1.03323 2.1
      vertex -26.5837 0.783768 1.2
      vertex -26.5837 0.783768 2.1
    endloop
  endfacet
  facet normal -0.970017 0.243037 0
    outer loop
      vertex -26.6481 0.526733 1.2
      vertex -26.5837 0.783768 2.1
      vertex -26.5837 0.783768 1.2
    endloop
  endfacet
  facet normal -0.970017 0.243037 0
    outer loop
      vertex -26.5837 0.783768 2.1
      vertex -26.6481 0.526733 1.2
      vertex -26.6481 0.526733 2.1
    endloop
  endfacet
  facet normal -0.989165 0.146809 0
    outer loop
      vertex -26.687 0.264633 1.2
      vertex -26.6481 0.526733 2.1
      vertex -26.6481 0.526733 1.2
    endloop
  endfacet
  facet normal -0.989165 0.146809 0
    outer loop
      vertex -26.6481 0.526733 2.1
      vertex -26.687 0.264633 1.2
      vertex -26.687 0.264633 2.1
    endloop
  endfacet
  facet normal -0.998796 0.0490655 0
    outer loop
      vertex -26.7 0 1.2
      vertex -26.687 0.264633 2.1
      vertex -26.687 0.264633 1.2
    endloop
  endfacet
  facet normal -0.998796 0.0490655 0
    outer loop
      vertex -26.687 0.264633 2.1
      vertex -26.7 0 1.2
      vertex -26.7 0 2.1
    endloop
  endfacet
  facet normal -0.998796 -0.0490655 0
    outer loop
      vertex -26.687 -0.264633 1.2
      vertex -26.7 0 2.1
      vertex -26.7 0 1.2
    endloop
  endfacet
  facet normal -0.998796 -0.0490655 0
    outer loop
      vertex -26.7 0 2.1
      vertex -26.687 -0.264633 1.2
      vertex -26.687 -0.264633 2.1
    endloop
  endfacet
  facet normal -0.989165 -0.146809 0
    outer loop
      vertex -26.6481 -0.526733 1.2
      vertex -26.687 -0.264633 2.1
      vertex -26.687 -0.264633 1.2
    endloop
  endfacet
  facet normal -0.989165 -0.146809 0
    outer loop
      vertex -26.687 -0.264633 2.1
      vertex -26.6481 -0.526733 1.2
      vertex -26.6481 -0.526733 2.1
    endloop
  endfacet
  facet normal -0.970017 -0.243037 0
    outer loop
      vertex -26.5837 -0.783768 1.2
      vertex -26.6481 -0.526733 2.1
      vertex -26.6481 -0.526733 1.2
    endloop
  endfacet
  facet normal -0.970017 -0.243037 0
    outer loop
      vertex -26.6481 -0.526733 2.1
      vertex -26.5837 -0.783768 1.2
      vertex -26.5837 -0.783768 2.1
    endloop
  endfacet
  facet normal -0.941615 -0.336693 0
    outer loop
      vertex -26.4945 -1.03323 1.2
      vertex -26.5837 -0.783768 2.1
      vertex -26.5837 -0.783768 1.2
    endloop
  endfacet
  facet normal -0.941615 -0.336693 0
    outer loop
      vertex -26.5837 -0.783768 2.1
      vertex -26.4945 -1.03323 1.2
      vertex -26.4945 -1.03323 2.1
    endloop
  endfacet
  facet normal -0.903981 -0.427574 0
    outer loop
      vertex -26.3812 -1.27277 1.2
      vertex -26.4945 -1.03323 2.1
      vertex -26.4945 -1.03323 1.2
    endloop
  endfacet
  facet normal -0.903981 -0.427574 0
    outer loop
      vertex -26.4945 -1.03323 2.1
      vertex -26.3812 -1.27277 1.2
      vertex -26.3812 -1.27277 2.1
    endloop
  endfacet
  facet normal -0.857753 -0.514063 0
    outer loop
      vertex -26.245 -1.50003 1.2
      vertex -26.3812 -1.27277 2.1
      vertex -26.3812 -1.27277 1.2
    endloop
  endfacet
  facet normal -0.857753 -0.514063 0
    outer loop
      vertex -26.3812 -1.27277 2.1
      vertex -26.245 -1.50003 1.2
      vertex -26.245 -1.50003 2.1
    endloop
  endfacet
  facet normal -0.803109 -0.595832 0
    outer loop
      vertex -26.0871 -1.71286 1.2
      vertex -26.245 -1.50003 2.1
      vertex -26.245 -1.50003 1.2
    endloop
  endfacet
  facet normal -0.803109 -0.595832 0
    outer loop
      vertex -26.245 -1.50003 2.1
      vertex -26.0871 -1.71286 1.2
      vertex -26.0871 -1.71286 2.1
    endloop
  endfacet
  facet normal -0.741015 -0.671488 0
    outer loop
      vertex -25.9092 -1.90918 1.2
      vertex -26.0871 -1.71286 2.1
      vertex -26.0871 -1.71286 1.2
    endloop
  endfacet
  facet normal -0.741015 -0.671488 0
    outer loop
      vertex -26.0871 -1.71286 2.1
      vertex -25.9092 -1.90918 1.2
      vertex -25.9092 -1.90918 2.1
    endloop
  endfacet
  facet normal -0.67163 -0.740887 0
    outer loop
      vertex -25.9092 -1.90918 1.2
      vertex -25.7129 -2.08713 2.1
      vertex -25.9092 -1.90918 2.1
    endloop
  endfacet
  facet normal -0.67163 -0.740887 -0
    outer loop
      vertex -25.7129 -2.08713 2.1
      vertex -25.9092 -1.90918 1.2
      vertex -25.7129 -2.08713 1.2
    endloop
  endfacet
  facet normal -0.595535 -0.803329 0
    outer loop
      vertex -25.7129 -2.08713 1.2
      vertex -25.5 -2.24496 2.1
      vertex -25.7129 -2.08713 2.1
    endloop
  endfacet
  facet normal -0.595535 -0.803329 -0
    outer loop
      vertex -25.5 -2.24496 2.1
      vertex -25.7129 -2.08713 1.2
      vertex -25.5 -2.24496 1.2
    endloop
  endfacet
  facet normal -0.514218 -0.857659 0
    outer loop
      vertex -25.5 -2.24496 1.2
      vertex -25.2728 -2.38118 2.1
      vertex -25.5 -2.24496 2.1
    endloop
  endfacet
  facet normal -0.514218 -0.857659 -0
    outer loop
      vertex -25.2728 -2.38118 2.1
      vertex -25.5 -2.24496 1.2
      vertex -25.2728 -2.38118 1.2
    endloop
  endfacet
  facet normal -0.427424 -0.904051 0
    outer loop
      vertex -25.2728 -2.38118 1.2
      vertex -25.0332 -2.49446 2.1
      vertex -25.2728 -2.38118 2.1
    endloop
  endfacet
  facet normal -0.427424 -0.904051 -0
    outer loop
      vertex -25.0332 -2.49446 2.1
      vertex -25.2728 -2.38118 1.2
      vertex -25.0332 -2.49446 1.2
    endloop
  endfacet
  facet normal -0.336968 -0.941516 0
    outer loop
      vertex -25.0332 -2.49446 1.2
      vertex -24.7838 -2.58372 2.1
      vertex -25.0332 -2.49446 2.1
    endloop
  endfacet
  facet normal -0.336968 -0.941516 -0
    outer loop
      vertex -24.7838 -2.58372 2.1
      vertex -25.0332 -2.49446 1.2
      vertex -24.7838 -2.58372 1.2
    endloop
  endfacet
  facet normal -0.242979 -0.970031 0
    outer loop
      vertex -24.7838 -2.58372 1.2
      vertex -24.5267 -2.64812 2.1
      vertex -24.7838 -2.58372 2.1
    endloop
  endfacet
  facet normal -0.242979 -0.970031 -0
    outer loop
      vertex -24.5267 -2.64812 2.1
      vertex -24.7838 -2.58372 1.2
      vertex -24.5267 -2.64812 1.2
    endloop
  endfacet
  facet normal -0.146735 -0.989176 0
    outer loop
      vertex -24.5267 -2.64812 1.2
      vertex -24.2646 -2.687 2.1
      vertex -24.5267 -2.64812 2.1
    endloop
  endfacet
  facet normal -0.146735 -0.989176 -0
    outer loop
      vertex -24.2646 -2.687 2.1
      vertex -24.5267 -2.64812 1.2
      vertex -24.2646 -2.687 1.2
    endloop
  endfacet
  facet normal -0.0490716 -0.998795 0
    outer loop
      vertex -24.2646 -2.687 1.2
      vertex -24 -2.7 2.1
      vertex -24.2646 -2.687 2.1
    endloop
  endfacet
  facet normal -0.0490716 -0.998795 -0
    outer loop
      vertex -24 -2.7 2.1
      vertex -24.2646 -2.687 1.2
      vertex -24 -2.7 1.2
    endloop
  endfacet
  facet normal 0.0490716 -0.998795 0
    outer loop
      vertex -24 -2.7 1.2
      vertex -23.7354 -2.687 2.1
      vertex -24 -2.7 2.1
    endloop
  endfacet
  facet normal 0.0490716 -0.998795 0
    outer loop
      vertex -23.7354 -2.687 2.1
      vertex -24 -2.7 1.2
      vertex -23.7354 -2.687 1.2
    endloop
  endfacet
  facet normal 0.555641 0.831422 -0
    outer loop
      vertex -26.8086 -4.49463 1.2
      vertex -27.0777 -4.31479 2.1
      vertex -26.8086 -4.49463 2.1
    endloop
  endfacet
  facet normal 0.555641 0.831422 0
    outer loop
      vertex -27.0777 -4.31479 2.1
      vertex -26.8086 -4.49463 1.2
      vertex -27.0777 -4.31479 1.2
    endloop
  endfacet
  facet normal 0.605256 0.796031 -0
    outer loop
      vertex -27.0777 -4.31479 1.2
      vertex -27.3354 -4.11885 2.1
      vertex -27.0777 -4.31479 2.1
    endloop
  endfacet
  facet normal 0.605256 0.796031 0
    outer loop
      vertex -27.3354 -4.11885 2.1
      vertex -27.0777 -4.31479 1.2
      vertex -27.3354 -4.11885 1.2
    endloop
  endfacet
  facet normal 0.652799 0.757531 -0
    outer loop
      vertex -27.3354 -4.11885 1.2
      vertex -27.5806 -3.90755 2.1
      vertex -27.3354 -4.11885 2.1
    endloop
  endfacet
  facet normal 0.652799 0.757531 0
    outer loop
      vertex -27.5806 -3.90755 2.1
      vertex -27.3354 -4.11885 1.2
      vertex -27.5806 -3.90755 1.2
    endloop
  endfacet
  facet normal 0.697748 0.716344 -0
    outer loop
      vertex -27.5806 -3.90755 1.2
      vertex -27.8125 -3.68167 2.1
      vertex -27.5806 -3.90755 2.1
    endloop
  endfacet
  facet normal 0.697748 0.716344 0
    outer loop
      vertex -27.8125 -3.68167 2.1
      vertex -27.5806 -3.90755 1.2
      vertex -27.8125 -3.68167 1.2
    endloop
  endfacet
  facet normal 0.740303 0.672273 0
    outer loop
      vertex -27.8125 -3.68167 2.1
      vertex -28.0301 -3.44205 1.2
      vertex -28.0301 -3.44205 2.1
    endloop
  endfacet
  facet normal 0.740303 0.672273 0
    outer loop
      vertex -28.0301 -3.44205 1.2
      vertex -27.8125 -3.68167 2.1
      vertex -27.8125 -3.68167 1.2
    endloop
  endfacet
  facet normal 0.77974 0.626103 0
    outer loop
      vertex -28.0301 -3.44205 2.1
      vertex -28.2328 -3.18961 1.2
      vertex -28.2328 -3.18961 2.1
    endloop
  endfacet
  facet normal 0.77974 0.626103 0
    outer loop
      vertex -28.2328 -3.18961 1.2
      vertex -28.0301 -3.44205 2.1
      vertex -28.0301 -3.44205 1.2
    endloop
  endfacet
  facet normal 0.816687 0.577081 0
    outer loop
      vertex -28.2328 -3.18961 2.1
      vertex -28.4196 -2.92525 1.2
      vertex -28.4196 -2.92525 2.1
    endloop
  endfacet
  facet normal 0.816687 0.577081 0
    outer loop
      vertex -28.4196 -2.92525 1.2
      vertex -28.2328 -3.18961 2.1
      vertex -28.2328 -3.18961 1.2
    endloop
  endfacet
  facet normal 0.850402 0.526133 0
    outer loop
      vertex -28.4196 -2.92525 2.1
      vertex -28.5899 -2.64999 1.2
      vertex -28.5899 -2.64999 2.1
    endloop
  endfacet
  facet normal 0.850402 0.526133 0
    outer loop
      vertex -28.5899 -2.64999 1.2
      vertex -28.4196 -2.92525 2.1
      vertex -28.4196 -2.92525 1.2
    endloop
  endfacet
  facet normal 0.880912 0.47328 0
    outer loop
      vertex -28.5899 -2.64999 2.1
      vertex -28.7431 -2.36484 1.2
      vertex -28.7431 -2.36484 2.1
    endloop
  endfacet
  facet normal 0.880912 0.47328 0
    outer loop
      vertex -28.7431 -2.36484 1.2
      vertex -28.5899 -2.64999 2.1
      vertex -28.5899 -2.64999 1.2
    endloop
  endfacet
  facet normal 0.908057 0.418847 0
    outer loop
      vertex -28.7431 -2.36484 2.1
      vertex -28.8787 -2.07086 1.2
      vertex -28.8787 -2.07086 2.1
    endloop
  endfacet
  facet normal 0.908057 0.418847 0
    outer loop
      vertex -28.8787 -2.07086 1.2
      vertex -28.7431 -2.36484 2.1
      vertex -28.7431 -2.36484 1.2
    endloop
  endfacet
  facet normal 0.932026 0.362393 0
    outer loop
      vertex -28.8787 -2.07086 2.1
      vertex -28.996 -1.76918 1.2
      vertex -28.996 -1.76918 2.1
    endloop
  endfacet
  facet normal 0.932026 0.362393 0
    outer loop
      vertex -28.996 -1.76918 1.2
      vertex -28.8787 -2.07086 2.1
      vertex -28.8787 -2.07086 1.2
    endloop
  endfacet
  facet normal 0.952385 0.304899 0
    outer loop
      vertex -28.996 -1.76918 2.1
      vertex -29.0947 -1.46088 1.2
      vertex -29.0947 -1.46088 2.1
    endloop
  endfacet
  facet normal 0.952385 0.304899 0
    outer loop
      vertex -29.0947 -1.46088 1.2
      vertex -28.996 -1.76918 2.1
      vertex -28.996 -1.76918 1.2
    endloop
  endfacet
  facet normal 0.969292 0.245914 0
    outer loop
      vertex -29.0947 -1.46088 2.1
      vertex -29.1743 -1.14713 1.2
      vertex -29.1743 -1.14713 2.1
    endloop
  endfacet
  facet normal 0.969292 0.245914 0
    outer loop
      vertex -29.1743 -1.14713 1.2
      vertex -29.0947 -1.46088 2.1
      vertex -29.0947 -1.46088 1.2
    endloop
  endfacet
  facet normal 0.982439 0.186585 0
    outer loop
      vertex -29.1743 -1.14713 2.1
      vertex -29.2347 -0.829102 1.2
      vertex -29.2347 -0.829102 2.1
    endloop
  endfacet
  facet normal 0.982439 0.186585 0
    outer loop
      vertex -29.2347 -0.829102 1.2
      vertex -29.1743 -1.14713 2.1
      vertex -29.1743 -1.14713 1.2
    endloop
  endfacet
  facet normal 0.991986 0.126345 0
    outer loop
      vertex -29.2347 -0.829102 2.1
      vertex -29.2756 -0.50798 1.2
      vertex -29.2756 -0.50798 2.1
    endloop
  endfacet
  facet normal 0.991986 0.126345 0
    outer loop
      vertex -29.2756 -0.50798 1.2
      vertex -29.2347 -0.829102 2.1
      vertex -29.2347 -0.829102 1.2
    endloop
  endfacet
  facet normal 0.997853 0.0654911 0
    outer loop
      vertex -29.2756 -0.50798 2.1
      vertex -29.2968 -0.184967 1.2
      vertex -29.2968 -0.184967 2.1
    endloop
  endfacet
  facet normal 0.997853 0.0654911 0
    outer loop
      vertex -29.2968 -0.184967 1.2
      vertex -29.2756 -0.50798 2.1
      vertex -29.2756 -0.50798 1.2
    endloop
  endfacet
  facet normal -0.0348987 0.999391 0
    outer loop
      vertex -29.2968 -0.184967 1.2
      vertex -35.1932 -0.390869 2.1
      vertex -29.2968 -0.184967 2.1
    endloop
  endfacet
  facet normal -0.0348987 0.999391 0
    outer loop
      vertex -35.1932 -0.390869 2.1
      vertex -29.2968 -0.184967 1.2
      vertex -35.1932 -0.390869 1.2
    endloop
  endfacet
  facet normal -0.997853 -0.0654914 0
    outer loop
      vertex -35.1484 -1.07346 1.2
      vertex -35.1932 -0.390869 2.1
      vertex -35.1932 -0.390869 1.2
    endloop
  endfacet
  facet normal -0.997853 -0.0654914 0
    outer loop
      vertex -35.1932 -0.390869 2.1
      vertex -35.1484 -1.07346 1.2
      vertex -35.1484 -1.07346 2.1
    endloop
  endfacet
  facet normal -0.99201 -0.126158 0
    outer loop
      vertex -35.0621 -1.75206 1.2
      vertex -35.1484 -1.07346 2.1
      vertex -35.1484 -1.07346 1.2
    endloop
  endfacet
  facet normal -0.99201 -0.126158 0
    outer loop
      vertex -35.1484 -1.07346 2.1
      vertex -35.0621 -1.75206 1.2
      vertex -35.0621 -1.75206 2.1
    endloop
  endfacet
  facet normal -0.982449 -0.186532 0
    outer loop
      vertex -34.9345 -2.42412 1.2
      vertex -35.0621 -1.75206 2.1
      vertex -35.0621 -1.75206 1.2
    endloop
  endfacet
  facet normal -0.982449 -0.186532 0
    outer loop
      vertex -35.0621 -1.75206 2.1
      vertex -34.9345 -2.42412 1.2
      vertex -34.9345 -2.42412 2.1
    endloop
  endfacet
  facet normal -0.969226 -0.246173 0
    outer loop
      vertex -34.7661 -3.08714 1.2
      vertex -34.9345 -2.42412 2.1
      vertex -34.9345 -2.42412 1.2
    endloop
  endfacet
  facet normal -0.969226 -0.246173 0
    outer loop
      vertex -34.9345 -2.42412 2.1
      vertex -34.7661 -3.08714 1.2
      vertex -34.7661 -3.08714 2.1
    endloop
  endfacet
  facet normal -0.952414 -0.304806 0
    outer loop
      vertex -34.5576 -3.73863 1.2
      vertex -34.7661 -3.08714 2.1
      vertex -34.7661 -3.08714 1.2
    endloop
  endfacet
  facet normal -0.952414 -0.304806 0
    outer loop
      vertex -34.7661 -3.08714 2.1
      vertex -34.5576 -3.73863 1.2
      vertex -34.5576 -3.73863 2.1
    endloop
  endfacet
  facet normal -0.931975 -0.362522 0
    outer loop
      vertex -34.3096 -4.37619 1.2
      vertex -34.5576 -3.73863 2.1
      vertex -34.5576 -3.73863 1.2
    endloop
  endfacet
  facet normal -0.931975 -0.362522 0
    outer loop
      vertex -34.5576 -3.73863 2.1
      vertex -34.3096 -4.37619 1.2
      vertex -34.3096 -4.37619 2.1
    endloop
  endfacet
  facet normal -0.908194 -0.41855 0
    outer loop
      vertex -34.0233 -4.99742 1.2
      vertex -34.3096 -4.37619 2.1
      vertex -34.3096 -4.37619 1.2
    endloop
  endfacet
  facet normal -0.908194 -0.41855 0
    outer loop
      vertex -34.3096 -4.37619 2.1
      vertex -34.0233 -4.99742 1.2
      vertex -34.0233 -4.99742 2.1
    endloop
  endfacet
  facet normal -0.880874 -0.473351 0
    outer loop
      vertex -33.6995 -5.59999 1.2
      vertex -34.0233 -4.99742 2.1
      vertex -34.0233 -4.99742 1.2
    endloop
  endfacet
  facet normal -0.880874 -0.473351 0
    outer loop
      vertex -34.0233 -4.99742 2.1
      vertex -33.6995 -5.59999 1.2
      vertex -33.6995 -5.59999 2.1
    endloop
  endfacet
  facet normal -0.850322 -0.526262 0
    outer loop
      vertex -33.3395 -6.18167 1.2
      vertex -33.6995 -5.59999 2.1
      vertex -33.6995 -5.59999 1.2
    endloop
  endfacet
  facet normal -0.850322 -0.526262 0
    outer loop
      vertex -33.6995 -5.59999 2.1
      vertex -33.3395 -6.18167 1.2
      vertex -33.3395 -6.18167 2.1
    endloop
  endfacet
  facet normal -0.816647 -0.577138 0
    outer loop
      vertex -32.9447 -6.74031 1.2
      vertex -33.3395 -6.18167 2.1
      vertex -33.3395 -6.18167 1.2
    endloop
  endfacet
  facet normal -0.816647 -0.577138 0
    outer loop
      vertex -33.3395 -6.18167 2.1
      vertex -32.9447 -6.74031 1.2
      vertex -32.9447 -6.74031 2.1
    endloop
  endfacet
  facet normal -0.779864 -0.625949 0
    outer loop
      vertex -32.5165 -7.2738 1.2
      vertex -32.9447 -6.74031 2.1
      vertex -32.9447 -6.74031 1.2
    endloop
  endfacet
  facet normal -0.779864 -0.625949 0
    outer loop
      vertex -32.9447 -6.74031 2.1
      vertex -32.5165 -7.2738 1.2
      vertex -32.5165 -7.2738 2.1
    endloop
  endfacet
  facet normal -0.740244 -0.672338 0
    outer loop
      vertex -32.0566 -7.78015 1.2
      vertex -32.5165 -7.2738 2.1
      vertex -32.5165 -7.2738 1.2
    endloop
  endfacet
  facet normal -0.740244 -0.672338 0
    outer loop
      vertex -32.5165 -7.2738 2.1
      vertex -32.0566 -7.78015 1.2
      vertex -32.0566 -7.78015 2.1
    endloop
  endfacet
  facet normal -0.697793 -0.7163 0
    outer loop
      vertex -32.0566 -7.78015 1.2
      vertex -31.5666 -8.25749 2.1
      vertex -32.0566 -7.78015 2.1
    endloop
  endfacet
  facet normal -0.697793 -0.7163 -0
    outer loop
      vertex -31.5666 -8.25749 2.1
      vertex -32.0566 -7.78015 1.2
      vertex -31.5666 -8.25749 1.2
    endloop
  endfacet
  facet normal -0.652785 -0.757543 0
    outer loop
      vertex -31.5666 -8.25749 1.2
      vertex -31.0484 -8.70403 2.1
      vertex -31.5666 -8.25749 2.1
    endloop
  endfacet
  facet normal -0.652785 -0.757543 -0
    outer loop
      vertex -31.0484 -8.70403 2.1
      vertex -31.5666 -8.25749 1.2
      vertex -31.0484 -8.70403 1.2
    endloop
  endfacet
  facet normal -0.605306 -0.795993 0
    outer loop
      vertex -31.0484 -8.70403 1.2
      vertex -30.5039 -9.11809 2.1
      vertex -31.0484 -8.70403 2.1
    endloop
  endfacet
  facet normal -0.605306 -0.795993 -0
    outer loop
      vertex -30.5039 -9.11809 2.1
      vertex -31.0484 -8.70403 1.2
      vertex -30.5039 -9.11809 1.2
    endloop
  endfacet
  facet normal -0.55554 -0.83149 0
    outer loop
      vertex -30.5039 -9.11809 1.2
      vertex -29.9351 -9.49812 2.1
      vertex -30.5039 -9.11809 2.1
    endloop
  endfacet
  facet normal -0.55554 -0.83149 -0
    outer loop
      vertex -29.9351 -9.49812 2.1
      vertex -30.5039 -9.11809 1.2
      vertex -29.9351 -9.49812 1.2
    endloop
  endfacet
  facet normal 0.84805 -0.529916 0
    outer loop
      vertex -29.9351 -9.49812 2.1
      vertex -26.8086 -4.49463 1.2
      vertex -26.8086 -4.49463 2.1
    endloop
  endfacet
  facet normal 0.84805 -0.529916 0
    outer loop
      vertex -26.8086 -4.49463 1.2
      vertex -29.9351 -9.49812 2.1
      vertex -29.9351 -9.49812 1.2
    endloop
  endfacet
  facet normal 0.605306 -0.795993 0
    outer loop
      vertex -17.4961 -9.11809 1.2
      vertex -16.9516 -8.70403 2.1
      vertex -17.4961 -9.11809 2.1
    endloop
  endfacet
  facet normal 0.605306 -0.795993 0
    outer loop
      vertex -16.9516 -8.70403 2.1
      vertex -17.4961 -9.11809 1.2
      vertex -16.9516 -8.70403 1.2
    endloop
  endfacet
  facet normal 0.652785 -0.757543 0
    outer loop
      vertex -16.9516 -8.70403 1.2
      vertex -16.4334 -8.25749 2.1
      vertex -16.9516 -8.70403 2.1
    endloop
  endfacet
  facet normal 0.652785 -0.757543 0
    outer loop
      vertex -16.4334 -8.25749 2.1
      vertex -16.9516 -8.70403 1.2
      vertex -16.4334 -8.25749 1.2
    endloop
  endfacet
  facet normal 0.697793 -0.7163 0
    outer loop
      vertex -16.4334 -8.25749 1.2
      vertex -15.9434 -7.78015 2.1
      vertex -16.4334 -8.25749 2.1
    endloop
  endfacet
  facet normal 0.697793 -0.7163 0
    outer loop
      vertex -15.9434 -7.78015 2.1
      vertex -16.4334 -8.25749 1.2
      vertex -15.9434 -7.78015 1.2
    endloop
  endfacet
  facet normal 0.740244 -0.672338 0
    outer loop
      vertex -15.9434 -7.78015 2.1
      vertex -15.4835 -7.2738 1.2
      vertex -15.4835 -7.2738 2.1
    endloop
  endfacet
  facet normal 0.740244 -0.672338 0
    outer loop
      vertex -15.4835 -7.2738 1.2
      vertex -15.9434 -7.78015 2.1
      vertex -15.9434 -7.78015 1.2
    endloop
  endfacet
  facet normal 0.779864 -0.625949 0
    outer loop
      vertex -15.4835 -7.2738 2.1
      vertex -15.0553 -6.74031 1.2
      vertex -15.0553 -6.74031 2.1
    endloop
  endfacet
  facet normal 0.779864 -0.625949 0
    outer loop
      vertex -15.0553 -6.74031 1.2
      vertex -15.4835 -7.2738 2.1
      vertex -15.4835 -7.2738 1.2
    endloop
  endfacet
  facet normal 0.816647 -0.577138 0
    outer loop
      vertex -15.0553 -6.74031 2.1
      vertex -14.6605 -6.18167 1.2
      vertex -14.6605 -6.18167 2.1
    endloop
  endfacet
  facet normal 0.816647 -0.577138 0
    outer loop
      vertex -14.6605 -6.18167 1.2
      vertex -15.0553 -6.74031 2.1
      vertex -15.0553 -6.74031 1.2
    endloop
  endfacet
  facet normal 0.850322 -0.526262 0
    outer loop
      vertex -14.6605 -6.18167 2.1
      vertex -14.3005 -5.59999 1.2
      vertex -14.3005 -5.59999 2.1
    endloop
  endfacet
  facet normal 0.850322 -0.526262 0
    outer loop
      vertex -14.3005 -5.59999 1.2
      vertex -14.6605 -6.18167 2.1
      vertex -14.6605 -6.18167 1.2
    endloop
  endfacet
  facet normal 0.880874 -0.473351 0
    outer loop
      vertex -14.3005 -5.59999 2.1
      vertex -13.9767 -4.99742 1.2
      vertex -13.9767 -4.99742 2.1
    endloop
  endfacet
  facet normal 0.880874 -0.473351 0
    outer loop
      vertex -13.9767 -4.99742 1.2
      vertex -14.3005 -5.59999 2.1
      vertex -14.3005 -5.59999 1.2
    endloop
  endfacet
  facet normal 0.908194 -0.41855 0
    outer loop
      vertex -13.9767 -4.99742 2.1
      vertex -13.6904 -4.37619 1.2
      vertex -13.6904 -4.37619 2.1
    endloop
  endfacet
  facet normal 0.908194 -0.41855 0
    outer loop
      vertex -13.6904 -4.37619 1.2
      vertex -13.9767 -4.99742 2.1
      vertex -13.9767 -4.99742 1.2
    endloop
  endfacet
  facet normal 0.931975 -0.362522 0
    outer loop
      vertex -13.6904 -4.37619 2.1
      vertex -13.4424 -3.73863 1.2
      vertex -13.4424 -3.73863 2.1
    endloop
  endfacet
  facet normal 0.931975 -0.362522 0
    outer loop
      vertex -13.4424 -3.73863 1.2
      vertex -13.6904 -4.37619 2.1
      vertex -13.6904 -4.37619 1.2
    endloop
  endfacet
  facet normal 0.952414 -0.304806 0
    outer loop
      vertex -13.4424 -3.73863 2.1
      vertex -13.2339 -3.08714 1.2
      vertex -13.2339 -3.08714 2.1
    endloop
  endfacet
  facet normal 0.952414 -0.304806 0
    outer loop
      vertex -13.2339 -3.08714 1.2
      vertex -13.4424 -3.73863 2.1
      vertex -13.4424 -3.73863 1.2
    endloop
  endfacet
  facet normal 0.969226 -0.246173 0
    outer loop
      vertex -13.2339 -3.08714 2.1
      vertex -13.0655 -2.42412 1.2
      vertex -13.0655 -2.42412 2.1
    endloop
  endfacet
  facet normal 0.969226 -0.246173 0
    outer loop
      vertex -13.0655 -2.42412 1.2
      vertex -13.2339 -3.08714 2.1
      vertex -13.2339 -3.08714 1.2
    endloop
  endfacet
  facet normal 0.982449 -0.186532 0
    outer loop
      vertex -13.0655 -2.42412 2.1
      vertex -12.9379 -1.75206 1.2
      vertex -12.9379 -1.75206 2.1
    endloop
  endfacet
  facet normal 0.982449 -0.186532 0
    outer loop
      vertex -12.9379 -1.75206 1.2
      vertex -13.0655 -2.42412 2.1
      vertex -13.0655 -2.42412 1.2
    endloop
  endfacet
  facet normal 0.99201 -0.126158 0
    outer loop
      vertex -12.9379 -1.75206 2.1
      vertex -12.8516 -1.07346 1.2
      vertex -12.8516 -1.07346 2.1
    endloop
  endfacet
  facet normal 0.99201 -0.126158 0
    outer loop
      vertex -12.8516 -1.07346 1.2
      vertex -12.9379 -1.75206 2.1
      vertex -12.9379 -1.75206 1.2
    endloop
  endfacet
  facet normal 0.997853 -0.0654914 0
    outer loop
      vertex -12.8516 -1.07346 2.1
      vertex -12.8068 -0.390869 1.2
      vertex -12.8068 -0.390869 2.1
    endloop
  endfacet
  facet normal 0.997853 -0.0654914 0
    outer loop
      vertex -12.8068 -0.390869 1.2
      vertex -12.8516 -1.07346 2.1
      vertex -12.8516 -1.07346 1.2
    endloop
  endfacet
  facet normal 0.0348987 0.999391 -0
    outer loop
      vertex -12.8068 -0.390869 1.2
      vertex -18.7032 -0.184967 2.1
      vertex -12.8068 -0.390869 2.1
    endloop
  endfacet
  facet normal 0.0348987 0.999391 0
    outer loop
      vertex -18.7032 -0.184967 2.1
      vertex -12.8068 -0.390869 1.2
      vertex -18.7032 -0.184967 1.2
    endloop
  endfacet
  facet normal -0.997853 0.0654911 0
    outer loop
      vertex -18.7244 -0.50798 1.2
      vertex -18.7032 -0.184967 2.1
      vertex -18.7032 -0.184967 1.2
    endloop
  endfacet
  facet normal -0.997853 0.0654911 0
    outer loop
      vertex -18.7032 -0.184967 2.1
      vertex -18.7244 -0.50798 1.2
      vertex -18.7244 -0.50798 2.1
    endloop
  endfacet
  facet normal -0.991986 0.126345 0
    outer loop
      vertex -18.7653 -0.829102 1.2
      vertex -18.7244 -0.50798 2.1
      vertex -18.7244 -0.50798 1.2
    endloop
  endfacet
  facet normal -0.991986 0.126345 0
    outer loop
      vertex -18.7244 -0.50798 2.1
      vertex -18.7653 -0.829102 1.2
      vertex -18.7653 -0.829102 2.1
    endloop
  endfacet
  facet normal -0.982439 0.186585 0
    outer loop
      vertex -18.8257 -1.14713 1.2
      vertex -18.7653 -0.829102 2.1
      vertex -18.7653 -0.829102 1.2
    endloop
  endfacet
  facet normal -0.982439 0.186585 0
    outer loop
      vertex -18.7653 -0.829102 2.1
      vertex -18.8257 -1.14713 1.2
      vertex -18.8257 -1.14713 2.1
    endloop
  endfacet
  facet normal -0.969292 0.245914 0
    outer loop
      vertex -18.9053 -1.46088 1.2
      vertex -18.8257 -1.14713 2.1
      vertex -18.8257 -1.14713 1.2
    endloop
  endfacet
  facet normal -0.969292 0.245914 0
    outer loop
      vertex -18.8257 -1.14713 2.1
      vertex -18.9053 -1.46088 1.2
      vertex -18.9053 -1.46088 2.1
    endloop
  endfacet
  facet normal -0.952385 0.304899 0
    outer loop
      vertex -19.004 -1.76918 1.2
      vertex -18.9053 -1.46088 2.1
      vertex -18.9053 -1.46088 1.2
    endloop
  endfacet
  facet normal -0.952385 0.304899 0
    outer loop
      vertex -18.9053 -1.46088 2.1
      vertex -19.004 -1.76918 1.2
      vertex -19.004 -1.76918 2.1
    endloop
  endfacet
  facet normal -0.932026 0.362393 0
    outer loop
      vertex -19.1213 -2.07086 1.2
      vertex -19.004 -1.76918 2.1
      vertex -19.004 -1.76918 1.2
    endloop
  endfacet
  facet normal -0.932026 0.362393 0
    outer loop
      vertex -19.004 -1.76918 2.1
      vertex -19.1213 -2.07086 1.2
      vertex -19.1213 -2.07086 2.1
    endloop
  endfacet
  facet normal -0.908057 0.418847 0
    outer loop
      vertex -19.2569 -2.36484 1.2
      vertex -19.1213 -2.07086 2.1
      vertex -19.1213 -2.07086 1.2
    endloop
  endfacet
  facet normal -0.908057 0.418847 0
    outer loop
      vertex -19.1213 -2.07086 2.1
      vertex -19.2569 -2.36484 1.2
      vertex -19.2569 -2.36484 2.1
    endloop
  endfacet
  facet normal -0.880912 0.47328 0
    outer loop
      vertex -19.4101 -2.64999 1.2
      vertex -19.2569 -2.36484 2.1
      vertex -19.2569 -2.36484 1.2
    endloop
  endfacet
  facet normal -0.880912 0.47328 0
    outer loop
      vertex -19.2569 -2.36484 2.1
      vertex -19.4101 -2.64999 1.2
      vertex -19.4101 -2.64999 2.1
    endloop
  endfacet
  facet normal -0.850402 0.526133 0
    outer loop
      vertex -19.5804 -2.92525 1.2
      vertex -19.4101 -2.64999 2.1
      vertex -19.4101 -2.64999 1.2
    endloop
  endfacet
  facet normal -0.850402 0.526133 0
    outer loop
      vertex -19.4101 -2.64999 2.1
      vertex -19.5804 -2.92525 1.2
      vertex -19.5804 -2.92525 2.1
    endloop
  endfacet
  facet normal -0.816687 0.577081 0
    outer loop
      vertex -19.7672 -3.18961 1.2
      vertex -19.5804 -2.92525 2.1
      vertex -19.5804 -2.92525 1.2
    endloop
  endfacet
  facet normal -0.816687 0.577081 0
    outer loop
      vertex -19.5804 -2.92525 2.1
      vertex -19.7672 -3.18961 1.2
      vertex -19.7672 -3.18961 2.1
    endloop
  endfacet
  facet normal -0.77974 0.626103 0
    outer loop
      vertex -19.9699 -3.44205 1.2
      vertex -19.7672 -3.18961 2.1
      vertex -19.7672 -3.18961 1.2
    endloop
  endfacet
  facet normal -0.77974 0.626103 0
    outer loop
      vertex -19.7672 -3.18961 2.1
      vertex -19.9699 -3.44205 1.2
      vertex -19.9699 -3.44205 2.1
    endloop
  endfacet
  facet normal -0.740303 0.672273 0
    outer loop
      vertex -20.1875 -3.68167 1.2
      vertex -19.9699 -3.44205 2.1
      vertex -19.9699 -3.44205 1.2
    endloop
  endfacet
  facet normal -0.740303 0.672273 0
    outer loop
      vertex -19.9699 -3.44205 2.1
      vertex -20.1875 -3.68167 1.2
      vertex -20.1875 -3.68167 2.1
    endloop
  endfacet
  facet normal -0.697748 0.716344 0
    outer loop
      vertex -20.1875 -3.68167 1.2
      vertex -20.4194 -3.90755 2.1
      vertex -20.1875 -3.68167 2.1
    endloop
  endfacet
  facet normal -0.697748 0.716344 0
    outer loop
      vertex -20.4194 -3.90755 2.1
      vertex -20.1875 -3.68167 1.2
      vertex -20.4194 -3.90755 1.2
    endloop
  endfacet
  facet normal -0.652799 0.757531 0
    outer loop
      vertex -20.4194 -3.90755 1.2
      vertex -20.6646 -4.11885 2.1
      vertex -20.4194 -3.90755 2.1
    endloop
  endfacet
  facet normal -0.652799 0.757531 0
    outer loop
      vertex -20.6646 -4.11885 2.1
      vertex -20.4194 -3.90755 1.2
      vertex -20.6646 -4.11885 1.2
    endloop
  endfacet
  facet normal -0.605256 0.796031 0
    outer loop
      vertex -20.6646 -4.11885 1.2
      vertex -20.9223 -4.31479 2.1
      vertex -20.6646 -4.11885 2.1
    endloop
  endfacet
  facet normal -0.605256 0.796031 0
    outer loop
      vertex -20.9223 -4.31479 2.1
      vertex -20.6646 -4.11885 1.2
      vertex -20.9223 -4.31479 1.2
    endloop
  endfacet
  facet normal -0.555641 0.831422 0
    outer loop
      vertex -20.9223 -4.31479 1.2
      vertex -21.1914 -4.49463 2.1
      vertex -20.9223 -4.31479 2.1
    endloop
  endfacet
  facet normal -0.555641 0.831422 0
    outer loop
      vertex -21.1914 -4.49463 2.1
      vertex -20.9223 -4.31479 1.2
      vertex -21.1914 -4.49463 1.2
    endloop
  endfacet
  facet normal -0.84805 -0.529916 0
    outer loop
      vertex -18.0649 -9.49812 1.2
      vertex -21.1914 -4.49463 2.1
      vertex -21.1914 -4.49463 1.2
    endloop
  endfacet
  facet normal -0.84805 -0.529916 0
    outer loop
      vertex -21.1914 -4.49463 2.1
      vertex -18.0649 -9.49812 1.2
      vertex -18.0649 -9.49812 2.1
    endloop
  endfacet
  facet normal 0.55554 -0.83149 0
    outer loop
      vertex -18.0649 -9.49812 1.2
      vertex -17.4961 -9.11809 2.1
      vertex -18.0649 -9.49812 2.1
    endloop
  endfacet
  facet normal 0.55554 -0.83149 0
    outer loop
      vertex -17.4961 -9.11809 2.1
      vertex -18.0649 -9.49812 1.2
      vertex -17.4961 -9.11809 1.2
    endloop
  endfacet
  facet normal -0 0 1
    outer loop
      vertex -10.1639 3.79932 2.1
      vertex -8.36346 -4.8 2.1
      vertex -8.36346 3.79932 2.1
    endloop
  endfacet
  facet normal 0 0 1
    outer loop
      vertex -8.36346 -4.8 2.1
      vertex -10.1639 3.79932 2.1
      vertex -10.1639 -4.8 2.1
    endloop
  endfacet
  facet normal -0 0 1
    outer loop
      vertex 12.6496 -0.136501 2.1
      vertex 14.4711 -0.43626 2.1
      vertex 14.4564 0.00635052 2.1
    endloop
  endfacet
  facet normal 0 0 1
    outer loop
      vertex 14.4711 -0.43626 2.1
      vertex 12.6585 -0.43626 2.1
      vertex 14.4646 -0.727749 2.1
    endloop
  endfacet
  facet normal 0 0 1
    outer loop
      vertex 12.65 -0.734341 2.1
      vertex 14.4646 -0.727749 2.1
      vertex 12.6585 -0.43626 2.1
    endloop
  endfacet
  facet normal -0 0 1
    outer loop
      vertex 12.6229 0.147052 2.1
      vertex 14.4564 0.00635052 2.1
      vertex 14.4123 0.42554 2.1
    endloop
  endfacet
  facet normal 0 0 1
    outer loop
      vertex 14.4646 -0.727749 2.1
      vertex 12.65 -0.734341 2.1
      vertex 14.4453 -1.01086 2.1
    endloop
  endfacet
  facet normal 0 0 1
    outer loop
      vertex 12.5784 0.414416 2.1
      vertex 14.4123 0.42554 2.1
      vertex 14.3388 0.821307 2.1
    endloop
  endfacet
  facet normal 0 0 1
    outer loop
      vertex 12.6247 -1.01826 2.1
      vertex 14.4453 -1.01086 2.1
      vertex 12.65 -0.734341 2.1
    endloop
  endfacet
  facet normal 0 0 1
    outer loop
      vertex 14.4453 -1.01086 2.1
      vertex 12.6247 -1.01826 2.1
      vertex 14.4131 -1.28561 2.1
    endloop
  endfacet
  facet normal 0 0 1
    outer loop
      vertex 12.5162 0.665591 2.1
      vertex 14.3388 0.821307 2.1
      vertex 14.236 1.19362 2.1
    endloop
  endfacet
  facet normal 0 0 1
    outer loop
      vertex 14.4131 -1.28561 2.1
      vertex 12.6247 -1.01826 2.1
      vertex 14.368 -1.55201 2.1
    endloop
  endfacet
  facet normal 0 0 1
    outer loop
      vertex 12.5162 0.665591 2.1
      vertex 14.236 1.19362 2.1
      vertex 14.1037 1.54251 2.1
    endloop
  endfacet
  facet normal -0 0 1
    outer loop
      vertex 12.5825 -1.28801 2.1
      vertex 14.368 -1.55201 2.1
      vertex 12.6247 -1.01826 2.1
    endloop
  endfacet
  facet normal 0 0 1
    outer loop
      vertex 14.368 -1.55201 2.1
      vertex 12.5825 -1.28801 2.1
      vertex 14.31 -1.81004 2.1
    endloop
  endfacet
  facet normal 0 0 1
    outer loop
      vertex 12.4362 0.900561 2.1
      vertex 14.1037 1.54251 2.1
      vertex 13.9421 1.86797 2.1
    endloop
  endfacet
  facet normal -0 0 1
    outer loop
      vertex 12.5234 -1.54359 2.1
      vertex 14.31 -1.81004 2.1
      vertex 12.5825 -1.28801 2.1
    endloop
  endfacet
  facet normal 0 0 1
    outer loop
      vertex 12.3384 1.11933 2.1
      vertex 13.9421 1.86797 2.1
      vertex 13.7511 2.17 2.1
    endloop
  endfacet
  facet normal 0 0 1
    outer loop
      vertex 14.31 -1.81004 2.1
      vertex 12.5234 -1.54359 2.1
      vertex 14.2391 -2.0597 2.1
    endloop
  endfacet
  facet normal 0 0 1
    outer loop
      vertex 14.2391 -2.0597 2.1
      vertex 12.5234 -1.54359 2.1
      vertex 14.1554 -2.30101 2.1
    endloop
  endfacet
  facet normal 0 0 1
    outer loop
      vertex 12.2228 1.3219 2.1
      vertex 13.7511 2.17 2.1
      vertex 13.5307 2.44858 2.1
    endloop
  endfacet
  facet normal -0 0 1
    outer loop
      vertex 12.4475 -1.78502 2.1
      vertex 14.1554 -2.30101 2.1
      vertex 12.5234 -1.54359 2.1
    endloop
  endfacet
  facet normal 0 0 1
    outer loop
      vertex 12.0894 1.50829 2.1
      vertex 13.5307 2.44858 2.1
      vertex 13.2809 2.70374 2.1
    endloop
  endfacet
  facet normal 0 0 1
    outer loop
      vertex 14.1554 -2.30101 2.1
      vertex 12.4475 -1.78502 2.1
      vertex 14.0588 -2.53396 2.1
    endloop
  endfacet
  facet normal -0 0 1
    outer loop
      vertex 12.3547 -2.01226 2.1
      vertex 14.0588 -2.53396 2.1
      vertex 12.4475 -1.78502 2.1
    endloop
  endfacet
  facet normal 0 0 1
    outer loop
      vertex 11.9383 1.67847 2.1
      vertex 13.2809 2.70374 2.1
      vertex 13.0043 2.93367 2.1
    endloop
  endfacet
  facet normal 0 0 1
    outer loop
      vertex 14.0588 -2.53396 2.1
      vertex 12.3547 -2.01226 2.1
      vertex 13.9492 -2.75854 2.1
    endloop
  endfacet
  facet normal 0 0 1
    outer loop
      vertex 11.9383 1.67847 2.1
      vertex 13.0043 2.93367 2.1
      vertex 12.7034 3.13655 2.1
    endloop
  endfacet
  facet normal 0 0 1
    outer loop
      vertex 13.9492 -2.75854 2.1
      vertex 12.3547 -2.01226 2.1
      vertex 13.8279 -2.97316 2.1
    endloop
  endfacet
  facet normal -0 0 1
    outer loop
      vertex 12.2449 -2.22535 2.1
      vertex 13.8279 -2.97316 2.1
      vertex 12.3547 -2.01226 2.1
    endloop
  endfacet
  facet normal 0 0 1
    outer loop
      vertex 14.4711 -0.43626 2.1
      vertex 12.6496 -0.136501 2.1
      vertex 12.6585 -0.43626 2.1
    endloop
  endfacet
  facet normal 0 0 1
    outer loop
      vertex 14.4564 0.00635052 2.1
      vertex 12.6229 0.147052 2.1
      vertex 12.6496 -0.136501 2.1
    endloop
  endfacet
  facet normal 0 0 1
    outer loop
      vertex 14.4123 0.42554 2.1
      vertex 12.5784 0.414416 2.1
      vertex 12.6229 0.147052 2.1
    endloop
  endfacet
  facet normal 0 0 1
    outer loop
      vertex 14.3388 0.821307 2.1
      vertex 12.5162 0.665591 2.1
      vertex 12.5784 0.414416 2.1
    endloop
  endfacet
  facet normal 0 0 1
    outer loop
      vertex 14.1037 1.54251 2.1
      vertex 12.4362 0.900561 2.1
      vertex 12.5162 0.665591 2.1
    endloop
  endfacet
  facet normal 0 0 1
    outer loop
      vertex 11.7706 1.83153 2.1
      vertex 12.7034 3.13655 2.1
      vertex 12.3783 3.3124 2.1
    endloop
  endfacet
  facet normal 0 0 1
    outer loop
      vertex 13.9421 1.86797 2.1
      vertex 12.3384 1.11933 2.1
      vertex 12.4362 0.900561 2.1
    endloop
  endfacet
  facet normal 0 0 1
    outer loop
      vertex 13.7511 2.17 2.1
      vertex 12.2228 1.3219 2.1
      vertex 12.3384 1.11933 2.1
    endloop
  endfacet
  facet normal 0 0 1
    outer loop
      vertex 13.5307 2.44858 2.1
      vertex 12.0894 1.50829 2.1
      vertex 12.2228 1.3219 2.1
    endloop
  endfacet
  facet normal 0 0 1
    outer loop
      vertex 11.5878 1.9666 2.1
      vertex 12.3783 3.3124 2.1
      vertex 12.029 3.46117 2.1
    endloop
  endfacet
  facet normal 0 0 1
    outer loop
      vertex 13.2809 2.70374 2.1
      vertex 11.9383 1.67847 2.1
      vertex 12.0894 1.50829 2.1
    endloop
  endfacet
  facet normal 0 0 1
    outer loop
      vertex 12.7034 3.13655 2.1
      vertex 11.7706 1.83153 2.1
      vertex 11.9383 1.67847 2.1
    endloop
  endfacet
  facet normal 0 0 1
    outer loop
      vertex 11.3897 2.08367 2.1
      vertex 12.029 3.46117 2.1
      vertex 11.6553 3.5829 2.1
    endloop
  endfacet
  facet normal 0 0 1
    outer loop
      vertex 12.3783 3.3124 2.1
      vertex 11.5878 1.9666 2.1
      vertex 11.7706 1.83153 2.1
    endloop
  endfacet
  facet normal 0 0 1
    outer loop
      vertex 12.029 3.46117 2.1
      vertex 11.3897 2.08367 2.1
      vertex 11.5878 1.9666 2.1
    endloop
  endfacet
  facet normal 0 0 1
    outer loop
      vertex 10.9478 2.26375 2.1
      vertex 11.6553 3.5829 2.1
      vertex 11.2574 3.67758 2.1
    endloop
  endfacet
  facet normal 0 0 1
    outer loop
      vertex 11.6553 3.5829 2.1
      vertex 11.1764 2.18271 2.1
      vertex 11.3897 2.08367 2.1
    endloop
  endfacet
  facet normal 0 0 1
    outer loop
      vertex 11.6553 3.5829 2.1
      vertex 10.9478 2.26375 2.1
      vertex 11.1764 2.18271 2.1
    endloop
  endfacet
  facet normal 0 0 1
    outer loop
      vertex 10.7041 2.32679 2.1
      vertex 11.2574 3.67758 2.1
      vertex 10.8353 3.74521 2.1
    endloop
  endfacet
  facet normal 0 0 1
    outer loop
      vertex 11.2574 3.67758 2.1
      vertex 10.7041 2.32679 2.1
      vertex 10.9478 2.26375 2.1
    endloop
  endfacet
  facet normal 0 0 1
    outer loop
      vertex 10.8353 3.74521 2.1
      vertex 10.4451 2.3718 2.1
      vertex 10.7041 2.32679 2.1
    endloop
  endfacet
  facet normal 0 0 1
    outer loop
      vertex 10.3888 3.78578 2.1
      vertex 10.4451 2.3718 2.1
      vertex 10.8353 3.74521 2.1
    endloop
  endfacet
  facet normal 0 0 1
    outer loop
      vertex 10.3888 3.78578 2.1
      vertex 10.1709 2.39882 2.1
      vertex 10.4451 2.3718 2.1
    endloop
  endfacet
  facet normal 0 0 1
    outer loop
      vertex 9.91814 3.79932 2.1
      vertex 10.1709 2.39882 2.1
      vertex 10.3888 3.78578 2.1
    endloop
  endfacet
  facet normal 0 0 1
    outer loop
      vertex 9.91814 3.79932 2.1
      vertex 9.8815 2.40782 2.1
      vertex 10.1709 2.39882 2.1
    endloop
  endfacet
  facet normal 0 0 1
    outer loop
      vertex 9.91814 3.79932 2.1
      vertex 8.60594 2.40782 2.1
      vertex 9.8815 2.40782 2.1
    endloop
  endfacet
  facet normal 0 0 1
    outer loop
      vertex 8.60594 2.40782 2.1
      vertex 6.80548 3.79932 2.1
      vertex 8.60594 -3.40852 2.1
    endloop
  endfacet
  facet normal -0 0 1
    outer loop
      vertex 6.80548 3.79932 2.1
      vertex 8.60594 2.40782 2.1
      vertex 9.91814 3.79932 2.1
    endloop
  endfacet
  facet normal 0 0 1
    outer loop
      vertex 13.8279 -2.97316 2.1
      vertex 12.2449 -2.22535 2.1
      vertex 13.6959 -3.17625 2.1
    endloop
  endfacet
  facet normal 0 0 1
    outer loop
      vertex 13.6959 -3.17625 2.1
      vertex 12.2449 -2.22535 2.1
      vertex 13.5532 -3.36781 2.1
    endloop
  endfacet
  facet normal -0 0 1
    outer loop
      vertex 12.1184 -2.42428 2.1
      vertex 13.5532 -3.36781 2.1
      vertex 12.2449 -2.22535 2.1
    endloop
  endfacet
  facet normal 0 0 1
    outer loop
      vertex 13.5532 -3.36781 2.1
      vertex 12.1184 -2.42428 2.1
      vertex 13.3998 -3.54785 2.1
    endloop
  endfacet
  facet normal 0 0 1
    outer loop
      vertex 13.3998 -3.54785 2.1
      vertex 12.1184 -2.42428 2.1
      vertex 13.2357 -3.71635 2.1
    endloop
  endfacet
  facet normal -0 0 1
    outer loop
      vertex 11.9749 -2.60905 2.1
      vertex 13.2357 -3.71635 2.1
      vertex 12.1184 -2.42428 2.1
    endloop
  endfacet
  facet normal 0 0 1
    outer loop
      vertex 13.2357 -3.71635 2.1
      vertex 11.9749 -2.60905 2.1
      vertex 13.0609 -3.87333 2.1
    endloop
  endfacet
  facet normal -0 0 1
    outer loop
      vertex 11.8171 -2.77684 2.1
      vertex 13.0609 -3.87333 2.1
      vertex 11.9749 -2.60905 2.1
    endloop
  endfacet
  facet normal 0 0 1
    outer loop
      vertex 13.0609 -3.87333 2.1
      vertex 11.8171 -2.77684 2.1
      vertex 12.8754 -4.0188 2.1
    endloop
  endfacet
  facet normal 0 0 1
    outer loop
      vertex 12.8754 -4.0188 2.1
      vertex 11.8171 -2.77684 2.1
      vertex 12.6792 -4.15272 2.1
    endloop
  endfacet
  facet normal -0 0 1
    outer loop
      vertex 11.6476 -2.92489 2.1
      vertex 12.6792 -4.15272 2.1
      vertex 11.8171 -2.77684 2.1
    endloop
  endfacet
  facet normal 0 0 1
    outer loop
      vertex 12.6792 -4.15272 2.1
      vertex 11.6476 -2.92489 2.1
      vertex 12.4722 -4.27513 2.1
    endloop
  endfacet
  facet normal 0 0 1
    outer loop
      vertex 12.4722 -4.27513 2.1
      vertex 11.6476 -2.92489 2.1
      vertex 12.2566 -4.38528 2.1
    endloop
  endfacet
  facet normal -0 0 1
    outer loop
      vertex 11.4663 -3.0532 2.1
      vertex 12.2566 -4.38528 2.1
      vertex 11.6476 -2.92489 2.1
    endloop
  endfacet
  facet normal 0 0 1
    outer loop
      vertex 12.2566 -4.38528 2.1
      vertex 11.4663 -3.0532 2.1
      vertex 12.034 -4.48249 2.1
    endloop
  endfacet
  facet normal -0 0 1
    outer loop
      vertex 11.2733 -3.16177 2.1
      vertex 12.034 -4.48249 2.1
      vertex 11.4663 -3.0532 2.1
    endloop
  endfacet
  facet normal 0 0 1
    outer loop
      vertex 12.034 -4.48249 2.1
      vertex 11.2733 -3.16177 2.1
      vertex 11.8047 -4.56672 2.1
    endloop
  endfacet
  facet normal 0 0 1
    outer loop
      vertex 11.8047 -4.56672 2.1
      vertex 11.2733 -3.16177 2.1
      vertex 11.5684 -4.63801 2.1
    endloop
  endfacet
  facet normal -0 0 1
    outer loop
      vertex 11.0685 -3.25059 2.1
      vertex 11.5684 -4.63801 2.1
      vertex 11.2733 -3.16177 2.1
    endloop
  endfacet
  facet normal 0 0 1
    outer loop
      vertex 11.5684 -4.63801 2.1
      vertex 11.0685 -3.25059 2.1
      vertex 11.3253 -4.69633 2.1
    endloop
  endfacet
  facet normal -0 0 1
    outer loop
      vertex 10.8519 -3.31968 2.1
      vertex 11.3253 -4.69633 2.1
      vertex 11.0685 -3.25059 2.1
    endloop
  endfacet
  facet normal 0 0 1
    outer loop
      vertex 11.3253 -4.69633 2.1
      vertex 10.8519 -3.31968 2.1
      vertex 11.0753 -4.74168 2.1
    endloop
  endfacet
  facet normal -0 0 1
    outer loop
      vertex 10.6236 -3.36903 2.1
      vertex 11.0753 -4.74168 2.1
      vertex 10.8519 -3.31968 2.1
    endloop
  endfacet
  facet normal 0 0 1
    outer loop
      vertex 11.0753 -4.74168 2.1
      vertex 10.6236 -3.36903 2.1
      vertex 10.8185 -4.77409 2.1
    endloop
  endfacet
  facet normal 0 0 1
    outer loop
      vertex 10.6236 -3.36903 2.1
      vertex 10.5548 -4.79353 2.1
      vertex 10.8185 -4.77409 2.1
    endloop
  endfacet
  facet normal -0 0 1
    outer loop
      vertex 10.3835 -3.39865 2.1
      vertex 10.5548 -4.79353 2.1
      vertex 10.6236 -3.36903 2.1
    endloop
  endfacet
  facet normal 0 0 1
    outer loop
      vertex 10.3835 -3.39865 2.1
      vertex 10.2843 -4.8 2.1
      vertex 10.5548 -4.79353 2.1
    endloop
  endfacet
  facet normal -0 0 1
    outer loop
      vertex 10.1317 -3.40852 2.1
      vertex 10.2843 -4.8 2.1
      vertex 10.3835 -3.39865 2.1
    endloop
  endfacet
  facet normal -0 0 1
    outer loop
      vertex 8.60594 -3.40852 2.1
      vertex 10.2843 -4.8 2.1
      vertex 10.1317 -3.40852 2.1
    endloop
  endfacet
  facet normal 0 0 1
    outer loop
      vertex 8.60594 -3.40852 2.1
      vertex 6.80548 -4.8 2.1
      vertex 10.2843 -4.8 2.1
    endloop
  endfacet
  facet normal 0 0 1
    outer loop
      vertex 6.80548 -4.8 2.1
      vertex 8.60594 -3.40852 2.1
      vertex 6.80548 3.79932 2.1
    endloop
  endfacet
  facet normal 0 0 1
    outer loop
      vertex 40.8245 -0.335339 2.1
      vertex 39.2983 -0.580883 2.1
      vertex 39.3127 -0.753613 2.1
    endloop
  endfacet
  facet normal 0 0 1
    outer loop
      vertex 39.647 1.50652 2.1
      vertex 39.2768 -0.418026 2.1
      vertex 39.2983 -0.580883 2.1
    endloop
  endfacet
  facet normal 0 0 1
    outer loop
      vertex 39.647 1.50652 2.1
      vertex 39.2483 -0.265041 2.1
      vertex 39.2768 -0.418026 2.1
    endloop
  endfacet
  facet normal 0 0 1
    outer loop
      vertex 39.647 1.50652 2.1
      vertex 39.2126 -0.121914 2.1
      vertex 39.2483 -0.265041 2.1
    endloop
  endfacet
  facet normal 0 0 1
    outer loop
      vertex 38.6786 0.667743 2.1
      vertex 39.4222 1.63457 2.1
      vertex 39.1808 1.73934 2.1
    endloop
  endfacet
  facet normal 0 0 1
    outer loop
      vertex 39.647 1.50652 2.1
      vertex 39.1699 0.0113249 2.1
      vertex 39.2126 -0.121914 2.1
    endloop
  endfacet
  facet normal 0 0 1
    outer loop
      vertex 39.647 1.50652 2.1
      vertex 39.1201 0.134707 2.1
      vertex 39.1699 0.0113249 2.1
    endloop
  endfacet
  facet normal 0 0 1
    outer loop
      vertex 39.647 1.50652 2.1
      vertex 39.0632 0.248218 2.1
      vertex 39.1201 0.134707 2.1
    endloop
  endfacet
  facet normal 0 0 1
    outer loop
      vertex 39.647 1.50652 2.1
      vertex 38.9992 0.351871 2.1
      vertex 39.0632 0.248218 2.1
    endloop
  endfacet
  facet normal 0 0 1
    outer loop
      vertex 39.647 1.50652 2.1
      vertex 38.9282 0.445636 2.1
      vertex 38.9992 0.351871 2.1
    endloop
  endfacet
  facet normal 0 0 1
    outer loop
      vertex 38.584 0.722034 2.1
      vertex 39.1808 1.73934 2.1
      vertex 38.9228 1.82083 2.1
    endloop
  endfacet
  facet normal 0 0 1
    outer loop
      vertex 39.647 1.50652 2.1
      vertex 38.8507 0.529544 2.1
      vertex 38.9282 0.445636 2.1
    endloop
  endfacet
  facet normal 0 0 1
    outer loop
      vertex 39.4222 1.63457 2.1
      vertex 38.7675 0.60358 2.1
      vertex 38.8507 0.529544 2.1
    endloop
  endfacet
  facet normal 0 0 1
    outer loop
      vertex 39.4222 1.63457 2.1
      vertex 38.6786 0.667743 2.1
      vertex 38.7675 0.60358 2.1
    endloop
  endfacet
  facet normal 0 0 1
    outer loop
      vertex 38.4836 0.766452 2.1
      vertex 38.9228 1.82083 2.1
      vertex 38.6482 1.87903 2.1
    endloop
  endfacet
  facet normal 0 0 1
    outer loop
      vertex 39.1808 1.73934 2.1
      vertex 38.584 0.722034 2.1
      vertex 38.6786 0.667743 2.1
    endloop
  endfacet
  facet normal 0 0 1
    outer loop
      vertex 38.9228 1.82083 2.1
      vertex 38.4836 0.766452 2.1
      vertex 38.584 0.722034 2.1
    endloop
  endfacet
  facet normal 0 0 1
    outer loop
      vertex 38.6482 1.87903 2.1
      vertex 38.3776 0.800998 2.1
      vertex 38.4836 0.766452 2.1
    endloop
  endfacet
  facet normal 0 0 1
    outer loop
      vertex 38.357 1.91396 2.1
      vertex 38.3776 0.800998 2.1
      vertex 38.6482 1.87903 2.1
    endloop
  endfacet
  facet normal 0 0 1
    outer loop
      vertex 38.357 1.91396 2.1
      vertex 38.2657 0.825686 2.1
      vertex 38.3776 0.800998 2.1
    endloop
  endfacet
  facet normal 0 0 1
    outer loop
      vertex 38.357 1.91396 2.1
      vertex 38.1482 0.840487 2.1
      vertex 38.2657 0.825686 2.1
    endloop
  endfacet
  facet normal 0 0 1
    outer loop
      vertex 38.0493 1.9256 2.1
      vertex 38.1482 0.840487 2.1
      vertex 38.357 1.91396 2.1
    endloop
  endfacet
  facet normal 0 0 1
    outer loop
      vertex 38.0493 1.9256 2.1
      vertex 38.0249 0.845416 2.1
      vertex 38.1482 0.840487 2.1
    endloop
  endfacet
  facet normal 0 0 1
    outer loop
      vertex 38.0493 1.9256 2.1
      vertex 37.8941 0.840228 2.1
      vertex 38.0249 0.845416 2.1
    endloop
  endfacet
  facet normal -0 0 1
    outer loop
      vertex 37.7267 1.91475 2.1
      vertex 37.8941 0.840228 2.1
      vertex 38.0493 1.9256 2.1
    endloop
  endfacet
  facet normal 0 0 1
    outer loop
      vertex 37.8941 0.840228 2.1
      vertex 37.7267 1.91475 2.1
      vertex 37.7701 0.824618 2.1
    endloop
  endfacet
  facet normal -0 0 1
    outer loop
      vertex 37.4209 1.88221 2.1
      vertex 37.7701 0.824618 2.1
      vertex 37.7267 1.91475 2.1
    endloop
  endfacet
  facet normal 0 0 1
    outer loop
      vertex 37.7701 0.824618 2.1
      vertex 37.4209 1.88221 2.1
      vertex 37.653 0.798617 2.1
    endloop
  endfacet
  facet normal 0 0 1
    outer loop
      vertex 37.653 0.798617 2.1
      vertex 37.4209 1.88221 2.1
      vertex 37.5427 0.762225 2.1
    endloop
  endfacet
  facet normal -0 0 1
    outer loop
      vertex 37.1318 1.82794 2.1
      vertex 37.5427 0.762225 2.1
      vertex 37.4209 1.88221 2.1
    endloop
  endfacet
  facet normal 0 0 1
    outer loop
      vertex 37.5427 0.762225 2.1
      vertex 37.1318 1.82794 2.1
      vertex 37.4393 0.715426 2.1
    endloop
  endfacet
  facet normal -0 0 1
    outer loop
      vertex 36.8594 1.752 2.1
      vertex 37.4393 0.715426 2.1
      vertex 37.1318 1.82794 2.1
    endloop
  endfacet
  facet normal 0 0 1
    outer loop
      vertex 37.4393 0.715426 2.1
      vertex 36.8594 1.752 2.1
      vertex 37.3428 0.658221 2.1
    endloop
  endfacet
  facet normal -0 0 1
    outer loop
      vertex 36.6038 1.65435 2.1
      vertex 37.3428 0.658221 2.1
      vertex 36.8594 1.752 2.1
    endloop
  endfacet
  facet normal 0 0 1
    outer loop
      vertex 37.3428 0.658221 2.1
      vertex 36.6038 1.65435 2.1
      vertex 37.2531 0.590625 2.1
    endloop
  endfacet
  facet normal 0 0 1
    outer loop
      vertex 37.2531 0.590625 2.1
      vertex 36.6038 1.65435 2.1
      vertex 37.1702 0.512622 2.1
    endloop
  endfacet
  facet normal -0 0 1
    outer loop
      vertex 36.3649 1.53501 2.1
      vertex 37.1702 0.512622 2.1
      vertex 36.6038 1.65435 2.1
    endloop
  endfacet
  facet normal 0 0 1
    outer loop
      vertex 37.1702 0.512622 2.1
      vertex 36.3649 1.53501 2.1
      vertex 37.0942 0.424228 2.1
    endloop
  endfacet
  facet normal -0 0 1
    outer loop
      vertex 36.1427 1.39395 2.1
      vertex 37.0942 0.424228 2.1
      vertex 36.3649 1.53501 2.1
    endloop
  endfacet
  facet normal 0 0 1
    outer loop
      vertex 37.0942 0.424228 2.1
      vertex 36.1427 1.39395 2.1
      vertex 37.0255 0.326495 2.1
    endloop
  endfacet
  facet normal -0 0 1
    outer loop
      vertex 35.9372 1.2312 2.1
      vertex 37.0255 0.326495 2.1
      vertex 36.1427 1.39395 2.1
    endloop
  endfacet
  facet normal 0 0 1
    outer loop
      vertex 37.0255 0.326495 2.1
      vertex 35.9372 1.2312 2.1
      vertex 36.9643 0.220492 2.1
    endloop
  endfacet
  facet normal -0 0 1
    outer loop
      vertex 35.7485 1.04676 2.1
      vertex 36.9643 0.220492 2.1
      vertex 35.9372 1.2312 2.1
    endloop
  endfacet
  facet normal 0 0 1
    outer loop
      vertex 36.9643 0.220492 2.1
      vertex 35.7485 1.04676 2.1
      vertex 36.9108 0.106189 2.1
    endloop
  endfacet
  facet normal -0 0 1
    outer loop
      vertex 35.5781 0.842105 2.1
      vertex 36.9108 0.106189 2.1
      vertex 35.7485 1.04676 2.1
    endloop
  endfacet
  facet normal -0 0 1
    outer loop
      vertex 35.4278 0.618777 2.1
      vertex 36.8649 -0.0163841 2.1
      vertex 35.5781 0.842105 2.1
    endloop
  endfacet
  facet normal 0 0 1
    outer loop
      vertex 36.9108 0.106189 2.1
      vertex 35.5781 0.842105 2.1
      vertex 36.8649 -0.0163841 2.1
    endloop
  endfacet
  facet normal 0 0 1
    outer loop
      vertex 39.3127 -0.753613 2.1
      vertex 40.9728 -1.77897 2.1
      vertex 40.9635 -1.38563 2.1
    endloop
  endfacet
  facet normal 0 0 1
    outer loop
      vertex 39.3127 -0.753613 2.1
      vertex 40.9635 -1.38563 2.1
      vertex 40.9357 -1.01391 2.1
    endloop
  endfacet
  facet normal -0 0 1
    outer loop
      vertex 39.3127 -0.753613 2.1
      vertex 40.9357 -1.01391 2.1
      vertex 40.8894 -0.663799 2.1
    endloop
  endfacet
  facet normal 0 0 1
    outer loop
      vertex 39.3127 -0.753613 2.1
      vertex 40.8894 -0.663799 2.1
      vertex 40.8245 -0.335339 2.1
    endloop
  endfacet
  facet normal 0 0 1
    outer loop
      vertex 39.2983 -0.580883 2.1
      vertex 40.8245 -0.335339 2.1
      vertex 40.7411 -0.0284843 2.1
    endloop
  endfacet
  facet normal 0 0 1
    outer loop
      vertex 39.2983 -0.580883 2.1
      vertex 40.7411 -0.0284843 2.1
      vertex 40.6391 0.256747 2.1
    endloop
  endfacet
  facet normal 0 0 1
    outer loop
      vertex 39.2983 -0.580883 2.1
      vertex 40.6391 0.256747 2.1
      vertex 40.5187 0.520343 2.1
    endloop
  endfacet
  facet normal 0 0 1
    outer loop
      vertex 39.2983 -0.580883 2.1
      vertex 40.5187 0.520343 2.1
      vertex 40.3796 0.762317 2.1
    endloop
  endfacet
  facet normal 0 0 1
    outer loop
      vertex 39.2983 -0.580883 2.1
      vertex 40.3796 0.762317 2.1
      vertex 40.2221 0.982669 2.1
    endloop
  endfacet
  facet normal 0 0 1
    outer loop
      vertex 39.2983 -0.580883 2.1
      vertex 40.2221 0.982669 2.1
      vertex 40.047 1.18058 2.1
    endloop
  endfacet
  facet normal 0 0 1
    outer loop
      vertex 39.2983 -0.580883 2.1
      vertex 40.047 1.18058 2.1
      vertex 39.8553 1.35518 2.1
    endloop
  endfacet
  facet normal 0 0 1
    outer loop
      vertex 39.2983 -0.580883 2.1
      vertex 39.8553 1.35518 2.1
      vertex 39.647 1.50652 2.1
    endloop
  endfacet
  facet normal 0 0 1
    outer loop
      vertex 38.8507 0.529544 2.1
      vertex 39.647 1.50652 2.1
      vertex 39.4222 1.63457 2.1
    endloop
  endfacet
  facet normal 0 0 1
    outer loop
      vertex 40.9728 -1.77897 2.1
      vertex 39.3127 -0.753613 2.1
      vertex 40.9728 -1.82775 2.1
    endloop
  endfacet
  facet normal 0 0 1
    outer loop
      vertex 36.7372 -1.82775 2.1
      vertex 39.3127 -0.753613 2.1
      vertex 36.7493 -0.753613 2.1
    endloop
  endfacet
  facet normal 0 0 1
    outer loop
      vertex 39.3127 -0.753613 2.1
      vertex 36.7372 -1.82775 2.1
      vertex 40.9728 -1.82775 2.1
    endloop
  endfacet
  facet normal 0 0 1
    outer loop
      vertex 39.2577 -2.98741 2.1
      vertex 40.7013 -3.5043 2.1
      vertex 40.8751 -3.12771 2.1
    endloop
  endfacet
  facet normal 0 0 1
    outer loop
      vertex 40.7013 -3.5043 2.1
      vertex 39.2577 -2.98741 2.1
      vertex 40.4917 -3.83659 2.1
    endloop
  endfacet
  facet normal -0 0 1
    outer loop
      vertex 39.1966 -3.15263 2.1
      vertex 40.4917 -3.83659 2.1
      vertex 39.2577 -2.98741 2.1
    endloop
  endfacet
  facet normal -0 0 1
    outer loop
      vertex 39.1188 -3.29841 2.1
      vertex 40.2465 -4.12457 2.1
      vertex 39.1966 -3.15263 2.1
    endloop
  endfacet
  facet normal 0 0 1
    outer loop
      vertex 40.2465 -4.12457 2.1
      vertex 39.1188 -3.29841 2.1
      vertex 39.9655 -4.36824 2.1
    endloop
  endfacet
  facet normal 0 0 1
    outer loop
      vertex 40.4917 -3.83659 2.1
      vertex 39.1966 -3.15263 2.1
      vertex 40.2465 -4.12457 2.1
    endloop
  endfacet
  facet normal -0 0 1
    outer loop
      vertex 39.0245 -3.42476 2.1
      vertex 39.9655 -4.36824 2.1
      vertex 39.1188 -3.29841 2.1
    endloop
  endfacet
  facet normal 0 0 1
    outer loop
      vertex 39.9655 -4.36824 2.1
      vertex 39.0245 -3.42476 2.1
      vertex 39.6488 -4.56761 2.1
    endloop
  endfacet
  facet normal -0 0 1
    outer loop
      vertex 38.9136 -3.53166 2.1
      vertex 39.6488 -4.56761 2.1
      vertex 39.0245 -3.42476 2.1
    endloop
  endfacet
  facet normal 0 0 1
    outer loop
      vertex 39.6488 -4.56761 2.1
      vertex 38.9136 -3.53166 2.1
      vertex 39.2964 -4.72268 2.1
    endloop
  endfacet
  facet normal -0 0 1
    outer loop
      vertex 38.7861 -3.61914 2.1
      vertex 39.2964 -4.72268 2.1
      vertex 38.9136 -3.53166 2.1
    endloop
  endfacet
  facet normal -0 0 1
    outer loop
      vertex 38.6421 -3.68716 2.1
      vertex 39.2964 -4.72268 2.1
      vertex 38.7861 -3.61914 2.1
    endloop
  endfacet
  facet normal 0 0 1
    outer loop
      vertex 39.2964 -4.72268 2.1
      vertex 38.6421 -3.68716 2.1
      vertex 38.9083 -4.83342 2.1
    endloop
  endfacet
  facet normal -0 0 1
    outer loop
      vertex 38.4814 -3.73576 2.1
      vertex 38.9083 -4.83342 2.1
      vertex 38.6421 -3.68716 2.1
    endloop
  endfacet
  facet normal 0 0 1
    outer loop
      vertex 38.9083 -4.83342 2.1
      vertex 38.4814 -3.73576 2.1
      vertex 38.4845 -4.89988 2.1
    endloop
  endfacet
  facet normal -0 0 1
    outer loop
      vertex 38.3042 -3.76492 2.1
      vertex 38.4845 -4.89988 2.1
      vertex 38.4814 -3.73576 2.1
    endloop
  endfacet
  facet normal -0 0 1
    outer loop
      vertex 38.1104 -3.77464 2.1
      vertex 38.4845 -4.89988 2.1
      vertex 38.3042 -3.76492 2.1
    endloop
  endfacet
  facet normal 0 0 1
    outer loop
      vertex 38.1104 -3.77464 2.1
      vertex 38.0249 -4.92204 2.1
      vertex 38.4845 -4.89988 2.1
    endloop
  endfacet
  facet normal 0 0 1
    outer loop
      vertex 37.9677 -3.76857 2.1
      vertex 38.0249 -4.92204 2.1
      vertex 38.1104 -3.77464 2.1
    endloop
  endfacet
  facet normal 0 0 1
    outer loop
      vertex 37.7025 -4.91114 2.1
      vertex 37.9677 -3.76857 2.1
      vertex 37.8324 -3.75038 2.1
    endloop
  endfacet
  facet normal 0 0 1
    outer loop
      vertex 37.7025 -4.91114 2.1
      vertex 37.8324 -3.75038 2.1
      vertex 37.7045 -3.72006 2.1
    endloop
  endfacet
  facet normal 0 0 1
    outer loop
      vertex 37.9677 -3.76857 2.1
      vertex 37.7025 -4.91114 2.1
      vertex 38.0249 -4.92204 2.1
    endloop
  endfacet
  facet normal 0 0 1
    outer loop
      vertex 37.3971 -4.87848 2.1
      vertex 37.7045 -3.72006 2.1
      vertex 37.5842 -3.67761 2.1
    endloop
  endfacet
  facet normal 0 0 1
    outer loop
      vertex 37.1088 -4.82405 2.1
      vertex 37.5842 -3.67761 2.1
      vertex 37.4713 -3.62303 2.1
    endloop
  endfacet
  facet normal 0 0 1
    outer loop
      vertex 37.7045 -3.72006 2.1
      vertex 37.3971 -4.87848 2.1
      vertex 37.7025 -4.91114 2.1
    endloop
  endfacet
  facet normal 0 0 1
    outer loop
      vertex 36.8374 -4.74784 2.1
      vertex 37.4713 -3.62303 2.1
      vertex 37.3658 -3.55632 2.1
    endloop
  endfacet
  facet normal 0 0 1
    outer loop
      vertex 36.5831 -4.64985 2.1
      vertex 37.3658 -3.55632 2.1
      vertex 37.2678 -3.47747 2.1
    endloop
  endfacet
  facet normal 0 0 1
    outer loop
      vertex 36.3459 -4.53009 2.1
      vertex 37.2678 -3.47747 2.1
      vertex 37.1773 -3.38652 2.1
    endloop
  endfacet
  facet normal 0 0 1
    outer loop
      vertex 37.5842 -3.67761 2.1
      vertex 37.1088 -4.82405 2.1
      vertex 37.3971 -4.87848 2.1
    endloop
  endfacet
  facet normal 0 0 1
    outer loop
      vertex 36.1256 -4.38855 2.1
      vertex 37.1773 -3.38652 2.1
      vertex 37.0942 -3.28341 2.1
    endloop
  endfacet
  facet normal 0 0 1
    outer loop
      vertex 35.9224 -4.22523 2.1
      vertex 37.0942 -3.28341 2.1
      vertex 37.0193 -3.16839 2.1
    endloop
  endfacet
  facet normal 0 0 1
    outer loop
      vertex 35.7362 -4.04014 2.1
      vertex 37.0193 -3.16839 2.1
      vertex 36.9532 -3.0417 2.1
    endloop
  endfacet
  facet normal 0 0 1
    outer loop
      vertex 35.5684 -3.83418 2.1
      vertex 36.9532 -3.0417 2.1
      vertex 36.8959 -2.90332 2.1
    endloop
  endfacet
  facet normal 0 0 1
    outer loop
      vertex 35.2921 -3.36235 2.1
      vertex 36.8959 -2.90332 2.1
      vertex 36.8474 -2.75326 2.1
    endloop
  endfacet
  facet normal 0 0 1
    outer loop
      vertex 37.4713 -3.62303 2.1
      vertex 36.8374 -4.74784 2.1
      vertex 37.1088 -4.82405 2.1
    endloop
  endfacet
  facet normal 0 0 1
    outer loop
      vertex 35.1835 -3.09648 2.1
      vertex 36.8474 -2.75326 2.1
      vertex 36.8077 -2.59152 2.1
    endloop
  endfacet
  facet normal 0 0 1
    outer loop
      vertex 35.0947 -2.81065 2.1
      vertex 36.8077 -2.59152 2.1
      vertex 36.7769 -2.4181 2.1
    endloop
  endfacet
  facet normal 0 0 1
    outer loop
      vertex 35.0256 -2.50486 2.1
      vertex 36.7769 -2.4181 2.1
      vertex 36.7548 -2.233 2.1
    endloop
  endfacet
  facet normal -0 0 1
    outer loop
      vertex 34.9762 -2.17909 2.1
      vertex 36.7548 -2.233 2.1
      vertex 36.7416 -2.03622 2.1
    endloop
  endfacet
  facet normal 0 0 1
    outer loop
      vertex 36.8649 -0.0163841 2.1
      vertex 35.4278 0.618777 2.1
      vertex 36.8265 -0.147259 2.1
    endloop
  endfacet
  facet normal -0 0 1
    outer loop
      vertex 35.2975 0.376773 2.1
      vertex 36.8265 -0.147259 2.1
      vertex 35.4278 0.618777 2.1
    endloop
  endfacet
  facet normal 0 -0 1
    outer loop
      vertex 34.9762 -2.17909 2.1
      vertex 36.7372 -1.82775 2.1
      vertex 34.9466 -1.83337 2.1
    endloop
  endfacet
  facet normal 0 0 1
    outer loop
      vertex 36.8265 -0.147259 2.1
      vertex 35.2975 0.376773 2.1
      vertex 36.7958 -0.286419 2.1
    endloop
  endfacet
  facet normal 0 0 1
    outer loop
      vertex 36.7372 -1.82775 2.1
      vertex 34.9762 -2.17909 2.1
      vertex 36.7416 -2.03622 2.1
    endloop
  endfacet
  facet normal -0 0 1
    outer loop
      vertex 35.1873 0.116076 2.1
      vertex 36.7958 -0.286419 2.1
      vertex 35.2975 0.376773 2.1
    endloop
  endfacet
  facet normal 0 0 1
    outer loop
      vertex 36.7548 -2.233 2.1
      vertex 34.9762 -2.17909 2.1
      vertex 35.0256 -2.50486 2.1
    endloop
  endfacet
  facet normal 0 0 1
    outer loop
      vertex 36.7958 -0.286419 2.1
      vertex 35.1873 0.116076 2.1
      vertex 36.7727 -0.433865 2.1
    endloop
  endfacet
  facet normal 0 0 1
    outer loop
      vertex 36.7769 -2.4181 2.1
      vertex 35.0256 -2.50486 2.1
      vertex 35.0947 -2.81065 2.1
    endloop
  endfacet
  facet normal -0 0 1
    outer loop
      vertex 35.0971 -0.163296 2.1
      vertex 36.7727 -0.433865 2.1
      vertex 35.1873 0.116076 2.1
    endloop
  endfacet
  facet normal 0 0 1
    outer loop
      vertex 36.8077 -2.59152 2.1
      vertex 35.0947 -2.81065 2.1
      vertex 35.1835 -3.09648 2.1
    endloop
  endfacet
  facet normal 0 0 1
    outer loop
      vertex 36.7727 -0.433865 2.1
      vertex 35.0971 -0.163296 2.1
      vertex 36.7572 -0.589596 2.1
    endloop
  endfacet
  facet normal 0 0 1
    outer loop
      vertex 36.8474 -2.75326 2.1
      vertex 35.1835 -3.09648 2.1
      vertex 35.2921 -3.36235 2.1
    endloop
  endfacet
  facet normal -0 0 1
    outer loop
      vertex 35.0269 -0.461361 2.1
      vertex 36.7572 -0.589596 2.1
      vertex 35.0971 -0.163296 2.1
    endloop
  endfacet
  facet normal 0 0 1
    outer loop
      vertex 37.3658 -3.55632 2.1
      vertex 36.5831 -4.64985 2.1
      vertex 36.8374 -4.74784 2.1
    endloop
  endfacet
  facet normal 0 0 1
    outer loop
      vertex 36.7572 -0.589596 2.1
      vertex 35.0269 -0.461361 2.1
      vertex 36.7493 -0.753613 2.1
    endloop
  endfacet
  facet normal 0 0 1
    outer loop
      vertex 37.2678 -3.47747 2.1
      vertex 36.3459 -4.53009 2.1
      vertex 36.5831 -4.64985 2.1
    endloop
  endfacet
  facet normal 0 0 1
    outer loop
      vertex 34.9768 -0.778118 2.1
      vertex 36.7493 -0.753613 2.1
      vertex 35.0269 -0.461361 2.1
    endloop
  endfacet
  facet normal 0 0 1
    outer loop
      vertex 37.1773 -3.38652 2.1
      vertex 36.1256 -4.38855 2.1
      vertex 36.3459 -4.53009 2.1
    endloop
  endfacet
  facet normal 0 0 1
    outer loop
      vertex 34.9468 -1.11355 2.1
      vertex 36.7493 -0.753613 2.1
      vertex 34.9768 -0.778118 2.1
    endloop
  endfacet
  facet normal 0 0 1
    outer loop
      vertex 36.7493 -0.753613 2.1
      vertex 34.9468 -1.11355 2.1
      vertex 36.7372 -1.82775 2.1
    endloop
  endfacet
  facet normal -0 0 1
    outer loop
      vertex 34.9368 -1.46766 2.1
      vertex 36.7372 -1.82775 2.1
      vertex 34.9468 -1.11355 2.1
    endloop
  endfacet
  facet normal 0 0 1
    outer loop
      vertex 36.8959 -2.90332 2.1
      vertex 35.4204 -3.60824 2.1
      vertex 35.5684 -3.83418 2.1
    endloop
  endfacet
  facet normal 0 -0 1
    outer loop
      vertex 34.9466 -1.83337 2.1
      vertex 36.7372 -1.82775 2.1
      vertex 34.9368 -1.46766 2.1
    endloop
  endfacet
  facet normal 0 0 1
    outer loop
      vertex 36.8959 -2.90332 2.1
      vertex 35.2921 -3.36235 2.1
      vertex 35.4204 -3.60824 2.1
    endloop
  endfacet
  facet normal 0 0 1
    outer loop
      vertex 37.0942 -3.28341 2.1
      vertex 35.9224 -4.22523 2.1
      vertex 36.1256 -4.38855 2.1
    endloop
  endfacet
  facet normal 0 0 1
    outer loop
      vertex 36.9532 -3.0417 2.1
      vertex 35.5684 -3.83418 2.1
      vertex 35.7362 -4.04014 2.1
    endloop
  endfacet
  facet normal 0 0 1
    outer loop
      vertex 37.0193 -3.16839 2.1
      vertex 35.7362 -4.04014 2.1
      vertex 35.9224 -4.22523 2.1
    endloop
  endfacet
  facet normal 0 0 1
    outer loop
      vertex 29.5308 0.491366 2.1
      vertex 27.8645 0.442264 2.1
      vertex 27.8647 0.326663 2.1
    endloop
  endfacet
  facet normal 0 0 1
    outer loop
      vertex 29.4557 1.77301 2.1
      vertex 27.8639 0.553134 2.1
      vertex 27.8645 0.442264 2.1
    endloop
  endfacet
  facet normal 0 0 1
    outer loop
      vertex 29.4557 1.77301 2.1
      vertex 27.863 0.659244 2.1
      vertex 27.8639 0.553134 2.1
    endloop
  endfacet
  facet normal 0 0 1
    outer loop
      vertex 29.4557 1.77301 2.1
      vertex 27.8616 0.760608 2.1
      vertex 27.863 0.659244 2.1
    endloop
  endfacet
  facet normal 0 0 1
    outer loop
      vertex 29.4557 1.77301 2.1
      vertex 27.86 0.857226 2.1
      vertex 27.8616 0.760608 2.1
    endloop
  endfacet
  facet normal 0 0 1
    outer loop
      vertex 29.4557 1.77301 2.1
      vertex 27.8579 0.9491 2.1
      vertex 27.86 0.857226 2.1
    endloop
  endfacet
  facet normal 0 0 1
    outer loop
      vertex 29.4557 1.77301 2.1
      vertex 27.8554 1.03623 2.1
      vertex 27.8579 0.9491 2.1
    endloop
  endfacet
  facet normal 0 0 1
    outer loop
      vertex 29.4557 1.77301 2.1
      vertex 27.8526 1.11861 2.1
      vertex 27.8554 1.03623 2.1
    endloop
  endfacet
  facet normal 0 0 1
    outer loop
      vertex 29.4557 1.77301 2.1
      vertex 27.8494 1.19625 2.1
      vertex 27.8526 1.11861 2.1
    endloop
  endfacet
  facet normal 0 0 1
    outer loop
      vertex 29.4557 1.77301 2.1
      vertex 27.846 1.27065 2.1
      vertex 27.8494 1.19625 2.1
    endloop
  endfacet
  facet normal 0 0 1
    outer loop
      vertex 29.4557 1.77301 2.1
      vertex 27.8425 1.34334 2.1
      vertex 27.846 1.27065 2.1
    endloop
  endfacet
  facet normal 0 0 1
    outer loop
      vertex 29.4557 1.77301 2.1
      vertex 27.8389 1.41428 2.1
      vertex 27.8425 1.34334 2.1
    endloop
  endfacet
  facet normal 0 0 1
    outer loop
      vertex 29.4557 1.77301 2.1
      vertex 27.8353 1.48349 2.1
      vertex 27.8389 1.41428 2.1
    endloop
  endfacet
  facet normal 0 0 1
    outer loop
      vertex 29.4557 1.77301 2.1
      vertex 27.8315 1.55098 2.1
      vertex 27.8353 1.48349 2.1
    endloop
  endfacet
  facet normal 0 0 1
    outer loop
      vertex 29.4557 1.77301 2.1
      vertex 27.8277 1.61672 2.1
      vertex 27.8315 1.55098 2.1
    endloop
  endfacet
  facet normal 0 0 1
    outer loop
      vertex 29.4515 1.80356 2.1
      vertex 27.8239 1.68073 2.1
      vertex 27.8277 1.61672 2.1
    endloop
  endfacet
  facet normal 0 0 1
    outer loop
      vertex 29.4515 1.80356 2.1
      vertex 27.8199 1.74301 2.1
      vertex 27.8239 1.68073 2.1
    endloop
  endfacet
  facet normal 0 -0 1
    outer loop
      vertex 27.8199 1.74301 2.1
      vertex 29.4515 1.80356 2.1
      vertex 27.8159 1.80356 2.1
    endloop
  endfacet
  facet normal 0 0 1
    outer loop
      vertex 33.8518 -0.607174 2.1
      vertex 32.1285 -0.730358 2.1
      vertex 32.143 -1.09542 2.1
    endloop
  endfacet
  facet normal 0 0 1
    outer loop
      vertex 31.6195 0.450732 2.1
      vertex 32.3247 1.85984 2.1
      vertex 32.1216 1.89978 2.1
    endloop
  endfacet
  facet normal 0 0 1
    outer loop
      vertex 32.5158 1.80394 2.1
      vertex 32.0848 -0.408245 2.1
      vertex 32.1285 -0.730358 2.1
    endloop
  endfacet
  facet normal 0 0 1
    outer loop
      vertex 32.5158 1.80394 2.1
      vertex 32.0121 -0.12907 2.1
      vertex 32.0848 -0.408245 2.1
    endloop
  endfacet
  facet normal 0 0 1
    outer loop
      vertex 32.5158 1.80394 2.1
      vertex 31.9103 0.107135 2.1
      vertex 32.0121 -0.12907 2.1
    endloop
  endfacet
  facet normal 0 0 1
    outer loop
      vertex 31.6195 0.450732 2.1
      vertex 32.1216 1.89978 2.1
      vertex 31.9064 1.92374 2.1
    endloop
  endfacet
  facet normal 0 0 1
    outer loop
      vertex 32.5158 1.80394 2.1
      vertex 31.7794 0.300418 2.1
      vertex 31.9103 0.107135 2.1
    endloop
  endfacet
  facet normal 0 0 1
    outer loop
      vertex 31.4304 0.558108 2.1
      vertex 31.9064 1.92374 2.1
      vertex 31.6791 1.93172 2.1
    endloop
  endfacet
  facet normal 0 0 1
    outer loop
      vertex 32.5158 1.80394 2.1
      vertex 31.6195 0.450732 2.1
      vertex 31.7794 0.300418 2.1
    endloop
  endfacet
  facet normal 0 0 1
    outer loop
      vertex 31.4304 0.558108 2.1
      vertex 31.6791 1.93172 2.1
      vertex 31.5202 1.92751 2.1
    endloop
  endfacet
  facet normal 0 0 1
    outer loop
      vertex 31.9064 1.92374 2.1
      vertex 31.4304 0.558108 2.1
      vertex 31.6195 0.450732 2.1
    endloop
  endfacet
  facet normal 0 0 1
    outer loop
      vertex 31.2123 0.622531 2.1
      vertex 31.5202 1.92751 2.1
      vertex 31.3663 1.91484 2.1
    endloop
  endfacet
  facet normal 0 0 1
    outer loop
      vertex 31.2123 0.622531 2.1
      vertex 31.3663 1.91484 2.1
      vertex 31.2173 1.89374 2.1
    endloop
  endfacet
  facet normal 0 0 1
    outer loop
      vertex 31.5202 1.92751 2.1
      vertex 31.2123 0.622531 2.1
      vertex 31.4304 0.558108 2.1
    endloop
  endfacet
  facet normal -0 0 1
    outer loop
      vertex 31.0733 1.8642 2.1
      vertex 31.2123 0.622531 2.1
      vertex 31.2173 1.89374 2.1
    endloop
  endfacet
  facet normal -0 0 1
    outer loop
      vertex 30.9343 1.82622 2.1
      vertex 31.2123 0.622531 2.1
      vertex 31.0733 1.8642 2.1
    endloop
  endfacet
  facet normal 0 0 1
    outer loop
      vertex 31.2123 0.622531 2.1
      vertex 30.9343 1.82622 2.1
      vertex 30.9651 0.644 2.1
    endloop
  endfacet
  facet normal -0 0 1
    outer loop
      vertex 30.8003 1.7798 2.1
      vertex 30.9651 0.644 2.1
      vertex 30.9343 1.82622 2.1
    endloop
  endfacet
  facet normal -0 0 1
    outer loop
      vertex 30.6712 1.72495 2.1
      vertex 30.9651 0.644 2.1
      vertex 30.8003 1.7798 2.1
    endloop
  endfacet
  facet normal 0 0 1
    outer loop
      vertex 30.9651 0.644 2.1
      vertex 30.6712 1.72495 2.1
      vertex 30.8297 0.637408 2.1
    endloop
  endfacet
  facet normal -0 0 1
    outer loop
      vertex 30.5471 1.66164 2.1
      vertex 30.8297 0.637408 2.1
      vertex 30.6712 1.72495 2.1
    endloop
  endfacet
  facet normal -0 0 1
    outer loop
      vertex 30.428 1.58991 2.1
      vertex 30.8297 0.637408 2.1
      vertex 30.5471 1.66164 2.1
    endloop
  endfacet
  facet normal 0 0 1
    outer loop
      vertex 30.8297 0.637408 2.1
      vertex 30.428 1.58991 2.1
      vertex 30.7003 0.617633 2.1
    endloop
  endfacet
  facet normal -0 0 1
    outer loop
      vertex 30.3135 1.50884 2.1
      vertex 30.7003 0.617633 2.1
      vertex 30.428 1.58991 2.1
    endloop
  endfacet
  facet normal -0 0 1
    outer loop
      vertex 30.2035 1.41753 2.1
      vertex 30.7003 0.617633 2.1
      vertex 30.3135 1.50884 2.1
    endloop
  endfacet
  facet normal 0 0 1
    outer loop
      vertex 30.7003 0.617633 2.1
      vertex 30.2035 1.41753 2.1
      vertex 30.5769 0.584659 2.1
    endloop
  endfacet
  facet normal -0 0 1
    outer loop
      vertex 30.0978 1.31597 2.1
      vertex 30.5769 0.584659 2.1
      vertex 30.2035 1.41753 2.1
    endloop
  endfacet
  facet normal -0 0 1
    outer loop
      vertex 29.9964 1.20415 2.1
      vertex 30.5769 0.584659 2.1
      vertex 30.0978 1.31597 2.1
    endloop
  endfacet
  facet normal 0 0 1
    outer loop
      vertex 30.5769 0.584659 2.1
      vertex 29.9964 1.20415 2.1
      vertex 30.4594 0.538516 2.1
    endloop
  endfacet
  facet normal -0 0 1
    outer loop
      vertex 29.8994 1.0821 2.1
      vertex 30.4594 0.538516 2.1
      vertex 29.9964 1.20415 2.1
    endloop
  endfacet
  facet normal 0 0 1
    outer loop
      vertex 30.4594 0.538516 2.1
      vertex 29.8994 1.0821 2.1
      vertex 30.3478 0.479175 2.1
    endloop
  endfacet
  facet normal -0 0 1
    outer loop
      vertex 29.8068 0.949786 2.1
      vertex 30.3478 0.479175 2.1
      vertex 29.8994 1.0821 2.1
    endloop
  endfacet
  facet normal 0 0 1
    outer loop
      vertex 30.3478 0.479175 2.1
      vertex 29.8068 0.949786 2.1
      vertex 30.2422 0.40665 2.1
    endloop
  endfacet
  facet normal -0 0 1
    outer loop
      vertex 29.7186 0.807223 2.1
      vertex 30.2422 0.40665 2.1
      vertex 29.8068 0.949786 2.1
    endloop
  endfacet
  facet normal 0 0 1
    outer loop
      vertex 30.2422 0.40665 2.1
      vertex 29.7186 0.807223 2.1
      vertex 30.1426 0.320926 2.1
    endloop
  endfacet
  facet normal -0 0 1
    outer loop
      vertex 29.6347 0.654422 2.1
      vertex 30.1426 0.320926 2.1
      vertex 29.7186 0.807223 2.1
    endloop
  endfacet
  facet normal 0 0 1
    outer loop
      vertex 30.1426 0.320926 2.1
      vertex 29.6347 0.654422 2.1
      vertex 30.0489 0.222034 2.1
    endloop
  endfacet
  facet normal -0 0 1
    outer loop
      vertex 29.5552 0.491366 2.1
      vertex 30.0489 0.222034 2.1
      vertex 29.6347 0.654422 2.1
    endloop
  endfacet
  facet normal 0 0 1
    outer loop
      vertex 30.0489 0.222034 2.1
      vertex 29.5552 0.491366 2.1
      vertex 29.9611 0.109942 2.1
    endloop
  endfacet
  facet normal 0 0 1
    outer loop
      vertex 29.9611 0.109942 2.1
      vertex 29.5552 0.491366 2.1
      vertex 29.8811 -0.0124474 2.1
    endloop
  endfacet
  facet normal -0 0 1
    outer loop
      vertex 29.5308 0.491366 2.1
      vertex 29.8811 -0.0124474 2.1
      vertex 29.5552 0.491366 2.1
    endloop
  endfacet
  facet normal 0 0 1
    outer loop
      vertex 29.8811 -0.0124474 2.1
      vertex 29.5308 0.491366 2.1
      vertex 29.8105 -0.1423 2.1
    endloop
  endfacet
  facet normal 0 0 1
    outer loop
      vertex 29.8105 -0.1423 2.1
      vertex 29.5308 0.491366 2.1
      vertex 29.7492 -0.279613 2.1
    endloop
  endfacet
  facet normal 0 0 1
    outer loop
      vertex 29.7492 -0.279613 2.1
      vertex 29.5308 0.491366 2.1
      vertex 29.6974 -0.424389 2.1
    endloop
  endfacet
  facet normal -0 0 1
    outer loop
      vertex 27.8647 0.326663 2.1
      vertex 29.6974 -0.424389 2.1
      vertex 29.5308 0.491366 2.1
    endloop
  endfacet
  facet normal 0 0 1
    outer loop
      vertex 29.6974 -0.424389 2.1
      vertex 27.8647 0.326663 2.1
      vertex 29.6551 -0.576641 2.1
    endloop
  endfacet
  facet normal 0 0 1
    outer loop
      vertex 29.6551 -0.576641 2.1
      vertex 27.8647 0.326663 2.1
      vertex 29.6221 -0.73634 2.1
    endloop
  endfacet
  facet normal 0 0 1
    outer loop
      vertex 29.6221 -0.73634 2.1
      vertex 27.8647 0.326663 2.1
      vertex 29.5986 -0.9035 2.1
    endloop
  endfacet
  facet normal 0 0 1
    outer loop
      vertex 29.5986 -0.9035 2.1
      vertex 27.8647 0.326663 2.1
      vertex 29.5844 -1.07812 2.1
    endloop
  endfacet
  facet normal 0 0 1
    outer loop
      vertex 29.5844 -1.07812 2.1
      vertex 27.8647 0.326663 2.1
      vertex 29.5797 -1.26022 2.1
    endloop
  endfacet
  facet normal 0 0 1
    outer loop
      vertex 27.8645 0.442264 2.1
      vertex 29.5305 0.537295 2.1
      vertex 29.5293 0.590991 2.1
    endloop
  endfacet
  facet normal 0 0 1
    outer loop
      vertex 27.8645 0.442264 2.1
      vertex 29.5308 0.491366 2.1
      vertex 29.5305 0.537295 2.1
    endloop
  endfacet
  facet normal 0 0 1
    outer loop
      vertex 27.8645 0.442264 2.1
      vertex 29.5293 0.590991 2.1
      vertex 29.5275 0.652453 2.1
    endloop
  endfacet
  facet normal 0 0 1
    outer loop
      vertex 27.8645 0.442264 2.1
      vertex 29.5275 0.652453 2.1
      vertex 29.5248 0.721667 2.1
    endloop
  endfacet
  facet normal 0 0 1
    outer loop
      vertex 27.8645 0.442264 2.1
      vertex 29.5248 0.721667 2.1
      vertex 29.5214 0.798633 2.1
    endloop
  endfacet
  facet normal 0 0 1
    outer loop
      vertex 27.8645 0.442264 2.1
      vertex 29.5214 0.798633 2.1
      vertex 29.5173 0.883365 2.1
    endloop
  endfacet
  facet normal 0 0 1
    outer loop
      vertex 27.8645 0.442264 2.1
      vertex 29.5173 0.883365 2.1
      vertex 29.5124 0.975848 2.1
    endloop
  endfacet
  facet normal 0 0 1
    outer loop
      vertex 27.8645 0.442264 2.1
      vertex 29.5124 0.975848 2.1
      vertex 29.5067 1.0761 2.1
    endloop
  endfacet
  facet normal 0 0 1
    outer loop
      vertex 27.8645 0.442264 2.1
      vertex 29.5067 1.0761 2.1
      vertex 29.5003 1.18408 2.1
    endloop
  endfacet
  facet normal 0 0 1
    outer loop
      vertex 27.8645 0.442264 2.1
      vertex 29.5003 1.18408 2.1
      vertex 29.4937 1.2912 2.1
    endloop
  endfacet
  facet normal 0 0 1
    outer loop
      vertex 27.8645 0.442264 2.1
      vertex 29.4937 1.2912 2.1
      vertex 29.4874 1.38875 2.1
    endloop
  endfacet
  facet normal 0 0 1
    outer loop
      vertex 27.8645 0.442264 2.1
      vertex 29.4874 1.38875 2.1
      vertex 29.4813 1.47672 2.1
    endloop
  endfacet
  facet normal 0 0 1
    outer loop
      vertex 27.8645 0.442264 2.1
      vertex 29.4813 1.47672 2.1
      vertex 29.4756 1.55512 2.1
    endloop
  endfacet
  facet normal 0 0 1
    outer loop
      vertex 27.8645 0.442264 2.1
      vertex 29.4756 1.55512 2.1
      vertex 29.4702 1.62395 2.1
    endloop
  endfacet
  facet normal 0 0 1
    outer loop
      vertex 27.8645 0.442264 2.1
      vertex 29.4702 1.62395 2.1
      vertex 29.4651 1.68322 2.1
    endloop
  endfacet
  facet normal 0 0 1
    outer loop
      vertex 27.8645 0.442264 2.1
      vertex 29.4651 1.68322 2.1
      vertex 29.4602 1.7329 2.1
    endloop
  endfacet
  facet normal 0 0 1
    outer loop
      vertex 27.8645 0.442264 2.1
      vertex 29.4602 1.7329 2.1
      vertex 29.4557 1.77301 2.1
    endloop
  endfacet
  facet normal 0 0 1
    outer loop
      vertex 27.8277 1.61672 2.1
      vertex 29.4557 1.77301 2.1
      vertex 29.4515 1.80356 2.1
    endloop
  endfacet
  facet normal 0 0 1
    outer loop
      vertex 27.8647 -4.8 2.1
      vertex 29.5797 -1.26022 2.1
      vertex 27.8647 0.326663 2.1
    endloop
  endfacet
  facet normal 0 0 1
    outer loop
      vertex 29.5797 -1.26022 2.1
      vertex 27.8647 -4.8 2.1
      vertex 29.5797 -4.8 2.1
    endloop
  endfacet
  facet normal 0 0 1
    outer loop
      vertex 32.1285 -0.730358 2.1
      vertex 33.8518 -0.607174 2.1
      vertex 33.8449 -0.337887 2.1
    endloop
  endfacet
  facet normal 0 0 1
    outer loop
      vertex 32.1285 -0.730358 2.1
      vertex 33.8449 -0.337887 2.1
      vertex 33.8241 -0.0833549 2.1
    endloop
  endfacet
  facet normal 0 0 1
    outer loop
      vertex 32.1285 -0.730358 2.1
      vertex 33.8241 -0.0833549 2.1
      vertex 33.7894 0.156405 2.1
    endloop
  endfacet
  facet normal 0 0 1
    outer loop
      vertex 32.1285 -0.730358 2.1
      vertex 33.7894 0.156405 2.1
      vertex 33.7409 0.381396 2.1
    endloop
  endfacet
  facet normal 0 0 1
    outer loop
      vertex 32.1285 -0.730358 2.1
      vertex 33.7409 0.381396 2.1
      vertex 33.6785 0.591617 2.1
    endloop
  endfacet
  facet normal 0 0 1
    outer loop
      vertex 32.1285 -0.730358 2.1
      vertex 33.6785 0.591617 2.1
      vertex 33.6023 0.787066 2.1
    endloop
  endfacet
  facet normal 0 0 1
    outer loop
      vertex 32.1285 -0.730358 2.1
      vertex 33.6023 0.787066 2.1
      vertex 33.5122 0.967746 2.1
    endloop
  endfacet
  facet normal 0 0 1
    outer loop
      vertex 32.1285 -0.730358 2.1
      vertex 33.5122 0.967746 2.1
      vertex 33.4082 1.13365 2.1
    endloop
  endfacet
  facet normal 0 0 1
    outer loop
      vertex 32.1285 -0.730358 2.1
      vertex 33.4082 1.13365 2.1
      vertex 33.2903 1.28481 2.1
    endloop
  endfacet
  facet normal 0 0 1
    outer loop
      vertex 32.1285 -0.730358 2.1
      vertex 33.2903 1.28481 2.1
      vertex 33.1595 1.42058 2.1
    endloop
  endfacet
  facet normal 0 0 1
    outer loop
      vertex 32.1285 -0.730358 2.1
      vertex 33.1595 1.42058 2.1
      vertex 33.0167 1.54038 2.1
    endloop
  endfacet
  facet normal 0 0 1
    outer loop
      vertex 32.1285 -0.730358 2.1
      vertex 33.0167 1.54038 2.1
      vertex 32.8618 1.6442 2.1
    endloop
  endfacet
  facet normal 0 0 1
    outer loop
      vertex 32.1285 -0.730358 2.1
      vertex 32.8618 1.6442 2.1
      vertex 32.6948 1.73206 2.1
    endloop
  endfacet
  facet normal 0 0 1
    outer loop
      vertex 32.1285 -0.730358 2.1
      vertex 32.6948 1.73206 2.1
      vertex 32.5158 1.80394 2.1
    endloop
  endfacet
  facet normal 0 0 1
    outer loop
      vertex 31.6195 0.450732 2.1
      vertex 32.5158 1.80394 2.1
      vertex 32.3247 1.85984 2.1
    endloop
  endfacet
  facet normal 0 0 1
    outer loop
      vertex 33.8518 -0.607174 2.1
      vertex 32.143 -1.09542 2.1
      vertex 33.8518 -4.8 2.1
    endloop
  endfacet
  facet normal 0 0 1
    outer loop
      vertex 33.8518 -4.8 2.1
      vertex 32.143 -1.09542 2.1
      vertex 32.143 -4.8 2.1
    endloop
  endfacet
  facet normal 0 0 1
    outer loop
      vertex 17.3238 0.39371 2.1
      vertex 15.6574 0.371875 2.1
      vertex 15.6576 0.253406 2.1
    endloop
  endfacet
  facet normal 0 0 1
    outer loop
      vertex 17.2487 1.77362 2.1
      vertex 15.6569 0.485919 2.1
      vertex 15.6574 0.371875 2.1
    endloop
  endfacet
  facet normal 0 0 1
    outer loop
      vertex 17.2487 1.77362 2.1
      vertex 15.6559 0.595508 2.1
      vertex 15.6569 0.485919 2.1
    endloop
  endfacet
  facet normal 0 0 1
    outer loop
      vertex 17.2487 1.77362 2.1
      vertex 15.6546 0.700641 2.1
      vertex 15.6559 0.595508 2.1
    endloop
  endfacet
  facet normal 0 0 1
    outer loop
      vertex 17.2487 1.77362 2.1
      vertex 15.6529 0.801349 2.1
      vertex 15.6546 0.700641 2.1
    endloop
  endfacet
  facet normal 0 0 1
    outer loop
      vertex 17.2487 1.77362 2.1
      vertex 15.6508 0.897601 2.1
      vertex 15.6529 0.801349 2.1
    endloop
  endfacet
  facet normal 0 0 1
    outer loop
      vertex 17.2487 1.77362 2.1
      vertex 15.6484 0.989413 2.1
      vertex 15.6508 0.897601 2.1
    endloop
  endfacet
  facet normal 0 0 1
    outer loop
      vertex 17.2487 1.77362 2.1
      vertex 15.6455 1.07679 2.1
      vertex 15.6484 0.989413 2.1
    endloop
  endfacet
  facet normal 0 0 1
    outer loop
      vertex 17.2487 1.77362 2.1
      vertex 15.6423 1.1597 2.1
      vertex 15.6455 1.07679 2.1
    endloop
  endfacet
  facet normal 0 0 1
    outer loop
      vertex 17.2487 1.77362 2.1
      vertex 15.6389 1.23938 2.1
      vertex 15.6423 1.1597 2.1
    endloop
  endfacet
  facet normal 0 0 1
    outer loop
      vertex 17.2487 1.77362 2.1
      vertex 15.6354 1.31703 2.1
      vertex 15.6389 1.23938 2.1
    endloop
  endfacet
  facet normal 0 0 1
    outer loop
      vertex 17.2487 1.77362 2.1
      vertex 15.6319 1.39264 2.1
      vertex 15.6354 1.31703 2.1
    endloop
  endfacet
  facet normal 0 0 1
    outer loop
      vertex 17.2487 1.77362 2.1
      vertex 15.6282 1.46622 2.1
      vertex 15.6319 1.39264 2.1
    endloop
  endfacet
  facet normal 0 0 1
    outer loop
      vertex 17.2487 1.77362 2.1
      vertex 15.6245 1.53775 2.1
      vertex 15.6282 1.46622 2.1
    endloop
  endfacet
  facet normal 0 0 1
    outer loop
      vertex 17.2487 1.77362 2.1
      vertex 15.6207 1.60726 2.1
      vertex 15.6245 1.53775 2.1
    endloop
  endfacet
  facet normal 0 0 1
    outer loop
      vertex 17.2444 1.80356 2.1
      vertex 15.6168 1.67473 2.1
      vertex 15.6207 1.60726 2.1
    endloop
  endfacet
  facet normal 0 0 1
    outer loop
      vertex 17.2444 1.80356 2.1
      vertex 15.6129 1.74016 2.1
      vertex 15.6168 1.67473 2.1
    endloop
  endfacet
  facet normal 0 -0 1
    outer loop
      vertex 15.6129 1.74016 2.1
      vertex 17.2444 1.80356 2.1
      vertex 15.6089 1.80356 2.1
    endloop
  endfacet
  facet normal 0 0 1
    outer loop
      vertex 19.1103 0.469226 2.1
      vertex 19.4599 1.8402 2.1
      vertex 19.4135 1.85941 2.1
    endloop
  endfacet
  facet normal 0 0 1
    outer loop
      vertex 19.4599 1.8402 2.1
      vertex 19.3689 0.425159 2.1
      vertex 19.4599 0.405948 2.1
    endloop
  endfacet
  facet normal 0 0 1
    outer loop
      vertex 19.1103 0.469226 2.1
      vertex 19.4135 1.85941 2.1
      vertex 19.364 1.87635 2.1
    endloop
  endfacet
  facet normal 0 0 1
    outer loop
      vertex 19.0289 0.479403 2.1
      vertex 19.364 1.87635 2.1
      vertex 19.3114 1.89104 2.1
    endloop
  endfacet
  facet normal 0 0 1
    outer loop
      vertex 19.4599 1.8402 2.1
      vertex 19.2802 0.442111 2.1
      vertex 19.3689 0.425159 2.1
    endloop
  endfacet
  facet normal 0 0 1
    outer loop
      vertex 19.0289 0.479403 2.1
      vertex 19.3114 1.89104 2.1
      vertex 19.2556 1.90348 2.1
    endloop
  endfacet
  facet normal 0 0 1
    outer loop
      vertex 19.0289 0.479403 2.1
      vertex 19.2556 1.90348 2.1
      vertex 19.1966 1.91364 2.1
    endloop
  endfacet
  facet normal 0 0 1
    outer loop
      vertex 19.4599 1.8402 2.1
      vertex 19.1941 0.456805 2.1
      vertex 19.2802 0.442111 2.1
    endloop
  endfacet
  facet normal 0 0 1
    outer loop
      vertex 19.0289 0.479403 2.1
      vertex 19.1966 1.91364 2.1
      vertex 19.1344 1.92156 2.1
    endloop
  endfacet
  facet normal 0 0 1
    outer loop
      vertex 19.4599 1.8402 2.1
      vertex 19.1103 0.469226 2.1
      vertex 19.1941 0.456805 2.1
    endloop
  endfacet
  facet normal 0 0 1
    outer loop
      vertex 18.95 0.487308 2.1
      vertex 19.1344 1.92156 2.1
      vertex 19.0691 1.9272 2.1
    endloop
  endfacet
  facet normal 0 0 1
    outer loop
      vertex 19.364 1.87635 2.1
      vertex 19.0289 0.479403 2.1
      vertex 19.1103 0.469226 2.1
    endloop
  endfacet
  facet normal 0 0 1
    outer loop
      vertex 18.95 0.487308 2.1
      vertex 19.0691 1.9272 2.1
      vertex 19.0006 1.93059 2.1
    endloop
  endfacet
  facet normal 0 0 1
    outer loop
      vertex 19.1344 1.92156 2.1
      vertex 18.95 0.487308 2.1
      vertex 19.0289 0.479403 2.1
    endloop
  endfacet
  facet normal 0 0 1
    outer loop
      vertex 18.8734 0.492969 2.1
      vertex 19.0006 1.93059 2.1
      vertex 18.929 1.93172 2.1
    endloop
  endfacet
  facet normal 0 0 1
    outer loop
      vertex 19.0006 1.93059 2.1
      vertex 18.8734 0.492969 2.1
      vertex 18.95 0.487308 2.1
    endloop
  endfacet
  facet normal -0 0 1
    outer loop
      vertex 18.8411 1.93003 2.1
      vertex 18.8734 0.492969 2.1
      vertex 18.929 1.93172 2.1
    endloop
  endfacet
  facet normal 0 0 1
    outer loop
      vertex 18.8411 1.93003 2.1
      vertex 18.7993 0.496356 2.1
      vertex 18.8734 0.492969 2.1
    endloop
  endfacet
  facet normal -0 0 1
    outer loop
      vertex 18.7565 1.92494 2.1
      vertex 18.7993 0.496356 2.1
      vertex 18.8411 1.93003 2.1
    endloop
  endfacet
  facet normal -0 0 1
    outer loop
      vertex 18.6753 1.91646 2.1
      vertex 18.7993 0.496356 2.1
      vertex 18.7565 1.92494 2.1
    endloop
  endfacet
  facet normal 0 0 1
    outer loop
      vertex 18.7993 0.496356 2.1
      vertex 18.6753 1.91646 2.1
      vertex 18.7275 0.497485 2.1
    endloop
  endfacet
  facet normal -0 0 1
    outer loop
      vertex 18.5974 1.90459 2.1
      vertex 18.7275 0.497485 2.1
      vertex 18.6753 1.91646 2.1
    endloop
  endfacet
  facet normal -0 0 1
    outer loop
      vertex 18.5228 1.88933 2.1
      vertex 18.7275 0.497485 2.1
      vertex 18.5974 1.90459 2.1
    endloop
  endfacet
  facet normal -0 0 1
    outer loop
      vertex 18.4515 1.87068 2.1
      vertex 18.7275 0.497485 2.1
      vertex 18.5228 1.88933 2.1
    endloop
  endfacet
  facet normal -0 0 1
    outer loop
      vertex 18.3835 1.84864 2.1
      vertex 18.7275 0.497485 2.1
      vertex 18.4515 1.87068 2.1
    endloop
  endfacet
  facet normal 0 0 1
    outer loop
      vertex 18.7275 0.497485 2.1
      vertex 18.3835 1.84864 2.1
      vertex 18.5886 0.491076 2.1
    endloop
  endfacet
  facet normal -0 0 1
    outer loop
      vertex 18.3189 1.8232 2.1
      vertex 18.5886 0.491076 2.1
      vertex 18.3835 1.84864 2.1
    endloop
  endfacet
  facet normal -0 0 1
    outer loop
      vertex 18.2576 1.79438 2.1
      vertex 18.5886 0.491076 2.1
      vertex 18.3189 1.8232 2.1
    endloop
  endfacet
  facet normal -0 0 1
    outer loop
      vertex 18.1988 1.76207 2.1
      vertex 18.5886 0.491076 2.1
      vertex 18.2576 1.79438 2.1
    endloop
  endfacet
  facet normal -0 0 1
    outer loop
      vertex 18.1418 1.72614 2.1
      vertex 18.5886 0.491076 2.1
      vertex 18.1988 1.76207 2.1
    endloop
  endfacet
  facet normal -0 0 1
    outer loop
      vertex 18.0867 1.68659 2.1
      vertex 18.5886 0.491076 2.1
      vertex 18.1418 1.72614 2.1
    endloop
  endfacet
  facet normal -0 0 1
    outer loop
      vertex 18.0334 1.64342 2.1
      vertex 18.5886 0.491076 2.1
      vertex 18.0867 1.68659 2.1
    endloop
  endfacet
  facet normal -0 0 1
    outer loop
      vertex 17.9818 1.59664 2.1
      vertex 18.5886 0.491076 2.1
      vertex 18.0334 1.64342 2.1
    endloop
  endfacet
  facet normal 0 0 1
    outer loop
      vertex 18.5886 0.491076 2.1
      vertex 17.9818 1.59664 2.1
      vertex 18.4567 0.471866 2.1
    endloop
  endfacet
  facet normal -0 0 1
    outer loop
      vertex 17.9321 1.54622 2.1
      vertex 18.4567 0.471866 2.1
      vertex 17.9818 1.59664 2.1
    endloop
  endfacet
  facet normal -0 0 1
    outer loop
      vertex 17.8842 1.49219 2.1
      vertex 18.4567 0.471866 2.1
      vertex 17.9321 1.54622 2.1
    endloop
  endfacet
  facet normal -0 0 1
    outer loop
      vertex 17.8381 1.43454 2.1
      vertex 18.4567 0.471866 2.1
      vertex 17.8842 1.49219 2.1
    endloop
  endfacet
  facet normal -0 0 1
    outer loop
      vertex 17.7938 1.37328 2.1
      vertex 18.4567 0.471866 2.1
      vertex 17.8381 1.43454 2.1
    endloop
  endfacet
  facet normal -0 0 1
    outer loop
      vertex 17.7497 1.30513 2.1
      vertex 18.4567 0.471866 2.1
      vertex 17.7938 1.37328 2.1
    endloop
  endfacet
  facet normal 0 0 1
    outer loop
      vertex 18.4567 0.471866 2.1
      vertex 17.7497 1.30513 2.1
      vertex 18.3319 0.439837 2.1
    endloop
  endfacet
  facet normal -0 0 1
    outer loop
      vertex 17.7043 1.22681 2.1
      vertex 18.3319 0.439837 2.1
      vertex 17.7497 1.30513 2.1
    endloop
  endfacet
  facet normal -0 0 1
    outer loop
      vertex 17.6575 1.13831 2.1
      vertex 18.3319 0.439837 2.1
      vertex 17.7043 1.22681 2.1
    endloop
  endfacet
  facet normal 0 0 1
    outer loop
      vertex 18.3319 0.439837 2.1
      vertex 17.6575 1.13831 2.1
      vertex 18.214 0.395007 2.1
    endloop
  endfacet
  facet normal -0 0 1
    outer loop
      vertex 17.6093 1.03965 2.1
      vertex 18.214 0.395007 2.1
      vertex 17.6575 1.13831 2.1
    endloop
  endfacet
  facet normal -0 0 1
    outer loop
      vertex 17.5598 0.930804 2.1
      vertex 18.214 0.395007 2.1
      vertex 17.6093 1.03965 2.1
    endloop
  endfacet
  facet normal 0 0 1
    outer loop
      vertex 18.214 0.395007 2.1
      vertex 17.5598 0.930804 2.1
      vertex 18.1031 0.337375 2.1
    endloop
  endfacet
  facet normal -0 0 1
    outer loop
      vertex 17.5089 0.811786 2.1
      vertex 18.1031 0.337375 2.1
      vertex 17.5598 0.930804 2.1
    endloop
  endfacet
  facet normal 0 0 1
    outer loop
      vertex 18.1031 0.337375 2.1
      vertex 17.5089 0.811786 2.1
      vertex 17.9993 0.266925 2.1
    endloop
  endfacet
  facet normal -0 0 1
    outer loop
      vertex 17.4567 0.682605 2.1
      vertex 17.9993 0.266925 2.1
      vertex 17.5089 0.811786 2.1
    endloop
  endfacet
  facet normal -0 0 1
    outer loop
      vertex 17.4031 0.543246 2.1
      vertex 17.9993 0.266925 2.1
      vertex 17.4567 0.682605 2.1
    endloop
  endfacet
  facet normal 0 0 1
    outer loop
      vertex 17.9993 0.266925 2.1
      vertex 17.4031 0.543246 2.1
      vertex 17.9024 0.183658 2.1
    endloop
  endfacet
  facet normal -0 0 1
    outer loop
      vertex 17.3482 0.39371 2.1
      vertex 17.9024 0.183658 2.1
      vertex 17.4031 0.543246 2.1
    endloop
  endfacet
  facet normal 0 0 1
    outer loop
      vertex 17.9024 0.183658 2.1
      vertex 17.3482 0.39371 2.1
      vertex 17.8125 0.0876036 2.1
    endloop
  endfacet
  facet normal 0 0 1
    outer loop
      vertex 17.8125 0.0876036 2.1
      vertex 17.3482 0.39371 2.1
      vertex 17.7297 -0.0212822 2.1
    endloop
  endfacet
  facet normal 0 0 1
    outer loop
      vertex 17.7297 -0.0212822 2.1
      vertex 17.3482 0.39371 2.1
      vertex 17.6548 -0.142742 2.1
    endloop
  endfacet
  facet normal -0 0 1
    outer loop
      vertex 17.3238 0.39371 2.1
      vertex 17.6548 -0.142742 2.1
      vertex 17.3482 0.39371 2.1
    endloop
  endfacet
  facet normal 0 0 1
    outer loop
      vertex 17.6548 -0.142742 2.1
      vertex 17.3238 0.39371 2.1
      vertex 17.5887 -0.276546 2.1
    endloop
  endfacet
  facet normal 0 0 1
    outer loop
      vertex 17.5887 -0.276546 2.1
      vertex 17.3238 0.39371 2.1
      vertex 17.5314 -0.422726 2.1
    endloop
  endfacet
  facet normal 0 0 1
    outer loop
      vertex 17.5314 -0.422726 2.1
      vertex 17.3238 0.39371 2.1
      vertex 17.4829 -0.581264 2.1
    endloop
  endfacet
  facet normal -0 0 1
    outer loop
      vertex 15.6576 0.253406 2.1
      vertex 17.4829 -0.581264 2.1
      vertex 17.3238 0.39371 2.1
    endloop
  endfacet
  facet normal 0 0 1
    outer loop
      vertex 17.4829 -0.581264 2.1
      vertex 15.6576 0.253406 2.1
      vertex 17.4432 -0.752148 2.1
    endloop
  endfacet
  facet normal 0 0 1
    outer loop
      vertex 17.4432 -0.752148 2.1
      vertex 15.6576 0.253406 2.1
      vertex 17.4123 -0.93539 2.1
    endloop
  endfacet
  facet normal 0 0 1
    outer loop
      vertex 17.4123 -0.93539 2.1
      vertex 15.6576 0.253406 2.1
      vertex 17.3903 -1.13101 2.1
    endloop
  endfacet
  facet normal 0 0 1
    outer loop
      vertex 17.3903 -1.13101 2.1
      vertex 15.6576 0.253406 2.1
      vertex 17.3771 -1.33897 2.1
    endloop
  endfacet
  facet normal 0 0 1
    outer loop
      vertex 17.3771 -1.33897 2.1
      vertex 15.6576 0.253406 2.1
      vertex 17.3727 -1.55929 2.1
    endloop
  endfacet
  facet normal 0 0 1
    outer loop
      vertex 15.6574 0.371875 2.1
      vertex 17.3234 0.439044 2.1
      vertex 17.3223 0.49364 2.1
    endloop
  endfacet
  facet normal 0 0 1
    outer loop
      vertex 15.6574 0.371875 2.1
      vertex 17.3238 0.39371 2.1
      vertex 17.3234 0.439044 2.1
    endloop
  endfacet
  facet normal 0 0 1
    outer loop
      vertex 15.6574 0.371875 2.1
      vertex 17.3223 0.49364 2.1
      vertex 17.3204 0.557513 2.1
    endloop
  endfacet
  facet normal 0 0 1
    outer loop
      vertex 15.6574 0.371875 2.1
      vertex 17.3204 0.557513 2.1
      vertex 17.3178 0.630649 2.1
    endloop
  endfacet
  facet normal 0 0 1
    outer loop
      vertex 15.6574 0.371875 2.1
      vertex 17.3178 0.630649 2.1
      vertex 17.3144 0.713046 2.1
    endloop
  endfacet
  facet normal 0 0 1
    outer loop
      vertex 15.6574 0.371875 2.1
      vertex 17.3144 0.713046 2.1
      vertex 17.3102 0.804706 2.1
    endloop
  endfacet
  facet normal 0 0 1
    outer loop
      vertex 15.6574 0.371875 2.1
      vertex 17.3102 0.804706 2.1
      vertex 17.3053 0.905643 2.1
    endloop
  endfacet
  facet normal 0 0 1
    outer loop
      vertex 15.6574 0.371875 2.1
      vertex 17.3053 0.905643 2.1
      vertex 17.2997 1.01584 2.1
    endloop
  endfacet
  facet normal 0 0 1
    outer loop
      vertex 15.6574 0.371875 2.1
      vertex 17.2997 1.01584 2.1
      vertex 17.2933 1.13532 2.1
    endloop
  endfacet
  facet normal 0 0 1
    outer loop
      vertex 15.6574 0.371875 2.1
      vertex 17.2933 1.13532 2.1
      vertex 17.2867 1.25388 2.1
    endloop
  endfacet
  facet normal 0 0 1
    outer loop
      vertex 15.6574 0.371875 2.1
      vertex 17.2867 1.25388 2.1
      vertex 17.2803 1.36136 2.1
    endloop
  endfacet
  facet normal 0 0 1
    outer loop
      vertex 15.6574 0.371875 2.1
      vertex 17.2803 1.36136 2.1
      vertex 17.2743 1.45777 2.1
    endloop
  endfacet
  facet normal 0 0 1
    outer loop
      vertex 15.6574 0.371875 2.1
      vertex 17.2743 1.45777 2.1
      vertex 17.2686 1.54309 2.1
    endloop
  endfacet
  facet normal 0 0 1
    outer loop
      vertex 15.6574 0.371875 2.1
      vertex 17.2686 1.54309 2.1
      vertex 17.2631 1.61734 2.1
    endloop
  endfacet
  facet normal 0 0 1
    outer loop
      vertex 15.6574 0.371875 2.1
      vertex 17.2631 1.61734 2.1
      vertex 17.258 1.68051 2.1
    endloop
  endfacet
  facet normal 0 0 1
    outer loop
      vertex 15.6574 0.371875 2.1
      vertex 17.258 1.68051 2.1
      vertex 17.2532 1.73261 2.1
    endloop
  endfacet
  facet normal 0 0 1
    outer loop
      vertex 15.6574 0.371875 2.1
      vertex 17.2532 1.73261 2.1
      vertex 17.2487 1.77362 2.1
    endloop
  endfacet
  facet normal 0 0 1
    outer loop
      vertex 15.6207 1.60726 2.1
      vertex 17.2487 1.77362 2.1
      vertex 17.2444 1.80356 2.1
    endloop
  endfacet
  facet normal 0 0 1
    outer loop
      vertex 15.6576 -4.8 2.1
      vertex 17.3727 -1.55929 2.1
      vertex 15.6576 0.253406 2.1
    endloop
  endfacet
  facet normal 0 0 1
    outer loop
      vertex 17.3727 -1.55929 2.1
      vertex 15.6576 -4.8 2.1
      vertex 17.3727 -4.8 2.1
    endloop
  endfacet
  facet normal 0 0 1
    outer loop
      vertex -2.79924 -0.363003 2.1
      vertex -1.12247 -0.0538902 2.1
      vertex -1.18689 0.158801 2.1
    endloop
  endfacet
  facet normal 0 0 1
    outer loop
      vertex -2.81822 -0.252972 2.1
      vertex -1.18689 0.158801 2.1
      vertex -1.26532 0.360507 2.1
    endloop
  endfacet
  facet normal 0 0 1
    outer loop
      vertex -2.84262 -0.147976 2.1
      vertex -1.26532 0.360507 2.1
      vertex -1.35777 0.551196 2.1
    endloop
  endfacet
  facet normal 0 0 1
    outer loop
      vertex -2.87245 -0.0480309 2.1
      vertex -1.35777 0.551196 2.1
      vertex -1.46425 0.730899 2.1
    endloop
  endfacet
  facet normal 0 0 1
    outer loop
      vertex -2.9077 0.0468626 2.1
      vertex -1.46425 0.730899 2.1
      vertex -1.58473 0.8996 2.1
    endloop
  endfacet
  facet normal 0 0 1
    outer loop
      vertex -2.94838 0.136706 2.1
      vertex -1.58473 0.8996 2.1
      vertex -1.71924 1.0573 2.1
    endloop
  endfacet
  facet normal 0 0 1
    outer loop
      vertex -2.99449 0.221515 2.1
      vertex -1.71924 1.0573 2.1
      vertex -1.86775 1.204 2.1
    endloop
  endfacet
  facet normal 0 0 1
    outer loop
      vertex -3.04602 0.301272 2.1
      vertex -1.86775 1.204 2.1
      vertex -2.03029 1.33971 2.1
    endloop
  endfacet
  facet normal 0 0 1
    outer loop
      vertex -3.10298 0.375979 2.1
      vertex -2.03029 1.33971 2.1
      vertex -2.20477 1.46266 2.1
    endloop
  endfacet
  facet normal 0 0 1
    outer loop
      vertex -3.16536 0.445636 2.1
      vertex -2.20477 1.46266 2.1
      vertex -2.38922 1.57117 2.1
    endloop
  endfacet
  facet normal 0 0 1
    outer loop
      vertex -3.23347 0.509051 2.1
      vertex -2.38922 1.57117 2.1
      vertex -2.5836 1.66521 2.1
    endloop
  endfacet
  facet normal 0 0 1
    outer loop
      vertex -3.30762 0.565005 2.1
      vertex -2.5836 1.66521 2.1
      vertex -2.78793 1.74477 2.1
    endloop
  endfacet
  facet normal 0 0 1
    outer loop
      vertex -1.71924 1.0573 2.1
      vertex -2.99449 0.221515 2.1
      vertex -2.94838 0.136706 2.1
    endloop
  endfacet
  facet normal 0 0 1
    outer loop
      vertex -1.12247 -0.0538902 2.1
      vertex -2.79924 -0.363003 2.1
      vertex -1.07205 -0.277599 2.1
    endloop
  endfacet
  facet normal 0 0 1
    outer loop
      vertex -1.18689 0.158801 2.1
      vertex -2.81822 -0.252972 2.1
      vertex -2.79924 -0.363003 2.1
    endloop
  endfacet
  facet normal 0 0 1
    outer loop
      vertex -1.26532 0.360507 2.1
      vertex -2.84262 -0.147976 2.1
      vertex -2.81822 -0.252972 2.1
    endloop
  endfacet
  facet normal 0 0 1
    outer loop
      vertex -1.35777 0.551196 2.1
      vertex -2.87245 -0.0480309 2.1
      vertex -2.84262 -0.147976 2.1
    endloop
  endfacet
  facet normal 0 0 1
    outer loop
      vertex -1.46425 0.730899 2.1
      vertex -2.9077 0.0468626 2.1
      vertex -2.87245 -0.0480309 2.1
    endloop
  endfacet
  facet normal 0 0 1
    outer loop
      vertex -1.58473 0.8996 2.1
      vertex -2.94838 0.136706 2.1
      vertex -2.9077 0.0468626 2.1
    endloop
  endfacet
  facet normal 0 0 1
    outer loop
      vertex -3.38779 0.613498 2.1
      vertex -2.78793 1.74477 2.1
      vertex -3.00221 1.80986 2.1
    endloop
  endfacet
  facet normal 0 0 1
    outer loop
      vertex -1.86775 1.204 2.1
      vertex -3.04602 0.301272 2.1
      vertex -2.99449 0.221515 2.1
    endloop
  endfacet
  facet normal 0 0 1
    outer loop
      vertex -2.03029 1.33971 2.1
      vertex -3.10298 0.375979 2.1
      vertex -3.04602 0.301272 2.1
    endloop
  endfacet
  facet normal 0 0 1
    outer loop
      vertex -2.20477 1.46266 2.1
      vertex -3.16536 0.445636 2.1
      vertex -3.10298 0.375979 2.1
    endloop
  endfacet
  facet normal 0 0 1
    outer loop
      vertex -3.474 0.654529 2.1
      vertex -3.00221 1.80986 2.1
      vertex -3.22644 1.86051 2.1
    endloop
  endfacet
  facet normal 0 0 1
    outer loop
      vertex -2.38922 1.57117 2.1
      vertex -3.23347 0.509051 2.1
      vertex -3.16536 0.445636 2.1
    endloop
  endfacet
  facet normal 0 0 1
    outer loop
      vertex -2.5836 1.66521 2.1
      vertex -3.30762 0.565005 2.1
      vertex -3.23347 0.509051 2.1
    endloop
  endfacet
  facet normal 0 0 1
    outer loop
      vertex -2.78793 1.74477 2.1
      vertex -3.38779 0.613498 2.1
      vertex -3.30762 0.565005 2.1
    endloop
  endfacet
  facet normal 0 0 1
    outer loop
      vertex -3.56622 0.688098 2.1
      vertex -3.22644 1.86051 2.1
      vertex -3.46062 1.89667 2.1
    endloop
  endfacet
  facet normal 0 0 1
    outer loop
      vertex -3.00221 1.80986 2.1
      vertex -3.474 0.654529 2.1
      vertex -3.38779 0.613498 2.1
    endloop
  endfacet
  facet normal 0 0 1
    outer loop
      vertex -3.22644 1.86051 2.1
      vertex -3.56622 0.688098 2.1
      vertex -3.474 0.654529 2.1
    endloop
  endfacet
  facet normal 0 0 1
    outer loop
      vertex -3.46062 1.89667 2.1
      vertex -3.66449 0.714206 2.1
      vertex -3.56622 0.688098 2.1
    endloop
  endfacet
  facet normal 0 0 1
    outer loop
      vertex -3.76877 0.732852 2.1
      vertex -3.46062 1.89667 2.1
      vertex -3.70474 1.91837 2.1
    endloop
  endfacet
  facet normal 0 0 1
    outer loop
      vertex -3.46062 1.89667 2.1
      vertex -3.76877 0.732852 2.1
      vertex -3.66449 0.714206 2.1
    endloop
  endfacet
  facet normal 0 0 1
    outer loop
      vertex -3.70474 1.91837 2.1
      vertex -3.87909 0.744037 2.1
      vertex -3.76877 0.732852 2.1
    endloop
  endfacet
  facet normal 0 0 1
    outer loop
      vertex -3.9588 1.9256 2.1
      vertex -3.87909 0.744037 2.1
      vertex -3.70474 1.91837 2.1
    endloop
  endfacet
  facet normal 0 0 1
    outer loop
      vertex -3.9588 1.9256 2.1
      vertex -3.99544 0.747775 2.1
      vertex -3.87909 0.744037 2.1
    endloop
  endfacet
  facet normal -0 0 1
    outer loop
      vertex -4.28665 1.91434 2.1
      vertex -3.99544 0.747775 2.1
      vertex -3.9588 1.9256 2.1
    endloop
  endfacet
  facet normal 0 0 1
    outer loop
      vertex -3.99544 0.747775 2.1
      vertex -4.28665 1.91434 2.1
      vertex -4.27339 0.720416 2.1
    endloop
  endfacet
  facet normal -0 0 1
    outer loop
      vertex -4.59747 1.88054 2.1
      vertex -4.27339 0.720416 2.1
      vertex -4.28665 1.91434 2.1
    endloop
  endfacet
  facet normal 0 0 1
    outer loop
      vertex -4.27339 0.720416 2.1
      vertex -4.59747 1.88054 2.1
      vertex -4.51863 0.63837 2.1
    endloop
  endfacet
  facet normal -0 0 1
    outer loop
      vertex -4.89125 1.82422 2.1
      vertex -4.51863 0.63837 2.1
      vertex -4.59747 1.88054 2.1
    endloop
  endfacet
  facet normal -0 0 1
    outer loop
      vertex -5.16801 1.74536 2.1
      vertex -4.51863 0.63837 2.1
      vertex -4.89125 1.82422 2.1
    endloop
  endfacet
  facet normal 0 0 1
    outer loop
      vertex -4.51863 0.63837 2.1
      vertex -5.16801 1.74536 2.1
      vertex -4.73119 0.501605 2.1
    endloop
  endfacet
  facet normal -0 0 1
    outer loop
      vertex -5.42775 1.64398 2.1
      vertex -4.73119 0.501605 2.1
      vertex -5.16801 1.74536 2.1
    endloop
  endfacet
  facet normal -0 0 1
    outer loop
      vertex -5.67044 1.52008 2.1
      vertex -4.73119 0.501605 2.1
      vertex -5.42775 1.64398 2.1
    endloop
  endfacet
  facet normal 0 0 1
    outer loop
      vertex -4.73119 0.501605 2.1
      vertex -5.67044 1.52008 2.1
      vertex -4.91104 0.310153 2.1
    endloop
  endfacet
  facet normal -0 0 1
    outer loop
      vertex -5.89612 1.37364 2.1
      vertex -4.91104 0.310153 2.1
      vertex -5.67044 1.52008 2.1
    endloop
  endfacet
  facet normal -0 0 1
    outer loop
      vertex -6.10477 1.20468 2.1
      vertex -4.91104 0.310153 2.1
      vertex -5.89612 1.37364 2.1
    endloop
  endfacet
  facet normal -0 0 1
    outer loop
      vertex -6.29637 1.01319 2.1
      vertex -5.05818 0.0639982 2.1
      vertex -6.10477 1.20468 2.1
    endloop
  endfacet
  facet normal 0 0 1
    outer loop
      vertex -4.91104 0.310153 2.1
      vertex -6.10477 1.20468 2.1
      vertex -5.05818 0.0639982 2.1
    endloop
  endfacet
  facet normal 0 0 1
    outer loop
      vertex -2.74425 -2.52354 2.1
      vertex -1.04726 -2.75158 2.1
      vertex -1.02318 -2.60284 2.1
    endloop
  endfacet
  facet normal 0 0 1
    outer loop
      vertex -1.04726 -2.75158 2.1
      vertex -2.74425 -2.52354 2.1
      vertex -1.07878 -2.89672 2.1
    endloop
  endfacet
  facet normal -0 0 1
    outer loop
      vertex -2.76498 -2.65544 2.1
      vertex -1.07878 -2.89672 2.1
      vertex -2.74425 -2.52354 2.1
    endloop
  endfacet
  facet normal 0 0 1
    outer loop
      vertex -1.07878 -2.89672 2.1
      vertex -2.76498 -2.65544 2.1
      vertex -1.11777 -3.03823 2.1
    endloop
  endfacet
  facet normal -0 0 1
    outer loop
      vertex -2.79189 -2.77987 2.1
      vertex -1.16423 -3.17613 2.1
      vertex -2.76498 -2.65544 2.1
    endloop
  endfacet
  facet normal 0 0 1
    outer loop
      vertex -1.16423 -3.17613 2.1
      vertex -2.79189 -2.77987 2.1
      vertex -1.21814 -3.31042 2.1
    endloop
  endfacet
  facet normal 0 0 1
    outer loop
      vertex -1.21814 -3.31042 2.1
      vertex -2.79189 -2.77987 2.1
      vertex -1.27951 -3.44108 2.1
    endloop
  endfacet
  facet normal 0 0 1
    outer loop
      vertex -1.27951 -3.44108 2.1
      vertex -2.82498 -2.89685 2.1
      vertex -1.34833 -3.56813 2.1
    endloop
  endfacet
  facet normal 0 0 1
    outer loop
      vertex -1.34833 -3.56813 2.1
      vertex -2.82498 -2.89685 2.1
      vertex -1.42462 -3.69156 2.1
    endloop
  endfacet
  facet normal -0 0 1
    outer loop
      vertex -2.86424 -3.00636 2.1
      vertex -1.42462 -3.69156 2.1
      vertex -2.82498 -2.89685 2.1
    endloop
  endfacet
  facet normal 0 0 1
    outer loop
      vertex -1.42462 -3.69156 2.1
      vertex -2.86424 -3.00636 2.1
      vertex -1.50838 -3.81135 2.1
    endloop
  endfacet
  facet normal -0 0 1
    outer loop
      vertex -2.90968 -3.10843 2.1
      vertex -1.59891 -3.92636 2.1
      vertex -2.86424 -3.00636 2.1
    endloop
  endfacet
  facet normal 0 0 1
    outer loop
      vertex -1.59891 -3.92636 2.1
      vertex -2.90968 -3.10843 2.1
      vertex -1.69554 -4.03541 2.1
    endloop
  endfacet
  facet normal -0 0 1
    outer loop
      vertex -2.96129 -3.20303 2.1
      vertex -1.69554 -4.03541 2.1
      vertex -2.90968 -3.10843 2.1
    endloop
  endfacet
  facet normal 0 0 1
    outer loop
      vertex -1.79828 -4.13852 2.1
      vertex -2.96129 -3.20303 2.1
      vertex -1.90714 -4.23567 2.1
    endloop
  endfacet
  facet normal -0 0 1
    outer loop
      vertex -3.01909 -3.29017 2.1
      vertex -1.90714 -4.23567 2.1
      vertex -2.96129 -3.20303 2.1
    endloop
  endfacet
  facet normal 0 0 1
    outer loop
      vertex -1.90714 -4.23567 2.1
      vertex -3.01909 -3.29017 2.1
      vertex -2.02208 -4.32687 2.1
    endloop
  endfacet
  facet normal -0 0 1
    outer loop
      vertex -3.08307 -3.36985 2.1
      vertex -2.14313 -4.41212 2.1
      vertex -3.01909 -3.29017 2.1
    endloop
  endfacet
  facet normal 0 0 1
    outer loop
      vertex -1.11777 -3.03823 2.1
      vertex -2.76498 -2.65544 2.1
      vertex -1.16423 -3.17613 2.1
    endloop
  endfacet
  facet normal -0 0 1
    outer loop
      vertex -2.82498 -2.89685 2.1
      vertex -1.27951 -3.44108 2.1
      vertex -2.79189 -2.77987 2.1
    endloop
  endfacet
  facet normal 0 0 1
    outer loop
      vertex -1.50838 -3.81135 2.1
      vertex -2.86424 -3.00636 2.1
      vertex -1.59891 -3.92636 2.1
    endloop
  endfacet
  facet normal 0 0 1
    outer loop
      vertex -1.69554 -4.03541 2.1
      vertex -2.96129 -3.20303 2.1
      vertex -1.79828 -4.13852 2.1
    endloop
  endfacet
  facet normal 0 0 1
    outer loop
      vertex -2.02208 -4.32687 2.1
      vertex -3.01909 -3.29017 2.1
      vertex -2.14313 -4.41212 2.1
    endloop
  endfacet
  facet normal 0 0 1
    outer loop
      vertex -2.14313 -4.41212 2.1
      vertex -3.08307 -3.36985 2.1
      vertex -2.27029 -4.49142 2.1
    endloop
  endfacet
  facet normal -0 0 1
    outer loop
      vertex -3.15321 -3.44209 2.1
      vertex -2.27029 -4.49142 2.1
      vertex -3.08307 -3.36985 2.1
    endloop
  endfacet
  facet normal 0 0 1
    outer loop
      vertex -2.27029 -4.49142 2.1
      vertex -3.15321 -3.44209 2.1
      vertex -2.40355 -4.56475 2.1
    endloop
  endfacet
  facet normal -0 0 1
    outer loop
      vertex -3.22841 -3.50676 2.1
      vertex -2.40355 -4.56475 2.1
      vertex -3.15321 -3.44209 2.1
    endloop
  endfacet
  facet normal 0 0 1
    outer loop
      vertex -2.40355 -4.56475 2.1
      vertex -3.22841 -3.50676 2.1
      vertex -2.54292 -4.63215 2.1
    endloop
  endfacet
  facet normal 0 0 1
    outer loop
      vertex -2.54292 -4.63215 2.1
      vertex -3.22841 -3.50676 2.1
      vertex -2.68729 -4.693 2.1
    endloop
  endfacet
  facet normal -0 0 1
    outer loop
      vertex -3.30753 -3.56382 2.1
      vertex -2.68729 -4.693 2.1
      vertex -3.22841 -3.50676 2.1
    endloop
  endfacet
  facet normal 0 0 1
    outer loop
      vertex -2.68729 -4.693 2.1
      vertex -3.30753 -3.56382 2.1
      vertex -2.83556 -4.74669 2.1
    endloop
  endfacet
  facet normal -0 0 1
    outer loop
      vertex -3.39056 -3.61329 2.1
      vertex -2.83556 -4.74669 2.1
      vertex -3.30753 -3.56382 2.1
    endloop
  endfacet
  facet normal 0 0 1
    outer loop
      vertex -2.83556 -4.74669 2.1
      vertex -3.39056 -3.61329 2.1
      vertex -2.98775 -4.79321 2.1
    endloop
  endfacet
  facet normal -0 0 1
    outer loop
      vertex -3.47752 -3.65513 2.1
      vertex -2.98775 -4.79321 2.1
      vertex -3.39056 -3.61329 2.1
    endloop
  endfacet
  facet normal 0 0 1
    outer loop
      vertex -2.98775 -4.79321 2.1
      vertex -3.47752 -3.65513 2.1
      vertex -3.14386 -4.83256 2.1
    endloop
  endfacet
  facet normal -0 0 1
    outer loop
      vertex -3.56839 -3.68937 2.1
      vertex -3.14386 -4.83256 2.1
      vertex -3.47752 -3.65513 2.1
    endloop
  endfacet
  facet normal 0 0 1
    outer loop
      vertex -3.14386 -4.83256 2.1
      vertex -3.56839 -3.68937 2.1
      vertex -3.30389 -4.86477 2.1
    endloop
  endfacet
  facet normal -0 0 1
    outer loop
      vertex -3.66318 -3.716 2.1
      vertex -3.30389 -4.86477 2.1
      vertex -3.56839 -3.68937 2.1
    endloop
  endfacet
  facet normal 0 0 1
    outer loop
      vertex -3.30389 -4.86477 2.1
      vertex -3.66318 -3.716 2.1
      vertex -3.46785 -4.88983 2.1
    endloop
  endfacet
  facet normal -0 0 1
    outer loop
      vertex -3.76189 -3.73503 2.1
      vertex -3.46785 -4.88983 2.1
      vertex -3.66318 -3.716 2.1
    endloop
  endfacet
  facet normal 0 0 1
    outer loop
      vertex -3.46785 -4.88983 2.1
      vertex -3.76189 -3.73503 2.1
      vertex -3.63571 -4.90771 2.1
    endloop
  endfacet
  facet normal -0 0 1
    outer loop
      vertex -3.8645 -3.74644 2.1
      vertex -3.63571 -4.90771 2.1
      vertex -3.76189 -3.73503 2.1
    endloop
  endfacet
  facet normal 0 0 1
    outer loop
      vertex -3.63571 -4.90771 2.1
      vertex -3.8645 -3.74644 2.1
      vertex -3.8075 -4.91845 2.1
    endloop
  endfacet
  facet normal -0 0 1
    outer loop
      vertex -3.97104 -3.75024 2.1
      vertex -3.8075 -4.91845 2.1
      vertex -3.8645 -3.74644 2.1
    endloop
  endfacet
  facet normal 0 0 1
    outer loop
      vertex -3.97104 -3.75024 2.1
      vertex -3.9832 -4.92204 2.1
      vertex -3.8075 -4.91845 2.1
    endloop
  endfacet
  facet normal 0 0 1
    outer loop
      vertex -4.3084 -4.91099 2.1
      vertex -3.97104 -3.75024 2.1
      vertex -4.25412 -3.72207 2.1
    endloop
  endfacet
  facet normal 0 0 1
    outer loop
      vertex -3.97104 -3.75024 2.1
      vertex -4.3084 -4.91099 2.1
      vertex -3.9832 -4.92204 2.1
    endloop
  endfacet
  facet normal 0 0 1
    outer loop
      vertex -4.61671 -4.87788 2.1
      vertex -4.25412 -3.72207 2.1
      vertex -4.50388 -3.63752 2.1
    endloop
  endfacet
  facet normal 0 0 1
    outer loop
      vertex -4.25412 -3.72207 2.1
      vertex -4.61671 -4.87788 2.1
      vertex -4.3084 -4.91099 2.1
    endloop
  endfacet
  facet normal 0 0 1
    outer loop
      vertex -5.18274 -4.74545 2.1
      vertex -4.50388 -3.63752 2.1
      vertex -4.72034 -3.49662 2.1
    endloop
  endfacet
  facet normal 0 0 1
    outer loop
      vertex -5.68123 -4.52468 2.1
      vertex -4.72034 -3.49662 2.1
      vertex -4.9035 -3.29937 2.1
    endloop
  endfacet
  facet normal 0 0 1
    outer loop
      vertex -4.50388 -3.63752 2.1
      vertex -4.90816 -4.82269 2.1
      vertex -4.61671 -4.87788 2.1
    endloop
  endfacet
  facet normal 0 0 1
    outer loop
      vertex -6.11223 -4.21563 2.1
      vertex -4.9035 -3.29937 2.1
      vertex -5.05336 -3.04574 2.1
    endloop
  endfacet
  facet normal 0 0 1
    outer loop
      vertex -6.6255 -3.59578 2.1
      vertex -5.05336 -3.04574 2.1
      vertex -5.16992 -2.73576 2.1
    endloop
  endfacet
  facet normal 0 0 1
    outer loop
      vertex -4.50388 -3.63752 2.1
      vertex -5.18274 -4.74545 2.1
      vertex -4.90816 -4.82269 2.1
    endloop
  endfacet
  facet normal 0 0 1
    outer loop
      vertex -6.86781 -3.09394 2.1
      vertex -5.16992 -2.73576 2.1
      vertex -5.25317 -2.36943 2.1
    endloop
  endfacet
  facet normal 0 0 1
    outer loop
      vertex -7.02936 -2.5225 2.1
      vertex -5.25317 -2.36943 2.1
      vertex -5.30313 -1.94673 2.1
    endloop
  endfacet
  facet normal 0 0 1
    outer loop
      vertex -4.72034 -3.49662 2.1
      vertex -5.44041 -4.6461 2.1
      vertex -5.18274 -4.74545 2.1
    endloop
  endfacet
  facet normal -0 0 1
    outer loop
      vertex -7.11014 -1.88145 2.1
      vertex -5.30313 -1.94673 2.1
      vertex -5.31978 -1.46766 2.1
    endloop
  endfacet
  facet normal -0 0 1
    outer loop
      vertex -6.46928 0.801501 2.1
      vertex -5.05818 0.0639982 2.1
      vertex -6.29637 1.01319 2.1
    endloop
  endfacet
  facet normal -0 0 1
    outer loop
      vertex -6.62186 0.571948 2.1
      vertex -5.05818 0.0639982 2.1
      vertex -6.46928 0.801501 2.1
    endloop
  endfacet
  facet normal 0 -0 1
    outer loop
      vertex -7.11014 -1.88145 2.1
      vertex -5.31978 -1.46766 2.1
      vertex -7.12024 -1.5348 2.1
    endloop
  endfacet
  facet normal 0 0 1
    outer loop
      vertex -5.05818 0.0639982 2.1
      vertex -6.62186 0.571948 2.1
      vertex -5.17264 -0.236874 2.1
    endloop
  endfacet
  facet normal 0 0 1
    outer loop
      vertex -5.31978 -1.46766 2.1
      vertex -7.11006 -1.18028 2.1
      vertex -7.12024 -1.5348 2.1
    endloop
  endfacet
  facet normal -0 0 1
    outer loop
      vertex -6.75407 0.324557 2.1
      vertex -5.17264 -0.236874 2.1
      vertex -6.62186 0.571948 2.1
    endloop
  endfacet
  facet normal 0 0 1
    outer loop
      vertex -5.30313 -1.94673 2.1
      vertex -7.11014 -1.88145 2.1
      vertex -7.07985 -2.21067 2.1
    endloop
  endfacet
  facet normal -0 0 1
    outer loop
      vertex -6.86595 0.0592985 2.1
      vertex -5.17264 -0.236874 2.1
      vertex -6.75407 0.324557 2.1
    endloop
  endfacet
  facet normal 0 0 1
    outer loop
      vertex -5.30313 -1.94673 2.1
      vertex -7.07985 -2.21067 2.1
      vertex -7.02936 -2.5225 2.1
    endloop
  endfacet
  facet normal 0 0 1
    outer loop
      vertex -5.17264 -0.236874 2.1
      vertex -6.86595 0.0592985 2.1
      vertex -5.25438 -0.592434 2.1
    endloop
  endfacet
  facet normal 0 0 1
    outer loop
      vertex -5.25317 -2.36943 2.1
      vertex -7.02936 -2.5225 2.1
      vertex -6.95869 -2.81694 2.1
    endloop
  endfacet
  facet normal -0 0 1
    outer loop
      vertex -6.95749 -0.223812 2.1
      vertex -5.25438 -0.592434 2.1
      vertex -6.86595 0.0592985 2.1
    endloop
  endfacet
  facet normal 0 0 1
    outer loop
      vertex -5.25317 -2.36943 2.1
      vertex -6.95869 -2.81694 2.1
      vertex -6.86781 -3.09394 2.1
    endloop
  endfacet
  facet normal -0 0 1
    outer loop
      vertex -7.0287 -0.524776 2.1
      vertex -5.25438 -0.592434 2.1
      vertex -6.95749 -0.223812 2.1
    endloop
  endfacet
  facet normal 0 0 1
    outer loop
      vertex -5.16992 -2.73576 2.1
      vertex -6.86781 -3.09394 2.1
      vertex -6.75676 -3.35357 2.1
    endloop
  endfacet
  facet normal 0 0 1
    outer loop
      vertex -5.25438 -0.592434 2.1
      vertex -7.0287 -0.524776 2.1
      vertex -5.30344 -1.0027 2.1
    endloop
  endfacet
  facet normal 0 0 1
    outer loop
      vertex -4.72034 -3.49662 2.1
      vertex -5.68123 -4.52468 2.1
      vertex -5.44041 -4.6461 2.1
    endloop
  endfacet
  facet normal -0 0 1
    outer loop
      vertex -7.07954 -0.843594 2.1
      vertex -5.30344 -1.0027 2.1
      vertex -7.0287 -0.524776 2.1
    endloop
  endfacet
  facet normal 0 0 1
    outer loop
      vertex -4.9035 -3.29937 2.1
      vertex -5.90517 -4.38119 2.1
      vertex -5.68123 -4.52468 2.1
    endloop
  endfacet
  facet normal 0 0 1
    outer loop
      vertex -7.11006 -1.18028 2.1
      vertex -5.30344 -1.0027 2.1
      vertex -7.07954 -0.843594 2.1
    endloop
  endfacet
  facet normal 0 0 1
    outer loop
      vertex -5.30344 -1.0027 2.1
      vertex -7.11006 -1.18028 2.1
      vertex -5.31978 -1.46766 2.1
    endloop
  endfacet
  facet normal 0 0 1
    outer loop
      vertex -4.9035 -3.29937 2.1
      vertex -6.11223 -4.21563 2.1
      vertex -5.90517 -4.38119 2.1
    endloop
  endfacet
  facet normal 0 0 1
    outer loop
      vertex -5.05336 -3.04574 2.1
      vertex -6.3024 -4.02798 2.1
      vertex -6.11223 -4.21563 2.1
    endloop
  endfacet
  facet normal 0 0 1
    outer loop
      vertex -5.05336 -3.04574 2.1
      vertex -6.47404 -3.82058 2.1
      vertex -6.3024 -4.02798 2.1
    endloop
  endfacet
  facet normal 0 0 1
    outer loop
      vertex -5.05336 -3.04574 2.1
      vertex -6.6255 -3.59578 2.1
      vertex -6.47404 -3.82058 2.1
    endloop
  endfacet
  facet normal 0 0 1
    outer loop
      vertex -5.16992 -2.73576 2.1
      vertex -6.75676 -3.35357 2.1
      vertex -6.6255 -3.59578 2.1
    endloop
  endfacet
  facet normal 0 0 1
    outer loop
      vertex 26.6821 -1.49215 2.1
      vertex 24.8831 -1.23837 2.1
      vertex 24.8879 -1.49215 2.1
    endloop
  endfacet
  facet normal 0 0 1
    outer loop
      vertex 25.1781 1.53365 2.1
      vertex 24.8689 -1.00058 2.1
      vertex 24.8831 -1.23837 2.1
    endloop
  endfacet
  facet normal 0 0 1
    outer loop
      vertex 25.1781 1.53365 2.1
      vertex 24.8451 -0.778744 2.1
      vertex 24.8689 -1.00058 2.1
    endloop
  endfacet
  facet normal 0 0 1
    outer loop
      vertex 25.1781 1.53365 2.1
      vertex 24.8119 -0.572887 2.1
      vertex 24.8451 -0.778744 2.1
    endloop
  endfacet
  facet normal 0 0 1
    outer loop
      vertex 25.1781 1.53365 2.1
      vertex 24.7692 -0.383007 2.1
      vertex 24.8119 -0.572887 2.1
    endloop
  endfacet
  facet normal 0 0 1
    outer loop
      vertex 25.1781 1.53365 2.1
      vertex 24.7169 -0.209103 2.1
      vertex 24.7692 -0.383007 2.1
    endloop
  endfacet
  facet normal 0 0 1
    outer loop
      vertex 25.1781 1.53365 2.1
      vertex 24.6552 -0.0511742 2.1
      vertex 24.7169 -0.209103 2.1
    endloop
  endfacet
  facet normal 0 0 1
    outer loop
      vertex 24.2083 0.511767 2.1
      vertex 24.9227 1.65341 2.1
      vertex 24.6484 1.75139 2.1
    endloop
  endfacet
  facet normal 0 0 1
    outer loop
      vertex 25.1781 1.53365 2.1
      vertex 24.584 0.0907927 2.1
      vertex 24.6552 -0.0511742 2.1
    endloop
  endfacet
  facet normal 0 0 1
    outer loop
      vertex 25.1781 1.53365 2.1
      vertex 24.5033 0.216769 2.1
      vertex 24.584 0.0907927 2.1
    endloop
  endfacet
  facet normal 0 0 1
    outer loop
      vertex 25.1781 1.53365 2.1
      vertex 24.4136 0.328219 2.1
      vertex 24.5033 0.216769 2.1
    endloop
  endfacet
  facet normal 0 0 1
    outer loop
      vertex 24.0928 0.58388 2.1
      vertex 24.6484 1.75139 2.1
      vertex 24.3551 1.82761 2.1
    endloop
  endfacet
  facet normal 0 0 1
    outer loop
      vertex 25.1781 1.53365 2.1
      vertex 24.3152 0.426547 2.1
      vertex 24.4136 0.328219 2.1
    endloop
  endfacet
  facet normal 0 0 1
    outer loop
      vertex 24.9227 1.65341 2.1
      vertex 24.2083 0.511767 2.1
      vertex 24.3152 0.426547 2.1
    endloop
  endfacet
  facet normal 0 0 1
    outer loop
      vertex 24.6484 1.75139 2.1
      vertex 24.0928 0.58388 2.1
      vertex 24.2083 0.511767 2.1
    endloop
  endfacet
  facet normal 0 0 1
    outer loop
      vertex 23.8361 0.688769 2.1
      vertex 24.3551 1.82761 2.1
      vertex 24.043 1.88205 2.1
    endloop
  endfacet
  facet normal 0 0 1
    outer loop
      vertex 24.3551 1.82761 2.1
      vertex 23.9687 0.642886 2.1
      vertex 24.0928 0.58388 2.1
    endloop
  endfacet
  facet normal 0 0 1
    outer loop
      vertex 24.3551 1.82761 2.1
      vertex 23.8361 0.688769 2.1
      vertex 23.9687 0.642886 2.1
    endloop
  endfacet
  facet normal 0 0 1
    outer loop
      vertex 23.6948 0.721545 2.1
      vertex 24.043 1.88205 2.1
      vertex 23.712 1.91472 2.1
    endloop
  endfacet
  facet normal 0 0 1
    outer loop
      vertex 24.043 1.88205 2.1
      vertex 23.6948 0.721545 2.1
      vertex 23.8361 0.688769 2.1
    endloop
  endfacet
  facet normal 0 0 1
    outer loop
      vertex 23.712 1.91472 2.1
      vertex 23.5449 0.741214 2.1
      vertex 23.6948 0.721545 2.1
    endloop
  endfacet
  facet normal 0 0 1
    outer loop
      vertex 23.362 1.9256 2.1
      vertex 23.5449 0.741214 2.1
      vertex 23.712 1.91472 2.1
    endloop
  endfacet
  facet normal 0 0 1
    outer loop
      vertex 23.5449 0.741214 2.1
      vertex 23.362 1.9256 2.1
      vertex 23.3865 0.747775 2.1
    endloop
  endfacet
  facet normal -0 0 1
    outer loop
      vertex 23.0194 1.91434 2.1
      vertex 23.3865 0.747775 2.1
      vertex 23.362 1.9256 2.1
    endloop
  endfacet
  facet normal 0 0 1
    outer loop
      vertex 23.3865 0.747775 2.1
      vertex 23.0194 1.91434 2.1
      vertex 23.0586 0.720126 2.1
    endloop
  endfacet
  facet normal -0 0 1
    outer loop
      vertex 22.6942 1.88054 2.1
      vertex 23.0586 0.720126 2.1
      vertex 23.0194 1.91434 2.1
    endloop
  endfacet
  facet normal 0 0 1
    outer loop
      vertex 23.0586 0.720126 2.1
      vertex 22.6942 1.88054 2.1
      vertex 22.7692 0.637164 2.1
    endloop
  endfacet
  facet normal -0 0 1
    outer loop
      vertex 22.3862 1.82422 2.1
      vertex 22.7692 0.637164 2.1
      vertex 22.6942 1.88054 2.1
    endloop
  endfacet
  facet normal -0 0 1
    outer loop
      vertex 22.0956 1.74536 2.1
      vertex 22.7692 0.637164 2.1
      vertex 22.3862 1.82422 2.1
    endloop
  endfacet
  facet normal 0 0 1
    outer loop
      vertex 22.7692 0.637164 2.1
      vertex 22.0956 1.74536 2.1
      vertex 22.5185 0.498889 2.1
    endloop
  endfacet
  facet normal -0 0 1
    outer loop
      vertex 21.8223 1.64398 2.1
      vertex 22.5185 0.498889 2.1
      vertex 22.0956 1.74536 2.1
    endloop
  endfacet
  facet normal -0 0 1
    outer loop
      vertex 21.5664 1.52008 2.1
      vertex 22.5185 0.498889 2.1
      vertex 21.8223 1.64398 2.1
    endloop
  endfacet
  facet normal 0 0 1
    outer loop
      vertex 22.5185 0.498889 2.1
      vertex 21.5664 1.52008 2.1
      vertex 22.3063 0.305316 2.1
    endloop
  endfacet
  facet normal -0 0 1
    outer loop
      vertex 21.3277 1.37364 2.1
      vertex 22.3063 0.305316 2.1
      vertex 21.5664 1.52008 2.1
    endloop
  endfacet
  facet normal -0 0 1
    outer loop
      vertex 21.1065 1.20468 2.1
      vertex 22.3063 0.305316 2.1
      vertex 21.3277 1.37364 2.1
    endloop
  endfacet
  facet normal -0 0 1
    outer loop
      vertex 20.9025 1.01319 2.1
      vertex 22.1327 0.0564451 2.1
      vertex 21.1065 1.20468 2.1
    endloop
  endfacet
  facet normal 0 0 1
    outer loop
      vertex 22.3063 0.305316 2.1
      vertex 21.1065 1.20468 2.1
      vertex 22.1327 0.0564451 2.1
    endloop
  endfacet
  facet normal -0 0 1
    outer loop
      vertex 24.8831 -1.23837 2.1
      vertex 26.6821 -1.49215 2.1
      vertex 26.6716 -1.13412 2.1
    endloop
  endfacet
  facet normal 0 0 1
    outer loop
      vertex 24.8831 -1.23837 2.1
      vertex 26.6716 -1.13412 2.1
      vertex 26.6401 -0.795162 2.1
    endloop
  endfacet
  facet normal 0 0 1
    outer loop
      vertex 26.6821 -1.49215 2.1
      vertex 24.8879 -1.49215 2.1
      vertex 26.6711 -1.84028 2.1
    endloop
  endfacet
  facet normal 0 0 1
    outer loop
      vertex 24.8831 -1.23837 2.1
      vertex 26.6401 -0.795162 2.1
      vertex 26.5875 -0.475262 2.1
    endloop
  endfacet
  facet normal 0 0 1
    outer loop
      vertex 24.8684 -1.96608 2.1
      vertex 26.6711 -1.84028 2.1
      vertex 24.8879 -1.49215 2.1
    endloop
  endfacet
  facet normal 0 0 1
    outer loop
      vertex 24.8831 -1.23837 2.1
      vertex 26.5875 -0.475262 2.1
      vertex 26.5139 -0.174435 2.1
    endloop
  endfacet
  facet normal 0 0 1
    outer loop
      vertex 26.6711 -1.84028 2.1
      vertex 24.8684 -1.96608 2.1
      vertex 26.6381 -2.17131 2.1
    endloop
  endfacet
  facet normal 0 0 1
    outer loop
      vertex 24.8831 -1.23837 2.1
      vertex 26.5139 -0.174435 2.1
      vertex 26.4193 0.107318 2.1
    endloop
  endfacet
  facet normal 0 0 1
    outer loop
      vertex 26.6381 -2.17131 2.1
      vertex 24.8684 -1.96608 2.1
      vertex 26.5831 -2.48523 2.1
    endloop
  endfacet
  facet normal 0 0 1
    outer loop
      vertex 24.8831 -1.23837 2.1
      vertex 26.4193 0.107318 2.1
      vertex 26.3037 0.370013 2.1
    endloop
  endfacet
  facet normal -0 0 1
    outer loop
      vertex 24.8098 -2.38424 2.1
      vertex 26.5831 -2.48523 2.1
      vertex 24.8684 -1.96608 2.1
    endloop
  endfacet
  facet normal 0 0 1
    outer loop
      vertex 24.8831 -1.23837 2.1
      vertex 26.3037 0.370013 2.1
      vertex 26.1671 0.613635 2.1
    endloop
  endfacet
  facet normal 0 0 1
    outer loop
      vertex 26.5831 -2.48523 2.1
      vertex 24.8098 -2.38424 2.1
      vertex 26.5061 -2.78205 2.1
    endloop
  endfacet
  facet normal 0 0 1
    outer loop
      vertex 24.8831 -1.23837 2.1
      vertex 26.1671 0.613635 2.1
      vertex 26.0094 0.838199 2.1
    endloop
  endfacet
  facet normal 0 0 1
    outer loop
      vertex 26.5061 -2.78205 2.1
      vertex 24.8098 -2.38424 2.1
      vertex 26.4071 -3.06176 2.1
    endloop
  endfacet
  facet normal 0 0 1
    outer loop
      vertex 24.8831 -1.23837 2.1
      vertex 26.0094 0.838199 2.1
      vertex 25.8307 1.04369 2.1
    endloop
  endfacet
  facet normal -0 0 1
    outer loop
      vertex 24.7122 -2.74664 2.1
      vertex 26.4071 -3.06176 2.1
      vertex 24.8098 -2.38424 2.1
    endloop
  endfacet
  facet normal 0 0 1
    outer loop
      vertex 24.8831 -1.23837 2.1
      vertex 25.8307 1.04369 2.1
      vertex 25.6321 1.22878 2.1
    endloop
  endfacet
  facet normal 0 0 1
    outer loop
      vertex 26.4071 -3.06176 2.1
      vertex 24.7122 -2.74664 2.1
      vertex 26.2861 -3.32438 2.1
    endloop
  endfacet
  facet normal 0 0 1
    outer loop
      vertex 24.8831 -1.23837 2.1
      vertex 25.6321 1.22878 2.1
      vertex 25.4145 1.39211 2.1
    endloop
  endfacet
  facet normal 0 0 1
    outer loop
      vertex 26.2861 -3.32438 2.1
      vertex 24.7122 -2.74664 2.1
      vertex 26.1431 -3.5699 2.1
    endloop
  endfacet
  facet normal 0 0 1
    outer loop
      vertex 24.8831 -1.23837 2.1
      vertex 25.4145 1.39211 2.1
      vertex 25.1781 1.53365 2.1
    endloop
  endfacet
  facet normal 0 0 1
    outer loop
      vertex 26.1431 -3.5699 2.1
      vertex 24.7122 -2.74664 2.1
      vertex 25.978 -3.79832 2.1
    endloop
  endfacet
  facet normal 0 0 1
    outer loop
      vertex 24.3152 0.426547 2.1
      vertex 25.1781 1.53365 2.1
      vertex 24.9227 1.65341 2.1
    endloop
  endfacet
  facet normal -0 0 1
    outer loop
      vertex 24.5756 -3.0533 2.1
      vertex 25.978 -3.79832 2.1
      vertex 24.7122 -2.74664 2.1
    endloop
  endfacet
  facet normal 0 0 1
    outer loop
      vertex 25.978 -3.79832 2.1
      vertex 24.5756 -3.0533 2.1
      vertex 25.791 -4.00962 2.1
    endloop
  endfacet
  facet normal 0 0 1
    outer loop
      vertex 25.791 -4.00962 2.1
      vertex 24.5756 -3.0533 2.1
      vertex 25.5846 -4.20112 2.1
    endloop
  endfacet
  facet normal -0 0 1
    outer loop
      vertex 24.4 -3.3042 2.1
      vertex 25.5846 -4.20112 2.1
      vertex 24.5756 -3.0533 2.1
    endloop
  endfacet
  facet normal 0 0 1
    outer loop
      vertex 25.5846 -4.20112 2.1
      vertex 24.4 -3.3042 2.1
      vertex 25.3613 -4.37008 2.1
    endloop
  endfacet
  facet normal 0 0 1
    outer loop
      vertex 25.3613 -4.37008 2.1
      vertex 24.4 -3.3042 2.1
      vertex 25.1211 -4.51652 2.1
    endloop
  endfacet
  facet normal -0 0 1
    outer loop
      vertex 24.1853 -3.49934 2.1
      vertex 25.1211 -4.51652 2.1
      vertex 24.4 -3.3042 2.1
    endloop
  endfacet
  facet normal 0 0 1
    outer loop
      vertex 25.1211 -4.51652 2.1
      vertex 24.1853 -3.49934 2.1
      vertex 24.864 -4.64044 2.1
    endloop
  endfacet
  facet normal 0 0 1
    outer loop
      vertex 24.864 -4.64044 2.1
      vertex 24.1853 -3.49934 2.1
      vertex 24.5901 -4.74182 2.1
    endloop
  endfacet
  facet normal -0 0 1
    outer loop
      vertex 23.9316 -3.63873 2.1
      vertex 24.5901 -4.74182 2.1
      vertex 24.1853 -3.49934 2.1
    endloop
  endfacet
  facet normal 0 0 1
    outer loop
      vertex 24.5901 -4.74182 2.1
      vertex 23.9316 -3.63873 2.1
      vertex 24.2992 -4.82064 2.1
    endloop
  endfacet
  facet normal 0 0 1
    outer loop
      vertex 24.2992 -4.82064 2.1
      vertex 23.9316 -3.63873 2.1
      vertex 23.9915 -4.87698 2.1
    endloop
  endfacet
  facet normal -0 0 1
    outer loop
      vertex 23.6389 -3.72236 2.1
      vertex 23.9915 -4.87698 2.1
      vertex 23.9316 -3.63873 2.1
    endloop
  endfacet
  facet normal 0 0 1
    outer loop
      vertex 23.9915 -4.87698 2.1
      vertex 23.6389 -3.72236 2.1
      vertex 23.6669 -4.91076 2.1
    endloop
  endfacet
  facet normal -0 0 1
    outer loop
      vertex 23.3071 -3.75024 2.1
      vertex 23.6669 -4.91076 2.1
      vertex 23.6389 -3.72236 2.1
    endloop
  endfacet
  facet normal 0 0 1
    outer loop
      vertex 23.6669 -4.91076 2.1
      vertex 23.3071 -3.75024 2.1
      vertex 23.3255 -4.92204 2.1
    endloop
  endfacet
  facet normal 0 0 1
    outer loop
      vertex 23.1513 -3.74313 2.1
      vertex 23.3255 -4.92204 2.1
      vertex 23.3071 -3.75024 2.1
    endloop
  endfacet
  facet normal 0 0 1
    outer loop
      vertex 22.9905 -4.91073 2.1
      vertex 23.1513 -3.74313 2.1
      vertex 23.0038 -3.72177 2.1
    endloop
  endfacet
  facet normal 0 0 1
    outer loop
      vertex 23.1513 -3.74313 2.1
      vertex 22.9905 -4.91073 2.1
      vertex 23.3255 -4.92204 2.1
    endloop
  endfacet
  facet normal 0 0 1
    outer loop
      vertex 22.672 -4.87683 2.1
      vertex 23.0038 -3.72177 2.1
      vertex 22.8646 -3.68617 2.1
    endloop
  endfacet
  facet normal 0 0 1
    outer loop
      vertex 22.37 -4.82031 2.1
      vertex 22.8646 -3.68617 2.1
      vertex 22.7339 -3.63633 2.1
    endloop
  endfacet
  facet normal 0 0 1
    outer loop
      vertex 23.0038 -3.72177 2.1
      vertex 22.672 -4.87683 2.1
      vertex 22.9905 -4.91073 2.1
    endloop
  endfacet
  facet normal 0 0 1
    outer loop
      vertex 22.0843 -4.74121 2.1
      vertex 22.7339 -3.63633 2.1
      vertex 22.6115 -3.57225 2.1
    endloop
  endfacet
  facet normal 0 0 1
    outer loop
      vertex 22.0843 -4.74121 2.1
      vertex 22.6115 -3.57225 2.1
      vertex 22.4974 -3.49392 2.1
    endloop
  endfacet
  facet normal 0 0 1
    outer loop
      vertex 21.8151 -4.63949 2.1
      vertex 22.4974 -3.49392 2.1
      vertex 22.3918 -3.40136 2.1
    endloop
  endfacet
  facet normal 0 0 1
    outer loop
      vertex 22.8646 -3.68617 2.1
      vertex 22.37 -4.82031 2.1
      vertex 22.672 -4.87683 2.1
    endloop
  endfacet
  facet normal 0 0 1
    outer loop
      vertex 21.3259 -4.36824 2.1
      vertex 22.3918 -3.40136 2.1
      vertex 22.2944 -3.29457 2.1
    endloop
  endfacet
  facet normal 0 0 1
    outer loop
      vertex 21.106 -4.19871 2.1
      vertex 22.2944 -3.29457 2.1
      vertex 22.2055 -3.17353 2.1
    endloop
  endfacet
  facet normal 0 0 1
    outer loop
      vertex 20.9025 -4.00657 2.1
      vertex 22.2055 -3.17353 2.1
      vertex 22.1255 -3.03885 2.1
    endloop
  endfacet
  facet normal 0 0 1
    outer loop
      vertex 22.7339 -3.63633 2.1
      vertex 22.0843 -4.74121 2.1
      vertex 22.37 -4.82031 2.1
    endloop
  endfacet
  facet normal 0 0 1
    outer loop
      vertex 20.718 -3.79469 2.1
      vertex 22.1255 -3.03885 2.1
      vertex 22.0548 -2.89114 2.1
    endloop
  endfacet
  facet normal 0 0 1
    outer loop
      vertex 20.5553 -3.56593 2.1
      vertex 22.0548 -2.89114 2.1
      vertex 21.9936 -2.73039 2.1
    endloop
  endfacet
  facet normal 0 0 1
    outer loop
      vertex 20.4142 -3.32031 2.1
      vertex 21.9936 -2.73039 2.1
      vertex 21.9418 -2.55661 2.1
    endloop
  endfacet
  facet normal 0 0 1
    outer loop
      vertex 20.2949 -3.0578 2.1
      vertex 21.9418 -2.55661 2.1
      vertex 21.8994 -2.36978 2.1
    endloop
  endfacet
  facet normal 0 0 1
    outer loop
      vertex 20.1973 -2.77842 2.1
      vertex 21.8994 -2.36978 2.1
      vertex 21.8665 -2.16993 2.1
    endloop
  endfacet
  facet normal -0 0 1
    outer loop
      vertex 20.067 -2.16903 2.1
      vertex 21.8665 -2.16993 2.1
      vertex 21.8429 -1.95704 2.1
    endloop
  endfacet
  facet normal 0 0 1
    outer loop
      vertex 22.4974 -3.49392 2.1
      vertex 21.8151 -4.63949 2.1
      vertex 22.0843 -4.74121 2.1
    endloop
  endfacet
  facet normal -0 0 1
    outer loop
      vertex 20.0345 -1.83903 2.1
      vertex 21.8429 -1.95704 2.1
      vertex 21.8288 -1.73111 2.1
    endloop
  endfacet
  facet normal 0 0 1
    outer loop
      vertex 20.0345 -1.83903 2.1
      vertex 21.8288 -1.73111 2.1
      vertex 21.8241 -1.49215 2.1
    endloop
  endfacet
  facet normal -0 0 1
    outer loop
      vertex 20.718 0.80202 2.1
      vertex 22.1327 0.0564451 2.1
      vertex 20.9025 1.01319 2.1
    endloop
  endfacet
  facet normal 0 0 1
    outer loop
      vertex 22.1327 0.0564451 2.1
      vertex 20.718 0.80202 2.1
      vertex 21.9977 -0.247753 2.1
    endloop
  endfacet
  facet normal 0 -0 1
    outer loop
      vertex 20.0345 -1.83903 2.1
      vertex 21.8241 -1.49215 2.1
      vertex 20.0236 -1.49215 2.1
    endloop
  endfacet
  facet normal -0 0 1
    outer loop
      vertex 20.5553 0.574054 2.1
      vertex 21.9977 -0.247753 2.1
      vertex 20.718 0.80202 2.1
    endloop
  endfacet
  facet normal 0 0 1
    outer loop
      vertex 21.8429 -1.95704 2.1
      vertex 20.0345 -1.83903 2.1
      vertex 20.067 -2.16903 2.1
    endloop
  endfacet
  facet normal -0 0 1
    outer loop
      vertex 20.4142 0.329288 2.1
      vertex 21.9977 -0.247753 2.1
      vertex 20.5553 0.574054 2.1
    endloop
  endfacet
  facet normal 0 0 1
    outer loop
      vertex 21.8665 -2.16993 2.1
      vertex 20.067 -2.16903 2.1
      vertex 20.1213 -2.48217 2.1
    endloop
  endfacet
  facet normal -0 0 1
    outer loop
      vertex 20.2949 0.0677214 2.1
      vertex 21.9977 -0.247753 2.1
      vertex 20.4142 0.329288 2.1
    endloop
  endfacet
  facet normal 0 0 1
    outer loop
      vertex 22.3918 -3.40136 2.1
      vertex 21.5623 -4.51516 2.1
      vertex 21.8151 -4.63949 2.1
    endloop
  endfacet
  facet normal 0 0 1
    outer loop
      vertex 21.9977 -0.247753 2.1
      vertex 20.2949 0.0677214 2.1
      vertex 21.9012 -0.607235 2.1
    endloop
  endfacet
  facet normal 0 0 1
    outer loop
      vertex 22.3918 -3.40136 2.1
      vertex 21.3259 -4.36824 2.1
      vertex 21.5623 -4.51516 2.1
    endloop
  endfacet
  facet normal -0 0 1
    outer loop
      vertex 20.1973 -0.210644 2.1
      vertex 21.9012 -0.607235 2.1
      vertex 20.2949 0.0677214 2.1
    endloop
  endfacet
  facet normal 0 0 1
    outer loop
      vertex 22.2944 -3.29457 2.1
      vertex 21.106 -4.19871 2.1
      vertex 21.3259 -4.36824 2.1
    endloop
  endfacet
  facet normal -0 0 1
    outer loop
      vertex 20.1213 -0.50581 2.1
      vertex 21.9012 -0.607235 2.1
      vertex 20.1973 -0.210644 2.1
    endloop
  endfacet
  facet normal 0 0 1
    outer loop
      vertex 21.8241 -1.49215 2.1
      vertex 20.0345 -1.14657 2.1
      vertex 20.0236 -1.49215 2.1
    endloop
  endfacet
  facet normal 0 0 1
    outer loop
      vertex 21.9012 -0.607235 2.1
      vertex 20.1213 -0.50581 2.1
      vertex 21.8434 -1.02205 2.1
    endloop
  endfacet
  facet normal 0 0 1
    outer loop
      vertex 22.2055 -3.17353 2.1
      vertex 20.9025 -4.00657 2.1
      vertex 21.106 -4.19871 2.1
    endloop
  endfacet
  facet normal -0 0 1
    outer loop
      vertex 20.067 -0.817791 2.1
      vertex 21.8434 -1.02205 2.1
      vertex 20.1213 -0.50581 2.1
    endloop
  endfacet
  facet normal 0 0 1
    outer loop
      vertex 22.1255 -3.03885 2.1
      vertex 20.718 -3.79469 2.1
      vertex 20.9025 -4.00657 2.1
    endloop
  endfacet
  facet normal 0 0 1
    outer loop
      vertex 20.0345 -1.14657 2.1
      vertex 21.8434 -1.02205 2.1
      vertex 20.067 -0.817791 2.1
    endloop
  endfacet
  facet normal 0 0 1
    outer loop
      vertex 21.8434 -1.02205 2.1
      vertex 20.0345 -1.14657 2.1
      vertex 21.8241 -1.49215 2.1
    endloop
  endfacet
  facet normal 0 0 1
    outer loop
      vertex 22.0548 -2.89114 2.1
      vertex 20.5553 -3.56593 2.1
      vertex 20.718 -3.79469 2.1
    endloop
  endfacet
  facet normal 0 0 1
    outer loop
      vertex 21.8665 -2.16993 2.1
      vertex 20.1213 -2.48217 2.1
      vertex 20.1973 -2.77842 2.1
    endloop
  endfacet
  facet normal 0 0 1
    outer loop
      vertex 21.9418 -2.55661 2.1
      vertex 20.2949 -3.0578 2.1
      vertex 20.4142 -3.32031 2.1
    endloop
  endfacet
  facet normal 0 0 1
    outer loop
      vertex 21.8994 -2.36978 2.1
      vertex 20.1973 -2.77842 2.1
      vertex 20.2949 -3.0578 2.1
    endloop
  endfacet
  facet normal 0 0 1
    outer loop
      vertex 21.9936 -2.73039 2.1
      vertex 20.4142 -3.32031 2.1
      vertex 20.5553 -3.56593 2.1
    endloop
  endfacet
  facet normal 0 0 1
    outer loop
      vertex 5.55644 -0.335339 2.1
      vertex 4.03027 -0.580883 2.1
      vertex 4.04468 -0.753613 2.1
    endloop
  endfacet
  facet normal 0 0 1
    outer loop
      vertex 4.37898 1.50652 2.1
      vertex 4.0088 -0.418026 2.1
      vertex 4.03027 -0.580883 2.1
    endloop
  endfacet
  facet normal 0 0 1
    outer loop
      vertex 4.37898 1.50652 2.1
      vertex 3.98022 -0.265041 2.1
      vertex 4.0088 -0.418026 2.1
    endloop
  endfacet
  facet normal 0 0 1
    outer loop
      vertex 4.37898 1.50652 2.1
      vertex 3.94458 -0.121914 2.1
      vertex 3.98022 -0.265041 2.1
    endloop
  endfacet
  facet normal 0 0 1
    outer loop
      vertex 3.4106 0.667743 2.1
      vertex 4.15414 1.63457 2.1
      vertex 3.91272 1.73934 2.1
    endloop
  endfacet
  facet normal 0 0 1
    outer loop
      vertex 4.37898 1.50652 2.1
      vertex 3.90186 0.0113249 2.1
      vertex 3.94458 -0.121914 2.1
    endloop
  endfacet
  facet normal 0 0 1
    outer loop
      vertex 4.37898 1.50652 2.1
      vertex 3.85204 0.134707 2.1
      vertex 3.90186 0.0113249 2.1
    endloop
  endfacet
  facet normal 0 0 1
    outer loop
      vertex 4.37898 1.50652 2.1
      vertex 3.79515 0.248218 2.1
      vertex 3.85204 0.134707 2.1
    endloop
  endfacet
  facet normal 0 0 1
    outer loop
      vertex 4.37898 1.50652 2.1
      vertex 3.73117 0.351871 2.1
      vertex 3.79515 0.248218 2.1
    endloop
  endfacet
  facet normal 0 0 1
    outer loop
      vertex 4.37898 1.50652 2.1
      vertex 3.66011 0.445636 2.1
      vertex 3.73117 0.351871 2.1
    endloop
  endfacet
  facet normal 0 0 1
    outer loop
      vertex 3.31596 0.722034 2.1
      vertex 3.91272 1.73934 2.1
      vertex 3.65472 1.82083 2.1
    endloop
  endfacet
  facet normal 0 0 1
    outer loop
      vertex 4.37898 1.50652 2.1
      vertex 3.58267 0.529544 2.1
      vertex 3.66011 0.445636 2.1
    endloop
  endfacet
  facet normal 0 0 1
    outer loop
      vertex 4.15414 1.63457 2.1
      vertex 3.4995 0.60358 2.1
      vertex 3.58267 0.529544 2.1
    endloop
  endfacet
  facet normal 0 0 1
    outer loop
      vertex 4.15414 1.63457 2.1
      vertex 3.4106 0.667743 2.1
      vertex 3.4995 0.60358 2.1
    endloop
  endfacet
  facet normal 0 0 1
    outer loop
      vertex 3.21561 0.766452 2.1
      vertex 3.65472 1.82083 2.1
      vertex 3.38014 1.87903 2.1
    endloop
  endfacet
  facet normal 0 0 1
    outer loop
      vertex 3.91272 1.73934 2.1
      vertex 3.31596 0.722034 2.1
      vertex 3.4106 0.667743 2.1
    endloop
  endfacet
  facet normal 0 0 1
    outer loop
      vertex 3.65472 1.82083 2.1
      vertex 3.21561 0.766452 2.1
      vertex 3.31596 0.722034 2.1
    endloop
  endfacet
  facet normal 0 0 1
    outer loop
      vertex 3.38014 1.87903 2.1
      vertex 3.10951 0.800998 2.1
      vertex 3.21561 0.766452 2.1
    endloop
  endfacet
  facet normal 0 0 1
    outer loop
      vertex 3.08899 1.91396 2.1
      vertex 3.10951 0.800998 2.1
      vertex 3.38014 1.87903 2.1
    endloop
  endfacet
  facet normal 0 0 1
    outer loop
      vertex 3.08899 1.91396 2.1
      vertex 2.9977 0.825686 2.1
      vertex 3.10951 0.800998 2.1
    endloop
  endfacet
  facet normal 0 0 1
    outer loop
      vertex 3.08899 1.91396 2.1
      vertex 2.88014 0.840487 2.1
      vertex 2.9977 0.825686 2.1
    endloop
  endfacet
  facet normal 0 0 1
    outer loop
      vertex 2.78127 1.9256 2.1
      vertex 2.88014 0.840487 2.1
      vertex 3.08899 1.91396 2.1
    endloop
  endfacet
  facet normal 0 0 1
    outer loop
      vertex 2.78127 1.9256 2.1
      vertex 2.75687 0.845416 2.1
      vertex 2.88014 0.840487 2.1
    endloop
  endfacet
  facet normal 0 0 1
    outer loop
      vertex 2.78127 1.9256 2.1
      vertex 2.62604 0.840228 2.1
      vertex 2.75687 0.845416 2.1
    endloop
  endfacet
  facet normal -0 0 1
    outer loop
      vertex 2.45871 1.91475 2.1
      vertex 2.62604 0.840228 2.1
      vertex 2.78127 1.9256 2.1
    endloop
  endfacet
  facet normal 0 0 1
    outer loop
      vertex 2.62604 0.840228 2.1
      vertex 2.45871 1.91475 2.1
      vertex 2.50206 0.824618 2.1
    endloop
  endfacet
  facet normal -0 0 1
    outer loop
      vertex 2.15288 1.88221 2.1
      vertex 2.50206 0.824618 2.1
      vertex 2.45871 1.91475 2.1
    endloop
  endfacet
  facet normal 0 0 1
    outer loop
      vertex 2.50206 0.824618 2.1
      vertex 2.15288 1.88221 2.1
      vertex 2.38495 0.798617 2.1
    endloop
  endfacet
  facet normal 0 0 1
    outer loop
      vertex 2.38495 0.798617 2.1
      vertex 2.15288 1.88221 2.1
      vertex 2.27467 0.762225 2.1
    endloop
  endfacet
  facet normal -0 0 1
    outer loop
      vertex 1.86377 1.82794 2.1
      vertex 2.27467 0.762225 2.1
      vertex 2.15288 1.88221 2.1
    endloop
  endfacet
  facet normal 0 0 1
    outer loop
      vertex 2.27467 0.762225 2.1
      vertex 1.86377 1.82794 2.1
      vertex 2.17126 0.715426 2.1
    endloop
  endfacet
  facet normal -0 0 1
    outer loop
      vertex 1.5914 1.752 2.1
      vertex 2.17126 0.715426 2.1
      vertex 1.86377 1.82794 2.1
    endloop
  endfacet
  facet normal 0 0 1
    outer loop
      vertex 2.17126 0.715426 2.1
      vertex 1.5914 1.752 2.1
      vertex 2.07471 0.658221 2.1
    endloop
  endfacet
  facet normal -0 0 1
    outer loop
      vertex 1.33574 1.65435 2.1
      vertex 2.07471 0.658221 2.1
      vertex 1.5914 1.752 2.1
    endloop
  endfacet
  facet normal 0 0 1
    outer loop
      vertex 2.07471 0.658221 2.1
      vertex 1.33574 1.65435 2.1
      vertex 1.98502 0.590625 2.1
    endloop
  endfacet
  facet normal 0 0 1
    outer loop
      vertex 1.98502 0.590625 2.1
      vertex 1.33574 1.65435 2.1
      vertex 1.90218 0.512622 2.1
    endloop
  endfacet
  facet normal -0 0 1
    outer loop
      vertex 1.09682 1.53501 2.1
      vertex 1.90218 0.512622 2.1
      vertex 1.33574 1.65435 2.1
    endloop
  endfacet
  facet normal 0 0 1
    outer loop
      vertex 1.90218 0.512622 2.1
      vertex 1.09682 1.53501 2.1
      vertex 1.82619 0.424228 2.1
    endloop
  endfacet
  facet normal -0 0 1
    outer loop
      vertex 0.874619 1.39395 2.1
      vertex 1.82619 0.424228 2.1
      vertex 1.09682 1.53501 2.1
    endloop
  endfacet
  facet normal 0 0 1
    outer loop
      vertex 1.82619 0.424228 2.1
      vertex 0.874619 1.39395 2.1
      vertex 1.75743 0.326495 2.1
    endloop
  endfacet
  facet normal -0 0 1
    outer loop
      vertex 0.669159 1.2312 2.1
      vertex 1.75743 0.326495 2.1
      vertex 0.874619 1.39395 2.1
    endloop
  endfacet
  facet normal 0 0 1
    outer loop
      vertex 1.75743 0.326495 2.1
      vertex 0.669159 1.2312 2.1
      vertex 1.69627 0.220492 2.1
    endloop
  endfacet
  facet normal -0 0 1
    outer loop
      vertex 0.480408 1.04676 2.1
      vertex 1.69627 0.220492 2.1
      vertex 0.669159 1.2312 2.1
    endloop
  endfacet
  facet normal 0 0 1
    outer loop
      vertex 1.69627 0.220492 2.1
      vertex 0.480408 1.04676 2.1
      vertex 1.64275 0.106189 2.1
    endloop
  endfacet
  facet normal -0 0 1
    outer loop
      vertex 0.310059 0.842105 2.1
      vertex 1.64275 0.106189 2.1
      vertex 0.480408 1.04676 2.1
    endloop
  endfacet
  facet normal -0 0 1
    outer loop
      vertex 0.159729 0.618777 2.1
      vertex 1.59682 -0.0163841 2.1
      vertex 0.310059 0.842105 2.1
    endloop
  endfacet
  facet normal 0 0 1
    outer loop
      vertex 1.64275 0.106189 2.1
      vertex 0.310059 0.842105 2.1
      vertex 1.59682 -0.0163841 2.1
    endloop
  endfacet
  facet normal 0 0 1
    outer loop
      vertex 4.04468 -0.753613 2.1
      vertex 5.70473 -1.77897 2.1
      vertex 5.69547 -1.38563 2.1
    endloop
  endfacet
  facet normal 0 0 1
    outer loop
      vertex 4.04468 -0.753613 2.1
      vertex 5.69547 -1.38563 2.1
      vertex 5.66766 -1.01391 2.1
    endloop
  endfacet
  facet normal -0 0 1
    outer loop
      vertex 4.04468 -0.753613 2.1
      vertex 5.66766 -1.01391 2.1
      vertex 5.62132 -0.663799 2.1
    endloop
  endfacet
  facet normal 0 0 1
    outer loop
      vertex 4.04468 -0.753613 2.1
      vertex 5.62132 -0.663799 2.1
      vertex 5.55644 -0.335339 2.1
    endloop
  endfacet
  facet normal 0 0 1
    outer loop
      vertex 4.03027 -0.580883 2.1
      vertex 5.55644 -0.335339 2.1
      vertex 5.47304 -0.0284843 2.1
    endloop
  endfacet
  facet normal 0 0 1
    outer loop
      vertex 4.03027 -0.580883 2.1
      vertex 5.47304 -0.0284843 2.1
      vertex 5.37109 0.256747 2.1
    endloop
  endfacet
  facet normal 0 0 1
    outer loop
      vertex 4.03027 -0.580883 2.1
      vertex 5.37109 0.256747 2.1
      vertex 5.25061 0.520343 2.1
    endloop
  endfacet
  facet normal 0 0 1
    outer loop
      vertex 4.03027 -0.580883 2.1
      vertex 5.25061 0.520343 2.1
      vertex 5.11159 0.762317 2.1
    endloop
  endfacet
  facet normal 0 0 1
    outer loop
      vertex 4.03027 -0.580883 2.1
      vertex 5.11159 0.762317 2.1
      vertex 4.95404 0.982669 2.1
    endloop
  endfacet
  facet normal 0 0 1
    outer loop
      vertex 4.03027 -0.580883 2.1
      vertex 4.95404 0.982669 2.1
      vertex 4.77893 1.18058 2.1
    endloop
  endfacet
  facet normal 0 0 1
    outer loop
      vertex 4.03027 -0.580883 2.1
      vertex 4.77893 1.18058 2.1
      vertex 4.58725 1.35518 2.1
    endloop
  endfacet
  facet normal 0 0 1
    outer loop
      vertex 4.03027 -0.580883 2.1
      vertex 4.58725 1.35518 2.1
      vertex 4.37898 1.50652 2.1
    endloop
  endfacet
  facet normal 0 0 1
    outer loop
      vertex 3.58267 0.529544 2.1
      vertex 4.37898 1.50652 2.1
      vertex 4.15414 1.63457 2.1
    endloop
  endfacet
  facet normal 0 0 1
    outer loop
      vertex 5.70473 -1.77897 2.1
      vertex 4.04468 -0.753613 2.1
      vertex 5.70473 -1.82775 2.1
    endloop
  endfacet
  facet normal 0 0 1
    outer loop
      vertex 1.46915 -1.82775 2.1
      vertex 4.04468 -0.753613 2.1
      vertex 1.48131 -0.753613 2.1
    endloop
  endfacet
  facet normal 0 0 1
    outer loop
      vertex 4.04468 -0.753613 2.1
      vertex 1.46915 -1.82775 2.1
      vertex 5.70473 -1.82775 2.1
    endloop
  endfacet
  facet normal 0 0 1
    outer loop
      vertex 3.98969 -2.98741 2.1
      vertex 5.43324 -3.5043 2.1
      vertex 5.60709 -3.12771 2.1
    endloop
  endfacet
  facet normal 0 0 1
    outer loop
      vertex 5.43324 -3.5043 2.1
      vertex 3.98969 -2.98741 2.1
      vertex 5.22369 -3.83659 2.1
    endloop
  endfacet
  facet normal -0 0 1
    outer loop
      vertex 3.92853 -3.15263 2.1
      vertex 5.22369 -3.83659 2.1
      vertex 3.98969 -2.98741 2.1
    endloop
  endfacet
  facet normal -0 0 1
    outer loop
      vertex 3.85077 -3.29841 2.1
      vertex 4.97842 -4.12457 2.1
      vertex 3.92853 -3.15263 2.1
    endloop
  endfacet
  facet normal 0 0 1
    outer loop
      vertex 4.97842 -4.12457 2.1
      vertex 3.85077 -3.29841 2.1
      vertex 4.69745 -4.36824 2.1
    endloop
  endfacet
  facet normal 0 0 1
    outer loop
      vertex 5.22369 -3.83659 2.1
      vertex 3.92853 -3.15263 2.1
      vertex 4.97842 -4.12457 2.1
    endloop
  endfacet
  facet normal -0 0 1
    outer loop
      vertex 3.75645 -3.42476 2.1
      vertex 4.69745 -4.36824 2.1
      vertex 3.85077 -3.29841 2.1
    endloop
  endfacet
  facet normal 0 0 1
    outer loop
      vertex 4.69745 -4.36824 2.1
      vertex 3.75645 -3.42476 2.1
      vertex 4.38077 -4.56761 2.1
    endloop
  endfacet
  facet normal -0 0 1
    outer loop
      vertex 3.64555 -3.53166 2.1
      vertex 4.38077 -4.56761 2.1
      vertex 3.75645 -3.42476 2.1
    endloop
  endfacet
  facet normal 0 0 1
    outer loop
      vertex 4.38077 -4.56761 2.1
      vertex 3.64555 -3.53166 2.1
      vertex 4.02837 -4.72268 2.1
    endloop
  endfacet
  facet normal -0 0 1
    outer loop
      vertex 3.51807 -3.61914 2.1
      vertex 4.02837 -4.72268 2.1
      vertex 3.64555 -3.53166 2.1
    endloop
  endfacet
  facet normal -0 0 1
    outer loop
      vertex 3.37401 -3.68716 2.1
      vertex 4.02837 -4.72268 2.1
      vertex 3.51807 -3.61914 2.1
    endloop
  endfacet
  facet normal 0 0 1
    outer loop
      vertex 4.02837 -4.72268 2.1
      vertex 3.37401 -3.68716 2.1
      vertex 3.64024 -4.83342 2.1
    endloop
  endfacet
  facet normal -0 0 1
    outer loop
      vertex 3.21338 -3.73576 2.1
      vertex 3.64024 -4.83342 2.1
      vertex 3.37401 -3.68716 2.1
    endloop
  endfacet
  facet normal 0 0 1
    outer loop
      vertex 3.64024 -4.83342 2.1
      vertex 3.21338 -3.73576 2.1
      vertex 3.21642 -4.89988 2.1
    endloop
  endfacet
  facet normal -0 0 1
    outer loop
      vertex 3.03616 -3.76492 2.1
      vertex 3.21642 -4.89988 2.1
      vertex 3.21338 -3.73576 2.1
    endloop
  endfacet
  facet normal -0 0 1
    outer loop
      vertex 2.84238 -3.77464 2.1
      vertex 3.21642 -4.89988 2.1
      vertex 3.03616 -3.76492 2.1
    endloop
  endfacet
  facet normal 0 0 1
    outer loop
      vertex 2.84238 -3.77464 2.1
      vertex 2.75687 -4.92204 2.1
      vertex 3.21642 -4.89988 2.1
    endloop
  endfacet
  facet normal 0 0 1
    outer loop
      vertex 2.69962 -3.76857 2.1
      vertex 2.75687 -4.92204 2.1
      vertex 2.84238 -3.77464 2.1
    endloop
  endfacet
  facet normal 0 0 1
    outer loop
      vertex 2.43446 -4.91114 2.1
      vertex 2.69962 -3.76857 2.1
      vertex 2.56433 -3.75038 2.1
    endloop
  endfacet
  facet normal 0 0 1
    outer loop
      vertex 2.43446 -4.91114 2.1
      vertex 2.56433 -3.75038 2.1
      vertex 2.43651 -3.72006 2.1
    endloop
  endfacet
  facet normal 0 0 1
    outer loop
      vertex 2.69962 -3.76857 2.1
      vertex 2.43446 -4.91114 2.1
      vertex 2.75687 -4.92204 2.1
    endloop
  endfacet
  facet normal 0 0 1
    outer loop
      vertex 2.12909 -4.87848 2.1
      vertex 2.43651 -3.72006 2.1
      vertex 2.31613 -3.67761 2.1
    endloop
  endfacet
  facet normal 0 0 1
    outer loop
      vertex 1.84073 -4.82405 2.1
      vertex 2.31613 -3.67761 2.1
      vertex 2.20322 -3.62303 2.1
    endloop
  endfacet
  facet normal 0 0 1
    outer loop
      vertex 2.43651 -3.72006 2.1
      vertex 2.12909 -4.87848 2.1
      vertex 2.43446 -4.91114 2.1
    endloop
  endfacet
  facet normal 0 0 1
    outer loop
      vertex 1.56941 -4.74784 2.1
      vertex 2.20322 -3.62303 2.1
      vertex 2.09778 -3.55632 2.1
    endloop
  endfacet
  facet normal 0 0 1
    outer loop
      vertex 1.31511 -4.64985 2.1
      vertex 2.09778 -3.55632 2.1
      vertex 1.99979 -3.47747 2.1
    endloop
  endfacet
  facet normal 0 0 1
    outer loop
      vertex 1.07784 -4.53009 2.1
      vertex 1.99979 -3.47747 2.1
      vertex 1.90926 -3.38652 2.1
    endloop
  endfacet
  facet normal 0 0 1
    outer loop
      vertex 2.31613 -3.67761 2.1
      vertex 1.84073 -4.82405 2.1
      vertex 2.12909 -4.87848 2.1
    endloop
  endfacet
  facet normal 0 0 1
    outer loop
      vertex 0.85759 -4.38855 2.1
      vertex 1.90926 -3.38652 2.1
      vertex 1.82619 -3.28341 2.1
    endloop
  endfacet
  facet normal 0 0 1
    outer loop
      vertex 0.654358 -4.22523 2.1
      vertex 1.82619 -3.28341 2.1
      vertex 1.75125 -3.16839 2.1
    endloop
  endfacet
  facet normal 0 0 1
    outer loop
      vertex 0.46817 -4.04014 2.1
      vertex 1.75125 -3.16839 2.1
      vertex 1.68513 -3.0417 2.1
    endloop
  endfacet
  facet normal 0 0 1
    outer loop
      vertex 0.300385 -3.83418 2.1
      vertex 1.68513 -3.0417 2.1
      vertex 1.62784 -2.90332 2.1
    endloop
  endfacet
  facet normal 0 0 1
    outer loop
      vertex 0.0240173 -3.36235 2.1
      vertex 1.62784 -2.90332 2.1
      vertex 1.57935 -2.75326 2.1
    endloop
  endfacet
  facet normal 0 0 1
    outer loop
      vertex 2.20322 -3.62303 2.1
      vertex 1.56941 -4.74784 2.1
      vertex 1.84073 -4.82405 2.1
    endloop
  endfacet
  facet normal 0 0 1
    outer loop
      vertex -0.084549 -3.09648 2.1
      vertex 1.57935 -2.75326 2.1
      vertex 1.53967 -2.59152 2.1
    endloop
  endfacet
  facet normal 0 0 1
    outer loop
      vertex -0.173386 -2.81065 2.1
      vertex 1.53967 -2.59152 2.1
      vertex 1.50882 -2.4181 2.1
    endloop
  endfacet
  facet normal 0 0 1
    outer loop
      vertex -0.242462 -2.50486 2.1
      vertex 1.50882 -2.4181 2.1
      vertex 1.48679 -2.233 2.1
    endloop
  endfacet
  facet normal -0 0 1
    outer loop
      vertex -0.291824 -2.17909 2.1
      vertex 1.48679 -2.233 2.1
      vertex 1.47356 -2.03622 2.1
    endloop
  endfacet
  facet normal 0 0 1
    outer loop
      vertex 1.59682 -0.0163841 2.1
      vertex 0.159729 0.618777 2.1
      vertex 1.55849 -0.147259 2.1
    endloop
  endfacet
  facet normal -0 0 1
    outer loop
      vertex 0.0294647 0.376773 2.1
      vertex 1.55849 -0.147259 2.1
      vertex 0.159729 0.618777 2.1
    endloop
  endfacet
  facet normal 0 -0 1
    outer loop
      vertex -0.291824 -2.17909 2.1
      vertex 1.46915 -1.82775 2.1
      vertex -0.321426 -1.83337 2.1
    endloop
  endfacet
  facet normal 0 0 1
    outer loop
      vertex 1.55849 -0.147259 2.1
      vertex 0.0294647 0.376773 2.1
      vertex 1.52779 -0.286419 2.1
    endloop
  endfacet
  facet normal 0 0 1
    outer loop
      vertex 1.46915 -1.82775 2.1
      vertex -0.291824 -2.17909 2.1
      vertex 1.47356 -2.03622 2.1
    endloop
  endfacet
  facet normal -0 0 1
    outer loop
      vertex -0.0807648 0.116076 2.1
      vertex 1.52779 -0.286419 2.1
      vertex 0.0294647 0.376773 2.1
    endloop
  endfacet
  facet normal 0 0 1
    outer loop
      vertex 1.48679 -2.233 2.1
      vertex -0.291824 -2.17909 2.1
      vertex -0.242462 -2.50486 2.1
    endloop
  endfacet
  facet normal 0 0 1
    outer loop
      vertex 1.52779 -0.286419 2.1
      vertex -0.0807648 0.116076 2.1
      vertex 1.50468 -0.433865 2.1
    endloop
  endfacet
  facet normal 0 0 1
    outer loop
      vertex 1.50882 -2.4181 2.1
      vertex -0.242462 -2.50486 2.1
      vertex -0.173386 -2.81065 2.1
    endloop
  endfacet
  facet normal -0 0 1
    outer loop
      vertex -0.170959 -0.163296 2.1
      vertex 1.50468 -0.433865 2.1
      vertex -0.0807648 0.116076 2.1
    endloop
  endfacet
  facet normal 0 0 1
    outer loop
      vertex 1.53967 -2.59152 2.1
      vertex -0.173386 -2.81065 2.1
      vertex -0.084549 -3.09648 2.1
    endloop
  endfacet
  facet normal 0 0 1
    outer loop
      vertex 1.50468 -0.433865 2.1
      vertex -0.170959 -0.163296 2.1
      vertex 1.48918 -0.589596 2.1
    endloop
  endfacet
  facet normal 0 0 1
    outer loop
      vertex 1.57935 -2.75326 2.1
      vertex -0.084549 -3.09648 2.1
      vertex 0.0240173 -3.36235 2.1
    endloop
  endfacet
  facet normal -0 0 1
    outer loop
      vertex -0.241104 -0.461361 2.1
      vertex 1.48918 -0.589596 2.1
      vertex -0.170959 -0.163296 2.1
    endloop
  endfacet
  facet normal 0 0 1
    outer loop
      vertex 2.09778 -3.55632 2.1
      vertex 1.31511 -4.64985 2.1
      vertex 1.56941 -4.74784 2.1
    endloop
  endfacet
  facet normal 0 0 1
    outer loop
      vertex 1.48918 -0.589596 2.1
      vertex -0.241104 -0.461361 2.1
      vertex 1.48131 -0.753613 2.1
    endloop
  endfacet
  facet normal 0 0 1
    outer loop
      vertex 1.99979 -3.47747 2.1
      vertex 1.07784 -4.53009 2.1
      vertex 1.31511 -4.64985 2.1
    endloop
  endfacet
  facet normal 0 0 1
    outer loop
      vertex -0.291214 -0.778118 2.1
      vertex 1.48131 -0.753613 2.1
      vertex -0.241104 -0.461361 2.1
    endloop
  endfacet
  facet normal 0 0 1
    outer loop
      vertex 1.90926 -3.38652 2.1
      vertex 0.85759 -4.38855 2.1
      vertex 1.07784 -4.53009 2.1
    endloop
  endfacet
  facet normal 0 0 1
    outer loop
      vertex -0.321274 -1.11355 2.1
      vertex 1.48131 -0.753613 2.1
      vertex -0.291214 -0.778118 2.1
    endloop
  endfacet
  facet normal 0 0 1
    outer loop
      vertex 1.48131 -0.753613 2.1
      vertex -0.321274 -1.11355 2.1
      vertex 1.46915 -1.82775 2.1
    endloop
  endfacet
  facet normal -0 0 1
    outer loop
      vertex -0.331299 -1.46766 2.1
      vertex 1.46915 -1.82775 2.1
      vertex -0.321274 -1.11355 2.1
    endloop
  endfacet
  facet normal 0 0 1
    outer loop
      vertex 1.62784 -2.90332 2.1
      vertex 0.152328 -3.60824 2.1
      vertex 0.300385 -3.83418 2.1
    endloop
  endfacet
  facet normal 0 -0 1
    outer loop
      vertex -0.321426 -1.83337 2.1
      vertex 1.46915 -1.82775 2.1
      vertex -0.331299 -1.46766 2.1
    endloop
  endfacet
  facet normal 0 0 1
    outer loop
      vertex 1.62784 -2.90332 2.1
      vertex 0.0240173 -3.36235 2.1
      vertex 0.152328 -3.60824 2.1
    endloop
  endfacet
  facet normal 0 0 1
    outer loop
      vertex 1.82619 -3.28341 2.1
      vertex 0.654358 -4.22523 2.1
      vertex 0.85759 -4.38855 2.1
    endloop
  endfacet
  facet normal 0 0 1
    outer loop
      vertex 1.68513 -3.0417 2.1
      vertex 0.300385 -3.83418 2.1
      vertex 0.46817 -4.04014 2.1
    endloop
  endfacet
  facet normal 0 0 1
    outer loop
      vertex 1.75125 -3.16839 2.1
      vertex 0.46817 -4.04014 2.1
      vertex 0.654358 -4.22523 2.1
    endloop
  endfacet
  facet normal 0 1 -0
    outer loop
      vertex -8.36346 3.79932 1.2
      vertex -10.1639 3.79932 2.1
      vertex -8.36346 3.79932 2.1
    endloop
  endfacet
  facet normal 0 1 0
    outer loop
      vertex -10.1639 3.79932 2.1
      vertex -8.36346 3.79932 1.2
      vertex -10.1639 3.79932 1.2
    endloop
  endfacet
  facet normal -1 0 0
    outer loop
      vertex -10.1639 -4.8 1.2
      vertex -10.1639 3.79932 2.1
      vertex -10.1639 3.79932 1.2
    endloop
  endfacet
  facet normal -1 -0 0
    outer loop
      vertex -10.1639 3.79932 2.1
      vertex -10.1639 -4.8 1.2
      vertex -10.1639 -4.8 2.1
    endloop
  endfacet
  facet normal 0 -1 0
    outer loop
      vertex -10.1639 -4.8 1.2
      vertex -8.36346 -4.8 2.1
      vertex -10.1639 -4.8 2.1
    endloop
  endfacet
  facet normal 0 -1 -0
    outer loop
      vertex -8.36346 -4.8 2.1
      vertex -10.1639 -4.8 1.2
      vertex -8.36346 -4.8 1.2
    endloop
  endfacet
  facet normal 1 -0 0
    outer loop
      vertex -8.36346 -4.8 2.1
      vertex -8.36346 3.79932 1.2
      vertex -8.36346 3.79932 2.1
    endloop
  endfacet
  facet normal 1 0 0
    outer loop
      vertex -8.36346 3.79932 1.2
      vertex -8.36346 -4.8 2.1
      vertex -8.36346 -4.8 1.2
    endloop
  endfacet
  facet normal 0.0735206 -0.997294 0
    outer loop
      vertex 10.5548 -4.79353 1.2
      vertex 10.8185 -4.77409 2.1
      vertex 10.5548 -4.79353 2.1
    endloop
  endfacet
  facet normal 0.0735206 -0.997294 0
    outer loop
      vertex 10.8185 -4.77409 2.1
      vertex 10.5548 -4.79353 1.2
      vertex 10.8185 -4.77409 1.2
    endloop
  endfacet
  facet normal 0.125214 -0.99213 0
    outer loop
      vertex 10.8185 -4.77409 1.2
      vertex 11.0753 -4.74168 2.1
      vertex 10.8185 -4.77409 2.1
    endloop
  endfacet
  facet normal 0.125214 -0.99213 0
    outer loop
      vertex 11.0753 -4.74168 2.1
      vertex 10.8185 -4.77409 1.2
      vertex 11.0753 -4.74168 1.2
    endloop
  endfacet
  facet normal 0.178487 -0.983942 0
    outer loop
      vertex 11.0753 -4.74168 1.2
      vertex 11.3253 -4.69633 2.1
      vertex 11.0753 -4.74168 2.1
    endloop
  endfacet
  facet normal 0.178487 -0.983942 0
    outer loop
      vertex 11.3253 -4.69633 2.1
      vertex 11.0753 -4.74168 1.2
      vertex 11.3253 -4.69633 1.2
    endloop
  endfacet
  facet normal 0.233282 -0.972409 0
    outer loop
      vertex 11.3253 -4.69633 1.2
      vertex 11.5684 -4.63801 2.1
      vertex 11.3253 -4.69633 2.1
    endloop
  endfacet
  facet normal 0.233282 -0.972409 0
    outer loop
      vertex 11.5684 -4.63801 2.1
      vertex 11.3253 -4.69633 1.2
      vertex 11.5684 -4.63801 1.2
    endloop
  endfacet
  facet normal 0.288834 -0.957379 0
    outer loop
      vertex 11.5684 -4.63801 1.2
      vertex 11.8047 -4.56672 2.1
      vertex 11.5684 -4.63801 2.1
    endloop
  endfacet
  facet normal 0.288834 -0.957379 0
    outer loop
      vertex 11.8047 -4.56672 2.1
      vertex 11.5684 -4.63801 1.2
      vertex 11.8047 -4.56672 1.2
    endloop
  endfacet
  facet normal 0.344808 -0.938673 0
    outer loop
      vertex 11.8047 -4.56672 1.2
      vertex 12.034 -4.48249 2.1
      vertex 11.8047 -4.56672 2.1
    endloop
  endfacet
  facet normal 0.344808 -0.938673 0
    outer loop
      vertex 12.034 -4.48249 2.1
      vertex 11.8047 -4.56672 1.2
      vertex 12.034 -4.48249 1.2
    endloop
  endfacet
  facet normal 0.400205 -0.916425 0
    outer loop
      vertex 12.034 -4.48249 1.2
      vertex 12.2566 -4.38528 2.1
      vertex 12.034 -4.48249 2.1
    endloop
  endfacet
  facet normal 0.400205 -0.916425 0
    outer loop
      vertex 12.2566 -4.38528 2.1
      vertex 12.034 -4.48249 1.2
      vertex 12.2566 -4.38528 1.2
    endloop
  endfacet
  facet normal 0.454962 -0.890511 0
    outer loop
      vertex 12.2566 -4.38528 1.2
      vertex 12.4722 -4.27513 2.1
      vertex 12.2566 -4.38528 2.1
    endloop
  endfacet
  facet normal 0.454962 -0.890511 0
    outer loop
      vertex 12.4722 -4.27513 2.1
      vertex 12.2566 -4.38528 1.2
      vertex 12.4722 -4.27513 1.2
    endloop
  endfacet
  facet normal 0.509012 -0.860759 0
    outer loop
      vertex 12.4722 -4.27513 1.2
      vertex 12.6792 -4.15272 2.1
      vertex 12.4722 -4.27513 2.1
    endloop
  endfacet
  facet normal 0.509012 -0.860759 0
    outer loop
      vertex 12.6792 -4.15272 2.1
      vertex 12.4722 -4.27513 1.2
      vertex 12.6792 -4.15272 1.2
    endloop
  endfacet
  facet normal 0.56376 -0.825939 0
    outer loop
      vertex 12.6792 -4.15272 1.2
      vertex 12.8754 -4.0188 2.1
      vertex 12.6792 -4.15272 2.1
    endloop
  endfacet
  facet normal 0.56376 -0.825939 0
    outer loop
      vertex 12.8754 -4.0188 2.1
      vertex 12.6792 -4.15272 1.2
      vertex 12.8754 -4.0188 1.2
    endloop
  endfacet
  facet normal 0.617087 -0.786895 0
    outer loop
      vertex 12.8754 -4.0188 1.2
      vertex 13.0609 -3.87333 2.1
      vertex 12.8754 -4.0188 2.1
    endloop
  endfacet
  facet normal 0.617087 -0.786895 0
    outer loop
      vertex 13.0609 -3.87333 2.1
      vertex 12.8754 -4.0188 1.2
      vertex 13.0609 -3.87333 1.2
    endloop
  endfacet
  facet normal 0.668165 -0.744013 0
    outer loop
      vertex 13.0609 -3.87333 1.2
      vertex 13.2357 -3.71635 2.1
      vertex 13.0609 -3.87333 2.1
    endloop
  endfacet
  facet normal 0.668165 -0.744013 0
    outer loop
      vertex 13.2357 -3.71635 2.1
      vertex 13.0609 -3.87333 1.2
      vertex 13.2357 -3.71635 1.2
    endloop
  endfacet
  facet normal 0.716398 -0.697691 0
    outer loop
      vertex 13.2357 -3.71635 2.1
      vertex 13.3998 -3.54785 1.2
      vertex 13.3998 -3.54785 2.1
    endloop
  endfacet
  facet normal 0.716398 -0.697691 0
    outer loop
      vertex 13.3998 -3.54785 1.2
      vertex 13.2357 -3.71635 2.1
      vertex 13.2357 -3.71635 1.2
    endloop
  endfacet
  facet normal 0.761175 -0.648546 0
    outer loop
      vertex 13.3998 -3.54785 2.1
      vertex 13.5532 -3.36781 1.2
      vertex 13.5532 -3.36781 2.1
    endloop
  endfacet
  facet normal 0.761175 -0.648546 0
    outer loop
      vertex 13.5532 -3.36781 1.2
      vertex 13.3998 -3.54785 2.1
      vertex 13.3998 -3.54785 1.2
    endloop
  endfacet
  facet normal 0.801945 -0.597398 0
    outer loop
      vertex 13.5532 -3.36781 2.1
      vertex 13.6959 -3.17625 1.2
      vertex 13.6959 -3.17625 2.1
    endloop
  endfacet
  facet normal 0.801945 -0.597398 0
    outer loop
      vertex 13.6959 -3.17625 1.2
      vertex 13.5532 -3.36781 2.1
      vertex 13.5532 -3.36781 1.2
    endloop
  endfacet
  facet normal 0.83846 -0.544964 0
    outer loop
      vertex 13.6959 -3.17625 2.1
      vertex 13.8279 -2.97316 1.2
      vertex 13.8279 -2.97316 2.1
    endloop
  endfacet
  facet normal 0.83846 -0.544964 0
    outer loop
      vertex 13.8279 -2.97316 1.2
      vertex 13.6959 -3.17625 2.1
      vertex 13.6959 -3.17625 1.2
    endloop
  endfacet
  facet normal 0.870575 -0.492036 0
    outer loop
      vertex 13.8279 -2.97316 2.1
      vertex 13.9492 -2.75854 1.2
      vertex 13.9492 -2.75854 2.1
    endloop
  endfacet
  facet normal 0.870575 -0.492036 0
    outer loop
      vertex 13.9492 -2.75854 1.2
      vertex 13.8279 -2.97316 2.1
      vertex 13.8279 -2.97316 1.2
    endloop
  endfacet
  facet normal 0.898692 -0.438581 0
    outer loop
      vertex 13.9492 -2.75854 2.1
      vertex 14.0588 -2.53396 1.2
      vertex 14.0588 -2.53396 2.1
    endloop
  endfacet
  facet normal 0.898692 -0.438581 0
    outer loop
      vertex 14.0588 -2.53396 1.2
      vertex 13.9492 -2.75854 2.1
      vertex 13.9492 -2.75854 1.2
    endloop
  endfacet
  facet normal 0.923727 -0.383052 0
    outer loop
      vertex 14.0588 -2.53396 2.1
      vertex 14.1554 -2.30101 1.2
      vertex 14.1554 -2.30101 2.1
    endloop
  endfacet
  facet normal 0.923727 -0.383052 0
    outer loop
      vertex 14.1554 -2.30101 1.2
      vertex 14.0588 -2.53396 2.1
      vertex 14.0588 -2.53396 1.2
    endloop
  endfacet
  facet normal 0.944781 -0.327704 0
    outer loop
      vertex 14.1554 -2.30101 2.1
      vertex 14.2391 -2.0597 1.2
      vertex 14.2391 -2.0597 2.1
    endloop
  endfacet
  facet normal 0.944781 -0.327704 0
    outer loop
      vertex 14.2391 -2.0597 1.2
      vertex 14.1554 -2.30101 2.1
      vertex 14.1554 -2.30101 1.2
    endloop
  endfacet
  facet normal 0.961962 -0.273184 0
    outer loop
      vertex 14.2391 -2.0597 2.1
      vertex 14.31 -1.81004 1.2
      vertex 14.31 -1.81004 2.1
    endloop
  endfacet
  facet normal 0.961962 -0.273184 0
    outer loop
      vertex 14.31 -1.81004 1.2
      vertex 14.2391 -2.0597 2.1
      vertex 14.2391 -2.0597 1.2
    endloop
  endfacet
  facet normal 0.975656 -0.219308 0
    outer loop
      vertex 14.31 -1.81004 2.1
      vertex 14.368 -1.55201 1.2
      vertex 14.368 -1.55201 2.1
    endloop
  endfacet
  facet normal 0.975656 -0.219308 0
    outer loop
      vertex 14.368 -1.55201 1.2
      vertex 14.31 -1.81004 2.1
      vertex 14.31 -1.81004 1.2
    endloop
  endfacet
  facet normal 0.985971 -0.166919 0
    outer loop
      vertex 14.368 -1.55201 2.1
      vertex 14.4131 -1.28561 1.2
      vertex 14.4131 -1.28561 2.1
    endloop
  endfacet
  facet normal 0.985971 -0.166919 0
    outer loop
      vertex 14.4131 -1.28561 1.2
      vertex 14.368 -1.55201 2.1
      vertex 14.368 -1.55201 1.2
    endloop
  endfacet
  facet normal 0.993202 -0.116401 0
    outer loop
      vertex 14.4131 -1.28561 2.1
      vertex 14.4453 -1.01086 1.2
      vertex 14.4453 -1.01086 2.1
    endloop
  endfacet
  facet normal 0.993202 -0.116401 0
    outer loop
      vertex 14.4453 -1.01086 1.2
      vertex 14.4131 -1.28561 2.1
      vertex 14.4131 -1.28561 1.2
    endloop
  endfacet
  facet normal 0.997684 -0.0680133 0
    outer loop
      vertex 14.4453 -1.01086 2.1
      vertex 14.4646 -0.727749 1.2
      vertex 14.4646 -0.727749 2.1
    endloop
  endfacet
  facet normal 0.997684 -0.0680133 0
    outer loop
      vertex 14.4646 -0.727749 1.2
      vertex 14.4453 -1.01086 2.1
      vertex 14.4453 -1.01086 1.2
    endloop
  endfacet
  facet normal 0.999751 -0.0222938 0
    outer loop
      vertex 14.4646 -0.727749 2.1
      vertex 14.4711 -0.43626 1.2
      vertex 14.4711 -0.43626 2.1
    endloop
  endfacet
  facet normal 0.999751 -0.0222938 0
    outer loop
      vertex 14.4711 -0.43626 1.2
      vertex 14.4646 -0.727749 2.1
      vertex 14.4646 -0.727749 1.2
    endloop
  endfacet
  facet normal 0.999449 0.0331937 0
    outer loop
      vertex 14.4711 -0.43626 2.1
      vertex 14.4564 0.00635052 1.2
      vertex 14.4564 0.00635052 2.1
    endloop
  endfacet
  facet normal 0.999449 0.0331937 0
    outer loop
      vertex 14.4564 0.00635052 1.2
      vertex 14.4711 -0.43626 2.1
      vertex 14.4711 -0.43626 1.2
    endloop
  endfacet
  facet normal 0.994512 0.104626 0
    outer loop
      vertex 14.4564 0.00635052 2.1
      vertex 14.4123 0.42554 1.2
      vertex 14.4123 0.42554 2.1
    endloop
  endfacet
  facet normal 0.994512 0.104626 0
    outer loop
      vertex 14.4123 0.42554 1.2
      vertex 14.4564 0.00635052 2.1
      vertex 14.4564 0.00635052 1.2
    endloop
  endfacet
  facet normal 0.983189 0.182593 0
    outer loop
      vertex 14.4123 0.42554 2.1
      vertex 14.3388 0.821307 1.2
      vertex 14.3388 0.821307 2.1
    endloop
  endfacet
  facet normal 0.983189 0.182593 0
    outer loop
      vertex 14.3388 0.821307 1.2
      vertex 14.4123 0.42554 2.1
      vertex 14.4123 0.42554 1.2
    endloop
  endfacet
  facet normal 0.963931 0.266153 0
    outer loop
      vertex 14.3388 0.821307 2.1
      vertex 14.236 1.19362 1.2
      vertex 14.236 1.19362 2.1
    endloop
  endfacet
  facet normal 0.963931 0.266153 0
    outer loop
      vertex 14.236 1.19362 1.2
      vertex 14.3388 0.821307 2.1
      vertex 14.3388 0.821307 1.2
    endloop
  endfacet
  facet normal 0.935031 0.354566 0
    outer loop
      vertex 14.236 1.19362 2.1
      vertex 14.1037 1.54251 1.2
      vertex 14.1037 1.54251 2.1
    endloop
  endfacet
  facet normal 0.935031 0.354566 0
    outer loop
      vertex 14.1037 1.54251 1.2
      vertex 14.236 1.19362 2.1
      vertex 14.236 1.19362 1.2
    endloop
  endfacet
  facet normal 0.895668 0.444724 0
    outer loop
      vertex 14.1037 1.54251 2.1
      vertex 13.9421 1.86797 1.2
      vertex 13.9421 1.86797 2.1
    endloop
  endfacet
  facet normal 0.895668 0.444724 0
    outer loop
      vertex 13.9421 1.86797 1.2
      vertex 14.1037 1.54251 2.1
      vertex 14.1037 1.54251 1.2
    endloop
  endfacet
  facet normal 0.84518 0.534481 0
    outer loop
      vertex 13.9421 1.86797 2.1
      vertex 13.7511 2.17 1.2
      vertex 13.7511 2.17 2.1
    endloop
  endfacet
  facet normal 0.84518 0.534481 0
    outer loop
      vertex 13.7511 2.17 1.2
      vertex 13.9421 1.86797 2.1
      vertex 13.9421 1.86797 1.2
    endloop
  endfacet
  facet normal 0.784241 0.620456 0
    outer loop
      vertex 13.7511 2.17 2.1
      vertex 13.5307 2.44858 1.2
      vertex 13.5307 2.44858 2.1
    endloop
  endfacet
  facet normal 0.784241 0.620456 0
    outer loop
      vertex 13.5307 2.44858 1.2
      vertex 13.7511 2.17 2.1
      vertex 13.7511 2.17 1.2
    endloop
  endfacet
  facet normal 0.714572 0.699562 0
    outer loop
      vertex 13.5307 2.44858 2.1
      vertex 13.2809 2.70374 1.2
      vertex 13.2809 2.70374 2.1
    endloop
  endfacet
  facet normal 0.714572 0.699562 0
    outer loop
      vertex 13.2809 2.70374 1.2
      vertex 13.5307 2.44858 2.1
      vertex 13.5307 2.44858 1.2
    endloop
  endfacet
  facet normal 0.639249 0.769 -0
    outer loop
      vertex 13.2809 2.70374 1.2
      vertex 13.0043 2.93367 2.1
      vertex 13.2809 2.70374 2.1
    endloop
  endfacet
  facet normal 0.639249 0.769 0
    outer loop
      vertex 13.0043 2.93367 2.1
      vertex 13.2809 2.70374 1.2
      vertex 13.0043 2.93367 1.2
    endloop
  endfacet
  facet normal 0.559042 0.829139 -0
    outer loop
      vertex 13.0043 2.93367 1.2
      vertex 12.7034 3.13655 2.1
      vertex 13.0043 2.93367 2.1
    endloop
  endfacet
  facet normal 0.559042 0.829139 0
    outer loop
      vertex 12.7034 3.13655 2.1
      vertex 13.0043 2.93367 1.2
      vertex 12.7034 3.13655 1.2
    endloop
  endfacet
  facet normal 0.475769 0.87957 -0
    outer loop
      vertex 12.7034 3.13655 1.2
      vertex 12.3783 3.3124 2.1
      vertex 12.7034 3.13655 2.1
    endloop
  endfacet
  facet normal 0.475769 0.87957 0
    outer loop
      vertex 12.3783 3.3124 2.1
      vertex 12.7034 3.13655 1.2
      vertex 12.3783 3.3124 1.2
    endloop
  endfacet
  facet normal 0.391849 0.92003 -0
    outer loop
      vertex 12.3783 3.3124 1.2
      vertex 12.029 3.46117 2.1
      vertex 12.3783 3.3124 2.1
    endloop
  endfacet
  facet normal 0.391849 0.92003 0
    outer loop
      vertex 12.029 3.46117 2.1
      vertex 12.3783 3.3124 1.2
      vertex 12.029 3.46117 1.2
    endloop
  endfacet
  facet normal 0.309725 0.950826 -0
    outer loop
      vertex 12.029 3.46117 1.2
      vertex 11.6553 3.5829 2.1
      vertex 12.029 3.46117 2.1
    endloop
  endfacet
  facet normal 0.309725 0.950826 0
    outer loop
      vertex 11.6553 3.5829 2.1
      vertex 12.029 3.46117 1.2
      vertex 11.6553 3.5829 1.2
    endloop
  endfacet
  facet normal 0.231486 0.972838 -0
    outer loop
      vertex 11.6553 3.5829 1.2
      vertex 11.2574 3.67758 2.1
      vertex 11.6553 3.5829 2.1
    endloop
  endfacet
  facet normal 0.231486 0.972838 0
    outer loop
      vertex 11.2574 3.67758 2.1
      vertex 11.6553 3.5829 1.2
      vertex 11.2574 3.67758 1.2
    endloop
  endfacet
  facet normal 0.158205 0.987406 -0
    outer loop
      vertex 11.2574 3.67758 1.2
      vertex 10.8353 3.74521 2.1
      vertex 11.2574 3.67758 2.1
    endloop
  endfacet
  facet normal 0.158205 0.987406 0
    outer loop
      vertex 10.8353 3.74521 2.1
      vertex 11.2574 3.67758 1.2
      vertex 10.8353 3.74521 1.2
    endloop
  endfacet
  facet normal 0.0904895 0.995897 -0
    outer loop
      vertex 10.8353 3.74521 1.2
      vertex 10.3888 3.78578 2.1
      vertex 10.8353 3.74521 2.1
    endloop
  endfacet
  facet normal 0.0904895 0.995897 0
    outer loop
      vertex 10.3888 3.78578 2.1
      vertex 10.8353 3.74521 1.2
      vertex 10.3888 3.78578 1.2
    endloop
  endfacet
  facet normal 0.0287562 0.999586 -0
    outer loop
      vertex 10.3888 3.78578 1.2
      vertex 9.91814 3.79932 2.1
      vertex 10.3888 3.78578 2.1
    endloop
  endfacet
  facet normal 0.0287562 0.999586 0
    outer loop
      vertex 9.91814 3.79932 2.1
      vertex 10.3888 3.78578 1.2
      vertex 9.91814 3.79932 1.2
    endloop
  endfacet
  facet normal 0 1 -0
    outer loop
      vertex 9.91814 3.79932 1.2
      vertex 6.80548 3.79932 2.1
      vertex 9.91814 3.79932 2.1
    endloop
  endfacet
  facet normal 0 1 0
    outer loop
      vertex 6.80548 3.79932 2.1
      vertex 9.91814 3.79932 1.2
      vertex 6.80548 3.79932 1.2
    endloop
  endfacet
  facet normal -1 0 0
    outer loop
      vertex 6.80548 -4.8 1.2
      vertex 6.80548 3.79932 2.1
      vertex 6.80548 3.79932 1.2
    endloop
  endfacet
  facet normal -1 -0 0
    outer loop
      vertex 6.80548 3.79932 2.1
      vertex 6.80548 -4.8 1.2
      vertex 6.80548 -4.8 2.1
    endloop
  endfacet
  facet normal 0 -1 0
    outer loop
      vertex 6.80548 -4.8 1.2
      vertex 10.2843 -4.8 2.1
      vertex 6.80548 -4.8 2.1
    endloop
  endfacet
  facet normal 0 -1 -0
    outer loop
      vertex 10.2843 -4.8 2.1
      vertex 6.80548 -4.8 1.2
      vertex 10.2843 -4.8 1.2
    endloop
  endfacet
  facet normal 0.0239118 -0.999714 0
    outer loop
      vertex 10.2843 -4.8 1.2
      vertex 10.5548 -4.79353 2.1
      vertex 10.2843 -4.8 2.1
    endloop
  endfacet
  facet normal 0.0239118 -0.999714 0
    outer loop
      vertex 10.5548 -4.79353 2.1
      vertex 10.2843 -4.8 1.2
      vertex 10.5548 -4.79353 1.2
    endloop
  endfacet
  facet normal 1 -0 0
    outer loop
      vertex 8.60594 -3.40852 2.1
      vertex 8.60594 2.40782 1.2
      vertex 8.60594 2.40782 2.1
    endloop
  endfacet
  facet normal 1 0 0
    outer loop
      vertex 8.60594 2.40782 1.2
      vertex 8.60594 -3.40852 2.1
      vertex 8.60594 -3.40852 1.2
    endloop
  endfacet
  facet normal 0 -1 0
    outer loop
      vertex 8.60594 2.40782 1.2
      vertex 9.8815 2.40782 2.1
      vertex 8.60594 2.40782 2.1
    endloop
  endfacet
  facet normal 0 -1 -0
    outer loop
      vertex 9.8815 2.40782 2.1
      vertex 8.60594 2.40782 1.2
      vertex 9.8815 2.40782 1.2
    endloop
  endfacet
  facet normal -0.0310838 -0.999517 0
    outer loop
      vertex 9.8815 2.40782 1.2
      vertex 10.1709 2.39882 2.1
      vertex 9.8815 2.40782 2.1
    endloop
  endfacet
  facet normal -0.0310838 -0.999517 -0
    outer loop
      vertex 10.1709 2.39882 2.1
      vertex 9.8815 2.40782 1.2
      vertex 10.1709 2.39882 1.2
    endloop
  endfacet
  facet normal -0.0980662 -0.99518 0
    outer loop
      vertex 10.1709 2.39882 1.2
      vertex 10.4451 2.3718 2.1
      vertex 10.1709 2.39882 2.1
    endloop
  endfacet
  facet normal -0.0980662 -0.99518 -0
    outer loop
      vertex 10.4451 2.3718 2.1
      vertex 10.1709 2.39882 1.2
      vertex 10.4451 2.3718 1.2
    endloop
  endfacet
  facet normal -0.171218 -0.985233 0
    outer loop
      vertex 10.4451 2.3718 1.2
      vertex 10.7041 2.32679 2.1
      vertex 10.4451 2.3718 2.1
    endloop
  endfacet
  facet normal -0.171218 -0.985233 -0
    outer loop
      vertex 10.7041 2.32679 2.1
      vertex 10.4451 2.3718 1.2
      vertex 10.7041 2.32679 1.2
    endloop
  endfacet
  facet normal -0.250435 -0.968133 0
    outer loop
      vertex 10.7041 2.32679 1.2
      vertex 10.9478 2.26375 2.1
      vertex 10.7041 2.32679 2.1
    endloop
  endfacet
  facet normal -0.250435 -0.968133 -0
    outer loop
      vertex 10.9478 2.26375 2.1
      vertex 10.7041 2.32679 1.2
      vertex 10.9478 2.26375 1.2
    endloop
  endfacet
  facet normal -0.334131 -0.942527 0
    outer loop
      vertex 10.9478 2.26375 1.2
      vertex 11.1764 2.18271 2.1
      vertex 10.9478 2.26375 2.1
    endloop
  endfacet
  facet normal -0.334131 -0.942527 -0
    outer loop
      vertex 11.1764 2.18271 2.1
      vertex 10.9478 2.26375 1.2
      vertex 11.1764 2.18271 1.2
    endloop
  endfacet
  facet normal -0.421139 -0.906996 0
    outer loop
      vertex 11.1764 2.18271 1.2
      vertex 11.3897 2.08367 2.1
      vertex 11.1764 2.18271 2.1
    endloop
  endfacet
  facet normal -0.421139 -0.906996 -0
    outer loop
      vertex 11.3897 2.08367 2.1
      vertex 11.1764 2.18271 1.2
      vertex 11.3897 2.08367 1.2
    endloop
  endfacet
  facet normal -0.508764 -0.860906 0
    outer loop
      vertex 11.3897 2.08367 1.2
      vertex 11.5878 1.9666 2.1
      vertex 11.3897 2.08367 2.1
    endloop
  endfacet
  facet normal -0.508764 -0.860906 -0
    outer loop
      vertex 11.5878 1.9666 2.1
      vertex 11.3897 2.08367 1.2
      vertex 11.5878 1.9666 1.2
    endloop
  endfacet
  facet normal -0.594269 -0.804267 0
    outer loop
      vertex 11.5878 1.9666 1.2
      vertex 11.7706 1.83153 2.1
      vertex 11.5878 1.9666 2.1
    endloop
  endfacet
  facet normal -0.594269 -0.804267 -0
    outer loop
      vertex 11.7706 1.83153 2.1
      vertex 11.5878 1.9666 1.2
      vertex 11.7706 1.83153 1.2
    endloop
  endfacet
  facet normal -0.674132 -0.738611 0
    outer loop
      vertex 11.7706 1.83153 1.2
      vertex 11.9383 1.67847 2.1
      vertex 11.7706 1.83153 2.1
    endloop
  endfacet
  facet normal -0.674132 -0.738611 -0
    outer loop
      vertex 11.9383 1.67847 2.1
      vertex 11.7706 1.83153 1.2
      vertex 11.9383 1.67847 1.2
    endloop
  endfacet
  facet normal -0.747783 -0.663944 0
    outer loop
      vertex 12.0894 1.50829 1.2
      vertex 11.9383 1.67847 2.1
      vertex 11.9383 1.67847 1.2
    endloop
  endfacet
  facet normal -0.747783 -0.663944 0
    outer loop
      vertex 11.9383 1.67847 2.1
      vertex 12.0894 1.50829 1.2
      vertex 12.0894 1.50829 2.1
    endloop
  endfacet
  facet normal -0.813188 -0.582001 0
    outer loop
      vertex 12.2228 1.3219 1.2
      vertex 12.0894 1.50829 2.1
      vertex 12.0894 1.50829 1.2
    endloop
  endfacet
  facet normal -0.813188 -0.582001 0
    outer loop
      vertex 12.0894 1.50829 2.1
      vertex 12.2228 1.3219 1.2
      vertex 12.2228 1.3219 2.1
    endloop
  endfacet
  facet normal -0.868528 -0.49564 0
    outer loop
      vertex 12.3384 1.11933 1.2
      vertex 12.2228 1.3219 2.1
      vertex 12.2228 1.3219 1.2
    endloop
  endfacet
  facet normal -0.868528 -0.49564 0
    outer loop
      vertex 12.2228 1.3219 2.1
      vertex 12.3384 1.11933 1.2
      vertex 12.3384 1.11933 2.1
    endloop
  endfacet
  facet normal -0.912928 -0.408121 0
    outer loop
      vertex 12.4362 0.900561 1.2
      vertex 12.3384 1.11933 2.1
      vertex 12.3384 1.11933 1.2
    endloop
  endfacet
  facet normal -0.912928 -0.408121 0
    outer loop
      vertex 12.3384 1.11933 2.1
      vertex 12.4362 0.900561 1.2
      vertex 12.4362 0.900561 2.1
    endloop
  endfacet
  facet normal -0.946637 -0.322301 0
    outer loop
      vertex 12.5162 0.665591 1.2
      vertex 12.4362 0.900561 2.1
      vertex 12.4362 0.900561 1.2
    endloop
  endfacet
  facet normal -0.946637 -0.322301 0
    outer loop
      vertex 12.4362 0.900561 2.1
      vertex 12.5162 0.665591 1.2
      vertex 12.5162 0.665591 2.1
    endloop
  endfacet
  facet normal -0.97068 -0.240375 0
    outer loop
      vertex 12.5784 0.414416 1.2
      vertex 12.5162 0.665591 2.1
      vertex 12.5162 0.665591 1.2
    endloop
  endfacet
  facet normal -0.97068 -0.240375 0
    outer loop
      vertex 12.5162 0.665591 2.1
      vertex 12.5784 0.414416 1.2
      vertex 12.5784 0.414416 2.1
    endloop
  endfacet
  facet normal -0.98643 -0.164181 0
    outer loop
      vertex 12.6229 0.147052 1.2
      vertex 12.5784 0.414416 2.1
      vertex 12.5784 0.414416 1.2
    endloop
  endfacet
  facet normal -0.98643 -0.164181 0
    outer loop
      vertex 12.5784 0.414416 2.1
      vertex 12.6229 0.147052 1.2
      vertex 12.6229 0.147052 2.1
    endloop
  endfacet
  facet normal -0.995596 -0.0937476 0
    outer loop
      vertex 12.6496 -0.136501 1.2
      vertex 12.6229 0.147052 2.1
      vertex 12.6229 0.147052 1.2
    endloop
  endfacet
  facet normal -0.995596 -0.0937476 0
    outer loop
      vertex 12.6229 0.147052 2.1
      vertex 12.6496 -0.136501 1.2
      vertex 12.6496 -0.136501 2.1
    endloop
  endfacet
  facet normal -0.99956 -0.0296774 0
    outer loop
      vertex 12.6585 -0.43626 1.2
      vertex 12.6496 -0.136501 2.1
      vertex 12.6496 -0.136501 1.2
    endloop
  endfacet
  facet normal -0.99956 -0.0296774 0
    outer loop
      vertex 12.6496 -0.136501 2.1
      vertex 12.6585 -0.43626 1.2
      vertex 12.6585 -0.43626 2.1
    endloop
  endfacet
  facet normal -0.999594 0.0285042 0
    outer loop
      vertex 12.65 -0.734341 1.2
      vertex 12.6585 -0.43626 2.1
      vertex 12.6585 -0.43626 1.2
    endloop
  endfacet
  facet normal -0.999594 0.0285042 0
    outer loop
      vertex 12.6585 -0.43626 2.1
      vertex 12.65 -0.734341 1.2
      vertex 12.65 -0.734341 2.1
    endloop
  endfacet
  facet normal -0.996053 0.0887582 0
    outer loop
      vertex 12.6247 -1.01826 1.2
      vertex 12.65 -0.734341 2.1
      vertex 12.65 -0.734341 1.2
    endloop
  endfacet
  facet normal -0.996053 0.0887582 0
    outer loop
      vertex 12.65 -0.734341 2.1
      vertex 12.6247 -1.01826 1.2
      vertex 12.6247 -1.01826 2.1
    endloop
  endfacet
  facet normal -0.987983 0.154561 0
    outer loop
      vertex 12.5825 -1.28801 1.2
      vertex 12.6247 -1.01826 2.1
      vertex 12.6247 -1.01826 1.2
    endloop
  endfacet
  facet normal -0.987983 0.154561 0
    outer loop
      vertex 12.6247 -1.01826 2.1
      vertex 12.5825 -1.28801 1.2
      vertex 12.5825 -1.28801 2.1
    endloop
  endfacet
  facet normal -0.974291 0.225294 0
    outer loop
      vertex 12.5234 -1.54359 1.2
      vertex 12.5825 -1.28801 2.1
      vertex 12.5825 -1.28801 1.2
    endloop
  endfacet
  facet normal -0.974291 0.225294 0
    outer loop
      vertex 12.5825 -1.28801 2.1
      vertex 12.5234 -1.54359 1.2
      vertex 12.5234 -1.54359 2.1
    endloop
  endfacet
  facet normal -0.953969 0.299906 0
    outer loop
      vertex 12.4475 -1.78502 1.2
      vertex 12.5234 -1.54359 2.1
      vertex 12.5234 -1.54359 1.2
    endloop
  endfacet
  facet normal -0.953969 0.299906 0
    outer loop
      vertex 12.5234 -1.54359 2.1
      vertex 12.4475 -1.78502 1.2
      vertex 12.4475 -1.78502 2.1
    endloop
  endfacet
  facet normal -0.925778 0.378068 0
    outer loop
      vertex 12.3547 -2.01226 1.2
      vertex 12.4475 -1.78502 2.1
      vertex 12.4475 -1.78502 1.2
    endloop
  endfacet
  facet normal -0.925778 0.378068 0
    outer loop
      vertex 12.4475 -1.78502 2.1
      vertex 12.3547 -2.01226 1.2
      vertex 12.3547 -2.01226 2.1
    endloop
  endfacet
  facet normal -0.88893 0.458044 0
    outer loop
      vertex 12.2449 -2.22535 1.2
      vertex 12.3547 -2.01226 2.1
      vertex 12.3547 -2.01226 1.2
    endloop
  endfacet
  facet normal -0.88893 0.458044 0
    outer loop
      vertex 12.3547 -2.01226 2.1
      vertex 12.2449 -2.22535 1.2
      vertex 12.2449 -2.22535 2.1
    endloop
  endfacet
  facet normal -0.843838 0.536598 0
    outer loop
      vertex 12.1184 -2.42428 1.2
      vertex 12.2449 -2.22535 2.1
      vertex 12.2449 -2.22535 1.2
    endloop
  endfacet
  facet normal -0.843838 0.536598 0
    outer loop
      vertex 12.2449 -2.22535 2.1
      vertex 12.1184 -2.42428 1.2
      vertex 12.1184 -2.42428 2.1
    endloop
  endfacet
  facet normal -0.789787 0.613381 0
    outer loop
      vertex 11.9749 -2.60905 1.2
      vertex 12.1184 -2.42428 2.1
      vertex 12.1184 -2.42428 1.2
    endloop
  endfacet
  facet normal -0.789787 0.613381 0
    outer loop
      vertex 12.1184 -2.42428 2.1
      vertex 11.9749 -2.60905 1.2
      vertex 11.9749 -2.60905 2.1
    endloop
  endfacet
  facet normal -0.72846 0.685088 0
    outer loop
      vertex 11.8171 -2.77684 1.2
      vertex 11.9749 -2.60905 2.1
      vertex 11.9749 -2.60905 1.2
    endloop
  endfacet
  facet normal -0.72846 0.685088 0
    outer loop
      vertex 11.9749 -2.60905 2.1
      vertex 11.8171 -2.77684 1.2
      vertex 11.8171 -2.77684 2.1
    endloop
  endfacet
  facet normal -0.657844 0.753154 0
    outer loop
      vertex 11.8171 -2.77684 1.2
      vertex 11.6476 -2.92489 2.1
      vertex 11.8171 -2.77684 2.1
    endloop
  endfacet
  facet normal -0.657844 0.753154 0
    outer loop
      vertex 11.6476 -2.92489 2.1
      vertex 11.8171 -2.77684 1.2
      vertex 11.6476 -2.92489 1.2
    endloop
  endfacet
  facet normal -0.577685 0.81626 0
    outer loop
      vertex 11.6476 -2.92489 1.2
      vertex 11.4663 -3.0532 2.1
      vertex 11.6476 -2.92489 2.1
    endloop
  endfacet
  facet normal -0.577685 0.81626 0
    outer loop
      vertex 11.4663 -3.0532 2.1
      vertex 11.6476 -2.92489 1.2
      vertex 11.4663 -3.0532 1.2
    endloop
  endfacet
  facet normal -0.490287 0.871561 0
    outer loop
      vertex 11.4663 -3.0532 1.2
      vertex 11.2733 -3.16177 2.1
      vertex 11.4663 -3.0532 2.1
    endloop
  endfacet
  facet normal -0.490287 0.871561 0
    outer loop
      vertex 11.2733 -3.16177 2.1
      vertex 11.4663 -3.0532 1.2
      vertex 11.2733 -3.16177 1.2
    endloop
  endfacet
  facet normal -0.397884 0.917436 0
    outer loop
      vertex 11.2733 -3.16177 1.2
      vertex 11.0685 -3.25059 2.1
      vertex 11.2733 -3.16177 2.1
    endloop
  endfacet
  facet normal -0.397884 0.917436 0
    outer loop
      vertex 11.0685 -3.25059 2.1
      vertex 11.2733 -3.16177 1.2
      vertex 11.0685 -3.25059 1.2
    endloop
  endfacet
  facet normal -0.30389 0.952707 0
    outer loop
      vertex 11.0685 -3.25059 1.2
      vertex 10.8519 -3.31968 2.1
      vertex 11.0685 -3.25059 2.1
    endloop
  endfacet
  facet normal -0.30389 0.952707 0
    outer loop
      vertex 10.8519 -3.31968 2.1
      vertex 11.0685 -3.25059 1.2
      vertex 10.8519 -3.31968 1.2
    endloop
  endfacet
  facet normal -0.211283 0.977425 0
    outer loop
      vertex 10.8519 -3.31968 1.2
      vertex 10.6236 -3.36903 2.1
      vertex 10.8519 -3.31968 2.1
    endloop
  endfacet
  facet normal -0.211283 0.977425 0
    outer loop
      vertex 10.6236 -3.36903 2.1
      vertex 10.8519 -3.31968 1.2
      vertex 10.6236 -3.36903 1.2
    endloop
  endfacet
  facet normal -0.122437 0.992476 0
    outer loop
      vertex 10.6236 -3.36903 1.2
      vertex 10.3835 -3.39865 2.1
      vertex 10.6236 -3.36903 2.1
    endloop
  endfacet
  facet normal -0.122437 0.992476 0
    outer loop
      vertex 10.3835 -3.39865 2.1
      vertex 10.6236 -3.36903 1.2
      vertex 10.3835 -3.39865 1.2
    endloop
  endfacet
  facet normal -0.0391677 0.999233 0
    outer loop
      vertex 10.3835 -3.39865 1.2
      vertex 10.1317 -3.40852 2.1
      vertex 10.3835 -3.39865 2.1
    endloop
  endfacet
  facet normal -0.0391677 0.999233 0
    outer loop
      vertex 10.1317 -3.40852 2.1
      vertex 10.3835 -3.39865 1.2
      vertex 10.1317 -3.40852 1.2
    endloop
  endfacet
  facet normal 0 1 -0
    outer loop
      vertex 10.1317 -3.40852 1.2
      vertex 8.60594 -3.40852 2.1
      vertex 10.1317 -3.40852 2.1
    endloop
  endfacet
  facet normal 0 1 0
    outer loop
      vertex 8.60594 -3.40852 2.1
      vertex 10.1317 -3.40852 1.2
      vertex 8.60594 -3.40852 1.2
    endloop
  endfacet
  facet normal 0.999667 -0.0258014 0
    outer loop
      vertex 29.5797 -1.26022 2.1
      vertex 29.5844 -1.07812 1.2
      vertex 29.5844 -1.07812 2.1
    endloop
  endfacet
  facet normal 0.999667 -0.0258014 0
    outer loop
      vertex 29.5844 -1.07812 1.2
      vertex 29.5797 -1.26022 2.1
      vertex 29.5797 -1.26022 1.2
    endloop
  endfacet
  facet normal 0.99671 -0.0810519 0
    outer loop
      vertex 29.5844 -1.07812 2.1
      vertex 29.5986 -0.9035 1.2
      vertex 29.5986 -0.9035 2.1
    endloop
  endfacet
  facet normal 0.99671 -0.0810519 0
    outer loop
      vertex 29.5986 -0.9035 1.2
      vertex 29.5844 -1.07812 2.1
      vertex 29.5844 -1.07812 1.2
    endloop
  endfacet
  facet normal 0.990262 -0.139215 0
    outer loop
      vertex 29.5986 -0.9035 2.1
      vertex 29.6221 -0.73634 1.2
      vertex 29.6221 -0.73634 2.1
    endloop
  endfacet
  facet normal 0.990262 -0.139215 0
    outer loop
      vertex 29.6221 -0.73634 1.2
      vertex 29.5986 -0.9035 2.1
      vertex 29.5986 -0.9035 1.2
    endloop
  endfacet
  facet normal 0.97931 -0.202363 0
    outer loop
      vertex 29.6221 -0.73634 2.1
      vertex 29.6551 -0.576641 1.2
      vertex 29.6551 -0.576641 2.1
    endloop
  endfacet
  facet normal 0.97931 -0.202363 0
    outer loop
      vertex 29.6551 -0.576641 1.2
      vertex 29.6221 -0.73634 2.1
      vertex 29.6221 -0.73634 1.2
    endloop
  endfacet
  facet normal 0.963505 -0.26769 0
    outer loop
      vertex 29.6551 -0.576641 2.1
      vertex 29.6974 -0.424389 1.2
      vertex 29.6974 -0.424389 2.1
    endloop
  endfacet
  facet normal 0.963505 -0.26769 0
    outer loop
      vertex 29.6974 -0.424389 1.2
      vertex 29.6551 -0.576641 2.1
      vertex 29.6551 -0.576641 1.2
    endloop
  endfacet
  facet normal 0.941548 -0.33688 0
    outer loop
      vertex 29.6974 -0.424389 2.1
      vertex 29.7492 -0.279613 1.2
      vertex 29.7492 -0.279613 2.1
    endloop
  endfacet
  facet normal 0.941548 -0.33688 0
    outer loop
      vertex 29.7492 -0.279613 1.2
      vertex 29.6974 -0.424389 2.1
      vertex 29.6974 -0.424389 1.2
    endloop
  endfacet
  facet normal 0.913139 -0.407648 0
    outer loop
      vertex 29.7492 -0.279613 2.1
      vertex 29.8105 -0.1423 1.2
      vertex 29.8105 -0.1423 2.1
    endloop
  endfacet
  facet normal 0.913139 -0.407648 0
    outer loop
      vertex 29.8105 -0.1423 1.2
      vertex 29.7492 -0.279613 2.1
      vertex 29.7492 -0.279613 1.2
    endloop
  endfacet
  facet normal 0.878545 -0.477659 0
    outer loop
      vertex 29.8105 -0.1423 2.1
      vertex 29.8811 -0.0124474 1.2
      vertex 29.8811 -0.0124474 2.1
    endloop
  endfacet
  facet normal 0.878545 -0.477659 0
    outer loop
      vertex 29.8811 -0.0124474 1.2
      vertex 29.8105 -0.1423 2.1
      vertex 29.8105 -0.1423 1.2
    endloop
  endfacet
  facet normal 0.837044 -0.547135 0
    outer loop
      vertex 29.8811 -0.0124474 2.1
      vertex 29.9611 0.109942 1.2
      vertex 29.9611 0.109942 2.1
    endloop
  endfacet
  facet normal 0.837044 -0.547135 0
    outer loop
      vertex 29.9611 0.109942 1.2
      vertex 29.8811 -0.0124474 2.1
      vertex 29.8811 -0.0124474 1.2
    endloop
  endfacet
  facet normal 0.787246 -0.616638 0
    outer loop
      vertex 29.9611 0.109942 2.1
      vertex 30.0489 0.222034 1.2
      vertex 30.0489 0.222034 2.1
    endloop
  endfacet
  facet normal 0.787246 -0.616638 0
    outer loop
      vertex 30.0489 0.222034 1.2
      vertex 29.9611 0.109942 2.1
      vertex 29.9611 0.109942 1.2
    endloop
  endfacet
  facet normal 0.725906 -0.687794 0
    outer loop
      vertex 30.0489 0.222034 2.1
      vertex 30.1426 0.320926 1.2
      vertex 30.1426 0.320926 2.1
    endloop
  endfacet
  facet normal 0.725906 -0.687794 0
    outer loop
      vertex 30.1426 0.320926 1.2
      vertex 30.0489 0.222034 2.1
      vertex 30.0489 0.222034 1.2
    endloop
  endfacet
  facet normal 0.652337 -0.757929 0
    outer loop
      vertex 30.1426 0.320926 1.2
      vertex 30.2422 0.40665 2.1
      vertex 30.1426 0.320926 2.1
    endloop
  endfacet
  facet normal 0.652337 -0.757929 0
    outer loop
      vertex 30.2422 0.40665 2.1
      vertex 30.1426 0.320926 1.2
      vertex 30.2422 0.40665 1.2
    endloop
  endfacet
  facet normal 0.566131 -0.824315 0
    outer loop
      vertex 30.2422 0.40665 1.2
      vertex 30.3478 0.479175 2.1
      vertex 30.2422 0.40665 2.1
    endloop
  endfacet
  facet normal 0.566131 -0.824315 0
    outer loop
      vertex 30.3478 0.479175 2.1
      vertex 30.2422 0.40665 1.2
      vertex 30.3478 0.479175 1.2
    endloop
  endfacet
  facet normal 0.469485 -0.88294 0
    outer loop
      vertex 30.3478 0.479175 1.2
      vertex 30.4594 0.538516 2.1
      vertex 30.3478 0.479175 2.1
    endloop
  endfacet
  facet normal 0.469485 -0.88294 0
    outer loop
      vertex 30.4594 0.538516 2.1
      vertex 30.3478 0.479175 1.2
      vertex 30.4594 0.538516 1.2
    endloop
  endfacet
  facet normal 0.365531 -0.930799 0
    outer loop
      vertex 30.4594 0.538516 1.2
      vertex 30.5769 0.584659 2.1
      vertex 30.4594 0.538516 2.1
    endloop
  endfacet
  facet normal 0.365531 -0.930799 0
    outer loop
      vertex 30.5769 0.584659 2.1
      vertex 30.4594 0.538516 1.2
      vertex 30.5769 0.584659 1.2
    endloop
  endfacet
  facet normal 0.258155 -0.966104 0
    outer loop
      vertex 30.5769 0.584659 1.2
      vertex 30.7003 0.617633 2.1
      vertex 30.5769 0.584659 2.1
    endloop
  endfacet
  facet normal 0.258155 -0.966104 0
    outer loop
      vertex 30.7003 0.617633 2.1
      vertex 30.5769 0.584659 1.2
      vertex 30.7003 0.617633 1.2
    endloop
  endfacet
  facet normal 0.151067 -0.988524 0
    outer loop
      vertex 30.7003 0.617633 1.2
      vertex 30.8297 0.637408 2.1
      vertex 30.7003 0.617633 2.1
    endloop
  endfacet
  facet normal 0.151067 -0.988524 0
    outer loop
      vertex 30.8297 0.637408 2.1
      vertex 30.7003 0.617633 1.2
      vertex 30.8297 0.637408 1.2
    endloop
  endfacet
  facet normal 0.0486278 -0.998817 0
    outer loop
      vertex 30.8297 0.637408 1.2
      vertex 30.9651 0.644 2.1
      vertex 30.8297 0.637408 2.1
    endloop
  endfacet
  facet normal 0.0486278 -0.998817 0
    outer loop
      vertex 30.9651 0.644 2.1
      vertex 30.8297 0.637408 1.2
      vertex 30.9651 0.644 1.2
    endloop
  endfacet
  facet normal -0.086523 -0.99625 0
    outer loop
      vertex 30.9651 0.644 1.2
      vertex 31.2123 0.622531 2.1
      vertex 30.9651 0.644 2.1
    endloop
  endfacet
  facet normal -0.086523 -0.99625 -0
    outer loop
      vertex 31.2123 0.622531 2.1
      vertex 30.9651 0.644 1.2
      vertex 31.2123 0.622531 1.2
    endloop
  endfacet
  facet normal -0.283283 -0.959036 0
    outer loop
      vertex 31.2123 0.622531 1.2
      vertex 31.4304 0.558108 2.1
      vertex 31.2123 0.622531 2.1
    endloop
  endfacet
  facet normal -0.283283 -0.959036 -0
    outer loop
      vertex 31.4304 0.558108 2.1
      vertex 31.2123 0.622531 1.2
      vertex 31.4304 0.558108 1.2
    endloop
  endfacet
  facet normal -0.493776 -0.869589 0
    outer loop
      vertex 31.4304 0.558108 1.2
      vertex 31.6195 0.450732 2.1
      vertex 31.4304 0.558108 2.1
    endloop
  endfacet
  facet normal -0.493776 -0.869589 -0
    outer loop
      vertex 31.6195 0.450732 2.1
      vertex 31.4304 0.558108 1.2
      vertex 31.6195 0.450732 1.2
    endloop
  endfacet
  facet normal -0.684929 -0.728609 0
    outer loop
      vertex 31.6195 0.450732 1.2
      vertex 31.7794 0.300418 2.1
      vertex 31.6195 0.450732 2.1
    endloop
  endfacet
  facet normal -0.684929 -0.728609 -0
    outer loop
      vertex 31.7794 0.300418 2.1
      vertex 31.6195 0.450732 1.2
      vertex 31.7794 0.300418 1.2
    endloop
  endfacet
  facet normal -0.827986 -0.560749 0
    outer loop
      vertex 31.9103 0.107135 1.2
      vertex 31.7794 0.300418 2.1
      vertex 31.7794 0.300418 1.2
    endloop
  endfacet
  facet normal -0.827986 -0.560749 0
    outer loop
      vertex 31.7794 0.300418 2.1
      vertex 31.9103 0.107135 1.2
      vertex 31.9103 0.107135 2.1
    endloop
  endfacet
  facet normal -0.918342 -0.395788 0
    outer loop
      vertex 32.0121 -0.12907 1.2
      vertex 31.9103 0.107135 2.1
      vertex 31.9103 0.107135 1.2
    endloop
  endfacet
  facet normal -0.918342 -0.395788 0
    outer loop
      vertex 31.9103 0.107135 2.1
      vertex 32.0121 -0.12907 1.2
      vertex 32.0121 -0.12907 2.1
    endloop
  endfacet
  facet normal -0.967726 -0.252006 0
    outer loop
      vertex 32.0848 -0.408245 1.2
      vertex 32.0121 -0.12907 2.1
      vertex 32.0121 -0.12907 1.2
    endloop
  endfacet
  facet normal -0.967726 -0.252006 0
    outer loop
      vertex 32.0121 -0.12907 2.1
      vertex 32.0848 -0.408245 1.2
      vertex 32.0848 -0.408245 2.1
    endloop
  endfacet
  facet normal -0.990922 -0.134435 0
    outer loop
      vertex 32.1285 -0.730358 1.2
      vertex 32.0848 -0.408245 2.1
      vertex 32.0848 -0.408245 1.2
    endloop
  endfacet
  facet normal -0.990922 -0.134435 0
    outer loop
      vertex 32.0848 -0.408245 2.1
      vertex 32.1285 -0.730358 1.2
      vertex 32.1285 -0.730358 2.1
    endloop
  endfacet
  facet normal -0.999212 -0.039688 0
    outer loop
      vertex 32.143 -1.09542 1.2
      vertex 32.1285 -0.730358 2.1
      vertex 32.1285 -0.730358 1.2
    endloop
  endfacet
  facet normal -0.999212 -0.039688 0
    outer loop
      vertex 32.1285 -0.730358 2.1
      vertex 32.143 -1.09542 1.2
      vertex 32.143 -1.09542 2.1
    endloop
  endfacet
  facet normal -1 0 0
    outer loop
      vertex 32.143 -4.8 1.2
      vertex 32.143 -1.09542 2.1
      vertex 32.143 -1.09542 1.2
    endloop
  endfacet
  facet normal -1 -0 0
    outer loop
      vertex 32.143 -1.09542 2.1
      vertex 32.143 -4.8 1.2
      vertex 32.143 -4.8 2.1
    endloop
  endfacet
  facet normal 0 -1 0
    outer loop
      vertex 32.143 -4.8 1.2
      vertex 33.8518 -4.8 2.1
      vertex 32.143 -4.8 2.1
    endloop
  endfacet
  facet normal 0 -1 -0
    outer loop
      vertex 33.8518 -4.8 2.1
      vertex 32.143 -4.8 1.2
      vertex 33.8518 -4.8 1.2
    endloop
  endfacet
  facet normal 1 -0 0
    outer loop
      vertex 33.8518 -4.8 2.1
      vertex 33.8518 -0.607174 1.2
      vertex 33.8518 -0.607174 2.1
    endloop
  endfacet
  facet normal 1 0 0
    outer loop
      vertex 33.8518 -0.607174 1.2
      vertex 33.8518 -4.8 2.1
      vertex 33.8518 -4.8 1.2
    endloop
  endfacet
  facet normal 0.999672 0.0256148 0
    outer loop
      vertex 33.8518 -0.607174 2.1
      vertex 33.8449 -0.337887 1.2
      vertex 33.8449 -0.337887 2.1
    endloop
  endfacet
  facet normal 0.999672 0.0256148 0
    outer loop
      vertex 33.8449 -0.337887 1.2
      vertex 33.8518 -0.607174 2.1
      vertex 33.8518 -0.607174 1.2
    endloop
  endfacet
  facet normal 0.996678 0.0814471 0
    outer loop
      vertex 33.8449 -0.337887 2.1
      vertex 33.8241 -0.0833549 1.2
      vertex 33.8241 -0.0833549 2.1
    endloop
  endfacet
  facet normal 0.996678 0.0814471 0
    outer loop
      vertex 33.8241 -0.0833549 1.2
      vertex 33.8449 -0.337887 2.1
      vertex 33.8449 -0.337887 1.2
    endloop
  endfacet
  facet normal 0.989689 0.143236 0
    outer loop
      vertex 33.8241 -0.0833549 2.1
      vertex 33.7894 0.156405 1.2
      vertex 33.7894 0.156405 2.1
    endloop
  endfacet
  facet normal 0.989689 0.143236 0
    outer loop
      vertex 33.7894 0.156405 1.2
      vertex 33.8241 -0.0833549 2.1
      vertex 33.8241 -0.0833549 1.2
    endloop
  endfacet
  facet normal 0.977546 0.210724 0
    outer loop
      vertex 33.7894 0.156405 2.1
      vertex 33.7409 0.381396 1.2
      vertex 33.7409 0.381396 2.1
    endloop
  endfacet
  facet normal 0.977546 0.210724 0
    outer loop
      vertex 33.7409 0.381396 1.2
      vertex 33.7894 0.156405 2.1
      vertex 33.7894 0.156405 1.2
    endloop
  endfacet
  facet normal 0.958659 0.284559 0
    outer loop
      vertex 33.7409 0.381396 2.1
      vertex 33.6785 0.591617 1.2
      vertex 33.6785 0.591617 2.1
    endloop
  endfacet
  facet normal 0.958659 0.284559 0
    outer loop
      vertex 33.6785 0.591617 1.2
      vertex 33.7409 0.381396 2.1
      vertex 33.7409 0.381396 1.2
    endloop
  endfacet
  facet normal 0.931695 0.363241 0
    outer loop
      vertex 33.6785 0.591617 2.1
      vertex 33.6023 0.787066 1.2
      vertex 33.6023 0.787066 2.1
    endloop
  endfacet
  facet normal 0.931695 0.363241 0
    outer loop
      vertex 33.6023 0.787066 1.2
      vertex 33.6785 0.591617 2.1
      vertex 33.6785 0.591617 1.2
    endloop
  endfacet
  facet normal 0.894902 0.446262 0
    outer loop
      vertex 33.6023 0.787066 2.1
      vertex 33.5122 0.967746 1.2
      vertex 33.5122 0.967746 2.1
    endloop
  endfacet
  facet normal 0.894902 0.446262 0
    outer loop
      vertex 33.5122 0.967746 1.2
      vertex 33.6023 0.787066 2.1
      vertex 33.6023 0.787066 1.2
    endloop
  endfacet
  facet normal 0.847286 0.531137 0
    outer loop
      vertex 33.5122 0.967746 2.1
      vertex 33.4082 1.13365 1.2
      vertex 33.4082 1.13365 2.1
    endloop
  endfacet
  facet normal 0.847286 0.531137 0
    outer loop
      vertex 33.4082 1.13365 1.2
      vertex 33.5122 0.967746 2.1
      vertex 33.5122 0.967746 1.2
    endloop
  endfacet
  facet normal 0.788514 0.615016 0
    outer loop
      vertex 33.4082 1.13365 2.1
      vertex 33.2903 1.28481 1.2
      vertex 33.2903 1.28481 2.1
    endloop
  endfacet
  facet normal 0.788514 0.615016 0
    outer loop
      vertex 33.2903 1.28481 1.2
      vertex 33.4082 1.13365 2.1
      vertex 33.4082 1.13365 1.2
    endloop
  endfacet
  facet normal 0.720165 0.693803 0
    outer loop
      vertex 33.2903 1.28481 2.1
      vertex 33.1595 1.42058 1.2
      vertex 33.1595 1.42058 2.1
    endloop
  endfacet
  facet normal 0.720165 0.693803 0
    outer loop
      vertex 33.1595 1.42058 1.2
      vertex 33.2903 1.28481 2.1
      vertex 33.2903 1.28481 1.2
    endloop
  endfacet
  facet normal 0.642714 0.766106 -0
    outer loop
      vertex 33.1595 1.42058 1.2
      vertex 33.0167 1.54038 2.1
      vertex 33.1595 1.42058 2.1
    endloop
  endfacet
  facet normal 0.642714 0.766106 0
    outer loop
      vertex 33.0167 1.54038 2.1
      vertex 33.1595 1.42058 1.2
      vertex 33.0167 1.54038 1.2
    endloop
  endfacet
  facet normal 0.556753 0.830678 -0
    outer loop
      vertex 33.0167 1.54038 1.2
      vertex 32.8618 1.6442 2.1
      vertex 33.0167 1.54038 2.1
    endloop
  endfacet
  facet normal 0.556753 0.830678 0
    outer loop
      vertex 32.8618 1.6442 2.1
      vertex 33.0167 1.54038 1.2
      vertex 32.8618 1.6442 1.2
    endloop
  endfacet
  facet normal 0.465602 0.884994 -0
    outer loop
      vertex 32.8618 1.6442 1.2
      vertex 32.6948 1.73206 2.1
      vertex 32.8618 1.6442 2.1
    endloop
  endfacet
  facet normal 0.465602 0.884994 0
    outer loop
      vertex 32.6948 1.73206 2.1
      vertex 32.8618 1.6442 1.2
      vertex 32.6948 1.73206 1.2
    endloop
  endfacet
  facet normal 0.372642 0.927975 -0
    outer loop
      vertex 32.6948 1.73206 1.2
      vertex 32.5158 1.80394 2.1
      vertex 32.6948 1.73206 2.1
    endloop
  endfacet
  facet normal 0.372642 0.927975 0
    outer loop
      vertex 32.5158 1.80394 2.1
      vertex 32.6948 1.73206 1.2
      vertex 32.5158 1.80394 1.2
    endloop
  endfacet
  facet normal 0.280752 0.95978 -0
    outer loop
      vertex 32.5158 1.80394 1.2
      vertex 32.3247 1.85984 2.1
      vertex 32.5158 1.80394 2.1
    endloop
  endfacet
  facet normal 0.280752 0.95978 0
    outer loop
      vertex 32.3247 1.85984 2.1
      vertex 32.5158 1.80394 1.2
      vertex 32.3247 1.85984 1.2
    endloop
  endfacet
  facet normal 0.192956 0.981207 -0
    outer loop
      vertex 32.3247 1.85984 1.2
      vertex 32.1216 1.89978 2.1
      vertex 32.3247 1.85984 2.1
    endloop
  endfacet
  facet normal 0.192956 0.981207 0
    outer loop
      vertex 32.1216 1.89978 2.1
      vertex 32.3247 1.85984 1.2
      vertex 32.1216 1.89978 1.2
    endloop
  endfacet
  facet normal 0.110655 0.993859 -0
    outer loop
      vertex 32.1216 1.89978 1.2
      vertex 31.9064 1.92374 2.1
      vertex 32.1216 1.89978 2.1
    endloop
  endfacet
  facet normal 0.110655 0.993859 0
    outer loop
      vertex 31.9064 1.92374 2.1
      vertex 32.1216 1.89978 1.2
      vertex 31.9064 1.92374 1.2
    endloop
  endfacet
  facet normal 0.0350862 0.999384 -0
    outer loop
      vertex 31.9064 1.92374 1.2
      vertex 31.6791 1.93172 2.1
      vertex 31.9064 1.92374 2.1
    endloop
  endfacet
  facet normal 0.0350862 0.999384 0
    outer loop
      vertex 31.6791 1.93172 2.1
      vertex 31.9064 1.92374 1.2
      vertex 31.6791 1.93172 1.2
    endloop
  endfacet
  facet normal -0.0264854 0.999649 0
    outer loop
      vertex 31.6791 1.93172 1.2
      vertex 31.5202 1.92751 2.1
      vertex 31.6791 1.93172 2.1
    endloop
  endfacet
  facet normal -0.0264854 0.999649 0
    outer loop
      vertex 31.5202 1.92751 2.1
      vertex 31.6791 1.93172 1.2
      vertex 31.5202 1.92751 1.2
    endloop
  endfacet
  facet normal -0.0820486 0.996628 0
    outer loop
      vertex 31.5202 1.92751 1.2
      vertex 31.3663 1.91484 2.1
      vertex 31.5202 1.92751 2.1
    endloop
  endfacet
  facet normal -0.0820486 0.996628 0
    outer loop
      vertex 31.3663 1.91484 2.1
      vertex 31.5202 1.92751 1.2
      vertex 31.3663 1.91484 1.2
    endloop
  endfacet
  facet normal -0.140212 0.990122 0
    outer loop
      vertex 31.3663 1.91484 1.2
      vertex 31.2173 1.89374 2.1
      vertex 31.3663 1.91484 2.1
    endloop
  endfacet
  facet normal -0.140212 0.990122 0
    outer loop
      vertex 31.2173 1.89374 2.1
      vertex 31.3663 1.91484 1.2
      vertex 31.2173 1.89374 1.2
    endloop
  endfacet
  facet normal -0.200954 0.979601 0
    outer loop
      vertex 31.2173 1.89374 1.2
      vertex 31.0733 1.8642 2.1
      vertex 31.2173 1.89374 2.1
    endloop
  endfacet
  facet normal -0.200954 0.979601 0
    outer loop
      vertex 31.0733 1.8642 2.1
      vertex 31.2173 1.89374 1.2
      vertex 31.0733 1.8642 1.2
    endloop
  endfacet
  facet normal -0.263575 0.964639 0
    outer loop
      vertex 31.0733 1.8642 1.2
      vertex 30.9343 1.82622 2.1
      vertex 31.0733 1.8642 2.1
    endloop
  endfacet
  facet normal -0.263575 0.964639 0
    outer loop
      vertex 30.9343 1.82622 2.1
      vertex 31.0733 1.8642 1.2
      vertex 30.9343 1.82622 1.2
    endloop
  endfacet
  facet normal -0.327333 0.944909 0
    outer loop
      vertex 30.9343 1.82622 1.2
      vertex 30.8003 1.7798 2.1
      vertex 30.9343 1.82622 2.1
    endloop
  endfacet
  facet normal -0.327333 0.944909 0
    outer loop
      vertex 30.8003 1.7798 2.1
      vertex 30.9343 1.82622 1.2
      vertex 30.8003 1.7798 1.2
    endloop
  endfacet
  facet normal -0.391035 0.920376 0
    outer loop
      vertex 30.8003 1.7798 1.2
      vertex 30.6712 1.72495 2.1
      vertex 30.8003 1.7798 2.1
    endloop
  endfacet
  facet normal -0.391035 0.920376 0
    outer loop
      vertex 30.6712 1.72495 2.1
      vertex 30.8003 1.7798 1.2
      vertex 30.6712 1.72495 1.2
    endloop
  endfacet
  facet normal -0.454434 0.89078 0
    outer loop
      vertex 30.6712 1.72495 1.2
      vertex 30.5471 1.66164 2.1
      vertex 30.6712 1.72495 2.1
    endloop
  endfacet
  facet normal -0.454434 0.89078 0
    outer loop
      vertex 30.5471 1.66164 2.1
      vertex 30.6712 1.72495 1.2
      vertex 30.5471 1.66164 1.2
    endloop
  endfacet
  facet normal -0.515923 0.856635 0
    outer loop
      vertex 30.5471 1.66164 1.2
      vertex 30.428 1.58991 2.1
      vertex 30.5471 1.66164 2.1
    endloop
  endfacet
  facet normal -0.515923 0.856635 0
    outer loop
      vertex 30.428 1.58991 2.1
      vertex 30.5471 1.66164 1.2
      vertex 30.428 1.58991 1.2
    endloop
  endfacet
  facet normal -0.577855 0.816139 0
    outer loop
      vertex 30.428 1.58991 1.2
      vertex 30.3135 1.50884 2.1
      vertex 30.428 1.58991 2.1
    endloop
  endfacet
  facet normal -0.577855 0.816139 0
    outer loop
      vertex 30.3135 1.50884 2.1
      vertex 30.428 1.58991 1.2
      vertex 30.3135 1.50884 1.2
    endloop
  endfacet
  facet normal -0.638711 0.769447 0
    outer loop
      vertex 30.3135 1.50884 1.2
      vertex 30.2035 1.41753 2.1
      vertex 30.3135 1.50884 2.1
    endloop
  endfacet
  facet normal -0.638711 0.769447 0
    outer loop
      vertex 30.2035 1.41753 2.1
      vertex 30.3135 1.50884 1.2
      vertex 30.2035 1.41753 1.2
    endloop
  endfacet
  facet normal -0.692844 0.721087 0
    outer loop
      vertex 30.2035 1.41753 1.2
      vertex 30.0978 1.31597 2.1
      vertex 30.2035 1.41753 2.1
    endloop
  endfacet
  facet normal -0.692844 0.721087 0
    outer loop
      vertex 30.0978 1.31597 2.1
      vertex 30.2035 1.41753 1.2
      vertex 30.0978 1.31597 1.2
    endloop
  endfacet
  facet normal -0.740779 0.671749 0
    outer loop
      vertex 29.9964 1.20415 1.2
      vertex 30.0978 1.31597 2.1
      vertex 30.0978 1.31597 1.2
    endloop
  endfacet
  facet normal -0.740779 0.671749 0
    outer loop
      vertex 30.0978 1.31597 2.1
      vertex 29.9964 1.20415 1.2
      vertex 29.9964 1.20415 2.1
    endloop
  endfacet
  facet normal -0.782867 0.622189 0
    outer loop
      vertex 29.8994 1.0821 1.2
      vertex 29.9964 1.20415 2.1
      vertex 29.9964 1.20415 1.2
    endloop
  endfacet
  facet normal -0.782867 0.622189 0
    outer loop
      vertex 29.9964 1.20415 2.1
      vertex 29.8994 1.0821 1.2
      vertex 29.8994 1.0821 2.1
    endloop
  endfacet
  facet normal -0.81929 0.57338 0
    outer loop
      vertex 29.8068 0.949786 1.2
      vertex 29.8994 1.0821 2.1
      vertex 29.8994 1.0821 1.2
    endloop
  endfacet
  facet normal -0.81929 0.57338 0
    outer loop
      vertex 29.8994 1.0821 2.1
      vertex 29.8068 0.949786 1.2
      vertex 29.8068 0.949786 2.1
    endloop
  endfacet
  facet normal -0.850407 0.526125 0
    outer loop
      vertex 29.7186 0.807223 1.2
      vertex 29.8068 0.949786 2.1
      vertex 29.8068 0.949786 1.2
    endloop
  endfacet
  facet normal -0.850407 0.526125 0
    outer loop
      vertex 29.8068 0.949786 2.1
      vertex 29.7186 0.807223 1.2
      vertex 29.7186 0.807223 2.1
    endloop
  endfacet
  facet normal -0.876556 0.4813 0
    outer loop
      vertex 29.6347 0.654422 1.2
      vertex 29.7186 0.807223 2.1
      vertex 29.7186 0.807223 1.2
    endloop
  endfacet
  facet normal -0.876556 0.4813 0
    outer loop
      vertex 29.7186 0.807223 2.1
      vertex 29.6347 0.654422 1.2
      vertex 29.6347 0.654422 2.1
    endloop
  endfacet
  facet normal -0.898854 0.438248 0
    outer loop
      vertex 29.5552 0.491366 1.2
      vertex 29.6347 0.654422 2.1
      vertex 29.6347 0.654422 1.2
    endloop
  endfacet
  facet normal -0.898854 0.438248 0
    outer loop
      vertex 29.6347 0.654422 2.1
      vertex 29.5552 0.491366 1.2
      vertex 29.5552 0.491366 2.1
    endloop
  endfacet
  facet normal 0 1 -0
    outer loop
      vertex 29.5552 0.491366 1.2
      vertex 29.5308 0.491366 2.1
      vertex 29.5552 0.491366 2.1
    endloop
  endfacet
  facet normal 0 1 0
    outer loop
      vertex 29.5308 0.491366 2.1
      vertex 29.5552 0.491366 1.2
      vertex 29.5308 0.491366 1.2
    endloop
  endfacet
  facet normal 0.999979 0.00653168 0
    outer loop
      vertex 29.5308 0.491366 2.1
      vertex 29.5305 0.537295 1.2
      vertex 29.5305 0.537295 2.1
    endloop
  endfacet
  facet normal 0.999979 0.00653168 0
    outer loop
      vertex 29.5305 0.537295 1.2
      vertex 29.5308 0.491366 2.1
      vertex 29.5308 0.491366 1.2
    endloop
  endfacet
  facet normal 0.99975 0.0223425 0
    outer loop
      vertex 29.5305 0.537295 2.1
      vertex 29.5293 0.590991 1.2
      vertex 29.5293 0.590991 2.1
    endloop
  endfacet
  facet normal 0.99975 0.0223425 0
    outer loop
      vertex 29.5293 0.590991 1.2
      vertex 29.5305 0.537295 2.1
      vertex 29.5305 0.537295 1.2
    endloop
  endfacet
  facet normal 0.999571 0.0292738 0
    outer loop
      vertex 29.5293 0.590991 2.1
      vertex 29.5275 0.652453 1.2
      vertex 29.5275 0.652453 2.1
    endloop
  endfacet
  facet normal 0.999571 0.0292738 0
    outer loop
      vertex 29.5275 0.652453 1.2
      vertex 29.5293 0.590991 2.1
      vertex 29.5293 0.590991 1.2
    endloop
  endfacet
  facet normal 0.99924 0.0389798 0
    outer loop
      vertex 29.5275 0.652453 2.1
      vertex 29.5248 0.721667 1.2
      vertex 29.5248 0.721667 2.1
    endloop
  endfacet
  facet normal 0.99924 0.0389798 0
    outer loop
      vertex 29.5248 0.721667 1.2
      vertex 29.5275 0.652453 2.1
      vertex 29.5275 0.652453 1.2
    endloop
  endfacet
  facet normal 0.999026 0.0441323 0
    outer loop
      vertex 29.5248 0.721667 2.1
      vertex 29.5214 0.798633 1.2
      vertex 29.5214 0.798633 2.1
    endloop
  endfacet
  facet normal 0.999026 0.0441323 0
    outer loop
      vertex 29.5214 0.798633 1.2
      vertex 29.5248 0.721667 2.1
      vertex 29.5248 0.721667 1.2
    endloop
  endfacet
  facet normal 0.998831 0.0483313 0
    outer loop
      vertex 29.5214 0.798633 2.1
      vertex 29.5173 0.883365 1.2
      vertex 29.5173 0.883365 2.1
    endloop
  endfacet
  facet normal 0.998831 0.0483313 0
    outer loop
      vertex 29.5173 0.883365 1.2
      vertex 29.5214 0.798633 2.1
      vertex 29.5214 0.798633 1.2
    endloop
  endfacet
  facet normal 0.998599 0.0529085 0
    outer loop
      vertex 29.5173 0.883365 2.1
      vertex 29.5124 0.975848 1.2
      vertex 29.5124 0.975848 2.1
    endloop
  endfacet
  facet normal 0.998599 0.0529085 0
    outer loop
      vertex 29.5124 0.975848 1.2
      vertex 29.5173 0.883365 2.1
      vertex 29.5173 0.883365 1.2
    endloop
  endfacet
  facet normal 0.998388 0.056765 0
    outer loop
      vertex 29.5124 0.975848 2.1
      vertex 29.5067 1.0761 1.2
      vertex 29.5067 1.0761 2.1
    endloop
  endfacet
  facet normal 0.998388 0.056765 0
    outer loop
      vertex 29.5067 1.0761 1.2
      vertex 29.5124 0.975848 2.1
      vertex 29.5124 0.975848 1.2
    endloop
  endfacet
  facet normal 0.998248 0.0591664 0
    outer loop
      vertex 29.5067 1.0761 2.1
      vertex 29.5003 1.18408 1.2
      vertex 29.5003 1.18408 2.1
    endloop
  endfacet
  facet normal 0.998248 0.0591664 0
    outer loop
      vertex 29.5003 1.18408 1.2
      vertex 29.5067 1.0761 2.1
      vertex 29.5067 1.0761 1.2
    endloop
  endfacet
  facet normal 0.998107 0.0614965 0
    outer loop
      vertex 29.5003 1.18408 2.1
      vertex 29.4937 1.2912 1.2
      vertex 29.4937 1.2912 2.1
    endloop
  endfacet
  facet normal 0.998107 0.0614965 0
    outer loop
      vertex 29.4937 1.2912 1.2
      vertex 29.5003 1.18408 2.1
      vertex 29.5003 1.18408 1.2
    endloop
  endfacet
  facet normal 0.997921 0.064448 0
    outer loop
      vertex 29.4937 1.2912 2.1
      vertex 29.4874 1.38875 1.2
      vertex 29.4874 1.38875 2.1
    endloop
  endfacet
  facet normal 0.997921 0.064448 0
    outer loop
      vertex 29.4874 1.38875 1.2
      vertex 29.4937 1.2912 2.1
      vertex 29.4937 1.2912 1.2
    endloop
  endfacet
  facet normal 0.997604 0.0691757 0
    outer loop
      vertex 29.4874 1.38875 2.1
      vertex 29.4813 1.47672 1.2
      vertex 29.4813 1.47672 2.1
    endloop
  endfacet
  facet normal 0.997604 0.0691757 0
    outer loop
      vertex 29.4813 1.47672 1.2
      vertex 29.4874 1.38875 2.1
      vertex 29.4874 1.38875 1.2
    endloop
  endfacet
  facet normal 0.997367 0.0725127 0
    outer loop
      vertex 29.4813 1.47672 2.1
      vertex 29.4756 1.55512 1.2
      vertex 29.4756 1.55512 2.1
    endloop
  endfacet
  facet normal 0.997367 0.0725127 0
    outer loop
      vertex 29.4756 1.55512 1.2
      vertex 29.4813 1.47672 2.1
      vertex 29.4813 1.47672 1.2
    endloop
  endfacet
  facet normal 0.996937 0.0782138 0
    outer loop
      vertex 29.4756 1.55512 2.1
      vertex 29.4702 1.62395 1.2
      vertex 29.4702 1.62395 2.1
    endloop
  endfacet
  facet normal 0.996937 0.0782138 0
    outer loop
      vertex 29.4702 1.62395 1.2
      vertex 29.4756 1.55512 2.1
      vertex 29.4756 1.55512 1.2
    endloop
  endfacet
  facet normal 0.996318 0.0857301 0
    outer loop
      vertex 29.4702 1.62395 2.1
      vertex 29.4651 1.68322 1.2
      vertex 29.4651 1.68322 2.1
    endloop
  endfacet
  facet normal 0.996318 0.0857301 0
    outer loop
      vertex 29.4651 1.68322 1.2
      vertex 29.4702 1.62395 2.1
      vertex 29.4702 1.62395 1.2
    endloop
  endfacet
  facet normal 0.995171 0.098155 0
    outer loop
      vertex 29.4651 1.68322 2.1
      vertex 29.4602 1.7329 1.2
      vertex 29.4602 1.7329 2.1
    endloop
  endfacet
  facet normal 0.995171 0.098155 0
    outer loop
      vertex 29.4602 1.7329 1.2
      vertex 29.4651 1.68322 2.1
      vertex 29.4651 1.68322 1.2
    endloop
  endfacet
  facet normal 0.993765 0.111492 0
    outer loop
      vertex 29.4602 1.7329 2.1
      vertex 29.4557 1.77301 1.2
      vertex 29.4557 1.77301 2.1
    endloop
  endfacet
  facet normal 0.993765 0.111492 0
    outer loop
      vertex 29.4557 1.77301 1.2
      vertex 29.4602 1.7329 2.1
      vertex 29.4602 1.7329 1.2
    endloop
  endfacet
  facet normal 0.990682 0.136198 0
    outer loop
      vertex 29.4557 1.77301 2.1
      vertex 29.4515 1.80356 1.2
      vertex 29.4515 1.80356 2.1
    endloop
  endfacet
  facet normal 0.990682 0.136198 0
    outer loop
      vertex 29.4515 1.80356 1.2
      vertex 29.4557 1.77301 2.1
      vertex 29.4557 1.77301 1.2
    endloop
  endfacet
  facet normal 0 1 -0
    outer loop
      vertex 29.4515 1.80356 1.2
      vertex 27.8159 1.80356 2.1
      vertex 29.4515 1.80356 2.1
    endloop
  endfacet
  facet normal 0 1 0
    outer loop
      vertex 27.8159 1.80356 2.1
      vertex 29.4515 1.80356 1.2
      vertex 27.8159 1.80356 1.2
    endloop
  endfacet
  facet normal -0.997825 -0.0659174 0
    outer loop
      vertex 27.8199 1.74301 1.2
      vertex 27.8159 1.80356 2.1
      vertex 27.8159 1.80356 1.2
    endloop
  endfacet
  facet normal -0.997825 -0.0659174 0
    outer loop
      vertex 27.8159 1.80356 2.1
      vertex 27.8199 1.74301 1.2
      vertex 27.8199 1.74301 2.1
    endloop
  endfacet
  facet normal -0.997944 -0.064094 0
    outer loop
      vertex 27.8239 1.68073 1.2
      vertex 27.8199 1.74301 2.1
      vertex 27.8199 1.74301 1.2
    endloop
  endfacet
  facet normal -0.997944 -0.064094 0
    outer loop
      vertex 27.8199 1.74301 2.1
      vertex 27.8239 1.68073 1.2
      vertex 27.8239 1.68073 2.1
    endloop
  endfacet
  facet normal -0.998242 -0.0592614 0
    outer loop
      vertex 27.8277 1.61672 1.2
      vertex 27.8239 1.68073 2.1
      vertex 27.8239 1.68073 1.2
    endloop
  endfacet
  facet normal -0.998242 -0.0592614 0
    outer loop
      vertex 27.8239 1.68073 2.1
      vertex 27.8277 1.61672 1.2
      vertex 27.8277 1.61672 2.1
    endloop
  endfacet
  facet normal -0.998334 -0.0577071 0
    outer loop
      vertex 27.8315 1.55098 1.2
      vertex 27.8277 1.61672 2.1
      vertex 27.8277 1.61672 1.2
    endloop
  endfacet
  facet normal -0.998334 -0.0577071 0
    outer loop
      vertex 27.8277 1.61672 2.1
      vertex 27.8315 1.55098 1.2
      vertex 27.8315 1.55098 2.1
    endloop
  endfacet
  facet normal -0.998419 -0.0562156 0
    outer loop
      vertex 27.8353 1.48349 1.2
      vertex 27.8315 1.55098 2.1
      vertex 27.8315 1.55098 1.2
    endloop
  endfacet
  facet normal -0.998419 -0.0562156 0
    outer loop
      vertex 27.8315 1.55098 2.1
      vertex 27.8353 1.48349 1.2
      vertex 27.8353 1.48349 2.1
    endloop
  endfacet
  facet normal -0.99865 -0.0519454 0
    outer loop
      vertex 27.8389 1.41428 1.2
      vertex 27.8353 1.48349 2.1
      vertex 27.8353 1.48349 1.2
    endloop
  endfacet
  facet normal -0.99865 -0.0519454 0
    outer loop
      vertex 27.8353 1.48349 2.1
      vertex 27.8389 1.41428 1.2
      vertex 27.8389 1.41428 2.1
    endloop
  endfacet
  facet normal -0.998715 -0.0506819 0
    outer loop
      vertex 27.8425 1.34334 1.2
      vertex 27.8389 1.41428 2.1
      vertex 27.8389 1.41428 1.2
    endloop
  endfacet
  facet normal -0.998715 -0.0506819 0
    outer loop
      vertex 27.8389 1.41428 2.1
      vertex 27.8425 1.34334 1.2
      vertex 27.8425 1.34334 2.1
    endloop
  endfacet
  facet normal -0.998843 -0.048094 0
    outer loop
      vertex 27.846 1.27065 1.2
      vertex 27.8425 1.34334 2.1
      vertex 27.8425 1.34334 1.2
    endloop
  endfacet
  facet normal -0.998843 -0.048094 0
    outer loop
      vertex 27.8425 1.34334 2.1
      vertex 27.846 1.27065 1.2
      vertex 27.846 1.27065 2.1
    endloop
  endfacet
  facet normal -0.998957 -0.0456513 0
    outer loop
      vertex 27.8494 1.19625 1.2
      vertex 27.846 1.27065 2.1
      vertex 27.846 1.27065 1.2
    endloop
  endfacet
  facet normal -0.998957 -0.0456513 0
    outer loop
      vertex 27.846 1.27065 2.1
      vertex 27.8494 1.19625 1.2
      vertex 27.8494 1.19625 2.1
    endloop
  endfacet
  facet normal -0.999152 -0.0411809 0
    outer loop
      vertex 27.8526 1.11861 1.2
      vertex 27.8494 1.19625 2.1
      vertex 27.8494 1.19625 1.2
    endloop
  endfacet
  facet normal -0.999152 -0.0411809 0
    outer loop
      vertex 27.8494 1.19625 2.1
      vertex 27.8526 1.11861 1.2
      vertex 27.8526 1.11861 2.1
    endloop
  endfacet
  facet normal -0.999423 -0.0339692 0
    outer loop
      vertex 27.8554 1.03623 1.2
      vertex 27.8526 1.11861 2.1
      vertex 27.8526 1.11861 1.2
    endloop
  endfacet
  facet normal -0.999423 -0.0339692 0
    outer loop
      vertex 27.8526 1.11861 2.1
      vertex 27.8554 1.03623 1.2
      vertex 27.8554 1.03623 2.1
    endloop
  endfacet
  facet normal -0.999589 -0.028681 0
    outer loop
      vertex 27.8579 0.9491 1.2
      vertex 27.8554 1.03623 2.1
      vertex 27.8554 1.03623 1.2
    endloop
  endfacet
  facet normal -0.999589 -0.028681 0
    outer loop
      vertex 27.8554 1.03623 2.1
      vertex 27.8579 0.9491 1.2
      vertex 27.8579 0.9491 2.1
    endloop
  endfacet
  facet normal -0.999739 -0.0228514 0
    outer loop
      vertex 27.86 0.857226 1.2
      vertex 27.8579 0.9491 2.1
      vertex 27.8579 0.9491 1.2
    endloop
  endfacet
  facet normal -0.999739 -0.0228514 0
    outer loop
      vertex 27.8579 0.9491 2.1
      vertex 27.86 0.857226 1.2
      vertex 27.86 0.857226 2.1
    endloop
  endfacet
  facet normal -0.999863 -0.0165578 0
    outer loop
      vertex 27.8616 0.760608 1.2
      vertex 27.86 0.857226 2.1
      vertex 27.86 0.857226 1.2
    endloop
  endfacet
  facet normal -0.999863 -0.0165578 0
    outer loop
      vertex 27.86 0.857226 2.1
      vertex 27.8616 0.760608 1.2
      vertex 27.8616 0.760608 2.1
    endloop
  endfacet
  facet normal -0.999905 -0.0138103 0
    outer loop
      vertex 27.863 0.659244 1.2
      vertex 27.8616 0.760608 2.1
      vertex 27.8616 0.760608 1.2
    endloop
  endfacet
  facet normal -0.999905 -0.0138103 0
    outer loop
      vertex 27.8616 0.760608 2.1
      vertex 27.863 0.659244 1.2
      vertex 27.863 0.659244 2.1
    endloop
  endfacet
  facet normal -0.999964 -0.00848146 0
    outer loop
      vertex 27.8639 0.553134 1.2
      vertex 27.863 0.659244 2.1
      vertex 27.863 0.659244 1.2
    endloop
  endfacet
  facet normal -0.999964 -0.00848146 0
    outer loop
      vertex 27.863 0.659244 2.1
      vertex 27.8639 0.553134 1.2
      vertex 27.8639 0.553134 2.1
    endloop
  endfacet
  facet normal -0.999985 -0.00541166 0
    outer loop
      vertex 27.8645 0.442264 1.2
      vertex 27.8639 0.553134 2.1
      vertex 27.8639 0.553134 1.2
    endloop
  endfacet
  facet normal -0.999985 -0.00541166 0
    outer loop
      vertex 27.8639 0.553134 2.1
      vertex 27.8645 0.442264 1.2
      vertex 27.8645 0.442264 2.1
    endloop
  endfacet
  facet normal -0.999999 -0.00173009 0
    outer loop
      vertex 27.8647 0.326663 1.2
      vertex 27.8645 0.442264 2.1
      vertex 27.8645 0.442264 1.2
    endloop
  endfacet
  facet normal -0.999999 -0.00173009 0
    outer loop
      vertex 27.8645 0.442264 2.1
      vertex 27.8647 0.326663 1.2
      vertex 27.8647 0.326663 2.1
    endloop
  endfacet
  facet normal -1 0 0
    outer loop
      vertex 27.8647 -4.8 1.2
      vertex 27.8647 0.326663 2.1
      vertex 27.8647 0.326663 1.2
    endloop
  endfacet
  facet normal -1 -0 0
    outer loop
      vertex 27.8647 0.326663 2.1
      vertex 27.8647 -4.8 1.2
      vertex 27.8647 -4.8 2.1
    endloop
  endfacet
  facet normal 0 -1 0
    outer loop
      vertex 27.8647 -4.8 1.2
      vertex 29.5797 -4.8 2.1
      vertex 27.8647 -4.8 2.1
    endloop
  endfacet
  facet normal 0 -1 -0
    outer loop
      vertex 29.5797 -4.8 2.1
      vertex 27.8647 -4.8 1.2
      vertex 29.5797 -4.8 1.2
    endloop
  endfacet
  facet normal 1 -0 0
    outer loop
      vertex 29.5797 -4.8 2.1
      vertex 29.5797 -1.26022 1.2
      vertex 29.5797 -1.26022 2.1
    endloop
  endfacet
  facet normal 1 0 0
    outer loop
      vertex 29.5797 -1.26022 1.2
      vertex 29.5797 -4.8 2.1
      vertex 29.5797 -4.8 1.2
    endloop
  endfacet
  facet normal 0.999801 -0.019967 0
    outer loop
      vertex 17.3727 -1.55929 2.1
      vertex 17.3771 -1.33897 1.2
      vertex 17.3771 -1.33897 2.1
    endloop
  endfacet
  facet normal 0.999801 -0.019967 0
    outer loop
      vertex 17.3771 -1.33897 1.2
      vertex 17.3727 -1.55929 2.1
      vertex 17.3727 -1.55929 1.2
    endloop
  endfacet
  facet normal 0.997992 -0.0633463 0
    outer loop
      vertex 17.3771 -1.33897 2.1
      vertex 17.3903 -1.13101 1.2
      vertex 17.3903 -1.13101 2.1
    endloop
  endfacet
  facet normal 0.997992 -0.0633463 0
    outer loop
      vertex 17.3903 -1.13101 1.2
      vertex 17.3771 -1.33897 2.1
      vertex 17.3771 -1.33897 1.2
    endloop
  endfacet
  facet normal 0.993735 -0.111758 0
    outer loop
      vertex 17.3903 -1.13101 2.1
      vertex 17.4123 -0.93539 1.2
      vertex 17.4123 -0.93539 2.1
    endloop
  endfacet
  facet normal 0.993735 -0.111758 0
    outer loop
      vertex 17.4123 -0.93539 1.2
      vertex 17.3903 -1.13101 2.1
      vertex 17.3903 -1.13101 1.2
    endloop
  endfacet
  facet normal 0.986078 -0.166282 0
    outer loop
      vertex 17.4123 -0.93539 2.1
      vertex 17.4432 -0.752148 1.2
      vertex 17.4432 -0.752148 2.1
    endloop
  endfacet
  facet normal 0.986078 -0.166282 0
    outer loop
      vertex 17.4432 -0.752148 1.2
      vertex 17.4123 -0.93539 2.1
      vertex 17.4123 -0.93539 1.2
    endloop
  endfacet
  facet normal 0.974059 -0.226295 0
    outer loop
      vertex 17.4432 -0.752148 2.1
      vertex 17.4829 -0.581264 1.2
      vertex 17.4829 -0.581264 2.1
    endloop
  endfacet
  facet normal 0.974059 -0.226295 0
    outer loop
      vertex 17.4829 -0.581264 1.2
      vertex 17.4432 -0.752148 2.1
      vertex 17.4432 -0.752148 1.2
    endloop
  endfacet
  facet normal 0.956254 -0.292538 0
    outer loop
      vertex 17.4829 -0.581264 2.1
      vertex 17.5314 -0.422726 1.2
      vertex 17.5314 -0.422726 2.1
    endloop
  endfacet
  facet normal 0.956254 -0.292538 0
    outer loop
      vertex 17.5314 -0.422726 1.2
      vertex 17.4829 -0.581264 2.1
      vertex 17.4829 -0.581264 1.2
    endloop
  endfacet
  facet normal 0.931028 -0.364947 0
    outer loop
      vertex 17.5314 -0.422726 2.1
      vertex 17.5887 -0.276546 1.2
      vertex 17.5887 -0.276546 2.1
    endloop
  endfacet
  facet normal 0.931028 -0.364947 0
    outer loop
      vertex 17.5887 -0.276546 1.2
      vertex 17.5314 -0.422726 2.1
      vertex 17.5314 -0.422726 1.2
    endloop
  endfacet
  facet normal 0.896566 -0.442909 0
    outer loop
      vertex 17.5887 -0.276546 2.1
      vertex 17.6548 -0.142742 1.2
      vertex 17.6548 -0.142742 2.1
    endloop
  endfacet
  facet normal 0.896566 -0.442909 0
    outer loop
      vertex 17.6548 -0.142742 1.2
      vertex 17.5887 -0.276546 2.1
      vertex 17.5887 -0.276546 1.2
    endloop
  endfacet
  facet normal 0.851172 -0.524888 0
    outer loop
      vertex 17.6548 -0.142742 2.1
      vertex 17.7297 -0.0212822 1.2
      vertex 17.7297 -0.0212822 2.1
    endloop
  endfacet
  facet normal 0.851172 -0.524888 0
    outer loop
      vertex 17.7297 -0.0212822 1.2
      vertex 17.6548 -0.142742 2.1
      vertex 17.6548 -0.142742 1.2
    endloop
  endfacet
  facet normal 0.795997 -0.6053 0
    outer loop
      vertex 17.7297 -0.0212822 2.1
      vertex 17.8125 0.0876036 1.2
      vertex 17.8125 0.0876036 2.1
    endloop
  endfacet
  facet normal 0.795997 -0.6053 0
    outer loop
      vertex 17.8125 0.0876036 1.2
      vertex 17.7297 -0.0212822 2.1
      vertex 17.7297 -0.0212822 1.2
    endloop
  endfacet
  facet normal 0.73011 -0.68333 0
    outer loop
      vertex 17.8125 0.0876036 2.1
      vertex 17.9024 0.183658 1.2
      vertex 17.9024 0.183658 2.1
    endloop
  endfacet
  facet normal 0.73011 -0.68333 0
    outer loop
      vertex 17.9024 0.183658 1.2
      vertex 17.8125 0.0876036 2.1
      vertex 17.8125 0.0876036 1.2
    endloop
  endfacet
  facet normal 0.651738 -0.758444 0
    outer loop
      vertex 17.9024 0.183658 1.2
      vertex 17.9993 0.266925 2.1
      vertex 17.9024 0.183658 2.1
    endloop
  endfacet
  facet normal 0.651738 -0.758444 0
    outer loop
      vertex 17.9993 0.266925 2.1
      vertex 17.9024 0.183658 1.2
      vertex 17.9993 0.266925 1.2
    endloop
  endfacet
  facet normal 0.561579 -0.827423 0
    outer loop
      vertex 17.9993 0.266925 1.2
      vertex 18.1031 0.337375 2.1
      vertex 17.9993 0.266925 2.1
    endloop
  endfacet
  facet normal 0.561579 -0.827423 0
    outer loop
      vertex 18.1031 0.337375 2.1
      vertex 17.9993 0.266925 1.2
      vertex 18.1031 0.337375 1.2
    endloop
  endfacet
  facet normal 0.461126 -0.887335 0
    outer loop
      vertex 18.1031 0.337375 1.2
      vertex 18.214 0.395007 2.1
      vertex 18.1031 0.337375 2.1
    endloop
  endfacet
  facet normal 0.461126 -0.887335 0
    outer loop
      vertex 18.214 0.395007 2.1
      vertex 18.1031 0.337375 1.2
      vertex 18.214 0.395007 1.2
    endloop
  endfacet
  facet normal 0.355412 -0.93471 0
    outer loop
      vertex 18.214 0.395007 1.2
      vertex 18.3319 0.439837 2.1
      vertex 18.214 0.395007 2.1
    endloop
  endfacet
  facet normal 0.355412 -0.93471 0
    outer loop
      vertex 18.3319 0.439837 2.1
      vertex 18.214 0.395007 1.2
      vertex 18.3319 0.439837 1.2
    endloop
  endfacet
  facet normal 0.248587 -0.96861 0
    outer loop
      vertex 18.3319 0.439837 1.2
      vertex 18.4567 0.471866 2.1
      vertex 18.3319 0.439837 2.1
    endloop
  endfacet
  facet normal 0.248587 -0.96861 0
    outer loop
      vertex 18.4567 0.471866 2.1
      vertex 18.3319 0.439837 1.2
      vertex 18.4567 0.471866 1.2
    endloop
  endfacet
  facet normal 0.14412 -0.98956 0
    outer loop
      vertex 18.4567 0.471866 1.2
      vertex 18.5886 0.491076 2.1
      vertex 18.4567 0.471866 2.1
    endloop
  endfacet
  facet normal 0.14412 -0.98956 0
    outer loop
      vertex 18.5886 0.491076 2.1
      vertex 18.4567 0.471866 1.2
      vertex 18.5886 0.491076 1.2
    endloop
  endfacet
  facet normal 0.0460921 -0.998937 0
    outer loop
      vertex 18.5886 0.491076 1.2
      vertex 18.7275 0.497485 2.1
      vertex 18.5886 0.491076 2.1
    endloop
  endfacet
  facet normal 0.0460921 -0.998937 0
    outer loop
      vertex 18.7275 0.497485 2.1
      vertex 18.5886 0.491076 1.2
      vertex 18.7275 0.497485 1.2
    endloop
  endfacet
  facet normal -0.0157223 -0.999876 0
    outer loop
      vertex 18.7275 0.497485 1.2
      vertex 18.7993 0.496356 2.1
      vertex 18.7275 0.497485 2.1
    endloop
  endfacet
  facet normal -0.0157223 -0.999876 -0
    outer loop
      vertex 18.7993 0.496356 2.1
      vertex 18.7275 0.497485 1.2
      vertex 18.7993 0.496356 1.2
    endloop
  endfacet
  facet normal -0.0456608 -0.998957 0
    outer loop
      vertex 18.7993 0.496356 1.2
      vertex 18.8734 0.492969 2.1
      vertex 18.7993 0.496356 2.1
    endloop
  endfacet
  facet normal -0.0456608 -0.998957 -0
    outer loop
      vertex 18.8734 0.492969 2.1
      vertex 18.7993 0.496356 1.2
      vertex 18.8734 0.492969 1.2
    endloop
  endfacet
  facet normal -0.0737024 -0.99728 0
    outer loop
      vertex 18.8734 0.492969 1.2
      vertex 18.95 0.487308 2.1
      vertex 18.8734 0.492969 2.1
    endloop
  endfacet
  facet normal -0.0737024 -0.99728 -0
    outer loop
      vertex 18.95 0.487308 2.1
      vertex 18.8734 0.492969 1.2
      vertex 18.95 0.487308 1.2
    endloop
  endfacet
  facet normal -0.099691 -0.995018 0
    outer loop
      vertex 18.95 0.487308 1.2
      vertex 19.0289 0.479403 2.1
      vertex 18.95 0.487308 2.1
    endloop
  endfacet
  facet normal -0.099691 -0.995018 -0
    outer loop
      vertex 19.0289 0.479403 2.1
      vertex 18.95 0.487308 1.2
      vertex 19.0289 0.479403 1.2
    endloop
  endfacet
  facet normal -0.124059 -0.992275 0
    outer loop
      vertex 19.0289 0.479403 1.2
      vertex 19.1103 0.469226 2.1
      vertex 19.0289 0.479403 2.1
    endloop
  endfacet
  facet normal -0.124059 -0.992275 -0
    outer loop
      vertex 19.1103 0.469226 2.1
      vertex 19.0289 0.479403 1.2
      vertex 19.1103 0.469226 1.2
    endloop
  endfacet
  facet normal -0.14662 -0.989193 0
    outer loop
      vertex 19.1103 0.469226 1.2
      vertex 19.1941 0.456805 2.1
      vertex 19.1103 0.469226 2.1
    endloop
  endfacet
  facet normal -0.14662 -0.989193 -0
    outer loop
      vertex 19.1941 0.456805 2.1
      vertex 19.1103 0.469226 1.2
      vertex 19.1941 0.456805 1.2
    endloop
  endfacet
  facet normal -0.16823 -0.985748 0
    outer loop
      vertex 19.1941 0.456805 1.2
      vertex 19.2802 0.442111 2.1
      vertex 19.1941 0.456805 2.1
    endloop
  endfacet
  facet normal -0.16823 -0.985748 -0
    outer loop
      vertex 19.2802 0.442111 2.1
      vertex 19.1941 0.456805 1.2
      vertex 19.2802 0.442111 1.2
    endloop
  endfacet
  facet normal -0.187719 -0.982223 0
    outer loop
      vertex 19.2802 0.442111 1.2
      vertex 19.3689 0.425159 2.1
      vertex 19.2802 0.442111 2.1
    endloop
  endfacet
  facet normal -0.187719 -0.982223 -0
    outer loop
      vertex 19.3689 0.425159 2.1
      vertex 19.2802 0.442111 1.2
      vertex 19.3689 0.425159 1.2
    endloop
  endfacet
  facet normal -0.206557 -0.978435 0
    outer loop
      vertex 19.3689 0.425159 1.2
      vertex 19.4599 0.405948 2.1
      vertex 19.3689 0.425159 2.1
    endloop
  endfacet
  facet normal -0.206557 -0.978435 -0
    outer loop
      vertex 19.4599 0.405948 2.1
      vertex 19.3689 0.425159 1.2
      vertex 19.4599 0.405948 1.2
    endloop
  endfacet
  facet normal 1 -0 0
    outer loop
      vertex 19.4599 0.405948 2.1
      vertex 19.4599 1.8402 1.2
      vertex 19.4599 1.8402 2.1
    endloop
  endfacet
  facet normal 1 0 0
    outer loop
      vertex 19.4599 1.8402 1.2
      vertex 19.4599 0.405948 2.1
      vertex 19.4599 0.405948 1.2
    endloop
  endfacet
  facet normal 0.382522 0.923946 -0
    outer loop
      vertex 19.4599 1.8402 1.2
      vertex 19.4135 1.85941 2.1
      vertex 19.4599 1.8402 2.1
    endloop
  endfacet
  facet normal 0.382522 0.923946 0
    outer loop
      vertex 19.4135 1.85941 2.1
      vertex 19.4599 1.8402 1.2
      vertex 19.4135 1.85941 1.2
    endloop
  endfacet
  facet normal 0.323787 0.94613 -0
    outer loop
      vertex 19.4135 1.85941 1.2
      vertex 19.364 1.87635 2.1
      vertex 19.4135 1.85941 2.1
    endloop
  endfacet
  facet normal 0.323787 0.94613 0
    outer loop
      vertex 19.364 1.87635 2.1
      vertex 19.4135 1.85941 1.2
      vertex 19.364 1.87635 1.2
    endloop
  endfacet
  facet normal 0.268985 0.963144 -0
    outer loop
      vertex 19.364 1.87635 1.2
      vertex 19.3114 1.89104 2.1
      vertex 19.364 1.87635 2.1
    endloop
  endfacet
  facet normal 0.268985 0.963144 0
    outer loop
      vertex 19.3114 1.89104 2.1
      vertex 19.364 1.87635 1.2
      vertex 19.3114 1.89104 1.2
    endloop
  endfacet
  facet normal 0.217597 0.976039 -0
    outer loop
      vertex 19.3114 1.89104 1.2
      vertex 19.2556 1.90348 2.1
      vertex 19.3114 1.89104 2.1
    endloop
  endfacet
  facet normal 0.217597 0.976039 0
    outer loop
      vertex 19.2556 1.90348 2.1
      vertex 19.3114 1.89104 1.2
      vertex 19.2556 1.90348 1.2
    endloop
  endfacet
  facet normal 0.169706 0.985495 -0
    outer loop
      vertex 19.2556 1.90348 1.2
      vertex 19.1966 1.91364 2.1
      vertex 19.2556 1.90348 2.1
    endloop
  endfacet
  facet normal 0.169706 0.985495 0
    outer loop
      vertex 19.1966 1.91364 2.1
      vertex 19.2556 1.90348 1.2
      vertex 19.1966 1.91364 1.2
    endloop
  endfacet
  facet normal 0.126311 0.991991 -0
    outer loop
      vertex 19.1966 1.91364 1.2
      vertex 19.1344 1.92156 2.1
      vertex 19.1966 1.91364 2.1
    endloop
  endfacet
  facet normal 0.126311 0.991991 0
    outer loop
      vertex 19.1344 1.92156 2.1
      vertex 19.1966 1.91364 1.2
      vertex 19.1344 1.92156 1.2
    endloop
  endfacet
  facet normal 0.0860502 0.996291 -0
    outer loop
      vertex 19.1344 1.92156 1.2
      vertex 19.0691 1.9272 2.1
      vertex 19.1344 1.92156 2.1
    endloop
  endfacet
  facet normal 0.0860502 0.996291 0
    outer loop
      vertex 19.0691 1.9272 2.1
      vertex 19.1344 1.92156 1.2
      vertex 19.0691 1.9272 1.2
    endloop
  endfacet
  facet normal 0.0494286 0.998778 -0
    outer loop
      vertex 19.0691 1.9272 1.2
      vertex 19.0006 1.93059 2.1
      vertex 19.0691 1.9272 2.1
    endloop
  endfacet
  facet normal 0.0494286 0.998778 0
    outer loop
      vertex 19.0006 1.93059 2.1
      vertex 19.0691 1.9272 1.2
      vertex 19.0006 1.93059 1.2
    endloop
  endfacet
  facet normal 0.0157802 0.999875 -0
    outer loop
      vertex 19.0006 1.93059 1.2
      vertex 18.929 1.93172 2.1
      vertex 19.0006 1.93059 2.1
    endloop
  endfacet
  facet normal 0.0157802 0.999875 0
    outer loop
      vertex 18.929 1.93172 2.1
      vertex 19.0006 1.93059 1.2
      vertex 18.929 1.93172 1.2
    endloop
  endfacet
  facet normal -0.0192228 0.999815 0
    outer loop
      vertex 18.929 1.93172 1.2
      vertex 18.8411 1.93003 2.1
      vertex 18.929 1.93172 2.1
    endloop
  endfacet
  facet normal -0.0192228 0.999815 0
    outer loop
      vertex 18.8411 1.93003 2.1
      vertex 18.929 1.93172 1.2
      vertex 18.8411 1.93003 1.2
    endloop
  endfacet
  facet normal -0.0600569 0.998195 0
    outer loop
      vertex 18.8411 1.93003 1.2
      vertex 18.7565 1.92494 2.1
      vertex 18.8411 1.93003 2.1
    endloop
  endfacet
  facet normal -0.0600569 0.998195 0
    outer loop
      vertex 18.7565 1.92494 2.1
      vertex 18.8411 1.93003 1.2
      vertex 18.7565 1.92494 1.2
    endloop
  endfacet
  facet normal -0.103869 0.994591 0
    outer loop
      vertex 18.7565 1.92494 1.2
      vertex 18.6753 1.91646 2.1
      vertex 18.7565 1.92494 2.1
    endloop
  endfacet
  facet normal -0.103869 0.994591 0
    outer loop
      vertex 18.6753 1.91646 2.1
      vertex 18.7565 1.92494 1.2
      vertex 18.6753 1.91646 1.2
    endloop
  endfacet
  facet normal -0.150636 0.988589 0
    outer loop
      vertex 18.6753 1.91646 1.2
      vertex 18.5974 1.90459 2.1
      vertex 18.6753 1.91646 2.1
    endloop
  endfacet
  facet normal -0.150636 0.988589 0
    outer loop
      vertex 18.5974 1.90459 2.1
      vertex 18.6753 1.91646 1.2
      vertex 18.5974 1.90459 1.2
    endloop
  endfacet
  facet normal -0.200408 0.979713 0
    outer loop
      vertex 18.5974 1.90459 1.2
      vertex 18.5228 1.88933 2.1
      vertex 18.5974 1.90459 2.1
    endloop
  endfacet
  facet normal -0.200408 0.979713 0
    outer loop
      vertex 18.5228 1.88933 2.1
      vertex 18.5974 1.90459 1.2
      vertex 18.5228 1.88933 1.2
    endloop
  endfacet
  facet normal -0.253057 0.967451 0
    outer loop
      vertex 18.5228 1.88933 1.2
      vertex 18.4515 1.87068 2.1
      vertex 18.5228 1.88933 2.1
    endloop
  endfacet
  facet normal -0.253057 0.967451 0
    outer loop
      vertex 18.4515 1.87068 2.1
      vertex 18.5228 1.88933 1.2
      vertex 18.4515 1.87068 1.2
    endloop
  endfacet
  facet normal -0.308327 0.95128 0
    outer loop
      vertex 18.4515 1.87068 1.2
      vertex 18.3835 1.84864 2.1
      vertex 18.4515 1.87068 2.1
    endloop
  endfacet
  facet normal -0.308327 0.95128 0
    outer loop
      vertex 18.3835 1.84864 2.1
      vertex 18.4515 1.87068 1.2
      vertex 18.3835 1.84864 1.2
    endloop
  endfacet
  facet normal -0.366419 0.93045 0
    outer loop
      vertex 18.3835 1.84864 1.2
      vertex 18.3189 1.8232 2.1
      vertex 18.3835 1.84864 2.1
    endloop
  endfacet
  facet normal -0.366419 0.93045 0
    outer loop
      vertex 18.3189 1.8232 2.1
      vertex 18.3835 1.84864 1.2
      vertex 18.3189 1.8232 1.2
    endloop
  endfacet
  facet normal -0.42547 0.904973 0
    outer loop
      vertex 18.3189 1.8232 1.2
      vertex 18.2576 1.79438 2.1
      vertex 18.3189 1.8232 2.1
    endloop
  endfacet
  facet normal -0.42547 0.904973 0
    outer loop
      vertex 18.2576 1.79438 2.1
      vertex 18.3189 1.8232 1.2
      vertex 18.2576 1.79438 1.2
    endloop
  endfacet
  facet normal -0.481575 0.876405 0
    outer loop
      vertex 18.2576 1.79438 1.2
      vertex 18.1988 1.76207 2.1
      vertex 18.2576 1.79438 2.1
    endloop
  endfacet
  facet normal -0.481575 0.876405 0
    outer loop
      vertex 18.1988 1.76207 2.1
      vertex 18.2576 1.79438 1.2
      vertex 18.1988 1.76207 1.2
    endloop
  endfacet
  facet normal -0.53325 0.845958 0
    outer loop
      vertex 18.1988 1.76207 1.2
      vertex 18.1418 1.72614 2.1
      vertex 18.1988 1.76207 2.1
    endloop
  endfacet
  facet normal -0.53325 0.845958 0
    outer loop
      vertex 18.1418 1.72614 2.1
      vertex 18.1988 1.76207 1.2
      vertex 18.1418 1.72614 1.2
    endloop
  endfacet
  facet normal -0.583119 0.812386 0
    outer loop
      vertex 18.1418 1.72614 1.2
      vertex 18.0867 1.68659 2.1
      vertex 18.1418 1.72614 2.1
    endloop
  endfacet
  facet normal -0.583119 0.812386 0
    outer loop
      vertex 18.0867 1.68659 2.1
      vertex 18.1418 1.72614 1.2
      vertex 18.0867 1.68659 1.2
    endloop
  endfacet
  facet normal -0.629395 0.777085 0
    outer loop
      vertex 18.0867 1.68659 1.2
      vertex 18.0334 1.64342 2.1
      vertex 18.0867 1.68659 2.1
    endloop
  endfacet
  facet normal -0.629395 0.777085 0
    outer loop
      vertex 18.0334 1.64342 2.1
      vertex 18.0867 1.68659 1.2
      vertex 18.0334 1.64342 1.2
    endloop
  endfacet
  facet normal -0.671657 0.740862 0
    outer loop
      vertex 18.0334 1.64342 1.2
      vertex 17.9818 1.59664 2.1
      vertex 18.0334 1.64342 2.1
    endloop
  endfacet
  facet normal -0.671657 0.740862 0
    outer loop
      vertex 17.9818 1.59664 2.1
      vertex 18.0334 1.64342 1.2
      vertex 17.9818 1.59664 1.2
    endloop
  endfacet
  facet normal -0.712173 0.702004 0
    outer loop
      vertex 17.9321 1.54622 1.2
      vertex 17.9818 1.59664 2.1
      vertex 17.9818 1.59664 1.2
    endloop
  endfacet
  facet normal -0.712173 0.702004 0
    outer loop
      vertex 17.9818 1.59664 2.1
      vertex 17.9321 1.54622 1.2
      vertex 17.9321 1.54622 2.1
    endloop
  endfacet
  facet normal -0.74828 0.663383 0
    outer loop
      vertex 17.8842 1.49219 1.2
      vertex 17.9321 1.54622 2.1
      vertex 17.9321 1.54622 1.2
    endloop
  endfacet
  facet normal -0.74828 0.663383 0
    outer loop
      vertex 17.9321 1.54622 2.1
      vertex 17.8842 1.49219 1.2
      vertex 17.8842 1.49219 2.1
    endloop
  endfacet
  facet normal -0.781001 0.62453 0
    outer loop
      vertex 17.8381 1.43454 1.2
      vertex 17.8842 1.49219 2.1
      vertex 17.8842 1.49219 1.2
    endloop
  endfacet
  facet normal -0.781001 0.62453 0
    outer loop
      vertex 17.8842 1.49219 2.1
      vertex 17.8381 1.43454 1.2
      vertex 17.8381 1.43454 2.1
    endloop
  endfacet
  facet normal -0.810323 0.585983 0
    outer loop
      vertex 17.7938 1.37328 1.2
      vertex 17.8381 1.43454 2.1
      vertex 17.8381 1.43454 1.2
    endloop
  endfacet
  facet normal -0.810323 0.585983 0
    outer loop
      vertex 17.8381 1.43454 2.1
      vertex 17.7938 1.37328 1.2
      vertex 17.7938 1.37328 2.1
    endloop
  endfacet
  facet normal -0.839554 0.543277 0
    outer loop
      vertex 17.7497 1.30513 1.2
      vertex 17.7938 1.37328 2.1
      vertex 17.7938 1.37328 1.2
    endloop
  endfacet
  facet normal -0.839554 0.543277 0
    outer loop
      vertex 17.7938 1.37328 2.1
      vertex 17.7497 1.30513 1.2
      vertex 17.7497 1.30513 2.1
    endloop
  endfacet
  facet normal -0.865154 0.501506 0
    outer loop
      vertex 17.7043 1.22681 1.2
      vertex 17.7497 1.30513 2.1
      vertex 17.7497 1.30513 1.2
    endloop
  endfacet
  facet normal -0.865154 0.501506 0
    outer loop
      vertex 17.7497 1.30513 2.1
      vertex 17.7043 1.22681 1.2
      vertex 17.7043 1.22681 2.1
    endloop
  endfacet
  facet normal -0.884006 0.467475 0
    outer loop
      vertex 17.6575 1.13831 1.2
      vertex 17.7043 1.22681 2.1
      vertex 17.7043 1.22681 1.2
    endloop
  endfacet
  facet normal -0.884006 0.467475 0
    outer loop
      vertex 17.7043 1.22681 2.1
      vertex 17.6575 1.13831 1.2
      vertex 17.6575 1.13831 2.1
    endloop
  endfacet
  facet normal -0.898506 0.438962 0
    outer loop
      vertex 17.6093 1.03965 1.2
      vertex 17.6575 1.13831 2.1
      vertex 17.6575 1.13831 1.2
    endloop
  endfacet
  facet normal -0.898506 0.438962 0
    outer loop
      vertex 17.6575 1.13831 2.1
      vertex 17.6093 1.03965 1.2
      vertex 17.6093 1.03965 2.1
    endloop
  endfacet
  facet normal -0.910289 0.413973 0
    outer loop
      vertex 17.5598 0.930804 1.2
      vertex 17.6093 1.03965 2.1
      vertex 17.6093 1.03965 1.2
    endloop
  endfacet
  facet normal -0.910289 0.413973 0
    outer loop
      vertex 17.6093 1.03965 2.1
      vertex 17.5598 0.930804 1.2
      vertex 17.5598 0.930804 2.1
    endloop
  endfacet
  facet normal -0.919446 0.393216 0
    outer loop
      vertex 17.5089 0.811786 1.2
      vertex 17.5598 0.930804 2.1
      vertex 17.5598 0.930804 1.2
    endloop
  endfacet
  facet normal -0.919446 0.393216 0
    outer loop
      vertex 17.5598 0.930804 2.1
      vertex 17.5089 0.811786 1.2
      vertex 17.5089 0.811786 2.1
    endloop
  endfacet
  facet normal -0.927165 0.374653 0
    outer loop
      vertex 17.4567 0.682605 1.2
      vertex 17.5089 0.811786 2.1
      vertex 17.5089 0.811786 1.2
    endloop
  endfacet
  facet normal -0.927165 0.374653 0
    outer loop
      vertex 17.5089 0.811786 2.1
      vertex 17.4567 0.682605 1.2
      vertex 17.4567 0.682605 2.1
    endloop
  endfacet
  facet normal -0.933345 0.358981 0
    outer loop
      vertex 17.4031 0.543246 1.2
      vertex 17.4567 0.682605 2.1
      vertex 17.4567 0.682605 1.2
    endloop
  endfacet
  facet normal -0.933345 0.358981 0
    outer loop
      vertex 17.4567 0.682605 2.1
      vertex 17.4031 0.543246 1.2
      vertex 17.4031 0.543246 2.1
    endloop
  endfacet
  facet normal -0.938734 0.344643 0
    outer loop
      vertex 17.3482 0.39371 1.2
      vertex 17.4031 0.543246 2.1
      vertex 17.4031 0.543246 1.2
    endloop
  endfacet
  facet normal -0.938734 0.344643 0
    outer loop
      vertex 17.4031 0.543246 2.1
      vertex 17.3482 0.39371 1.2
      vertex 17.3482 0.39371 2.1
    endloop
  endfacet
  facet normal 0 1 -0
    outer loop
      vertex 17.3482 0.39371 1.2
      vertex 17.3238 0.39371 2.1
      vertex 17.3482 0.39371 2.1
    endloop
  endfacet
  facet normal 0 1 0
    outer loop
      vertex 17.3238 0.39371 2.1
      vertex 17.3482 0.39371 1.2
      vertex 17.3238 0.39371 1.2
    endloop
  endfacet
  facet normal 0.999961 0.00882306 0
    outer loop
      vertex 17.3238 0.39371 2.1
      vertex 17.3234 0.439044 1.2
      vertex 17.3234 0.439044 2.1
    endloop
  endfacet
  facet normal 0.999961 0.00882306 0
    outer loop
      vertex 17.3234 0.439044 1.2
      vertex 17.3238 0.39371 2.1
      vertex 17.3238 0.39371 1.2
    endloop
  endfacet
  facet normal 0.999797 0.0201439 0
    outer loop
      vertex 17.3234 0.439044 2.1
      vertex 17.3223 0.49364 1.2
      vertex 17.3223 0.49364 2.1
    endloop
  endfacet
  facet normal 0.999797 0.0201439 0
    outer loop
      vertex 17.3223 0.49364 1.2
      vertex 17.3234 0.439044 2.1
      vertex 17.3234 0.439044 1.2
    endloop
  endfacet
  facet normal 0.999558 0.0297334 0
    outer loop
      vertex 17.3223 0.49364 2.1
      vertex 17.3204 0.557513 1.2
      vertex 17.3204 0.557513 2.1
    endloop
  endfacet
  facet normal 0.999558 0.0297334 0
    outer loop
      vertex 17.3204 0.557513 1.2
      vertex 17.3223 0.49364 2.1
      vertex 17.3223 0.49364 1.2
    endloop
  endfacet
  facet normal 0.999369 0.0355278 0
    outer loop
      vertex 17.3204 0.557513 2.1
      vertex 17.3178 0.630649 1.2
      vertex 17.3178 0.630649 2.1
    endloop
  endfacet
  facet normal 0.999369 0.0355278 0
    outer loop
      vertex 17.3178 0.630649 1.2
      vertex 17.3204 0.557513 2.1
      vertex 17.3204 0.557513 1.2
    endloop
  endfacet
  facet normal 0.99915 0.0412286 0
    outer loop
      vertex 17.3178 0.630649 2.1
      vertex 17.3144 0.713046 1.2
      vertex 17.3144 0.713046 2.1
    endloop
  endfacet
  facet normal 0.99915 0.0412286 0
    outer loop
      vertex 17.3144 0.713046 1.2
      vertex 17.3178 0.630649 2.1
      vertex 17.3178 0.630649 1.2
    endloop
  endfacet
  facet normal 0.998952 0.0457735 0
    outer loop
      vertex 17.3144 0.713046 2.1
      vertex 17.3102 0.804706 1.2
      vertex 17.3102 0.804706 2.1
    endloop
  endfacet
  facet normal 0.998952 0.0457735 0
    outer loop
      vertex 17.3102 0.804706 1.2
      vertex 17.3144 0.713046 2.1
      vertex 17.3144 0.713046 1.2
    endloop
  endfacet
  facet normal 0.998824 0.048488 0
    outer loop
      vertex 17.3102 0.804706 2.1
      vertex 17.3053 0.905643 1.2
      vertex 17.3053 0.905643 2.1
    endloop
  endfacet
  facet normal 0.998824 0.048488 0
    outer loop
      vertex 17.3053 0.905643 1.2
      vertex 17.3102 0.804706 2.1
      vertex 17.3102 0.804706 1.2
    endloop
  endfacet
  facet normal 0.998711 0.0507526 0
    outer loop
      vertex 17.3053 0.905643 2.1
      vertex 17.2997 1.01584 1.2
      vertex 17.2997 1.01584 2.1
    endloop
  endfacet
  facet normal 0.998711 0.0507526 0
    outer loop
      vertex 17.2997 1.01584 1.2
      vertex 17.3053 0.905643 2.1
      vertex 17.3053 0.905643 1.2
    endloop
  endfacet
  facet normal 0.998568 0.0534888 0
    outer loop
      vertex 17.2997 1.01584 2.1
      vertex 17.2933 1.13532 1.2
      vertex 17.2933 1.13532 2.1
    endloop
  endfacet
  facet normal 0.998568 0.0534888 0
    outer loop
      vertex 17.2933 1.13532 1.2
      vertex 17.2997 1.01584 2.1
      vertex 17.2997 1.01584 1.2
    endloop
  endfacet
  facet normal 0.998454 0.055582 0
    outer loop
      vertex 17.2933 1.13532 2.1
      vertex 17.2867 1.25388 1.2
      vertex 17.2867 1.25388 2.1
    endloop
  endfacet
  facet normal 0.998454 0.055582 0
    outer loop
      vertex 17.2867 1.25388 1.2
      vertex 17.2933 1.13532 2.1
      vertex 17.2933 1.13532 1.2
    endloop
  endfacet
  facet normal 0.998232 0.0594407 0
    outer loop
      vertex 17.2867 1.25388 2.1
      vertex 17.2803 1.36136 1.2
      vertex 17.2803 1.36136 2.1
    endloop
  endfacet
  facet normal 0.998232 0.0594407 0
    outer loop
      vertex 17.2803 1.36136 1.2
      vertex 17.2867 1.25388 2.1
      vertex 17.2867 1.25388 1.2
    endloop
  endfacet
  facet normal 0.998069 0.062114 0
    outer loop
      vertex 17.2803 1.36136 2.1
      vertex 17.2743 1.45777 1.2
      vertex 17.2743 1.45777 2.1
    endloop
  endfacet
  facet normal 0.998069 0.062114 0
    outer loop
      vertex 17.2743 1.45777 1.2
      vertex 17.2803 1.36136 2.1
      vertex 17.2803 1.36136 1.2
    endloop
  endfacet
  facet normal 0.997776 0.0666587 0
    outer loop
      vertex 17.2743 1.45777 2.1
      vertex 17.2686 1.54309 1.2
      vertex 17.2686 1.54309 2.1
    endloop
  endfacet
  facet normal 0.997776 0.0666587 0
    outer loop
      vertex 17.2686 1.54309 1.2
      vertex 17.2743 1.45777 2.1
      vertex 17.2743 1.45777 1.2
    endloop
  endfacet
  facet normal 0.997268 0.0738717 0
    outer loop
      vertex 17.2686 1.54309 2.1
      vertex 17.2631 1.61734 1.2
      vertex 17.2631 1.61734 2.1
    endloop
  endfacet
  facet normal 0.997268 0.0738717 0
    outer loop
      vertex 17.2631 1.61734 1.2
      vertex 17.2686 1.54309 2.1
      vertex 17.2686 1.54309 1.2
    endloop
  endfacet
  facet normal 0.996757 0.0804727 0
    outer loop
      vertex 17.2631 1.61734 2.1
      vertex 17.258 1.68051 1.2
      vertex 17.258 1.68051 2.1
    endloop
  endfacet
  facet normal 0.996757 0.0804727 0
    outer loop
      vertex 17.258 1.68051 1.2
      vertex 17.2631 1.61734 2.1
      vertex 17.2631 1.61734 1.2
    endloop
  endfacet
  facet normal 0.995783 0.091742 0
    outer loop
      vertex 17.258 1.68051 2.1
      vertex 17.2532 1.73261 1.2
      vertex 17.2532 1.73261 2.1
    endloop
  endfacet
  facet normal 0.995783 0.091742 0
    outer loop
      vertex 17.2532 1.73261 1.2
      vertex 17.258 1.68051 2.1
      vertex 17.258 1.68051 1.2
    endloop
  endfacet
  facet normal 0.994034 0.109075 0
    outer loop
      vertex 17.2532 1.73261 2.1
      vertex 17.2487 1.77362 1.2
      vertex 17.2487 1.77362 2.1
    endloop
  endfacet
  facet normal 0.994034 0.109075 0
    outer loop
      vertex 17.2487 1.77362 1.2
      vertex 17.2532 1.73261 2.1
      vertex 17.2532 1.73261 1.2
    endloop
  endfacet
  facet normal 0.989843 0.142162 0
    outer loop
      vertex 17.2487 1.77362 2.1
      vertex 17.2444 1.80356 1.2
      vertex 17.2444 1.80356 2.1
    endloop
  endfacet
  facet normal 0.989843 0.142162 0
    outer loop
      vertex 17.2444 1.80356 1.2
      vertex 17.2487 1.77362 2.1
      vertex 17.2487 1.77362 1.2
    endloop
  endfacet
  facet normal 0 1 -0
    outer loop
      vertex 17.2444 1.80356 1.2
      vertex 15.6089 1.80356 2.1
      vertex 17.2444 1.80356 2.1
    endloop
  endfacet
  facet normal 0 1 0
    outer loop
      vertex 15.6089 1.80356 2.1
      vertex 17.2444 1.80356 1.2
      vertex 15.6089 1.80356 1.2
    endloop
  endfacet
  facet normal -0.998016 -0.0629663 0
    outer loop
      vertex 15.6129 1.74016 1.2
      vertex 15.6089 1.80356 2.1
      vertex 15.6089 1.80356 1.2
    endloop
  endfacet
  facet normal -0.998016 -0.0629663 0
    outer loop
      vertex 15.6089 1.80356 2.1
      vertex 15.6129 1.74016 1.2
      vertex 15.6129 1.74016 2.1
    endloop
  endfacet
  facet normal -0.998228 -0.0595001 0
    outer loop
      vertex 15.6168 1.67473 1.2
      vertex 15.6129 1.74016 2.1
      vertex 15.6129 1.74016 1.2
    endloop
  endfacet
  facet normal -0.998228 -0.0595001 0
    outer loop
      vertex 15.6129 1.74016 2.1
      vertex 15.6168 1.67473 1.2
      vertex 15.6168 1.67473 2.1
    endloop
  endfacet
  facet normal -0.998334 -0.0577071 0
    outer loop
      vertex 15.6207 1.60726 1.2
      vertex 15.6168 1.67473 2.1
      vertex 15.6168 1.67473 1.2
    endloop
  endfacet
  facet normal -0.998334 -0.0577071 0
    outer loop
      vertex 15.6168 1.67473 2.1
      vertex 15.6207 1.60726 1.2
      vertex 15.6207 1.60726 2.1
    endloop
  endfacet
  facet normal -0.998509 -0.0545869 0
    outer loop
      vertex 15.6245 1.53775 1.2
      vertex 15.6207 1.60726 2.1
      vertex 15.6207 1.60726 1.2
    endloop
  endfacet
  facet normal -0.998509 -0.0545869 0
    outer loop
      vertex 15.6207 1.60726 2.1
      vertex 15.6245 1.53775 1.2
      vertex 15.6245 1.53775 2.1
    endloop
  endfacet
  facet normal -0.998665 -0.0516575 0
    outer loop
      vertex 15.6282 1.46622 1.2
      vertex 15.6245 1.53775 2.1
      vertex 15.6245 1.53775 1.2
    endloop
  endfacet
  facet normal -0.998665 -0.0516575 0
    outer loop
      vertex 15.6245 1.53775 2.1
      vertex 15.6282 1.46622 1.2
      vertex 15.6282 1.46622 2.1
    endloop
  endfacet
  facet normal -0.998738 -0.0502219 0
    outer loop
      vertex 15.6319 1.39264 1.2
      vertex 15.6282 1.46622 2.1
      vertex 15.6282 1.46622 1.2
    endloop
  endfacet
  facet normal -0.998738 -0.0502219 0
    outer loop
      vertex 15.6282 1.46622 2.1
      vertex 15.6319 1.39264 1.2
      vertex 15.6319 1.39264 2.1
    endloop
  endfacet
  facet normal -0.99893 -0.0462407 0
    outer loop
      vertex 15.6354 1.31703 1.2
      vertex 15.6319 1.39264 2.1
      vertex 15.6319 1.39264 1.2
    endloop
  endfacet
  facet normal -0.99893 -0.0462407 0
    outer loop
      vertex 15.6319 1.39264 2.1
      vertex 15.6354 1.31703 1.2
      vertex 15.6354 1.31703 2.1
    endloop
  endfacet
  facet normal -0.998986 -0.0450283 0
    outer loop
      vertex 15.6389 1.23938 1.2
      vertex 15.6354 1.31703 2.1
      vertex 15.6354 1.31703 1.2
    endloop
  endfacet
  facet normal -0.998986 -0.0450283 0
    outer loop
      vertex 15.6354 1.31703 2.1
      vertex 15.6389 1.23938 1.2
      vertex 15.6389 1.23938 2.1
    endloop
  endfacet
  facet normal -0.999091 -0.0426319 0
    outer loop
      vertex 15.6423 1.1597 1.2
      vertex 15.6389 1.23938 2.1
      vertex 15.6389 1.23938 1.2
    endloop
  endfacet
  facet normal -0.999091 -0.0426319 0
    outer loop
      vertex 15.6389 1.23938 2.1
      vertex 15.6423 1.1597 1.2
      vertex 15.6423 1.1597 2.1
    endloop
  endfacet
  facet normal -0.999256 -0.0385674 0
    outer loop
      vertex 15.6455 1.07679 1.2
      vertex 15.6423 1.1597 2.1
      vertex 15.6423 1.1597 1.2
    endloop
  endfacet
  facet normal -0.999256 -0.0385674 0
    outer loop
      vertex 15.6423 1.1597 2.1
      vertex 15.6455 1.07679 1.2
      vertex 15.6455 1.07679 2.1
    endloop
  endfacet
  facet normal -0.99945 -0.0331712 0
    outer loop
      vertex 15.6484 0.989413 1.2
      vertex 15.6455 1.07679 2.1
      vertex 15.6455 1.07679 1.2
    endloop
  endfacet
  facet normal -0.99945 -0.0331712 0
    outer loop
      vertex 15.6455 1.07679 2.1
      vertex 15.6484 0.989413 1.2
      vertex 15.6484 0.989413 2.1
    endloop
  endfacet
  facet normal -0.999659 -0.0261314 0
    outer loop
      vertex 15.6508 0.897601 1.2
      vertex 15.6484 0.989413 2.1
      vertex 15.6484 0.989413 1.2
    endloop
  endfacet
  facet normal -0.999659 -0.0261314 0
    outer loop
      vertex 15.6484 0.989413 2.1
      vertex 15.6508 0.897601 1.2
      vertex 15.6508 0.897601 2.1
    endloop
  endfacet
  facet normal -0.999762 -0.0218125 0
    outer loop
      vertex 15.6529 0.801349 1.2
      vertex 15.6508 0.897601 2.1
      vertex 15.6508 0.897601 1.2
    endloop
  endfacet
  facet normal -0.999762 -0.0218125 0
    outer loop
      vertex 15.6508 0.897601 2.1
      vertex 15.6529 0.801349 1.2
      vertex 15.6529 0.801349 2.1
    endloop
  endfacet
  facet normal -0.999858 -0.0168781 0
    outer loop
      vertex 15.6546 0.700641 1.2
      vertex 15.6529 0.801349 2.1
      vertex 15.6529 0.801349 1.2
    endloop
  endfacet
  facet normal -0.999858 -0.0168781 0
    outer loop
      vertex 15.6529 0.801349 2.1
      vertex 15.6546 0.700641 1.2
      vertex 15.6546 0.700641 2.1
    endloop
  endfacet
  facet normal -0.999924 -0.0123643 0
    outer loop
      vertex 15.6559 0.595508 1.2
      vertex 15.6546 0.700641 2.1
      vertex 15.6546 0.700641 1.2
    endloop
  endfacet
  facet normal -0.999924 -0.0123643 0
    outer loop
      vertex 15.6546 0.700641 2.1
      vertex 15.6559 0.595508 1.2
      vertex 15.6559 0.595508 2.1
    endloop
  endfacet
  facet normal -0.999958 -0.00912462 0
    outer loop
      vertex 15.6569 0.485919 1.2
      vertex 15.6559 0.595508 2.1
      vertex 15.6559 0.595508 1.2
    endloop
  endfacet
  facet normal -0.999958 -0.00912462 0
    outer loop
      vertex 15.6559 0.595508 2.1
      vertex 15.6569 0.485919 1.2
      vertex 15.6569 0.485919 2.1
    endloop
  endfacet
  facet normal -0.99999 -0.00438423 0
    outer loop
      vertex 15.6574 0.371875 1.2
      vertex 15.6569 0.485919 2.1
      vertex 15.6569 0.485919 1.2
    endloop
  endfacet
  facet normal -0.99999 -0.00438423 0
    outer loop
      vertex 15.6569 0.485919 2.1
      vertex 15.6574 0.371875 1.2
      vertex 15.6574 0.371875 2.1
    endloop
  endfacet
  facet normal -0.999999 -0.0016882 0
    outer loop
      vertex 15.6576 0.253406 1.2
      vertex 15.6574 0.371875 2.1
      vertex 15.6574 0.371875 1.2
    endloop
  endfacet
  facet normal -0.999999 -0.0016882 0
    outer loop
      vertex 15.6574 0.371875 2.1
      vertex 15.6576 0.253406 1.2
      vertex 15.6576 0.253406 2.1
    endloop
  endfacet
  facet normal -1 0 0
    outer loop
      vertex 15.6576 -4.8 1.2
      vertex 15.6576 0.253406 2.1
      vertex 15.6576 0.253406 1.2
    endloop
  endfacet
  facet normal -1 -0 0
    outer loop
      vertex 15.6576 0.253406 2.1
      vertex 15.6576 -4.8 1.2
      vertex 15.6576 -4.8 2.1
    endloop
  endfacet
  facet normal 0 -1 0
    outer loop
      vertex 15.6576 -4.8 1.2
      vertex 17.3727 -4.8 2.1
      vertex 15.6576 -4.8 2.1
    endloop
  endfacet
  facet normal 0 -1 -0
    outer loop
      vertex 17.3727 -4.8 2.1
      vertex 15.6576 -4.8 1.2
      vertex 17.3727 -4.8 1.2
    endloop
  endfacet
  facet normal 1 -0 0
    outer loop
      vertex 17.3727 -4.8 2.1
      vertex 17.3727 -1.55929 1.2
      vertex 17.3727 -1.55929 2.1
    endloop
  endfacet
  facet normal 1 0 0
    outer loop
      vertex 17.3727 -1.55929 1.2
      vertex 17.3727 -4.8 2.1
      vertex 17.3727 -4.8 1.2
    endloop
  endfacet
  facet normal 0.0623964 -0.998051 0
    outer loop
      vertex -3.8075 -4.91845 1.2
      vertex -3.63571 -4.90771 2.1
      vertex -3.8075 -4.91845 2.1
    endloop
  endfacet
  facet normal 0.0623964 -0.998051 0
    outer loop
      vertex -3.63571 -4.90771 2.1
      vertex -3.8075 -4.91845 1.2
      vertex -3.63571 -4.90771 1.2
    endloop
  endfacet
  facet normal 0.105918 -0.994375 0
    outer loop
      vertex -3.63571 -4.90771 1.2
      vertex -3.46785 -4.88983 2.1
      vertex -3.63571 -4.90771 2.1
    endloop
  endfacet
  facet normal 0.105918 -0.994375 0
    outer loop
      vertex -3.46785 -4.88983 2.1
      vertex -3.63571 -4.90771 1.2
      vertex -3.46785 -4.88983 1.2
    endloop
  endfacet
  facet normal 0.151088 -0.98852 0
    outer loop
      vertex -3.46785 -4.88983 1.2
      vertex -3.30389 -4.86477 2.1
      vertex -3.46785 -4.88983 2.1
    endloop
  endfacet
  facet normal 0.151088 -0.98852 0
    outer loop
      vertex -3.30389 -4.86477 2.1
      vertex -3.46785 -4.88983 1.2
      vertex -3.30389 -4.86477 1.2
    endloop
  endfacet
  facet normal 0.197318 -0.98034 0
    outer loop
      vertex -3.30389 -4.86477 1.2
      vertex -3.14386 -4.83256 2.1
      vertex -3.30389 -4.86477 2.1
    endloop
  endfacet
  facet normal 0.197318 -0.98034 0
    outer loop
      vertex -3.14386 -4.83256 2.1
      vertex -3.30389 -4.86477 1.2
      vertex -3.14386 -4.83256 1.2
    endloop
  endfacet
  facet normal 0.244421 -0.969669 0
    outer loop
      vertex -3.14386 -4.83256 1.2
      vertex -2.98775 -4.79321 2.1
      vertex -3.14386 -4.83256 2.1
    endloop
  endfacet
  facet normal 0.244421 -0.969669 0
    outer loop
      vertex -2.98775 -4.79321 2.1
      vertex -3.14386 -4.83256 1.2
      vertex -2.98775 -4.79321 1.2
    endloop
  endfacet
  facet normal 0.292319 -0.956321 0
    outer loop
      vertex -2.98775 -4.79321 1.2
      vertex -2.83556 -4.74669 2.1
      vertex -2.98775 -4.79321 2.1
    endloop
  endfacet
  facet normal 0.292319 -0.956321 0
    outer loop
      vertex -2.83556 -4.74669 2.1
      vertex -2.98775 -4.79321 1.2
      vertex -2.83556 -4.74669 1.2
    endloop
  endfacet
  facet normal 0.340475 -0.940254 0
    outer loop
      vertex -2.83556 -4.74669 1.2
      vertex -2.68729 -4.693 2.1
      vertex -2.83556 -4.74669 2.1
    endloop
  endfacet
  facet normal 0.340475 -0.940254 0
    outer loop
      vertex -2.68729 -4.693 2.1
      vertex -2.83556 -4.74669 1.2
      vertex -2.68729 -4.693 1.2
    endloop
  endfacet
  facet normal 0.388397 -0.921492 0
    outer loop
      vertex -2.68729 -4.693 1.2
      vertex -2.54292 -4.63215 2.1
      vertex -2.68729 -4.693 2.1
    endloop
  endfacet
  facet normal 0.388397 -0.921492 0
    outer loop
      vertex -2.54292 -4.63215 2.1
      vertex -2.68729 -4.693 1.2
      vertex -2.54292 -4.63215 1.2
    endloop
  endfacet
  facet normal 0.435367 -0.900253 0
    outer loop
      vertex -2.54292 -4.63215 1.2
      vertex -2.40355 -4.56475 2.1
      vertex -2.54292 -4.63215 2.1
    endloop
  endfacet
  facet normal 0.435367 -0.900253 0
    outer loop
      vertex -2.40355 -4.56475 2.1
      vertex -2.54292 -4.63215 1.2
      vertex -2.40355 -4.56475 1.2
    endloop
  endfacet
  facet normal 0.482105 -0.876113 0
    outer loop
      vertex -2.40355 -4.56475 1.2
      vertex -2.27029 -4.49142 2.1
      vertex -2.40355 -4.56475 2.1
    endloop
  endfacet
  facet normal 0.482105 -0.876113 0
    outer loop
      vertex -2.27029 -4.49142 2.1
      vertex -2.40355 -4.56475 1.2
      vertex -2.27029 -4.49142 1.2
    endloop
  endfacet
  facet normal 0.529159 -0.848523 0
    outer loop
      vertex -2.27029 -4.49142 1.2
      vertex -2.14313 -4.41212 2.1
      vertex -2.27029 -4.49142 2.1
    endloop
  endfacet
  facet normal 0.529159 -0.848523 0
    outer loop
      vertex -2.14313 -4.41212 2.1
      vertex -2.27029 -4.49142 1.2
      vertex -2.14313 -4.41212 1.2
    endloop
  endfacet
  facet normal 0.575795 -0.817594 0
    outer loop
      vertex -2.14313 -4.41212 1.2
      vertex -2.02208 -4.32687 2.1
      vertex -2.14313 -4.41212 2.1
    endloop
  endfacet
  facet normal 0.575795 -0.817594 0
    outer loop
      vertex -2.02208 -4.32687 2.1
      vertex -2.14313 -4.41212 1.2
      vertex -2.02208 -4.32687 1.2
    endloop
  endfacet
  facet normal 0.621565 -0.783363 0
    outer loop
      vertex -2.02208 -4.32687 1.2
      vertex -1.90714 -4.23567 2.1
      vertex -2.02208 -4.32687 2.1
    endloop
  endfacet
  facet normal 0.621565 -0.783363 0
    outer loop
      vertex -1.90714 -4.23567 2.1
      vertex -2.02208 -4.32687 1.2
      vertex -1.90714 -4.23567 1.2
    endloop
  endfacet
  facet normal 0.665839 -0.746096 0
    outer loop
      vertex -1.90714 -4.23567 1.2
      vertex -1.79828 -4.13852 2.1
      vertex -1.90714 -4.23567 2.1
    endloop
  endfacet
  facet normal 0.665839 -0.746096 0
    outer loop
      vertex -1.79828 -4.13852 2.1
      vertex -1.90714 -4.23567 1.2
      vertex -1.79828 -4.13852 1.2
    endloop
  endfacet
  facet normal 0.708377 -0.705835 0
    outer loop
      vertex -1.79828 -4.13852 2.1
      vertex -1.69554 -4.03541 1.2
      vertex -1.69554 -4.03541 2.1
    endloop
  endfacet
  facet normal 0.708377 -0.705835 0
    outer loop
      vertex -1.69554 -4.03541 1.2
      vertex -1.79828 -4.13852 2.1
      vertex -1.79828 -4.13852 1.2
    endloop
  endfacet
  facet normal 0.748442 -0.6632 0
    outer loop
      vertex -1.69554 -4.03541 2.1
      vertex -1.59891 -3.92636 1.2
      vertex -1.59891 -3.92636 2.1
    endloop
  endfacet
  facet normal 0.748442 -0.6632 0
    outer loop
      vertex -1.59891 -3.92636 1.2
      vertex -1.69554 -4.03541 2.1
      vertex -1.69554 -4.03541 1.2
    endloop
  endfacet
  facet normal 0.78577 -0.618518 0
    outer loop
      vertex -1.59891 -3.92636 2.1
      vertex -1.50838 -3.81135 1.2
      vertex -1.50838 -3.81135 2.1
    endloop
  endfacet
  facet normal 0.78577 -0.618518 0
    outer loop
      vertex -1.50838 -3.81135 1.2
      vertex -1.59891 -3.92636 2.1
      vertex -1.59891 -3.92636 1.2
    endloop
  endfacet
  facet normal 0.819531 -0.573035 0
    outer loop
      vertex -1.50838 -3.81135 2.1
      vertex -1.42462 -3.69156 1.2
      vertex -1.42462 -3.69156 2.1
    endloop
  endfacet
  facet normal 0.819531 -0.573035 0
    outer loop
      vertex -1.42462 -3.69156 1.2
      vertex -1.50838 -3.81135 2.1
      vertex -1.50838 -3.81135 1.2
    endloop
  endfacet
  facet normal 0.850632 -0.525761 0
    outer loop
      vertex -1.42462 -3.69156 2.1
      vertex -1.34833 -3.56813 1.2
      vertex -1.34833 -3.56813 2.1
    endloop
  endfacet
  facet normal 0.850632 -0.525761 0
    outer loop
      vertex -1.34833 -3.56813 1.2
      vertex -1.42462 -3.69156 2.1
      vertex -1.42462 -3.69156 1.2
    endloop
  endfacet
  facet normal 0.879288 -0.47629 0
    outer loop
      vertex -1.34833 -3.56813 2.1
      vertex -1.27951 -3.44108 1.2
      vertex -1.27951 -3.44108 2.1
    endloop
  endfacet
  facet normal 0.879288 -0.47629 0
    outer loop
      vertex -1.27951 -3.44108 1.2
      vertex -1.34833 -3.56813 2.1
      vertex -1.34833 -3.56813 1.2
    endloop
  endfacet
  facet normal 0.905131 -0.425133 0
    outer loop
      vertex -1.27951 -3.44108 2.1
      vertex -1.21814 -3.31042 1.2
      vertex -1.21814 -3.31042 2.1
    endloop
  endfacet
  facet normal 0.905131 -0.425133 0
    outer loop
      vertex -1.21814 -3.31042 1.2
      vertex -1.27951 -3.44108 2.1
      vertex -1.27951 -3.44108 1.2
    endloop
  endfacet
  facet normal 0.928014 -0.372546 0
    outer loop
      vertex -1.21814 -3.31042 2.1
      vertex -1.16423 -3.17613 1.2
      vertex -1.16423 -3.17613 2.1
    endloop
  endfacet
  facet normal 0.928014 -0.372546 0
    outer loop
      vertex -1.16423 -3.17613 1.2
      vertex -1.21814 -3.31042 2.1
      vertex -1.21814 -3.31042 1.2
    endloop
  endfacet
  facet normal 0.947661 -0.319277 0
    outer loop
      vertex -1.16423 -3.17613 2.1
      vertex -1.11777 -3.03823 1.2
      vertex -1.11777 -3.03823 2.1
    endloop
  endfacet
  facet normal 0.947661 -0.319277 0
    outer loop
      vertex -1.11777 -3.03823 1.2
      vertex -1.16423 -3.17613 2.1
      vertex -1.16423 -3.17613 1.2
    endloop
  endfacet
  facet normal 0.964075 -0.26563 0
    outer loop
      vertex -1.11777 -3.03823 2.1
      vertex -1.07878 -2.89672 1.2
      vertex -1.07878 -2.89672 2.1
    endloop
  endfacet
  facet normal 0.964075 -0.26563 0
    outer loop
      vertex -1.07878 -2.89672 1.2
      vertex -1.11777 -3.03823 2.1
      vertex -1.11777 -3.03823 1.2
    endloop
  endfacet
  facet normal 0.977221 -0.212223 0
    outer loop
      vertex -1.07878 -2.89672 2.1
      vertex -1.04726 -2.75158 1.2
      vertex -1.04726 -2.75158 2.1
    endloop
  endfacet
  facet normal 0.977221 -0.212223 0
    outer loop
      vertex -1.04726 -2.75158 1.2
      vertex -1.07878 -2.89672 2.1
      vertex -1.07878 -2.89672 1.2
    endloop
  endfacet
  facet normal 0.987147 -0.159812 0
    outer loop
      vertex -1.04726 -2.75158 2.1
      vertex -1.02318 -2.60284 1.2
      vertex -1.02318 -2.60284 2.1
    endloop
  endfacet
  facet normal 0.987147 -0.159812 0
    outer loop
      vertex -1.02318 -2.60284 1.2
      vertex -1.04726 -2.75158 2.1
      vertex -1.04726 -2.75158 1.2
    endloop
  endfacet
  facet normal 0.0460272 0.99894 -0
    outer loop
      vertex -1.02318 -2.60284 1.2
      vertex -2.74425 -2.52354 2.1
      vertex -1.02318 -2.60284 2.1
    endloop
  endfacet
  facet normal 0.0460272 0.99894 0
    outer loop
      vertex -2.74425 -2.52354 2.1
      vertex -1.02318 -2.60284 1.2
      vertex -2.74425 -2.52354 1.2
    endloop
  endfacet
  facet normal -0.987874 0.155259 0
    outer loop
      vertex -2.76498 -2.65544 1.2
      vertex -2.74425 -2.52354 2.1
      vertex -2.74425 -2.52354 1.2
    endloop
  endfacet
  facet normal -0.987874 0.155259 0
    outer loop
      vertex -2.74425 -2.52354 2.1
      vertex -2.76498 -2.65544 1.2
      vertex -2.76498 -2.65544 2.1
    endloop
  endfacet
  facet normal -0.977404 0.211379 0
    outer loop
      vertex -2.79189 -2.77987 1.2
      vertex -2.76498 -2.65544 2.1
      vertex -2.76498 -2.65544 1.2
    endloop
  endfacet
  facet normal -0.977404 0.211379 0
    outer loop
      vertex -2.76498 -2.65544 2.1
      vertex -2.79189 -2.77987 1.2
      vertex -2.79189 -2.77987 2.1
    endloop
  endfacet
  facet normal -0.962244 0.272189 0
    outer loop
      vertex -2.82498 -2.89685 1.2
      vertex -2.79189 -2.77987 2.1
      vertex -2.79189 -2.77987 1.2
    endloop
  endfacet
  facet normal -0.962244 0.272189 0
    outer loop
      vertex -2.79189 -2.77987 2.1
      vertex -2.82498 -2.89685 1.2
      vertex -2.82498 -2.89685 2.1
    endloop
  endfacet
  facet normal -0.941335 0.337474 0
    outer loop
      vertex -2.86424 -3.00636 1.2
      vertex -2.82498 -2.89685 2.1
      vertex -2.82498 -2.89685 1.2
    endloop
  endfacet
  facet normal -0.941335 0.337474 0
    outer loop
      vertex -2.82498 -2.89685 2.1
      vertex -2.86424 -3.00636 1.2
      vertex -2.86424 -3.00636 2.1
    endloop
  endfacet
  facet normal -0.91356 0.406703 0
    outer loop
      vertex -2.90968 -3.10843 1.2
      vertex -2.86424 -3.00636 2.1
      vertex -2.86424 -3.00636 1.2
    endloop
  endfacet
  facet normal -0.91356 0.406703 0
    outer loop
      vertex -2.86424 -3.00636 2.1
      vertex -2.90968 -3.10843 1.2
      vertex -2.90968 -3.10843 2.1
    endloop
  endfacet
  facet normal -0.877857 0.478924 0
    outer loop
      vertex -2.96129 -3.20303 1.2
      vertex -2.90968 -3.10843 2.1
      vertex -2.90968 -3.10843 1.2
    endloop
  endfacet
  facet normal -0.877857 0.478924 0
    outer loop
      vertex -2.90968 -3.10843 2.1
      vertex -2.96129 -3.20303 1.2
      vertex -2.96129 -3.20303 2.1
    endloop
  endfacet
  facet normal -0.833343 0.552757 0
    outer loop
      vertex -3.01909 -3.29017 1.2
      vertex -2.96129 -3.20303 2.1
      vertex -2.96129 -3.20303 1.2
    endloop
  endfacet
  facet normal -0.833343 0.552757 0
    outer loop
      vertex -2.96129 -3.20303 2.1
      vertex -3.01909 -3.29017 1.2
      vertex -3.01909 -3.29017 2.1
    endloop
  endfacet
  facet normal -0.779741 0.626102 0
    outer loop
      vertex -3.08307 -3.36985 1.2
      vertex -3.01909 -3.29017 2.1
      vertex -3.01909 -3.29017 1.2
    endloop
  endfacet
  facet normal -0.779741 0.626102 0
    outer loop
      vertex -3.01909 -3.29017 2.1
      vertex -3.08307 -3.36985 1.2
      vertex -3.08307 -3.36985 2.1
    endloop
  endfacet
  facet normal -0.717458 0.696602 0
    outer loop
      vertex -3.15321 -3.44209 1.2
      vertex -3.08307 -3.36985 2.1
      vertex -3.08307 -3.36985 1.2
    endloop
  endfacet
  facet normal -0.717458 0.696602 0
    outer loop
      vertex -3.08307 -3.36985 2.1
      vertex -3.15321 -3.44209 1.2
      vertex -3.15321 -3.44209 2.1
    endloop
  endfacet
  facet normal -0.652028 0.758195 0
    outer loop
      vertex -3.15321 -3.44209 1.2
      vertex -3.22841 -3.50676 2.1
      vertex -3.15321 -3.44209 2.1
    endloop
  endfacet
  facet normal -0.652028 0.758195 0
    outer loop
      vertex -3.22841 -3.50676 2.1
      vertex -3.15321 -3.44209 1.2
      vertex -3.22841 -3.50676 1.2
    endloop
  endfacet
  facet normal -0.584936 0.811079 0
    outer loop
      vertex -3.22841 -3.50676 1.2
      vertex -3.30753 -3.56382 2.1
      vertex -3.22841 -3.50676 2.1
    endloop
  endfacet
  facet normal -0.584936 0.811079 0
    outer loop
      vertex -3.30753 -3.56382 2.1
      vertex -3.22841 -3.50676 1.2
      vertex -3.30753 -3.56382 1.2
    endloop
  endfacet
  facet normal -0.511846 0.859077 0
    outer loop
      vertex -3.30753 -3.56382 1.2
      vertex -3.39056 -3.61329 2.1
      vertex -3.30753 -3.56382 2.1
    endloop
  endfacet
  facet normal -0.511846 0.859077 0
    outer loop
      vertex -3.39056 -3.61329 2.1
      vertex -3.30753 -3.56382 1.2
      vertex -3.39056 -3.61329 1.2
    endloop
  endfacet
  facet normal -0.433566 0.901122 0
    outer loop
      vertex -3.39056 -3.61329 1.2
      vertex -3.47752 -3.65513 2.1
      vertex -3.39056 -3.61329 2.1
    endloop
  endfacet
  facet normal -0.433566 0.901122 0
    outer loop
      vertex -3.47752 -3.65513 2.1
      vertex -3.39056 -3.61329 1.2
      vertex -3.47752 -3.65513 1.2
    endloop
  endfacet
  facet normal -0.352601 0.935774 0
    outer loop
      vertex -3.47752 -3.65513 1.2
      vertex -3.56839 -3.68937 2.1
      vertex -3.47752 -3.65513 2.1
    endloop
  endfacet
  facet normal -0.352601 0.935774 0
    outer loop
      vertex -3.56839 -3.68937 2.1
      vertex -3.47752 -3.65513 1.2
      vertex -3.56839 -3.68937 1.2
    endloop
  endfacet
  facet normal -0.270466 0.962729 0
    outer loop
      vertex -3.56839 -3.68937 1.2
      vertex -3.66318 -3.716 2.1
      vertex -3.56839 -3.68937 2.1
    endloop
  endfacet
  facet normal -0.270466 0.962729 0
    outer loop
      vertex -3.66318 -3.716 2.1
      vertex -3.56839 -3.68937 1.2
      vertex -3.66318 -3.716 1.2
    endloop
  endfacet
  facet normal -0.189301 0.981919 0
    outer loop
      vertex -3.66318 -3.716 1.2
      vertex -3.76189 -3.73503 2.1
      vertex -3.66318 -3.716 2.1
    endloop
  endfacet
  facet normal -0.189301 0.981919 0
    outer loop
      vertex -3.76189 -3.73503 2.1
      vertex -3.66318 -3.716 1.2
      vertex -3.76189 -3.73503 1.2
    endloop
  endfacet
  facet normal -0.110517 0.993874 0
    outer loop
      vertex -3.76189 -3.73503 1.2
      vertex -3.8645 -3.74644 2.1
      vertex -3.76189 -3.73503 2.1
    endloop
  endfacet
  facet normal -0.110517 0.993874 0
    outer loop
      vertex -3.8645 -3.74644 2.1
      vertex -3.76189 -3.73503 1.2
      vertex -3.8645 -3.74644 1.2
    endloop
  endfacet
  facet normal -0.0356447 0.999365 0
    outer loop
      vertex -3.8645 -3.74644 1.2
      vertex -3.97104 -3.75024 2.1
      vertex -3.8645 -3.74644 2.1
    endloop
  endfacet
  facet normal -0.0356447 0.999365 0
    outer loop
      vertex -3.97104 -3.75024 2.1
      vertex -3.8645 -3.74644 1.2
      vertex -3.97104 -3.75024 1.2
    endloop
  endfacet
  facet normal 0.0990234 0.995085 -0
    outer loop
      vertex -3.97104 -3.75024 1.2
      vertex -4.25412 -3.72207 2.1
      vertex -3.97104 -3.75024 2.1
    endloop
  endfacet
  facet normal 0.0990234 0.995085 0
    outer loop
      vertex -4.25412 -3.72207 2.1
      vertex -3.97104 -3.75024 1.2
      vertex -4.25412 -3.72207 1.2
    endloop
  endfacet
  facet normal 0.32065 0.947198 -0
    outer loop
      vertex -4.25412 -3.72207 1.2
      vertex -4.50388 -3.63752 2.1
      vertex -4.25412 -3.72207 2.1
    endloop
  endfacet
  facet normal 0.32065 0.947198 0
    outer loop
      vertex -4.50388 -3.63752 2.1
      vertex -4.25412 -3.72207 1.2
      vertex -4.50388 -3.63752 1.2
    endloop
  endfacet
  facet normal 0.545535 0.838088 -0
    outer loop
      vertex -4.50388 -3.63752 1.2
      vertex -4.72034 -3.49662 2.1
      vertex -4.50388 -3.63752 2.1
    endloop
  endfacet
  facet normal 0.545535 0.838088 0
    outer loop
      vertex -4.72034 -3.49662 2.1
      vertex -4.50388 -3.63752 1.2
      vertex -4.72034 -3.49662 1.2
    endloop
  endfacet
  facet normal 0.732795 0.68045 0
    outer loop
      vertex -4.72034 -3.49662 2.1
      vertex -4.9035 -3.29937 1.2
      vertex -4.9035 -3.29937 2.1
    endloop
  endfacet
  facet normal 0.732795 0.68045 0
    outer loop
      vertex -4.9035 -3.29937 1.2
      vertex -4.72034 -3.49662 2.1
      vertex -4.72034 -3.49662 1.2
    endloop
  endfacet
  facet normal 0.860945 0.508698 0
    outer loop
      vertex -4.9035 -3.29937 2.1
      vertex -5.05336 -3.04574 1.2
      vertex -5.05336 -3.04574 2.1
    endloop
  endfacet
  facet normal 0.860945 0.508698 0
    outer loop
      vertex -5.05336 -3.04574 1.2
      vertex -4.9035 -3.29937 2.1
      vertex -4.9035 -3.29937 1.2
    endloop
  endfacet
  facet normal 0.936014 0.351964 0
    outer loop
      vertex -5.05336 -3.04574 2.1
      vertex -5.16992 -2.73576 1.2
      vertex -5.16992 -2.73576 2.1
    endloop
  endfacet
  facet normal 0.936014 0.351964 0
    outer loop
      vertex -5.16992 -2.73576 1.2
      vertex -5.05336 -3.04574 2.1
      vertex -5.05336 -3.04574 1.2
    endloop
  endfacet
  facet normal 0.975137 0.221604 0
    outer loop
      vertex -5.16992 -2.73576 2.1
      vertex -5.25317 -2.36943 1.2
      vertex -5.25317 -2.36943 2.1
    endloop
  endfacet
  facet normal 0.975137 0.221604 0
    outer loop
      vertex -5.25317 -2.36943 1.2
      vertex -5.16992 -2.73576 2.1
      vertex -5.16992 -2.73576 1.2
    endloop
  endfacet
  facet normal 0.993088 0.117376 0
    outer loop
      vertex -5.25317 -2.36943 2.1
      vertex -5.30313 -1.94673 1.2
      vertex -5.30313 -1.94673 2.1
    endloop
  endfacet
  facet normal 0.993088 0.117376 0
    outer loop
      vertex -5.30313 -1.94673 1.2
      vertex -5.25317 -2.36943 2.1
      vertex -5.25317 -2.36943 1.2
    endloop
  endfacet
  facet normal 0.999397 0.0347339 0
    outer loop
      vertex -5.30313 -1.94673 2.1
      vertex -5.31978 -1.46766 1.2
      vertex -5.31978 -1.46766 2.1
    endloop
  endfacet
  facet normal 0.999397 0.0347339 0
    outer loop
      vertex -5.31978 -1.46766 1.2
      vertex -5.30313 -1.94673 2.1
      vertex -5.30313 -1.94673 1.2
    endloop
  endfacet
  facet normal 0.999383 -0.0351211 0
    outer loop
      vertex -5.31978 -1.46766 2.1
      vertex -5.30344 -1.0027 1.2
      vertex -5.30344 -1.0027 2.1
    endloop
  endfacet
  facet normal 0.999383 -0.0351211 0
    outer loop
      vertex -5.30344 -1.0027 1.2
      vertex -5.31978 -1.46766 2.1
      vertex -5.31978 -1.46766 1.2
    endloop
  endfacet
  facet normal 0.992926 -0.118735 0
    outer loop
      vertex -5.30344 -1.0027 2.1
      vertex -5.25438 -0.592434 1.2
      vertex -5.25438 -0.592434 2.1
    endloop
  endfacet
  facet normal 0.992926 -0.118735 0
    outer loop
      vertex -5.25438 -0.592434 1.2
      vertex -5.30344 -1.0027 2.1
      vertex -5.30344 -1.0027 1.2
    endloop
  endfacet
  facet normal 0.974578 -0.224047 0
    outer loop
      vertex -5.25438 -0.592434 2.1
      vertex -5.17264 -0.236874 1.2
      vertex -5.17264 -0.236874 2.1
    endloop
  endfacet
  facet normal 0.974578 -0.224047 0
    outer loop
      vertex -5.17264 -0.236874 1.2
      vertex -5.25438 -0.592434 2.1
      vertex -5.25438 -0.592434 1.2
    endloop
  endfacet
  facet normal 0.934651 -0.355567 0
    outer loop
      vertex -5.17264 -0.236874 2.1
      vertex -5.05818 0.0639982 1.2
      vertex -5.05818 0.0639982 2.1
    endloop
  endfacet
  facet normal 0.934651 -0.355567 0
    outer loop
      vertex -5.05818 0.0639982 1.2
      vertex -5.17264 -0.236874 2.1
      vertex -5.17264 -0.236874 1.2
    endloop
  endfacet
  facet normal 0.858342 -0.513077 0
    outer loop
      vertex -5.05818 0.0639982 2.1
      vertex -4.91104 0.310153 1.2
      vertex -4.91104 0.310153 2.1
    endloop
  endfacet
  facet normal 0.858342 -0.513077 0
    outer loop
      vertex -4.91104 0.310153 1.2
      vertex -5.05818 0.0639982 2.1
      vertex -5.05818 0.0639982 1.2
    endloop
  endfacet
  facet normal 0.728846 -0.684678 0
    outer loop
      vertex -4.91104 0.310153 2.1
      vertex -4.73119 0.501605 1.2
      vertex -4.73119 0.501605 2.1
    endloop
  endfacet
  facet normal 0.728846 -0.684678 0
    outer loop
      vertex -4.73119 0.501605 1.2
      vertex -4.91104 0.310153 2.1
      vertex -4.91104 0.310153 1.2
    endloop
  endfacet
  facet normal 0.541091 -0.840964 0
    outer loop
      vertex -4.73119 0.501605 1.2
      vertex -4.51863 0.63837 2.1
      vertex -4.73119 0.501605 2.1
    endloop
  endfacet
  facet normal 0.541091 -0.840964 0
    outer loop
      vertex -4.51863 0.63837 2.1
      vertex -4.73119 0.501605 1.2
      vertex -4.51863 0.63837 1.2
    endloop
  endfacet
  facet normal 0.317269 -0.948335 0
    outer loop
      vertex -4.51863 0.63837 1.2
      vertex -4.27339 0.720416 2.1
      vertex -4.51863 0.63837 2.1
    endloop
  endfacet
  facet normal 0.317269 -0.948335 0
    outer loop
      vertex -4.27339 0.720416 2.1
      vertex -4.51863 0.63837 1.2
      vertex -4.27339 0.720416 1.2
    endloop
  endfacet
  facet normal 0.097958 -0.995191 0
    outer loop
      vertex -4.27339 0.720416 1.2
      vertex -3.99544 0.747775 2.1
      vertex -4.27339 0.720416 2.1
    endloop
  endfacet
  facet normal 0.097958 -0.995191 0
    outer loop
      vertex -3.99544 0.747775 2.1
      vertex -4.27339 0.720416 1.2
      vertex -3.99544 0.747775 1.2
    endloop
  endfacet
  facet normal -0.0321106 -0.999484 0
    outer loop
      vertex -3.99544 0.747775 1.2
      vertex -3.87909 0.744037 2.1
      vertex -3.99544 0.747775 2.1
    endloop
  endfacet
  facet normal -0.0321106 -0.999484 -0
    outer loop
      vertex -3.87909 0.744037 2.1
      vertex -3.99544 0.747775 1.2
      vertex -3.87909 0.744037 1.2
    endloop
  endfacet
  facet normal -0.10087 -0.9949 0
    outer loop
      vertex -3.87909 0.744037 1.2
      vertex -3.76877 0.732852 2.1
      vertex -3.87909 0.744037 2.1
    endloop
  endfacet
  facet normal -0.10087 -0.9949 -0
    outer loop
      vertex -3.76877 0.732852 2.1
      vertex -3.87909 0.744037 1.2
      vertex -3.76877 0.732852 1.2
    endloop
  endfacet
  facet normal -0.176015 -0.984387 0
    outer loop
      vertex -3.76877 0.732852 1.2
      vertex -3.66449 0.714206 2.1
      vertex -3.76877 0.732852 2.1
    endloop
  endfacet
  facet normal -0.176015 -0.984387 -0
    outer loop
      vertex -3.66449 0.714206 2.1
      vertex -3.76877 0.732852 1.2
      vertex -3.66449 0.714206 1.2
    endloop
  endfacet
  facet normal -0.256769 -0.966473 0
    outer loop
      vertex -3.66449 0.714206 1.2
      vertex -3.56622 0.688098 2.1
      vertex -3.66449 0.714206 2.1
    endloop
  endfacet
  facet normal -0.256769 -0.966473 -0
    outer loop
      vertex -3.56622 0.688098 2.1
      vertex -3.66449 0.714206 1.2
      vertex -3.56622 0.688098 1.2
    endloop
  endfacet
  facet normal -0.342053 -0.939681 0
    outer loop
      vertex -3.56622 0.688098 1.2
      vertex -3.474 0.654529 2.1
      vertex -3.56622 0.688098 2.1
    endloop
  endfacet
  facet normal -0.342053 -0.939681 -0
    outer loop
      vertex -3.474 0.654529 2.1
      vertex -3.56622 0.688098 1.2
      vertex -3.474 0.654529 1.2
    endloop
  endfacet
  facet normal -0.429751 -0.902947 0
    outer loop
      vertex -3.474 0.654529 1.2
      vertex -3.38779 0.613498 2.1
      vertex -3.474 0.654529 2.1
    endloop
  endfacet
  facet normal -0.429751 -0.902947 -0
    outer loop
      vertex -3.38779 0.613498 2.1
      vertex -3.474 0.654529 1.2
      vertex -3.38779 0.613498 1.2
    endloop
  endfacet
  facet normal -0.517561 -0.855646 0
    outer loop
      vertex -3.38779 0.613498 1.2
      vertex -3.30762 0.565005 2.1
      vertex -3.38779 0.613498 2.1
    endloop
  endfacet
  facet normal -0.517561 -0.855646 -0
    outer loop
      vertex -3.30762 0.565005 2.1
      vertex -3.38779 0.613498 1.2
      vertex -3.30762 0.565005 1.2
    endloop
  endfacet
  facet normal -0.60235 -0.798232 0
    outer loop
      vertex -3.30762 0.565005 1.2
      vertex -3.23347 0.509051 2.1
      vertex -3.30762 0.565005 2.1
    endloop
  endfacet
  facet normal -0.60235 -0.798232 -0
    outer loop
      vertex -3.23347 0.509051 2.1
      vertex -3.30762 0.565005 1.2
      vertex -3.23347 0.509051 1.2
    endloop
  endfacet
  facet normal -0.681431 -0.731882 0
    outer loop
      vertex -3.23347 0.509051 1.2
      vertex -3.16536 0.445636 2.1
      vertex -3.23347 0.509051 2.1
    endloop
  endfacet
  facet normal -0.681431 -0.731882 -0
    outer loop
      vertex -3.16536 0.445636 2.1
      vertex -3.23347 0.509051 1.2
      vertex -3.16536 0.445636 1.2
    endloop
  endfacet
  facet normal -0.744947 -0.667123 0
    outer loop
      vertex -3.10298 0.375979 1.2
      vertex -3.16536 0.445636 2.1
      vertex -3.16536 0.445636 1.2
    endloop
  endfacet
  facet normal -0.744947 -0.667123 0
    outer loop
      vertex -3.16536 0.445636 2.1
      vertex -3.10298 0.375979 1.2
      vertex -3.10298 0.375979 2.1
    endloop
  endfacet
  facet normal -0.795224 -0.606315 0
    outer loop
      vertex -3.04602 0.301272 1.2
      vertex -3.10298 0.375979 2.1
      vertex -3.10298 0.375979 1.2
    endloop
  endfacet
  facet normal -0.795224 -0.606315 0
    outer loop
      vertex -3.10298 0.375979 2.1
      vertex -3.04602 0.301272 1.2
      vertex -3.04602 0.301272 2.1
    endloop
  endfacet
  facet normal -0.839942 -0.542676 0
    outer loop
      vertex -2.99449 0.221515 1.2
      vertex -3.04602 0.301272 2.1
      vertex -3.04602 0.301272 1.2
    endloop
  endfacet
  facet normal -0.839942 -0.542676 0
    outer loop
      vertex -3.04602 0.301272 2.1
      vertex -2.99449 0.221515 1.2
      vertex -2.99449 0.221515 2.1
    endloop
  endfacet
  facet normal -0.878546 -0.477658 0
    outer loop
      vertex -2.94838 0.136706 1.2
      vertex -2.99449 0.221515 2.1
      vertex -2.99449 0.221515 1.2
    endloop
  endfacet
  facet normal -0.878546 -0.477658 0
    outer loop
      vertex -2.99449 0.221515 2.1
      vertex -2.94838 0.136706 1.2
      vertex -2.94838 0.136706 2.1
    endloop
  endfacet
  facet normal -0.910969 -0.412476 0
    outer loop
      vertex -2.9077 0.0468626 1.2
      vertex -2.94838 0.136706 2.1
      vertex -2.94838 0.136706 1.2
    endloop
  endfacet
  facet normal -0.910969 -0.412476 0
    outer loop
      vertex -2.94838 0.136706 2.1
      vertex -2.9077 0.0468626 1.2
      vertex -2.9077 0.0468626 2.1
    endloop
  endfacet
  facet normal -0.937413 -0.34822 0
    outer loop
      vertex -2.87245 -0.0480309 1.2
      vertex -2.9077 0.0468626 2.1
      vertex -2.9077 0.0468626 1.2
    endloop
  endfacet
  facet normal -0.937413 -0.34822 0
    outer loop
      vertex -2.9077 0.0468626 2.1
      vertex -2.87245 -0.0480309 1.2
      vertex -2.87245 -0.0480309 2.1
    endloop
  endfacet
  facet normal -0.95823 -0.285997 0
    outer loop
      vertex -2.84262 -0.147976 1.2
      vertex -2.87245 -0.0480309 2.1
      vertex -2.87245 -0.0480309 1.2
    endloop
  endfacet
  facet normal -0.95823 -0.285997 0
    outer loop
      vertex -2.87245 -0.0480309 2.1
      vertex -2.84262 -0.147976 1.2
      vertex -2.84262 -0.147976 2.1
    endloop
  endfacet
  facet normal -0.974044 -0.226358 0
    outer loop
      vertex -2.81822 -0.252972 1.2
      vertex -2.84262 -0.147976 2.1
      vertex -2.84262 -0.147976 1.2
    endloop
  endfacet
  facet normal -0.974044 -0.226358 0
    outer loop
      vertex -2.84262 -0.147976 2.1
      vertex -2.81822 -0.252972 1.2
      vertex -2.81822 -0.252972 2.1
    endloop
  endfacet
  facet normal -0.985446 -0.169986 0
    outer loop
      vertex -2.79924 -0.363003 1.2
      vertex -2.81822 -0.252972 2.1
      vertex -2.81822 -0.252972 1.2
    endloop
  endfacet
  facet normal -0.985446 -0.169986 0
    outer loop
      vertex -2.81822 -0.252972 2.1
      vertex -2.79924 -0.363003 1.2
      vertex -2.79924 -0.363003 2.1
    endloop
  endfacet
  facet normal 0.0493865 -0.99878 0
    outer loop
      vertex -2.79924 -0.363003 1.2
      vertex -1.07205 -0.277599 2.1
      vertex -2.79924 -0.363003 2.1
    endloop
  endfacet
  facet normal 0.0493865 -0.99878 0
    outer loop
      vertex -1.07205 -0.277599 2.1
      vertex -2.79924 -0.363003 1.2
      vertex -1.07205 -0.277599 1.2
    endloop
  endfacet
  facet normal 0.97553 0.219867 0
    outer loop
      vertex -1.07205 -0.277599 2.1
      vertex -1.12247 -0.0538902 1.2
      vertex -1.12247 -0.0538902 2.1
    endloop
  endfacet
  facet normal 0.97553 0.219867 0
    outer loop
      vertex -1.12247 -0.0538902 1.2
      vertex -1.07205 -0.277599 2.1
      vertex -1.07205 -0.277599 1.2
    endloop
  endfacet
  facet normal 0.957064 0.289876 0
    outer loop
      vertex -1.12247 -0.0538902 2.1
      vertex -1.18689 0.158801 1.2
      vertex -1.18689 0.158801 2.1
    endloop
  endfacet
  facet normal 0.957064 0.289876 0
    outer loop
      vertex -1.18689 0.158801 1.2
      vertex -1.12247 -0.0538902 2.1
      vertex -1.12247 -0.0538902 1.2
    endloop
  endfacet
  facet normal 0.932022 0.362401 0
    outer loop
      vertex -1.18689 0.158801 2.1
      vertex -1.26532 0.360507 1.2
      vertex -1.26532 0.360507 2.1
    endloop
  endfacet
  facet normal 0.932022 0.362401 0
    outer loop
      vertex -1.26532 0.360507 1.2
      vertex -1.18689 0.158801 2.1
      vertex -1.18689 0.158801 1.2
    endloop
  endfacet
  facet normal 0.899824 0.436253 0
    outer loop
      vertex -1.26532 0.360507 2.1
      vertex -1.35777 0.551196 1.2
      vertex -1.35777 0.551196 2.1
    endloop
  endfacet
  facet normal 0.899824 0.436253 0
    outer loop
      vertex -1.35777 0.551196 1.2
      vertex -1.26532 0.360507 2.1
      vertex -1.26532 0.360507 1.2
    endloop
  endfacet
  facet normal 0.860314 0.509765 0
    outer loop
      vertex -1.35777 0.551196 2.1
      vertex -1.46425 0.730899 1.2
      vertex -1.46425 0.730899 2.1
    endloop
  endfacet
  facet normal 0.860314 0.509765 0
    outer loop
      vertex -1.46425 0.730899 1.2
      vertex -1.35777 0.551196 2.1
      vertex -1.35777 0.551196 1.2
    endloop
  endfacet
  facet normal 0.813781 0.581172 0
    outer loop
      vertex -1.46425 0.730899 2.1
      vertex -1.58473 0.8996 1.2
      vertex -1.58473 0.8996 2.1
    endloop
  endfacet
  facet normal 0.813781 0.581172 0
    outer loop
      vertex -1.58473 0.8996 1.2
      vertex -1.46425 0.730899 2.1
      vertex -1.46425 0.730899 1.2
    endloop
  endfacet
  facet normal 0.760831 0.64895 0
    outer loop
      vertex -1.58473 0.8996 2.1
      vertex -1.71924 1.0573 1.2
      vertex -1.71924 1.0573 2.1
    endloop
  endfacet
  facet normal 0.760831 0.64895 0
    outer loop
      vertex -1.71924 1.0573 1.2
      vertex -1.58473 0.8996 2.1
      vertex -1.58473 0.8996 1.2
    endloop
  endfacet
  facet normal 0.702758 0.711429 -0
    outer loop
      vertex -1.71924 1.0573 1.2
      vertex -1.86775 1.204 2.1
      vertex -1.71924 1.0573 2.1
    endloop
  endfacet
  facet normal 0.702758 0.711429 0
    outer loop
      vertex -1.86775 1.204 2.1
      vertex -1.71924 1.0573 1.2
      vertex -1.86775 1.204 1.2
    endloop
  endfacet
  facet normal 0.640909 0.767617 -0
    outer loop
      vertex -1.86775 1.204 1.2
      vertex -2.03029 1.33971 2.1
      vertex -1.86775 1.204 2.1
    endloop
  endfacet
  facet normal 0.640909 0.767617 0
    outer loop
      vertex -2.03029 1.33971 2.1
      vertex -1.86775 1.204 1.2
      vertex -2.03029 1.33971 1.2
    endloop
  endfacet
  facet normal 0.576019 0.817436 -0
    outer loop
      vertex -2.03029 1.33971 1.2
      vertex -2.20477 1.46266 2.1
      vertex -2.03029 1.33971 2.1
    endloop
  endfacet
  facet normal 0.576019 0.817436 0
    outer loop
      vertex -2.20477 1.46266 2.1
      vertex -2.03029 1.33971 1.2
      vertex -2.20477 1.46266 1.2
    endloop
  endfacet
  facet normal 0.507055 0.861914 -0
    outer loop
      vertex -2.20477 1.46266 1.2
      vertex -2.38922 1.57117 2.1
      vertex -2.20477 1.46266 2.1
    endloop
  endfacet
  facet normal 0.507055 0.861914 0
    outer loop
      vertex -2.38922 1.57117 2.1
      vertex -2.20477 1.46266 1.2
      vertex -2.38922 1.57117 1.2
    endloop
  endfacet
  facet normal 0.435505 0.900186 -0
    outer loop
      vertex -2.38922 1.57117 1.2
      vertex -2.5836 1.66521 2.1
      vertex -2.38922 1.57117 2.1
    endloop
  endfacet
  facet normal 0.435505 0.900186 0
    outer loop
      vertex -2.5836 1.66521 2.1
      vertex -2.38922 1.57117 1.2
      vertex -2.5836 1.66521 1.2
    endloop
  endfacet
  facet normal 0.362836 0.931853 -0
    outer loop
      vertex -2.5836 1.66521 1.2
      vertex -2.78793 1.74477 2.1
      vertex -2.5836 1.66521 2.1
    endloop
  endfacet
  facet normal 0.362836 0.931853 0
    outer loop
      vertex -2.78793 1.74477 2.1
      vertex -2.5836 1.66521 1.2
      vertex -2.78793 1.74477 1.2
    endloop
  endfacet
  facet normal 0.290648 0.95683 -0
    outer loop
      vertex -2.78793 1.74477 1.2
      vertex -3.00221 1.80986 2.1
      vertex -2.78793 1.74477 2.1
    endloop
  endfacet
  facet normal 0.290648 0.95683 0
    outer loop
      vertex -3.00221 1.80986 2.1
      vertex -2.78793 1.74477 1.2
      vertex -3.00221 1.80986 1.2
    endloop
  endfacet
  facet normal 0.220333 0.975425 -0
    outer loop
      vertex -3.00221 1.80986 1.2
      vertex -3.22644 1.86051 2.1
      vertex -3.00221 1.80986 2.1
    endloop
  endfacet
  facet normal 0.220333 0.975425 0
    outer loop
      vertex -3.22644 1.86051 2.1
      vertex -3.00221 1.80986 1.2
      vertex -3.22644 1.86051 1.2
    endloop
  endfacet
  facet normal 0.152603 0.988288 -0
    outer loop
      vertex -3.22644 1.86051 1.2
      vertex -3.46062 1.89667 2.1
      vertex -3.22644 1.86051 2.1
    endloop
  endfacet
  facet normal 0.152603 0.988288 0
    outer loop
      vertex -3.46062 1.89667 2.1
      vertex -3.22644 1.86051 1.2
      vertex -3.46062 1.89667 1.2
    endloop
  endfacet
  facet normal 0.0885416 0.996072 -0
    outer loop
      vertex -3.46062 1.89667 1.2
      vertex -3.70474 1.91837 2.1
      vertex -3.46062 1.89667 2.1
    endloop
  endfacet
  facet normal 0.0885416 0.996072 0
    outer loop
      vertex -3.70474 1.91837 2.1
      vertex -3.46062 1.89667 1.2
      vertex -3.70474 1.91837 1.2
    endloop
  endfacet
  facet normal 0.0284463 0.999595 -0
    outer loop
      vertex -3.70474 1.91837 1.2
      vertex -3.9588 1.9256 2.1
      vertex -3.70474 1.91837 2.1
    endloop
  endfacet
  facet normal 0.0284463 0.999595 0
    outer loop
      vertex -3.9588 1.9256 2.1
      vertex -3.70474 1.91837 1.2
      vertex -3.9588 1.9256 1.2
    endloop
  endfacet
  facet normal -0.0343247 0.999411 0
    outer loop
      vertex -3.9588 1.9256 1.2
      vertex -4.28665 1.91434 2.1
      vertex -3.9588 1.9256 2.1
    endloop
  endfacet
  facet normal -0.0343247 0.999411 0
    outer loop
      vertex -4.28665 1.91434 2.1
      vertex -3.9588 1.9256 1.2
      vertex -4.28665 1.91434 1.2
    endloop
  endfacet
  facet normal -0.108107 0.994139 0
    outer loop
      vertex -4.28665 1.91434 1.2
      vertex -4.59747 1.88054 2.1
      vertex -4.28665 1.91434 2.1
    endloop
  endfacet
  facet normal -0.108107 0.994139 0
    outer loop
      vertex -4.59747 1.88054 2.1
      vertex -4.28665 1.91434 1.2
      vertex -4.59747 1.88054 1.2
    endloop
  endfacet
  facet normal -0.188279 0.982115 0
    outer loop
      vertex -4.59747 1.88054 1.2
      vertex -4.89125 1.82422 2.1
      vertex -4.59747 1.88054 2.1
    endloop
  endfacet
  facet normal -0.188279 0.982115 0
    outer loop
      vertex -4.89125 1.82422 2.1
      vertex -4.59747 1.88054 1.2
      vertex -4.89125 1.82422 1.2
    endloop
  endfacet
  facet normal -0.274033 0.96172 0
    outer loop
      vertex -4.89125 1.82422 1.2
      vertex -5.16801 1.74536 2.1
      vertex -4.89125 1.82422 2.1
    endloop
  endfacet
  facet normal -0.274033 0.96172 0
    outer loop
      vertex -5.16801 1.74536 2.1
      vertex -4.89125 1.82422 1.2
      vertex -5.16801 1.74536 1.2
    endloop
  endfacet
  facet normal -0.363599 0.931556 0
    outer loop
      vertex -5.16801 1.74536 1.2
      vertex -5.42775 1.64398 2.1
      vertex -5.16801 1.74536 2.1
    endloop
  endfacet
  facet normal -0.363599 0.931556 0
    outer loop
      vertex -5.42775 1.64398 2.1
      vertex -5.16801 1.74536 1.2
      vertex -5.42775 1.64398 1.2
    endloop
  endfacet
  facet normal -0.454699 0.890645 0
    outer loop
      vertex -5.42775 1.64398 1.2
      vertex -5.67044 1.52008 2.1
      vertex -5.42775 1.64398 2.1
    endloop
  endfacet
  facet normal -0.454699 0.890645 0
    outer loop
      vertex -5.67044 1.52008 2.1
      vertex -5.42775 1.64398 1.2
      vertex -5.67044 1.52008 1.2
    endloop
  endfacet
  facet normal -0.54433 0.838871 0
    outer loop
      vertex -5.67044 1.52008 1.2
      vertex -5.89612 1.37364 2.1
      vertex -5.67044 1.52008 2.1
    endloop
  endfacet
  facet normal -0.54433 0.838871 0
    outer loop
      vertex -5.89612 1.37364 2.1
      vertex -5.67044 1.52008 1.2
      vertex -5.89612 1.37364 1.2
    endloop
  endfacet
  facet normal -0.629317 0.777149 0
    outer loop
      vertex -5.89612 1.37364 1.2
      vertex -6.10477 1.20468 2.1
      vertex -5.89612 1.37364 2.1
    endloop
  endfacet
  facet normal -0.629317 0.777149 0
    outer loop
      vertex -6.10477 1.20468 2.1
      vertex -5.89612 1.37364 1.2
      vertex -6.10477 1.20468 1.2
    endloop
  endfacet
  facet normal -0.706904 0.70731 0
    outer loop
      vertex -6.10477 1.20468 1.2
      vertex -6.29637 1.01319 2.1
      vertex -6.10477 1.20468 2.1
    endloop
  endfacet
  facet normal -0.706904 0.70731 0
    outer loop
      vertex -6.29637 1.01319 2.1
      vertex -6.10477 1.20468 1.2
      vertex -6.29637 1.01319 1.2
    endloop
  endfacet
  facet normal -0.774477 0.632602 0
    outer loop
      vertex -6.46928 0.801501 1.2
      vertex -6.29637 1.01319 2.1
      vertex -6.29637 1.01319 1.2
    endloop
  endfacet
  facet normal -0.774477 0.632602 0
    outer loop
      vertex -6.29637 1.01319 2.1
      vertex -6.46928 0.801501 1.2
      vertex -6.46928 0.801501 2.1
    endloop
  endfacet
  facet normal -0.832812 0.553556 0
    outer loop
      vertex -6.62186 0.571948 1.2
      vertex -6.46928 0.801501 2.1
      vertex -6.46928 0.801501 1.2
    endloop
  endfacet
  facet normal -0.832812 0.553556 0
    outer loop
      vertex -6.46928 0.801501 2.1
      vertex -6.62186 0.571948 1.2
      vertex -6.62186 0.571948 2.1
    endloop
  endfacet
  facet normal -0.881956 0.471332 0
    outer loop
      vertex -6.75407 0.324557 1.2
      vertex -6.62186 0.571948 2.1
      vertex -6.62186 0.571948 1.2
    endloop
  endfacet
  facet normal -0.881956 0.471332 0
    outer loop
      vertex -6.62186 0.571948 2.1
      vertex -6.75407 0.324557 1.2
      vertex -6.75407 0.324557 2.1
    endloop
  endfacet
  facet normal -0.921396 0.388624 0
    outer loop
      vertex -6.86595 0.0592985 1.2
      vertex -6.75407 0.324557 2.1
      vertex -6.75407 0.324557 1.2
    endloop
  endfacet
  facet normal -0.921396 0.388624 0
    outer loop
      vertex -6.75407 0.324557 2.1
      vertex -6.86595 0.0592985 1.2
      vertex -6.86595 0.0592985 2.1
    endloop
  endfacet
  facet normal -0.951498 0.307654 0
    outer loop
      vertex -6.95749 -0.223812 1.2
      vertex -6.86595 0.0592985 2.1
      vertex -6.86595 0.0592985 1.2
    endloop
  endfacet
  facet normal -0.951498 0.307654 0
    outer loop
      vertex -6.86595 0.0592985 2.1
      vertex -6.95749 -0.223812 1.2
      vertex -6.95749 -0.223812 2.1
    endloop
  endfacet
  facet normal -0.973132 0.230249 0
    outer loop
      vertex -7.0287 -0.524776 1.2
      vertex -6.95749 -0.223812 2.1
      vertex -6.95749 -0.223812 1.2
    endloop
  endfacet
  facet normal -0.973132 0.230249 0
    outer loop
      vertex -6.95749 -0.223812 2.1
      vertex -7.0287 -0.524776 1.2
      vertex -7.0287 -0.524776 2.1
    endloop
  endfacet
  facet normal -0.987523 0.157474 0
    outer loop
      vertex -7.07954 -0.843594 1.2
      vertex -7.0287 -0.524776 2.1
      vertex -7.0287 -0.524776 1.2
    endloop
  endfacet
  facet normal -0.987523 0.157474 0
    outer loop
      vertex -7.0287 -0.524776 2.1
      vertex -7.07954 -0.843594 1.2
      vertex -7.07954 -0.843594 2.1
    endloop
  endfacet
  facet normal -0.995917 0.0902781 0
    outer loop
      vertex -7.11006 -1.18028 1.2
      vertex -7.07954 -0.843594 2.1
      vertex -7.07954 -0.843594 1.2
    endloop
  endfacet
  facet normal -0.995917 0.0902781 0
    outer loop
      vertex -7.07954 -0.843594 2.1
      vertex -7.11006 -1.18028 1.2
      vertex -7.11006 -1.18028 2.1
    endloop
  endfacet
  facet normal -0.999588 0.0287031 0
    outer loop
      vertex -7.12024 -1.5348 1.2
      vertex -7.11006 -1.18028 2.1
      vertex -7.11006 -1.18028 1.2
    endloop
  endfacet
  facet normal -0.999588 0.0287031 0
    outer loop
      vertex -7.11006 -1.18028 2.1
      vertex -7.12024 -1.5348 1.2
      vertex -7.12024 -1.5348 2.1
    endloop
  endfacet
  facet normal -0.999576 -0.0291237 0
    outer loop
      vertex -7.11014 -1.88145 1.2
      vertex -7.12024 -1.5348 2.1
      vertex -7.12024 -1.5348 1.2
    endloop
  endfacet
  facet normal -0.999576 -0.0291237 0
    outer loop
      vertex -7.12024 -1.5348 2.1
      vertex -7.11014 -1.88145 1.2
      vertex -7.11014 -1.88145 2.1
    endloop
  endfacet
  facet normal -0.995794 -0.0916184 0
    outer loop
      vertex -7.07985 -2.21067 1.2
      vertex -7.11014 -1.88145 2.1
      vertex -7.11014 -1.88145 1.2
    endloop
  endfacet
  facet normal -0.995794 -0.0916184 0
    outer loop
      vertex -7.11014 -1.88145 2.1
      vertex -7.07985 -2.21067 1.2
      vertex -7.07985 -2.21067 2.1
    endloop
  endfacet
  facet normal -0.987144 -0.159834 0
    outer loop
      vertex -7.02936 -2.5225 1.2
      vertex -7.07985 -2.21067 2.1
      vertex -7.07985 -2.21067 1.2
    endloop
  endfacet
  facet normal -0.987144 -0.159834 0
    outer loop
      vertex -7.07985 -2.21067 2.1
      vertex -7.02936 -2.5225 1.2
      vertex -7.02936 -2.5225 2.1
    endloop
  endfacet
  facet normal -0.972384 -0.233387 0
    outer loop
      vertex -6.95869 -2.81694 1.2
      vertex -7.02936 -2.5225 2.1
      vertex -7.02936 -2.5225 1.2
    endloop
  endfacet
  facet normal -0.972384 -0.233387 0
    outer loop
      vertex -7.02936 -2.5225 2.1
      vertex -6.95869 -2.81694 1.2
      vertex -6.95869 -2.81694 2.1
    endloop
  endfacet
  facet normal -0.950168 -0.311738 0
    outer loop
      vertex -6.86781 -3.09394 1.2
      vertex -6.95869 -2.81694 2.1
      vertex -6.95869 -2.81694 1.2
    endloop
  endfacet
  facet normal -0.950168 -0.311738 0
    outer loop
      vertex -6.95869 -2.81694 2.1
      vertex -6.86781 -3.09394 1.2
      vertex -6.86781 -3.09394 2.1
    endloop
  endfacet
  facet normal -0.919427 -0.393261 0
    outer loop
      vertex -6.75676 -3.35357 1.2
      vertex -6.86781 -3.09394 2.1
      vertex -6.86781 -3.09394 1.2
    endloop
  endfacet
  facet normal -0.919427 -0.393261 0
    outer loop
      vertex -6.86781 -3.09394 2.1
      vertex -6.75676 -3.35357 1.2
      vertex -6.75676 -3.35357 2.1
    endloop
  endfacet
  facet normal -0.879196 -0.47646 0
    outer loop
      vertex -6.6255 -3.59578 1.2
      vertex -6.75676 -3.35357 2.1
      vertex -6.75676 -3.35357 1.2
    endloop
  endfacet
  facet normal -0.879196 -0.47646 0
    outer loop
      vertex -6.75676 -3.35357 2.1
      vertex -6.6255 -3.59578 1.2
      vertex -6.6255 -3.59578 2.1
    endloop
  endfacet
  facet normal -0.829327 -0.558763 0
    outer loop
      vertex -6.47404 -3.82058 1.2
      vertex -6.6255 -3.59578 2.1
      vertex -6.6255 -3.59578 1.2
    endloop
  endfacet
  facet normal -0.829327 -0.558763 0
    outer loop
      vertex -6.6255 -3.59578 2.1
      vertex -6.47404 -3.82058 1.2
      vertex -6.47404 -3.82058 2.1
    endloop
  endfacet
  facet normal -0.770397 -0.637565 0
    outer loop
      vertex -6.3024 -4.02798 1.2
      vertex -6.47404 -3.82058 2.1
      vertex -6.47404 -3.82058 1.2
    endloop
  endfacet
  facet normal -0.770397 -0.637565 0
    outer loop
      vertex -6.47404 -3.82058 2.1
      vertex -6.3024 -4.02798 1.2
      vertex -6.3024 -4.02798 2.1
    endloop
  endfacet
  facet normal -0.702375 -0.711807 0
    outer loop
      vertex -6.3024 -4.02798 1.2
      vertex -6.11223 -4.21563 2.1
      vertex -6.3024 -4.02798 2.1
    endloop
  endfacet
  facet normal -0.702375 -0.711807 -0
    outer loop
      vertex -6.11223 -4.21563 2.1
      vertex -6.3024 -4.02798 1.2
      vertex -6.11223 -4.21563 1.2
    endloop
  endfacet
  facet normal -0.624493 -0.781031 0
    outer loop
      vertex -6.11223 -4.21563 1.2
      vertex -5.90517 -4.38119 2.1
      vertex -6.11223 -4.21563 2.1
    endloop
  endfacet
  facet normal -0.624493 -0.781031 -0
    outer loop
      vertex -5.90517 -4.38119 2.1
      vertex -6.11223 -4.21563 1.2
      vertex -5.90517 -4.38119 1.2
    endloop
  endfacet
  facet normal -0.539503 -0.841984 0
    outer loop
      vertex -5.90517 -4.38119 1.2
      vertex -5.68123 -4.52468 2.1
      vertex -5.90517 -4.38119 2.1
    endloop
  endfacet
  facet normal -0.539503 -0.841984 -0
    outer loop
      vertex -5.68123 -4.52468 2.1
      vertex -5.90517 -4.38119 1.2
      vertex -5.68123 -4.52468 1.2
    endloop
  endfacet
  facet normal -0.450207 -0.892924 0
    outer loop
      vertex -5.68123 -4.52468 1.2
      vertex -5.44041 -4.6461 2.1
      vertex -5.68123 -4.52468 2.1
    endloop
  endfacet
  facet normal -0.450207 -0.892924 -0
    outer loop
      vertex -5.44041 -4.6461 2.1
      vertex -5.68123 -4.52468 1.2
      vertex -5.44041 -4.6461 1.2
    endloop
  endfacet
  facet normal -0.359755 -0.933047 0
    outer loop
      vertex -5.44041 -4.6461 1.2
      vertex -5.18274 -4.74545 2.1
      vertex -5.44041 -4.6461 2.1
    endloop
  endfacet
  facet normal -0.359755 -0.933047 -0
    outer loop
      vertex -5.18274 -4.74545 2.1
      vertex -5.44041 -4.6461 1.2
      vertex -5.18274 -4.74545 1.2
    endloop
  endfacet
  facet normal -0.270792 -0.962638 0
    outer loop
      vertex -5.18274 -4.74545 1.2
      vertex -4.90816 -4.82269 2.1
      vertex -5.18274 -4.74545 2.1
    endloop
  endfacet
  facet normal -0.270792 -0.962638 -0
    outer loop
      vertex -4.90816 -4.82269 2.1
      vertex -5.18274 -4.74545 1.2
      vertex -4.90816 -4.82269 1.2
    endloop
  endfacet
  facet normal -0.186057 -0.982539 0
    outer loop
      vertex -4.90816 -4.82269 1.2
      vertex -4.61671 -4.87788 2.1
      vertex -4.90816 -4.82269 2.1
    endloop
  endfacet
  facet normal -0.186057 -0.982539 -0
    outer loop
      vertex -4.61671 -4.87788 2.1
      vertex -4.90816 -4.82269 1.2
      vertex -4.61671 -4.87788 1.2
    endloop
  endfacet
  facet normal -0.106778 -0.994283 0
    outer loop
      vertex -4.61671 -4.87788 1.2
      vertex -4.3084 -4.91099 2.1
      vertex -4.61671 -4.87788 2.1
    endloop
  endfacet
  facet normal -0.106778 -0.994283 -0
    outer loop
      vertex -4.3084 -4.91099 2.1
      vertex -4.61671 -4.87788 1.2
      vertex -4.3084 -4.91099 1.2
    endloop
  endfacet
  facet normal -0.0339595 -0.999423 0
    outer loop
      vertex -4.3084 -4.91099 1.2
      vertex -3.9832 -4.92204 2.1
      vertex -4.3084 -4.91099 2.1
    endloop
  endfacet
  facet normal -0.0339595 -0.999423 -0
    outer loop
      vertex -3.9832 -4.92204 2.1
      vertex -4.3084 -4.91099 1.2
      vertex -3.9832 -4.92204 1.2
    endloop
  endfacet
  facet normal 0.0204283 -0.999791 0
    outer loop
      vertex -3.9832 -4.92204 1.2
      vertex -3.8075 -4.91845 2.1
      vertex -3.9832 -4.92204 2.1
    endloop
  endfacet
  facet normal 0.0204283 -0.999791 0
    outer loop
      vertex -3.8075 -4.91845 2.1
      vertex -3.9832 -4.92204 1.2
      vertex -3.8075 -4.91845 1.2
    endloop
  endfacet
  facet normal 0.154926 -0.987926 0
    outer loop
      vertex 38.4845 -4.89988 1.2
      vertex 38.9083 -4.83342 2.1
      vertex 38.4845 -4.89988 2.1
    endloop
  endfacet
  facet normal 0.154926 -0.987926 0
    outer loop
      vertex 38.9083 -4.83342 2.1
      vertex 38.4845 -4.89988 1.2
      vertex 38.9083 -4.83342 1.2
    endloop
  endfacet
  facet normal 0.274333 -0.961635 0
    outer loop
      vertex 39 -4.80726 1.2
      vertex 38.9083 -4.83342 2.1
      vertex 38.9083 -4.83342 1.2
    endloop
  endfacet
  facet normal 0.274387 -0.961619 5.95213e-06
    outer loop
      vertex 38.9083 -4.83342 2.1
      vertex 39 -4.80726 1.2
      vertex 39.2964 -4.72268 2.1
    endloop
  endfacet
  facet normal 0.274404 -0.961614 0
    outer loop
      vertex 39.2964 -4.72268 2.1
      vertex 39 -4.80726 1.2
      vertex 39.2964 -4.72268 1.2
    endloop
  endfacet
  facet normal 0.402769 -0.915302 0
    outer loop
      vertex 39.2964 -4.72268 1.2
      vertex 39.6488 -4.56761 2.1
      vertex 39.2964 -4.72268 2.1
    endloop
  endfacet
  facet normal 0.402769 -0.915302 0
    outer loop
      vertex 39.6488 -4.56761 2.1
      vertex 39.2964 -4.72268 1.2
      vertex 39.6488 -4.56761 1.2
    endloop
  endfacet
  facet normal 0.532749 -0.846273 0
    outer loop
      vertex 39.6488 -4.56761 1.2
      vertex 39.9655 -4.36824 2.1
      vertex 39.6488 -4.56761 2.1
    endloop
  endfacet
  facet normal 0.532749 -0.846273 0
    outer loop
      vertex 39.9655 -4.36824 2.1
      vertex 39.6488 -4.56761 1.2
      vertex 39.9655 -4.36824 1.2
    endloop
  endfacet
  facet normal 0.65514 -0.755507 0
    outer loop
      vertex 39.9655 -4.36824 1.2
      vertex 40.2465 -4.12457 2.1
      vertex 39.9655 -4.36824 2.1
    endloop
  endfacet
  facet normal 0.65514 -0.755507 0
    outer loop
      vertex 40.2465 -4.12457 2.1
      vertex 39.9655 -4.36824 1.2
      vertex 40.2465 -4.12457 1.2
    endloop
  endfacet
  facet normal 0.761395 -0.648288 0
    outer loop
      vertex 40.2465 -4.12457 2.1
      vertex 40.4917 -3.83659 1.2
      vertex 40.4917 -3.83659 2.1
    endloop
  endfacet
  facet normal 0.761395 -0.648288 0
    outer loop
      vertex 40.4917 -3.83659 1.2
      vertex 40.2465 -4.12457 2.1
      vertex 40.2465 -4.12457 1.2
    endloop
  endfacet
  facet normal 0.845796 -0.533506 0
    outer loop
      vertex 40.4917 -3.83659 2.1
      vertex 40.7013 -3.5043 1.2
      vertex 40.7013 -3.5043 2.1
    endloop
  endfacet
  facet normal 0.845796 -0.533506 0
    outer loop
      vertex 40.7013 -3.5043 1.2
      vertex 40.4917 -3.83659 2.1
      vertex 40.4917 -3.83659 1.2
    endloop
  endfacet
  facet normal 0.907969 -0.419037 0
    outer loop
      vertex 40.7013 -3.5043 2.1
      vertex 40.8751 -3.12771 1.2
      vertex 40.8751 -3.12771 2.1
    endloop
  endfacet
  facet normal 0.907969 -0.419037 0
    outer loop
      vertex 40.8751 -3.12771 1.2
      vertex 40.7013 -3.5043 2.1
      vertex 40.7013 -3.5043 1.2
    endloop
  endfacet
  facet normal 0.0864196 0.996259 -0
    outer loop
      vertex 40.8751 -3.12771 1.2
      vertex 39.2577 -2.98741 2.1
      vertex 40.8751 -3.12771 2.1
    endloop
  endfacet
  facet normal 0.0864196 0.996259 0
    outer loop
      vertex 39.2577 -2.98741 2.1
      vertex 40.8751 -3.12771 1.2
      vertex 39.2577 -2.98741 1.2
    endloop
  endfacet
  facet normal -0.93792 0.346852 0
    outer loop
      vertex 39.1966 -3.15263 1.2
      vertex 39.2577 -2.98741 2.1
      vertex 39.2577 -2.98741 1.2
    endloop
  endfacet
  facet normal -0.93792 0.346852 0
    outer loop
      vertex 39.2577 -2.98741 2.1
      vertex 39.1966 -3.15263 1.2
      vertex 39.1966 -3.15263 2.1
    endloop
  endfacet
  facet normal -0.882226 0.470827 0
    outer loop
      vertex 39.1188 -3.29841 1.2
      vertex 39.1966 -3.15263 2.1
      vertex 39.1966 -3.15263 1.2
    endloop
  endfacet
  facet normal -0.882226 0.470827 0
    outer loop
      vertex 39.1966 -3.15263 2.1
      vertex 39.1188 -3.29841 1.2
      vertex 39.1188 -3.29841 2.1
    endloop
  endfacet
  facet normal -0.801406 0.598121 0
    outer loop
      vertex 39.0245 -3.42476 1.2
      vertex 39.1188 -3.29841 2.1
      vertex 39.1188 -3.29841 1.2
    endloop
  endfacet
  facet normal -0.801406 0.598121 0
    outer loop
      vertex 39.1188 -3.29841 2.1
      vertex 39.0245 -3.42476 1.2
      vertex 39.0245 -3.42476 2.1
    endloop
  endfacet
  facet normal -0.694212 0.719771 0
    outer loop
      vertex 39 -3.44839 1.2
      vertex 39.0245 -3.42476 2.1
      vertex 39.0245 -3.42476 1.2
    endloop
  endfacet
  facet normal -0.694003 0.719972 -1.09428e-05
    outer loop
      vertex 39.0245 -3.42476 2.1
      vertex 39 -3.44839 1.2
      vertex 38.9136 -3.53166 2.1
    endloop
  endfacet
  facet normal -0.693944 0.720029 0
    outer loop
      vertex 38.9136 -3.53166 2.1
      vertex 39 -3.44839 1.2
      vertex 38.9136 -3.53166 1.2
    endloop
  endfacet
  facet normal -0.565755 0.824574 0
    outer loop
      vertex 38.9136 -3.53166 1.2
      vertex 38.7861 -3.61914 2.1
      vertex 38.9136 -3.53166 2.1
    endloop
  endfacet
  facet normal -0.565755 0.824574 0
    outer loop
      vertex 38.7861 -3.61914 2.1
      vertex 38.9136 -3.53166 1.2
      vertex 38.7861 -3.61914 1.2
    endloop
  endfacet
  facet normal -0.427109 0.9042 0
    outer loop
      vertex 38.7861 -3.61914 1.2
      vertex 38.6421 -3.68716 2.1
      vertex 38.7861 -3.61914 2.1
    endloop
  endfacet
  facet normal -0.427109 0.9042 0
    outer loop
      vertex 38.6421 -3.68716 2.1
      vertex 38.7861 -3.61914 1.2
      vertex 38.6421 -3.68716 1.2
    endloop
  endfacet
  facet normal -0.289478 0.957185 0
    outer loop
      vertex 38.6421 -3.68716 1.2
      vertex 38.4814 -3.73576 2.1
      vertex 38.6421 -3.68716 2.1
    endloop
  endfacet
  facet normal -0.289478 0.957185 0
    outer loop
      vertex 38.4814 -3.73576 2.1
      vertex 38.6421 -3.68716 1.2
      vertex 38.4814 -3.73576 1.2
    endloop
  endfacet
  facet normal -0.162376 0.986729 0
    outer loop
      vertex 38.4814 -3.73576 1.2
      vertex 38.3042 -3.76492 2.1
      vertex 38.4814 -3.73576 2.1
    endloop
  endfacet
  facet normal -0.162376 0.986729 0
    outer loop
      vertex 38.3042 -3.76492 2.1
      vertex 38.4814 -3.73576 1.2
      vertex 38.3042 -3.76492 1.2
    endloop
  endfacet
  facet normal -0.0500918 0.998745 0
    outer loop
      vertex 38.3042 -3.76492 1.2
      vertex 38.1104 -3.77464 2.1
      vertex 38.3042 -3.76492 2.1
    endloop
  endfacet
  facet normal -0.0500918 0.998745 0
    outer loop
      vertex 38.1104 -3.77464 2.1
      vertex 38.3042 -3.76492 1.2
      vertex 38.1104 -3.77464 1.2
    endloop
  endfacet
  facet normal 0.0424984 0.999097 -0
    outer loop
      vertex 38.1104 -3.77464 1.2
      vertex 37.9677 -3.76857 2.1
      vertex 38.1104 -3.77464 2.1
    endloop
  endfacet
  facet normal 0.0424984 0.999097 0
    outer loop
      vertex 37.9677 -3.76857 2.1
      vertex 38.1104 -3.77464 1.2
      vertex 37.9677 -3.76857 1.2
    endloop
  endfacet
  facet normal 0.133243 0.991083 -0
    outer loop
      vertex 37.9677 -3.76857 1.2
      vertex 37.8324 -3.75038 2.1
      vertex 37.9677 -3.76857 2.1
    endloop
  endfacet
  facet normal 0.133243 0.991083 0
    outer loop
      vertex 37.8324 -3.75038 2.1
      vertex 37.9677 -3.76857 1.2
      vertex 37.8324 -3.75038 1.2
    endloop
  endfacet
  facet normal 0.230667 0.973033 -0
    outer loop
      vertex 37.8324 -3.75038 1.2
      vertex 37.7045 -3.72006 2.1
      vertex 37.8324 -3.75038 2.1
    endloop
  endfacet
  facet normal 0.230667 0.973033 0
    outer loop
      vertex 37.7045 -3.72006 2.1
      vertex 37.8324 -3.75038 1.2
      vertex 37.7045 -3.72006 1.2
    endloop
  endfacet
  facet normal 0.332759 0.943012 -0
    outer loop
      vertex 37.7045 -3.72006 1.2
      vertex 37.5842 -3.67761 2.1
      vertex 37.7045 -3.72006 2.1
    endloop
  endfacet
  facet normal 0.332759 0.943012 0
    outer loop
      vertex 37.5842 -3.67761 2.1
      vertex 37.7045 -3.72006 1.2
      vertex 37.5842 -3.67761 1.2
    endloop
  endfacet
  facet normal 0.435244 0.900312 -0
    outer loop
      vertex 37.5842 -3.67761 1.2
      vertex 37.4713 -3.62303 2.1
      vertex 37.5842 -3.67761 2.1
    endloop
  endfacet
  facet normal 0.435244 0.900312 0
    outer loop
      vertex 37.4713 -3.62303 2.1
      vertex 37.5842 -3.67761 1.2
      vertex 37.4713 -3.62303 1.2
    endloop
  endfacet
  facet normal 0.534442 0.845205 -0
    outer loop
      vertex 37.4713 -3.62303 1.2
      vertex 37.3658 -3.55632 2.1
      vertex 37.4713 -3.62303 2.1
    endloop
  endfacet
  facet normal 0.534442 0.845205 0
    outer loop
      vertex 37.3658 -3.55632 2.1
      vertex 37.4713 -3.62303 1.2
      vertex 37.3658 -3.55632 1.2
    endloop
  endfacet
  facet normal 0.626874 0.779121 -0
    outer loop
      vertex 37.3658 -3.55632 1.2
      vertex 37.2678 -3.47747 2.1
      vertex 37.3658 -3.55632 2.1
    endloop
  endfacet
  facet normal 0.626874 0.779121 0
    outer loop
      vertex 37.2678 -3.47747 2.1
      vertex 37.3658 -3.55632 1.2
      vertex 37.2678 -3.47747 1.2
    endloop
  endfacet
  facet normal 0.708858 0.705351 0
    outer loop
      vertex 37.2678 -3.47747 2.1
      vertex 37.1773 -3.38652 1.2
      vertex 37.1773 -3.38652 2.1
    endloop
  endfacet
  facet normal 0.708858 0.705351 0
    outer loop
      vertex 37.1773 -3.38652 1.2
      vertex 37.2678 -3.47747 2.1
      vertex 37.2678 -3.47747 1.2
    endloop
  endfacet
  facet normal 0.778609 0.627509 0
    outer loop
      vertex 37.1773 -3.38652 2.1
      vertex 37.0942 -3.28341 1.2
      vertex 37.0942 -3.28341 2.1
    endloop
  endfacet
  facet normal 0.778609 0.627509 0
    outer loop
      vertex 37.0942 -3.28341 1.2
      vertex 37.1773 -3.38652 2.1
      vertex 37.1773 -3.38652 1.2
    endloop
  endfacet
  facet normal 0.837987 0.54569 0
    outer loop
      vertex 37.0942 -3.28341 2.1
      vertex 37.0193 -3.16839 1.2
      vertex 37.0193 -3.16839 2.1
    endloop
  endfacet
  facet normal 0.837987 0.54569 0
    outer loop
      vertex 37.0193 -3.16839 1.2
      vertex 37.0942 -3.28341 2.1
      vertex 37.0942 -3.28341 1.2
    endloop
  endfacet
  facet normal 0.886582 0.462571 0
    outer loop
      vertex 37.0193 -3.16839 2.1
      vertex 36.9532 -3.0417 1.2
      vertex 36.9532 -3.0417 2.1
    endloop
  endfacet
  facet normal 0.886582 0.462571 0
    outer loop
      vertex 36.9532 -3.0417 1.2
      vertex 37.0193 -3.16839 2.1
      vertex 37.0193 -3.16839 1.2
    endloop
  endfacet
  facet normal 0.923924 0.382576 0
    outer loop
      vertex 36.9532 -3.0417 2.1
      vertex 36.8959 -2.90332 1.2
      vertex 36.8959 -2.90332 2.1
    endloop
  endfacet
  facet normal 0.923924 0.382576 0
    outer loop
      vertex 36.8959 -2.90332 1.2
      vertex 36.9532 -3.0417 2.1
      vertex 36.9532 -3.0417 1.2
    endloop
  endfacet
  facet normal 0.951535 0.30754 0
    outer loop
      vertex 36.8959 -2.90332 2.1
      vertex 36.8474 -2.75326 1.2
      vertex 36.8474 -2.75326 2.1
    endloop
  endfacet
  facet normal 0.951535 0.30754 0
    outer loop
      vertex 36.8474 -2.75326 1.2
      vertex 36.8959 -2.90332 2.1
      vertex 36.8959 -2.90332 1.2
    endloop
  endfacet
  facet normal 0.971172 0.23838 0
    outer loop
      vertex 36.8474 -2.75326 2.1
      vertex 36.8077 -2.59152 1.2
      vertex 36.8077 -2.59152 2.1
    endloop
  endfacet
  facet normal 0.971172 0.23838 0
    outer loop
      vertex 36.8077 -2.59152 1.2
      vertex 36.8474 -2.75326 2.1
      vertex 36.8474 -2.75326 1.2
    endloop
  endfacet
  facet normal 0.984592 0.174867 0
    outer loop
      vertex 36.8077 -2.59152 2.1
      vertex 36.7769 -2.4181 1.2
      vertex 36.7769 -2.4181 2.1
    endloop
  endfacet
  facet normal 0.984592 0.174867 0
    outer loop
      vertex 36.7769 -2.4181 1.2
      vertex 36.8077 -2.59152 2.1
      vertex 36.8077 -2.59152 1.2
    endloop
  endfacet
  facet normal 0.992948 0.118553 0
    outer loop
      vertex 36.7769 -2.4181 2.1
      vertex 36.7548 -2.233 1.2
      vertex 36.7548 -2.233 2.1
    endloop
  endfacet
  facet normal 0.992948 0.118553 0
    outer loop
      vertex 36.7548 -2.233 1.2
      vertex 36.7769 -2.4181 2.1
      vertex 36.7769 -2.4181 1.2
    endloop
  endfacet
  facet normal 0.997758 0.0669296 0
    outer loop
      vertex 36.7548 -2.233 2.1
      vertex 36.7416 -2.03622 1.2
      vertex 36.7416 -2.03622 2.1
    endloop
  endfacet
  facet normal 0.997758 0.0669296 0
    outer loop
      vertex 36.7416 -2.03622 1.2
      vertex 36.7548 -2.233 2.1
      vertex 36.7548 -2.233 1.2
    endloop
  endfacet
  facet normal 0.999777 0.0211015 0
    outer loop
      vertex 36.7416 -2.03622 2.1
      vertex 36.7372 -1.82775 1.2
      vertex 36.7372 -1.82775 2.1
    endloop
  endfacet
  facet normal 0.999777 0.0211015 0
    outer loop
      vertex 36.7372 -1.82775 1.2
      vertex 36.7416 -2.03622 2.1
      vertex 36.7416 -2.03622 1.2
    endloop
  endfacet
  facet normal 0 -1 0
    outer loop
      vertex 39 -1.82775 1.2
      vertex 36.7372 -1.82775 2.1
      vertex 36.7372 -1.82775 1.2
    endloop
  endfacet
  facet normal 0 -1 0
    outer loop
      vertex 36.7372 -1.82775 2.1
      vertex 39 -1.82775 1.2
      vertex 40.9728 -1.82775 2.1
    endloop
  endfacet
  facet normal 0 -1 -0
    outer loop
      vertex 40.9728 -1.82775 2.1
      vertex 39 -1.82775 1.2
      vertex 40.9728 -1.82775 1.2
    endloop
  endfacet
  facet normal 1 -0 0
    outer loop
      vertex 40.9728 -1.82775 2.1
      vertex 40.9728 -1.77897 1.2
      vertex 40.9728 -1.77897 2.1
    endloop
  endfacet
  facet normal 1 0 0
    outer loop
      vertex 40.9728 -1.77897 1.2
      vertex 40.9728 -1.82775 2.1
      vertex 40.9728 -1.82775 1.2
    endloop
  endfacet
  facet normal 0.999721 0.0236371 0
    outer loop
      vertex 40.9728 -1.77897 2.1
      vertex 40.9635 -1.38563 1.2
      vertex 40.9635 -1.38563 2.1
    endloop
  endfacet
  facet normal 0.999721 0.0236371 0
    outer loop
      vertex 40.9635 -1.38563 1.2
      vertex 40.9728 -1.77897 2.1
      vertex 40.9728 -1.77897 1.2
    endloop
  endfacet
  facet normal 0.997215 0.0745792 0
    outer loop
      vertex 40.9635 -1.38563 2.1
      vertex 40.9357 -1.01391 1.2
      vertex 40.9357 -1.01391 2.1
    endloop
  endfacet
  facet normal 0.997215 0.0745792 0
    outer loop
      vertex 40.9357 -1.01391 1.2
      vertex 40.9635 -1.38563 2.1
      vertex 40.9635 -1.38563 1.2
    endloop
  endfacet
  facet normal 0.991369 0.131102 0
    outer loop
      vertex 40.9357 -1.01391 2.1
      vertex 40.8894 -0.663799 1.2
      vertex 40.8894 -0.663799 2.1
    endloop
  endfacet
  facet normal 0.991369 0.131102 0
    outer loop
      vertex 40.8894 -0.663799 1.2
      vertex 40.9357 -1.01391 2.1
      vertex 40.9357 -1.01391 1.2
    endloop
  endfacet
  facet normal 0.981033 0.193841 0
    outer loop
      vertex 40.8894 -0.663799 2.1
      vertex 40.8245 -0.335339 1.2
      vertex 40.8245 -0.335339 2.1
    endloop
  endfacet
  facet normal 0.981033 0.193841 0
    outer loop
      vertex 40.8245 -0.335339 1.2
      vertex 40.8894 -0.663799 2.1
      vertex 40.8894 -0.663799 1.2
    endloop
  endfacet
  facet normal 0.964993 0.262275 0
    outer loop
      vertex 40.8245 -0.335339 2.1
      vertex 40.7411 -0.0284843 1.2
      vertex 40.7411 -0.0284843 2.1
    endloop
  endfacet
  facet normal 0.964993 0.262275 0
    outer loop
      vertex 40.7411 -0.0284843 1.2
      vertex 40.8245 -0.335339 2.1
      vertex 40.8245 -0.335339 1.2
    endloop
  endfacet
  facet normal 0.941604 0.336722 0
    outer loop
      vertex 40.7411 -0.0284843 2.1
      vertex 40.6391 0.256747 1.2
      vertex 40.6391 0.256747 2.1
    endloop
  endfacet
  facet normal 0.941604 0.336722 0
    outer loop
      vertex 40.6391 0.256747 1.2
      vertex 40.7411 -0.0284843 2.1
      vertex 40.7411 -0.0284843 1.2
    endloop
  endfacet
  facet normal 0.909606 0.415471 0
    outer loop
      vertex 40.6391 0.256747 2.1
      vertex 40.5187 0.520343 1.2
      vertex 40.5187 0.520343 2.1
    endloop
  endfacet
  facet normal 0.909606 0.415471 0
    outer loop
      vertex 40.5187 0.520343 1.2
      vertex 40.6391 0.256747 2.1
      vertex 40.6391 0.256747 1.2
    endloop
  endfacet
  facet normal 0.866961 0.498377 0
    outer loop
      vertex 40.5187 0.520343 2.1
      vertex 40.3796 0.762317 1.2
      vertex 40.3796 0.762317 2.1
    endloop
  endfacet
  facet normal 0.866961 0.498377 0
    outer loop
      vertex 40.3796 0.762317 1.2
      vertex 40.5187 0.520343 2.1
      vertex 40.5187 0.520343 1.2
    endloop
  endfacet
  facet normal 0.813549 0.581497 0
    outer loop
      vertex 40.3796 0.762317 2.1
      vertex 40.2221 0.982669 1.2
      vertex 40.2221 0.982669 2.1
    endloop
  endfacet
  facet normal 0.813549 0.581497 0
    outer loop
      vertex 40.2221 0.982669 1.2
      vertex 40.3796 0.762317 2.1
      vertex 40.3796 0.762317 1.2
    endloop
  endfacet
  facet normal 0.74895 0.662627 0
    outer loop
      vertex 40.2221 0.982669 2.1
      vertex 40.047 1.18058 1.2
      vertex 40.047 1.18058 2.1
    endloop
  endfacet
  facet normal 0.74895 0.662627 0
    outer loop
      vertex 40.047 1.18058 1.2
      vertex 40.2221 0.982669 2.1
      vertex 40.2221 0.982669 1.2
    endloop
  endfacet
  facet normal 0.673364 0.739312 -0
    outer loop
      vertex 40.047 1.18058 1.2
      vertex 39.8553 1.35518 2.1
      vertex 40.047 1.18058 2.1
    endloop
  endfacet
  facet normal 0.673364 0.739312 0
    outer loop
      vertex 39.8553 1.35518 2.1
      vertex 40.047 1.18058 1.2
      vertex 39.8553 1.35518 1.2
    endloop
  endfacet
  facet normal 0.587788 0.809015 -0
    outer loop
      vertex 39.8553 1.35518 1.2
      vertex 39.647 1.50652 2.1
      vertex 39.8553 1.35518 2.1
    endloop
  endfacet
  facet normal 0.587788 0.809015 0
    outer loop
      vertex 39.647 1.50652 2.1
      vertex 39.8553 1.35518 1.2
      vertex 39.647 1.50652 1.2
    endloop
  endfacet
  facet normal 0.494952 0.86892 -0
    outer loop
      vertex 39.647 1.50652 1.2
      vertex 39.4222 1.63457 2.1
      vertex 39.647 1.50652 2.1
    endloop
  endfacet
  facet normal 0.494952 0.86892 0
    outer loop
      vertex 39.4222 1.63457 2.1
      vertex 39.647 1.50652 1.2
      vertex 39.4222 1.63457 1.2
    endloop
  endfacet
  facet normal 0.39813 0.917329 -0
    outer loop
      vertex 39.4222 1.63457 1.2
      vertex 39.1808 1.73934 2.1
      vertex 39.4222 1.63457 2.1
    endloop
  endfacet
  facet normal 0.39813 0.917329 0
    outer loop
      vertex 39.1808 1.73934 2.1
      vertex 39.4222 1.63457 1.2
      vertex 39.1808 1.73934 1.2
    endloop
  endfacet
  facet normal 0.301157 0.953575 0
    outer loop
      vertex 39 1.79644 1.2
      vertex 39.1808 1.73934 2.1
      vertex 39.1808 1.73934 1.2
    endloop
  endfacet
  facet normal 0.301186 0.953565 -6.5378e-06
    outer loop
      vertex 39.1808 1.73934 2.1
      vertex 39 1.79644 1.2
      vertex 38.9228 1.82083 2.1
    endloop
  endfacet
  facet normal 0.301256 0.953543 0
    outer loop
      vertex 38.9228 1.82083 2.1
      vertex 39 1.79644 1.2
      vertex 38.9228 1.82083 1.2
    endloop
  endfacet
  facet normal 0.207339 0.978269 -0
    outer loop
      vertex 38.9228 1.82083 1.2
      vertex 38.6482 1.87903 2.1
      vertex 38.9228 1.82083 2.1
    endloop
  endfacet
  facet normal 0.207339 0.978269 0
    outer loop
      vertex 38.6482 1.87903 2.1
      vertex 38.9228 1.82083 1.2
      vertex 38.6482 1.87903 1.2
    endloop
  endfacet
  facet normal 0.119098 0.992882 -0
    outer loop
      vertex 38.6482 1.87903 1.2
      vertex 38.357 1.91396 2.1
      vertex 38.6482 1.87903 2.1
    endloop
  endfacet
  facet normal 0.119098 0.992882 0
    outer loop
      vertex 38.357 1.91396 2.1
      vertex 38.6482 1.87903 1.2
      vertex 38.357 1.91396 1.2
    endloop
  endfacet
  facet normal 0.037802 0.999285 -0
    outer loop
      vertex 38.357 1.91396 1.2
      vertex 38.0493 1.9256 2.1
      vertex 38.357 1.91396 2.1
    endloop
  endfacet
  facet normal 0.037802 0.999285 0
    outer loop
      vertex 38.0493 1.9256 2.1
      vertex 38.357 1.91396 1.2
      vertex 38.0493 1.9256 1.2
    endloop
  endfacet
  facet normal -0.033614 0.999435 0
    outer loop
      vertex 38.0493 1.9256 1.2
      vertex 37.7267 1.91475 2.1
      vertex 38.0493 1.9256 2.1
    endloop
  endfacet
  facet normal -0.033614 0.999435 0
    outer loop
      vertex 37.7267 1.91475 2.1
      vertex 38.0493 1.9256 1.2
      vertex 37.7267 1.91475 1.2
    endloop
  endfacet
  facet normal -0.105812 0.994386 0
    outer loop
      vertex 37.7267 1.91475 1.2
      vertex 37.4209 1.88221 2.1
      vertex 37.7267 1.91475 2.1
    endloop
  endfacet
  facet normal -0.105812 0.994386 0
    outer loop
      vertex 37.4209 1.88221 2.1
      vertex 37.7267 1.91475 1.2
      vertex 37.4209 1.88221 1.2
    endloop
  endfacet
  facet normal -0.184498 0.982833 0
    outer loop
      vertex 37.4209 1.88221 1.2
      vertex 37.1318 1.82794 2.1
      vertex 37.4209 1.88221 2.1
    endloop
  endfacet
  facet normal -0.184498 0.982833 0
    outer loop
      vertex 37.1318 1.82794 2.1
      vertex 37.4209 1.88221 1.2
      vertex 37.1318 1.82794 1.2
    endloop
  endfacet
  facet normal -0.268541 0.963268 0
    outer loop
      vertex 37.1318 1.82794 1.2
      vertex 36.8594 1.752 2.1
      vertex 37.1318 1.82794 2.1
    endloop
  endfacet
  facet normal -0.268541 0.963268 0
    outer loop
      vertex 36.8594 1.752 2.1
      vertex 37.1318 1.82794 1.2
      vertex 36.8594 1.752 1.2
    endloop
  endfacet
  facet normal -0.356884 0.934149 0
    outer loop
      vertex 36.8594 1.752 1.2
      vertex 36.6038 1.65435 2.1
      vertex 36.8594 1.752 2.1
    endloop
  endfacet
  facet normal -0.356884 0.934149 0
    outer loop
      vertex 36.6038 1.65435 2.1
      vertex 36.8594 1.752 1.2
      vertex 36.6038 1.65435 1.2
    endloop
  endfacet
  facet normal -0.446884 0.894592 0
    outer loop
      vertex 36.6038 1.65435 1.2
      vertex 36.3649 1.53501 2.1
      vertex 36.6038 1.65435 2.1
    endloop
  endfacet
  facet normal -0.446884 0.894592 0
    outer loop
      vertex 36.3649 1.53501 2.1
      vertex 36.6038 1.65435 1.2
      vertex 36.3649 1.53501 1.2
    endloop
  endfacet
  facet normal -0.535956 0.844246 0
    outer loop
      vertex 36.3649 1.53501 1.2
      vertex 36.1427 1.39395 2.1
      vertex 36.3649 1.53501 2.1
    endloop
  endfacet
  facet normal -0.535956 0.844246 0
    outer loop
      vertex 36.1427 1.39395 2.1
      vertex 36.3649 1.53501 1.2
      vertex 36.1427 1.39395 1.2
    endloop
  endfacet
  facet normal -0.620849 0.78393 0
    outer loop
      vertex 36.1427 1.39395 1.2
      vertex 35.9372 1.2312 2.1
      vertex 36.1427 1.39395 2.1
    endloop
  endfacet
  facet normal -0.620849 0.78393 0
    outer loop
      vertex 35.9372 1.2312 2.1
      vertex 36.1427 1.39395 1.2
      vertex 35.9372 1.2312 1.2
    endloop
  endfacet
  facet normal -0.698988 0.715133 0
    outer loop
      vertex 35.9372 1.2312 1.2
      vertex 35.7485 1.04676 2.1
      vertex 35.9372 1.2312 2.1
    endloop
  endfacet
  facet normal -0.698988 0.715133 0
    outer loop
      vertex 35.7485 1.04676 2.1
      vertex 35.9372 1.2312 1.2
      vertex 35.7485 1.04676 1.2
    endloop
  endfacet
  facet normal -0.768491 0.639861 0
    outer loop
      vertex 35.5781 0.842105 1.2
      vertex 35.7485 1.04676 2.1
      vertex 35.7485 1.04676 1.2
    endloop
  endfacet
  facet normal -0.768491 0.639861 0
    outer loop
      vertex 35.7485 1.04676 2.1
      vertex 35.5781 0.842105 1.2
      vertex 35.5781 0.842105 2.1
    endloop
  endfacet
  facet normal -0.829617 0.558333 0
    outer loop
      vertex 35.4278 0.618777 1.2
      vertex 35.5781 0.842105 2.1
      vertex 35.5781 0.842105 1.2
    endloop
  endfacet
  facet normal -0.829617 0.558333 0
    outer loop
      vertex 35.5781 0.842105 2.1
      vertex 35.4278 0.618777 1.2
      vertex 35.4278 0.618777 2.1
    endloop
  endfacet
  facet normal -0.880486 0.474072 0
    outer loop
      vertex 35.2975 0.376773 1.2
      vertex 35.4278 0.618777 2.1
      vertex 35.4278 0.618777 1.2
    endloop
  endfacet
  facet normal -0.880486 0.474072 0
    outer loop
      vertex 35.4278 0.618777 2.1
      vertex 35.2975 0.376773 1.2
      vertex 35.2975 0.376773 2.1
    endloop
  endfacet
  facet normal -0.921088 0.389356 0
    outer loop
      vertex 35.1873 0.116076 1.2
      vertex 35.2975 0.376773 2.1
      vertex 35.2975 0.376773 1.2
    endloop
  endfacet
  facet normal -0.921088 0.389356 0
    outer loop
      vertex 35.2975 0.376773 2.1
      vertex 35.1873 0.116076 1.2
      vertex 35.1873 0.116076 2.1
    endloop
  endfacet
  facet normal -0.951629 0.30725 0
    outer loop
      vertex 35.0971 -0.163296 1.2
      vertex 35.1873 0.116076 2.1
      vertex 35.1873 0.116076 1.2
    endloop
  endfacet
  facet normal -0.951629 0.30725 0
    outer loop
      vertex 35.1873 0.116076 2.1
      vertex 35.0971 -0.163296 1.2
      vertex 35.0971 -0.163296 2.1
    endloop
  endfacet
  facet normal -0.973368 0.229247 0
    outer loop
      vertex 35.0269 -0.461361 1.2
      vertex 35.0971 -0.163296 2.1
      vertex 35.0971 -0.163296 1.2
    endloop
  endfacet
  facet normal -0.973368 0.229247 0
    outer loop
      vertex 35.0971 -0.163296 2.1
      vertex 35.0269 -0.461361 1.2
      vertex 35.0269 -0.461361 2.1
    endloop
  endfacet
  facet normal -0.987722 0.156223 0
    outer loop
      vertex 34.9768 -0.778118 1.2
      vertex 35.0269 -0.461361 2.1
      vertex 35.0269 -0.461361 1.2
    endloop
  endfacet
  facet normal -0.987722 0.156223 0
    outer loop
      vertex 35.0269 -0.461361 2.1
      vertex 34.9768 -0.778118 1.2
      vertex 34.9768 -0.778118 2.1
    endloop
  endfacet
  facet normal -0.996024 0.0890813 0
    outer loop
      vertex 34.9468 -1.11355 1.2
      vertex 34.9768 -0.778118 2.1
      vertex 34.9768 -0.778118 1.2
    endloop
  endfacet
  facet normal -0.996024 0.0890813 0
    outer loop
      vertex 34.9768 -0.778118 2.1
      vertex 34.9468 -1.11355 1.2
      vertex 34.9468 -1.11355 2.1
    endloop
  endfacet
  facet normal -0.999601 0.0282286 0
    outer loop
      vertex 34.9368 -1.46766 1.2
      vertex 34.9468 -1.11355 2.1
      vertex 34.9468 -1.11355 1.2
    endloop
  endfacet
  facet normal -0.999601 0.0282286 0
    outer loop
      vertex 34.9468 -1.11355 2.1
      vertex 34.9368 -1.46766 1.2
      vertex 34.9368 -1.46766 2.1
    endloop
  endfacet
  facet normal -0.999641 -0.0267876 0
    outer loop
      vertex 34.9466 -1.83337 1.2
      vertex 34.9368 -1.46766 2.1
      vertex 34.9368 -1.46766 1.2
    endloop
  endfacet
  facet normal -0.999641 -0.0267876 0
    outer loop
      vertex 34.9368 -1.46766 2.1
      vertex 34.9466 -1.83337 1.2
      vertex 34.9466 -1.83337 2.1
    endloop
  endfacet
  facet normal -0.996355 -0.0853063 0
    outer loop
      vertex 34.9762 -2.17909 1.2
      vertex 34.9466 -1.83337 2.1
      vertex 34.9466 -1.83337 1.2
    endloop
  endfacet
  facet normal -0.996355 -0.0853063 0
    outer loop
      vertex 34.9466 -1.83337 2.1
      vertex 34.9762 -2.17909 1.2
      vertex 34.9762 -2.17909 2.1
    endloop
  endfacet
  facet normal -0.988697 -0.149927 0
    outer loop
      vertex 35.0256 -2.50486 1.2
      vertex 34.9762 -2.17909 2.1
      vertex 34.9762 -2.17909 1.2
    endloop
  endfacet
  facet normal -0.988697 -0.149927 0
    outer loop
      vertex 34.9762 -2.17909 2.1
      vertex 35.0256 -2.50486 1.2
      vertex 35.0256 -2.50486 2.1
    endloop
  endfacet
  facet normal -0.975406 -0.220415 0
    outer loop
      vertex 35.0947 -2.81065 1.2
      vertex 35.0256 -2.50486 2.1
      vertex 35.0256 -2.50486 1.2
    endloop
  endfacet
  facet normal -0.975406 -0.220415 0
    outer loop
      vertex 35.0256 -2.50486 2.1
      vertex 35.0947 -2.81065 1.2
      vertex 35.0947 -2.81065 2.1
    endloop
  endfacet
  facet normal -0.954975 -0.296686 0
    outer loop
      vertex 35.1835 -3.09648 1.2
      vertex 35.0947 -2.81065 2.1
      vertex 35.0947 -2.81065 1.2
    endloop
  endfacet
  facet normal -0.954975 -0.296686 0
    outer loop
      vertex 35.0947 -2.81065 2.1
      vertex 35.1835 -3.09648 1.2
      vertex 35.1835 -3.09648 2.1
    endloop
  endfacet
  facet normal -0.925748 -0.378141 0
    outer loop
      vertex 35.2921 -3.36235 1.2
      vertex 35.1835 -3.09648 2.1
      vertex 35.1835 -3.09648 1.2
    endloop
  endfacet
  facet normal -0.925748 -0.378141 0
    outer loop
      vertex 35.1835 -3.09648 2.1
      vertex 35.2921 -3.36235 1.2
      vertex 35.2921 -3.36235 2.1
    endloop
  endfacet
  facet normal -0.886571 -0.462593 0
    outer loop
      vertex 35.4204 -3.60824 1.2
      vertex 35.2921 -3.36235 2.1
      vertex 35.2921 -3.36235 1.2
    endloop
  endfacet
  facet normal -0.886571 -0.462593 0
    outer loop
      vertex 35.2921 -3.36235 2.1
      vertex 35.4204 -3.60824 1.2
      vertex 35.4204 -3.60824 2.1
    endloop
  endfacet
  facet normal -0.836511 -0.547949 0
    outer loop
      vertex 35.5684 -3.83418 1.2
      vertex 35.4204 -3.60824 2.1
      vertex 35.4204 -3.60824 1.2
    endloop
  endfacet
  facet normal -0.836511 -0.547949 0
    outer loop
      vertex 35.4204 -3.60824 2.1
      vertex 35.5684 -3.83418 1.2
      vertex 35.5684 -3.83418 2.1
    endloop
  endfacet
  facet normal -0.77527 -0.631629 0
    outer loop
      vertex 35.7362 -4.04014 1.2
      vertex 35.5684 -3.83418 2.1
      vertex 35.5684 -3.83418 1.2
    endloop
  endfacet
  facet normal -0.77527 -0.631629 0
    outer loop
      vertex 35.5684 -3.83418 2.1
      vertex 35.7362 -4.04014 1.2
      vertex 35.7362 -4.04014 2.1
    endloop
  endfacet
  facet normal -0.70499 -0.709218 0
    outer loop
      vertex 35.7362 -4.04014 1.2
      vertex 35.9224 -4.22523 2.1
      vertex 35.7362 -4.04014 2.1
    endloop
  endfacet
  facet normal -0.70499 -0.709218 -0
    outer loop
      vertex 35.9224 -4.22523 2.1
      vertex 35.7362 -4.04014 1.2
      vertex 35.9224 -4.22523 1.2
    endloop
  endfacet
  facet normal -0.626471 -0.779445 0
    outer loop
      vertex 35.9224 -4.22523 1.2
      vertex 36.1256 -4.38855 2.1
      vertex 35.9224 -4.22523 2.1
    endloop
  endfacet
  facet normal -0.626471 -0.779445 -0
    outer loop
      vertex 36.1256 -4.38855 2.1
      vertex 35.9224 -4.22523 1.2
      vertex 36.1256 -4.38855 1.2
    endloop
  endfacet
  facet normal -0.540538 -0.84132 0
    outer loop
      vertex 36.1256 -4.38855 1.2
      vertex 36.3459 -4.53009 2.1
      vertex 36.1256 -4.38855 2.1
    endloop
  endfacet
  facet normal -0.540538 -0.84132 -0
    outer loop
      vertex 36.3459 -4.53009 2.1
      vertex 36.1256 -4.38855 1.2
      vertex 36.3459 -4.53009 1.2
    endloop
  endfacet
  facet normal -0.450703 -0.892674 0
    outer loop
      vertex 36.3459 -4.53009 1.2
      vertex 36.5831 -4.64985 2.1
      vertex 36.3459 -4.53009 2.1
    endloop
  endfacet
  facet normal -0.450703 -0.892674 -0
    outer loop
      vertex 36.5831 -4.64985 2.1
      vertex 36.3459 -4.53009 1.2
      vertex 36.5831 -4.64985 1.2
    endloop
  endfacet
  facet normal -0.359562 -0.933121 0
    outer loop
      vertex 36.5831 -4.64985 1.2
      vertex 36.8374 -4.74784 2.1
      vertex 36.5831 -4.64985 2.1
    endloop
  endfacet
  facet normal -0.359562 -0.933121 -0
    outer loop
      vertex 36.8374 -4.74784 2.1
      vertex 36.5831 -4.64985 1.2
      vertex 36.8374 -4.74784 1.2
    endloop
  endfacet
  facet normal -0.270347 -0.962763 0
    outer loop
      vertex 36.8374 -4.74784 1.2
      vertex 37.1088 -4.82405 2.1
      vertex 36.8374 -4.74784 2.1
    endloop
  endfacet
  facet normal -0.270347 -0.962763 -0
    outer loop
      vertex 37.1088 -4.82405 2.1
      vertex 36.8374 -4.74784 1.2
      vertex 37.1088 -4.82405 1.2
    endloop
  endfacet
  facet normal -0.185519 -0.982641 0
    outer loop
      vertex 37.1088 -4.82405 1.2
      vertex 37.3971 -4.87848 2.1
      vertex 37.1088 -4.82405 2.1
    endloop
  endfacet
  facet normal -0.185519 -0.982641 -0
    outer loop
      vertex 37.3971 -4.87848 2.1
      vertex 37.1088 -4.82405 1.2
      vertex 37.3971 -4.87848 1.2
    endloop
  endfacet
  facet normal -0.106335 -0.99433 0
    outer loop
      vertex 37.3971 -4.87848 1.2
      vertex 37.7025 -4.91114 2.1
      vertex 37.3971 -4.87848 2.1
    endloop
  endfacet
  facet normal -0.106335 -0.99433 -0
    outer loop
      vertex 37.7025 -4.91114 2.1
      vertex 37.3971 -4.87848 1.2
      vertex 37.7025 -4.91114 1.2
    endloop
  endfacet
  facet normal -0.0337896 -0.999429 0
    outer loop
      vertex 37.7025 -4.91114 1.2
      vertex 38.0249 -4.92204 2.1
      vertex 37.7025 -4.91114 2.1
    endloop
  endfacet
  facet normal -0.0337896 -0.999429 -0
    outer loop
      vertex 38.0249 -4.92204 2.1
      vertex 37.7025 -4.91114 1.2
      vertex 38.0249 -4.92204 1.2
    endloop
  endfacet
  facet normal 0.0481599 -0.99884 0
    outer loop
      vertex 38.0249 -4.92204 1.2
      vertex 38.4845 -4.89988 2.1
      vertex 38.0249 -4.92204 2.1
    endloop
  endfacet
  facet normal 0.0481599 -0.99884 0
    outer loop
      vertex 38.4845 -4.89988 2.1
      vertex 38.0249 -4.92204 1.2
      vertex 38.4845 -4.89988 1.2
    endloop
  endfacet
  facet normal 0.998842 -0.04811 0
    outer loop
      vertex 36.7493 -0.753613 2.1
      vertex 36.7572 -0.589596 1.2
      vertex 36.7572 -0.589596 2.1
    endloop
  endfacet
  facet normal 0.998842 -0.04811 0
    outer loop
      vertex 36.7572 -0.589596 1.2
      vertex 36.7493 -0.753613 2.1
      vertex 36.7493 -0.753613 1.2
    endloop
  endfacet
  facet normal 0.995083 -0.0990412 0
    outer loop
      vertex 36.7572 -0.589596 2.1
      vertex 36.7727 -0.433865 1.2
      vertex 36.7727 -0.433865 2.1
    endloop
  endfacet
  facet normal 0.995083 -0.0990412 0
    outer loop
      vertex 36.7727 -0.433865 1.2
      vertex 36.7572 -0.589596 2.1
      vertex 36.7572 -0.589596 1.2
    endloop
  endfacet
  facet normal 0.987949 -0.15478 0
    outer loop
      vertex 36.7727 -0.433865 2.1
      vertex 36.7958 -0.286419 1.2
      vertex 36.7958 -0.286419 2.1
    endloop
  endfacet
  facet normal 0.987949 -0.15478 0
    outer loop
      vertex 36.7958 -0.286419 1.2
      vertex 36.7727 -0.433865 2.1
      vertex 36.7727 -0.433865 1.2
    endloop
  endfacet
  facet normal 0.976519 -0.215429 0
    outer loop
      vertex 36.7958 -0.286419 2.1
      vertex 36.8265 -0.147259 1.2
      vertex 36.8265 -0.147259 2.1
    endloop
  endfacet
  facet normal 0.976519 -0.215429 0
    outer loop
      vertex 36.8265 -0.147259 1.2
      vertex 36.7958 -0.286419 2.1
      vertex 36.7958 -0.286419 1.2
    endloop
  endfacet
  facet normal 0.959549 -0.281541 0
    outer loop
      vertex 36.8265 -0.147259 2.1
      vertex 36.8649 -0.0163841 1.2
      vertex 36.8649 -0.0163841 2.1
    endloop
  endfacet
  facet normal 0.959549 -0.281541 0
    outer loop
      vertex 36.8649 -0.0163841 1.2
      vertex 36.8265 -0.147259 2.1
      vertex 36.8265 -0.147259 1.2
    endloop
  endfacet
  facet normal 0.936492 -0.350689 0
    outer loop
      vertex 36.8649 -0.0163841 2.1
      vertex 36.9108 0.106189 1.2
      vertex 36.9108 0.106189 2.1
    endloop
  endfacet
  facet normal 0.936492 -0.350689 0
    outer loop
      vertex 36.9108 0.106189 1.2
      vertex 36.8649 -0.0163841 2.1
      vertex 36.8649 -0.0163841 1.2
    endloop
  endfacet
  facet normal 0.905701 -0.423917 0
    outer loop
      vertex 36.9108 0.106189 2.1
      vertex 36.9643 0.220492 1.2
      vertex 36.9643 0.220492 2.1
    endloop
  endfacet
  facet normal 0.905701 -0.423917 0
    outer loop
      vertex 36.9643 0.220492 1.2
      vertex 36.9108 0.106189 2.1
      vertex 36.9108 0.106189 1.2
    endloop
  endfacet
  facet normal 0.866028 -0.499995 0
    outer loop
      vertex 36.9643 0.220492 2.1
      vertex 37.0255 0.326495 1.2
      vertex 37.0255 0.326495 2.1
    endloop
  endfacet
  facet normal 0.866028 -0.499995 0
    outer loop
      vertex 37.0255 0.326495 1.2
      vertex 36.9643 0.220492 2.1
      vertex 36.9643 0.220492 1.2
    endloop
  endfacet
  facet normal 0.818102 -0.575073 0
    outer loop
      vertex 37.0255 0.326495 2.1
      vertex 37.0942 0.424228 1.2
      vertex 37.0942 0.424228 2.1
    endloop
  endfacet
  facet normal 0.818102 -0.575073 0
    outer loop
      vertex 37.0942 0.424228 1.2
      vertex 37.0255 0.326495 2.1
      vertex 37.0255 0.326495 1.2
    endloop
  endfacet
  facet normal 0.758265 -0.651946 0
    outer loop
      vertex 37.0942 0.424228 2.1
      vertex 37.1702 0.512622 1.2
      vertex 37.1702 0.512622 2.1
    endloop
  endfacet
  facet normal 0.758265 -0.651946 0
    outer loop
      vertex 37.1702 0.512622 1.2
      vertex 37.0942 0.424228 2.1
      vertex 37.0942 0.424228 1.2
    endloop
  endfacet
  facet normal 0.685269 -0.72829 0
    outer loop
      vertex 37.1702 0.512622 1.2
      vertex 37.2531 0.590625 2.1
      vertex 37.1702 0.512622 2.1
    endloop
  endfacet
  facet normal 0.685269 -0.72829 0
    outer loop
      vertex 37.2531 0.590625 2.1
      vertex 37.1702 0.512622 1.2
      vertex 37.2531 0.590625 1.2
    endloop
  endfacet
  facet normal 0.601828 -0.798626 0
    outer loop
      vertex 37.2531 0.590625 1.2
      vertex 37.3428 0.658221 2.1
      vertex 37.2531 0.590625 2.1
    endloop
  endfacet
  facet normal 0.601828 -0.798626 0
    outer loop
      vertex 37.3428 0.658221 2.1
      vertex 37.2531 0.590625 1.2
      vertex 37.3428 0.658221 1.2
    endloop
  endfacet
  facet normal 0.509933 -0.860214 0
    outer loop
      vertex 37.3428 0.658221 1.2
      vertex 37.4393 0.715426 2.1
      vertex 37.3428 0.658221 2.1
    endloop
  endfacet
  facet normal 0.509933 -0.860214 0
    outer loop
      vertex 37.4393 0.715426 2.1
      vertex 37.3428 0.658221 1.2
      vertex 37.4393 0.715426 1.2
    endloop
  endfacet
  facet normal 0.412335 -0.911032 0
    outer loop
      vertex 37.4393 0.715426 1.2
      vertex 37.5427 0.762225 2.1
      vertex 37.4393 0.715426 2.1
    endloop
  endfacet
  facet normal 0.412335 -0.911032 0
    outer loop
      vertex 37.5427 0.762225 2.1
      vertex 37.4393 0.715426 1.2
      vertex 37.5427 0.762225 1.2
    endloop
  endfacet
  facet normal 0.313323 -0.949647 0
    outer loop
      vertex 37.5427 0.762225 1.2
      vertex 37.653 0.798617 2.1
      vertex 37.5427 0.762225 2.1
    endloop
  endfacet
  facet normal 0.313323 -0.949647 0
    outer loop
      vertex 37.653 0.798617 2.1
      vertex 37.5427 0.762225 1.2
      vertex 37.653 0.798617 1.2
    endloop
  endfacet
  facet normal 0.216762 -0.976225 0
    outer loop
      vertex 37.653 0.798617 1.2
      vertex 37.7701 0.824618 2.1
      vertex 37.653 0.798617 2.1
    endloop
  endfacet
  facet normal 0.216762 -0.976225 0
    outer loop
      vertex 37.7701 0.824618 2.1
      vertex 37.653 0.798617 1.2
      vertex 37.7701 0.824618 1.2
    endloop
  endfacet
  facet normal 0.124901 -0.992169 0
    outer loop
      vertex 37.7701 0.824618 1.2
      vertex 37.8941 0.840228 2.1
      vertex 37.7701 0.824618 2.1
    endloop
  endfacet
  facet normal 0.124901 -0.992169 0
    outer loop
      vertex 37.8941 0.840228 2.1
      vertex 37.7701 0.824618 1.2
      vertex 37.8941 0.840228 1.2
    endloop
  endfacet
  facet normal 0.0396324 -0.999214 0
    outer loop
      vertex 37.8941 0.840228 1.2
      vertex 38.0249 0.845416 2.1
      vertex 37.8941 0.840228 2.1
    endloop
  endfacet
  facet normal 0.0396324 -0.999214 0
    outer loop
      vertex 38.0249 0.845416 2.1
      vertex 37.8941 0.840228 1.2
      vertex 38.0249 0.845416 1.2
    endloop
  endfacet
  facet normal -0.0399438 -0.999202 0
    outer loop
      vertex 38.0249 0.845416 1.2
      vertex 38.1482 0.840487 2.1
      vertex 38.0249 0.845416 2.1
    endloop
  endfacet
  facet normal -0.0399438 -0.999202 -0
    outer loop
      vertex 38.1482 0.840487 2.1
      vertex 38.0249 0.845416 1.2
      vertex 38.1482 0.840487 1.2
    endloop
  endfacet
  facet normal -0.124978 -0.992159 0
    outer loop
      vertex 38.1482 0.840487 1.2
      vertex 38.2657 0.825686 2.1
      vertex 38.1482 0.840487 2.1
    endloop
  endfacet
  facet normal -0.124978 -0.992159 -0
    outer loop
      vertex 38.2657 0.825686 2.1
      vertex 38.1482 0.840487 1.2
      vertex 38.2657 0.825686 1.2
    endloop
  endfacet
  facet normal -0.215444 -0.976516 0
    outer loop
      vertex 38.2657 0.825686 1.2
      vertex 38.3776 0.800998 2.1
      vertex 38.2657 0.825686 2.1
    endloop
  endfacet
  facet normal -0.215444 -0.976516 -0
    outer loop
      vertex 38.3776 0.800998 2.1
      vertex 38.2657 0.825686 1.2
      vertex 38.3776 0.800998 1.2
    endloop
  endfacet
  facet normal -0.309865 -0.950781 0
    outer loop
      vertex 38.3776 0.800998 1.2
      vertex 38.4836 0.766452 2.1
      vertex 38.3776 0.800998 2.1
    endloop
  endfacet
  facet normal -0.309865 -0.950781 -0
    outer loop
      vertex 38.4836 0.766452 2.1
      vertex 38.3776 0.800998 1.2
      vertex 38.4836 0.766452 1.2
    endloop
  endfacet
  facet normal -0.404585 -0.914501 0
    outer loop
      vertex 38.4836 0.766452 1.2
      vertex 38.584 0.722034 2.1
      vertex 38.4836 0.766452 2.1
    endloop
  endfacet
  facet normal -0.404585 -0.914501 -0
    outer loop
      vertex 38.584 0.722034 2.1
      vertex 38.4836 0.766452 1.2
      vertex 38.584 0.722034 1.2
    endloop
  endfacet
  facet normal -0.497754 -0.867318 0
    outer loop
      vertex 38.584 0.722034 1.2
      vertex 38.6786 0.667743 2.1
      vertex 38.584 0.722034 2.1
    endloop
  endfacet
  facet normal -0.497754 -0.867318 -0
    outer loop
      vertex 38.6786 0.667743 2.1
      vertex 38.584 0.722034 1.2
      vertex 38.6786 0.667743 1.2
    endloop
  endfacet
  facet normal -0.585235 -0.810863 0
    outer loop
      vertex 38.6786 0.667743 1.2
      vertex 38.7675 0.60358 2.1
      vertex 38.6786 0.667743 2.1
    endloop
  endfacet
  facet normal -0.585235 -0.810863 -0
    outer loop
      vertex 38.7675 0.60358 2.1
      vertex 38.6786 0.667743 1.2
      vertex 38.7675 0.60358 1.2
    endloop
  endfacet
  facet normal -0.664767 -0.747051 0
    outer loop
      vertex 38.7675 0.60358 1.2
      vertex 38.8507 0.529544 2.1
      vertex 38.7675 0.60358 2.1
    endloop
  endfacet
  facet normal -0.664767 -0.747051 -0
    outer loop
      vertex 38.8507 0.529544 2.1
      vertex 38.7675 0.60358 1.2
      vertex 38.8507 0.529544 1.2
    endloop
  endfacet
  facet normal -0.734601 -0.6785 0
    outer loop
      vertex 38.9282 0.445636 1.2
      vertex 38.8507 0.529544 2.1
      vertex 38.8507 0.529544 1.2
    endloop
  endfacet
  facet normal -0.734601 -0.6785 0
    outer loop
      vertex 38.8507 0.529544 2.1
      vertex 38.9282 0.445636 1.2
      vertex 38.9282 0.445636 2.1
    endloop
  endfacet
  facet normal -0.797232 -0.603674 0
    outer loop
      vertex 38.9992 0.351871 1.2
      vertex 38.9282 0.445636 2.1
      vertex 38.9282 0.445636 1.2
    endloop
  endfacet
  facet normal -0.797232 -0.603674 0
    outer loop
      vertex 38.9282 0.445636 2.1
      vertex 38.9992 0.351871 1.2
      vertex 38.9992 0.351871 2.1
    endloop
  endfacet
  facet normal -0.839698 -0.543054 0
    outer loop
      vertex 39 0.350634 1.2
      vertex 38.9992 0.351871 2.1
      vertex 38.9992 0.351871 1.2
    endloop
  endfacet
  facet normal -0.851009 -0.52515 -3.46629e-05
    outer loop
      vertex 39.0632 0.248218 1.2
      vertex 38.9992 0.351871 2.1
      vertex 39 0.350634 1.2
    endloop
  endfacet
  facet normal -0.850875 -0.525368 0
    outer loop
      vertex 38.9992 0.351871 2.1
      vertex 39.0632 0.248218 1.2
      vertex 39.0632 0.248218 2.1
    endloop
  endfacet
  facet normal -0.893972 -0.448124 0
    outer loop
      vertex 39.1201 0.134707 1.2
      vertex 39.0632 0.248218 2.1
      vertex 39.0632 0.248218 1.2
    endloop
  endfacet
  facet normal -0.893972 -0.448124 0
    outer loop
      vertex 39.0632 0.248218 2.1
      vertex 39.1201 0.134707 1.2
      vertex 39.1201 0.134707 2.1
    endloop
  endfacet
  facet normal -0.927313 -0.374286 0
    outer loop
      vertex 39.1699 0.0113249 1.2
      vertex 39.1201 0.134707 2.1
      vertex 39.1201 0.134707 1.2
    endloop
  endfacet
  facet normal -0.927313 -0.374286 0
    outer loop
      vertex 39.1201 0.134707 2.1
      vertex 39.1699 0.0113249 1.2
      vertex 39.1699 0.0113249 2.1
    endloop
  endfacet
  facet normal -0.952292 -0.305188 0
    outer loop
      vertex 39.2126 -0.121914 1.2
      vertex 39.1699 0.0113249 2.1
      vertex 39.1699 0.0113249 1.2
    endloop
  endfacet
  facet normal -0.952292 -0.305188 0
    outer loop
      vertex 39.1699 0.0113249 2.1
      vertex 39.2126 -0.121914 1.2
      vertex 39.2126 -0.121914 2.1
    endloop
  endfacet
  facet normal -0.970273 -0.242014 0
    outer loop
      vertex 39.2483 -0.265041 1.2
      vertex 39.2126 -0.121914 2.1
      vertex 39.2126 -0.121914 1.2
    endloop
  endfacet
  facet normal -0.970273 -0.242014 0
    outer loop
      vertex 39.2126 -0.121914 2.1
      vertex 39.2483 -0.265041 1.2
      vertex 39.2483 -0.265041 2.1
    endloop
  endfacet
  facet normal -0.983086 -0.183142 0
    outer loop
      vertex 39.2768 -0.418026 1.2
      vertex 39.2483 -0.265041 2.1
      vertex 39.2483 -0.265041 1.2
    endloop
  endfacet
  facet normal -0.983086 -0.183142 0
    outer loop
      vertex 39.2483 -0.265041 2.1
      vertex 39.2768 -0.418026 1.2
      vertex 39.2768 -0.418026 2.1
    endloop
  endfacet
  facet normal -0.991398 -0.130882 0
    outer loop
      vertex 39.2983 -0.580883 1.2
      vertex 39.2768 -0.418026 2.1
      vertex 39.2768 -0.418026 1.2
    endloop
  endfacet
  facet normal -0.991398 -0.130882 0
    outer loop
      vertex 39.2768 -0.418026 2.1
      vertex 39.2983 -0.580883 1.2
      vertex 39.2983 -0.580883 2.1
    endloop
  endfacet
  facet normal -0.996543 -0.0830789 0
    outer loop
      vertex 39.3127 -0.753613 1.2
      vertex 39.2983 -0.580883 2.1
      vertex 39.2983 -0.580883 1.2
    endloop
  endfacet
  facet normal -0.996543 -0.0830789 0
    outer loop
      vertex 39.2983 -0.580883 2.1
      vertex 39.3127 -0.753613 1.2
      vertex 39.3127 -0.753613 2.1
    endloop
  endfacet
  facet normal 0 1 0
    outer loop
      vertex 39 -0.753613 1.2
      vertex 39.3127 -0.753613 2.1
      vertex 39.3127 -0.753613 1.2
    endloop
  endfacet
  facet normal 0 1 0
    outer loop
      vertex 39.3127 -0.753613 2.1
      vertex 39 -0.753613 1.2
      vertex 36.7493 -0.753613 2.1
    endloop
  endfacet
  facet normal 0 1 0
    outer loop
      vertex 36.7493 -0.753613 2.1
      vertex 39 -0.753613 1.2
      vertex 36.7493 -0.753613 1.2
    endloop
  endfacet
  facet normal 0.103508 -0.994629 0
    outer loop
      vertex 23.6669 -4.91076 1.2
      vertex 23.9915 -4.87698 2.1
      vertex 23.6669 -4.91076 2.1
    endloop
  endfacet
  facet normal 0.103508 -0.994629 0
    outer loop
      vertex 23.9915 -4.87698 2.1
      vertex 23.6669 -4.91076 1.2
      vertex 23.9915 -4.87698 1.2
    endloop
  endfacet
  facet normal 0.180106 -0.983647 0
    outer loop
      vertex 23.9915 -4.87698 1.2
      vertex 24.2992 -4.82064 2.1
      vertex 23.9915 -4.87698 2.1
    endloop
  endfacet
  facet normal 0.180106 -0.983647 0
    outer loop
      vertex 24.2992 -4.82064 2.1
      vertex 23.9915 -4.87698 1.2
      vertex 24.2992 -4.82064 1.2
    endloop
  endfacet
  facet normal 0.261522 -0.965197 0
    outer loop
      vertex 24.2992 -4.82064 1.2
      vertex 24.5901 -4.74182 2.1
      vertex 24.2992 -4.82064 2.1
    endloop
  endfacet
  facet normal 0.261522 -0.965197 0
    outer loop
      vertex 24.5901 -4.74182 2.1
      vertex 24.2992 -4.82064 1.2
      vertex 24.5901 -4.74182 1.2
    endloop
  endfacet
  facet normal 0.34712 -0.937821 0
    outer loop
      vertex 24.5901 -4.74182 1.2
      vertex 24.864 -4.64044 2.1
      vertex 24.5901 -4.74182 2.1
    endloop
  endfacet
  facet normal 0.34712 -0.937821 0
    outer loop
      vertex 24.864 -4.64044 2.1
      vertex 24.5901 -4.74182 1.2
      vertex 24.864 -4.64044 1.2
    endloop
  endfacet
  facet normal 0.434189 -0.900822 0
    outer loop
      vertex 24.864 -4.64044 1.2
      vertex 25.1211 -4.51652 2.1
      vertex 24.864 -4.64044 2.1
    endloop
  endfacet
  facet normal 0.434189 -0.900822 0
    outer loop
      vertex 25.1211 -4.51652 2.1
      vertex 24.864 -4.64044 1.2
      vertex 25.1211 -4.51652 1.2
    endloop
  endfacet
  facet normal 0.520547 -0.853833 0
    outer loop
      vertex 25.1211 -4.51652 1.2
      vertex 25.3613 -4.37008 2.1
      vertex 25.1211 -4.51652 2.1
    endloop
  endfacet
  facet normal 0.520547 -0.853833 0
    outer loop
      vertex 25.3613 -4.37008 2.1
      vertex 25.1211 -4.51652 1.2
      vertex 25.3613 -4.37008 1.2
    endloop
  endfacet
  facet normal 0.603389 -0.797447 0
    outer loop
      vertex 25.3613 -4.37008 1.2
      vertex 25.5846 -4.20112 2.1
      vertex 25.3613 -4.37008 2.1
    endloop
  endfacet
  facet normal 0.603389 -0.797447 0
    outer loop
      vertex 25.5846 -4.20112 2.1
      vertex 25.3613 -4.37008 1.2
      vertex 25.5846 -4.20112 1.2
    endloop
  endfacet
  facet normal 0.680151 -0.733072 0
    outer loop
      vertex 25.5846 -4.20112 1.2
      vertex 25.791 -4.00962 2.1
      vertex 25.5846 -4.20112 2.1
    endloop
  endfacet
  facet normal 0.680151 -0.733072 0
    outer loop
      vertex 25.791 -4.00962 2.1
      vertex 25.5846 -4.20112 1.2
      vertex 25.791 -4.00962 1.2
    endloop
  endfacet
  facet normal 0.748854 -0.662734 0
    outer loop
      vertex 25.791 -4.00962 2.1
      vertex 25.978 -3.79832 1.2
      vertex 25.978 -3.79832 2.1
    endloop
  endfacet
  facet normal 0.748854 -0.662734 0
    outer loop
      vertex 25.978 -3.79832 1.2
      vertex 25.791 -4.00962 2.1
      vertex 25.791 -4.00962 1.2
    endloop
  endfacet
  facet normal 0.81046 -0.585794 0
    outer loop
      vertex 25.978 -3.79832 2.1
      vertex 26.1431 -3.5699 1.2
      vertex 26.1431 -3.5699 2.1
    endloop
  endfacet
  facet normal 0.81046 -0.585794 0
    outer loop
      vertex 26.1431 -3.5699 1.2
      vertex 25.978 -3.79832 2.1
      vertex 25.978 -3.79832 1.2
    endloop
  endfacet
  facet normal 0.864116 -0.503293 0
    outer loop
      vertex 26.1431 -3.5699 2.1
      vertex 26.2861 -3.32438 1.2
      vertex 26.2861 -3.32438 2.1
    endloop
  endfacet
  facet normal 0.864116 -0.503293 0
    outer loop
      vertex 26.2861 -3.32438 1.2
      vertex 26.1431 -3.5699 2.1
      vertex 26.1431 -3.5699 1.2
    endloop
  endfacet
  facet normal 0.908235 -0.418462 0
    outer loop
      vertex 26.2861 -3.32438 2.1
      vertex 26.4071 -3.06176 1.2
      vertex 26.4071 -3.06176 2.1
    endloop
  endfacet
  facet normal 0.908235 -0.418462 0
    outer loop
      vertex 26.4071 -3.06176 1.2
      vertex 26.2861 -3.32438 2.1
      vertex 26.2861 -3.32438 1.2
    endloop
  endfacet
  facet normal 0.942695 -0.333656 0
    outer loop
      vertex 26.4071 -3.06176 2.1
      vertex 26.5061 -2.78205 1.2
      vertex 26.5061 -2.78205 2.1
    endloop
  endfacet
  facet normal 0.942695 -0.333656 0
    outer loop
      vertex 26.5061 -2.78205 1.2
      vertex 26.4071 -3.06176 2.1
      vertex 26.4071 -3.06176 1.2
    endloop
  endfacet
  facet normal 0.96796 -0.251105 0
    outer loop
      vertex 26.5061 -2.78205 2.1
      vertex 26.5831 -2.48523 1.2
      vertex 26.5831 -2.48523 2.1
    endloop
  endfacet
  facet normal 0.96796 -0.251105 0
    outer loop
      vertex 26.5831 -2.48523 1.2
      vertex 26.5061 -2.78205 2.1
      vertex 26.5061 -2.78205 1.2
    endloop
  endfacet
  facet normal 0.984996 -0.172575 0
    outer loop
      vertex 26.5831 -2.48523 2.1
      vertex 26.6381 -2.17131 1.2
      vertex 26.6381 -2.17131 2.1
    endloop
  endfacet
  facet normal 0.984996 -0.172575 0
    outer loop
      vertex 26.6381 -2.17131 1.2
      vertex 26.5831 -2.48523 2.1
      vertex 26.5831 -2.48523 1.2
    endloop
  endfacet
  facet normal 0.995068 -0.0991972 0
    outer loop
      vertex 26.6381 -2.17131 2.1
      vertex 26.6711 -1.84028 1.2
      vertex 26.6711 -1.84028 2.1
    endloop
  endfacet
  facet normal 0.995068 -0.0991972 0
    outer loop
      vertex 26.6711 -1.84028 1.2
      vertex 26.6381 -2.17131 2.1
      vertex 26.6381 -2.17131 1.2
    endloop
  endfacet
  facet normal 0.999501 -0.0315816 0
    outer loop
      vertex 26.6711 -1.84028 2.1
      vertex 26.6821 -1.49215 1.2
      vertex 26.6821 -1.49215 2.1
    endloop
  endfacet
  facet normal 0.999501 -0.0315816 0
    outer loop
      vertex 26.6821 -1.49215 1.2
      vertex 26.6711 -1.84028 2.1
      vertex 26.6711 -1.84028 1.2
    endloop
  endfacet
  facet normal 0.99957 0.0293145 0
    outer loop
      vertex 26.6821 -1.49215 2.1
      vertex 26.6716 -1.13412 1.2
      vertex 26.6716 -1.13412 2.1
    endloop
  endfacet
  facet normal 0.99957 0.0293145 0
    outer loop
      vertex 26.6716 -1.13412 1.2
      vertex 26.6821 -1.49215 2.1
      vertex 26.6821 -1.49215 1.2
    endloop
  endfacet
  facet normal 0.99571 0.0925332 0
    outer loop
      vertex 26.6716 -1.13412 2.1
      vertex 26.6401 -0.795162 1.2
      vertex 26.6401 -0.795162 2.1
    endloop
  endfacet
  facet normal 0.99571 0.0925332 0
    outer loop
      vertex 26.6401 -0.795162 1.2
      vertex 26.6716 -1.13412 2.1
      vertex 26.6716 -1.13412 1.2
    endloop
  endfacet
  facet normal 0.98675 0.162248 0
    outer loop
      vertex 26.6401 -0.795162 2.1
      vertex 26.5875 -0.475262 1.2
      vertex 26.5875 -0.475262 2.1
    endloop
  endfacet
  facet normal 0.98675 0.162248 0
    outer loop
      vertex 26.5875 -0.475262 1.2
      vertex 26.6401 -0.795162 2.1
      vertex 26.6401 -0.795162 1.2
    endloop
  endfacet
  facet normal 0.971351 0.23765 0
    outer loop
      vertex 26.5875 -0.475262 2.1
      vertex 26.5139 -0.174435 1.2
      vertex 26.5139 -0.174435 2.1
    endloop
  endfacet
  facet normal 0.971351 0.23765 0
    outer loop
      vertex 26.5139 -0.174435 1.2
      vertex 26.5875 -0.475262 2.1
      vertex 26.5875 -0.475262 1.2
    endloop
  endfacet
  facet normal 0.947992 0.318293 0
    outer loop
      vertex 26.5139 -0.174435 2.1
      vertex 26.4193 0.107318 1.2
      vertex 26.4193 0.107318 2.1
    endloop
  endfacet
  facet normal 0.947992 0.318293 0
    outer loop
      vertex 26.4193 0.107318 1.2
      vertex 26.5139 -0.174435 2.1
      vertex 26.5139 -0.174435 1.2
    endloop
  endfacet
  facet normal 0.915297 0.40278 0
    outer loop
      vertex 26.4193 0.107318 2.1
      vertex 26.3037 0.370013 1.2
      vertex 26.3037 0.370013 2.1
    endloop
  endfacet
  facet normal 0.915297 0.40278 0
    outer loop
      vertex 26.3037 0.370013 1.2
      vertex 26.4193 0.107318 2.1
      vertex 26.4193 0.107318 1.2
    endloop
  endfacet
  facet normal 0.872244 0.489071 0
    outer loop
      vertex 26.3037 0.370013 2.1
      vertex 26.1671 0.613635 1.2
      vertex 26.1671 0.613635 2.1
    endloop
  endfacet
  facet normal 0.872244 0.489071 0
    outer loop
      vertex 26.1671 0.613635 1.2
      vertex 26.3037 0.370013 2.1
      vertex 26.3037 0.370013 1.2
    endloop
  endfacet
  facet normal 0.818366 0.574697 0
    outer loop
      vertex 26.1671 0.613635 2.1
      vertex 26.0094 0.838199 1.2
      vertex 26.0094 0.838199 2.1
    endloop
  endfacet
  facet normal 0.818366 0.574697 0
    outer loop
      vertex 26.0094 0.838199 1.2
      vertex 26.1671 0.613635 2.1
      vertex 26.1671 0.613635 1.2
    endloop
  endfacet
  facet normal 0.754583 0.656204 0
    outer loop
      vertex 26.0094 0.838199 2.1
      vertex 25.8307 1.04369 1.2
      vertex 25.8307 1.04369 2.1
    endloop
  endfacet
  facet normal 0.754583 0.656204 0
    outer loop
      vertex 25.8307 1.04369 1.2
      vertex 26.0094 0.838199 2.1
      vertex 26.0094 0.838199 1.2
    endloop
  endfacet
  facet normal 0.681787 0.731551 -0
    outer loop
      vertex 25.8307 1.04369 1.2
      vertex 25.6321 1.22878 2.1
      vertex 25.8307 1.04369 2.1
    endloop
  endfacet
  facet normal 0.681787 0.731551 0
    outer loop
      vertex 25.6321 1.22878 2.1
      vertex 25.8307 1.04369 1.2
      vertex 25.6321 1.22878 1.2
    endloop
  endfacet
  facet normal 0.600306 0.799771 -0
    outer loop
      vertex 25.6321 1.22878 1.2
      vertex 25.4145 1.39211 2.1
      vertex 25.6321 1.22878 2.1
    endloop
  endfacet
  facet normal 0.600306 0.799771 0
    outer loop
      vertex 25.4145 1.39211 2.1
      vertex 25.6321 1.22878 1.2
      vertex 25.4145 1.39211 1.2
    endloop
  endfacet
  facet normal 0.513695 0.857973 -0
    outer loop
      vertex 25.4145 1.39211 1.2
      vertex 25.1781 1.53365 2.1
      vertex 25.4145 1.39211 2.1
    endloop
  endfacet
  facet normal 0.513695 0.857973 0
    outer loop
      vertex 25.1781 1.53365 2.1
      vertex 25.4145 1.39211 1.2
      vertex 25.1781 1.53365 1.2
    endloop
  endfacet
  facet normal 0.424554 0.905403 -0
    outer loop
      vertex 25.1781 1.53365 1.2
      vertex 24.9227 1.65341 2.1
      vertex 25.1781 1.53365 2.1
    endloop
  endfacet
  facet normal 0.424554 0.905403 0
    outer loop
      vertex 24.9227 1.65341 2.1
      vertex 25.1781 1.53365 1.2
      vertex 24.9227 1.65341 1.2
    endloop
  endfacet
  facet normal 0.336384 0.941725 -0
    outer loop
      vertex 24.9227 1.65341 1.2
      vertex 24.6484 1.75139 2.1
      vertex 24.9227 1.65341 2.1
    endloop
  endfacet
  facet normal 0.336384 0.941725 0
    outer loop
      vertex 24.6484 1.75139 2.1
      vertex 24.9227 1.65341 1.2
      vertex 24.6484 1.75139 1.2
    endloop
  endfacet
  facet normal 0.251516 0.967853 -0
    outer loop
      vertex 24.6484 1.75139 1.2
      vertex 24.3551 1.82761 2.1
      vertex 24.6484 1.75139 2.1
    endloop
  endfacet
  facet normal 0.251516 0.967853 0
    outer loop
      vertex 24.3551 1.82761 2.1
      vertex 24.6484 1.75139 1.2
      vertex 24.3551 1.82761 1.2
    endloop
  endfacet
  facet normal 0.171837 0.985125 -0
    outer loop
      vertex 24.3551 1.82761 1.2
      vertex 24.043 1.88205 2.1
      vertex 24.3551 1.82761 2.1
    endloop
  endfacet
  facet normal 0.171837 0.985125 0
    outer loop
      vertex 24.043 1.88205 2.1
      vertex 24.3551 1.82761 1.2
      vertex 24.043 1.88205 1.2
    endloop
  endfacet
  facet normal 0.0982236 0.995164 -0
    outer loop
      vertex 24.043 1.88205 1.2
      vertex 23.712 1.91472 2.1
      vertex 24.043 1.88205 2.1
    endloop
  endfacet
  facet normal 0.0982236 0.995164 0
    outer loop
      vertex 23.712 1.91472 2.1
      vertex 24.043 1.88205 1.2
      vertex 23.712 1.91472 1.2
    endloop
  endfacet
  facet normal 0.0310707 0.999517 -0
    outer loop
      vertex 23.712 1.91472 1.2
      vertex 23.362 1.9256 2.1
      vertex 23.712 1.91472 2.1
    endloop
  endfacet
  facet normal 0.0310707 0.999517 0
    outer loop
      vertex 23.362 1.9256 2.1
      vertex 23.712 1.91472 1.2
      vertex 23.362 1.9256 1.2
    endloop
  endfacet
  facet normal -0.0328486 0.99946 0
    outer loop
      vertex 23.362 1.9256 1.2
      vertex 23.0194 1.91434 2.1
      vertex 23.362 1.9256 2.1
    endloop
  endfacet
  facet normal -0.0328486 0.99946 0
    outer loop
      vertex 23.0194 1.91434 2.1
      vertex 23.362 1.9256 1.2
      vertex 23.0194 1.91434 1.2
    endloop
  endfacet
  facet normal -0.103379 0.994642 0
    outer loop
      vertex 23.0194 1.91434 1.2
      vertex 22.6942 1.88054 2.1
      vertex 23.0194 1.91434 2.1
    endloop
  endfacet
  facet normal -0.103379 0.994642 0
    outer loop
      vertex 22.6942 1.88054 2.1
      vertex 23.0194 1.91434 1.2
      vertex 22.6942 1.88054 1.2
    endloop
  endfacet
  facet normal -0.179875 0.98369 0
    outer loop
      vertex 22.6942 1.88054 1.2
      vertex 22.3862 1.82422 2.1
      vertex 22.6942 1.88054 2.1
    endloop
  endfacet
  facet normal -0.179875 0.98369 0
    outer loop
      vertex 22.3862 1.82422 2.1
      vertex 22.6942 1.88054 1.2
      vertex 22.3862 1.82422 1.2
    endloop
  endfacet
  facet normal -0.261898 0.965096 0
    outer loop
      vertex 22.3862 1.82422 1.2
      vertex 22.0956 1.74536 2.1
      vertex 22.3862 1.82422 2.1
    endloop
  endfacet
  facet normal -0.261898 0.965096 0
    outer loop
      vertex 22.0956 1.74536 2.1
      vertex 22.3862 1.82422 1.2
      vertex 22.0956 1.74536 1.2
    endloop
  endfacet
  facet normal -0.34779 0.937572 0
    outer loop
      vertex 22.0956 1.74536 1.2
      vertex 21.8223 1.64398 2.1
      vertex 22.0956 1.74536 2.1
    endloop
  endfacet
  facet normal -0.34779 0.937572 0
    outer loop
      vertex 21.8223 1.64398 2.1
      vertex 22.0956 1.74536 1.2
      vertex 21.8223 1.64398 1.2
    endloop
  endfacet
  facet normal -0.435782 0.900052 0
    outer loop
      vertex 21.8223 1.64398 1.2
      vertex 21.5664 1.52008 2.1
      vertex 21.8223 1.64398 2.1
    endloop
  endfacet
  facet normal -0.435782 0.900052 0
    outer loop
      vertex 21.5664 1.52008 2.1
      vertex 21.8223 1.64398 1.2
      vertex 21.5664 1.52008 1.2
    endloop
  endfacet
  facet normal -0.522925 0.852378 0
    outer loop
      vertex 21.5664 1.52008 1.2
      vertex 21.3277 1.37364 2.1
      vertex 21.5664 1.52008 2.1
    endloop
  endfacet
  facet normal -0.522925 0.852378 0
    outer loop
      vertex 21.3277 1.37364 2.1
      vertex 21.5664 1.52008 1.2
      vertex 21.3277 1.37364 1.2
    endloop
  endfacet
  facet normal -0.607013 0.794692 0
    outer loop
      vertex 21.3277 1.37364 1.2
      vertex 21.1065 1.20468 2.1
      vertex 21.3277 1.37364 2.1
    endloop
  endfacet
  facet normal -0.607013 0.794692 0
    outer loop
      vertex 21.1065 1.20468 2.1
      vertex 21.3277 1.37364 1.2
      vertex 21.1065 1.20468 1.2
    endloop
  endfacet
  facet normal -0.684398 0.729109 0
    outer loop
      vertex 21.1065 1.20468 1.2
      vertex 20.9025 1.01319 2.1
      vertex 21.1065 1.20468 2.1
    endloop
  endfacet
  facet normal -0.684398 0.729109 0
    outer loop
      vertex 20.9025 1.01319 2.1
      vertex 21.1065 1.20468 1.2
      vertex 20.9025 1.01319 1.2
    endloop
  endfacet
  facet normal -0.75306 0.657952 0
    outer loop
      vertex 20.718 0.80202 1.2
      vertex 20.9025 1.01319 2.1
      vertex 20.9025 1.01319 1.2
    endloop
  endfacet
  facet normal -0.75306 0.657952 0
    outer loop
      vertex 20.9025 1.01319 2.1
      vertex 20.718 0.80202 1.2
      vertex 20.718 0.80202 2.1
    endloop
  endfacet
  facet normal -0.813958 0.580924 0
    outer loop
      vertex 20.5553 0.574054 1.2
      vertex 20.718 0.80202 2.1
      vertex 20.718 0.80202 1.2
    endloop
  endfacet
  facet normal -0.813958 0.580924 0
    outer loop
      vertex 20.718 0.80202 2.1
      vertex 20.5553 0.574054 1.2
      vertex 20.5553 0.574054 2.1
    endloop
  endfacet
  facet normal -0.866356 0.499427 0
    outer loop
      vertex 20.4142 0.329288 1.2
      vertex 20.5553 0.574054 2.1
      vertex 20.5553 0.574054 1.2
    endloop
  endfacet
  facet normal -0.866356 0.499427 0
    outer loop
      vertex 20.5553 0.574054 2.1
      vertex 20.4142 0.329288 1.2
      vertex 20.4142 0.329288 2.1
    endloop
  endfacet
  facet normal -0.909834 0.414973 0
    outer loop
      vertex 20.2949 0.0677214 1.2
      vertex 20.4142 0.329288 2.1
      vertex 20.4142 0.329288 1.2
    endloop
  endfacet
  facet normal -0.909834 0.414973 0
    outer loop
      vertex 20.4142 0.329288 2.1
      vertex 20.2949 0.0677214 1.2
      vertex 20.2949 0.0677214 2.1
    endloop
  endfacet
  facet normal -0.943676 0.33087 0
    outer loop
      vertex 20.1973 -0.210644 1.2
      vertex 20.2949 0.0677214 2.1
      vertex 20.2949 0.0677214 1.2
    endloop
  endfacet
  facet normal -0.943676 0.33087 0
    outer loop
      vertex 20.2949 0.0677214 2.1
      vertex 20.1973 -0.210644 1.2
      vertex 20.1973 -0.210644 2.1
    endloop
  endfacet
  facet normal -0.968414 0.249349 0
    outer loop
      vertex 20.1213 -0.50581 1.2
      vertex 20.1973 -0.210644 2.1
      vertex 20.1973 -0.210644 1.2
    endloop
  endfacet
  facet normal -0.968414 0.249349 0
    outer loop
      vertex 20.1973 -0.210644 2.1
      vertex 20.1213 -0.50581 1.2
      vertex 20.1213 -0.50581 2.1
    endloop
  endfacet
  facet normal -0.985189 0.171471 0
    outer loop
      vertex 20.067 -0.817791 1.2
      vertex 20.1213 -0.50581 2.1
      vertex 20.1213 -0.50581 1.2
    endloop
  endfacet
  facet normal -0.985189 0.171471 0
    outer loop
      vertex 20.1213 -0.50581 2.1
      vertex 20.067 -0.817791 1.2
      vertex 20.067 -0.817791 2.1
    endloop
  endfacet
  facet normal -0.99515 0.0983712 0
    outer loop
      vertex 20.0345 -1.14657 1.2
      vertex 20.067 -0.817791 2.1
      vertex 20.067 -0.817791 1.2
    endloop
  endfacet
  facet normal -0.99515 0.0983712 0
    outer loop
      vertex 20.067 -0.817791 2.1
      vertex 20.0345 -1.14657 1.2
      vertex 20.0345 -1.14657 2.1
    endloop
  endfacet
  facet normal -0.999503 0.0315255 0
    outer loop
      vertex 20.0236 -1.49215 1.2
      vertex 20.0345 -1.14657 2.1
      vertex 20.0345 -1.14657 1.2
    endloop
  endfacet
  facet normal -0.999503 0.0315255 0
    outer loop
      vertex 20.0345 -1.14657 2.1
      vertex 20.0236 -1.49215 1.2
      vertex 20.0236 -1.49215 2.1
    endloop
  endfacet
  facet normal -0.999507 -0.0314075 0
    outer loop
      vertex 20.0345 -1.83903 1.2
      vertex 20.0236 -1.49215 2.1
      vertex 20.0236 -1.49215 1.2
    endloop
  endfacet
  facet normal -0.999507 -0.0314075 0
    outer loop
      vertex 20.0236 -1.49215 2.1
      vertex 20.0345 -1.83903 1.2
      vertex 20.0345 -1.83903 2.1
    endloop
  endfacet
  facet normal -0.995185 -0.0980107 0
    outer loop
      vertex 20.067 -2.16903 1.2
      vertex 20.0345 -1.83903 2.1
      vertex 20.0345 -1.83903 1.2
    endloop
  endfacet
  facet normal -0.995185 -0.0980107 0
    outer loop
      vertex 20.0345 -1.83903 2.1
      vertex 20.067 -2.16903 1.2
      vertex 20.067 -2.16903 2.1
    endloop
  endfacet
  facet normal -0.985296 -0.170855 0
    outer loop
      vertex 20.1213 -2.48217 1.2
      vertex 20.067 -2.16903 2.1
      vertex 20.067 -2.16903 1.2
    endloop
  endfacet
  facet normal -0.985296 -0.170855 0
    outer loop
      vertex 20.067 -2.16903 2.1
      vertex 20.1213 -2.48217 1.2
      vertex 20.1213 -2.48217 2.1
    endloop
  endfacet
  facet normal -0.968634 -0.248493 0
    outer loop
      vertex 20.1973 -2.77842 1.2
      vertex 20.1213 -2.48217 2.1
      vertex 20.1213 -2.48217 1.2
    endloop
  endfacet
  facet normal -0.968634 -0.248493 0
    outer loop
      vertex 20.1213 -2.48217 2.1
      vertex 20.1973 -2.77842 1.2
      vertex 20.1973 -2.77842 2.1
    endloop
  endfacet
  facet normal -0.944051 -0.329799 0
    outer loop
      vertex 20.2949 -3.0578 1.2
      vertex 20.1973 -2.77842 2.1
      vertex 20.1973 -2.77842 1.2
    endloop
  endfacet
  facet normal -0.944051 -0.329799 0
    outer loop
      vertex 20.1973 -2.77842 2.1
      vertex 20.2949 -3.0578 1.2
      vertex 20.2949 -3.0578 2.1
    endloop
  endfacet
  facet normal -0.910396 -0.413738 0
    outer loop
      vertex 20.4142 -3.32031 1.2
      vertex 20.2949 -3.0578 2.1
      vertex 20.2949 -3.0578 1.2
    endloop
  endfacet
  facet normal -0.910396 -0.413738 0
    outer loop
      vertex 20.2949 -3.0578 2.1
      vertex 20.4142 -3.32031 1.2
      vertex 20.4142 -3.32031 2.1
    endloop
  endfacet
  facet normal -0.867107 -0.498122 0
    outer loop
      vertex 20.5553 -3.56593 1.2
      vertex 20.4142 -3.32031 2.1
      vertex 20.4142 -3.32031 1.2
    endloop
  endfacet
  facet normal -0.867107 -0.498122 0
    outer loop
      vertex 20.4142 -3.32031 2.1
      vertex 20.5553 -3.56593 1.2
      vertex 20.5553 -3.56593 2.1
    endloop
  endfacet
  facet normal -0.814911 -0.579586 0
    outer loop
      vertex 20.718 -3.79469 1.2
      vertex 20.5553 -3.56593 2.1
      vertex 20.5553 -3.56593 1.2
    endloop
  endfacet
  facet normal -0.814911 -0.579586 0
    outer loop
      vertex 20.5553 -3.56593 2.1
      vertex 20.718 -3.79469 1.2
      vertex 20.718 -3.79469 2.1
    endloop
  endfacet
  facet normal -0.754153 -0.656698 0
    outer loop
      vertex 20.9025 -4.00657 1.2
      vertex 20.718 -3.79469 2.1
      vertex 20.718 -3.79469 1.2
    endloop
  endfacet
  facet normal -0.754153 -0.656698 0
    outer loop
      vertex 20.718 -3.79469 2.1
      vertex 20.9025 -4.00657 1.2
      vertex 20.9025 -4.00657 2.1
    endloop
  endfacet
  facet normal -0.686521 -0.72711 0
    outer loop
      vertex 20.9025 -4.00657 1.2
      vertex 21.106 -4.19871 2.1
      vertex 20.9025 -4.00657 2.1
    endloop
  endfacet
  facet normal -0.686521 -0.72711 -0
    outer loop
      vertex 21.106 -4.19871 2.1
      vertex 20.9025 -4.00657 1.2
      vertex 21.106 -4.19871 1.2
    endloop
  endfacet
  facet normal -0.610562 -0.791969 0
    outer loop
      vertex 21.106 -4.19871 1.2
      vertex 21.3259 -4.36824 2.1
      vertex 21.106 -4.19871 2.1
    endloop
  endfacet
  facet normal -0.610562 -0.791969 -0
    outer loop
      vertex 21.3259 -4.36824 2.1
      vertex 21.106 -4.19871 1.2
      vertex 21.3259 -4.36824 1.2
    endloop
  endfacet
  facet normal -0.527853 -0.849336 0
    outer loop
      vertex 21.3259 -4.36824 1.2
      vertex 21.5623 -4.51516 2.1
      vertex 21.3259 -4.36824 2.1
    endloop
  endfacet
  facet normal -0.527853 -0.849336 -0
    outer loop
      vertex 21.5623 -4.51516 2.1
      vertex 21.3259 -4.36824 1.2
      vertex 21.5623 -4.51516 1.2
    endloop
  endfacet
  facet normal -0.441326 -0.897347 0
    outer loop
      vertex 21.5623 -4.51516 1.2
      vertex 21.8151 -4.63949 2.1
      vertex 21.5623 -4.51516 2.1
    endloop
  endfacet
  facet normal -0.441326 -0.897347 -0
    outer loop
      vertex 21.8151 -4.63949 2.1
      vertex 21.5623 -4.51516 1.2
      vertex 21.8151 -4.63949 1.2
    endloop
  endfacet
  facet normal -0.353468 -0.935447 0
    outer loop
      vertex 21.8151 -4.63949 1.2
      vertex 22.0843 -4.74121 2.1
      vertex 21.8151 -4.63949 2.1
    endloop
  endfacet
  facet normal -0.353468 -0.935447 -0
    outer loop
      vertex 22.0843 -4.74121 2.1
      vertex 21.8151 -4.63949 1.2
      vertex 22.0843 -4.74121 1.2
    endloop
  endfacet
  facet normal -0.266826 -0.963745 0
    outer loop
      vertex 22.0843 -4.74121 1.2
      vertex 22.37 -4.82031 2.1
      vertex 22.0843 -4.74121 2.1
    endloop
  endfacet
  facet normal -0.266826 -0.963745 -0
    outer loop
      vertex 22.37 -4.82031 2.1
      vertex 22.0843 -4.74121 1.2
      vertex 22.37 -4.82031 1.2
    endloop
  endfacet
  facet normal -0.183958 -0.982934 0
    outer loop
      vertex 22.37 -4.82031 1.2
      vertex 22.672 -4.87683 2.1
      vertex 22.37 -4.82031 2.1
    endloop
  endfacet
  facet normal -0.183958 -0.982934 -0
    outer loop
      vertex 22.672 -4.87683 2.1
      vertex 22.37 -4.82031 1.2
      vertex 22.672 -4.87683 1.2
    endloop
  endfacet
  facet normal -0.105839 -0.994383 0
    outer loop
      vertex 22.672 -4.87683 1.2
      vertex 22.9905 -4.91073 2.1
      vertex 22.672 -4.87683 2.1
    endloop
  endfacet
  facet normal -0.105839 -0.994383 -0
    outer loop
      vertex 22.9905 -4.91073 2.1
      vertex 22.672 -4.87683 1.2
      vertex 22.9905 -4.91073 1.2
    endloop
  endfacet
  facet normal -0.033742 -0.999431 0
    outer loop
      vertex 22.9905 -4.91073 1.2
      vertex 23.3255 -4.92204 2.1
      vertex 22.9905 -4.91073 2.1
    endloop
  endfacet
  facet normal -0.033742 -0.999431 -0
    outer loop
      vertex 23.3255 -4.92204 2.1
      vertex 22.9905 -4.91073 1.2
      vertex 23.3255 -4.92204 1.2
    endloop
  endfacet
  facet normal 0.0330224 -0.999455 0
    outer loop
      vertex 23.3255 -4.92204 1.2
      vertex 23.6669 -4.91076 2.1
      vertex 23.3255 -4.92204 2.1
    endloop
  endfacet
  facet normal 0.0330224 -0.999455 0
    outer loop
      vertex 23.6669 -4.91076 2.1
      vertex 23.3255 -4.92204 1.2
      vertex 23.6669 -4.91076 1.2
    endloop
  endfacet
  facet normal 0.143319 0.989677 -0
    outer loop
      vertex 23.1513 -3.74313 1.2
      vertex 23.0038 -3.72177 2.1
      vertex 23.1513 -3.74313 2.1
    endloop
  endfacet
  facet normal 0.143319 0.989677 0
    outer loop
      vertex 23.0038 -3.72177 2.1
      vertex 23.1513 -3.74313 1.2
      vertex 23.0038 -3.72177 1.2
    endloop
  endfacet
  facet normal 0.247772 0.968818 -0
    outer loop
      vertex 23.0038 -3.72177 1.2
      vertex 22.8646 -3.68617 2.1
      vertex 23.0038 -3.72177 2.1
    endloop
  endfacet
  facet normal 0.247772 0.968818 0
    outer loop
      vertex 22.8646 -3.68617 2.1
      vertex 23.0038 -3.72177 1.2
      vertex 22.8646 -3.68617 1.2
    endloop
  endfacet
  facet normal 0.356304 0.93437 -0
    outer loop
      vertex 22.8646 -3.68617 1.2
      vertex 22.7339 -3.63633 2.1
      vertex 22.8646 -3.68617 2.1
    endloop
  endfacet
  facet normal 0.356304 0.93437 0
    outer loop
      vertex 22.7339 -3.63633 2.1
      vertex 22.8646 -3.68617 1.2
      vertex 22.7339 -3.63633 1.2
    endloop
  endfacet
  facet normal 0.463812 0.885934 -0
    outer loop
      vertex 22.7339 -3.63633 1.2
      vertex 22.6115 -3.57225 2.1
      vertex 22.7339 -3.63633 2.1
    endloop
  endfacet
  facet normal 0.463812 0.885934 0
    outer loop
      vertex 22.6115 -3.57225 2.1
      vertex 22.7339 -3.63633 1.2
      vertex 22.6115 -3.57225 1.2
    endloop
  endfacet
  facet normal 0.565971 0.824425 -0
    outer loop
      vertex 22.6115 -3.57225 1.2
      vertex 22.4974 -3.49392 2.1
      vertex 22.6115 -3.57225 2.1
    endloop
  endfacet
  facet normal 0.565971 0.824425 0
    outer loop
      vertex 22.4974 -3.49392 2.1
      vertex 22.6115 -3.57225 1.2
      vertex 22.4974 -3.49392 1.2
    endloop
  endfacet
  facet normal 0.65915 0.752012 -0
    outer loop
      vertex 22.4974 -3.49392 1.2
      vertex 22.3918 -3.40136 2.1
      vertex 22.4974 -3.49392 2.1
    endloop
  endfacet
  facet normal 0.65915 0.752012 0
    outer loop
      vertex 22.3918 -3.40136 2.1
      vertex 22.4974 -3.49392 1.2
      vertex 22.3918 -3.40136 1.2
    endloop
  endfacet
  facet normal 0.738843 0.673877 0
    outer loop
      vertex 22.3918 -3.40136 2.1
      vertex 22.2944 -3.29457 1.2
      vertex 22.2944 -3.29457 2.1
    endloop
  endfacet
  facet normal 0.738843 0.673877 0
    outer loop
      vertex 22.2944 -3.29457 1.2
      vertex 22.3918 -3.40136 2.1
      vertex 22.3918 -3.40136 1.2
    endloop
  endfacet
  facet normal 0.805969 0.591958 0
    outer loop
      vertex 22.2944 -3.29457 2.1
      vertex 22.2055 -3.17353 1.2
      vertex 22.2055 -3.17353 2.1
    endloop
  endfacet
  facet normal 0.805969 0.591958 0
    outer loop
      vertex 22.2055 -3.17353 1.2
      vertex 22.2944 -3.29457 2.1
      vertex 22.2944 -3.29457 1.2
    endloop
  endfacet
  facet normal 0.85976 0.510698 0
    outer loop
      vertex 22.2055 -3.17353 2.1
      vertex 22.1255 -3.03885 1.2
      vertex 22.1255 -3.03885 2.1
    endloop
  endfacet
  facet normal 0.85976 0.510698 0
    outer loop
      vertex 22.1255 -3.03885 1.2
      vertex 22.2055 -3.17353 2.1
      vertex 22.2055 -3.17353 1.2
    endloop
  endfacet
  facet normal 0.902001 0.431734 0
    outer loop
      vertex 22.1255 -3.03885 2.1
      vertex 22.0548 -2.89114 1.2
      vertex 22.0548 -2.89114 2.1
    endloop
  endfacet
  facet normal 0.902001 0.431734 0
    outer loop
      vertex 22.0548 -2.89114 1.2
      vertex 22.1255 -3.03885 2.1
      vertex 22.1255 -3.03885 1.2
    endloop
  endfacet
  facet normal 0.934561 0.355802 0
    outer loop
      vertex 22.0548 -2.89114 2.1
      vertex 21.9936 -2.73039 1.2
      vertex 21.9936 -2.73039 2.1
    endloop
  endfacet
  facet normal 0.934561 0.355802 0
    outer loop
      vertex 21.9936 -2.73039 1.2
      vertex 22.0548 -2.89114 2.1
      vertex 22.0548 -2.89114 1.2
    endloop
  endfacet
  facet normal 0.958332 0.285658 0
    outer loop
      vertex 21.9936 -2.73039 2.1
      vertex 21.9418 -2.55661 1.2
      vertex 21.9418 -2.55661 2.1
    endloop
  endfacet
  facet normal 0.958332 0.285658 0
    outer loop
      vertex 21.9418 -2.55661 1.2
      vertex 21.9936 -2.73039 2.1
      vertex 21.9936 -2.73039 1.2
    endloop
  endfacet
  facet normal 0.975202 0.221317 0
    outer loop
      vertex 21.9418 -2.55661 2.1
      vertex 21.8994 -2.36978 1.2
      vertex 21.8994 -2.36978 2.1
    endloop
  endfacet
  facet normal 0.975202 0.221317 0
    outer loop
      vertex 21.8994 -2.36978 1.2
      vertex 21.9418 -2.55661 2.1
      vertex 21.9418 -2.55661 1.2
    endloop
  endfacet
  facet normal 0.986719 0.162437 0
    outer loop
      vertex 21.8994 -2.36978 2.1
      vertex 21.8665 -2.16993 1.2
      vertex 21.8665 -2.16993 2.1
    endloop
  endfacet
  facet normal 0.986719 0.162437 0
    outer loop
      vertex 21.8665 -2.16993 1.2
      vertex 21.8994 -2.36978 2.1
      vertex 21.8994 -2.36978 1.2
    endloop
  endfacet
  facet normal 0.993912 0.11018 0
    outer loop
      vertex 21.8665 -2.16993 2.1
      vertex 21.8429 -1.95704 1.2
      vertex 21.8429 -1.95704 2.1
    endloop
  endfacet
  facet normal 0.993912 0.11018 0
    outer loop
      vertex 21.8429 -1.95704 1.2
      vertex 21.8665 -2.16993 2.1
      vertex 21.8665 -2.16993 1.2
    endloop
  endfacet
  facet normal 0.998058 0.0622875 0
    outer loop
      vertex 21.8429 -1.95704 2.1
      vertex 21.8288 -1.73111 1.2
      vertex 21.8288 -1.73111 2.1
    endloop
  endfacet
  facet normal 0.998058 0.0622875 0
    outer loop
      vertex 21.8288 -1.73111 1.2
      vertex 21.8429 -1.95704 2.1
      vertex 21.8429 -1.95704 1.2
    endloop
  endfacet
  facet normal 0.999807 0.0196648 0
    outer loop
      vertex 21.8288 -1.73111 2.1
      vertex 21.8241 -1.49215 1.2
      vertex 21.8241 -1.49215 2.1
    endloop
  endfacet
  facet normal 0.999807 0.0196648 0
    outer loop
      vertex 21.8241 -1.49215 1.2
      vertex 21.8288 -1.73111 2.1
      vertex 21.8288 -1.73111 1.2
    endloop
  endfacet
  facet normal 0.999158 -0.0410205 0
    outer loop
      vertex 21.8241 -1.49215 2.1
      vertex 21.8434 -1.02205 1.2
      vertex 21.8434 -1.02205 2.1
    endloop
  endfacet
  facet normal 0.999158 -0.0410205 0
    outer loop
      vertex 21.8434 -1.02205 1.2
      vertex 21.8241 -1.49215 2.1
      vertex 21.8241 -1.49215 1.2
    endloop
  endfacet
  facet normal 0.990431 -0.138006 0
    outer loop
      vertex 21.8434 -1.02205 2.1
      vertex 21.9012 -0.607235 1.2
      vertex 21.9012 -0.607235 2.1
    endloop
  endfacet
  facet normal 0.990431 -0.138006 0
    outer loop
      vertex 21.9012 -0.607235 1.2
      vertex 21.8434 -1.02205 2.1
      vertex 21.8434 -1.02205 1.2
    endloop
  endfacet
  facet normal 0.965807 -0.259263 0
    outer loop
      vertex 21.9012 -0.607235 2.1
      vertex 21.9977 -0.247753 1.2
      vertex 21.9977 -0.247753 2.1
    endloop
  endfacet
  facet normal 0.965807 -0.259263 0
    outer loop
      vertex 21.9977 -0.247753 1.2
      vertex 21.9012 -0.607235 2.1
      vertex 21.9012 -0.607235 1.2
    endloop
  endfacet
  facet normal 0.914034 -0.405639 0
    outer loop
      vertex 21.9977 -0.247753 2.1
      vertex 22.1327 0.0564451 1.2
      vertex 22.1327 0.0564451 2.1
    endloop
  endfacet
  facet normal 0.914034 -0.405639 0
    outer loop
      vertex 22.1327 0.0564451 1.2
      vertex 21.9977 -0.247753 2.1
      vertex 21.9977 -0.247753 1.2
    endloop
  endfacet
  facet normal 0.820175 -0.572113 0
    outer loop
      vertex 22.1327 0.0564451 2.1
      vertex 22.3063 0.305316 1.2
      vertex 22.3063 0.305316 2.1
    endloop
  endfacet
  facet normal 0.820175 -0.572113 0
    outer loop
      vertex 22.3063 0.305316 1.2
      vertex 22.1327 0.0564451 2.1
      vertex 22.1327 0.0564451 1.2
    endloop
  endfacet
  facet normal 0.673937 -0.738788 0
    outer loop
      vertex 22.3063 0.305316 1.2
      vertex 22.5185 0.498889 2.1
      vertex 22.3063 0.305316 2.1
    endloop
  endfacet
  facet normal 0.673937 -0.738788 0
    outer loop
      vertex 22.5185 0.498889 2.1
      vertex 22.3063 0.305316 1.2
      vertex 22.5185 0.498889 1.2
    endloop
  endfacet
  facet normal 0.482964 -0.87564 0
    outer loop
      vertex 22.5185 0.498889 1.2
      vertex 22.7692 0.637164 2.1
      vertex 22.5185 0.498889 2.1
    endloop
  endfacet
  facet normal 0.482964 -0.87564 0
    outer loop
      vertex 22.7692 0.637164 2.1
      vertex 22.5185 0.498889 1.2
      vertex 22.7692 0.637164 1.2
    endloop
  endfacet
  facet normal 0.275569 -0.961281 0
    outer loop
      vertex 22.7692 0.637164 1.2
      vertex 23.0586 0.720126 2.1
      vertex 22.7692 0.637164 2.1
    endloop
  endfacet
  facet normal 0.275569 -0.961281 0
    outer loop
      vertex 23.0586 0.720126 2.1
      vertex 22.7692 0.637164 1.2
      vertex 23.0586 0.720126 1.2
    endloop
  endfacet
  facet normal 0.0840233 -0.996464 0
    outer loop
      vertex 23.0586 0.720126 1.2
      vertex 23.3865 0.747775 2.1
      vertex 23.0586 0.720126 2.1
    endloop
  endfacet
  facet normal 0.0840233 -0.996464 0
    outer loop
      vertex 23.3865 0.747775 2.1
      vertex 23.0586 0.720126 1.2
      vertex 23.3865 0.747775 1.2
    endloop
  endfacet
  facet normal -0.041385 -0.999143 0
    outer loop
      vertex 23.3865 0.747775 1.2
      vertex 23.5449 0.741214 2.1
      vertex 23.3865 0.747775 2.1
    endloop
  endfacet
  facet normal -0.041385 -0.999143 -0
    outer loop
      vertex 23.5449 0.741214 2.1
      vertex 23.3865 0.747775 1.2
      vertex 23.5449 0.741214 1.2
    endloop
  endfacet
  facet normal -0.130099 -0.991501 0
    outer loop
      vertex 23.5449 0.741214 1.2
      vertex 23.6948 0.721545 2.1
      vertex 23.5449 0.741214 2.1
    endloop
  endfacet
  facet normal -0.130099 -0.991501 -0
    outer loop
      vertex 23.6948 0.721545 2.1
      vertex 23.5449 0.741214 1.2
      vertex 23.6948 0.721545 1.2
    endloop
  endfacet
  facet normal -0.225961 -0.974136 0
    outer loop
      vertex 23.6948 0.721545 1.2
      vertex 23.8361 0.688769 2.1
      vertex 23.6948 0.721545 2.1
    endloop
  endfacet
  facet normal -0.225961 -0.974136 -0
    outer loop
      vertex 23.8361 0.688769 2.1
      vertex 23.6948 0.721545 1.2
      vertex 23.8361 0.688769 1.2
    endloop
  endfacet
  facet normal -0.327002 -0.945024 0
    outer loop
      vertex 23.8361 0.688769 1.2
      vertex 23.9687 0.642886 2.1
      vertex 23.8361 0.688769 2.1
    endloop
  endfacet
  facet normal -0.327002 -0.945024 -0
    outer loop
      vertex 23.9687 0.642886 2.1
      vertex 23.8361 0.688769 1.2
      vertex 23.9687 0.642886 1.2
    endloop
  endfacet
  facet normal -0.429404 -0.903112 0
    outer loop
      vertex 23.9687 0.642886 1.2
      vertex 24.0928 0.58388 2.1
      vertex 23.9687 0.642886 2.1
    endloop
  endfacet
  facet normal -0.429404 -0.903112 -0
    outer loop
      vertex 24.0928 0.58388 2.1
      vertex 23.9687 0.642886 1.2
      vertex 24.0928 0.58388 1.2
    endloop
  endfacet
  facet normal -0.529605 -0.848244 0
    outer loop
      vertex 24.0928 0.58388 1.2
      vertex 24.2083 0.511767 2.1
      vertex 24.0928 0.58388 2.1
    endloop
  endfacet
  facet normal -0.529605 -0.848244 -0
    outer loop
      vertex 24.2083 0.511767 2.1
      vertex 24.0928 0.58388 1.2
      vertex 24.2083 0.511767 1.2
    endloop
  endfacet
  facet normal -0.623356 -0.781938 0
    outer loop
      vertex 24.2083 0.511767 1.2
      vertex 24.3152 0.426547 2.1
      vertex 24.2083 0.511767 2.1
    endloop
  endfacet
  facet normal -0.623356 -0.781938 -0
    outer loop
      vertex 24.3152 0.426547 2.1
      vertex 24.2083 0.511767 1.2
      vertex 24.3152 0.426547 1.2
    endloop
  endfacet
  facet normal -0.706848 -0.707366 0
    outer loop
      vertex 24.4136 0.328219 1.2
      vertex 24.3152 0.426547 2.1
      vertex 24.3152 0.426547 1.2
    endloop
  endfacet
  facet normal -0.706848 -0.707366 0
    outer loop
      vertex 24.3152 0.426547 2.1
      vertex 24.4136 0.328219 1.2
      vertex 24.4136 0.328219 2.1
    endloop
  endfacet
  facet normal -0.779024 -0.626994 0
    outer loop
      vertex 24.5033 0.216769 1.2
      vertex 24.4136 0.328219 2.1
      vertex 24.4136 0.328219 1.2
    endloop
  endfacet
  facet normal -0.779024 -0.626994 0
    outer loop
      vertex 24.4136 0.328219 2.1
      vertex 24.5033 0.216769 1.2
      vertex 24.5033 0.216769 2.1
    endloop
  endfacet
  facet normal -0.842043 -0.53941 0
    outer loop
      vertex 24.584 0.0907927 1.2
      vertex 24.5033 0.216769 2.1
      vertex 24.5033 0.216769 1.2
    endloop
  endfacet
  facet normal -0.842043 -0.53941 0
    outer loop
      vertex 24.5033 0.216769 2.1
      vertex 24.584 0.0907927 1.2
      vertex 24.584 0.0907927 2.1
    endloop
  endfacet
  facet normal -0.893881 -0.448304 0
    outer loop
      vertex 24.6552 -0.0511742 1.2
      vertex 24.584 0.0907927 2.1
      vertex 24.584 0.0907927 1.2
    endloop
  endfacet
  facet normal -0.893881 -0.448304 0
    outer loop
      vertex 24.584 0.0907927 2.1
      vertex 24.6552 -0.0511742 1.2
      vertex 24.6552 -0.0511742 2.1
    endloop
  endfacet
  facet normal -0.931439 -0.363897 0
    outer loop
      vertex 24.7169 -0.209103 1.2
      vertex 24.6552 -0.0511742 2.1
      vertex 24.6552 -0.0511742 1.2
    endloop
  endfacet
  facet normal -0.931439 -0.363897 0
    outer loop
      vertex 24.6552 -0.0511742 2.1
      vertex 24.7169 -0.209103 1.2
      vertex 24.7169 -0.209103 2.1
    endloop
  endfacet
  facet normal -0.957631 -0.287999 0
    outer loop
      vertex 24.7692 -0.383007 1.2
      vertex 24.7169 -0.209103 2.1
      vertex 24.7169 -0.209103 1.2
    endloop
  endfacet
  facet normal -0.957631 -0.287999 0
    outer loop
      vertex 24.7169 -0.209103 2.1
      vertex 24.7692 -0.383007 1.2
      vertex 24.7692 -0.383007 2.1
    endloop
  endfacet
  facet normal -0.975635 -0.2194 0
    outer loop
      vertex 24.8119 -0.572887 1.2
      vertex 24.7692 -0.383007 2.1
      vertex 24.7692 -0.383007 1.2
    endloop
  endfacet
  facet normal -0.975635 -0.2194 0
    outer loop
      vertex 24.7692 -0.383007 2.1
      vertex 24.8119 -0.572887 1.2
      vertex 24.8119 -0.572887 2.1
    endloop
  endfacet
  facet normal -0.987243 -0.15922 0
    outer loop
      vertex 24.8451 -0.778744 1.2
      vertex 24.8119 -0.572887 2.1
      vertex 24.8119 -0.572887 1.2
    endloop
  endfacet
  facet normal -0.987243 -0.15922 0
    outer loop
      vertex 24.8119 -0.572887 2.1
      vertex 24.8451 -0.778744 1.2
      vertex 24.8451 -0.778744 2.1
    endloop
  endfacet
  facet normal -0.994294 -0.106674 0
    outer loop
      vertex 24.8689 -1.00058 1.2
      vertex 24.8451 -0.778744 2.1
      vertex 24.8451 -0.778744 1.2
    endloop
  endfacet
  facet normal -0.994294 -0.106674 0
    outer loop
      vertex 24.8451 -0.778744 2.1
      vertex 24.8689 -1.00058 1.2
      vertex 24.8689 -1.00058 2.1
    endloop
  endfacet
  facet normal -0.998222 -0.0596104 0
    outer loop
      vertex 24.8831 -1.23837 1.2
      vertex 24.8689 -1.00058 2.1
      vertex 24.8689 -1.00058 1.2
    endloop
  endfacet
  facet normal -0.998222 -0.0596104 0
    outer loop
      vertex 24.8689 -1.00058 2.1
      vertex 24.8831 -1.23837 1.2
      vertex 24.8831 -1.23837 2.1
    endloop
  endfacet
  facet normal -0.999821 -0.0189106 0
    outer loop
      vertex 24.8879 -1.49215 1.2
      vertex 24.8831 -1.23837 2.1
      vertex 24.8831 -1.23837 1.2
    endloop
  endfacet
  facet normal -0.999821 -0.0189106 0
    outer loop
      vertex 24.8831 -1.23837 2.1
      vertex 24.8879 -1.49215 1.2
      vertex 24.8879 -1.49215 2.1
    endloop
  endfacet
  facet normal -0.999155 0.0411105 0
    outer loop
      vertex 24.8684 -1.96608 1.2
      vertex 24.8879 -1.49215 2.1
      vertex 24.8879 -1.49215 1.2
    endloop
  endfacet
  facet normal -0.999155 0.0411105 0
    outer loop
      vertex 24.8879 -1.49215 2.1
      vertex 24.8684 -1.96608 1.2
      vertex 24.8684 -1.96608 2.1
    endloop
  endfacet
  facet normal -0.990323 0.138782 0
    outer loop
      vertex 24.8098 -2.38424 1.2
      vertex 24.8684 -1.96608 2.1
      vertex 24.8684 -1.96608 1.2
    endloop
  endfacet
  facet normal -0.990323 0.138782 0
    outer loop
      vertex 24.8684 -1.96608 2.1
      vertex 24.8098 -2.38424 1.2
      vertex 24.8098 -2.38424 2.1
    endloop
  endfacet
  facet normal -0.965595 0.26005 0
    outer loop
      vertex 24.7122 -2.74664 1.2
      vertex 24.8098 -2.38424 2.1
      vertex 24.8098 -2.38424 1.2
    endloop
  endfacet
  facet normal -0.965595 0.26005 0
    outer loop
      vertex 24.8098 -2.38424 2.1
      vertex 24.7122 -2.74664 1.2
      vertex 24.7122 -2.74664 2.1
    endloop
  endfacet
  facet normal -0.913472 0.406901 0
    outer loop
      vertex 24.5756 -3.0533 1.2
      vertex 24.7122 -2.74664 2.1
      vertex 24.7122 -2.74664 1.2
    endloop
  endfacet
  facet normal -0.913472 0.406901 0
    outer loop
      vertex 24.7122 -2.74664 2.1
      vertex 24.5756 -3.0533 1.2
      vertex 24.5756 -3.0533 2.1
    endloop
  endfacet
  facet normal -0.819278 0.573397 0
    outer loop
      vertex 24.4 -3.3042 1.2
      vertex 24.5756 -3.0533 2.1
      vertex 24.5756 -3.0533 1.2
    endloop
  endfacet
  facet normal -0.819278 0.573397 0
    outer loop
      vertex 24.5756 -3.0533 2.1
      vertex 24.4 -3.3042 1.2
      vertex 24.4 -3.3042 2.1
    endloop
  endfacet
  facet normal -0.672594 0.740012 0
    outer loop
      vertex 24.4 -3.3042 1.2
      vertex 24.1853 -3.49934 2.1
      vertex 24.4 -3.3042 2.1
    endloop
  endfacet
  facet normal -0.672594 0.740012 0
    outer loop
      vertex 24.1853 -3.49934 2.1
      vertex 24.4 -3.3042 1.2
      vertex 24.1853 -3.49934 1.2
    endloop
  endfacet
  facet normal -0.481534 0.876427 0
    outer loop
      vertex 24.1853 -3.49934 1.2
      vertex 23.9316 -3.63873 2.1
      vertex 24.1853 -3.49934 2.1
    endloop
  endfacet
  facet normal -0.481534 0.876427 0
    outer loop
      vertex 23.9316 -3.63873 2.1
      vertex 24.1853 -3.49934 1.2
      vertex 23.9316 -3.63873 1.2
    endloop
  endfacet
  facet normal -0.274725 0.961523 0
    outer loop
      vertex 23.9316 -3.63873 1.2
      vertex 23.6389 -3.72236 2.1
      vertex 23.9316 -3.63873 2.1
    endloop
  endfacet
  facet normal -0.274725 0.961523 0
    outer loop
      vertex 23.6389 -3.72236 2.1
      vertex 23.9316 -3.63873 1.2
      vertex 23.6389 -3.72236 1.2
    endloop
  endfacet
  facet normal -0.0837315 0.996488 0
    outer loop
      vertex 23.6389 -3.72236 1.2
      vertex 23.3071 -3.75024 2.1
      vertex 23.6389 -3.72236 2.1
    endloop
  endfacet
  facet normal -0.0837315 0.996488 0
    outer loop
      vertex 23.3071 -3.75024 2.1
      vertex 23.6389 -3.72236 1.2
      vertex 23.3071 -3.75024 1.2
    endloop
  endfacet
  facet normal 0.045588 0.99896 -0
    outer loop
      vertex 23.3071 -3.75024 1.2
      vertex 23.1513 -3.74313 2.1
      vertex 23.3071 -3.75024 2.1
    endloop
  endfacet
  facet normal 0.045588 0.99896 0
    outer loop
      vertex 23.1513 -3.74313 2.1
      vertex 23.3071 -3.75024 1.2
      vertex 23.1513 -3.74313 1.2
    endloop
  endfacet
  facet normal 0.154919 -0.987927 0
    outer loop
      vertex 3.21642 -4.89988 1.2
      vertex 3.64024 -4.83342 2.1
      vertex 3.21642 -4.89988 2.1
    endloop
  endfacet
  facet normal 0.154919 -0.987927 0
    outer loop
      vertex 3.64024 -4.83342 2.1
      vertex 3.21642 -4.89988 1.2
      vertex 3.64024 -4.83342 1.2
    endloop
  endfacet
  facet normal 0.274368 -0.961625 0
    outer loop
      vertex 3.64024 -4.83342 1.2
      vertex 4.02837 -4.72268 2.1
      vertex 3.64024 -4.83342 2.1
    endloop
  endfacet
  facet normal 0.274368 -0.961625 0
    outer loop
      vertex 4.02837 -4.72268 2.1
      vertex 3.64024 -4.83342 1.2
      vertex 4.02837 -4.72268 1.2
    endloop
  endfacet
  facet normal 0.402769 -0.915302 0
    outer loop
      vertex 4.02837 -4.72268 1.2
      vertex 4.38077 -4.56761 2.1
      vertex 4.02837 -4.72268 2.1
    endloop
  endfacet
  facet normal 0.402769 -0.915302 0
    outer loop
      vertex 4.38077 -4.56761 2.1
      vertex 4.02837 -4.72268 1.2
      vertex 4.38077 -4.56761 1.2
    endloop
  endfacet
  facet normal 0.532773 -0.846258 0
    outer loop
      vertex 4.38077 -4.56761 1.2
      vertex 4.69745 -4.36824 2.1
      vertex 4.38077 -4.56761 2.1
    endloop
  endfacet
  facet normal 0.532773 -0.846258 0
    outer loop
      vertex 4.69745 -4.36824 2.1
      vertex 4.38077 -4.56761 1.2
      vertex 4.69745 -4.36824 1.2
    endloop
  endfacet
  facet normal 0.65518 -0.755473 0
    outer loop
      vertex 4.69745 -4.36824 1.2
      vertex 4.97842 -4.12457 2.1
      vertex 4.69745 -4.36824 2.1
    endloop
  endfacet
  facet normal 0.65518 -0.755473 0
    outer loop
      vertex 4.97842 -4.12457 2.1
      vertex 4.69745 -4.36824 1.2
      vertex 4.97842 -4.12457 1.2
    endloop
  endfacet
  facet normal 0.761304 -0.648396 0
    outer loop
      vertex 4.97842 -4.12457 2.1
      vertex 5.22369 -3.83659 1.2
      vertex 5.22369 -3.83659 2.1
    endloop
  endfacet
  facet normal 0.761304 -0.648396 0
    outer loop
      vertex 5.22369 -3.83659 1.2
      vertex 4.97842 -4.12457 2.1
      vertex 4.97842 -4.12457 1.2
    endloop
  endfacet
  facet normal 0.845853 -0.533415 0
    outer loop
      vertex 5.22369 -3.83659 2.1
      vertex 5.43324 -3.5043 1.2
      vertex 5.43324 -3.5043 2.1
    endloop
  endfacet
  facet normal 0.845853 -0.533415 0
    outer loop
      vertex 5.43324 -3.5043 1.2
      vertex 5.22369 -3.83659 2.1
      vertex 5.22369 -3.83659 1.2
    endloop
  endfacet
  facet normal 0.907923 -0.419136 0
    outer loop
      vertex 5.43324 -3.5043 2.1
      vertex 5.60709 -3.12771 1.2
      vertex 5.60709 -3.12771 2.1
    endloop
  endfacet
  facet normal 0.907923 -0.419136 0
    outer loop
      vertex 5.60709 -3.12771 1.2
      vertex 5.43324 -3.5043 2.1
      vertex 5.43324 -3.5043 1.2
    endloop
  endfacet
  facet normal 0.0864196 0.996259 -0
    outer loop
      vertex 5.60709 -3.12771 1.2
      vertex 3.98969 -2.98741 2.1
      vertex 5.60709 -3.12771 2.1
    endloop
  endfacet
  facet normal 0.0864196 0.996259 0
    outer loop
      vertex 3.98969 -2.98741 2.1
      vertex 5.60709 -3.12771 1.2
      vertex 3.98969 -2.98741 1.2
    endloop
  endfacet
  facet normal -0.937809 0.347152 0
    outer loop
      vertex 3.92853 -3.15263 1.2
      vertex 3.98969 -2.98741 2.1
      vertex 3.98969 -2.98741 1.2
    endloop
  endfacet
  facet normal -0.937809 0.347152 0
    outer loop
      vertex 3.98969 -2.98741 2.1
      vertex 3.92853 -3.15263 1.2
      vertex 3.92853 -3.15263 2.1
    endloop
  endfacet
  facet normal -0.882326 0.470638 0
    outer loop
      vertex 3.85077 -3.29841 1.2
      vertex 3.92853 -3.15263 2.1
      vertex 3.92853 -3.15263 1.2
    endloop
  endfacet
  facet normal -0.882326 0.470638 0
    outer loop
      vertex 3.92853 -3.15263 2.1
      vertex 3.85077 -3.29841 1.2
      vertex 3.85077 -3.29841 2.1
    endloop
  endfacet
  facet normal -0.801345 0.598202 0
    outer loop
      vertex 3.75645 -3.42476 1.2
      vertex 3.85077 -3.29841 2.1
      vertex 3.85077 -3.29841 1.2
    endloop
  endfacet
  facet normal -0.801345 0.598202 0
    outer loop
      vertex 3.85077 -3.29841 2.1
      vertex 3.75645 -3.42476 1.2
      vertex 3.75645 -3.42476 2.1
    endloop
  endfacet
  facet normal -0.694003 0.719972 0
    outer loop
      vertex 3.75645 -3.42476 1.2
      vertex 3.64555 -3.53166 2.1
      vertex 3.75645 -3.42476 2.1
    endloop
  endfacet
  facet normal -0.694003 0.719972 0
    outer loop
      vertex 3.64555 -3.53166 2.1
      vertex 3.75645 -3.42476 1.2
      vertex 3.64555 -3.53166 1.2
    endloop
  endfacet
  facet normal -0.565815 0.824532 0
    outer loop
      vertex 3.64555 -3.53166 1.2
      vertex 3.51807 -3.61914 2.1
      vertex 3.64555 -3.53166 2.1
    endloop
  endfacet
  facet normal -0.565815 0.824532 0
    outer loop
      vertex 3.51807 -3.61914 2.1
      vertex 3.64555 -3.53166 1.2
      vertex 3.51807 -3.61914 1.2
    endloop
  endfacet
  facet normal -0.426964 0.904269 0
    outer loop
      vertex 3.51807 -3.61914 1.2
      vertex 3.37401 -3.68716 2.1
      vertex 3.51807 -3.61914 2.1
    endloop
  endfacet
  facet normal -0.426964 0.904269 0
    outer loop
      vertex 3.37401 -3.68716 2.1
      vertex 3.51807 -3.61914 1.2
      vertex 3.37401 -3.68716 1.2
    endloop
  endfacet
  facet normal -0.289594 0.95715 0
    outer loop
      vertex 3.37401 -3.68716 1.2
      vertex 3.21338 -3.73576 2.1
      vertex 3.37401 -3.68716 2.1
    endloop
  endfacet
  facet normal -0.289594 0.95715 0
    outer loop
      vertex 3.21338 -3.73576 2.1
      vertex 3.37401 -3.68716 1.2
      vertex 3.21338 -3.73576 1.2
    endloop
  endfacet
  facet normal -0.162358 0.986732 0
    outer loop
      vertex 3.21338 -3.73576 1.2
      vertex 3.03616 -3.76492 2.1
      vertex 3.21338 -3.73576 2.1
    endloop
  endfacet
  facet normal -0.162358 0.986732 0
    outer loop
      vertex 3.03616 -3.76492 2.1
      vertex 3.21338 -3.73576 1.2
      vertex 3.03616 -3.76492 1.2
    endloop
  endfacet
  facet normal -0.050097 0.998744 0
    outer loop
      vertex 3.03616 -3.76492 1.2
      vertex 2.84238 -3.77464 2.1
      vertex 3.03616 -3.76492 2.1
    endloop
  endfacet
  facet normal -0.050097 0.998744 0
    outer loop
      vertex 2.84238 -3.77464 2.1
      vertex 3.03616 -3.76492 1.2
      vertex 2.84238 -3.77464 1.2
    endloop
  endfacet
  facet normal 0.0424805 0.999097 -0
    outer loop
      vertex 2.84238 -3.77464 1.2
      vertex 2.69962 -3.76857 2.1
      vertex 2.84238 -3.77464 2.1
    endloop
  endfacet
  facet normal 0.0424805 0.999097 0
    outer loop
      vertex 2.69962 -3.76857 2.1
      vertex 2.84238 -3.77464 1.2
      vertex 2.69962 -3.76857 1.2
    endloop
  endfacet
  facet normal 0.133253 0.991082 -0
    outer loop
      vertex 2.69962 -3.76857 1.2
      vertex 2.56433 -3.75038 2.1
      vertex 2.69962 -3.76857 2.1
    endloop
  endfacet
  facet normal 0.133253 0.991082 0
    outer loop
      vertex 2.56433 -3.75038 2.1
      vertex 2.69962 -3.76857 1.2
      vertex 2.56433 -3.75038 1.2
    endloop
  endfacet
  facet normal 0.230804 0.973 -0
    outer loop
      vertex 2.56433 -3.75038 1.2
      vertex 2.43651 -3.72006 2.1
      vertex 2.56433 -3.75038 2.1
    endloop
  endfacet
  facet normal 0.230804 0.973 0
    outer loop
      vertex 2.43651 -3.72006 2.1
      vertex 2.56433 -3.75038 1.2
      vertex 2.43651 -3.72006 1.2
    endloop
  endfacet
  facet normal 0.332562 0.943081 -0
    outer loop
      vertex 2.43651 -3.72006 1.2
      vertex 2.31613 -3.67761 2.1
      vertex 2.43651 -3.72006 2.1
    endloop
  endfacet
  facet normal 0.332562 0.943081 0
    outer loop
      vertex 2.31613 -3.67761 2.1
      vertex 2.43651 -3.72006 1.2
      vertex 2.31613 -3.67761 1.2
    endloop
  endfacet
  facet normal 0.435213 0.900328 -0
    outer loop
      vertex 2.31613 -3.67761 1.2
      vertex 2.20322 -3.62303 2.1
      vertex 2.31613 -3.67761 2.1
    endloop
  endfacet
  facet normal 0.435213 0.900328 0
    outer loop
      vertex 2.20322 -3.62303 2.1
      vertex 2.31613 -3.67761 1.2
      vertex 2.20322 -3.62303 1.2
    endloop
  endfacet
  facet normal 0.534659 0.845068 -0
    outer loop
      vertex 2.20322 -3.62303 1.2
      vertex 2.09778 -3.55632 2.1
      vertex 2.20322 -3.62303 2.1
    endloop
  endfacet
  facet normal 0.534659 0.845068 0
    outer loop
      vertex 2.09778 -3.55632 2.1
      vertex 2.20322 -3.62303 1.2
      vertex 2.09778 -3.55632 1.2
    endloop
  endfacet
  facet normal 0.626913 0.779089 -0
    outer loop
      vertex 2.09778 -3.55632 1.2
      vertex 1.99979 -3.47747 2.1
      vertex 2.09778 -3.55632 2.1
    endloop
  endfacet
  facet normal 0.626913 0.779089 0
    outer loop
      vertex 1.99979 -3.47747 2.1
      vertex 2.09778 -3.55632 1.2
      vertex 1.99979 -3.47747 1.2
    endloop
  endfacet
  facet normal 0.708741 0.705468 0
    outer loop
      vertex 1.99979 -3.47747 2.1
      vertex 1.90926 -3.38652 1.2
      vertex 1.90926 -3.38652 2.1
    endloop
  endfacet
  facet normal 0.708741 0.705468 0
    outer loop
      vertex 1.90926 -3.38652 1.2
      vertex 1.99979 -3.47747 2.1
      vertex 1.99979 -3.47747 1.2
    endloop
  endfacet
  facet normal 0.77872 0.627372 0
    outer loop
      vertex 1.90926 -3.38652 2.1
      vertex 1.82619 -3.28341 1.2
      vertex 1.82619 -3.28341 2.1
    endloop
  endfacet
  facet normal 0.77872 0.627372 0
    outer loop
      vertex 1.82619 -3.28341 1.2
      vertex 1.90926 -3.38652 2.1
      vertex 1.90926 -3.38652 1.2
    endloop
  endfacet
  facet normal 0.837854 0.545894 0
    outer loop
      vertex 1.82619 -3.28341 2.1
      vertex 1.75125 -3.16839 1.2
      vertex 1.75125 -3.16839 2.1
    endloop
  endfacet
  facet normal 0.837854 0.545894 0
    outer loop
      vertex 1.75125 -3.16839 1.2
      vertex 1.82619 -3.28341 2.1
      vertex 1.82619 -3.28341 1.2
    endloop
  endfacet
  facet normal 0.886525 0.462681 0
    outer loop
      vertex 1.75125 -3.16839 2.1
      vertex 1.68513 -3.0417 1.2
      vertex 1.68513 -3.0417 2.1
    endloop
  endfacet
  facet normal 0.886525 0.462681 0
    outer loop
      vertex 1.68513 -3.0417 1.2
      vertex 1.75125 -3.16839 2.1
      vertex 1.75125 -3.16839 1.2
    endloop
  endfacet
  facet normal 0.923948 0.382519 0
    outer loop
      vertex 1.68513 -3.0417 2.1
      vertex 1.62784 -2.90332 1.2
      vertex 1.62784 -2.90332 2.1
    endloop
  endfacet
  facet normal 0.923948 0.382519 0
    outer loop
      vertex 1.62784 -2.90332 1.2
      vertex 1.68513 -3.0417 2.1
      vertex 1.68513 -3.0417 1.2
    endloop
  endfacet
  facet normal 0.951554 0.307483 0
    outer loop
      vertex 1.62784 -2.90332 2.1
      vertex 1.57935 -2.75326 1.2
      vertex 1.57935 -2.75326 2.1
    endloop
  endfacet
  facet normal 0.951554 0.307483 0
    outer loop
      vertex 1.57935 -2.75326 1.2
      vertex 1.62784 -2.90332 2.1
      vertex 1.62784 -2.90332 1.2
    endloop
  endfacet
  facet normal 0.9712 0.238266 0
    outer loop
      vertex 1.57935 -2.75326 2.1
      vertex 1.53967 -2.59152 1.2
      vertex 1.53967 -2.59152 2.1
    endloop
  endfacet
  facet normal 0.9712 0.238266 0
    outer loop
      vertex 1.53967 -2.59152 1.2
      vertex 1.57935 -2.75326 2.1
      vertex 1.57935 -2.75326 1.2
    endloop
  endfacet
  facet normal 0.984543 0.175142 0
    outer loop
      vertex 1.53967 -2.59152 2.1
      vertex 1.50882 -2.4181 1.2
      vertex 1.50882 -2.4181 2.1
    endloop
  endfacet
  facet normal 0.984543 0.175142 0
    outer loop
      vertex 1.50882 -2.4181 1.2
      vertex 1.53967 -2.59152 2.1
      vertex 1.53967 -2.59152 1.2
    endloop
  endfacet
  facet normal 0.992992 0.118183 0
    outer loop
      vertex 1.50882 -2.4181 2.1
      vertex 1.48679 -2.233 1.2
      vertex 1.48679 -2.233 2.1
    endloop
  endfacet
  facet normal 0.992992 0.118183 0
    outer loop
      vertex 1.48679 -2.233 1.2
      vertex 1.50882 -2.4181 2.1
      vertex 1.50882 -2.4181 1.2
    endloop
  endfacet
  facet normal 0.997748 0.067081 0
    outer loop
      vertex 1.48679 -2.233 2.1
      vertex 1.47356 -2.03622 1.2
      vertex 1.47356 -2.03622 2.1
    endloop
  endfacet
  facet normal 0.997748 0.067081 0
    outer loop
      vertex 1.47356 -2.03622 1.2
      vertex 1.48679 -2.233 2.1
      vertex 1.48679 -2.233 1.2
    endloop
  endfacet
  facet normal 0.999776 0.0211494 0
    outer loop
      vertex 1.47356 -2.03622 2.1
      vertex 1.46915 -1.82775 1.2
      vertex 1.46915 -1.82775 2.1
    endloop
  endfacet
  facet normal 0.999776 0.0211494 0
    outer loop
      vertex 1.46915 -1.82775 1.2
      vertex 1.47356 -2.03622 2.1
      vertex 1.47356 -2.03622 1.2
    endloop
  endfacet
  facet normal 0 -1 0
    outer loop
      vertex 1.46915 -1.82775 1.2
      vertex 5.70473 -1.82775 2.1
      vertex 1.46915 -1.82775 2.1
    endloop
  endfacet
  facet normal 0 -1 -0
    outer loop
      vertex 5.70473 -1.82775 2.1
      vertex 1.46915 -1.82775 1.2
      vertex 5.70473 -1.82775 1.2
    endloop
  endfacet
  facet normal 1 -0 0
    outer loop
      vertex 5.70473 -1.82775 2.1
      vertex 5.70473 -1.77897 1.2
      vertex 5.70473 -1.77897 2.1
    endloop
  endfacet
  facet normal 1 0 0
    outer loop
      vertex 5.70473 -1.77897 1.2
      vertex 5.70473 -1.82775 2.1
      vertex 5.70473 -1.82775 1.2
    endloop
  endfacet
  facet normal 0.999723 0.0235355 0
    outer loop
      vertex 5.70473 -1.77897 2.1
      vertex 5.69547 -1.38563 1.2
      vertex 5.69547 -1.38563 2.1
    endloop
  endfacet
  facet normal 0.999723 0.0235355 0
    outer loop
      vertex 5.69547 -1.38563 1.2
      vertex 5.70473 -1.77897 2.1
      vertex 5.70473 -1.77897 1.2
    endloop
  endfacet
  facet normal 0.997213 0.0746059 0
    outer loop
      vertex 5.69547 -1.38563 2.1
      vertex 5.66766 -1.01391 1.2
      vertex 5.66766 -1.01391 2.1
    endloop
  endfacet
  facet normal 0.997213 0.0746059 0
    outer loop
      vertex 5.66766 -1.01391 1.2
      vertex 5.69547 -1.38563 2.1
      vertex 5.69547 -1.38563 1.2
    endloop
  endfacet
  facet normal 0.991354 0.131214 0
    outer loop
      vertex 5.66766 -1.01391 2.1
      vertex 5.62132 -0.663799 1.2
      vertex 5.62132 -0.663799 2.1
    endloop
  endfacet
  facet normal 0.991354 0.131214 0
    outer loop
      vertex 5.62132 -0.663799 1.2
      vertex 5.66766 -1.01391 2.1
      vertex 5.66766 -1.01391 1.2
    endloop
  endfacet
  facet normal 0.981044 0.193784 0
    outer loop
      vertex 5.62132 -0.663799 2.1
      vertex 5.55644 -0.335339 1.2
      vertex 5.55644 -0.335339 2.1
    endloop
  endfacet
  facet normal 0.981044 0.193784 0
    outer loop
      vertex 5.55644 -0.335339 1.2
      vertex 5.62132 -0.663799 2.1
      vertex 5.62132 -0.663799 1.2
    endloop
  endfacet
  facet normal 0.964993 0.262275 0
    outer loop
      vertex 5.55644 -0.335339 2.1
      vertex 5.47304 -0.0284843 1.2
      vertex 5.47304 -0.0284843 2.1
    endloop
  endfacet
  facet normal 0.964993 0.262275 0
    outer loop
      vertex 5.47304 -0.0284843 1.2
      vertex 5.55644 -0.335339 2.1
      vertex 5.55644 -0.335339 1.2
    endloop
  endfacet
  facet normal 0.941656 0.336576 0
    outer loop
      vertex 5.47304 -0.0284843 2.1
      vertex 5.37109 0.256747 1.2
      vertex 5.37109 0.256747 2.1
    endloop
  endfacet
  facet normal 0.941656 0.336576 0
    outer loop
      vertex 5.37109 0.256747 1.2
      vertex 5.47304 -0.0284843 2.1
      vertex 5.47304 -0.0284843 1.2
    endloop
  endfacet
  facet normal 0.909502 0.4157 0
    outer loop
      vertex 5.37109 0.256747 2.1
      vertex 5.25061 0.520343 1.2
      vertex 5.25061 0.520343 2.1
    endloop
  endfacet
  facet normal 0.909502 0.4157 0
    outer loop
      vertex 5.25061 0.520343 1.2
      vertex 5.37109 0.256747 2.1
      vertex 5.37109 0.256747 1.2
    endloop
  endfacet
  facet normal 0.867084 0.498161 0
    outer loop
      vertex 5.25061 0.520343 2.1
      vertex 5.11159 0.762317 1.2
      vertex 5.11159 0.762317 2.1
    endloop
  endfacet
  facet normal 0.867084 0.498161 0
    outer loop
      vertex 5.11159 0.762317 1.2
      vertex 5.25061 0.520343 2.1
      vertex 5.25061 0.520343 1.2
    endloop
  endfacet
  facet normal 0.813461 0.581619 0
    outer loop
      vertex 5.11159 0.762317 2.1
      vertex 4.95404 0.982669 1.2
      vertex 4.95404 0.982669 2.1
    endloop
  endfacet
  facet normal 0.813461 0.581619 0
    outer loop
      vertex 4.95404 0.982669 1.2
      vertex 5.11159 0.762317 2.1
      vertex 5.11159 0.762317 1.2
    endloop
  endfacet
  facet normal 0.748931 0.662648 0
    outer loop
      vertex 4.95404 0.982669 2.1
      vertex 4.77893 1.18058 1.2
      vertex 4.77893 1.18058 2.1
    endloop
  endfacet
  facet normal 0.748931 0.662648 0
    outer loop
      vertex 4.77893 1.18058 1.2
      vertex 4.95404 0.982669 2.1
      vertex 4.95404 0.982669 1.2
    endloop
  endfacet
  facet normal 0.673402 0.739277 -0
    outer loop
      vertex 4.77893 1.18058 1.2
      vertex 4.58725 1.35518 2.1
      vertex 4.77893 1.18058 2.1
    endloop
  endfacet
  facet normal 0.673402 0.739277 0
    outer loop
      vertex 4.58725 1.35518 2.1
      vertex 4.77893 1.18058 1.2
      vertex 4.58725 1.35518 1.2
    endloop
  endfacet
  facet normal 0.587844 0.808975 -0
    outer loop
      vertex 4.58725 1.35518 1.2
      vertex 4.37898 1.50652 2.1
      vertex 4.58725 1.35518 2.1
    endloop
  endfacet
  facet normal 0.587844 0.808975 0
    outer loop
      vertex 4.37898 1.50652 2.1
      vertex 4.58725 1.35518 1.2
      vertex 4.37898 1.50652 1.2
    endloop
  endfacet
  facet normal 0.494886 0.868958 -0
    outer loop
      vertex 4.37898 1.50652 1.2
      vertex 4.15414 1.63457 2.1
      vertex 4.37898 1.50652 2.1
    endloop
  endfacet
  facet normal 0.494886 0.868958 0
    outer loop
      vertex 4.15414 1.63457 2.1
      vertex 4.37898 1.50652 1.2
      vertex 4.15414 1.63457 1.2
    endloop
  endfacet
  facet normal 0.398102 0.917341 -0
    outer loop
      vertex 4.15414 1.63457 1.2
      vertex 3.91272 1.73934 2.1
      vertex 4.15414 1.63457 2.1
    endloop
  endfacet
  facet normal 0.398102 0.917341 0
    outer loop
      vertex 3.91272 1.73934 2.1
      vertex 4.15414 1.63457 1.2
      vertex 3.91272 1.73934 1.2
    endloop
  endfacet
  facet normal 0.301186 0.953565 -0
    outer loop
      vertex 3.91272 1.73934 1.2
      vertex 3.65472 1.82083 2.1
      vertex 3.91272 1.73934 2.1
    endloop
  endfacet
  facet normal 0.301186 0.953565 0
    outer loop
      vertex 3.65472 1.82083 2.1
      vertex 3.91272 1.73934 1.2
      vertex 3.65472 1.82083 1.2
    endloop
  endfacet
  facet normal 0.207353 0.978266 -0
    outer loop
      vertex 3.65472 1.82083 1.2
      vertex 3.38014 1.87903 2.1
      vertex 3.65472 1.82083 2.1
    endloop
  endfacet
  facet normal 0.207353 0.978266 0
    outer loop
      vertex 3.38014 1.87903 2.1
      vertex 3.65472 1.82083 1.2
      vertex 3.38014 1.87903 1.2
    endloop
  endfacet
  facet normal 0.119118 0.99288 -0
    outer loop
      vertex 3.38014 1.87903 1.2
      vertex 3.08899 1.91396 2.1
      vertex 3.38014 1.87903 2.1
    endloop
  endfacet
  facet normal 0.119118 0.99288 0
    outer loop
      vertex 3.08899 1.91396 2.1
      vertex 3.38014 1.87903 1.2
      vertex 3.08899 1.91396 1.2
    endloop
  endfacet
  facet normal 0.0377996 0.999285 -0
    outer loop
      vertex 3.08899 1.91396 1.2
      vertex 2.78127 1.9256 2.1
      vertex 3.08899 1.91396 2.1
    endloop
  endfacet
  facet normal 0.0377996 0.999285 0
    outer loop
      vertex 2.78127 1.9256 2.1
      vertex 3.08899 1.91396 1.2
      vertex 2.78127 1.9256 1.2
    endloop
  endfacet
  facet normal -0.0336181 0.999435 0
    outer loop
      vertex 2.78127 1.9256 1.2
      vertex 2.45871 1.91475 2.1
      vertex 2.78127 1.9256 2.1
    endloop
  endfacet
  facet normal -0.0336181 0.999435 0
    outer loop
      vertex 2.45871 1.91475 2.1
      vertex 2.78127 1.9256 1.2
      vertex 2.45871 1.91475 1.2
    endloop
  endfacet
  facet normal -0.105802 0.994387 0
    outer loop
      vertex 2.45871 1.91475 1.2
      vertex 2.15288 1.88221 2.1
      vertex 2.45871 1.91475 2.1
    endloop
  endfacet
  facet normal -0.105802 0.994387 0
    outer loop
      vertex 2.15288 1.88221 2.1
      vertex 2.45871 1.91475 1.2
      vertex 2.15288 1.88221 1.2
    endloop
  endfacet
  facet normal -0.184492 0.982834 0
    outer loop
      vertex 2.15288 1.88221 1.2
      vertex 1.86377 1.82794 2.1
      vertex 2.15288 1.88221 2.1
    endloop
  endfacet
  facet normal -0.184492 0.982834 0
    outer loop
      vertex 1.86377 1.82794 2.1
      vertex 2.15288 1.88221 1.2
      vertex 1.86377 1.82794 1.2
    endloop
  endfacet
  facet normal -0.268569 0.963261 0
    outer loop
      vertex 1.86377 1.82794 1.2
      vertex 1.5914 1.752 2.1
      vertex 1.86377 1.82794 2.1
    endloop
  endfacet
  facet normal -0.268569 0.963261 0
    outer loop
      vertex 1.5914 1.752 2.1
      vertex 1.86377 1.82794 1.2
      vertex 1.5914 1.752 1.2
    endloop
  endfacet
  facet normal -0.356811 0.934177 0
    outer loop
      vertex 1.5914 1.752 1.2
      vertex 1.33574 1.65435 2.1
      vertex 1.5914 1.752 2.1
    endloop
  endfacet
  facet normal -0.356811 0.934177 0
    outer loop
      vertex 1.33574 1.65435 2.1
      vertex 1.5914 1.752 1.2
      vertex 1.33574 1.65435 1.2
    endloop
  endfacet
  facet normal -0.446854 0.894607 0
    outer loop
      vertex 1.33574 1.65435 1.2
      vertex 1.09682 1.53501 2.1
      vertex 1.33574 1.65435 2.1
    endloop
  endfacet
  facet normal -0.446854 0.894607 0
    outer loop
      vertex 1.09682 1.53501 2.1
      vertex 1.33574 1.65435 1.2
      vertex 1.09682 1.53501 1.2
    endloop
  endfacet
  facet normal -0.535954 0.844247 0
    outer loop
      vertex 1.09682 1.53501 1.2
      vertex 0.874619 1.39395 2.1
      vertex 1.09682 1.53501 2.1
    endloop
  endfacet
  facet normal -0.535954 0.844247 0
    outer loop
      vertex 0.874619 1.39395 2.1
      vertex 1.09682 1.53501 1.2
      vertex 0.874619 1.39395 1.2
    endloop
  endfacet
  facet normal -0.620924 0.783871 0
    outer loop
      vertex 0.874619 1.39395 1.2
      vertex 0.669159 1.2312 2.1
      vertex 0.874619 1.39395 2.1
    endloop
  endfacet
  facet normal -0.620924 0.783871 0
    outer loop
      vertex 0.669159 1.2312 2.1
      vertex 0.874619 1.39395 1.2
      vertex 0.669159 1.2312 1.2
    endloop
  endfacet
  facet normal -0.698892 0.715227 0
    outer loop
      vertex 0.669159 1.2312 1.2
      vertex 0.480408 1.04676 2.1
      vertex 0.669159 1.2312 2.1
    endloop
  endfacet
  facet normal -0.698892 0.715227 0
    outer loop
      vertex 0.480408 1.04676 2.1
      vertex 0.669159 1.2312 1.2
      vertex 0.480408 1.04676 1.2
    endloop
  endfacet
  facet normal -0.768585 0.639748 0
    outer loop
      vertex 0.310059 0.842105 1.2
      vertex 0.480408 1.04676 2.1
      vertex 0.480408 1.04676 1.2
    endloop
  endfacet
  facet normal -0.768585 0.639748 0
    outer loop
      vertex 0.480408 1.04676 2.1
      vertex 0.310059 0.842105 1.2
      vertex 0.310059 0.842105 2.1
    endloop
  endfacet
  facet normal -0.829565 0.55841 0
    outer loop
      vertex 0.159729 0.618777 1.2
      vertex 0.310059 0.842105 2.1
      vertex 0.310059 0.842105 1.2
    endloop
  endfacet
  facet normal -0.829565 0.55841 0
    outer loop
      vertex 0.310059 0.842105 2.1
      vertex 0.159729 0.618777 1.2
      vertex 0.159729 0.618777 2.1
    endloop
  endfacet
  facet normal -0.88054 0.473971 0
    outer loop
      vertex 0.0294647 0.376773 1.2
      vertex 0.159729 0.618777 2.1
      vertex 0.159729 0.618777 1.2
    endloop
  endfacet
  facet normal -0.88054 0.473971 0
    outer loop
      vertex 0.159729 0.618777 2.1
      vertex 0.0294647 0.376773 1.2
      vertex 0.0294647 0.376773 2.1
    endloop
  endfacet
  facet normal -0.92105 0.389444 0
    outer loop
      vertex -0.0807648 0.116076 1.2
      vertex 0.0294647 0.376773 2.1
      vertex 0.0294647 0.376773 1.2
    endloop
  endfacet
  facet normal -0.92105 0.389444 0
    outer loop
      vertex 0.0294647 0.376773 2.1
      vertex -0.0807648 0.116076 1.2
      vertex -0.0807648 0.116076 2.1
    endloop
  endfacet
  facet normal -0.951635 0.307232 0
    outer loop
      vertex -0.170959 -0.163296 1.2
      vertex -0.0807648 0.116076 2.1
      vertex -0.0807648 0.116076 1.2
    endloop
  endfacet
  facet normal -0.951635 0.307232 0
    outer loop
      vertex -0.0807648 0.116076 2.1
      vertex -0.170959 -0.163296 1.2
      vertex -0.170959 -0.163296 2.1
    endloop
  endfacet
  facet normal -0.973408 0.229077 0
    outer loop
      vertex -0.241104 -0.461361 1.2
      vertex -0.170959 -0.163296 2.1
      vertex -0.170959 -0.163296 1.2
    endloop
  endfacet
  facet normal -0.973408 0.229077 0
    outer loop
      vertex -0.170959 -0.163296 2.1
      vertex -0.241104 -0.461361 1.2
      vertex -0.241104 -0.461361 2.1
    endloop
  endfacet
  facet normal -0.987717 0.156254 0
    outer loop
      vertex -0.291214 -0.778118 1.2
      vertex -0.241104 -0.461361 2.1
      vertex -0.241104 -0.461361 1.2
    endloop
  endfacet
  facet normal -0.987717 0.156254 0
    outer loop
      vertex -0.241104 -0.461361 2.1
      vertex -0.291214 -0.778118 1.2
      vertex -0.291214 -0.778118 2.1
    endloop
  endfacet
  facet normal -0.996009 0.0892581 0
    outer loop
      vertex -0.321274 -1.11355 1.2
      vertex -0.291214 -0.778118 2.1
      vertex -0.291214 -0.778118 1.2
    endloop
  endfacet
  facet normal -0.996009 0.0892581 0
    outer loop
      vertex -0.291214 -0.778118 2.1
      vertex -0.321274 -1.11355 1.2
      vertex -0.321274 -1.11355 2.1
    endloop
  endfacet
  facet normal -0.9996 0.0282991 0
    outer loop
      vertex -0.331299 -1.46766 1.2
      vertex -0.321274 -1.11355 2.1
      vertex -0.321274 -1.11355 1.2
    endloop
  endfacet
  facet normal -0.9996 0.0282991 0
    outer loop
      vertex -0.321274 -1.11355 2.1
      vertex -0.331299 -1.46766 1.2
      vertex -0.331299 -1.46766 2.1
    endloop
  endfacet
  facet normal -0.999636 -0.026987 0
    outer loop
      vertex -0.321426 -1.83337 1.2
      vertex -0.331299 -1.46766 2.1
      vertex -0.331299 -1.46766 1.2
    endloop
  endfacet
  facet normal -0.999636 -0.026987 0
    outer loop
      vertex -0.331299 -1.46766 2.1
      vertex -0.321426 -1.83337 1.2
      vertex -0.321426 -1.83337 2.1
    endloop
  endfacet
  facet normal -0.996354 -0.085312 0
    outer loop
      vertex -0.291824 -2.17909 1.2
      vertex -0.321426 -1.83337 2.1
      vertex -0.321426 -1.83337 1.2
    endloop
  endfacet
  facet normal -0.996354 -0.085312 0
    outer loop
      vertex -0.321426 -1.83337 2.1
      vertex -0.291824 -2.17909 1.2
      vertex -0.291824 -2.17909 2.1
    endloop
  endfacet
  facet normal -0.988714 -0.149814 0
    outer loop
      vertex -0.242462 -2.50486 1.2
      vertex -0.291824 -2.17909 2.1
      vertex -0.291824 -2.17909 1.2
    endloop
  endfacet
  facet normal -0.988714 -0.149814 0
    outer loop
      vertex -0.291824 -2.17909 2.1
      vertex -0.242462 -2.50486 1.2
      vertex -0.242462 -2.50486 2.1
    endloop
  endfacet
  facet normal -0.975423 -0.220342 0
    outer loop
      vertex -0.173386 -2.81065 1.2
      vertex -0.242462 -2.50486 2.1
      vertex -0.242462 -2.50486 1.2
    endloop
  endfacet
  facet normal -0.975423 -0.220342 0
    outer loop
      vertex -0.242462 -2.50486 2.1
      vertex -0.173386 -2.81065 1.2
      vertex -0.173386 -2.81065 2.1
    endloop
  endfacet
  facet normal -0.95494 -0.296799 0
    outer loop
      vertex -0.084549 -3.09648 1.2
      vertex -0.173386 -2.81065 2.1
      vertex -0.173386 -2.81065 1.2
    endloop
  endfacet
  facet normal -0.95494 -0.296799 0
    outer loop
      vertex -0.173386 -2.81065 2.1
      vertex -0.084549 -3.09648 1.2
      vertex -0.084549 -3.09648 2.1
    endloop
  endfacet
  facet normal -0.925789 -0.37804 0
    outer loop
      vertex 0.0240173 -3.36235 1.2
      vertex -0.084549 -3.09648 2.1
      vertex -0.084549 -3.09648 1.2
    endloop
  endfacet
  facet normal -0.925789 -0.37804 0
    outer loop
      vertex -0.084549 -3.09648 2.1
      vertex 0.0240173 -3.36235 1.2
      vertex 0.0240173 -3.36235 2.1
    endloop
  endfacet
  facet normal -0.886555 -0.462623 0
    outer loop
      vertex 0.152328 -3.60824 1.2
      vertex 0.0240173 -3.36235 2.1
      vertex 0.0240173 -3.36235 1.2
    endloop
  endfacet
  facet normal -0.886555 -0.462623 0
    outer loop
      vertex 0.0240173 -3.36235 2.1
      vertex 0.152328 -3.60824 1.2
      vertex 0.152328 -3.60824 2.1
    endloop
  endfacet
  facet normal -0.836415 -0.548097 0
    outer loop
      vertex 0.300385 -3.83418 1.2
      vertex 0.152328 -3.60824 2.1
      vertex 0.152328 -3.60824 1.2
    endloop
  endfacet
  facet normal -0.836415 -0.548097 0
    outer loop
      vertex 0.152328 -3.60824 2.1
      vertex 0.300385 -3.83418 1.2
      vertex 0.300385 -3.83418 2.1
    endloop
  endfacet
  facet normal -0.775298 -0.631595 0
    outer loop
      vertex 0.46817 -4.04014 1.2
      vertex 0.300385 -3.83418 2.1
      vertex 0.300385 -3.83418 1.2
    endloop
  endfacet
  facet normal -0.775298 -0.631595 0
    outer loop
      vertex 0.300385 -3.83418 2.1
      vertex 0.46817 -4.04014 1.2
      vertex 0.46817 -4.04014 2.1
    endloop
  endfacet
  facet normal -0.705013 -0.709195 0
    outer loop
      vertex 0.46817 -4.04014 1.2
      vertex 0.654358 -4.22523 2.1
      vertex 0.46817 -4.04014 2.1
    endloop
  endfacet
  facet normal -0.705013 -0.709195 -0
    outer loop
      vertex 0.654358 -4.22523 2.1
      vertex 0.46817 -4.04014 1.2
      vertex 0.654358 -4.22523 1.2
    endloop
  endfacet
  facet normal -0.626411 -0.779493 0
    outer loop
      vertex 0.654358 -4.22523 1.2
      vertex 0.85759 -4.38855 2.1
      vertex 0.654358 -4.22523 2.1
    endloop
  endfacet
  facet normal -0.626411 -0.779493 -0
    outer loop
      vertex 0.85759 -4.38855 2.1
      vertex 0.654358 -4.22523 1.2
      vertex 0.85759 -4.38855 1.2
    endloop
  endfacet
  facet normal -0.540624 -0.841264 0
    outer loop
      vertex 0.85759 -4.38855 1.2
      vertex 1.07784 -4.53009 2.1
      vertex 0.85759 -4.38855 2.1
    endloop
  endfacet
  facet normal -0.540624 -0.841264 -0
    outer loop
      vertex 1.07784 -4.53009 2.1
      vertex 0.85759 -4.38855 1.2
      vertex 1.07784 -4.53009 1.2
    endloop
  endfacet
  facet normal -0.450597 -0.892728 0
    outer loop
      vertex 1.07784 -4.53009 1.2
      vertex 1.31511 -4.64985 2.1
      vertex 1.07784 -4.53009 2.1
    endloop
  endfacet
  facet normal -0.450597 -0.892728 -0
    outer loop
      vertex 1.31511 -4.64985 2.1
      vertex 1.07784 -4.53009 1.2
      vertex 1.31511 -4.64985 1.2
    endloop
  endfacet
  facet normal -0.359562 -0.933121 0
    outer loop
      vertex 1.31511 -4.64985 1.2
      vertex 1.56941 -4.74784 2.1
      vertex 1.31511 -4.64985 2.1
    endloop
  endfacet
  facet normal -0.359562 -0.933121 -0
    outer loop
      vertex 1.56941 -4.74784 2.1
      vertex 1.31511 -4.64985 1.2
      vertex 1.56941 -4.74784 1.2
    endloop
  endfacet
  facet normal -0.270421 -0.962742 0
    outer loop
      vertex 1.56941 -4.74784 1.2
      vertex 1.84073 -4.82405 2.1
      vertex 1.56941 -4.74784 2.1
    endloop
  endfacet
  facet normal -0.270421 -0.962742 -0
    outer loop
      vertex 1.84073 -4.82405 2.1
      vertex 1.56941 -4.74784 1.2
      vertex 1.84073 -4.82405 1.2
    endloop
  endfacet
  facet normal -0.185482 -0.982648 0
    outer loop
      vertex 1.84073 -4.82405 1.2
      vertex 2.12909 -4.87848 2.1
      vertex 1.84073 -4.82405 2.1
    endloop
  endfacet
  facet normal -0.185482 -0.982648 -0
    outer loop
      vertex 2.12909 -4.87848 2.1
      vertex 1.84073 -4.82405 1.2
      vertex 2.12909 -4.87848 1.2
    endloop
  endfacet
  facet normal -0.106346 -0.994329 0
    outer loop
      vertex 2.12909 -4.87848 1.2
      vertex 2.43446 -4.91114 2.1
      vertex 2.12909 -4.87848 2.1
    endloop
  endfacet
  facet normal -0.106346 -0.994329 -0
    outer loop
      vertex 2.43446 -4.91114 2.1
      vertex 2.12909 -4.87848 1.2
      vertex 2.43446 -4.91114 1.2
    endloop
  endfacet
  facet normal -0.0337886 -0.999429 0
    outer loop
      vertex 2.43446 -4.91114 1.2
      vertex 2.75687 -4.92204 2.1
      vertex 2.43446 -4.91114 2.1
    endloop
  endfacet
  facet normal -0.0337886 -0.999429 -0
    outer loop
      vertex 2.75687 -4.92204 2.1
      vertex 2.43446 -4.91114 1.2
      vertex 2.75687 -4.92204 1.2
    endloop
  endfacet
  facet normal 0.0481651 -0.998839 0
    outer loop
      vertex 2.75687 -4.92204 1.2
      vertex 3.21642 -4.89988 2.1
      vertex 2.75687 -4.92204 2.1
    endloop
  endfacet
  facet normal 0.0481651 -0.998839 0
    outer loop
      vertex 3.21642 -4.89988 2.1
      vertex 2.75687 -4.92204 1.2
      vertex 3.21642 -4.89988 1.2
    endloop
  endfacet
  facet normal 0.998851 -0.0479277 0
    outer loop
      vertex 1.48131 -0.753613 2.1
      vertex 1.48918 -0.589596 1.2
      vertex 1.48918 -0.589596 2.1
    endloop
  endfacet
  facet normal 0.998851 -0.0479277 0
    outer loop
      vertex 1.48918 -0.589596 1.2
      vertex 1.48131 -0.753613 2.1
      vertex 1.48131 -0.753613 1.2
    endloop
  endfacet
  facet normal 0.995083 -0.0990412 0
    outer loop
      vertex 1.48918 -0.589596 2.1
      vertex 1.50468 -0.433865 1.2
      vertex 1.50468 -0.433865 2.1
    endloop
  endfacet
  facet normal 0.995083 -0.0990412 0
    outer loop
      vertex 1.50468 -0.433865 1.2
      vertex 1.48918 -0.589596 2.1
      vertex 1.48918 -0.589596 1.2
    endloop
  endfacet
  facet normal 0.987939 -0.154845 0
    outer loop
      vertex 1.50468 -0.433865 2.1
      vertex 1.52779 -0.286419 1.2
      vertex 1.52779 -0.286419 2.1
    endloop
  endfacet
  facet normal 0.987939 -0.154845 0
    outer loop
      vertex 1.52779 -0.286419 1.2
      vertex 1.50468 -0.433865 2.1
      vertex 1.50468 -0.433865 1.2
    endloop
  endfacet
  facet normal 0.976519 -0.215429 0
    outer loop
      vertex 1.52779 -0.286419 2.1
      vertex 1.55849 -0.147259 1.2
      vertex 1.55849 -0.147259 2.1
    endloop
  endfacet
  facet normal 0.976519 -0.215429 0
    outer loop
      vertex 1.55849 -0.147259 1.2
      vertex 1.52779 -0.286419 2.1
      vertex 1.52779 -0.286419 1.2
    endloop
  endfacet
  facet normal 0.959688 -0.281069 0
    outer loop
      vertex 1.55849 -0.147259 2.1
      vertex 1.59682 -0.0163841 1.2
      vertex 1.59682 -0.0163841 2.1
    endloop
  endfacet
  facet normal 0.959688 -0.281069 0
    outer loop
      vertex 1.59682 -0.0163841 1.2
      vertex 1.55849 -0.147259 2.1
      vertex 1.55849 -0.147259 1.2
    endloop
  endfacet
  facet normal 0.936417 -0.35089 0
    outer loop
      vertex 1.59682 -0.0163841 2.1
      vertex 1.64275 0.106189 1.2
      vertex 1.64275 0.106189 2.1
    endloop
  endfacet
  facet normal 0.936417 -0.35089 0
    outer loop
      vertex 1.64275 0.106189 1.2
      vertex 1.59682 -0.0163841 2.1
      vertex 1.59682 -0.0163841 1.2
    endloop
  endfacet
  facet normal 0.90564 -0.424047 0
    outer loop
      vertex 1.64275 0.106189 2.1
      vertex 1.69627 0.220492 1.2
      vertex 1.69627 0.220492 2.1
    endloop
  endfacet
  facet normal 0.90564 -0.424047 0
    outer loop
      vertex 1.69627 0.220492 1.2
      vertex 1.64275 0.106189 2.1
      vertex 1.64275 0.106189 1.2
    endloop
  endfacet
  facet normal 0.86617 -0.49975 0
    outer loop
      vertex 1.69627 0.220492 2.1
      vertex 1.75743 0.326495 1.2
      vertex 1.75743 0.326495 2.1
    endloop
  endfacet
  facet normal 0.86617 -0.49975 0
    outer loop
      vertex 1.75743 0.326495 1.2
      vertex 1.69627 0.220492 2.1
      vertex 1.69627 0.220492 1.2
    endloop
  endfacet
  facet normal 0.817866 -0.575409 0
    outer loop
      vertex 1.75743 0.326495 2.1
      vertex 1.82619 0.424228 1.2
      vertex 1.82619 0.424228 2.1
    endloop
  endfacet
  facet normal 0.817866 -0.575409 0
    outer loop
      vertex 1.82619 0.424228 1.2
      vertex 1.75743 0.326495 2.1
      vertex 1.75743 0.326495 1.2
    endloop
  endfacet
  facet normal 0.758307 -0.651897 0
    outer loop
      vertex 1.82619 0.424228 2.1
      vertex 1.90218 0.512622 1.2
      vertex 1.90218 0.512622 2.1
    endloop
  endfacet
  facet normal 0.758307 -0.651897 0
    outer loop
      vertex 1.90218 0.512622 1.2
      vertex 1.82619 0.424228 2.1
      vertex 1.82619 0.424228 1.2
    endloop
  endfacet
  facet normal 0.685532 -0.728042 0
    outer loop
      vertex 1.90218 0.512622 1.2
      vertex 1.98502 0.590625 2.1
      vertex 1.90218 0.512622 2.1
    endloop
  endfacet
  facet normal 0.685532 -0.728042 0
    outer loop
      vertex 1.98502 0.590625 2.1
      vertex 1.90218 0.512622 1.2
      vertex 1.98502 0.590625 1.2
    endloop
  endfacet
  facet normal 0.60187 -0.798594 0
    outer loop
      vertex 1.98502 0.590625 1.2
      vertex 2.07471 0.658221 2.1
      vertex 1.98502 0.590625 2.1
    endloop
  endfacet
  facet normal 0.60187 -0.798594 0
    outer loop
      vertex 2.07471 0.658221 2.1
      vertex 1.98502 0.590625 1.2
      vertex 2.07471 0.658221 1.2
    endloop
  endfacet
  facet normal 0.509738 -0.86033 0
    outer loop
      vertex 2.07471 0.658221 1.2
      vertex 2.17126 0.715426 2.1
      vertex 2.07471 0.658221 2.1
    endloop
  endfacet
  facet normal 0.509738 -0.86033 0
    outer loop
      vertex 2.17126 0.715426 2.1
      vertex 2.07471 0.658221 1.2
      vertex 2.17126 0.715426 1.2
    endloop
  endfacet
  facet normal 0.412302 -0.911047 0
    outer loop
      vertex 2.17126 0.715426 1.2
      vertex 2.27467 0.762225 2.1
      vertex 2.17126 0.715426 2.1
    endloop
  endfacet
  facet normal 0.412302 -0.911047 0
    outer loop
      vertex 2.27467 0.762225 2.1
      vertex 2.17126 0.715426 1.2
      vertex 2.27467 0.762225 1.2
    endloop
  endfacet
  facet normal 0.313374 -0.94963 0
    outer loop
      vertex 2.27467 0.762225 1.2
      vertex 2.38495 0.798617 2.1
      vertex 2.27467 0.762225 2.1
    endloop
  endfacet
  facet normal 0.313374 -0.94963 0
    outer loop
      vertex 2.38495 0.798617 2.1
      vertex 2.27467 0.762225 1.2
      vertex 2.38495 0.798617 1.2
    endloop
  endfacet
  facet normal 0.216744 -0.976228 0
    outer loop
      vertex 2.38495 0.798617 1.2
      vertex 2.50206 0.824618 2.1
      vertex 2.38495 0.798617 2.1
    endloop
  endfacet
  facet normal 0.216744 -0.976228 0
    outer loop
      vertex 2.50206 0.824618 2.1
      vertex 2.38495 0.798617 1.2
      vertex 2.50206 0.824618 1.2
    endloop
  endfacet
  facet normal 0.124921 -0.992167 0
    outer loop
      vertex 2.50206 0.824618 1.2
      vertex 2.62604 0.840228 2.1
      vertex 2.50206 0.824618 2.1
    endloop
  endfacet
  facet normal 0.124921 -0.992167 0
    outer loop
      vertex 2.62604 0.840228 2.1
      vertex 2.50206 0.824618 1.2
      vertex 2.62604 0.840228 1.2
    endloop
  endfacet
  facet normal 0.0396234 -0.999215 0
    outer loop
      vertex 2.62604 0.840228 1.2
      vertex 2.75687 0.845416 2.1
      vertex 2.62604 0.840228 2.1
    endloop
  endfacet
  facet normal 0.0396234 -0.999215 0
    outer loop
      vertex 2.75687 0.845416 2.1
      vertex 2.62604 0.840228 1.2
      vertex 2.75687 0.845416 1.2
    endloop
  endfacet
  facet normal -0.0399535 -0.999202 0
    outer loop
      vertex 2.75687 0.845416 1.2
      vertex 2.88014 0.840487 2.1
      vertex 2.75687 0.845416 2.1
    endloop
  endfacet
  facet normal -0.0399535 -0.999202 -0
    outer loop
      vertex 2.88014 0.840487 2.1
      vertex 2.75687 0.845416 1.2
      vertex 2.88014 0.840487 1.2
    endloop
  endfacet
  facet normal -0.124916 -0.992167 0
    outer loop
      vertex 2.88014 0.840487 1.2
      vertex 2.9977 0.825686 2.1
      vertex 2.88014 0.840487 2.1
    endloop
  endfacet
  facet normal -0.124916 -0.992167 -0
    outer loop
      vertex 2.9977 0.825686 2.1
      vertex 2.88014 0.840487 1.2
      vertex 2.9977 0.825686 1.2
    endloop
  endfacet
  facet normal -0.21561 -0.97648 0
    outer loop
      vertex 2.9977 0.825686 1.2
      vertex 3.10951 0.800998 2.1
      vertex 2.9977 0.825686 2.1
    endloop
  endfacet
  facet normal -0.21561 -0.97648 -0
    outer loop
      vertex 3.10951 0.800998 2.1
      vertex 2.9977 0.825686 1.2
      vertex 3.10951 0.800998 1.2
    endloop
  endfacet
  facet normal -0.309601 -0.950867 0
    outer loop
      vertex 3.10951 0.800998 1.2
      vertex 3.21561 0.766452 2.1
      vertex 3.10951 0.800998 2.1
    endloop
  endfacet
  facet normal -0.309601 -0.950867 -0
    outer loop
      vertex 3.21561 0.766452 2.1
      vertex 3.10951 0.800998 1.2
      vertex 3.21561 0.766452 1.2
    endloop
  endfacet
  facet normal -0.404753 -0.914426 0
    outer loop
      vertex 3.21561 0.766452 1.2
      vertex 3.31596 0.722034 2.1
      vertex 3.21561 0.766452 2.1
    endloop
  endfacet
  facet normal -0.404753 -0.914426 -0
    outer loop
      vertex 3.31596 0.722034 2.1
      vertex 3.21561 0.766452 1.2
      vertex 3.31596 0.722034 1.2
    endloop
  endfacet
  facet normal -0.497596 -0.867409 0
    outer loop
      vertex 3.31596 0.722034 1.2
      vertex 3.4106 0.667743 2.1
      vertex 3.31596 0.722034 2.1
    endloop
  endfacet
  facet normal -0.497596 -0.867409 -0
    outer loop
      vertex 3.4106 0.667743 2.1
      vertex 3.31596 0.722034 1.2
      vertex 3.4106 0.667743 1.2
    endloop
  endfacet
  facet normal -0.585235 -0.810863 0
    outer loop
      vertex 3.4106 0.667743 1.2
      vertex 3.4995 0.60358 2.1
      vertex 3.4106 0.667743 2.1
    endloop
  endfacet
  facet normal -0.585235 -0.810863 -0
    outer loop
      vertex 3.4995 0.60358 2.1
      vertex 3.4106 0.667743 1.2
      vertex 3.4995 0.60358 1.2
    endloop
  endfacet
  facet normal -0.664901 -0.746931 0
    outer loop
      vertex 3.4995 0.60358 1.2
      vertex 3.58267 0.529544 2.1
      vertex 3.4995 0.60358 2.1
    endloop
  endfacet
  facet normal -0.664901 -0.746931 -0
    outer loop
      vertex 3.58267 0.529544 2.1
      vertex 3.4995 0.60358 1.2
      vertex 3.58267 0.529544 1.2
    endloop
  endfacet
  facet normal -0.734863 -0.678216 0
    outer loop
      vertex 3.66011 0.445636 1.2
      vertex 3.58267 0.529544 2.1
      vertex 3.58267 0.529544 1.2
    endloop
  endfacet
  facet normal -0.734863 -0.678216 0
    outer loop
      vertex 3.58267 0.529544 2.1
      vertex 3.66011 0.445636 1.2
      vertex 3.66011 0.445636 2.1
    endloop
  endfacet
  facet normal -0.796986 -0.603998 0
    outer loop
      vertex 3.73117 0.351871 1.2
      vertex 3.66011 0.445636 2.1
      vertex 3.66011 0.445636 1.2
    endloop
  endfacet
  facet normal -0.796986 -0.603998 0
    outer loop
      vertex 3.66011 0.445636 2.1
      vertex 3.73117 0.351871 1.2
      vertex 3.73117 0.351871 2.1
    endloop
  endfacet
  facet normal -0.850948 -0.525249 0
    outer loop
      vertex 3.79515 0.248218 1.2
      vertex 3.73117 0.351871 2.1
      vertex 3.73117 0.351871 1.2
    endloop
  endfacet
  facet normal -0.850948 -0.525249 0
    outer loop
      vertex 3.73117 0.351871 2.1
      vertex 3.79515 0.248218 1.2
      vertex 3.79515 0.248218 2.1
    endloop
  endfacet
  facet normal -0.894003 -0.448061 0
    outer loop
      vertex 3.85204 0.134707 1.2
      vertex 3.79515 0.248218 2.1
      vertex 3.79515 0.248218 1.2
    endloop
  endfacet
  facet normal -0.894003 -0.448061 0
    outer loop
      vertex 3.79515 0.248218 2.1
      vertex 3.85204 0.134707 1.2
      vertex 3.85204 0.134707 2.1
    endloop
  endfacet
  facet normal -0.927261 -0.374415 0
    outer loop
      vertex 3.90186 0.0113249 1.2
      vertex 3.85204 0.134707 2.1
      vertex 3.85204 0.134707 1.2
    endloop
  endfacet
  facet normal -0.927261 -0.374415 0
    outer loop
      vertex 3.85204 0.134707 2.1
      vertex 3.90186 0.0113249 1.2
      vertex 3.90186 0.0113249 2.1
    endloop
  endfacet
  facet normal -0.952251 -0.305317 0
    outer loop
      vertex 3.94458 -0.121914 1.2
      vertex 3.90186 0.0113249 2.1
      vertex 3.90186 0.0113249 1.2
    endloop
  endfacet
  facet normal -0.952251 -0.305317 0
    outer loop
      vertex 3.90186 0.0113249 2.1
      vertex 3.94458 -0.121914 1.2
      vertex 3.94458 -0.121914 2.1
    endloop
  endfacet
  facet normal -0.970368 -0.241631 0
    outer loop
      vertex 3.98022 -0.265041 1.2
      vertex 3.94458 -0.121914 2.1
      vertex 3.94458 -0.121914 1.2
    endloop
  endfacet
  facet normal -0.970368 -0.241631 0
    outer loop
      vertex 3.94458 -0.121914 2.1
      vertex 3.98022 -0.265041 1.2
      vertex 3.98022 -0.265041 2.1
    endloop
  endfacet
  facet normal -0.982994 -0.183639 0
    outer loop
      vertex 4.0088 -0.418026 1.2
      vertex 3.98022 -0.265041 2.1
      vertex 3.98022 -0.265041 1.2
    endloop
  endfacet
  facet normal -0.982994 -0.183639 0
    outer loop
      vertex 3.98022 -0.265041 2.1
      vertex 4.0088 -0.418026 1.2
      vertex 4.0088 -0.418026 2.1
    endloop
  endfacet
  facet normal -0.991422 -0.130703 0
    outer loop
      vertex 4.03027 -0.580883 1.2
      vertex 4.0088 -0.418026 2.1
      vertex 4.0088 -0.418026 1.2
    endloop
  endfacet
  facet normal -0.991422 -0.130703 0
    outer loop
      vertex 4.0088 -0.418026 2.1
      vertex 4.03027 -0.580883 1.2
      vertex 4.03027 -0.580883 2.1
    endloop
  endfacet
  facet normal -0.996538 -0.0831362 0
    outer loop
      vertex 4.04468 -0.753613 1.2
      vertex 4.03027 -0.580883 2.1
      vertex 4.03027 -0.580883 1.2
    endloop
  endfacet
  facet normal -0.996538 -0.0831362 0
    outer loop
      vertex 4.03027 -0.580883 2.1
      vertex 4.04468 -0.753613 1.2
      vertex 4.04468 -0.753613 2.1
    endloop
  endfacet
  facet normal 0 1 -0
    outer loop
      vertex 4.04468 -0.753613 1.2
      vertex 1.48131 -0.753613 2.1
      vertex 4.04468 -0.753613 2.1
    endloop
  endfacet
  facet normal 0 1 0
    outer loop
      vertex 1.48131 -0.753613 2.1
      vertex 4.04468 -0.753613 1.2
      vertex 1.48131 -0.753613 1.2
    endloop
  endfacet
endsolid OpenSCAD_Model
