solid OpenSCAD_Model
  facet normal 0.989628 -0.143653 0
    outer loop
      vertex 118.958 1.7708 2.4
      vertex 118.989 1.98436 0
      vertex 118.989 1.98436 2.4
    endloop
  endfacet
  facet normal 0.989628 -0.143653 0
    outer loop
      vertex 118.989 1.98436 0
      vertex 118.958 1.7708 2.4
      vertex 118.958 1.7708 0
    endloop
  endfacet
  facet normal 0.969439 -0.245334 0
    outer loop
      vertex 118.905 1.56137 2.4
      vertex 118.958 1.7708 0
      vertex 118.958 1.7708 2.4
    endloop
  endfacet
  facet normal 0.969439 -0.245334 0
    outer loop
      vertex 118.958 1.7708 0
      vertex 118.905 1.56137 2.4
      vertex 118.905 1.56137 0
    endloop
  endfacet
  facet normal -0.989177 -0.146724 0
    outer loop
      vertex 0.0422668 1.7708 0
      vertex 0.0105896 1.98436 2.4
      vertex 0.0105896 1.98436 0
    endloop
  endfacet
  facet normal -0.989177 -0.146724 0
    outer loop
      vertex 0.0105896 1.98436 2.4
      vertex 0.0422668 1.7708 0
      vertex 0.0422668 1.7708 2.4
    endloop
  endfacet
  facet normal -0.998796 -0.0490487 0
    outer loop
      vertex 0.0105896 1.98436 0
      vertex 0 2.2 2.4
      vertex 0 2.2 0
    endloop
  endfacet
  facet normal -0.998796 -0.0490487 0
    outer loop
      vertex 0 2.2 2.4
      vertex 0.0105896 1.98436 0
      vertex 0.0105896 1.98436 2.4
    endloop
  endfacet
  facet normal 1 -0 0
    outer loop
      vertex 119 2.2 2.4
      vertex 119 3.06327 0
      vertex 119 3.06327 2.4
    endloop
  endfacet
  facet normal 1 0 0
    outer loop
      vertex 119 3.06327 0
      vertex 119 2.2 2.4
      vertex 119 2.2 0
    endloop
  endfacet
  facet normal 1 -0 0
    outer loop
      vertex 119 27.9367 2.4
      vertex 119 28.8 0
      vertex 119 28.8 2.4
    endloop
  endfacet
  facet normal 1 0 0
    outer loop
      vertex 119 28.8 0
      vertex 119 27.9367 2.4
      vertex 119 27.9367 0
    endloop
  endfacet
  facet normal 1 -0 0
    outer loop
      vertex 119 5.93672 2.4
      vertex 119 25.0633 0
      vertex 119 25.0633 2.4
    endloop
  endfacet
  facet normal 1 0 0
    outer loop
      vertex 119 25.0633 0
      vertex 119 5.93672 2.4
      vertex 119 5.93672 0
    endloop
  endfacet
  facet normal 0.94262 -0.333868 0
    outer loop
      vertex 118.833 1.35809 2.4
      vertex 118.905 1.56137 0
      vertex 118.905 1.56137 2.4
    endloop
  endfacet
  facet normal 0.94262 -0.333868 0
    outer loop
      vertex 118.905 1.56137 0
      vertex 118.833 1.35809 2.4
      vertex 118.833 1.35809 0
    endloop
  endfacet
  facet normal 0.242101 0.970251 -0
    outer loop
      vertex 117.439 30.9053 0
      vertex 117.229 30.9577 2.4
      vertex 117.439 30.9053 2.4
    endloop
  endfacet
  facet normal 0.242101 0.970251 0
    outer loop
      vertex 117.229 30.9577 2.4
      vertex 117.439 30.9053 0
      vertex 117.229 30.9577 0
    endloop
  endfacet
  facet normal -0.904001 0.42753 0
    outer loop
      vertex 0.16745 29.6419 0
      vertex 0.259766 29.8371 2.4
      vertex 0.259766 29.8371 0
    endloop
  endfacet
  facet normal -0.904001 0.42753 0
    outer loop
      vertex 0.259766 29.8371 2.4
      vertex 0.16745 29.6419 0
      vertex 0.16745 29.6419 2.4
    endloop
  endfacet
  facet normal 0.94263 0.333839 0
    outer loop
      vertex 118.905 29.4386 2.4
      vertex 118.833 29.6419 0
      vertex 118.833 29.6419 2.4
    endloop
  endfacet
  facet normal 0.94263 0.333839 0
    outer loop
      vertex 118.833 29.6419 0
      vertex 118.905 29.4386 2.4
      vertex 118.905 29.4386 0
    endloop
  endfacet
  facet normal 0.147205 0.989106 -0
    outer loop
      vertex 117.229 30.9577 0
      vertex 117.016 30.9894 2.4
      vertex 117.229 30.9577 2.4
    endloop
  endfacet
  facet normal 0.147205 0.989106 0
    outer loop
      vertex 117.016 30.9894 2.4
      vertex 117.229 30.9577 0
      vertex 117.016 30.9894 0
    endloop
  endfacet
  facet normal -0.998796 0.0490577 0
    outer loop
      vertex 0 28.8 0
      vertex 0.0105896 29.0156 2.4
      vertex 0.0105896 29.0156 0
    endloop
  endfacet
  facet normal -0.998796 0.0490577 0
    outer loop
      vertex 0.0105896 29.0156 2.4
      vertex 0 28.8 0
      vertex 0 28.8 2.4
    endloop
  endfacet
  facet normal 0.671491 -0.741012 0
    outer loop
      vertex 118.196 0.499374 0
      vertex 118.356 0.644363 2.4
      vertex 118.196 0.499374 2.4
    endloop
  endfacet
  facet normal 0.671491 -0.741012 0
    outer loop
      vertex 118.356 0.644363 2.4
      vertex 118.196 0.499374 0
      vertex 118.356 0.644363 0
    endloop
  endfacet
  facet normal 0.147101 -0.989121 0
    outer loop
      vertex 117.016 0.0105896 0
      vertex 117.229 0.0422668 2.4
      vertex 117.016 0.0105896 2.4
    endloop
  endfacet
  facet normal 0.147101 -0.989121 0
    outer loop
      vertex 117.229 0.0422668 2.4
      vertex 117.016 0.0105896 0
      vertex 117.229 0.0422668 0
    endloop
  endfacet
  facet normal 0.671519 0.740987 -0
    outer loop
      vertex 118.356 30.3556 0
      vertex 118.196 30.5006 2.4
      vertex 118.356 30.3556 2.4
    endloop
  endfacet
  facet normal 0.671519 0.740987 0
    outer loop
      vertex 118.196 30.5006 2.4
      vertex 118.356 30.3556 0
      vertex 118.196 30.5006 0
    endloop
  endfacet
  facet normal 0.989632 0.143626 0
    outer loop
      vertex 118.989 29.0156 2.4
      vertex 118.958 29.2292 0
      vertex 118.958 29.2292 2.4
    endloop
  endfacet
  facet normal 0.989632 0.143626 0
    outer loop
      vertex 118.958 29.2292 0
      vertex 118.989 29.0156 2.4
      vertex 118.989 29.0156 0
    endloop
  endfacet
  facet normal -0.427523 0.904005 0
    outer loop
      vertex 1.35809 30.8325 0
      vertex 1.16292 30.7402 2.4
      vertex 1.35809 30.8325 2.4
    endloop
  endfacet
  facet normal -0.427523 0.904005 0
    outer loop
      vertex 1.16292 30.7402 2.4
      vertex 1.35809 30.8325 0
      vertex 1.16292 30.7402 0
    endloop
  endfacet
  facet normal 0 -1 0
    outer loop
      vertex 2.2 0 0
      vertex 116.8 0 2.4
      vertex 2.2 0 2.4
    endloop
  endfacet
  facet normal 0 -1 -0
    outer loop
      vertex 116.8 0 2.4
      vertex 2.2 0 0
      vertex 116.8 0 0
    endloop
  endfacet
  facet normal -1 0 0
    outer loop
      vertex 0 2.2 0
      vertex 0 3.06327 2.4
      vertex 0 3.06327 0
    endloop
  endfacet
  facet normal -1 -0 0
    outer loop
      vertex 0 3.06327 2.4
      vertex 0 2.2 0
      vertex 0 2.2 2.4
    endloop
  endfacet
  facet normal -1 0 0
    outer loop
      vertex 0 27.9367 0
      vertex 0 28.8 2.4
      vertex 0 28.8 0
    endloop
  endfacet
  facet normal -1 -0 0
    outer loop
      vertex 0 28.8 2.4
      vertex 0 27.9367 0
      vertex 0 27.9367 2.4
    endloop
  endfacet
  facet normal -1 0 0
    outer loop
      vertex 0 5.93672 0
      vertex 0 25.0633 2.4
      vertex 0 25.0633 0
    endloop
  endfacet
  facet normal -1 -0 0
    outer loop
      vertex 0 25.0633 2.4
      vertex 0 5.93672 0
      vertex 0 5.93672 2.4
    endloop
  endfacet
  facet normal 0.33757 0.9413 -0
    outer loop
      vertex 117.642 30.8325 0
      vertex 117.439 30.9053 2.4
      vertex 117.642 30.8325 2.4
    endloop
  endfacet
  facet normal 0.33757 0.9413 0
    outer loop
      vertex 117.439 30.9053 2.4
      vertex 117.642 30.8325 0
      vertex 117.439 30.9053 0
    endloop
  endfacet
  facet normal -0.970031 -0.242982 0
    outer loop
      vertex 0.0947266 1.56137 0
      vertex 0.0422668 1.7708 2.4
      vertex 0.0422668 1.7708 0
    endloop
  endfacet
  facet normal -0.970031 -0.242982 0
    outer loop
      vertex 0.0422668 1.7708 2.4
      vertex 0.0947266 1.56137 0
      vertex 0.0947266 1.56137 2.4
    endloop
  endfacet
  facet normal 0.998701 0.0509541 0
    outer loop
      vertex 119 28.8 2.4
      vertex 118.989 29.0156 0
      vertex 118.989 29.0156 2.4
    endloop
  endfacet
  facet normal 0.998701 0.0509541 0
    outer loop
      vertex 118.989 29.0156 0
      vertex 119 28.8 2.4
      vertex 119 28.8 0
    endloop
  endfacet
  facet normal 0.0489671 -0.9988 0
    outer loop
      vertex 116.8 0 0
      vertex 117.016 0.0105896 2.4
      vertex 116.8 0 2.4
    endloop
  endfacet
  facet normal 0.0489671 -0.9988 0
    outer loop
      vertex 117.016 0.0105896 2.4
      vertex 116.8 0 0
      vertex 117.016 0.0105896 0
    endloop
  endfacet
  facet normal 0.857616 0.514291 0
    outer loop
      vertex 118.74 29.8371 2.4
      vertex 118.629 30.0222 0
      vertex 118.629 30.0222 2.4
    endloop
  endfacet
  facet normal 0.857616 0.514291 0
    outer loop
      vertex 118.629 30.0222 0
      vertex 118.74 29.8371 2.4
      vertex 118.74 29.8371 0
    endloop
  endfacet
  facet normal 0.96943 0.245367 0
    outer loop
      vertex 118.958 29.2292 2.4
      vertex 118.905 29.4386 0
      vertex 118.905 29.4386 2.4
    endloop
  endfacet
  facet normal 0.96943 0.245367 0
    outer loop
      vertex 118.905 29.4386 0
      vertex 118.958 29.2292 2.4
      vertex 118.958 29.2292 0
    endloop
  endfacet
  facet normal -0.941571 0.336814 0
    outer loop
      vertex 0.0947266 29.4386 0
      vertex 0.16745 29.6419 2.4
      vertex 0.16745 29.6419 0
    endloop
  endfacet
  facet normal -0.941571 0.336814 0
    outer loop
      vertex 0.16745 29.6419 2.4
      vertex 0.0947266 29.4386 0
      vertex 0.0947266 29.4386 2.4
    endloop
  endfacet
  facet normal 0 1 -0
    outer loop
      vertex 116.8 31 0
      vertex 2.2 31 2.4
      vertex 116.8 31 2.4
    endloop
  endfacet
  facet normal 0 1 0
    outer loop
      vertex 2.2 31 2.4
      vertex 116.8 31 0
      vertex 2.2 31 0
    endloop
  endfacet
  facet normal -0.903976 -0.427583 0
    outer loop
      vertex 0.259766 1.16292 0
      vertex 0.16745 1.35809 2.4
      vertex 0.16745 1.35809 0
    endloop
  endfacet
  facet normal -0.903976 -0.427583 0
    outer loop
      vertex 0.16745 1.35809 2.4
      vertex 0.259766 1.16292 0
      vertex 0.259766 1.16292 2.4
    endloop
  endfacet
  facet normal 0.998701 -0.0509447 0
    outer loop
      vertex 118.989 1.98436 2.4
      vertex 119 2.2 0
      vertex 119 2.2 2.4
    endloop
  endfacet
  facet normal 0.998701 -0.0509447 0
    outer loop
      vertex 119 2.2 0
      vertex 118.989 1.98436 2.4
      vertex 118.989 1.98436 0
    endloop
  endfacet
  facet normal -0.989181 0.146697 0
    outer loop
      vertex 0.0105896 29.0156 0
      vertex 0.0422668 29.2292 2.4
      vertex 0.0422668 29.2292 0
    endloop
  endfacet
  facet normal -0.989181 0.146697 0
    outer loop
      vertex 0.0422668 29.2292 2.4
      vertex 0.0105896 29.0156 0
      vertex 0.0105896 29.0156 2.4
    endloop
  endfacet
  facet normal -0.0490487 -0.998796 0
    outer loop
      vertex 1.98436 0.0105896 0
      vertex 2.2 0 2.4
      vertex 1.98436 0.0105896 2.4
    endloop
  endfacet
  facet normal -0.0490487 -0.998796 -0
    outer loop
      vertex 2.2 0 2.4
      vertex 1.98436 0.0105896 0
      vertex 2.2 0 0
    endloop
  endfacet
  facet normal 0.242361 -0.970186 0
    outer loop
      vertex 117.229 0.0422668 0
      vertex 117.439 0.0947266 2.4
      vertex 117.229 0.0422668 2.4
    endloop
  endfacet
  facet normal 0.242361 -0.970186 0
    outer loop
      vertex 117.439 0.0947266 2.4
      vertex 117.229 0.0422668 0
      vertex 117.439 0.0947266 0
    endloop
  endfacet
  facet normal -0.740925 -0.671588 0
    outer loop
      vertex 0.644363 0.644363 0
      vertex 0.499374 0.804321 2.4
      vertex 0.499374 0.804321 0
    endloop
  endfacet
  facet normal -0.740925 -0.671588 0
    outer loop
      vertex 0.499374 0.804321 2.4
      vertex 0.644363 0.644363 0
      vertex 0.644363 0.644363 2.4
    endloop
  endfacet
  facet normal -0.0490967 0.998794 0
    outer loop
      vertex 2.2 31 0
      vertex 1.98436 30.9894 2.4
      vertex 2.2 31 2.4
    endloop
  endfacet
  facet normal -0.0490967 0.998794 0
    outer loop
      vertex 1.98436 30.9894 2.4
      vertex 2.2 31 0
      vertex 1.98436 30.9894 0
    endloop
  endfacet
  facet normal -0.146827 0.989162 0
    outer loop
      vertex 1.98436 30.9894 0
      vertex 1.7708 30.9577 2.4
      vertex 1.98436 30.9894 2.4
    endloop
  endfacet
  facet normal -0.146827 0.989162 0
    outer loop
      vertex 1.7708 30.9577 2.4
      vertex 1.98436 30.9894 0
      vertex 1.7708 30.9577 0
    endloop
  endfacet
  facet normal -0.803203 -0.595705 0
    outer loop
      vertex 0.499374 0.804321 0
      vertex 0.370758 0.977737 2.4
      vertex 0.370758 0.977737 0
    endloop
  endfacet
  facet normal -0.803203 -0.595705 0
    outer loop
      vertex 0.370758 0.977737 2.4
      vertex 0.499374 0.804321 0
      vertex 0.499374 0.804321 2.4
    endloop
  endfacet
  facet normal -0.427583 -0.903976 0
    outer loop
      vertex 1.16292 0.259766 0
      vertex 1.35809 0.16745 2.4
      vertex 1.16292 0.259766 2.4
    endloop
  endfacet
  facet normal -0.427583 -0.903976 -0
    outer loop
      vertex 1.35809 0.16745 2.4
      vertex 1.16292 0.259766 0
      vertex 1.35809 0.16745 0
    endloop
  endfacet
  facet normal -0.941561 -0.336843 0
    outer loop
      vertex 0.16745 1.35809 0
      vertex 0.0947266 1.56137 2.4
      vertex 0.0947266 1.56137 0
    endloop
  endfacet
  facet normal -0.941561 -0.336843 0
    outer loop
      vertex 0.0947266 1.56137 2.4
      vertex 0.16745 1.35809 0
      vertex 0.16745 1.35809 2.4
    endloop
  endfacet
  facet normal -0.803341 0.595519 0
    outer loop
      vertex 0.370758 30.0222 0
      vertex 0.499374 30.1957 2.4
      vertex 0.499374 30.1957 0
    endloop
  endfacet
  facet normal -0.803341 0.595519 0
    outer loop
      vertex 0.499374 30.1957 2.4
      vertex 0.370758 30.0222 0
      vertex 0.370758 30.0222 2.4
    endloop
  endfacet
  facet normal -0.857734 -0.514095 0
    outer loop
      vertex 0.370758 0.977737 0
      vertex 0.259766 1.16292 2.4
      vertex 0.259766 1.16292 0
    endloop
  endfacet
  facet normal -0.857734 -0.514095 0
    outer loop
      vertex 0.259766 1.16292 2.4
      vertex 0.370758 0.977737 0
      vertex 0.370758 0.977737 2.4
    endloop
  endfacet
  facet normal -0.970023 0.243014 0
    outer loop
      vertex 0.0422668 29.2292 0
      vertex 0.0947266 29.4386 2.4
      vertex 0.0947266 29.4386 0
    endloop
  endfacet
  facet normal -0.970023 0.243014 0
    outer loop
      vertex 0.0947266 29.4386 2.4
      vertex 0.0422668 29.2292 0
      vertex 0.0422668 29.2292 2.4
    endloop
  endfacet
  facet normal 0.427888 -0.903832 0
    outer loop
      vertex 117.642 0.16745 0
      vertex 117.837 0.259766 2.4
      vertex 117.642 0.16745 2.4
    endloop
  endfacet
  facet normal 0.427888 -0.903832 0
    outer loop
      vertex 117.837 0.259766 2.4
      vertex 117.642 0.16745 0
      vertex 117.837 0.259766 0
    endloop
  endfacet
  facet normal -0.514095 -0.857734 0
    outer loop
      vertex 0.977737 0.370758 0
      vertex 1.16292 0.259766 2.4
      vertex 0.977737 0.370758 2.4
    endloop
  endfacet
  facet normal -0.514095 -0.857734 -0
    outer loop
      vertex 1.16292 0.259766 2.4
      vertex 0.977737 0.370758 0
      vertex 1.16292 0.259766 0
    endloop
  endfacet
  facet normal -0.671616 0.740899 0
    outer loop
      vertex 0.804321 30.5006 0
      vertex 0.644363 30.3556 2.4
      vertex 0.804321 30.5006 2.4
    endloop
  endfacet
  facet normal -0.671616 0.740899 0
    outer loop
      vertex 0.644363 30.3556 2.4
      vertex 0.804321 30.5006 0
      vertex 0.644363 30.3556 0
    endloop
  endfacet
  facet normal 0.514468 -0.857509 0
    outer loop
      vertex 117.837 0.259766 0
      vertex 118.022 0.370758 2.4
      vertex 117.837 0.259766 2.4
    endloop
  endfacet
  facet normal 0.514468 -0.857509 0
    outer loop
      vertex 118.022 0.370758 2.4
      vertex 117.837 0.259766 0
      vertex 118.022 0.370758 0
    endloop
  endfacet
  facet normal -0.336843 -0.941561 0
    outer loop
      vertex 1.35809 0.16745 0
      vertex 1.56137 0.0947266 2.4
      vertex 1.35809 0.16745 2.4
    endloop
  endfacet
  facet normal -0.336843 -0.941561 -0
    outer loop
      vertex 1.56137 0.0947266 2.4
      vertex 1.35809 0.16745 0
      vertex 1.56137 0.0947266 0
    endloop
  endfacet
  facet normal -0.242982 -0.970031 0
    outer loop
      vertex 1.56137 0.0947266 0
      vertex 1.7708 0.0422668 2.4
      vertex 1.56137 0.0947266 2.4
    endloop
  endfacet
  facet normal -0.242982 -0.970031 -0
    outer loop
      vertex 1.7708 0.0422668 2.4
      vertex 1.56137 0.0947266 0
      vertex 1.7708 0.0422668 0
    endloop
  endfacet
  facet normal 0.594413 -0.80416 0
    outer loop
      vertex 118.022 0.370758 0
      vertex 118.196 0.499374 2.4
      vertex 118.022 0.370758 2.4
    endloop
  endfacet
  facet normal 0.594413 -0.80416 0
    outer loop
      vertex 118.196 0.499374 2.4
      vertex 118.022 0.370758 0
      vertex 118.196 0.499374 0
    endloop
  endfacet
  facet normal -0.595657 0.803239 0
    outer loop
      vertex 0.977737 30.6292 0
      vertex 0.804321 30.5006 2.4
      vertex 0.977737 30.6292 2.4
    endloop
  endfacet
  facet normal -0.595657 0.803239 0
    outer loop
      vertex 0.804321 30.5006 2.4
      vertex 0.977737 30.6292 0
      vertex 0.804321 30.5006 0
    endloop
  endfacet
  facet normal -0.671588 -0.740925 0
    outer loop
      vertex 0.644363 0.644363 0
      vertex 0.804321 0.499374 2.4
      vertex 0.644363 0.644363 2.4
    endloop
  endfacet
  facet normal -0.671588 -0.740925 -0
    outer loop
      vertex 0.804321 0.499374 2.4
      vertex 0.644363 0.644363 0
      vertex 0.804321 0.499374 0
    endloop
  endfacet
  facet normal -0.595705 -0.803203 0
    outer loop
      vertex 0.804321 0.499374 0
      vertex 0.977737 0.370758 2.4
      vertex 0.804321 0.499374 2.4
    endloop
  endfacet
  facet normal -0.595705 -0.803203 -0
    outer loop
      vertex 0.977737 0.370758 2.4
      vertex 0.804321 0.499374 0
      vertex 0.977737 0.370758 0
    endloop
  endfacet
  facet normal -0.857632 0.514264 0
    outer loop
      vertex 0.259766 29.8371 0
      vertex 0.370758 30.0222 2.4
      vertex 0.370758 30.0222 0
    endloop
  endfacet
  facet normal -0.857632 0.514264 0
    outer loop
      vertex 0.370758 30.0222 2.4
      vertex 0.259766 29.8371 0
      vertex 0.259766 29.8371 2.4
    endloop
  endfacet
  facet normal 0.804569 -0.59386 0
    outer loop
      vertex 118.501 0.804321 2.4
      vertex 118.629 0.977737 0
      vertex 118.629 0.977737 2.4
    endloop
  endfacet
  facet normal 0.804569 -0.59386 0
    outer loop
      vertex 118.629 0.977737 0
      vertex 118.501 0.804321 2.4
      vertex 118.501 0.804321 0
    endloop
  endfacet
  facet normal 0.427827 0.90386 -0
    outer loop
      vertex 117.837 30.7402 0
      vertex 117.642 30.8325 2.4
      vertex 117.837 30.7402 2.4
    endloop
  endfacet
  facet normal 0.427827 0.90386 0
    outer loop
      vertex 117.642 30.8325 2.4
      vertex 117.837 30.7402 0
      vertex 117.642 30.8325 0
    endloop
  endfacet
  facet normal -0.146724 -0.989177 0
    outer loop
      vertex 1.7708 0.0422668 0
      vertex 1.98436 0.0105896 2.4
      vertex 1.7708 0.0422668 2.4
    endloop
  endfacet
  facet normal -0.146724 -0.989177 -0
    outer loop
      vertex 1.98436 0.0105896 2.4
      vertex 1.7708 0.0422668 0
      vertex 1.98436 0.0105896 0
    endloop
  endfacet
  facet normal 0.902775 0.430113 0
    outer loop
      vertex 118.833 29.6419 2.4
      vertex 118.74 29.8371 0
      vertex 118.74 29.8371 2.4
    endloop
  endfacet
  facet normal 0.902775 0.430113 0
    outer loop
      vertex 118.74 29.8371 0
      vertex 118.833 29.6419 2.4
      vertex 118.833 29.6419 0
    endloop
  endfacet
  facet normal -0.514122 0.857717 0
    outer loop
      vertex 1.16292 30.7402 0
      vertex 0.977737 30.6292 2.4
      vertex 1.16292 30.7402 2.4
    endloop
  endfacet
  facet normal -0.514122 0.857717 0
    outer loop
      vertex 0.977737 30.6292 2.4
      vertex 1.16292 30.7402 0
      vertex 0.977737 30.6292 0
    endloop
  endfacet
  facet normal -0.242721 0.970096 0
    outer loop
      vertex 1.7708 30.9577 0
      vertex 1.56137 30.9053 2.4
      vertex 1.7708 30.9577 2.4
    endloop
  endfacet
  facet normal -0.242721 0.970096 0
    outer loop
      vertex 1.56137 30.9053 2.4
      vertex 1.7708 30.9577 0
      vertex 1.56137 30.9053 0
    endloop
  endfacet
  facet normal -0.337158 0.941448 0
    outer loop
      vertex 1.56137 30.9053 0
      vertex 1.35809 30.8325 2.4
      vertex 1.56137 30.9053 2.4
    endloop
  endfacet
  facet normal -0.337158 0.941448 0
    outer loop
      vertex 1.35809 30.8325 2.4
      vertex 1.56137 30.9053 0
      vertex 1.35809 30.8325 0
    endloop
  endfacet
  facet normal 0.337255 -0.941413 0
    outer loop
      vertex 117.439 0.0947266 0
      vertex 117.642 0.16745 2.4
      vertex 117.439 0.0947266 2.4
    endloop
  endfacet
  facet normal 0.337255 -0.941413 0
    outer loop
      vertex 117.642 0.16745 2.4
      vertex 117.439 0.0947266 0
      vertex 117.642 0.16745 0
    endloop
  endfacet
  facet normal 0.0490151 0.998798 -0
    outer loop
      vertex 117.016 30.9894 0
      vertex 116.8 31 2.4
      vertex 117.016 30.9894 2.4
    endloop
  endfacet
  facet normal 0.0490151 0.998798 0
    outer loop
      vertex 116.8 31 2.4
      vertex 117.016 30.9894 0
      vertex 116.8 31 0
    endloop
  endfacet
  facet normal 0.740778 0.67175 0
    outer loop
      vertex 118.501 30.1957 2.4
      vertex 118.356 30.3556 0
      vertex 118.356 30.3556 2.4
    endloop
  endfacet
  facet normal 0.740778 0.67175 0
    outer loop
      vertex 118.356 30.3556 0
      vertex 118.501 30.1957 2.4
      vertex 118.501 30.1957 0
    endloop
  endfacet
  facet normal 0.804706 0.593674 0
    outer loop
      vertex 118.629 30.0222 2.4
      vertex 118.501 30.1957 0
      vertex 118.501 30.1957 2.4
    endloop
  endfacet
  facet normal 0.804706 0.593674 0
    outer loop
      vertex 118.501 30.1957 0
      vertex 118.629 30.0222 2.4
      vertex 118.629 30.0222 0
    endloop
  endfacet
  facet normal 0.740899 -0.671616 0
    outer loop
      vertex 118.356 0.644363 2.4
      vertex 118.501 0.804321 0
      vertex 118.501 0.804321 2.4
    endloop
  endfacet
  facet normal 0.740899 -0.671616 0
    outer loop
      vertex 118.501 0.804321 0
      vertex 118.356 0.644363 2.4
      vertex 118.356 0.644363 0
    endloop
  endfacet
  facet normal 0.902749 -0.430167 0
    outer loop
      vertex 118.74 1.16292 2.4
      vertex 118.833 1.35809 0
      vertex 118.833 1.35809 2.4
    endloop
  endfacet
  facet normal 0.902749 -0.430167 0
    outer loop
      vertex 118.833 1.35809 0
      vertex 118.74 1.16292 2.4
      vertex 118.74 1.16292 0
    endloop
  endfacet
  facet normal 0.857717 -0.514122 0
    outer loop
      vertex 118.629 0.977737 2.4
      vertex 118.74 1.16292 0
      vertex 118.74 1.16292 2.4
    endloop
  endfacet
  facet normal 0.857717 -0.514122 0
    outer loop
      vertex 118.74 1.16292 0
      vertex 118.629 0.977737 2.4
      vertex 118.629 0.977737 0
    endloop
  endfacet
  facet normal 0.594365 0.804195 -0
    outer loop
      vertex 118.196 30.5006 0
      vertex 118.022 30.6292 2.4
      vertex 118.196 30.5006 2.4
    endloop
  endfacet
  facet normal 0.594365 0.804195 0
    outer loop
      vertex 118.022 30.6292 2.4
      vertex 118.196 30.5006 0
      vertex 118.022 30.6292 0
    endloop
  endfacet
  facet normal -0.740803 0.671722 0
    outer loop
      vertex 0.499374 30.1957 0
      vertex 0.644363 30.3556 2.4
      vertex 0.644363 30.3556 0
    endloop
  endfacet
  facet normal -0.740803 0.671722 0
    outer loop
      vertex 0.644363 30.3556 2.4
      vertex 0.499374 30.1957 0
      vertex 0.499374 30.1957 2.4
    endloop
  endfacet
  facet normal 0.514496 0.857493 -0
    outer loop
      vertex 118.022 30.6292 0
      vertex 117.837 30.7402 2.4
      vertex 118.022 30.6292 2.4
    endloop
  endfacet
  facet normal 0.514496 0.857493 0
    outer loop
      vertex 117.837 30.7402 2.4
      vertex 118.022 30.6292 0
      vertex 117.837 30.7402 0
    endloop
  endfacet
  facet normal 0 0 -1
    outer loop
      vertex 4.5 4 2.4
      vertex 27.5 5 2.4
      vertex 27.5 4 2.4
    endloop
  endfacet
  facet normal -0 0 -1
    outer loop
      vertex 27.5 5 2.4
      vertex 4.5 4 2.4
      vertex 4.5 5 2.4
    endloop
  endfacet
  facet normal 0 0 -1
    outer loop
      vertex 4.5 21 2.4
      vertex 27.5 22 2.4
      vertex 27.5 21 2.4
    endloop
  endfacet
  facet normal -0 0 -1
    outer loop
      vertex 27.5 22 2.4
      vertex 4.5 21 2.4
      vertex 4.5 22 2.4
    endloop
  endfacet
  facet normal -0 0 1
    outer loop
      vertex 2.17821 25.8877 2.4
      vertex 4 25 2.4
      vertex 2.2311 26.0355 2.4
    endloop
  endfacet
  facet normal 0 0 1
    outer loop
      vertex 4 9 2.4
      vertex 2.2923 4.65683 2.4
      vertex 2.3 4.5 2.4
    endloop
  endfacet
  facet normal -0 0 1
    outer loop
      vertex 2.11107 25.7458 2.4
      vertex 4 25 2.4
      vertex 2.17821 25.8877 2.4
    endloop
  endfacet
  facet normal 0 0 1
    outer loop
      vertex 4 9 2.4
      vertex 2.26926 4.81214 2.4
      vertex 2.2923 4.65683 2.4
    endloop
  endfacet
  facet normal -0 0 1
    outer loop
      vertex 2.03035 25.6111 2.4
      vertex 4 25 2.4
      vertex 2.11107 25.7458 2.4
    endloop
  endfacet
  facet normal 0 0 1
    outer loop
      vertex 4 9 2.4
      vertex 2.2311 4.96445 2.4
      vertex 2.26926 4.81214 2.4
    endloop
  endfacet
  facet normal -0 0 1
    outer loop
      vertex 1.93682 25.485 2.4
      vertex 4 25 2.4
      vertex 2.03035 25.6111 2.4
    endloop
  endfacet
  facet normal 0 0 1
    outer loop
      vertex 4 9 2.4
      vertex 2.17821 5.11229 2.4
      vertex 2.2311 4.96445 2.4
    endloop
  endfacet
  facet normal -0 0 1
    outer loop
      vertex 1.83137 25.3686 2.4
      vertex 4 25 2.4
      vertex 1.93682 25.485 2.4
    endloop
  endfacet
  facet normal 0 0 1
    outer loop
      vertex 4 9 2.4
      vertex 2.11107 5.25423 2.4
      vertex 2.17821 5.11229 2.4
    endloop
  endfacet
  facet normal -0 0 1
    outer loop
      vertex 1.71503 25.2632 2.4
      vertex 4 25 2.4
      vertex 1.83137 25.3686 2.4
    endloop
  endfacet
  facet normal 0 0 1
    outer loop
      vertex 4 9 2.4
      vertex 2.03035 5.38891 2.4
      vertex 2.11107 5.25423 2.4
    endloop
  endfacet
  facet normal -0 0 1
    outer loop
      vertex 1.58891 25.1696 2.4
      vertex 4 25 2.4
      vertex 1.71503 25.2632 2.4
    endloop
  endfacet
  facet normal 0 0 1
    outer loop
      vertex 4 9 2.4
      vertex 1.93682 5.51503 2.4
      vertex 2.03035 5.38891 2.4
    endloop
  endfacet
  facet normal 0 0 1
    outer loop
      vertex 4 25 2.4
      vertex 1.58891 25.1696 2.4
      vertex 4 22 2.4
    endloop
  endfacet
  facet normal 0 0 1
    outer loop
      vertex 4 9 2.4
      vertex 1.83137 5.63137 2.4
      vertex 1.93682 5.51503 2.4
    endloop
  endfacet
  facet normal -0 0 1
    outer loop
      vertex 1.45423 25.0889 2.4
      vertex 4 22 2.4
      vertex 1.58891 25.1696 2.4
    endloop
  endfacet
  facet normal 0 0 1
    outer loop
      vertex 4 9 2.4
      vertex 1.71503 5.73682 2.4
      vertex 1.83137 5.63137 2.4
    endloop
  endfacet
  facet normal -0 0 1
    outer loop
      vertex 1.31229 25.0218 2.4
      vertex 4 22 2.4
      vertex 1.45423 25.0889 2.4
    endloop
  endfacet
  facet normal 0 0 1
    outer loop
      vertex 4 9 2.4
      vertex 1.58891 5.83035 2.4
      vertex 1.71503 5.73682 2.4
    endloop
  endfacet
  facet normal -0 0 1
    outer loop
      vertex 1.16446 24.9689 2.4
      vertex 4 22 2.4
      vertex 1.31229 25.0218 2.4
    endloop
  endfacet
  facet normal 0 0 1
    outer loop
      vertex 4 9 2.4
      vertex 1.45423 5.91107 2.4
      vertex 1.58891 5.83035 2.4
    endloop
  endfacet
  facet normal -0 0 1
    outer loop
      vertex 1.01214 24.9307 2.4
      vertex 4 22 2.4
      vertex 1.16446 24.9689 2.4
    endloop
  endfacet
  facet normal 0 0 1
    outer loop
      vertex 4 9 2.4
      vertex 1.31229 5.97821 2.4
      vertex 1.45423 5.91107 2.4
    endloop
  endfacet
  facet normal -0 0 1
    outer loop
      vertex 0.856827 24.9077 2.4
      vertex 4 22 2.4
      vertex 1.01214 24.9307 2.4
    endloop
  endfacet
  facet normal 0 0 1
    outer loop
      vertex 4 9 2.4
      vertex 1.16446 6.0311 2.4
      vertex 1.31229 5.97821 2.4
    endloop
  endfacet
  facet normal -0 0 1
    outer loop
      vertex 0.7 24.9 2.4
      vertex 4 22 2.4
      vertex 0.856827 24.9077 2.4
    endloop
  endfacet
  facet normal 0 0 1
    outer loop
      vertex 4 9 2.4
      vertex 1.01214 6.06926 2.4
      vertex 1.16446 6.0311 2.4
    endloop
  endfacet
  facet normal 0 0 1
    outer loop
      vertex 0.543172 24.9077 2.4
      vertex 4 22 2.4
      vertex 0.7 24.9 2.4
    endloop
  endfacet
  facet normal 0 0 1
    outer loop
      vertex 4 9 2.4
      vertex 0.856827 6.09229 2.4
      vertex 1.01214 6.06926 2.4
    endloop
  endfacet
  facet normal 0 0 1
    outer loop
      vertex 0.387855 24.9307 2.4
      vertex 4 22 2.4
      vertex 0.543172 24.9077 2.4
    endloop
  endfacet
  facet normal 0 0 1
    outer loop
      vertex 4 9 2.4
      vertex 0.7 6.1 2.4
      vertex 0.856827 6.09229 2.4
    endloop
  endfacet
  facet normal 0 0 1
    outer loop
      vertex 0.235544 24.9689 2.4
      vertex 4 22 2.4
      vertex 0.387855 24.9307 2.4
    endloop
  endfacet
  facet normal 0 0 1
    outer loop
      vertex 4 9 2.4
      vertex 0.543172 6.09229 2.4
      vertex 0.7 6.1 2.4
    endloop
  endfacet
  facet normal 0 0 1
    outer loop
      vertex 0.0877056 25.0218 2.4
      vertex 4 22 2.4
      vertex 0.235544 24.9689 2.4
    endloop
  endfacet
  facet normal 0 0 1
    outer loop
      vertex 4 9 2.4
      vertex 0.387855 6.06926 2.4
      vertex 0.543172 6.09229 2.4
    endloop
  endfacet
  facet normal 0 0 1
    outer loop
      vertex 4 22 2.4
      vertex 0.0877056 25.0218 2.4
      vertex 4 9 2.4
    endloop
  endfacet
  facet normal 0 0 1
    outer loop
      vertex 4 9 2.4
      vertex 0.235544 6.0311 2.4
      vertex 0.387855 6.06926 2.4
    endloop
  endfacet
  facet normal 0 0 1
    outer loop
      vertex 0.0877056 5.97821 2.4
      vertex 4 9 2.4
      vertex 0.0877056 25.0218 2.4
    endloop
  endfacet
  facet normal 0 0 1
    outer loop
      vertex 4 9 2.4
      vertex 0.0877056 5.97821 2.4
      vertex 0.235544 6.0311 2.4
    endloop
  endfacet
  facet normal 0 0 1
    outer loop
      vertex 0 25.0633 2.4
      vertex 0.0877056 5.97821 2.4
      vertex 0.0877056 25.0218 2.4
    endloop
  endfacet
  facet normal 0 0 1
    outer loop
      vertex 0.0877056 5.97821 2.4
      vertex 0 25.0633 2.4
      vertex 0 5.93672 2.4
    endloop
  endfacet
  facet normal 0 0 1
    outer loop
      vertex 90.5 25 2.4
      vertex 27.5 23 2.4
      vertex 90.5 22 2.4
    endloop
  endfacet
  facet normal -0 0 1
    outer loop
      vertex 4 25 2.4
      vertex 27.5 23 2.4
      vertex 90.5 25 2.4
    endloop
  endfacet
  facet normal 0 0 1
    outer loop
      vertex 27.5 23 2.4
      vertex 4 25 2.4
      vertex 4.5 23 2.4
    endloop
  endfacet
  facet normal 0 0 1
    outer loop
      vertex 4 22 2.4
      vertex 4.5 23 2.4
      vertex 4 25 2.4
    endloop
  endfacet
  facet normal 0 0 1
    outer loop
      vertex 4.5 23 2.4
      vertex 4 22 2.4
      vertex 4.5 22 2.4
    endloop
  endfacet
  facet normal 0 0 1
    outer loop
      vertex 90.5 22 2.4
      vertex 27.5 23 2.4
      vertex 27.5 22 2.4
    endloop
  endfacet
  facet normal -0 0 1
    outer loop
      vertex 4 9 2.4
      vertex 90.5 6 2.4
      vertex 90.5 9 2.4
    endloop
  endfacet
  facet normal 0 0 1
    outer loop
      vertex 90.5 6 2.4
      vertex 4 9 2.4
      vertex 4 6 2.4
    endloop
  endfacet
  facet normal 0 0 1
    outer loop
      vertex 4.5 4 2.4
      vertex 4 4 2.4
      vertex 4.5 3 2.4
    endloop
  endfacet
  facet normal 0 0 1
    outer loop
      vertex 47.5 4 2.4
      vertex 46.5 3.5 2.4
      vertex 47.5 3.5 2.4
    endloop
  endfacet
  facet normal 0 0 1
    outer loop
      vertex 27.5 3 2.4
      vertex 46.5 3.5 2.4
      vertex 27.5 4 2.4
    endloop
  endfacet
  facet normal -0 0 1
    outer loop
      vertex 27.5 4 2.4
      vertex 46.5 3.5 2.4
      vertex 47.5 4 2.4
    endloop
  endfacet
  facet normal 0 0 1
    outer loop
      vertex 116.822 5.11229 2.4
      vertex 116 3.5 2.4
      vertex 116.769 4.96445 2.4
    endloop
  endfacet
  facet normal 0 0 1
    outer loop
      vertex 116.769 4.96445 2.4
      vertex 116 3.5 2.4
      vertex 116.34 3.5 2.4
    endloop
  endfacet
  facet normal 0 0 1
    outer loop
      vertex 118.3 28.1 2.4
      vertex 119 28.8 2.4
      vertex 118.989 29.0156 2.4
    endloop
  endfacet
  facet normal 0 0 1
    outer loop
      vertex 118.143 28.0923 2.4
      vertex 118.989 29.0156 2.4
      vertex 118.958 29.2292 2.4
    endloop
  endfacet
  facet normal 0 0 1
    outer loop
      vertex 119 28.8 2.4
      vertex 118.912 27.9782 2.4
      vertex 119 27.9367 2.4
    endloop
  endfacet
  facet normal 0 0 1
    outer loop
      vertex 118.143 28.0923 2.4
      vertex 118.958 29.2292 2.4
      vertex 118.905 29.4386 2.4
    endloop
  endfacet
  facet normal 0 0 1
    outer loop
      vertex 117.988 28.0693 2.4
      vertex 118.905 29.4386 2.4
      vertex 118.833 29.6419 2.4
    endloop
  endfacet
  facet normal 0 0 1
    outer loop
      vertex 119 28.8 2.4
      vertex 118.764 28.0311 2.4
      vertex 118.912 27.9782 2.4
    endloop
  endfacet
  facet normal 0 0 1
    outer loop
      vertex 117.988 28.0693 2.4
      vertex 118.833 29.6419 2.4
      vertex 118.74 29.8371 2.4
    endloop
  endfacet
  facet normal 0 0 1
    outer loop
      vertex 117.988 28.0693 2.4
      vertex 118.74 29.8371 2.4
      vertex 118.629 30.0222 2.4
    endloop
  endfacet
  facet normal 0 0 1
    outer loop
      vertex 119 28.8 2.4
      vertex 118.612 28.0693 2.4
      vertex 118.764 28.0311 2.4
    endloop
  endfacet
  facet normal 0 0 1
    outer loop
      vertex 117.836 28.0311 2.4
      vertex 118.629 30.0222 2.4
      vertex 118.501 30.1957 2.4
    endloop
  endfacet
  facet normal 0 0 1
    outer loop
      vertex 119 28.8 2.4
      vertex 118.457 28.0923 2.4
      vertex 118.612 28.0693 2.4
    endloop
  endfacet
  facet normal 0 0 1
    outer loop
      vertex 117.836 28.0311 2.4
      vertex 118.501 30.1957 2.4
      vertex 118.356 30.3556 2.4
    endloop
  endfacet
  facet normal 0 0 1
    outer loop
      vertex 119 28.8 2.4
      vertex 118.3 28.1 2.4
      vertex 118.457 28.0923 2.4
    endloop
  endfacet
  facet normal 0 0 1
    outer loop
      vertex 117.836 28.0311 2.4
      vertex 118.356 30.3556 2.4
      vertex 118.196 30.5006 2.4
    endloop
  endfacet
  facet normal 0 0 1
    outer loop
      vertex 118.989 29.0156 2.4
      vertex 118.143 28.0923 2.4
      vertex 118.3 28.1 2.4
    endloop
  endfacet
  facet normal 0 0 1
    outer loop
      vertex 116.34 30.5 2.4
      vertex 118.196 30.5006 2.4
      vertex 118.022 30.6292 2.4
    endloop
  endfacet
  facet normal 0 0 1
    outer loop
      vertex 118.905 29.4386 2.4
      vertex 117.988 28.0693 2.4
      vertex 118.143 28.0923 2.4
    endloop
  endfacet
  facet normal 0 0 1
    outer loop
      vertex 116.34 30.5 2.4
      vertex 118.022 30.6292 2.4
      vertex 117.837 30.7402 2.4
    endloop
  endfacet
  facet normal 0 0 1
    outer loop
      vertex 118.629 30.0222 2.4
      vertex 117.836 28.0311 2.4
      vertex 117.988 28.0693 2.4
    endloop
  endfacet
  facet normal 0 0 1
    outer loop
      vertex 118.196 30.5006 2.4
      vertex 116.34 30.5 2.4
      vertex 117.836 28.0311 2.4
    endloop
  endfacet
  facet normal 0 0 1
    outer loop
      vertex 116.34 30.5 2.4
      vertex 117.837 30.7402 2.4
      vertex 117.642 30.8325 2.4
    endloop
  endfacet
  facet normal 0 0 1
    outer loop
      vertex 117.836 28.0311 2.4
      vertex 116.34 30.5 2.4
      vertex 117.688 27.9782 2.4
    endloop
  endfacet
  facet normal 0 0 1
    outer loop
      vertex 116.34 30.5 2.4
      vertex 117.642 30.8325 2.4
      vertex 117.439 30.9053 2.4
    endloop
  endfacet
  facet normal 0 0 1
    outer loop
      vertex 117.688 27.9782 2.4
      vertex 116.34 30.5 2.4
      vertex 117.546 27.9111 2.4
    endloop
  endfacet
  facet normal 0 0 1
    outer loop
      vertex 117.546 27.9111 2.4
      vertex 116.34 30.5 2.4
      vertex 117.411 27.8304 2.4
    endloop
  endfacet
  facet normal 0 0 1
    outer loop
      vertex 116.34 30.5 2.4
      vertex 117.439 30.9053 2.4
      vertex 117.229 30.9577 2.4
    endloop
  endfacet
  facet normal 0 0 1
    outer loop
      vertex 116.34 27.5 2.4
      vertex 117.411 27.8304 2.4
      vertex 116.34 30.5 2.4
    endloop
  endfacet
  facet normal 0 0 1
    outer loop
      vertex 117.411 27.8304 2.4
      vertex 116.34 27.5 2.4
      vertex 117.285 27.7368 2.4
    endloop
  endfacet
  facet normal 0 0 1
    outer loop
      vertex 116.34 30.5 2.4
      vertex 117.229 30.9577 2.4
      vertex 117.016 30.9894 2.4
    endloop
  endfacet
  facet normal 0 0 1
    outer loop
      vertex 117.285 27.7368 2.4
      vertex 116.34 27.5 2.4
      vertex 117.169 27.6314 2.4
    endloop
  endfacet
  facet normal 0 0 1
    outer loop
      vertex 117.169 27.6314 2.4
      vertex 116.34 27.5 2.4
      vertex 117.063 27.515 2.4
    endloop
  endfacet
  facet normal 0 0 1
    outer loop
      vertex 117.063 27.515 2.4
      vertex 116.34 27.5 2.4
      vertex 116.97 27.3889 2.4
    endloop
  endfacet
  facet normal 0 0 1
    outer loop
      vertex 116.34 30.5 2.4
      vertex 117.016 30.9894 2.4
      vertex 116.8 31 2.4
    endloop
  endfacet
  facet normal 0 0 1
    outer loop
      vertex 116.97 27.3889 2.4
      vertex 116.34 27.5 2.4
      vertex 116.889 27.2542 2.4
    endloop
  endfacet
  facet normal 0 0 1
    outer loop
      vertex 116.822 27.1123 2.4
      vertex 116.34 27.5 2.4
      vertex 116.769 26.9645 2.4
    endloop
  endfacet
  facet normal 0 0 1
    outer loop
      vertex 116.769 26.9645 2.4
      vertex 116.34 27.5 2.4
      vertex 116.731 26.8121 2.4
    endloop
  endfacet
  facet normal -0 0 1
    outer loop
      vertex 116 27.5 2.4
      vertex 116.731 26.8121 2.4
      vertex 116.34 27.5 2.4
    endloop
  endfacet
  facet normal 0 0 1
    outer loop
      vertex 116.769 4.96445 2.4
      vertex 116.34 3.5 2.4
      vertex 116.731 4.81214 2.4
    endloop
  endfacet
  facet normal 0 0 1
    outer loop
      vertex 116.889 27.2542 2.4
      vertex 116.34 27.5 2.4
      vertex 116.822 27.1123 2.4
    endloop
  endfacet
  facet normal 0 0 1
    outer loop
      vertex 116.8 31 2.4
      vertex 115.34 30.5 2.4
      vertex 116.34 30.5 2.4
    endloop
  endfacet
  facet normal 0 0 1
    outer loop
      vertex 116.8 31 2.4
      vertex 47.5 30.5 2.4
      vertex 115.34 30.5 2.4
    endloop
  endfacet
  facet normal 0 0 1
    outer loop
      vertex 116.8 31 2.4
      vertex 46.5 30.5 2.4
      vertex 47.5 30.5 2.4
    endloop
  endfacet
  facet normal 0 0 1
    outer loop
      vertex 46.5 30.5 2.4
      vertex 4 27 2.4
      vertex 46.5 27.5 2.4
    endloop
  endfacet
  facet normal 0 0 1
    outer loop
      vertex 2.2923 26.3432 2.4
      vertex 4 27 2.4
      vertex 2.3 26.5 2.4
    endloop
  endfacet
  facet normal 0 0 1
    outer loop
      vertex 2.26926 26.1879 2.4
      vertex 4 27 2.4
      vertex 2.2923 26.3432 2.4
    endloop
  endfacet
  facet normal 0 0 1
    outer loop
      vertex 4 27 2.4
      vertex 2.26926 26.1879 2.4
      vertex 4 25 2.4
    endloop
  endfacet
  facet normal -0 0 1
    outer loop
      vertex 2.2311 26.0355 2.4
      vertex 4 25 2.4
      vertex 2.26926 26.1879 2.4
    endloop
  endfacet
  facet normal 0 0 1
    outer loop
      vertex 4 9 2.4
      vertex 2.3 4.5 2.4
      vertex 4 6 2.4
    endloop
  endfacet
  facet normal 0 0 1
    outer loop
      vertex 4 27 2.4
      vertex 2.2923 26.6568 2.4
      vertex 2.3 26.5 2.4
    endloop
  endfacet
  facet normal 0 0 1
    outer loop
      vertex 4 27 2.4
      vertex 2.26926 26.8121 2.4
      vertex 2.2923 26.6568 2.4
    endloop
  endfacet
  facet normal 0 0 1
    outer loop
      vertex 4 27 2.4
      vertex 2.2311 26.9645 2.4
      vertex 2.26926 26.8121 2.4
    endloop
  endfacet
  facet normal 0 0 1
    outer loop
      vertex 2.2 31 2.4
      vertex 4 27 2.4
      vertex 46.5 30.5 2.4
    endloop
  endfacet
  facet normal -0 0 1
    outer loop
      vertex 2.2 31 2.4
      vertex 46.5 30.5 2.4
      vertex 116.8 31 2.4
    endloop
  endfacet
  facet normal -0 0 1
    outer loop
      vertex 1.83137 27.6314 2.4
      vertex 4 27 2.4
      vertex 2.2 31 2.4
    endloop
  endfacet
  facet normal 0 0 1
    outer loop
      vertex 4 27 2.4
      vertex 2.17821 27.1123 2.4
      vertex 2.2311 26.9645 2.4
    endloop
  endfacet
  facet normal 0 0 1
    outer loop
      vertex 4 27 2.4
      vertex 2.11107 27.2542 2.4
      vertex 2.17821 27.1123 2.4
    endloop
  endfacet
  facet normal 0 0 1
    outer loop
      vertex 4 27 2.4
      vertex 2.03035 27.3889 2.4
      vertex 2.11107 27.2542 2.4
    endloop
  endfacet
  facet normal 0 0 1
    outer loop
      vertex 1.45423 27.9111 2.4
      vertex 2.2 31 2.4
      vertex 1.98436 30.9894 2.4
    endloop
  endfacet
  facet normal 0 0 1
    outer loop
      vertex 4 27 2.4
      vertex 1.93682 27.515 2.4
      vertex 2.03035 27.3889 2.4
    endloop
  endfacet
  facet normal 0 0 1
    outer loop
      vertex 4 27 2.4
      vertex 1.83137 27.6314 2.4
      vertex 1.93682 27.515 2.4
    endloop
  endfacet
  facet normal 0 0 1
    outer loop
      vertex 1.45423 27.9111 2.4
      vertex 1.98436 30.9894 2.4
      vertex 1.7708 30.9577 2.4
    endloop
  endfacet
  facet normal 0 0 1
    outer loop
      vertex 2.2 31 2.4
      vertex 1.71503 27.7368 2.4
      vertex 1.83137 27.6314 2.4
    endloop
  endfacet
  facet normal 0 0 1
    outer loop
      vertex 2.2 31 2.4
      vertex 1.58891 27.8304 2.4
      vertex 1.71503 27.7368 2.4
    endloop
  endfacet
  facet normal 0 0 1
    outer loop
      vertex 1.45423 27.9111 2.4
      vertex 1.7708 30.9577 2.4
      vertex 1.56137 30.9053 2.4
    endloop
  endfacet
  facet normal 0 0 1
    outer loop
      vertex 2.2 31 2.4
      vertex 1.45423 27.9111 2.4
      vertex 1.58891 27.8304 2.4
    endloop
  endfacet
  facet normal 0 0 1
    outer loop
      vertex 1.31229 27.9782 2.4
      vertex 1.56137 30.9053 2.4
      vertex 1.35809 30.8325 2.4
    endloop
  endfacet
  facet normal 0 0 1
    outer loop
      vertex 1.56137 30.9053 2.4
      vertex 1.31229 27.9782 2.4
      vertex 1.45423 27.9111 2.4
    endloop
  endfacet
  facet normal -0 0 1
    outer loop
      vertex 1.16292 30.7402 2.4
      vertex 1.31229 27.9782 2.4
      vertex 1.35809 30.8325 2.4
    endloop
  endfacet
  facet normal -0 0 1
    outer loop
      vertex 0.977737 30.6292 2.4
      vertex 1.31229 27.9782 2.4
      vertex 1.16292 30.7402 2.4
    endloop
  endfacet
  facet normal -0 0 1
    outer loop
      vertex 0.804321 30.5006 2.4
      vertex 1.31229 27.9782 2.4
      vertex 0.977737 30.6292 2.4
    endloop
  endfacet
  facet normal 0 0 1
    outer loop
      vertex 1.31229 27.9782 2.4
      vertex 0.804321 30.5006 2.4
      vertex 1.16446 28.0311 2.4
    endloop
  endfacet
  facet normal -0 0 1
    outer loop
      vertex 0.644363 30.3556 2.4
      vertex 1.16446 28.0311 2.4
      vertex 0.804321 30.5006 2.4
    endloop
  endfacet
  facet normal -0 0 1
    outer loop
      vertex 0.499374 30.1957 2.4
      vertex 1.16446 28.0311 2.4
      vertex 0.644363 30.3556 2.4
    endloop
  endfacet
  facet normal -0 0 1
    outer loop
      vertex 0.370758 30.0222 2.4
      vertex 1.16446 28.0311 2.4
      vertex 0.499374 30.1957 2.4
    endloop
  endfacet
  facet normal 0 0 1
    outer loop
      vertex 1.16446 28.0311 2.4
      vertex 0.370758 30.0222 2.4
      vertex 1.01214 28.0693 2.4
    endloop
  endfacet
  facet normal -0 0 1
    outer loop
      vertex 0.259766 29.8371 2.4
      vertex 1.01214 28.0693 2.4
      vertex 0.370758 30.0222 2.4
    endloop
  endfacet
  facet normal -0 0 1
    outer loop
      vertex 0.16745 29.6419 2.4
      vertex 1.01214 28.0693 2.4
      vertex 0.259766 29.8371 2.4
    endloop
  endfacet
  facet normal -0 0 1
    outer loop
      vertex 0.0947266 29.4386 2.4
      vertex 1.01214 28.0693 2.4
      vertex 0.16745 29.6419 2.4
    endloop
  endfacet
  facet normal 0 0 1
    outer loop
      vertex 1.01214 28.0693 2.4
      vertex 0.0947266 29.4386 2.4
      vertex 0.856827 28.0923 2.4
    endloop
  endfacet
  facet normal -0 0 1
    outer loop
      vertex 0.0422668 29.2292 2.4
      vertex 0.856827 28.0923 2.4
      vertex 0.0947266 29.4386 2.4
    endloop
  endfacet
  facet normal -0 0 1
    outer loop
      vertex 0.0105896 29.0156 2.4
      vertex 0.856827 28.0923 2.4
      vertex 0.0422668 29.2292 2.4
    endloop
  endfacet
  facet normal 0 0 1
    outer loop
      vertex 0.856827 28.0923 2.4
      vertex 0.0105896 29.0156 2.4
      vertex 0.7 28.1 2.4
    endloop
  endfacet
  facet normal -0 0 1
    outer loop
      vertex 0 28.8 2.4
      vertex 0.7 28.1 2.4
      vertex 0.0105896 29.0156 2.4
    endloop
  endfacet
  facet normal 0 0 1
    outer loop
      vertex 0.7 28.1 2.4
      vertex 0 28.8 2.4
      vertex 0.543172 28.0923 2.4
    endloop
  endfacet
  facet normal 0 0 1
    outer loop
      vertex 0.543172 28.0923 2.4
      vertex 0 28.8 2.4
      vertex 0.387855 28.0693 2.4
    endloop
  endfacet
  facet normal 0 0 1
    outer loop
      vertex 0.387855 28.0693 2.4
      vertex 0 28.8 2.4
      vertex 0.235544 28.0311 2.4
    endloop
  endfacet
  facet normal 0 0 1
    outer loop
      vertex 0.235544 28.0311 2.4
      vertex 0 28.8 2.4
      vertex 0.0877056 27.9782 2.4
    endloop
  endfacet
  facet normal 0 0 1
    outer loop
      vertex 0.0877056 27.9782 2.4
      vertex 0 28.8 2.4
      vertex 0 27.9367 2.4
    endloop
  endfacet
  facet normal -0 0 1
    outer loop
      vertex 118.912 25.0218 2.4
      vertex 119 5.93672 2.4
      vertex 119 25.0633 2.4
    endloop
  endfacet
  facet normal 0 0 1
    outer loop
      vertex 118.912 25.0218 2.4
      vertex 118.912 5.97821 2.4
      vertex 119 5.93672 2.4
    endloop
  endfacet
  facet normal -0 0 1
    outer loop
      vertex 118.764 24.9689 2.4
      vertex 118.912 5.97821 2.4
      vertex 118.912 25.0218 2.4
    endloop
  endfacet
  facet normal 0 0 1
    outer loop
      vertex 118.764 24.9689 2.4
      vertex 118.764 6.0311 2.4
      vertex 118.912 5.97821 2.4
    endloop
  endfacet
  facet normal -0 0 1
    outer loop
      vertex 118.612 24.9307 2.4
      vertex 118.764 6.0311 2.4
      vertex 118.764 24.9689 2.4
    endloop
  endfacet
  facet normal 0 0 1
    outer loop
      vertex 118.612 24.9307 2.4
      vertex 118.612 6.06926 2.4
      vertex 118.764 6.0311 2.4
    endloop
  endfacet
  facet normal -0 0 1
    outer loop
      vertex 118.457 24.9077 2.4
      vertex 118.612 6.06926 2.4
      vertex 118.612 24.9307 2.4
    endloop
  endfacet
  facet normal 0 0 1
    outer loop
      vertex 118.457 24.9077 2.4
      vertex 118.457 6.09229 2.4
      vertex 118.612 6.06926 2.4
    endloop
  endfacet
  facet normal -0 0 1
    outer loop
      vertex 118.3 24.9 2.4
      vertex 118.457 6.09229 2.4
      vertex 118.457 24.9077 2.4
    endloop
  endfacet
  facet normal 0 0 1
    outer loop
      vertex 118.3 24.9 2.4
      vertex 118.3 6.1 2.4
      vertex 118.457 6.09229 2.4
    endloop
  endfacet
  facet normal 0 0 1
    outer loop
      vertex 118.143 24.9077 2.4
      vertex 118.3 6.1 2.4
      vertex 118.3 24.9 2.4
    endloop
  endfacet
  facet normal 0 0 1
    outer loop
      vertex 118.143 24.9077 2.4
      vertex 118.143 6.09229 2.4
      vertex 118.3 6.1 2.4
    endloop
  endfacet
  facet normal 0 0 1
    outer loop
      vertex 117.988 24.9307 2.4
      vertex 118.143 6.09229 2.4
      vertex 118.143 24.9077 2.4
    endloop
  endfacet
  facet normal 0 0 1
    outer loop
      vertex 117.988 24.9307 2.4
      vertex 117.988 6.06926 2.4
      vertex 118.143 6.09229 2.4
    endloop
  endfacet
  facet normal 0 0 1
    outer loop
      vertex 117.836 24.9689 2.4
      vertex 117.988 6.06926 2.4
      vertex 117.988 24.9307 2.4
    endloop
  endfacet
  facet normal 0 0 1
    outer loop
      vertex 117.836 24.9689 2.4
      vertex 117.836 6.0311 2.4
      vertex 117.988 6.06926 2.4
    endloop
  endfacet
  facet normal 0 0 1
    outer loop
      vertex 117.688 25.0218 2.4
      vertex 117.836 6.0311 2.4
      vertex 117.836 24.9689 2.4
    endloop
  endfacet
  facet normal 0 0 1
    outer loop
      vertex 117.688 25.0218 2.4
      vertex 117.688 5.97821 2.4
      vertex 117.836 6.0311 2.4
    endloop
  endfacet
  facet normal 0 0 1
    outer loop
      vertex 117.546 25.0889 2.4
      vertex 117.688 5.97821 2.4
      vertex 117.688 25.0218 2.4
    endloop
  endfacet
  facet normal 0 0 1
    outer loop
      vertex 117.546 25.0889 2.4
      vertex 117.546 5.91107 2.4
      vertex 117.688 5.97821 2.4
    endloop
  endfacet
  facet normal 0 0 1
    outer loop
      vertex 117.411 25.1696 2.4
      vertex 117.546 5.91107 2.4
      vertex 117.546 25.0889 2.4
    endloop
  endfacet
  facet normal 0 0 1
    outer loop
      vertex 117.411 25.1696 2.4
      vertex 117.411 5.83035 2.4
      vertex 117.546 5.91107 2.4
    endloop
  endfacet
  facet normal 0 0 1
    outer loop
      vertex 117.285 25.2632 2.4
      vertex 117.411 5.83035 2.4
      vertex 117.411 25.1696 2.4
    endloop
  endfacet
  facet normal 0 0 1
    outer loop
      vertex 117.285 25.2632 2.4
      vertex 117.285 5.73682 2.4
      vertex 117.411 5.83035 2.4
    endloop
  endfacet
  facet normal 0 0 1
    outer loop
      vertex 117.169 25.3686 2.4
      vertex 117.285 5.73682 2.4
      vertex 117.285 25.2632 2.4
    endloop
  endfacet
  facet normal 0 0 1
    outer loop
      vertex 117.169 25.3686 2.4
      vertex 117.169 5.63137 2.4
      vertex 117.285 5.73682 2.4
    endloop
  endfacet
  facet normal 0 0 1
    outer loop
      vertex 117.063 25.485 2.4
      vertex 117.169 5.63137 2.4
      vertex 117.169 25.3686 2.4
    endloop
  endfacet
  facet normal 0 0 1
    outer loop
      vertex 117.063 25.485 2.4
      vertex 117.063 5.51503 2.4
      vertex 117.169 5.63137 2.4
    endloop
  endfacet
  facet normal 0 0 1
    outer loop
      vertex 116.97 25.6111 2.4
      vertex 117.063 5.51503 2.4
      vertex 117.063 25.485 2.4
    endloop
  endfacet
  facet normal 0 0 1
    outer loop
      vertex 116.97 25.6111 2.4
      vertex 116.97 5.38891 2.4
      vertex 117.063 5.51503 2.4
    endloop
  endfacet
  facet normal 0 0 1
    outer loop
      vertex 116.889 25.7458 2.4
      vertex 116.97 5.38891 2.4
      vertex 116.97 25.6111 2.4
    endloop
  endfacet
  facet normal 0 0 1
    outer loop
      vertex 116.889 25.7458 2.4
      vertex 116.889 5.25423 2.4
      vertex 116.97 5.38891 2.4
    endloop
  endfacet
  facet normal 0 0 1
    outer loop
      vertex 116.822 25.8877 2.4
      vertex 116.889 5.25423 2.4
      vertex 116.889 25.7458 2.4
    endloop
  endfacet
  facet normal 0 0 1
    outer loop
      vertex 116.822 25.8877 2.4
      vertex 116.822 5.11229 2.4
      vertex 116.889 5.25423 2.4
    endloop
  endfacet
  facet normal 0 0 1
    outer loop
      vertex 116 27.5 2.4
      vertex 116.822 25.8877 2.4
      vertex 116.769 26.0355 2.4
    endloop
  endfacet
  facet normal 0 0 1
    outer loop
      vertex 116.822 25.8877 2.4
      vertex 116 27.5 2.4
      vertex 116.822 5.11229 2.4
    endloop
  endfacet
  facet normal 0 0 1
    outer loop
      vertex 116.708 26.3432 2.4
      vertex 116 27.5 2.4
      vertex 116.731 26.1879 2.4
    endloop
  endfacet
  facet normal 0 0 1
    outer loop
      vertex 116.731 26.1879 2.4
      vertex 116 27.5 2.4
      vertex 116.769 26.0355 2.4
    endloop
  endfacet
  facet normal 0 0 1
    outer loop
      vertex 116.7 26.5 2.4
      vertex 116 27.5 2.4
      vertex 116.708 26.3432 2.4
    endloop
  endfacet
  facet normal 0 0 1
    outer loop
      vertex 116 3.5 2.4
      vertex 116.822 5.11229 2.4
      vertex 116 27.5 2.4
    endloop
  endfacet
  facet normal 0 0 1
    outer loop
      vertex 116.731 26.8121 2.4
      vertex 116 27.5 2.4
      vertex 116.708 26.6568 2.4
    endloop
  endfacet
  facet normal 0 0 1
    outer loop
      vertex 116.708 26.6568 2.4
      vertex 116 27.5 2.4
      vertex 116.7 26.5 2.4
    endloop
  endfacet
  facet normal -0 0 1
    outer loop
      vertex 118.912 3.02179 2.4
      vertex 119 2.2 2.4
      vertex 119 3.06327 2.4
    endloop
  endfacet
  facet normal -0 0 1
    outer loop
      vertex 118.764 2.96889 2.4
      vertex 119 2.2 2.4
      vertex 118.912 3.02179 2.4
    endloop
  endfacet
  facet normal -0 0 1
    outer loop
      vertex 118.612 2.93074 2.4
      vertex 119 2.2 2.4
      vertex 118.764 2.96889 2.4
    endloop
  endfacet
  facet normal -0 0 1
    outer loop
      vertex 118.457 2.9077 2.4
      vertex 119 2.2 2.4
      vertex 118.612 2.93074 2.4
    endloop
  endfacet
  facet normal -0 0 1
    outer loop
      vertex 118.3 2.9 2.4
      vertex 119 2.2 2.4
      vertex 118.457 2.9077 2.4
    endloop
  endfacet
  facet normal 0 0 1
    outer loop
      vertex 119 2.2 2.4
      vertex 118.3 2.9 2.4
      vertex 118.989 1.98436 2.4
    endloop
  endfacet
  facet normal 0 0 1
    outer loop
      vertex 118.143 2.9077 2.4
      vertex 118.989 1.98436 2.4
      vertex 118.3 2.9 2.4
    endloop
  endfacet
  facet normal 0 0 1
    outer loop
      vertex 118.989 1.98436 2.4
      vertex 118.143 2.9077 2.4
      vertex 118.958 1.7708 2.4
    endloop
  endfacet
  facet normal 0 0 1
    outer loop
      vertex 118.958 1.7708 2.4
      vertex 118.143 2.9077 2.4
      vertex 118.905 1.56137 2.4
    endloop
  endfacet
  facet normal 0 0 1
    outer loop
      vertex 117.988 2.93074 2.4
      vertex 118.905 1.56137 2.4
      vertex 118.143 2.9077 2.4
    endloop
  endfacet
  facet normal 0 0 1
    outer loop
      vertex 118.905 1.56137 2.4
      vertex 117.988 2.93074 2.4
      vertex 118.833 1.35809 2.4
    endloop
  endfacet
  facet normal 0 0 1
    outer loop
      vertex 118.833 1.35809 2.4
      vertex 117.988 2.93074 2.4
      vertex 118.74 1.16292 2.4
    endloop
  endfacet
  facet normal 0 0 1
    outer loop
      vertex 118.74 1.16292 2.4
      vertex 117.988 2.93074 2.4
      vertex 118.629 0.977737 2.4
    endloop
  endfacet
  facet normal 0 0 1
    outer loop
      vertex 117.836 2.96889 2.4
      vertex 118.629 0.977737 2.4
      vertex 117.988 2.93074 2.4
    endloop
  endfacet
  facet normal 0 0 1
    outer loop
      vertex 118.629 0.977737 2.4
      vertex 117.836 2.96889 2.4
      vertex 118.501 0.804321 2.4
    endloop
  endfacet
  facet normal 0 0 1
    outer loop
      vertex 118.501 0.804321 2.4
      vertex 117.836 2.96889 2.4
      vertex 118.356 0.644363 2.4
    endloop
  endfacet
  facet normal 0 0 1
    outer loop
      vertex 118.356 0.644363 2.4
      vertex 117.836 2.96889 2.4
      vertex 118.196 0.499374 2.4
    endloop
  endfacet
  facet normal -0 0 1
    outer loop
      vertex 116.34 0.5 2.4
      vertex 118.196 0.499374 2.4
      vertex 117.836 2.96889 2.4
    endloop
  endfacet
  facet normal 0 0 1
    outer loop
      vertex 118.196 0.499374 2.4
      vertex 116.34 0.5 2.4
      vertex 118.022 0.370758 2.4
    endloop
  endfacet
  facet normal 0 0 1
    outer loop
      vertex 116.34 0.5 2.4
      vertex 117.836 2.96889 2.4
      vertex 117.688 3.02179 2.4
    endloop
  endfacet
  facet normal 0 0 1
    outer loop
      vertex 118.022 0.370758 2.4
      vertex 116.34 0.5 2.4
      vertex 117.837 0.259766 2.4
    endloop
  endfacet
  facet normal 0 0 1
    outer loop
      vertex 116.34 0.5 2.4
      vertex 117.688 3.02179 2.4
      vertex 117.546 3.08893 2.4
    endloop
  endfacet
  facet normal 0 0 1
    outer loop
      vertex 117.837 0.259766 2.4
      vertex 116.34 0.5 2.4
      vertex 117.642 0.16745 2.4
    endloop
  endfacet
  facet normal 0 0 1
    outer loop
      vertex 116.34 0.5 2.4
      vertex 117.546 3.08893 2.4
      vertex 117.411 3.16965 2.4
    endloop
  endfacet
  facet normal 0 0 1
    outer loop
      vertex 116.34 3.5 2.4
      vertex 117.411 3.16965 2.4
      vertex 117.285 3.26318 2.4
    endloop
  endfacet
  facet normal 0 0 1
    outer loop
      vertex 117.642 0.16745 2.4
      vertex 116.34 0.5 2.4
      vertex 117.439 0.0947266 2.4
    endloop
  endfacet
  facet normal 0 0 1
    outer loop
      vertex 116.34 3.5 2.4
      vertex 117.285 3.26318 2.4
      vertex 117.169 3.36863 2.4
    endloop
  endfacet
  facet normal 0 0 1
    outer loop
      vertex 116.34 3.5 2.4
      vertex 117.169 3.36863 2.4
      vertex 117.063 3.48497 2.4
    endloop
  endfacet
  facet normal 0 0 1
    outer loop
      vertex 117.439 0.0947266 2.4
      vertex 116.34 0.5 2.4
      vertex 117.229 0.0422668 2.4
    endloop
  endfacet
  facet normal -0 0 1
    outer loop
      vertex 116.34 3.5 2.4
      vertex 117.063 3.48497 2.4
      vertex 116.97 3.61109 2.4
    endloop
  endfacet
  facet normal 0 0 1
    outer loop
      vertex 116.34 3.5 2.4
      vertex 116.97 3.61109 2.4
      vertex 116.889 3.74576 2.4
    endloop
  endfacet
  facet normal 0 0 1
    outer loop
      vertex 116.34 3.5 2.4
      vertex 116.889 3.74576 2.4
      vertex 116.822 3.88771 2.4
    endloop
  endfacet
  facet normal 0 0 1
    outer loop
      vertex 117.229 0.0422668 2.4
      vertex 116.34 0.5 2.4
      vertex 117.016 0.0105896 2.4
    endloop
  endfacet
  facet normal 0 0 1
    outer loop
      vertex 116.34 3.5 2.4
      vertex 116.822 3.88771 2.4
      vertex 116.769 4.03554 2.4
    endloop
  endfacet
  facet normal 0 0 1
    outer loop
      vertex 116.34 3.5 2.4
      vertex 116.769 4.03554 2.4
      vertex 116.731 4.18785 2.4
    endloop
  endfacet
  facet normal 0 0 1
    outer loop
      vertex 116.34 3.5 2.4
      vertex 116.731 4.18785 2.4
      vertex 116.708 4.34317 2.4
    endloop
  endfacet
  facet normal 0 0 1
    outer loop
      vertex 116.34 3.5 2.4
      vertex 116.708 4.34317 2.4
      vertex 116.7 4.5 2.4
    endloop
  endfacet
  facet normal 0 0 1
    outer loop
      vertex 116.731 4.81214 2.4
      vertex 116.34 3.5 2.4
      vertex 116.708 4.65683 2.4
    endloop
  endfacet
  facet normal 0 0 1
    outer loop
      vertex 116.708 4.65683 2.4
      vertex 116.34 3.5 2.4
      vertex 116.7 4.5 2.4
    endloop
  endfacet
  facet normal 0 0 1
    outer loop
      vertex 117.411 3.16965 2.4
      vertex 116.34 3.5 2.4
      vertex 116.34 0.5 2.4
    endloop
  endfacet
  facet normal 0 0 1
    outer loop
      vertex 117.016 0.0105896 2.4
      vertex 116.34 0.5 2.4
      vertex 116.8 0 2.4
    endloop
  endfacet
  facet normal -0 0 1
    outer loop
      vertex 115.34 0.5 2.4
      vertex 116.8 0 2.4
      vertex 116.34 0.5 2.4
    endloop
  endfacet
  facet normal -0 0 1
    outer loop
      vertex 47.5 0.5 2.4
      vertex 116.8 0 2.4
      vertex 115.34 0.5 2.4
    endloop
  endfacet
  facet normal -0 0 1
    outer loop
      vertex 46.5 0.5 2.4
      vertex 116.8 0 2.4
      vertex 47.5 0.5 2.4
    endloop
  endfacet
  facet normal 0 0 1
    outer loop
      vertex 46.5 3.5 2.4
      vertex 27.5 3 2.4
      vertex 46.5 0.5 2.4
    endloop
  endfacet
  facet normal 0 0 1
    outer loop
      vertex 2.2 0 2.4
      vertex 27.5 3 2.4
      vertex 4.5 3 2.4
    endloop
  endfacet
  facet normal 0 0 1
    outer loop
      vertex 4 6 2.4
      vertex 2.3 4.5 2.4
      vertex 4 4 2.4
    endloop
  endfacet
  facet normal -0 0 1
    outer loop
      vertex 2.2923 4.34317 2.4
      vertex 4 4 2.4
      vertex 2.3 4.5 2.4
    endloop
  endfacet
  facet normal -0 0 1
    outer loop
      vertex 2.26926 4.18785 2.4
      vertex 4 4 2.4
      vertex 2.2923 4.34317 2.4
    endloop
  endfacet
  facet normal -0 0 1
    outer loop
      vertex 2.2311 4.03554 2.4
      vertex 4 4 2.4
      vertex 2.26926 4.18785 2.4
    endloop
  endfacet
  facet normal 0 0 1
    outer loop
      vertex 2.17821 3.88771 2.4
      vertex 4 4 2.4
      vertex 2.2311 4.03554 2.4
    endloop
  endfacet
  facet normal 0 0 1
    outer loop
      vertex 46.5 0.5 2.4
      vertex 2.2 0 2.4
      vertex 116.8 0 2.4
    endloop
  endfacet
  facet normal 0 0 1
    outer loop
      vertex 27.5 3 2.4
      vertex 2.2 0 2.4
      vertex 46.5 0.5 2.4
    endloop
  endfacet
  facet normal 0 0 1
    outer loop
      vertex 2.11107 3.74576 2.4
      vertex 4 4 2.4
      vertex 2.17821 3.88771 2.4
    endloop
  endfacet
  facet normal 0 0 1
    outer loop
      vertex 2.03035 3.61109 2.4
      vertex 4 4 2.4
      vertex 2.11107 3.74576 2.4
    endloop
  endfacet
  facet normal 0 0 1
    outer loop
      vertex 4 4 2.4
      vertex 2.03035 3.61109 2.4
      vertex 4.5 3 2.4
    endloop
  endfacet
  facet normal -0 0 1
    outer loop
      vertex 1.93682 3.48497 2.4
      vertex 4.5 3 2.4
      vertex 2.03035 3.61109 2.4
    endloop
  endfacet
  facet normal -0 0 1
    outer loop
      vertex 1.83137 3.36863 2.4
      vertex 4.5 3 2.4
      vertex 1.93682 3.48497 2.4
    endloop
  endfacet
  facet normal -0 0 1
    outer loop
      vertex 1.71503 3.26318 2.4
      vertex 4.5 3 2.4
      vertex 1.83137 3.36863 2.4
    endloop
  endfacet
  facet normal 0 0 1
    outer loop
      vertex 4.5 3 2.4
      vertex 1.71503 3.26318 2.4
      vertex 2.2 0 2.4
    endloop
  endfacet
  facet normal -0 0 1
    outer loop
      vertex 1.58891 3.16965 2.4
      vertex 2.2 0 2.4
      vertex 1.71503 3.26318 2.4
    endloop
  endfacet
  facet normal -0 0 1
    outer loop
      vertex 1.45423 3.08893 2.4
      vertex 2.2 0 2.4
      vertex 1.58891 3.16965 2.4
    endloop
  endfacet
  facet normal 0 0 1
    outer loop
      vertex 2.2 0 2.4
      vertex 1.45423 3.08893 2.4
      vertex 1.98436 0.0105896 2.4
    endloop
  endfacet
  facet normal 0 0 1
    outer loop
      vertex 1.98436 0.0105896 2.4
      vertex 1.45423 3.08893 2.4
      vertex 1.7708 0.0422668 2.4
    endloop
  endfacet
  facet normal 0 0 1
    outer loop
      vertex 1.7708 0.0422668 2.4
      vertex 1.45423 3.08893 2.4
      vertex 1.56137 0.0947266 2.4
    endloop
  endfacet
  facet normal -0 0 1
    outer loop
      vertex 1.31229 3.02179 2.4
      vertex 1.56137 0.0947266 2.4
      vertex 1.45423 3.08893 2.4
    endloop
  endfacet
  facet normal 0 0 1
    outer loop
      vertex 1.56137 0.0947266 2.4
      vertex 1.31229 3.02179 2.4
      vertex 1.35809 0.16745 2.4
    endloop
  endfacet
  facet normal 0 0 1
    outer loop
      vertex 0.804321 0.499374 2.4
      vertex 1.31229 3.02179 2.4
      vertex 1.16446 2.96889 2.4
    endloop
  endfacet
  facet normal 0 0 1
    outer loop
      vertex 1.31229 3.02179 2.4
      vertex 1.16292 0.259766 2.4
      vertex 1.35809 0.16745 2.4
    endloop
  endfacet
  facet normal 0 0 1
    outer loop
      vertex 0.370758 0.977737 2.4
      vertex 1.16446 2.96889 2.4
      vertex 1.01214 2.93074 2.4
    endloop
  endfacet
  facet normal 0 0 1
    outer loop
      vertex 1.31229 3.02179 2.4
      vertex 0.977737 0.370758 2.4
      vertex 1.16292 0.259766 2.4
    endloop
  endfacet
  facet normal 0 0 1
    outer loop
      vertex 0.0947266 1.56137 2.4
      vertex 1.01214 2.93074 2.4
      vertex 0.856827 2.9077 2.4
    endloop
  endfacet
  facet normal 0 0 1
    outer loop
      vertex 1.31229 3.02179 2.4
      vertex 0.804321 0.499374 2.4
      vertex 0.977737 0.370758 2.4
    endloop
  endfacet
  facet normal 0 0 1
    outer loop
      vertex 0.0105896 1.98436 2.4
      vertex 0.856827 2.9077 2.4
      vertex 0.7 2.9 2.4
    endloop
  endfacet
  facet normal 0 0 1
    outer loop
      vertex 1.16446 2.96889 2.4
      vertex 0.644363 0.644363 2.4
      vertex 0.804321 0.499374 2.4
    endloop
  endfacet
  facet normal 0 0 1
    outer loop
      vertex 0 2.2 2.4
      vertex 0.7 2.9 2.4
      vertex 0.543172 2.9077 2.4
    endloop
  endfacet
  facet normal 0 0 1
    outer loop
      vertex 1.16446 2.96889 2.4
      vertex 0.499374 0.804321 2.4
      vertex 0.644363 0.644363 2.4
    endloop
  endfacet
  facet normal 0 0 1
    outer loop
      vertex 0 2.2 2.4
      vertex 0.543172 2.9077 2.4
      vertex 0.387855 2.93074 2.4
    endloop
  endfacet
  facet normal 0 0 1
    outer loop
      vertex 1.16446 2.96889 2.4
      vertex 0.370758 0.977737 2.4
      vertex 0.499374 0.804321 2.4
    endloop
  endfacet
  facet normal 0 0 1
    outer loop
      vertex 1.01214 2.93074 2.4
      vertex 0.259766 1.16292 2.4
      vertex 0.370758 0.977737 2.4
    endloop
  endfacet
  facet normal 0 0 1
    outer loop
      vertex 0 2.2 2.4
      vertex 0.387855 2.93074 2.4
      vertex 0.235544 2.96889 2.4
    endloop
  endfacet
  facet normal 0 0 1
    outer loop
      vertex 1.01214 2.93074 2.4
      vertex 0.16745 1.35809 2.4
      vertex 0.259766 1.16292 2.4
    endloop
  endfacet
  facet normal 0 0 1
    outer loop
      vertex 1.01214 2.93074 2.4
      vertex 0.0947266 1.56137 2.4
      vertex 0.16745 1.35809 2.4
    endloop
  endfacet
  facet normal 0 0 1
    outer loop
      vertex 0 2.2 2.4
      vertex 0.235544 2.96889 2.4
      vertex 0.0877056 3.02179 2.4
    endloop
  endfacet
  facet normal 0 0 1
    outer loop
      vertex 0.7 2.9 2.4
      vertex 0 2.2 2.4
      vertex 0.0105896 1.98436 2.4
    endloop
  endfacet
  facet normal 0 0 1
    outer loop
      vertex 0.856827 2.9077 2.4
      vertex 0.0422668 1.7708 2.4
      vertex 0.0947266 1.56137 2.4
    endloop
  endfacet
  facet normal 0 0 1
    outer loop
      vertex 0 2.2 2.4
      vertex 0.0877056 3.02179 2.4
      vertex 0 3.06327 2.4
    endloop
  endfacet
  facet normal 0 0 1
    outer loop
      vertex 0.856827 2.9077 2.4
      vertex 0.0105896 1.98436 2.4
      vertex 0.0422668 1.7708 2.4
    endloop
  endfacet
  facet normal -0 0 1
    outer loop
      vertex 46.5 27.5 2.4
      vertex 47.5 27 2.4
      vertex 47.5 27.5 2.4
    endloop
  endfacet
  facet normal 0 0 1
    outer loop
      vertex 47.5 27 2.4
      vertex 46.5 27.5 2.4
      vertex 4 27 2.4
    endloop
  endfacet
  facet normal 0 0 -1
    outer loop
      vertex 2.17821 5.11229 0
      vertex 4 6 0
      vertex 2.2311 4.96445 0
    endloop
  endfacet
  facet normal 0 0 -1
    outer loop
      vertex 4 22 0
      vertex 2.2923 26.3432 0
      vertex 2.3 26.5 0
    endloop
  endfacet
  facet normal 0 0 -1
    outer loop
      vertex 2.11107 5.25423 0
      vertex 4 6 0
      vertex 2.17821 5.11229 0
    endloop
  endfacet
  facet normal 0 0 -1
    outer loop
      vertex 4 22 0
      vertex 2.26926 26.1879 0
      vertex 2.2923 26.3432 0
    endloop
  endfacet
  facet normal 0 0 -1
    outer loop
      vertex 2.03035 5.38891 0
      vertex 4 6 0
      vertex 2.11107 5.25423 0
    endloop
  endfacet
  facet normal 0 0 -1
    outer loop
      vertex 4 22 0
      vertex 2.2311 26.0355 0
      vertex 2.26926 26.1879 0
    endloop
  endfacet
  facet normal 0 0 -1
    outer loop
      vertex 1.93682 5.51503 0
      vertex 4 6 0
      vertex 2.03035 5.38891 0
    endloop
  endfacet
  facet normal 0 0 -1
    outer loop
      vertex 4 22 0
      vertex 2.17821 25.8877 0
      vertex 2.2311 26.0355 0
    endloop
  endfacet
  facet normal 0 0 -1
    outer loop
      vertex 1.83137 5.63137 0
      vertex 4 6 0
      vertex 1.93682 5.51503 0
    endloop
  endfacet
  facet normal 0 0 -1
    outer loop
      vertex 4 22 0
      vertex 2.11107 25.7458 0
      vertex 2.17821 25.8877 0
    endloop
  endfacet
  facet normal 0 0 -1
    outer loop
      vertex 1.71503 5.73682 0
      vertex 4 6 0
      vertex 1.83137 5.63137 0
    endloop
  endfacet
  facet normal 0 0 -1
    outer loop
      vertex 4 22 0
      vertex 2.03035 25.6111 0
      vertex 2.11107 25.7458 0
    endloop
  endfacet
  facet normal 0 0 -1
    outer loop
      vertex 1.58891 5.83035 0
      vertex 4 6 0
      vertex 1.71503 5.73682 0
    endloop
  endfacet
  facet normal 0 0 -1
    outer loop
      vertex 4 22 0
      vertex 1.93682 25.485 0
      vertex 2.03035 25.6111 0
    endloop
  endfacet
  facet normal -0 0 -1
    outer loop
      vertex 4 6 0
      vertex 1.58891 5.83035 0
      vertex 4 9 0
    endloop
  endfacet
  facet normal 0 0 -1
    outer loop
      vertex 4 22 0
      vertex 1.83137 25.3686 0
      vertex 1.93682 25.485 0
    endloop
  endfacet
  facet normal 0 0 -1
    outer loop
      vertex 1.45423 5.91107 0
      vertex 4 9 0
      vertex 1.58891 5.83035 0
    endloop
  endfacet
  facet normal 0 0 -1
    outer loop
      vertex 4 22 0
      vertex 1.71503 25.2632 0
      vertex 1.83137 25.3686 0
    endloop
  endfacet
  facet normal 0 0 -1
    outer loop
      vertex 1.31229 5.97821 0
      vertex 4 9 0
      vertex 1.45423 5.91107 0
    endloop
  endfacet
  facet normal 0 0 -1
    outer loop
      vertex 4 22 0
      vertex 1.58891 25.1696 0
      vertex 1.71503 25.2632 0
    endloop
  endfacet
  facet normal 0 0 -1
    outer loop
      vertex 1.16446 6.0311 0
      vertex 4 9 0
      vertex 1.31229 5.97821 0
    endloop
  endfacet
  facet normal 0 0 -1
    outer loop
      vertex 4 22 0
      vertex 1.45423 25.0889 0
      vertex 1.58891 25.1696 0
    endloop
  endfacet
  facet normal 0 0 -1
    outer loop
      vertex 1.01214 6.06926 0
      vertex 4 9 0
      vertex 1.16446 6.0311 0
    endloop
  endfacet
  facet normal 0 0 -1
    outer loop
      vertex 4 22 0
      vertex 1.31229 25.0218 0
      vertex 1.45423 25.0889 0
    endloop
  endfacet
  facet normal 0 0 -1
    outer loop
      vertex 0.856827 6.09229 0
      vertex 4 9 0
      vertex 1.01214 6.06926 0
    endloop
  endfacet
  facet normal 0 0 -1
    outer loop
      vertex 4 22 0
      vertex 1.16446 24.9689 0
      vertex 1.31229 25.0218 0
    endloop
  endfacet
  facet normal 0 0 -1
    outer loop
      vertex 0.7 6.1 0
      vertex 4 9 0
      vertex 0.856827 6.09229 0
    endloop
  endfacet
  facet normal 0 0 -1
    outer loop
      vertex 4 22 0
      vertex 1.01214 24.9307 0
      vertex 1.16446 24.9689 0
    endloop
  endfacet
  facet normal 0 0 -1
    outer loop
      vertex 0.543172 6.09229 0
      vertex 4 9 0
      vertex 0.7 6.1 0
    endloop
  endfacet
  facet normal 0 0 -1
    outer loop
      vertex 4 22 0
      vertex 0.856827 24.9077 0
      vertex 1.01214 24.9307 0
    endloop
  endfacet
  facet normal 0 0 -1
    outer loop
      vertex 0.387855 6.06926 0
      vertex 4 9 0
      vertex 0.543172 6.09229 0
    endloop
  endfacet
  facet normal 0 0 -1
    outer loop
      vertex 4 22 0
      vertex 0.7 24.9 0
      vertex 0.856827 24.9077 0
    endloop
  endfacet
  facet normal 0 0 -1
    outer loop
      vertex 0.235544 6.0311 0
      vertex 4 9 0
      vertex 0.387855 6.06926 0
    endloop
  endfacet
  facet normal 0 0 -1
    outer loop
      vertex 4 22 0
      vertex 0.543172 24.9077 0
      vertex 0.7 24.9 0
    endloop
  endfacet
  facet normal 0 0 -1
    outer loop
      vertex 0.0877056 5.97821 0
      vertex 4 9 0
      vertex 0.235544 6.0311 0
    endloop
  endfacet
  facet normal 0 0 -1
    outer loop
      vertex 4 22 0
      vertex 0.387855 24.9307 0
      vertex 0.543172 24.9077 0
    endloop
  endfacet
  facet normal -0 0 -1
    outer loop
      vertex 4 9 0
      vertex 0.0877056 5.97821 0
      vertex 4 22 0
    endloop
  endfacet
  facet normal 0 0 -1
    outer loop
      vertex 4 22 0
      vertex 0.235544 24.9689 0
      vertex 0.387855 24.9307 0
    endloop
  endfacet
  facet normal 0 0 -1
    outer loop
      vertex 0.0877056 25.0218 0
      vertex 4 22 0
      vertex 0.0877056 5.97821 0
    endloop
  endfacet
  facet normal 0 0 -1
    outer loop
      vertex 4 22 0
      vertex 0.0877056 25.0218 0
      vertex 0.235544 24.9689 0
    endloop
  endfacet
  facet normal 0 0 -1
    outer loop
      vertex 0 5.93672 0
      vertex 0.0877056 25.0218 0
      vertex 0.0877056 5.97821 0
    endloop
  endfacet
  facet normal -0 0 -1
    outer loop
      vertex 0.0877056 25.0218 0
      vertex 0 5.93672 0
      vertex 0 25.0633 0
    endloop
  endfacet
  facet normal 0 0 -1
    outer loop
      vertex 47.5 27 0
      vertex 4 27 0
      vertex 47.5 30.5 0
    endloop
  endfacet
  facet normal 0 0 -1
    outer loop
      vertex 118.3 2.9 0
      vertex 119 2.2 0
      vertex 118.989 1.98436 0
    endloop
  endfacet
  facet normal 0 0 -1
    outer loop
      vertex 118.143 2.9077 0
      vertex 118.989 1.98436 0
      vertex 118.958 1.7708 0
    endloop
  endfacet
  facet normal 0 0 -1
    outer loop
      vertex 119 2.2 0
      vertex 118.912 3.02179 0
      vertex 119 3.06327 0
    endloop
  endfacet
  facet normal 0 0 -1
    outer loop
      vertex 118.143 2.9077 0
      vertex 118.958 1.7708 0
      vertex 118.905 1.56137 0
    endloop
  endfacet
  facet normal 0 0 -1
    outer loop
      vertex 117.988 2.93074 0
      vertex 118.905 1.56137 0
      vertex 118.833 1.35809 0
    endloop
  endfacet
  facet normal 0 0 -1
    outer loop
      vertex 119 2.2 0
      vertex 118.764 2.96889 0
      vertex 118.912 3.02179 0
    endloop
  endfacet
  facet normal 0 0 -1
    outer loop
      vertex 117.988 2.93074 0
      vertex 118.833 1.35809 0
      vertex 118.74 1.16292 0
    endloop
  endfacet
  facet normal 0 0 -1
    outer loop
      vertex 117.988 2.93074 0
      vertex 118.74 1.16292 0
      vertex 118.629 0.977737 0
    endloop
  endfacet
  facet normal 0 0 -1
    outer loop
      vertex 119 2.2 0
      vertex 118.612 2.93074 0
      vertex 118.764 2.96889 0
    endloop
  endfacet
  facet normal 0 0 -1
    outer loop
      vertex 117.836 2.96889 0
      vertex 118.629 0.977737 0
      vertex 118.501 0.804321 0
    endloop
  endfacet
  facet normal 0 0 -1
    outer loop
      vertex 119 2.2 0
      vertex 118.457 2.9077 0
      vertex 118.612 2.93074 0
    endloop
  endfacet
  facet normal 0 0 -1
    outer loop
      vertex 117.836 2.96889 0
      vertex 118.501 0.804321 0
      vertex 118.356 0.644363 0
    endloop
  endfacet
  facet normal 0 0 -1
    outer loop
      vertex 119 2.2 0
      vertex 118.3 2.9 0
      vertex 118.457 2.9077 0
    endloop
  endfacet
  facet normal 0 0 -1
    outer loop
      vertex 116 2 0
      vertex 118.356 0.644363 0
      vertex 118.196 0.499374 0
    endloop
  endfacet
  facet normal 0 0 -1
    outer loop
      vertex 118.989 1.98436 0
      vertex 118.143 2.9077 0
      vertex 118.3 2.9 0
    endloop
  endfacet
  facet normal 0 0 -1
    outer loop
      vertex 116 2 0
      vertex 118.196 0.499374 0
      vertex 118.022 0.370758 0
    endloop
  endfacet
  facet normal 0 0 -1
    outer loop
      vertex 118.905 1.56137 0
      vertex 117.988 2.93074 0
      vertex 118.143 2.9077 0
    endloop
  endfacet
  facet normal 0 0 -1
    outer loop
      vertex 116 2 0
      vertex 118.022 0.370758 0
      vertex 117.837 0.259766 0
    endloop
  endfacet
  facet normal 0 0 -1
    outer loop
      vertex 118.629 0.977737 0
      vertex 117.836 2.96889 0
      vertex 117.988 2.93074 0
    endloop
  endfacet
  facet normal 0 0 -1
    outer loop
      vertex 118.356 0.644363 0
      vertex 116 2 0
      vertex 117.836 2.96889 0
    endloop
  endfacet
  facet normal 0 0 -1
    outer loop
      vertex 116 2 0
      vertex 117.837 0.259766 0
      vertex 117.642 0.16745 0
    endloop
  endfacet
  facet normal -0 0 -1
    outer loop
      vertex 117.836 2.96889 0
      vertex 116 2 0
      vertex 117.688 3.02179 0
    endloop
  endfacet
  facet normal 0 0 -1
    outer loop
      vertex 116 2 0
      vertex 117.642 0.16745 0
      vertex 117.439 0.0947266 0
    endloop
  endfacet
  facet normal -0 0 -1
    outer loop
      vertex 117.688 3.02179 0
      vertex 116 2 0
      vertex 117.546 3.08893 0
    endloop
  endfacet
  facet normal -0 0 -1
    outer loop
      vertex 117.546 3.08893 0
      vertex 116 2 0
      vertex 117.411 3.16965 0
    endloop
  endfacet
  facet normal 0 0 -1
    outer loop
      vertex 116 2 0
      vertex 117.439 0.0947266 0
      vertex 117.229 0.0422668 0
    endloop
  endfacet
  facet normal -0 0 -1
    outer loop
      vertex 117.411 3.16965 0
      vertex 116 2 0
      vertex 117.285 3.26318 0
    endloop
  endfacet
  facet normal -0 0 -1
    outer loop
      vertex 117.285 3.26318 0
      vertex 116 2 0
      vertex 117.169 3.36863 0
    endloop
  endfacet
  facet normal 0 0 -1
    outer loop
      vertex 116 2 0
      vertex 117.229 0.0422668 0
      vertex 117.016 0.0105896 0
    endloop
  endfacet
  facet normal -0 0 -1
    outer loop
      vertex 117.169 3.36863 0
      vertex 116 2 0
      vertex 117.063 3.48497 0
    endloop
  endfacet
  facet normal -0 0 -1
    outer loop
      vertex 117.063 3.48497 0
      vertex 116 2 0
      vertex 116.97 3.61109 0
    endloop
  endfacet
  facet normal -0 0 -1
    outer loop
      vertex 116.97 3.61109 0
      vertex 116 2 0
      vertex 116.889 3.74576 0
    endloop
  endfacet
  facet normal 0 0 -1
    outer loop
      vertex 116 2 0
      vertex 117.016 0.0105896 0
      vertex 116.8 0 0
    endloop
  endfacet
  facet normal -0 0 -1
    outer loop
      vertex 116.889 3.74576 0
      vertex 116 2 0
      vertex 116.822 3.88771 0
    endloop
  endfacet
  facet normal -0 0 -1
    outer loop
      vertex 116.822 3.88771 0
      vertex 116 2 0
      vertex 116.769 4.03554 0
    endloop
  endfacet
  facet normal -0 0 -1
    outer loop
      vertex 116.769 4.03554 0
      vertex 116 2 0
      vertex 116.731 4.18785 0
    endloop
  endfacet
  facet normal -0 0 -1
    outer loop
      vertex 116.731 4.18785 0
      vertex 116 2 0
      vertex 116.708 4.34317 0
    endloop
  endfacet
  facet normal 0 0 -1
    outer loop
      vertex 116.731 26.1879 0
      vertex 116 29 0
      vertex 116.708 26.3432 0
    endloop
  endfacet
  facet normal -0 0 -1
    outer loop
      vertex 116.708 4.34317 0
      vertex 116 2 0
      vertex 116.7 4.5 0
    endloop
  endfacet
  facet normal 0 0 -1
    outer loop
      vertex 116.8 0 0
      vertex 115.34 0.5 0
      vertex 116 2 0
    endloop
  endfacet
  facet normal 0 0 -1
    outer loop
      vertex 116.8 0 0
      vertex 47.5 0.5 0
      vertex 115.34 0.5 0
    endloop
  endfacet
  facet normal 0 0 -1
    outer loop
      vertex 47.5 0.5 0
      vertex 4 4 0
      vertex 47.5 4 0
    endloop
  endfacet
  facet normal 0 0 -1
    outer loop
      vertex 2.2923 4.65683 0
      vertex 4 4 0
      vertex 2.3 4.5 0
    endloop
  endfacet
  facet normal 0 0 -1
    outer loop
      vertex 2.26926 4.81214 0
      vertex 4 4 0
      vertex 2.2923 4.65683 0
    endloop
  endfacet
  facet normal 0 0 -1
    outer loop
      vertex 4 4 0
      vertex 2.26926 4.81214 0
      vertex 4 6 0
    endloop
  endfacet
  facet normal 0 0 -1
    outer loop
      vertex 2.2311 4.96445 0
      vertex 4 6 0
      vertex 2.26926 4.81214 0
    endloop
  endfacet
  facet normal 0 0 -1
    outer loop
      vertex 4 22 0
      vertex 2.3 26.5 0
      vertex 4 25 0
    endloop
  endfacet
  facet normal 0 0 -1
    outer loop
      vertex 4 4 0
      vertex 2.2923 4.34317 0
      vertex 2.3 4.5 0
    endloop
  endfacet
  facet normal 0 0 -1
    outer loop
      vertex 4 4 0
      vertex 2.26926 4.18785 0
      vertex 2.2923 4.34317 0
    endloop
  endfacet
  facet normal 0 0 -1
    outer loop
      vertex 4 4 0
      vertex 2.2311 4.03554 0
      vertex 2.26926 4.18785 0
    endloop
  endfacet
  facet normal 0 0 -1
    outer loop
      vertex 2.2 0 0
      vertex 4 4 0
      vertex 47.5 0.5 0
    endloop
  endfacet
  facet normal 0 0 -1
    outer loop
      vertex 2.2 0 0
      vertex 47.5 0.5 0
      vertex 116.8 0 0
    endloop
  endfacet
  facet normal 0 0 -1
    outer loop
      vertex 1.83137 3.36863 0
      vertex 4 4 0
      vertex 2.2 0 0
    endloop
  endfacet
  facet normal -0 0 -1
    outer loop
      vertex 4 4 0
      vertex 2.17821 3.88771 0
      vertex 2.2311 4.03554 0
    endloop
  endfacet
  facet normal 0 0 -1
    outer loop
      vertex 4 4 0
      vertex 2.11107 3.74576 0
      vertex 2.17821 3.88771 0
    endloop
  endfacet
  facet normal 0 0 -1
    outer loop
      vertex 4 4 0
      vertex 2.03035 3.61109 0
      vertex 2.11107 3.74576 0
    endloop
  endfacet
  facet normal 0 0 -1
    outer loop
      vertex 1.45423 3.08893 0
      vertex 2.2 0 0
      vertex 1.98436 0.0105896 0
    endloop
  endfacet
  facet normal 0 0 -1
    outer loop
      vertex 4 4 0
      vertex 1.93682 3.48497 0
      vertex 2.03035 3.61109 0
    endloop
  endfacet
  facet normal 0 0 -1
    outer loop
      vertex 4 4 0
      vertex 1.83137 3.36863 0
      vertex 1.93682 3.48497 0
    endloop
  endfacet
  facet normal 0 0 -1
    outer loop
      vertex 1.45423 3.08893 0
      vertex 1.98436 0.0105896 0
      vertex 1.7708 0.0422668 0
    endloop
  endfacet
  facet normal 0 0 -1
    outer loop
      vertex 2.2 0 0
      vertex 1.71503 3.26318 0
      vertex 1.83137 3.36863 0
    endloop
  endfacet
  facet normal 0 0 -1
    outer loop
      vertex 2.2 0 0
      vertex 1.58891 3.16965 0
      vertex 1.71503 3.26318 0
    endloop
  endfacet
  facet normal 0 0 -1
    outer loop
      vertex 1.45423 3.08893 0
      vertex 1.7708 0.0422668 0
      vertex 1.56137 0.0947266 0
    endloop
  endfacet
  facet normal 0 0 -1
    outer loop
      vertex 2.2 0 0
      vertex 1.45423 3.08893 0
      vertex 1.58891 3.16965 0
    endloop
  endfacet
  facet normal 0 0 -1
    outer loop
      vertex 1.31229 3.02179 0
      vertex 1.56137 0.0947266 0
      vertex 1.35809 0.16745 0
    endloop
  endfacet
  facet normal 0 0 -1
    outer loop
      vertex 1.56137 0.0947266 0
      vertex 1.31229 3.02179 0
      vertex 1.45423 3.08893 0
    endloop
  endfacet
  facet normal 0 0 -1
    outer loop
      vertex 1.16292 0.259766 0
      vertex 1.31229 3.02179 0
      vertex 1.35809 0.16745 0
    endloop
  endfacet
  facet normal 0 0 -1
    outer loop
      vertex 0.977737 0.370758 0
      vertex 1.31229 3.02179 0
      vertex 1.16292 0.259766 0
    endloop
  endfacet
  facet normal 0 0 -1
    outer loop
      vertex 0.804321 0.499374 0
      vertex 1.31229 3.02179 0
      vertex 0.977737 0.370758 0
    endloop
  endfacet
  facet normal 0 0 -1
    outer loop
      vertex 1.31229 3.02179 0
      vertex 0.804321 0.499374 0
      vertex 1.16446 2.96889 0
    endloop
  endfacet
  facet normal 0 0 -1
    outer loop
      vertex 0.644363 0.644363 0
      vertex 1.16446 2.96889 0
      vertex 0.804321 0.499374 0
    endloop
  endfacet
  facet normal 0 0 -1
    outer loop
      vertex 0.499374 0.804321 0
      vertex 1.16446 2.96889 0
      vertex 0.644363 0.644363 0
    endloop
  endfacet
  facet normal 0 0 -1
    outer loop
      vertex 0.370758 0.977737 0
      vertex 1.16446 2.96889 0
      vertex 0.499374 0.804321 0
    endloop
  endfacet
  facet normal 0 0 -1
    outer loop
      vertex 1.16446 2.96889 0
      vertex 0.370758 0.977737 0
      vertex 1.01214 2.93074 0
    endloop
  endfacet
  facet normal 0 0 -1
    outer loop
      vertex 0.259766 1.16292 0
      vertex 1.01214 2.93074 0
      vertex 0.370758 0.977737 0
    endloop
  endfacet
  facet normal 0 0 -1
    outer loop
      vertex 0.16745 1.35809 0
      vertex 1.01214 2.93074 0
      vertex 0.259766 1.16292 0
    endloop
  endfacet
  facet normal 0 0 -1
    outer loop
      vertex 0.0947266 1.56137 0
      vertex 1.01214 2.93074 0
      vertex 0.16745 1.35809 0
    endloop
  endfacet
  facet normal 0 0 -1
    outer loop
      vertex 1.01214 2.93074 0
      vertex 0.0947266 1.56137 0
      vertex 0.856827 2.9077 0
    endloop
  endfacet
  facet normal 0 0 -1
    outer loop
      vertex 0.0422668 1.7708 0
      vertex 0.856827 2.9077 0
      vertex 0.0947266 1.56137 0
    endloop
  endfacet
  facet normal 0 0 -1
    outer loop
      vertex 0.0105896 1.98436 0
      vertex 0.856827 2.9077 0
      vertex 0.0422668 1.7708 0
    endloop
  endfacet
  facet normal 0 0 -1
    outer loop
      vertex 0.856827 2.9077 0
      vertex 0.0105896 1.98436 0
      vertex 0.7 2.9 0
    endloop
  endfacet
  facet normal 0 0 -1
    outer loop
      vertex 0 2.2 0
      vertex 0.7 2.9 0
      vertex 0.0105896 1.98436 0
    endloop
  endfacet
  facet normal -0 0 -1
    outer loop
      vertex 0.7 2.9 0
      vertex 0 2.2 0
      vertex 0.543172 2.9077 0
    endloop
  endfacet
  facet normal -0 0 -1
    outer loop
      vertex 0.543172 2.9077 0
      vertex 0 2.2 0
      vertex 0.387855 2.93074 0
    endloop
  endfacet
  facet normal -0 0 -1
    outer loop
      vertex 0.387855 2.93074 0
      vertex 0 2.2 0
      vertex 0.235544 2.96889 0
    endloop
  endfacet
  facet normal -0 0 -1
    outer loop
      vertex 0.235544 2.96889 0
      vertex 0 2.2 0
      vertex 0.0877056 3.02179 0
    endloop
  endfacet
  facet normal -0 0 -1
    outer loop
      vertex 0.0877056 3.02179 0
      vertex 0 2.2 0
      vertex 0 3.06327 0
    endloop
  endfacet
  facet normal 0 0 -1
    outer loop
      vertex 118.912 5.97821 0
      vertex 119 25.0633 0
      vertex 119 5.93672 0
    endloop
  endfacet
  facet normal 0 0 -1
    outer loop
      vertex 118.912 5.97821 0
      vertex 118.912 25.0218 0
      vertex 119 25.0633 0
    endloop
  endfacet
  facet normal 0 0 -1
    outer loop
      vertex 118.764 6.0311 0
      vertex 118.912 25.0218 0
      vertex 118.912 5.97821 0
    endloop
  endfacet
  facet normal 0 0 -1
    outer loop
      vertex 118.764 6.0311 0
      vertex 118.764 24.9689 0
      vertex 118.912 25.0218 0
    endloop
  endfacet
  facet normal 0 0 -1
    outer loop
      vertex 118.612 6.06926 0
      vertex 118.764 24.9689 0
      vertex 118.764 6.0311 0
    endloop
  endfacet
  facet normal 0 0 -1
    outer loop
      vertex 118.612 6.06926 0
      vertex 118.612 24.9307 0
      vertex 118.764 24.9689 0
    endloop
  endfacet
  facet normal 0 0 -1
    outer loop
      vertex 118.457 6.09229 0
      vertex 118.612 24.9307 0
      vertex 118.612 6.06926 0
    endloop
  endfacet
  facet normal 0 0 -1
    outer loop
      vertex 118.457 6.09229 0
      vertex 118.457 24.9077 0
      vertex 118.612 24.9307 0
    endloop
  endfacet
  facet normal 0 0 -1
    outer loop
      vertex 118.3 6.1 0
      vertex 118.457 24.9077 0
      vertex 118.457 6.09229 0
    endloop
  endfacet
  facet normal 0 0 -1
    outer loop
      vertex 118.3 6.1 0
      vertex 118.3 24.9 0
      vertex 118.457 24.9077 0
    endloop
  endfacet
  facet normal 0 0 -1
    outer loop
      vertex 118.143 6.09229 0
      vertex 118.3 24.9 0
      vertex 118.3 6.1 0
    endloop
  endfacet
  facet normal 0 0 -1
    outer loop
      vertex 118.143 6.09229 0
      vertex 118.143 24.9077 0
      vertex 118.3 24.9 0
    endloop
  endfacet
  facet normal 0 0 -1
    outer loop
      vertex 117.988 6.06926 0
      vertex 118.143 24.9077 0
      vertex 118.143 6.09229 0
    endloop
  endfacet
  facet normal 0 0 -1
    outer loop
      vertex 117.988 6.06926 0
      vertex 117.988 24.9307 0
      vertex 118.143 24.9077 0
    endloop
  endfacet
  facet normal 0 0 -1
    outer loop
      vertex 117.836 6.0311 0
      vertex 117.988 24.9307 0
      vertex 117.988 6.06926 0
    endloop
  endfacet
  facet normal 0 0 -1
    outer loop
      vertex 117.836 6.0311 0
      vertex 117.836 24.9689 0
      vertex 117.988 24.9307 0
    endloop
  endfacet
  facet normal 0 0 -1
    outer loop
      vertex 117.688 5.97821 0
      vertex 117.836 24.9689 0
      vertex 117.836 6.0311 0
    endloop
  endfacet
  facet normal 0 0 -1
    outer loop
      vertex 117.688 5.97821 0
      vertex 117.688 25.0218 0
      vertex 117.836 24.9689 0
    endloop
  endfacet
  facet normal 0 0 -1
    outer loop
      vertex 117.546 5.91107 0
      vertex 117.688 25.0218 0
      vertex 117.688 5.97821 0
    endloop
  endfacet
  facet normal 0 0 -1
    outer loop
      vertex 117.546 5.91107 0
      vertex 117.546 25.0889 0
      vertex 117.688 25.0218 0
    endloop
  endfacet
  facet normal 0 0 -1
    outer loop
      vertex 117.411 5.83035 0
      vertex 117.546 25.0889 0
      vertex 117.546 5.91107 0
    endloop
  endfacet
  facet normal 0 0 -1
    outer loop
      vertex 117.411 5.83035 0
      vertex 117.411 25.1696 0
      vertex 117.546 25.0889 0
    endloop
  endfacet
  facet normal 0 0 -1
    outer loop
      vertex 117.285 5.73682 0
      vertex 117.411 25.1696 0
      vertex 117.411 5.83035 0
    endloop
  endfacet
  facet normal 0 0 -1
    outer loop
      vertex 117.285 5.73682 0
      vertex 117.285 25.2632 0
      vertex 117.411 25.1696 0
    endloop
  endfacet
  facet normal 0 0 -1
    outer loop
      vertex 117.169 5.63137 0
      vertex 117.285 25.2632 0
      vertex 117.285 5.73682 0
    endloop
  endfacet
  facet normal 0 0 -1
    outer loop
      vertex 117.169 5.63137 0
      vertex 117.169 25.3686 0
      vertex 117.285 25.2632 0
    endloop
  endfacet
  facet normal 0 0 -1
    outer loop
      vertex 117.063 5.51503 0
      vertex 117.169 25.3686 0
      vertex 117.169 5.63137 0
    endloop
  endfacet
  facet normal 0 0 -1
    outer loop
      vertex 117.063 5.51503 0
      vertex 117.063 25.485 0
      vertex 117.169 25.3686 0
    endloop
  endfacet
  facet normal 0 0 -1
    outer loop
      vertex 116.97 5.38891 0
      vertex 117.063 25.485 0
      vertex 117.063 5.51503 0
    endloop
  endfacet
  facet normal 0 0 -1
    outer loop
      vertex 116.97 5.38891 0
      vertex 116.97 25.6111 0
      vertex 117.063 25.485 0
    endloop
  endfacet
  facet normal 0 0 -1
    outer loop
      vertex 116.889 5.25423 0
      vertex 116.97 25.6111 0
      vertex 116.97 5.38891 0
    endloop
  endfacet
  facet normal 0 0 -1
    outer loop
      vertex 116.889 5.25423 0
      vertex 116.889 25.7458 0
      vertex 116.97 25.6111 0
    endloop
  endfacet
  facet normal 0 0 -1
    outer loop
      vertex 116.822 5.11229 0
      vertex 116.889 25.7458 0
      vertex 116.889 5.25423 0
    endloop
  endfacet
  facet normal 0 0 -1
    outer loop
      vertex 116.822 5.11229 0
      vertex 116.822 25.8877 0
      vertex 116.889 25.7458 0
    endloop
  endfacet
  facet normal 0 0 -1
    outer loop
      vertex 116.769 4.96445 0
      vertex 116.822 25.8877 0
      vertex 116.822 5.11229 0
    endloop
  endfacet
  facet normal 0 0 -1
    outer loop
      vertex 116.769 4.96445 0
      vertex 116.769 26.0355 0
      vertex 116.822 25.8877 0
    endloop
  endfacet
  facet normal 0 0 -1
    outer loop
      vertex 116.731 4.81214 0
      vertex 116.769 26.0355 0
      vertex 116.769 4.96445 0
    endloop
  endfacet
  facet normal 0 0 -1
    outer loop
      vertex 116.731 4.81214 0
      vertex 116.731 26.1879 0
      vertex 116.769 26.0355 0
    endloop
  endfacet
  facet normal 0 0 -1
    outer loop
      vertex 116 2 0
      vertex 116.731 4.81214 0
      vertex 116.708 4.65683 0
    endloop
  endfacet
  facet normal -0 0 -1
    outer loop
      vertex 116.731 4.81214 0
      vertex 116 2 0
      vertex 116.731 26.1879 0
    endloop
  endfacet
  facet normal 0 0 -1
    outer loop
      vertex 116 2 0
      vertex 116.708 4.65683 0
      vertex 116.7 4.5 0
    endloop
  endfacet
  facet normal 0 0 -1
    outer loop
      vertex 116 29 0
      vertex 116.731 26.1879 0
      vertex 116 2 0
    endloop
  endfacet
  facet normal 0 0 -1
    outer loop
      vertex 118.912 27.9782 0
      vertex 119 28.8 0
      vertex 119 27.9367 0
    endloop
  endfacet
  facet normal 0 0 -1
    outer loop
      vertex 118.764 28.0311 0
      vertex 119 28.8 0
      vertex 118.912 27.9782 0
    endloop
  endfacet
  facet normal 0 0 -1
    outer loop
      vertex 118.612 28.0693 0
      vertex 119 28.8 0
      vertex 118.764 28.0311 0
    endloop
  endfacet
  facet normal 0 0 -1
    outer loop
      vertex 118.457 28.0923 0
      vertex 119 28.8 0
      vertex 118.612 28.0693 0
    endloop
  endfacet
  facet normal 0 0 -1
    outer loop
      vertex 118.3 28.1 0
      vertex 119 28.8 0
      vertex 118.457 28.0923 0
    endloop
  endfacet
  facet normal -0 0 -1
    outer loop
      vertex 119 28.8 0
      vertex 118.3 28.1 0
      vertex 118.989 29.0156 0
    endloop
  endfacet
  facet normal 0 0 -1
    outer loop
      vertex 118.143 28.0923 0
      vertex 118.989 29.0156 0
      vertex 118.3 28.1 0
    endloop
  endfacet
  facet normal -0 0 -1
    outer loop
      vertex 118.989 29.0156 0
      vertex 118.143 28.0923 0
      vertex 118.958 29.2292 0
    endloop
  endfacet
  facet normal -0 0 -1
    outer loop
      vertex 118.958 29.2292 0
      vertex 118.143 28.0923 0
      vertex 118.905 29.4386 0
    endloop
  endfacet
  facet normal 0 0 -1
    outer loop
      vertex 117.988 28.0693 0
      vertex 118.905 29.4386 0
      vertex 118.143 28.0923 0
    endloop
  endfacet
  facet normal -0 0 -1
    outer loop
      vertex 118.905 29.4386 0
      vertex 117.988 28.0693 0
      vertex 118.833 29.6419 0
    endloop
  endfacet
  facet normal -0 0 -1
    outer loop
      vertex 118.833 29.6419 0
      vertex 117.988 28.0693 0
      vertex 118.74 29.8371 0
    endloop
  endfacet
  facet normal -0 0 -1
    outer loop
      vertex 118.74 29.8371 0
      vertex 117.988 28.0693 0
      vertex 118.629 30.0222 0
    endloop
  endfacet
  facet normal 0 0 -1
    outer loop
      vertex 117.836 28.0311 0
      vertex 118.629 30.0222 0
      vertex 117.988 28.0693 0
    endloop
  endfacet
  facet normal -0 0 -1
    outer loop
      vertex 118.629 30.0222 0
      vertex 117.836 28.0311 0
      vertex 118.501 30.1957 0
    endloop
  endfacet
  facet normal -0 0 -1
    outer loop
      vertex 118.501 30.1957 0
      vertex 117.836 28.0311 0
      vertex 118.356 30.3556 0
    endloop
  endfacet
  facet normal 0 0 -1
    outer loop
      vertex 116 29 0
      vertex 118.356 30.3556 0
      vertex 117.836 28.0311 0
    endloop
  endfacet
  facet normal -0 0 -1
    outer loop
      vertex 118.356 30.3556 0
      vertex 116 29 0
      vertex 118.196 30.5006 0
    endloop
  endfacet
  facet normal -0 0 -1
    outer loop
      vertex 118.196 30.5006 0
      vertex 116 29 0
      vertex 118.022 30.6292 0
    endloop
  endfacet
  facet normal 0 0 -1
    outer loop
      vertex 116 29 0
      vertex 117.836 28.0311 0
      vertex 117.688 27.9782 0
    endloop
  endfacet
  facet normal -0 0 -1
    outer loop
      vertex 118.022 30.6292 0
      vertex 116 29 0
      vertex 117.837 30.7402 0
    endloop
  endfacet
  facet normal 0 0 -1
    outer loop
      vertex 116 29 0
      vertex 117.688 27.9782 0
      vertex 117.546 27.9111 0
    endloop
  endfacet
  facet normal -0 0 -1
    outer loop
      vertex 117.837 30.7402 0
      vertex 116 29 0
      vertex 117.642 30.8325 0
    endloop
  endfacet
  facet normal 0 0 -1
    outer loop
      vertex 116 29 0
      vertex 117.546 27.9111 0
      vertex 117.411 27.8304 0
    endloop
  endfacet
  facet normal 0 0 -1
    outer loop
      vertex 116 29 0
      vertex 117.411 27.8304 0
      vertex 117.285 27.7368 0
    endloop
  endfacet
  facet normal -0 0 -1
    outer loop
      vertex 117.642 30.8325 0
      vertex 116 29 0
      vertex 117.439 30.9053 0
    endloop
  endfacet
  facet normal 0 0 -1
    outer loop
      vertex 116 29 0
      vertex 117.285 27.7368 0
      vertex 117.169 27.6314 0
    endloop
  endfacet
  facet normal 0 0 -1
    outer loop
      vertex 116 29 0
      vertex 117.169 27.6314 0
      vertex 117.063 27.515 0
    endloop
  endfacet
  facet normal -0 0 -1
    outer loop
      vertex 117.439 30.9053 0
      vertex 116 29 0
      vertex 117.229 30.9577 0
    endloop
  endfacet
  facet normal 0 0 -1
    outer loop
      vertex 116 29 0
      vertex 117.063 27.515 0
      vertex 116.97 27.3889 0
    endloop
  endfacet
  facet normal 0 0 -1
    outer loop
      vertex 116 29 0
      vertex 116.97 27.3889 0
      vertex 116.889 27.2542 0
    endloop
  endfacet
  facet normal 0 0 -1
    outer loop
      vertex 116 29 0
      vertex 116.889 27.2542 0
      vertex 116.822 27.1123 0
    endloop
  endfacet
  facet normal -0 0 -1
    outer loop
      vertex 117.229 30.9577 0
      vertex 116 29 0
      vertex 117.016 30.9894 0
    endloop
  endfacet
  facet normal 0 0 -1
    outer loop
      vertex 116 29 0
      vertex 116.822 27.1123 0
      vertex 116.769 26.9645 0
    endloop
  endfacet
  facet normal 0 0 -1
    outer loop
      vertex 116 29 0
      vertex 116.769 26.9645 0
      vertex 116.731 26.8121 0
    endloop
  endfacet
  facet normal 0 0 -1
    outer loop
      vertex 116 29 0
      vertex 116.731 26.8121 0
      vertex 116.708 26.6568 0
    endloop
  endfacet
  facet normal 0 0 -1
    outer loop
      vertex 116 29 0
      vertex 116.708 26.6568 0
      vertex 116.7 26.5 0
    endloop
  endfacet
  facet normal 0 0 -1
    outer loop
      vertex 116.708 26.3432 0
      vertex 116 29 0
      vertex 116.7 26.5 0
    endloop
  endfacet
  facet normal -0 0 -1
    outer loop
      vertex 117.016 30.9894 0
      vertex 116 29 0
      vertex 116.8 31 0
    endloop
  endfacet
  facet normal 0 0 -1
    outer loop
      vertex 115.34 30.5 0
      vertex 116 29 0
      vertex 115.34 29 0
    endloop
  endfacet
  facet normal 0 0 -1
    outer loop
      vertex 116 29 0
      vertex 115.34 30.5 0
      vertex 116.8 31 0
    endloop
  endfacet
  facet normal 0 0 -1
    outer loop
      vertex 47.5 30.5 0
      vertex 116.8 31 0
      vertex 115.34 30.5 0
    endloop
  endfacet
  facet normal 0 0 -1
    outer loop
      vertex 4 25 0
      vertex 2.3 26.5 0
      vertex 4 27 0
    endloop
  endfacet
  facet normal 0 0 -1
    outer loop
      vertex 2.2923 26.6568 0
      vertex 4 27 0
      vertex 2.3 26.5 0
    endloop
  endfacet
  facet normal 0 0 -1
    outer loop
      vertex 2.26926 26.8121 0
      vertex 4 27 0
      vertex 2.2923 26.6568 0
    endloop
  endfacet
  facet normal 0 0 -1
    outer loop
      vertex 2.2311 26.9645 0
      vertex 4 27 0
      vertex 2.26926 26.8121 0
    endloop
  endfacet
  facet normal 0 0 -1
    outer loop
      vertex 2.17821 27.1123 0
      vertex 4 27 0
      vertex 2.2311 26.9645 0
    endloop
  endfacet
  facet normal 0 0 -1
    outer loop
      vertex 47.5 30.5 0
      vertex 2.2 31 0
      vertex 116.8 31 0
    endloop
  endfacet
  facet normal 0 0 -1
    outer loop
      vertex 4 27 0
      vertex 2.2 31 0
      vertex 47.5 30.5 0
    endloop
  endfacet
  facet normal 0 0 -1
    outer loop
      vertex 2.11107 27.2542 0
      vertex 4 27 0
      vertex 2.17821 27.1123 0
    endloop
  endfacet
  facet normal 0 0 -1
    outer loop
      vertex 2.03035 27.3889 0
      vertex 4 27 0
      vertex 2.11107 27.2542 0
    endloop
  endfacet
  facet normal 0 0 -1
    outer loop
      vertex 1.93682 27.515 0
      vertex 4 27 0
      vertex 2.03035 27.3889 0
    endloop
  endfacet
  facet normal 0 0 -1
    outer loop
      vertex 1.83137 27.6314 0
      vertex 4 27 0
      vertex 1.93682 27.515 0
    endloop
  endfacet
  facet normal 0 0 -1
    outer loop
      vertex 4 27 0
      vertex 1.83137 27.6314 0
      vertex 2.2 31 0
    endloop
  endfacet
  facet normal 0 0 -1
    outer loop
      vertex 1.71503 27.7368 0
      vertex 2.2 31 0
      vertex 1.83137 27.6314 0
    endloop
  endfacet
  facet normal 0 0 -1
    outer loop
      vertex 1.58891 27.8304 0
      vertex 2.2 31 0
      vertex 1.71503 27.7368 0
    endloop
  endfacet
  facet normal 0 0 -1
    outer loop
      vertex 1.45423 27.9111 0
      vertex 2.2 31 0
      vertex 1.58891 27.8304 0
    endloop
  endfacet
  facet normal 0 0 -1
    outer loop
      vertex 2.2 31 0
      vertex 1.45423 27.9111 0
      vertex 1.98436 30.9894 0
    endloop
  endfacet
  facet normal 0 0 -1
    outer loop
      vertex 1.98436 30.9894 0
      vertex 1.45423 27.9111 0
      vertex 1.7708 30.9577 0
    endloop
  endfacet
  facet normal 0 0 -1
    outer loop
      vertex 1.7708 30.9577 0
      vertex 1.45423 27.9111 0
      vertex 1.56137 30.9053 0
    endloop
  endfacet
  facet normal 0 0 -1
    outer loop
      vertex 1.31229 27.9782 0
      vertex 1.56137 30.9053 0
      vertex 1.45423 27.9111 0
    endloop
  endfacet
  facet normal 0 0 -1
    outer loop
      vertex 1.56137 30.9053 0
      vertex 1.31229 27.9782 0
      vertex 1.35809 30.8325 0
    endloop
  endfacet
  facet normal 0 0 -1
    outer loop
      vertex 0.804321 30.5006 0
      vertex 1.31229 27.9782 0
      vertex 1.16446 28.0311 0
    endloop
  endfacet
  facet normal 0 0 -1
    outer loop
      vertex 1.31229 27.9782 0
      vertex 1.16292 30.7402 0
      vertex 1.35809 30.8325 0
    endloop
  endfacet
  facet normal 0 0 -1
    outer loop
      vertex 0.370758 30.0222 0
      vertex 1.16446 28.0311 0
      vertex 1.01214 28.0693 0
    endloop
  endfacet
  facet normal 0 0 -1
    outer loop
      vertex 1.31229 27.9782 0
      vertex 0.977737 30.6292 0
      vertex 1.16292 30.7402 0
    endloop
  endfacet
  facet normal 0 0 -1
    outer loop
      vertex 0.0947266 29.4386 0
      vertex 1.01214 28.0693 0
      vertex 0.856827 28.0923 0
    endloop
  endfacet
  facet normal 0 0 -1
    outer loop
      vertex 1.31229 27.9782 0
      vertex 0.804321 30.5006 0
      vertex 0.977737 30.6292 0
    endloop
  endfacet
  facet normal 0 0 -1
    outer loop
      vertex 0.0105896 29.0156 0
      vertex 0.856827 28.0923 0
      vertex 0.7 28.1 0
    endloop
  endfacet
  facet normal 0 0 -1
    outer loop
      vertex 1.16446 28.0311 0
      vertex 0.644363 30.3556 0
      vertex 0.804321 30.5006 0
    endloop
  endfacet
  facet normal 0 0 -1
    outer loop
      vertex 0 28.8 0
      vertex 0.7 28.1 0
      vertex 0.543172 28.0923 0
    endloop
  endfacet
  facet normal 0 0 -1
    outer loop
      vertex 1.16446 28.0311 0
      vertex 0.499374 30.1957 0
      vertex 0.644363 30.3556 0
    endloop
  endfacet
  facet normal 0 0 -1
    outer loop
      vertex 0 28.8 0
      vertex 0.543172 28.0923 0
      vertex 0.387855 28.0693 0
    endloop
  endfacet
  facet normal 0 0 -1
    outer loop
      vertex 1.16446 28.0311 0
      vertex 0.370758 30.0222 0
      vertex 0.499374 30.1957 0
    endloop
  endfacet
  facet normal 0 0 -1
    outer loop
      vertex 1.01214 28.0693 0
      vertex 0.259766 29.8371 0
      vertex 0.370758 30.0222 0
    endloop
  endfacet
  facet normal 0 0 -1
    outer loop
      vertex 0 28.8 0
      vertex 0.387855 28.0693 0
      vertex 0.235544 28.0311 0
    endloop
  endfacet
  facet normal 0 0 -1
    outer loop
      vertex 1.01214 28.0693 0
      vertex 0.16745 29.6419 0
      vertex 0.259766 29.8371 0
    endloop
  endfacet
  facet normal 0 0 -1
    outer loop
      vertex 1.01214 28.0693 0
      vertex 0.0947266 29.4386 0
      vertex 0.16745 29.6419 0
    endloop
  endfacet
  facet normal 0 0 -1
    outer loop
      vertex 0 28.8 0
      vertex 0.235544 28.0311 0
      vertex 0.0877056 27.9782 0
    endloop
  endfacet
  facet normal 0 0 -1
    outer loop
      vertex 0.7 28.1 0
      vertex 0 28.8 0
      vertex 0.0105896 29.0156 0
    endloop
  endfacet
  facet normal 0 0 -1
    outer loop
      vertex 0.856827 28.0923 0
      vertex 0.0422668 29.2292 0
      vertex 0.0947266 29.4386 0
    endloop
  endfacet
  facet normal 0 0 -1
    outer loop
      vertex 0 28.8 0
      vertex 0.0877056 27.9782 0
      vertex 0 27.9367 0
    endloop
  endfacet
  facet normal 0 0 -1
    outer loop
      vertex 0.856827 28.0923 0
      vertex 0.0105896 29.0156 0
      vertex 0.0422668 29.2292 0
    endloop
  endfacet
  facet normal -0 0 -1
    outer loop
      vertex 116 2 0
      vertex 115.34 0.5 0
      vertex 115.34 2 0
    endloop
  endfacet
  facet normal 0 0 -1
    outer loop
      vertex 4 6 0
      vertex 90.5 9 0
      vertex 90.5 6 0
    endloop
  endfacet
  facet normal -0 0 -1
    outer loop
      vertex 90.5 9 0
      vertex 4 6 0
      vertex 4 9 0
    endloop
  endfacet
  facet normal 0 0 -1
    outer loop
      vertex 4 22 0
      vertex 90.5 25 0
      vertex 90.5 22 0
    endloop
  endfacet
  facet normal -0 0 -1
    outer loop
      vertex 90.5 25 0
      vertex 4 22 0
      vertex 4 25 0
    endloop
  endfacet
  facet normal 1 -0 0
    outer loop
      vertex 4 9 2.4
      vertex 4 22 0
      vertex 4 22 2.4
    endloop
  endfacet
  facet normal 1 0 0
    outer loop
      vertex 4 22 0
      vertex 4 9 2.4
      vertex 4 9 0
    endloop
  endfacet
  facet normal 1 -0 0
    outer loop
      vertex 4 4 2.4
      vertex 4 6 0
      vertex 4 6 2.4
    endloop
  endfacet
  facet normal 1 0 0
    outer loop
      vertex 4 6 0
      vertex 4 4 2.4
      vertex 4 4 0
    endloop
  endfacet
  facet normal 1 -0 0
    outer loop
      vertex 4 25 2.4
      vertex 4 27 0
      vertex 4 27 2.4
    endloop
  endfacet
  facet normal 1 0 0
    outer loop
      vertex 4 27 0
      vertex 4 25 2.4
      vertex 4 25 0
    endloop
  endfacet
  facet normal 0 -1 0
    outer loop
      vertex 4 27 0
      vertex 47.5 27 2.4
      vertex 4 27 2.4
    endloop
  endfacet
  facet normal 0 -1 -0
    outer loop
      vertex 47.5 27 2.4
      vertex 4 27 0
      vertex 47.5 27 0
    endloop
  endfacet
  facet normal 0 1 -0
    outer loop
      vertex 47.5 4 0
      vertex 27.5 4 2.4
      vertex 47.5 4 2.4
    endloop
  endfacet
  facet normal 0 1 0
    outer loop
      vertex 4 4 0
      vertex 27.5 4 2.4
      vertex 47.5 4 0
    endloop
  endfacet
  facet normal 0 1 0
    outer loop
      vertex 27.5 4 2.4
      vertex 4 4 0
      vertex 4.5 4 2.4
    endloop
  endfacet
  facet normal 0 1 0
    outer loop
      vertex 4.5 4 2.4
      vertex 4 4 0
      vertex 4 4 2.4
    endloop
  endfacet
  facet normal 0 1 -0
    outer loop
      vertex 90.5 9 0
      vertex 4 9 2.4
      vertex 90.5 9 2.4
    endloop
  endfacet
  facet normal 0 1 0
    outer loop
      vertex 4 9 2.4
      vertex 90.5 9 0
      vertex 4 9 0
    endloop
  endfacet
  facet normal 0 -1 0
    outer loop
      vertex 4 6 0
      vertex 90.5 6 2.4
      vertex 4 6 2.4
    endloop
  endfacet
  facet normal 0 -1 -0
    outer loop
      vertex 90.5 6 2.4
      vertex 4 6 0
      vertex 90.5 6 0
    endloop
  endfacet
  facet normal 0 1 -0
    outer loop
      vertex 90.5 25 0
      vertex 4 25 2.4
      vertex 90.5 25 2.4
    endloop
  endfacet
  facet normal 0 1 0
    outer loop
      vertex 4 25 2.4
      vertex 90.5 25 0
      vertex 4 25 0
    endloop
  endfacet
  facet normal 0 -1 0
    outer loop
      vertex 4 22 0
      vertex 4.5 22 2.4
      vertex 4 22 2.4
    endloop
  endfacet
  facet normal 0 -1 -0
    outer loop
      vertex 4.5 22 2.4
      vertex 4 22 0
      vertex 27.5 22 2.4
    endloop
  endfacet
  facet normal 0 -1 0
    outer loop
      vertex 90.5 22 0
      vertex 27.5 22 2.4
      vertex 4 22 0
    endloop
  endfacet
  facet normal 0 -1 0
    outer loop
      vertex 27.5 22 2.4
      vertex 90.5 22 0
      vertex 90.5 22 2.4
    endloop
  endfacet
  facet normal 1 -0 0
    outer loop
      vertex 116.34 0.5 5.6
      vertex 116.34 3.5 2.4
      vertex 116.34 3.5 5.6
    endloop
  endfacet
  facet normal 1 0 0
    outer loop
      vertex 116.34 3.5 2.4
      vertex 116.34 0.5 5.6
      vertex 116.34 0.5 2.4
    endloop
  endfacet
  facet normal -0 0 1
    outer loop
      vertex 46.5 3.5 5.6
      vertex 116.34 0.5 5.6
      vertex 116.34 3.5 5.6
    endloop
  endfacet
  facet normal 0 0 1
    outer loop
      vertex 116.34 0.5 5.6
      vertex 46.5 3.5 5.6
      vertex 46.5 0.5 5.6
    endloop
  endfacet
  facet normal -1 0 0
    outer loop
      vertex 46.5 0.5 2.4
      vertex 46.5 3.5 5.6
      vertex 46.5 3.5 2.4
    endloop
  endfacet
  facet normal -1 -0 0
    outer loop
      vertex 46.5 3.5 5.6
      vertex 46.5 0.5 2.4
      vertex 46.5 0.5 5.6
    endloop
  endfacet
  facet normal 0 1 0
    outer loop
      vertex 47.5 3.5 2.6
      vertex 116.34 3.5 5.6
      vertex 116 3.5 2.6
    endloop
  endfacet
  facet normal 0 1 -0
    outer loop
      vertex 116.34 3.5 2.4
      vertex 116 3.5 2.6
      vertex 116.34 3.5 5.6
    endloop
  endfacet
  facet normal 0 1 0
    outer loop
      vertex 116 3.5 2.6
      vertex 116.34 3.5 2.4
      vertex 116 3.5 2.4
    endloop
  endfacet
  facet normal 0 1 0
    outer loop
      vertex 116.34 3.5 5.6
      vertex 47.5 3.5 2.6
      vertex 46.5 3.5 5.6
    endloop
  endfacet
  facet normal 0 1 0
    outer loop
      vertex 46.5 3.5 2.4
      vertex 47.5 3.5 2.6
      vertex 47.5 3.5 2.4
    endloop
  endfacet
  facet normal 0 1 0
    outer loop
      vertex 47.5 3.5 2.6
      vertex 46.5 3.5 2.4
      vertex 46.5 3.5 5.6
    endloop
  endfacet
  facet normal 0 -1 0
    outer loop
      vertex 46.5 0.5 5.6
      vertex 47.5 0.5 2.6
      vertex 116.34 0.5 5.6
    endloop
  endfacet
  facet normal 0 -1 0
    outer loop
      vertex 46.5 0.5 2.4
      vertex 47.5 0.5 2.6
      vertex 46.5 0.5 5.6
    endloop
  endfacet
  facet normal 0 -1 -0
    outer loop
      vertex 47.5 0.5 2.6
      vertex 46.5 0.5 2.4
      vertex 47.5 0.5 2.4
    endloop
  endfacet
  facet normal 0 -1 0
    outer loop
      vertex 115.34 0.5 2.6
      vertex 116.34 0.5 5.6
      vertex 47.5 0.5 2.6
    endloop
  endfacet
  facet normal 0 -1 0
    outer loop
      vertex 116.34 0.5 2.4
      vertex 115.34 0.5 2.6
      vertex 115.34 0.5 2.4
    endloop
  endfacet
  facet normal 0 -1 0
    outer loop
      vertex 115.34 0.5 2.6
      vertex 116.34 0.5 2.4
      vertex 116.34 0.5 5.6
    endloop
  endfacet
  facet normal 0 1 -0
    outer loop
      vertex 115.34 0.5 0
      vertex 47.5 0.5 2.4
      vertex 115.34 0.5 2.4
    endloop
  endfacet
  facet normal 0 1 0
    outer loop
      vertex 47.5 0.5 2.4
      vertex 115.34 0.5 0
      vertex 47.5 0.5 0
    endloop
  endfacet
  facet normal 1 -0 0
    outer loop
      vertex 116.34 27.5 5.6
      vertex 116.34 30.5 2.4
      vertex 116.34 30.5 5.6
    endloop
  endfacet
  facet normal 1 0 0
    outer loop
      vertex 116.34 30.5 2.4
      vertex 116.34 27.5 5.6
      vertex 116.34 27.5 2.4
    endloop
  endfacet
  facet normal -0 0 1
    outer loop
      vertex 46.5 30.5 5.6
      vertex 116.34 27.5 5.6
      vertex 116.34 30.5 5.6
    endloop
  endfacet
  facet normal 0 0 1
    outer loop
      vertex 116.34 27.5 5.6
      vertex 46.5 30.5 5.6
      vertex 46.5 27.5 5.6
    endloop
  endfacet
  facet normal -1 0 0
    outer loop
      vertex 46.5 27.5 2.4
      vertex 46.5 30.5 5.6
      vertex 46.5 30.5 2.4
    endloop
  endfacet
  facet normal -1 -0 0
    outer loop
      vertex 46.5 30.5 5.6
      vertex 46.5 27.5 2.4
      vertex 46.5 27.5 5.6
    endloop
  endfacet
  facet normal 0 1 0
    outer loop
      vertex 116.34 30.5 5.6
      vertex 115.34 30.5 2.6
      vertex 46.5 30.5 5.6
    endloop
  endfacet
  facet normal 0 1 -0
    outer loop
      vertex 116.34 30.5 2.4
      vertex 115.34 30.5 2.6
      vertex 116.34 30.5 5.6
    endloop
  endfacet
  facet normal 0 1 0
    outer loop
      vertex 115.34 30.5 2.6
      vertex 116.34 30.5 2.4
      vertex 115.34 30.5 2.4
    endloop
  endfacet
  facet normal 0 1 -0
    outer loop
      vertex 47.5 30.5 2.6
      vertex 46.5 30.5 5.6
      vertex 115.34 30.5 2.6
    endloop
  endfacet
  facet normal 0 1 0
    outer loop
      vertex 46.5 30.5 2.4
      vertex 47.5 30.5 2.6
      vertex 47.5 30.5 2.4
    endloop
  endfacet
  facet normal 0 1 0
    outer loop
      vertex 47.5 30.5 2.6
      vertex 46.5 30.5 2.4
      vertex 46.5 30.5 5.6
    endloop
  endfacet
  facet normal 0 -1 0
    outer loop
      vertex 47.5 30.5 0
      vertex 115.34 30.5 2.4
      vertex 47.5 30.5 2.4
    endloop
  endfacet
  facet normal 0 -1 -0
    outer loop
      vertex 115.34 30.5 2.4
      vertex 47.5 30.5 0
      vertex 115.34 30.5 0
    endloop
  endfacet
  facet normal 0 -1 0
    outer loop
      vertex 46.5 27.5 5.6
      vertex 47.5 27.5 2.6
      vertex 116.34 27.5 5.6
    endloop
  endfacet
  facet normal 0 -1 0
    outer loop
      vertex 46.5 27.5 2.4
      vertex 47.5 27.5 2.6
      vertex 46.5 27.5 5.6
    endloop
  endfacet
  facet normal 0 -1 -0
    outer loop
      vertex 47.5 27.5 2.6
      vertex 46.5 27.5 2.4
      vertex 47.5 27.5 2.4
    endloop
  endfacet
  facet normal 0 -1 0
    outer loop
      vertex 116 27.5 2.6
      vertex 116.34 27.5 5.6
      vertex 47.5 27.5 2.6
    endloop
  endfacet
  facet normal 0 -1 0
    outer loop
      vertex 116.34 27.5 2.4
      vertex 116 27.5 2.6
      vertex 116 27.5 2.4
    endloop
  endfacet
  facet normal 0 -1 0
    outer loop
      vertex 116 27.5 2.6
      vertex 116.34 27.5 2.4
      vertex 116.34 27.5 5.6
    endloop
  endfacet
  facet normal 1 0 0
    outer loop
      vertex 27.5 5 5.4
      vertex 27.5 4 2.4
      vertex 27.5 5 2.4
    endloop
  endfacet
  facet normal 1 -0 0
    outer loop
      vertex 27.5 3 5.4
      vertex 27.5 4 2.4
      vertex 27.5 5 5.4
    endloop
  endfacet
  facet normal 1 0 0
    outer loop
      vertex 27.5 4 2.4
      vertex 27.5 3 5.4
      vertex 27.5 3 2.4
    endloop
  endfacet
  facet normal -0 0 1
    outer loop
      vertex 4.5 5 5.4
      vertex 27.5 3 5.4
      vertex 27.5 5 5.4
    endloop
  endfacet
  facet normal 0 0 1
    outer loop
      vertex 27.5 3 5.4
      vertex 4.5 5 5.4
      vertex 4.5 3 5.4
    endloop
  endfacet
  facet normal -1 0 0
    outer loop
      vertex 4.5 4 2.4
      vertex 4.5 5 5.4
      vertex 4.5 5 2.4
    endloop
  endfacet
  facet normal -1 0 0
    outer loop
      vertex 4.5 3 5.4
      vertex 4.5 4 2.4
      vertex 4.5 3 2.4
    endloop
  endfacet
  facet normal -1 0 0
    outer loop
      vertex 4.5 4 2.4
      vertex 4.5 3 5.4
      vertex 4.5 5 5.4
    endloop
  endfacet
  facet normal 0 1 -0
    outer loop
      vertex 27.5 5 2.4
      vertex 4.5 5 5.4
      vertex 27.5 5 5.4
    endloop
  endfacet
  facet normal 0 1 0
    outer loop
      vertex 4.5 5 5.4
      vertex 27.5 5 2.4
      vertex 4.5 5 2.4
    endloop
  endfacet
  facet normal 0 -1 0
    outer loop
      vertex 4.5 3 2.4
      vertex 27.5 3 5.4
      vertex 4.5 3 5.4
    endloop
  endfacet
  facet normal 0 -1 -0
    outer loop
      vertex 27.5 3 5.4
      vertex 4.5 3 2.4
      vertex 27.5 3 2.4
    endloop
  endfacet
  facet normal 1 0 0
    outer loop
      vertex 27.5 23 5.4
      vertex 27.5 22 2.4
      vertex 27.5 23 2.4
    endloop
  endfacet
  facet normal 1 -0 0
    outer loop
      vertex 27.5 21 5.4
      vertex 27.5 22 2.4
      vertex 27.5 23 5.4
    endloop
  endfacet
  facet normal 1 0 0
    outer loop
      vertex 27.5 22 2.4
      vertex 27.5 21 5.4
      vertex 27.5 21 2.4
    endloop
  endfacet
  facet normal -0 0 1
    outer loop
      vertex 4.5 23 5.4
      vertex 27.5 21 5.4
      vertex 27.5 23 5.4
    endloop
  endfacet
  facet normal 0 0 1
    outer loop
      vertex 27.5 21 5.4
      vertex 4.5 23 5.4
      vertex 4.5 21 5.4
    endloop
  endfacet
  facet normal -1 0 0
    outer loop
      vertex 4.5 22 2.4
      vertex 4.5 23 5.4
      vertex 4.5 23 2.4
    endloop
  endfacet
  facet normal -1 0 0
    outer loop
      vertex 4.5 21 5.4
      vertex 4.5 22 2.4
      vertex 4.5 21 2.4
    endloop
  endfacet
  facet normal -1 0 0
    outer loop
      vertex 4.5 22 2.4
      vertex 4.5 21 5.4
      vertex 4.5 23 5.4
    endloop
  endfacet
  facet normal 0 1 -0
    outer loop
      vertex 27.5 23 2.4
      vertex 4.5 23 5.4
      vertex 27.5 23 5.4
    endloop
  endfacet
  facet normal 0 1 0
    outer loop
      vertex 4.5 23 5.4
      vertex 27.5 23 2.4
      vertex 4.5 23 2.4
    endloop
  endfacet
  facet normal 0 -1 0
    outer loop
      vertex 4.5 21 2.4
      vertex 27.5 21 5.4
      vertex 4.5 21 5.4
    endloop
  endfacet
  facet normal 0 -1 -0
    outer loop
      vertex 27.5 21 5.4
      vertex 4.5 21 2.4
      vertex 27.5 21 2.4
    endloop
  endfacet
  facet normal -0.989175 -0.146743 0
    outer loop
      vertex 2.2923 4.65683 0
      vertex 2.26926 4.81214 2.4
      vertex 2.26926 4.81214 0
    endloop
  endfacet
  facet normal -0.989175 -0.146743 0
    outer loop
      vertex 2.26926 4.81214 2.4
      vertex 2.2923 4.65683 0
      vertex 2.2923 4.65683 2.4
    endloop
  endfacet
  facet normal -0.998797 -0.0490387 0
    outer loop
      vertex 2.3 4.5 0
      vertex 2.2923 4.65683 2.4
      vertex 2.2923 4.65683 0
    endloop
  endfacet
  facet normal -0.998797 -0.0490387 0
    outer loop
      vertex 2.2923 4.65683 2.4
      vertex 2.3 4.5 0
      vertex 2.3 4.5 2.4
    endloop
  endfacet
  facet normal -0.970019 -0.24303 0
    outer loop
      vertex 2.26926 4.81214 0
      vertex 2.2311 4.96445 2.4
      vertex 2.2311 4.96445 0
    endloop
  endfacet
  facet normal -0.970019 -0.24303 0
    outer loop
      vertex 2.2311 4.96445 2.4
      vertex 2.26926 4.81214 0
      vertex 2.26926 4.81214 2.4
    endloop
  endfacet
  facet normal 0.146674 -0.989185 0
    outer loop
      vertex 0.387855 6.06926 0
      vertex 0.543172 6.09229 2.4
      vertex 0.387855 6.06926 2.4
    endloop
  endfacet
  facet normal 0.146674 -0.989185 0
    outer loop
      vertex 0.543172 6.09229 2.4
      vertex 0.387855 6.06926 0
      vertex 0.543172 6.09229 0
    endloop
  endfacet
  facet normal -0.427594 0.903971 0
    outer loop
      vertex 1.45423 3.08893 0
      vertex 1.31229 3.02179 2.4
      vertex 1.45423 3.08893 2.4
    endloop
  endfacet
  facet normal -0.427594 0.903971 0
    outer loop
      vertex 1.31229 3.02179 2.4
      vertex 1.45423 3.08893 0
      vertex 1.31229 3.02179 0
    endloop
  endfacet
  facet normal -0.242955 0.970038 0
    outer loop
      vertex 1.16446 2.96889 0
      vertex 1.01214 2.93074 2.4
      vertex 1.16446 2.96889 2.4
    endloop
  endfacet
  facet normal -0.242955 0.970038 0
    outer loop
      vertex 1.01214 2.93074 2.4
      vertex 1.16446 2.96889 0
      vertex 1.01214 2.93074 0
    endloop
  endfacet
  facet normal -0.14674 0.989175 0
    outer loop
      vertex 1.01214 2.93074 0
      vertex 0.856827 2.9077 2.4
      vertex 1.01214 2.93074 2.4
    endloop
  endfacet
  facet normal -0.14674 0.989175 0
    outer loop
      vertex 0.856827 2.9077 2.4
      vertex 1.01214 2.93074 0
      vertex 0.856827 2.9077 0
    endloop
  endfacet
  facet normal 0.427625 -0.903956 0
    outer loop
      vertex 0 5.93672 0
      vertex 0.0877056 5.97821 2.4
      vertex 0 5.93672 2.4
    endloop
  endfacet
  facet normal 0.427625 -0.903956 0
    outer loop
      vertex 0.0877056 5.97821 2.4
      vertex 0 5.93672 0
      vertex 0.0877056 5.97821 0
    endloop
  endfacet
  facet normal -0.903971 -0.427594 0
    outer loop
      vertex 2.17821 5.11229 0
      vertex 2.11107 5.25423 2.4
      vertex 2.11107 5.25423 0
    endloop
  endfacet
  facet normal -0.903971 -0.427594 0
    outer loop
      vertex 2.11107 5.25423 2.4
      vertex 2.17821 5.11229 0
      vertex 2.17821 5.11229 2.4
    endloop
  endfacet
  facet normal -0.740933 0.671578 0
    outer loop
      vertex 1.83137 3.36863 0
      vertex 1.93682 3.48497 2.4
      vertex 1.93682 3.48497 0
    endloop
  endfacet
  facet normal -0.740933 0.671578 0
    outer loop
      vertex 1.93682 3.48497 2.4
      vertex 1.83137 3.36863 0
      vertex 1.83137 3.36863 2.4
    endloop
  endfacet
  facet normal -0.595671 -0.803229 0
    outer loop
      vertex 1.58891 5.83035 0
      vertex 1.71503 5.73682 2.4
      vertex 1.58891 5.83035 2.4
    endloop
  endfacet
  facet normal -0.595671 -0.803229 -0
    outer loop
      vertex 1.71503 5.73682 2.4
      vertex 1.58891 5.83035 0
      vertex 1.71503 5.73682 0
    endloop
  endfacet
  facet normal -0.803229 -0.595671 0
    outer loop
      vertex 2.03035 5.38891 0
      vertex 1.93682 5.51503 2.4
      vertex 1.93682 5.51503 0
    endloop
  endfacet
  facet normal -0.803229 -0.595671 0
    outer loop
      vertex 1.93682 5.51503 2.4
      vertex 2.03035 5.38891 0
      vertex 2.03035 5.38891 2.4
    endloop
  endfacet
  facet normal 0.242969 0.970034 -0
    outer loop
      vertex 0.387855 2.93074 0
      vertex 0.235544 2.96889 2.4
      vertex 0.387855 2.93074 2.4
    endloop
  endfacet
  facet normal 0.242969 0.970034 0
    outer loop
      vertex 0.235544 2.96889 2.4
      vertex 0.387855 2.93074 0
      vertex 0.235544 2.96889 0
    endloop
  endfacet
  facet normal 0.0491028 -0.998794 0
    outer loop
      vertex 0.543172 6.09229 0
      vertex 0.7 6.1 2.4
      vertex 0.543172 6.09229 2.4
    endloop
  endfacet
  facet normal 0.0491028 -0.998794 0
    outer loop
      vertex 0.7 6.1 2.4
      vertex 0.543172 6.09229 0
      vertex 0.7 6.1 0
    endloop
  endfacet
  facet normal -0.514084 -0.85774 0
    outer loop
      vertex 1.45423 5.91107 0
      vertex 1.58891 5.83035 2.4
      vertex 1.45423 5.91107 2.4
    endloop
  endfacet
  facet normal -0.514084 -0.85774 -0
    outer loop
      vertex 1.58891 5.83035 2.4
      vertex 1.45423 5.91107 0
      vertex 1.58891 5.83035 0
    endloop
  endfacet
  facet normal -0.998797 0.0490387 0
    outer loop
      vertex 2.2923 4.34317 0
      vertex 2.3 4.5 2.4
      vertex 2.3 4.5 0
    endloop
  endfacet
  facet normal -0.998797 0.0490387 0
    outer loop
      vertex 2.3 4.5 2.4
      vertex 2.2923 4.34317 0
      vertex 2.2923 4.34317 2.4
    endloop
  endfacet
  facet normal 0.336848 -0.941559 0
    outer loop
      vertex 0.0877056 5.97821 0
      vertex 0.235544 6.0311 2.4
      vertex 0.0877056 5.97821 2.4
    endloop
  endfacet
  facet normal 0.336848 -0.941559 0
    outer loop
      vertex 0.235544 6.0311 2.4
      vertex 0.0877056 5.97821 0
      vertex 0.235544 6.0311 0
    endloop
  endfacet
  facet normal -0.857723 0.514112 0
    outer loop
      vertex 2.03035 3.61109 0
      vertex 2.11107 3.74576 2.4
      vertex 2.11107 3.74576 0
    endloop
  endfacet
  facet normal -0.857723 0.514112 0
    outer loop
      vertex 2.11107 3.74576 2.4
      vertex 2.03035 3.61109 0
      vertex 2.03035 3.61109 2.4
    endloop
  endfacet
  facet normal 0.146736 0.989176 -0
    outer loop
      vertex 0.543172 2.9077 0
      vertex 0.387855 2.93074 2.4
      vertex 0.543172 2.9077 2.4
    endloop
  endfacet
  facet normal 0.146736 0.989176 0
    outer loop
      vertex 0.387855 2.93074 2.4
      vertex 0.543172 2.9077 0
      vertex 0.387855 2.93074 0
    endloop
  endfacet
  facet normal -0.970019 0.24303 0
    outer loop
      vertex 2.2311 4.03554 0
      vertex 2.26926 4.18785 2.4
      vertex 2.26926 4.18785 0
    endloop
  endfacet
  facet normal -0.970019 0.24303 0
    outer loop
      vertex 2.26926 4.18785 2.4
      vertex 2.2311 4.03554 0
      vertex 2.2311 4.03554 2.4
    endloop
  endfacet
  facet normal -0.94156 -0.336845 0
    outer loop
      vertex 2.2311 4.96445 0
      vertex 2.17821 5.11229 2.4
      vertex 2.17821 5.11229 0
    endloop
  endfacet
  facet normal -0.94156 -0.336845 0
    outer loop
      vertex 2.17821 5.11229 2.4
      vertex 2.2311 4.96445 0
      vertex 2.2311 4.96445 2.4
    endloop
  endfacet
  facet normal -0.85774 -0.514084 0
    outer loop
      vertex 2.11107 5.25423 0
      vertex 2.03035 5.38891 2.4
      vertex 2.03035 5.38891 0
    endloop
  endfacet
  facet normal -0.85774 -0.514084 0
    outer loop
      vertex 2.03035 5.38891 2.4
      vertex 2.11107 5.25423 0
      vertex 2.11107 5.25423 2.4
    endloop
  endfacet
  facet normal -0.243015 -0.970023 0
    outer loop
      vertex 1.01214 6.06926 0
      vertex 1.16446 6.0311 2.4
      vertex 1.01214 6.06926 2.4
    endloop
  endfacet
  facet normal -0.243015 -0.970023 -0
    outer loop
      vertex 1.16446 6.0311 2.4
      vertex 1.01214 6.06926 0
      vertex 1.16446 6.0311 0
    endloop
  endfacet
  facet normal -0.941553 0.336865 0
    outer loop
      vertex 2.17821 3.88771 0
      vertex 2.2311 4.03554 2.4
      vertex 2.2311 4.03554 0
    endloop
  endfacet
  facet normal -0.941553 0.336865 0
    outer loop
      vertex 2.2311 4.03554 2.4
      vertex 2.17821 3.88771 0
      vertex 2.17821 3.88771 2.4
    endloop
  endfacet
  facet normal -0.671578 -0.740933 0
    outer loop
      vertex 1.71503 5.73682 0
      vertex 1.83137 5.63137 2.4
      vertex 1.71503 5.73682 2.4
    endloop
  endfacet
  facet normal -0.671578 -0.740933 -0
    outer loop
      vertex 1.83137 5.63137 2.4
      vertex 1.71503 5.73682 0
      vertex 1.83137 5.63137 0
    endloop
  endfacet
  facet normal -0.740933 -0.671578 0
    outer loop
      vertex 1.93682 5.51503 0
      vertex 1.83137 5.63137 2.4
      vertex 1.83137 5.63137 0
    endloop
  endfacet
  facet normal -0.740933 -0.671578 0
    outer loop
      vertex 1.83137 5.63137 2.4
      vertex 1.93682 5.51503 0
      vertex 1.93682 5.51503 2.4
    endloop
  endfacet
  facet normal 0.427541 0.903996 -0
    outer loop
      vertex 0.0877056 3.02179 0
      vertex 0 3.06327 2.4
      vertex 0.0877056 3.02179 2.4
    endloop
  endfacet
  facet normal 0.427541 0.903996 0
    outer loop
      vertex 0 3.06327 2.4
      vertex 0.0877056 3.02179 0
      vertex 0 3.06327 0
    endloop
  endfacet
  facet normal -0.336865 -0.941553 0
    outer loop
      vertex 1.16446 6.0311 0
      vertex 1.31229 5.97821 2.4
      vertex 1.16446 6.0311 2.4
    endloop
  endfacet
  facet normal -0.336865 -0.941553 -0
    outer loop
      vertex 1.31229 5.97821 2.4
      vertex 1.16446 6.0311 0
      vertex 1.31229 5.97821 0
    endloop
  endfacet
  facet normal 0.243029 -0.970019 0
    outer loop
      vertex 0.235544 6.0311 0
      vertex 0.387855 6.06926 2.4
      vertex 0.235544 6.0311 2.4
    endloop
  endfacet
  facet normal 0.243029 -0.970019 0
    outer loop
      vertex 0.387855 6.06926 2.4
      vertex 0.235544 6.0311 0
      vertex 0.387855 6.06926 0
    endloop
  endfacet
  facet normal -0.0490396 0.998797 0
    outer loop
      vertex 0.856827 2.9077 0
      vertex 0.7 2.9 2.4
      vertex 0.856827 2.9077 2.4
    endloop
  endfacet
  facet normal -0.0490396 0.998797 0
    outer loop
      vertex 0.7 2.9 2.4
      vertex 0.856827 2.9077 0
      vertex 0.7 2.9 0
    endloop
  endfacet
  facet normal -0.803229 0.595671 0
    outer loop
      vertex 1.93682 3.48497 0
      vertex 2.03035 3.61109 2.4
      vertex 2.03035 3.61109 0
    endloop
  endfacet
  facet normal -0.803229 0.595671 0
    outer loop
      vertex 2.03035 3.61109 2.4
      vertex 1.93682 3.48497 0
      vertex 1.93682 3.48497 2.4
    endloop
  endfacet
  facet normal -0.427594 -0.903971 0
    outer loop
      vertex 1.31229 5.97821 0
      vertex 1.45423 5.91107 2.4
      vertex 1.31229 5.97821 2.4
    endloop
  endfacet
  facet normal -0.427594 -0.903971 -0
    outer loop
      vertex 1.45423 5.91107 2.4
      vertex 1.31229 5.97821 0
      vertex 1.45423 5.91107 0
    endloop
  endfacet
  facet normal -0.0491031 -0.998794 0
    outer loop
      vertex 0.7 6.1 0
      vertex 0.856827 6.09229 2.4
      vertex 0.7 6.1 2.4
    endloop
  endfacet
  facet normal -0.0491031 -0.998794 -0
    outer loop
      vertex 0.856827 6.09229 2.4
      vertex 0.7 6.1 0
      vertex 0.856827 6.09229 0
    endloop
  endfacet
  facet normal -0.146677 -0.989184 0
    outer loop
      vertex 0.856827 6.09229 0
      vertex 1.01214 6.06926 2.4
      vertex 0.856827 6.09229 2.4
    endloop
  endfacet
  facet normal -0.146677 -0.989184 -0
    outer loop
      vertex 1.01214 6.06926 2.4
      vertex 0.856827 6.09229 0
      vertex 1.01214 6.06926 0
    endloop
  endfacet
  facet normal -0.989176 0.146733 0
    outer loop
      vertex 2.26926 4.18785 0
      vertex 2.2923 4.34317 2.4
      vertex 2.2923 4.34317 0
    endloop
  endfacet
  facet normal -0.989176 0.146733 0
    outer loop
      vertex 2.2923 4.34317 2.4
      vertex 2.26926 4.18785 0
      vertex 2.26926 4.18785 2.4
    endloop
  endfacet
  facet normal -0.595671 0.803229 0
    outer loop
      vertex 1.71503 3.26318 0
      vertex 1.58891 3.16965 2.4
      vertex 1.71503 3.26318 2.4
    endloop
  endfacet
  facet normal -0.595671 0.803229 0
    outer loop
      vertex 1.58891 3.16965 2.4
      vertex 1.71503 3.26318 0
      vertex 1.58891 3.16965 0
    endloop
  endfacet
  facet normal -0.336921 0.941533 0
    outer loop
      vertex 1.31229 3.02179 0
      vertex 1.16446 2.96889 2.4
      vertex 1.31229 3.02179 2.4
    endloop
  endfacet
  facet normal -0.336921 0.941533 0
    outer loop
      vertex 1.16446 2.96889 2.4
      vertex 1.31229 3.02179 0
      vertex 1.16446 2.96889 0
    endloop
  endfacet
  facet normal -0.514084 0.85774 0
    outer loop
      vertex 1.58891 3.16965 0
      vertex 1.45423 3.08893 2.4
      vertex 1.58891 3.16965 2.4
    endloop
  endfacet
  facet normal -0.514084 0.85774 0
    outer loop
      vertex 1.45423 3.08893 2.4
      vertex 1.58891 3.16965 0
      vertex 1.45423 3.08893 0
    endloop
  endfacet
  facet normal -0.903983 0.427569 0
    outer loop
      vertex 2.11107 3.74576 0
      vertex 2.17821 3.88771 2.4
      vertex 2.17821 3.88771 0
    endloop
  endfacet
  facet normal -0.903983 0.427569 0
    outer loop
      vertex 2.17821 3.88771 2.4
      vertex 2.11107 3.74576 0
      vertex 2.11107 3.74576 2.4
    endloop
  endfacet
  facet normal 0.336904 0.941539 -0
    outer loop
      vertex 0.235544 2.96889 0
      vertex 0.0877056 3.02179 2.4
      vertex 0.235544 2.96889 2.4
    endloop
  endfacet
  facet normal 0.336904 0.941539 0
    outer loop
      vertex 0.0877056 3.02179 2.4
      vertex 0.235544 2.96889 0
      vertex 0.0877056 3.02179 0
    endloop
  endfacet
  facet normal 0.0490393 0.998797 -0
    outer loop
      vertex 0.7 2.9 0
      vertex 0.543172 2.9077 2.4
      vertex 0.7 2.9 2.4
    endloop
  endfacet
  facet normal 0.0490393 0.998797 0
    outer loop
      vertex 0.543172 2.9077 2.4
      vertex 0.7 2.9 0
      vertex 0.543172 2.9077 0
    endloop
  endfacet
  facet normal -0.671578 0.740933 0
    outer loop
      vertex 1.83137 3.36863 0
      vertex 1.71503 3.26318 2.4
      vertex 1.83137 3.36863 2.4
    endloop
  endfacet
  facet normal -0.671578 0.740933 0
    outer loop
      vertex 1.71503 3.26318 2.4
      vertex 1.83137 3.36863 0
      vertex 1.71503 3.26318 0
    endloop
  endfacet
  facet normal -0.989173 -0.146752 0
    outer loop
      vertex 2.2923 26.6568 0
      vertex 2.26926 26.8121 2.4
      vertex 2.26926 26.8121 0
    endloop
  endfacet
  facet normal -0.989173 -0.146752 0
    outer loop
      vertex 2.26926 26.8121 2.4
      vertex 2.2923 26.6568 0
      vertex 2.2923 26.6568 2.4
    endloop
  endfacet
  facet normal -0.998796 -0.049048 0
    outer loop
      vertex 2.3 26.5 0
      vertex 2.2923 26.6568 2.4
      vertex 2.2923 26.6568 0
    endloop
  endfacet
  facet normal -0.998796 -0.049048 0
    outer loop
      vertex 2.2923 26.6568 2.4
      vertex 2.3 26.5 0
      vertex 2.3 26.5 2.4
    endloop
  endfacet
  facet normal -0.970053 -0.242895 0
    outer loop
      vertex 2.26926 26.8121 0
      vertex 2.2311 26.9645 2.4
      vertex 2.2311 26.9645 0
    endloop
  endfacet
  facet normal -0.970053 -0.242895 0
    outer loop
      vertex 2.2311 26.9645 2.4
      vertex 2.26926 26.8121 0
      vertex 2.26926 26.8121 2.4
    endloop
  endfacet
  facet normal 0.146487 -0.989213 0
    outer loop
      vertex 0.387855 28.0693 0
      vertex 0.543172 28.0923 2.4
      vertex 0.387855 28.0693 2.4
    endloop
  endfacet
  facet normal 0.146487 -0.989213 0
    outer loop
      vertex 0.543172 28.0923 2.4
      vertex 0.387855 28.0693 0
      vertex 0.543172 28.0923 0
    endloop
  endfacet
  facet normal -0.427385 0.90407 0
    outer loop
      vertex 1.45423 25.0889 0
      vertex 1.31229 25.0218 2.4
      vertex 1.45423 25.0889 2.4
    endloop
  endfacet
  facet normal -0.427385 0.90407 0
    outer loop
      vertex 1.31229 25.0218 2.4
      vertex 1.45423 25.0889 0
      vertex 1.31229 25.0218 0
    endloop
  endfacet
  facet normal -0.243255 0.969962 0
    outer loop
      vertex 1.16446 24.9689 0
      vertex 1.01214 24.9307 2.4
      vertex 1.16446 24.9689 2.4
    endloop
  endfacet
  facet normal -0.243255 0.969962 0
    outer loop
      vertex 1.01214 24.9307 2.4
      vertex 1.16446 24.9689 0
      vertex 1.01214 24.9307 0
    endloop
  endfacet
  facet normal -0.14649 0.989212 0
    outer loop
      vertex 1.01214 24.9307 0
      vertex 0.856827 24.9077 2.4
      vertex 1.01214 24.9307 2.4
    endloop
  endfacet
  facet normal -0.14649 0.989212 0
    outer loop
      vertex 0.856827 24.9077 2.4
      vertex 1.01214 24.9307 0
      vertex 0.856827 24.9077 0
    endloop
  endfacet
  facet normal 0.42771 -0.903916 0
    outer loop
      vertex 0 27.9367 0
      vertex 0.0877056 27.9782 2.4
      vertex 0 27.9367 2.4
    endloop
  endfacet
  facet normal 0.42771 -0.903916 0
    outer loop
      vertex 0.0877056 27.9782 2.4
      vertex 0 27.9367 0
      vertex 0.0877056 27.9782 0
    endloop
  endfacet
  facet normal -0.903925 -0.427692 0
    outer loop
      vertex 2.17821 27.1123 0
      vertex 2.11107 27.2542 2.4
      vertex 2.11107 27.2542 0
    endloop
  endfacet
  facet normal -0.903925 -0.427692 0
    outer loop
      vertex 2.11107 27.2542 2.4
      vertex 2.17821 27.1123 0
      vertex 2.17821 27.1123 2.4
    endloop
  endfacet
  facet normal -0.741106 0.671388 0
    outer loop
      vertex 1.83137 25.3686 0
      vertex 1.93682 25.485 2.4
      vertex 1.93682 25.485 0
    endloop
  endfacet
  facet normal -0.741106 0.671388 0
    outer loop
      vertex 1.93682 25.485 2.4
      vertex 1.83137 25.3686 0
      vertex 1.83137 25.3686 2.4
    endloop
  endfacet
  facet normal -0.595958 -0.803015 0
    outer loop
      vertex 1.58891 27.8304 0
      vertex 1.71503 27.7368 2.4
      vertex 1.58891 27.8304 2.4
    endloop
  endfacet
  facet normal -0.595958 -0.803015 -0
    outer loop
      vertex 1.71503 27.7368 2.4
      vertex 1.58891 27.8304 0
      vertex 1.71503 27.7368 0
    endloop
  endfacet
  facet normal -0.803184 -0.595732 0
    outer loop
      vertex 2.03035 27.3889 0
      vertex 1.93682 27.515 2.4
      vertex 1.93682 27.515 0
    endloop
  endfacet
  facet normal -0.803184 -0.595732 0
    outer loop
      vertex 1.93682 27.515 2.4
      vertex 2.03035 27.3889 0
      vertex 2.03035 27.3889 2.4
    endloop
  endfacet
  facet normal 0.243268 0.969959 -0
    outer loop
      vertex 0.387855 24.9307 0
      vertex 0.235544 24.9689 2.4
      vertex 0.387855 24.9307 2.4
    endloop
  endfacet
  facet normal 0.243268 0.969959 0
    outer loop
      vertex 0.235544 24.9689 2.4
      vertex 0.387855 24.9307 0
      vertex 0.235544 24.9689 0
    endloop
  endfacet
  facet normal 0.0490393 -0.998797 0
    outer loop
      vertex 0.543172 28.0923 0
      vertex 0.7 28.1 2.4
      vertex 0.543172 28.0923 2.4
    endloop
  endfacet
  facet normal 0.0490393 -0.998797 0
    outer loop
      vertex 0.7 28.1 2.4
      vertex 0.543172 28.0923 0
      vertex 0.7 28.1 0
    endloop
  endfacet
  facet normal -0.51399 -0.857796 0
    outer loop
      vertex 1.45423 27.9111 0
      vertex 1.58891 27.8304 2.4
      vertex 1.45423 27.9111 2.4
    endloop
  endfacet
  facet normal -0.51399 -0.857796 -0
    outer loop
      vertex 1.58891 27.8304 2.4
      vertex 1.45423 27.9111 0
      vertex 1.58891 27.8304 0
    endloop
  endfacet
  facet normal -0.998796 0.049048 0
    outer loop
      vertex 2.2923 26.3432 0
      vertex 2.3 26.5 2.4
      vertex 2.3 26.5 0
    endloop
  endfacet
  facet normal -0.998796 0.049048 0
    outer loop
      vertex 2.3 26.5 2.4
      vertex 2.2923 26.3432 0
      vertex 2.2923 26.3432 2.4
    endloop
  endfacet
  facet normal 0.336904 -0.941539 0
    outer loop
      vertex 0.0877056 27.9782 0
      vertex 0.235544 28.0311 2.4
      vertex 0.0877056 27.9782 2.4
    endloop
  endfacet
  facet normal 0.336904 -0.941539 0
    outer loop
      vertex 0.235544 28.0311 2.4
      vertex 0.0877056 27.9782 0
      vertex 0.235544 28.0311 0
    endloop
  endfacet
  facet normal -0.857774 0.514027 0
    outer loop
      vertex 2.03035 25.6111 0
      vertex 2.11107 25.7458 2.4
      vertex 2.11107 25.7458 0
    endloop
  endfacet
  facet normal -0.857774 0.514027 0
    outer loop
      vertex 2.11107 25.7458 2.4
      vertex 2.03035 25.6111 0
      vertex 2.03035 25.6111 2.4
    endloop
  endfacet
  facet normal 0.146487 0.989213 -0
    outer loop
      vertex 0.543172 24.9077 0
      vertex 0.387855 24.9307 2.4
      vertex 0.543172 24.9077 2.4
    endloop
  endfacet
  facet normal 0.146487 0.989213 0
    outer loop
      vertex 0.387855 24.9307 2.4
      vertex 0.543172 24.9077 0
      vertex 0.387855 24.9307 0
    endloop
  endfacet
  facet normal -0.970053 0.242895 0
    outer loop
      vertex 2.2311 26.0355 0
      vertex 2.26926 26.1879 2.4
      vertex 2.26926 26.1879 0
    endloop
  endfacet
  facet normal -0.970053 0.242895 0
    outer loop
      vertex 2.26926 26.1879 2.4
      vertex 2.2311 26.0355 0
      vertex 2.2311 26.0355 2.4
    endloop
  endfacet
  facet normal -0.941531 -0.336926 0
    outer loop
      vertex 2.2311 26.9645 0
      vertex 2.17821 27.1123 2.4
      vertex 2.17821 27.1123 0
    endloop
  endfacet
  facet normal -0.941531 -0.336926 0
    outer loop
      vertex 2.17821 27.1123 2.4
      vertex 2.2311 26.9645 0
      vertex 2.2311 26.9645 2.4
    endloop
  endfacet
  facet normal -0.857774 -0.514027 0
    outer loop
      vertex 2.11107 27.2542 0
      vertex 2.03035 27.3889 2.4
      vertex 2.03035 27.3889 0
    endloop
  endfacet
  facet normal -0.857774 -0.514027 0
    outer loop
      vertex 2.03035 27.3889 2.4
      vertex 2.11107 27.2542 0
      vertex 2.11107 27.2542 2.4
    endloop
  endfacet
  facet normal -0.243255 -0.969962 0
    outer loop
      vertex 1.01214 28.0693 0
      vertex 1.16446 28.0311 2.4
      vertex 1.01214 28.0693 2.4
    endloop
  endfacet
  facet normal -0.243255 -0.969962 -0
    outer loop
      vertex 1.16446 28.0311 2.4
      vertex 1.01214 28.0693 0
      vertex 1.16446 28.0311 0
    endloop
  endfacet
  facet normal -0.941531 0.336926 0
    outer loop
      vertex 2.17821 25.8877 0
      vertex 2.2311 26.0355 2.4
      vertex 2.2311 26.0355 0
    endloop
  endfacet
  facet normal -0.941531 0.336926 0
    outer loop
      vertex 2.2311 26.0355 2.4
      vertex 2.17821 25.8877 0
      vertex 2.17821 25.8877 2.4
    endloop
  endfacet
  facet normal -0.741106 -0.671388 0
    outer loop
      vertex 1.93682 27.515 0
      vertex 1.83137 27.6314 2.4
      vertex 1.83137 27.6314 0
    endloop
  endfacet
  facet normal -0.741106 -0.671388 0
    outer loop
      vertex 1.83137 27.6314 2.4
      vertex 1.93682 27.515 0
      vertex 1.93682 27.515 2.4
    endloop
  endfacet
  facet normal 0.42771 0.903916 -0
    outer loop
      vertex 0.0877056 25.0218 0
      vertex 0 25.0633 2.4
      vertex 0.0877056 25.0218 2.4
    endloop
  endfacet
  facet normal 0.42771 0.903916 0
    outer loop
      vertex 0 25.0633 2.4
      vertex 0.0877056 25.0218 0
      vertex 0 25.0633 0
    endloop
  endfacet
  facet normal -0.336921 -0.941533 0
    outer loop
      vertex 1.16446 28.0311 0
      vertex 1.31229 27.9782 2.4
      vertex 1.16446 28.0311 2.4
    endloop
  endfacet
  facet normal -0.336921 -0.941533 -0
    outer loop
      vertex 1.31229 27.9782 2.4
      vertex 1.16446 28.0311 0
      vertex 1.31229 27.9782 0
    endloop
  endfacet
  facet normal 0.243268 -0.969959 0
    outer loop
      vertex 0.235544 28.0311 0
      vertex 0.387855 28.0693 2.4
      vertex 0.235544 28.0311 2.4
    endloop
  endfacet
  facet normal 0.243268 -0.969959 0
    outer loop
      vertex 0.387855 28.0693 2.4
      vertex 0.235544 28.0311 0
      vertex 0.387855 28.0693 0
    endloop
  endfacet
  facet normal -0.0490396 0.998797 0
    outer loop
      vertex 0.856827 24.9077 0
      vertex 0.7 24.9 2.4
      vertex 0.856827 24.9077 2.4
    endloop
  endfacet
  facet normal -0.0490396 0.998797 0
    outer loop
      vertex 0.7 24.9 2.4
      vertex 0.856827 24.9077 0
      vertex 0.7 24.9 0
    endloop
  endfacet
  facet normal -0.803184 0.595732 0
    outer loop
      vertex 1.93682 25.485 0
      vertex 2.03035 25.6111 2.4
      vertex 2.03035 25.6111 0
    endloop
  endfacet
  facet normal -0.803184 0.595732 0
    outer loop
      vertex 2.03035 25.6111 2.4
      vertex 1.93682 25.485 0
      vertex 1.93682 25.485 2.4
    endloop
  endfacet
  facet normal -0.427385 -0.90407 0
    outer loop
      vertex 1.31229 27.9782 0
      vertex 1.45423 27.9111 2.4
      vertex 1.31229 27.9782 2.4
    endloop
  endfacet
  facet normal -0.427385 -0.90407 -0
    outer loop
      vertex 1.45423 27.9111 2.4
      vertex 1.31229 27.9782 0
      vertex 1.45423 27.9111 0
    endloop
  endfacet
  facet normal -0.0490396 -0.998797 0
    outer loop
      vertex 0.7 28.1 0
      vertex 0.856827 28.0923 2.4
      vertex 0.7 28.1 2.4
    endloop
  endfacet
  facet normal -0.0490396 -0.998797 -0
    outer loop
      vertex 0.856827 28.0923 2.4
      vertex 0.7 28.1 0
      vertex 0.856827 28.0923 0
    endloop
  endfacet
  facet normal -0.14649 -0.989212 0
    outer loop
      vertex 0.856827 28.0923 0
      vertex 1.01214 28.0693 2.4
      vertex 0.856827 28.0923 2.4
    endloop
  endfacet
  facet normal -0.14649 -0.989212 -0
    outer loop
      vertex 1.01214 28.0693 2.4
      vertex 0.856827 28.0923 0
      vertex 1.01214 28.0693 0
    endloop
  endfacet
  facet normal -0.989173 0.146752 0
    outer loop
      vertex 2.26926 26.1879 0
      vertex 2.2923 26.3432 2.4
      vertex 2.2923 26.3432 0
    endloop
  endfacet
  facet normal -0.989173 0.146752 0
    outer loop
      vertex 2.2923 26.3432 2.4
      vertex 2.26926 26.1879 0
      vertex 2.26926 26.1879 2.4
    endloop
  endfacet
  facet normal -0.595958 0.803015 0
    outer loop
      vertex 1.71503 25.2632 0
      vertex 1.58891 25.1696 2.4
      vertex 1.71503 25.2632 2.4
    endloop
  endfacet
  facet normal -0.595958 0.803015 0
    outer loop
      vertex 1.58891 25.1696 2.4
      vertex 1.71503 25.2632 0
      vertex 1.58891 25.1696 0
    endloop
  endfacet
  facet normal -0.336921 0.941533 0
    outer loop
      vertex 1.31229 25.0218 0
      vertex 1.16446 24.9689 2.4
      vertex 1.31229 25.0218 2.4
    endloop
  endfacet
  facet normal -0.336921 0.941533 0
    outer loop
      vertex 1.16446 24.9689 2.4
      vertex 1.31229 25.0218 0
      vertex 1.16446 24.9689 0
    endloop
  endfacet
  facet normal -0.671404 -0.741092 0
    outer loop
      vertex 1.71503 27.7368 0
      vertex 1.83137 27.6314 2.4
      vertex 1.71503 27.7368 2.4
    endloop
  endfacet
  facet normal -0.671404 -0.741092 -0
    outer loop
      vertex 1.83137 27.6314 2.4
      vertex 1.71503 27.7368 0
      vertex 1.83137 27.6314 0
    endloop
  endfacet
  facet normal -0.51399 0.857796 0
    outer loop
      vertex 1.58891 25.1696 0
      vertex 1.45423 25.0889 2.4
      vertex 1.58891 25.1696 2.4
    endloop
  endfacet
  facet normal -0.51399 0.857796 0
    outer loop
      vertex 1.45423 25.0889 2.4
      vertex 1.58891 25.1696 0
      vertex 1.45423 25.0889 0
    endloop
  endfacet
  facet normal -0.903925 0.427692 0
    outer loop
      vertex 2.11107 25.7458 0
      vertex 2.17821 25.8877 2.4
      vertex 2.17821 25.8877 0
    endloop
  endfacet
  facet normal -0.903925 0.427692 0
    outer loop
      vertex 2.17821 25.8877 2.4
      vertex 2.11107 25.7458 0
      vertex 2.11107 25.7458 2.4
    endloop
  endfacet
  facet normal 0.336904 0.941539 -0
    outer loop
      vertex 0.235544 24.9689 0
      vertex 0.0877056 25.0218 2.4
      vertex 0.235544 24.9689 2.4
    endloop
  endfacet
  facet normal 0.336904 0.941539 0
    outer loop
      vertex 0.0877056 25.0218 2.4
      vertex 0.235544 24.9689 0
      vertex 0.0877056 25.0218 0
    endloop
  endfacet
  facet normal 0.0490393 0.998797 -0
    outer loop
      vertex 0.7 24.9 0
      vertex 0.543172 24.9077 2.4
      vertex 0.7 24.9 2.4
    endloop
  endfacet
  facet normal 0.0490393 0.998797 0
    outer loop
      vertex 0.543172 24.9077 2.4
      vertex 0.7 24.9 0
      vertex 0.543172 24.9077 0
    endloop
  endfacet
  facet normal -0.671404 0.741092 0
    outer loop
      vertex 1.83137 25.3686 0
      vertex 1.71503 25.2632 2.4
      vertex 1.83137 25.3686 2.4
    endloop
  endfacet
  facet normal -0.671404 0.741092 0
    outer loop
      vertex 1.71503 25.2632 2.4
      vertex 1.83137 25.3686 0
      vertex 1.71503 25.2632 0
    endloop
  endfacet
  facet normal 0.998701 -0.0509444 0
    outer loop
      vertex 116.7 4.5 2.4
      vertex 116.708 4.65683 0
      vertex 116.708 4.65683 2.4
    endloop
  endfacet
  facet normal 0.998701 -0.0509444 0
    outer loop
      vertex 116.708 4.65683 0
      vertex 116.7 4.5 2.4
      vertex 116.7 4.5 0
    endloop
  endfacet
  facet normal -0.146967 -0.989141 0
    outer loop
      vertex 118.457 6.09229 0
      vertex 118.612 6.06926 2.4
      vertex 118.457 6.09229 2.4
    endloop
  endfacet
  facet normal -0.146967 -0.989141 -0
    outer loop
      vertex 118.612 6.06926 2.4
      vertex 118.457 6.09229 0
      vertex 118.612 6.06926 0
    endloop
  endfacet
  facet normal 0.970259 0.242071 0
    outer loop
      vertex 116.769 4.03554 2.4
      vertex 116.731 4.18785 0
      vertex 116.731 4.18785 2.4
    endloop
  endfacet
  facet normal 0.970259 0.242071 0
    outer loop
      vertex 116.731 4.18785 0
      vertex 116.769 4.03554 2.4
      vertex 116.769 4.03554 0
    endloop
  endfacet
  facet normal 0.336578 0.941656 -0
    outer loop
      vertex 117.836 2.96889 0
      vertex 117.688 3.02179 2.4
      vertex 117.836 2.96889 2.4
    endloop
  endfacet
  facet normal 0.336578 0.941656 0
    outer loop
      vertex 117.688 3.02179 2.4
      vertex 117.836 2.96889 0
      vertex 117.688 3.02179 0
    endloop
  endfacet
  facet normal 0.989212 -0.146493 0
    outer loop
      vertex 116.708 4.65683 2.4
      vertex 116.731 4.81214 0
      vertex 116.731 4.81214 2.4
    endloop
  endfacet
  facet normal 0.989212 -0.146493 0
    outer loop
      vertex 116.731 4.81214 0
      vertex 116.708 4.65683 2.4
      vertex 116.708 4.65683 0
    endloop
  endfacet
  facet normal -0.14703 0.989132 0
    outer loop
      vertex 118.612 2.93074 0
      vertex 118.457 2.9077 2.4
      vertex 118.612 2.93074 2.4
    endloop
  endfacet
  facet normal -0.14703 0.989132 0
    outer loop
      vertex 118.457 2.9077 2.4
      vertex 118.612 2.93074 0
      vertex 118.457 2.9077 0
    endloop
  endfacet
  facet normal 0.427446 -0.904041 0
    outer loop
      vertex 117.546 5.91107 0
      vertex 117.688 5.97821 2.4
      vertex 117.546 5.91107 2.4
    endloop
  endfacet
  facet normal 0.427446 -0.904041 0
    outer loop
      vertex 117.688 5.97821 2.4
      vertex 117.546 5.91107 0
      vertex 117.688 5.97821 0
    endloop
  endfacet
  facet normal 0.427446 0.904041 -0
    outer loop
      vertex 117.688 3.02179 0
      vertex 117.546 3.08893 2.4
      vertex 117.688 3.02179 2.4
    endloop
  endfacet
  facet normal 0.427446 0.904041 0
    outer loop
      vertex 117.546 3.08893 2.4
      vertex 117.688 3.02179 0
      vertex 117.546 3.08893 0
    endloop
  endfacet
  facet normal 0.243496 -0.969902 0
    outer loop
      vertex 117.836 6.0311 0
      vertex 117.988 6.06926 2.4
      vertex 117.836 6.0311 2.4
    endloop
  endfacet
  facet normal 0.243496 -0.969902 0
    outer loop
      vertex 117.988 6.06926 2.4
      vertex 117.836 6.0311 0
      vertex 117.988 6.06926 0
    endloop
  endfacet
  facet normal 0.904316 -0.426864 0
    outer loop
      vertex 116.822 5.11229 2.4
      vertex 116.889 5.25423 0
      vertex 116.889 5.25423 2.4
    endloop
  endfacet
  facet normal 0.904316 -0.426864 0
    outer loop
      vertex 116.889 5.25423 0
      vertex 116.822 5.11229 2.4
      vertex 116.822 5.11229 0
    endloop
  endfacet
  facet normal 0.904327 0.42684 0
    outer loop
      vertex 116.889 3.74576 2.4
      vertex 116.822 3.88771 0
      vertex 116.822 3.88771 2.4
    endloop
  endfacet
  facet normal 0.904327 0.42684 0
    outer loop
      vertex 116.822 3.88771 0
      vertex 116.889 3.74576 2.4
      vertex 116.889 3.74576 0
    endloop
  endfacet
  facet normal -0.336522 -0.941676 0
    outer loop
      vertex 118.764 6.0311 0
      vertex 118.912 5.97821 2.4
      vertex 118.764 6.0311 2.4
    endloop
  endfacet
  facet normal -0.336522 -0.941676 -0
    outer loop
      vertex 118.912 5.97821 2.4
      vertex 118.764 6.0311 0
      vertex 118.912 5.97821 0
    endloop
  endfacet
  facet normal -0.243496 -0.969902 0
    outer loop
      vertex 118.612 6.06926 0
      vertex 118.764 6.0311 2.4
      vertex 118.612 6.06926 2.4
    endloop
  endfacet
  facet normal -0.243496 -0.969902 -0
    outer loop
      vertex 118.764 6.0311 2.4
      vertex 118.612 6.06926 0
      vertex 118.764 6.0311 0
    endloop
  endfacet
  facet normal 0.336522 -0.941676 0
    outer loop
      vertex 117.688 5.97821 0
      vertex 117.836 6.0311 2.4
      vertex 117.688 5.97821 2.4
    endloop
  endfacet
  facet normal 0.336522 -0.941676 0
    outer loop
      vertex 117.836 6.0311 2.4
      vertex 117.688 5.97821 0
      vertex 117.836 6.0311 0
    endloop
  endfacet
  facet normal 0.856953 -0.515394 0
    outer loop
      vertex 116.889 5.25423 2.4
      vertex 116.97 5.38891 0
      vertex 116.97 5.38891 2.4
    endloop
  endfacet
  facet normal 0.856953 -0.515394 0
    outer loop
      vertex 116.97 5.38891 0
      vertex 116.889 5.25423 2.4
      vertex 116.889 5.25423 0
    endloop
  endfacet
  facet normal -0.0489857 0.998799 0
    outer loop
      vertex 118.457 2.9077 0
      vertex 118.3 2.9 2.4
      vertex 118.457 2.9077 2.4
    endloop
  endfacet
  facet normal -0.0489857 0.998799 0
    outer loop
      vertex 118.3 2.9 2.4
      vertex 118.457 2.9077 0
      vertex 118.3 2.9 0
    endloop
  endfacet
  facet normal -0.426455 -0.904509 0
    outer loop
      vertex 118.912 5.97821 0
      vertex 119 5.93672 2.4
      vertex 118.912 5.97821 2.4
    endloop
  endfacet
  facet normal -0.426455 -0.904509 -0
    outer loop
      vertex 119 5.93672 2.4
      vertex 118.912 5.97821 0
      vertex 119 5.93672 0
    endloop
  endfacet
  facet normal 0.739192 0.673495 0
    outer loop
      vertex 117.169 3.36863 2.4
      vertex 117.063 3.48497 0
      vertex 117.063 3.48497 2.4
    endloop
  endfacet
  facet normal 0.739192 0.673495 0
    outer loop
      vertex 117.063 3.48497 0
      vertex 117.169 3.36863 2.4
      vertex 117.169 3.36863 0
    endloop
  endfacet
  facet normal 0.672657 0.739955 -0
    outer loop
      vertex 117.285 3.26318 0
      vertex 117.169 3.36863 2.4
      vertex 117.285 3.26318 2.4
    endloop
  endfacet
  facet normal 0.672657 0.739955 0
    outer loop
      vertex 117.169 3.36863 2.4
      vertex 117.285 3.26318 0
      vertex 117.169 3.36863 0
    endloop
  endfacet
  facet normal -0.243436 0.969917 0
    outer loop
      vertex 118.764 2.96889 0
      vertex 118.612 2.93074 2.4
      vertex 118.764 2.96889 2.4
    endloop
  endfacet
  facet normal -0.243436 0.969917 0
    outer loop
      vertex 118.612 2.93074 2.4
      vertex 118.764 2.96889 0
      vertex 118.612 2.93074 0
    endloop
  endfacet
  facet normal 0.941331 0.337486 0
    outer loop
      vertex 116.822 3.88771 2.4
      vertex 116.769 4.03554 0
      vertex 116.769 4.03554 2.4
    endloop
  endfacet
  facet normal 0.941331 0.337486 0
    outer loop
      vertex 116.769 4.03554 0
      vertex 116.822 3.88771 2.4
      vertex 116.822 3.88771 0
    endloop
  endfacet
  facet normal 0.0489857 0.998799 -0
    outer loop
      vertex 118.3 2.9 0
      vertex 118.143 2.9077 2.4
      vertex 118.3 2.9 2.4
    endloop
  endfacet
  facet normal 0.0489857 0.998799 0
    outer loop
      vertex 118.143 2.9077 2.4
      vertex 118.3 2.9 0
      vertex 118.143 2.9077 0
    endloop
  endfacet
  facet normal 0.970259 -0.242071 0
    outer loop
      vertex 116.731 4.81214 2.4
      vertex 116.769 4.96445 0
      vertex 116.769 4.96445 2.4
    endloop
  endfacet
  facet normal 0.970259 -0.242071 0
    outer loop
      vertex 116.769 4.96445 0
      vertex 116.731 4.81214 2.4
      vertex 116.731 4.81214 0
    endloop
  endfacet
  facet normal -0.336578 0.941656 0
    outer loop
      vertex 118.912 3.02179 0
      vertex 118.764 2.96889 2.4
      vertex 118.912 3.02179 2.4
    endloop
  endfacet
  facet normal -0.336578 0.941656 0
    outer loop
      vertex 118.764 2.96889 2.4
      vertex 118.912 3.02179 0
      vertex 118.764 2.96889 0
    endloop
  endfacet
  facet normal 0.513186 0.858277 -0
    outer loop
      vertex 117.546 3.08893 0
      vertex 117.411 3.16965 2.4
      vertex 117.546 3.08893 2.4
    endloop
  endfacet
  facet normal 0.513186 0.858277 0
    outer loop
      vertex 117.411 3.16965 2.4
      vertex 117.546 3.08893 0
      vertex 117.411 3.16965 0
    endloop
  endfacet
  facet normal -0.0490492 -0.998796 0
    outer loop
      vertex 118.3 6.1 0
      vertex 118.457 6.09229 2.4
      vertex 118.3 6.1 2.4
    endloop
  endfacet
  facet normal -0.0490492 -0.998796 -0
    outer loop
      vertex 118.457 6.09229 2.4
      vertex 118.3 6.1 0
      vertex 118.457 6.09229 0
    endloop
  endfacet
  facet normal -0.426371 0.904548 0
    outer loop
      vertex 119 3.06327 0
      vertex 118.912 3.02179 2.4
      vertex 119 3.06327 2.4
    endloop
  endfacet
  facet normal -0.426371 0.904548 0
    outer loop
      vertex 118.912 3.02179 2.4
      vertex 119 3.06327 0
      vertex 118.912 3.02179 0
    endloop
  endfacet
  facet normal 0.146967 -0.989141 0
    outer loop
      vertex 117.988 6.06926 0
      vertex 118.143 6.09229 2.4
      vertex 117.988 6.06926 2.4
    endloop
  endfacet
  facet normal 0.146967 -0.989141 0
    outer loop
      vertex 118.143 6.09229 2.4
      vertex 117.988 6.06926 0
      vertex 118.143 6.09229 0
    endloop
  endfacet
  facet normal 0.672657 -0.739955 0
    outer loop
      vertex 117.169 5.63137 0
      vertex 117.285 5.73682 2.4
      vertex 117.169 5.63137 2.4
    endloop
  endfacet
  facet normal 0.672657 -0.739955 0
    outer loop
      vertex 117.285 5.73682 2.4
      vertex 117.169 5.63137 0
      vertex 117.285 5.73682 0
    endloop
  endfacet
  facet normal 0.804844 0.593486 0
    outer loop
      vertex 117.063 3.48497 2.4
      vertex 116.97 3.61109 0
      vertex 116.97 3.61109 2.4
    endloop
  endfacet
  facet normal 0.804844 0.593486 0
    outer loop
      vertex 116.97 3.61109 0
      vertex 117.063 3.48497 2.4
      vertex 117.063 3.48497 0
    endloop
  endfacet
  facet normal 0.739192 -0.673495 0
    outer loop
      vertex 117.063 5.51503 2.4
      vertex 117.169 5.63137 0
      vertex 117.169 5.63137 2.4
    endloop
  endfacet
  facet normal 0.739192 -0.673495 0
    outer loop
      vertex 117.169 5.63137 0
      vertex 117.063 5.51503 2.4
      vertex 117.063 5.51503 0
    endloop
  endfacet
  facet normal 0.596037 0.802957 -0
    outer loop
      vertex 117.411 3.16965 0
      vertex 117.285 3.26318 2.4
      vertex 117.411 3.16965 2.4
    endloop
  endfacet
  facet normal 0.596037 0.802957 0
    outer loop
      vertex 117.285 3.26318 2.4
      vertex 117.411 3.16965 0
      vertex 117.285 3.26318 0
    endloop
  endfacet
  facet normal 0.0490492 -0.998796 0
    outer loop
      vertex 118.143 6.09229 0
      vertex 118.3 6.1 2.4
      vertex 118.143 6.09229 2.4
    endloop
  endfacet
  facet normal 0.0490492 -0.998796 0
    outer loop
      vertex 118.3 6.1 2.4
      vertex 118.143 6.09229 0
      vertex 118.3 6.1 0
    endloop
  endfacet
  facet normal 0.243436 0.969917 -0
    outer loop
      vertex 117.988 2.93074 0
      vertex 117.836 2.96889 2.4
      vertex 117.988 2.93074 2.4
    endloop
  endfacet
  facet normal 0.243436 0.969917 0
    outer loop
      vertex 117.836 2.96889 2.4
      vertex 117.988 2.93074 0
      vertex 117.836 2.96889 0
    endloop
  endfacet
  facet normal 0.989213 0.146484 0
    outer loop
      vertex 116.731 4.18785 2.4
      vertex 116.708 4.34317 0
      vertex 116.708 4.34317 2.4
    endloop
  endfacet
  facet normal 0.989213 0.146484 0
    outer loop
      vertex 116.708 4.34317 0
      vertex 116.731 4.18785 2.4
      vertex 116.731 4.18785 0
    endloop
  endfacet
  facet normal 0.513186 -0.858277 0
    outer loop
      vertex 117.411 5.83035 0
      vertex 117.546 5.91107 2.4
      vertex 117.411 5.83035 2.4
    endloop
  endfacet
  facet normal 0.513186 -0.858277 0
    outer loop
      vertex 117.546 5.91107 2.4
      vertex 117.411 5.83035 0
      vertex 117.546 5.91107 0
    endloop
  endfacet
  facet normal 0.596037 -0.802957 0
    outer loop
      vertex 117.285 5.73682 0
      vertex 117.411 5.83035 2.4
      vertex 117.285 5.73682 2.4
    endloop
  endfacet
  facet normal 0.596037 -0.802957 0
    outer loop
      vertex 117.411 5.83035 2.4
      vertex 117.285 5.73682 0
      vertex 117.411 5.83035 0
    endloop
  endfacet
  facet normal 0.941338 -0.337466 0
    outer loop
      vertex 116.769 4.96445 2.4
      vertex 116.822 5.11229 0
      vertex 116.822 5.11229 2.4
    endloop
  endfacet
  facet normal 0.941338 -0.337466 0
    outer loop
      vertex 116.822 5.11229 0
      vertex 116.769 4.96445 2.4
      vertex 116.769 4.96445 0
    endloop
  endfacet
  facet normal 0.856937 0.515422 0
    outer loop
      vertex 116.97 3.61109 2.4
      vertex 116.889 3.74576 0
      vertex 116.889 3.74576 2.4
    endloop
  endfacet
  facet normal 0.856937 0.515422 0
    outer loop
      vertex 116.889 3.74576 0
      vertex 116.97 3.61109 2.4
      vertex 116.97 3.61109 0
    endloop
  endfacet
  facet normal 0.998701 0.0509444 0
    outer loop
      vertex 116.708 4.34317 2.4
      vertex 116.7 4.5 0
      vertex 116.7 4.5 2.4
    endloop
  endfacet
  facet normal 0.998701 0.0509444 0
    outer loop
      vertex 116.7 4.5 0
      vertex 116.708 4.34317 2.4
      vertex 116.708 4.34317 0
    endloop
  endfacet
  facet normal 0.14703 0.989132 -0
    outer loop
      vertex 118.143 2.9077 0
      vertex 117.988 2.93074 2.4
      vertex 118.143 2.9077 2.4
    endloop
  endfacet
  facet normal 0.14703 0.989132 0
    outer loop
      vertex 117.988 2.93074 2.4
      vertex 118.143 2.9077 0
      vertex 117.988 2.93074 0
    endloop
  endfacet
  facet normal 0.804844 -0.593486 0
    outer loop
      vertex 116.97 5.38891 2.4
      vertex 117.063 5.51503 0
      vertex 117.063 5.51503 2.4
    endloop
  endfacet
  facet normal 0.804844 -0.593486 0
    outer loop
      vertex 117.063 5.51503 0
      vertex 116.97 5.38891 2.4
      vertex 116.97 5.38891 0
    endloop
  endfacet
  facet normal 0.998701 -0.0509541 0
    outer loop
      vertex 116.7 26.5 2.4
      vertex 116.708 26.6568 0
      vertex 116.708 26.6568 2.4
    endloop
  endfacet
  facet normal 0.998701 -0.0509541 0
    outer loop
      vertex 116.708 26.6568 0
      vertex 116.7 26.5 2.4
      vertex 116.7 26.5 0
    endloop
  endfacet
  facet normal -0.14678 -0.989169 0
    outer loop
      vertex 118.457 28.0923 0
      vertex 118.612 28.0693 2.4
      vertex 118.457 28.0923 2.4
    endloop
  endfacet
  facet normal -0.14678 -0.989169 -0
    outer loop
      vertex 118.612 28.0693 2.4
      vertex 118.457 28.0923 0
      vertex 118.612 28.0693 0
    endloop
  endfacet
  facet normal 0.970292 0.241936 0
    outer loop
      vertex 116.769 26.0355 2.4
      vertex 116.731 26.1879 0
      vertex 116.731 26.1879 2.4
    endloop
  endfacet
  facet normal 0.970292 0.241936 0
    outer loop
      vertex 116.731 26.1879 0
      vertex 116.769 26.0355 2.4
      vertex 116.769 26.0355 0
    endloop
  endfacet
  facet normal 0.336578 0.941656 -0
    outer loop
      vertex 117.836 24.9689 0
      vertex 117.688 25.0218 2.4
      vertex 117.836 24.9689 2.4
    endloop
  endfacet
  facet normal 0.336578 0.941656 0
    outer loop
      vertex 117.688 25.0218 2.4
      vertex 117.836 24.9689 0
      vertex 117.688 25.0218 0
    endloop
  endfacet
  facet normal 0.98921 -0.146502 0
    outer loop
      vertex 116.708 26.6568 2.4
      vertex 116.731 26.8121 0
      vertex 116.731 26.8121 2.4
    endloop
  endfacet
  facet normal 0.98921 -0.146502 0
    outer loop
      vertex 116.731 26.8121 0
      vertex 116.708 26.6568 2.4
      vertex 116.708 26.6568 0
    endloop
  endfacet
  facet normal -0.14678 0.989169 0
    outer loop
      vertex 118.612 24.9307 0
      vertex 118.457 24.9077 2.4
      vertex 118.612 24.9307 2.4
    endloop
  endfacet
  facet normal -0.14678 0.989169 0
    outer loop
      vertex 118.457 24.9077 2.4
      vertex 118.612 24.9307 0
      vertex 118.457 24.9077 0
    endloop
  endfacet
  facet normal 0.427238 -0.904139 0
    outer loop
      vertex 117.546 27.9111 0
      vertex 117.688 27.9782 2.4
      vertex 117.546 27.9111 2.4
    endloop
  endfacet
  facet normal 0.427238 -0.904139 0
    outer loop
      vertex 117.688 27.9782 2.4
      vertex 117.546 27.9111 0
      vertex 117.688 27.9782 0
    endloop
  endfacet
  facet normal 0.427238 0.904139 -0
    outer loop
      vertex 117.688 25.0218 0
      vertex 117.546 25.0889 2.4
      vertex 117.688 25.0218 2.4
    endloop
  endfacet
  facet normal 0.427238 0.904139 0
    outer loop
      vertex 117.546 25.0889 2.4
      vertex 117.688 25.0218 0
      vertex 117.546 25.0889 0
    endloop
  endfacet
  facet normal 0.243736 -0.969841 0
    outer loop
      vertex 117.836 28.0311 0
      vertex 117.988 28.0693 2.4
      vertex 117.836 28.0311 2.4
    endloop
  endfacet
  facet normal 0.243736 -0.969841 0
    outer loop
      vertex 117.988 28.0693 2.4
      vertex 117.836 28.0311 0
      vertex 117.988 28.0693 0
    endloop
  endfacet
  facet normal 0.904269 -0.426963 0
    outer loop
      vertex 116.822 27.1123 2.4
      vertex 116.889 27.2542 0
      vertex 116.889 27.2542 2.4
    endloop
  endfacet
  facet normal 0.904269 -0.426963 0
    outer loop
      vertex 116.889 27.2542 0
      vertex 116.822 27.1123 2.4
      vertex 116.822 27.1123 0
    endloop
  endfacet
  facet normal 0.904269 0.426963 0
    outer loop
      vertex 116.889 25.7458 2.4
      vertex 116.822 25.8877 0
      vertex 116.822 25.8877 2.4
    endloop
  endfacet
  facet normal 0.904269 0.426963 0
    outer loop
      vertex 116.822 25.8877 0
      vertex 116.889 25.7458 2.4
      vertex 116.889 25.7458 0
    endloop
  endfacet
  facet normal -0.336578 -0.941656 0
    outer loop
      vertex 118.764 28.0311 0
      vertex 118.912 27.9782 2.4
      vertex 118.764 28.0311 2.4
    endloop
  endfacet
  facet normal -0.336578 -0.941656 -0
    outer loop
      vertex 118.912 27.9782 2.4
      vertex 118.764 28.0311 0
      vertex 118.912 27.9782 0
    endloop
  endfacet
  facet normal -0.243736 -0.969841 0
    outer loop
      vertex 118.612 28.0693 0
      vertex 118.764 28.0311 2.4
      vertex 118.612 28.0693 2.4
    endloop
  endfacet
  facet normal -0.243736 -0.969841 -0
    outer loop
      vertex 118.764 28.0311 2.4
      vertex 118.612 28.0693 0
      vertex 118.764 28.0311 0
    endloop
  endfacet
  facet normal 0.336578 -0.941656 0
    outer loop
      vertex 117.688 27.9782 0
      vertex 117.836 28.0311 2.4
      vertex 117.688 27.9782 2.4
    endloop
  endfacet
  facet normal 0.336578 -0.941656 0
    outer loop
      vertex 117.836 28.0311 2.4
      vertex 117.688 27.9782 0
      vertex 117.836 28.0311 0
    endloop
  endfacet
  facet normal 0.856987 -0.515338 0
    outer loop
      vertex 116.889 27.2542 2.4
      vertex 116.97 27.3889 0
      vertex 116.97 27.3889 2.4
    endloop
  endfacet
  facet normal 0.856987 -0.515338 0
    outer loop
      vertex 116.97 27.3889 0
      vertex 116.889 27.2542 2.4
      vertex 116.889 27.2542 0
    endloop
  endfacet
  facet normal -0.0489857 0.998799 0
    outer loop
      vertex 118.457 24.9077 0
      vertex 118.3 24.9 2.4
      vertex 118.457 24.9077 2.4
    endloop
  endfacet
  facet normal -0.0489857 0.998799 0
    outer loop
      vertex 118.3 24.9 2.4
      vertex 118.457 24.9077 0
      vertex 118.3 24.9 0
    endloop
  endfacet
  facet normal -0.426539 -0.904469 0
    outer loop
      vertex 118.912 27.9782 0
      vertex 119 27.9367 2.4
      vertex 118.912 27.9782 2.4
    endloop
  endfacet
  facet normal -0.426539 -0.904469 -0
    outer loop
      vertex 119 27.9367 2.4
      vertex 118.912 27.9782 0
      vertex 119 27.9367 0
    endloop
  endfacet
  facet normal 0.739365 0.673305 0
    outer loop
      vertex 117.169 25.3686 2.4
      vertex 117.063 25.485 0
      vertex 117.063 25.485 2.4
    endloop
  endfacet
  facet normal 0.739365 0.673305 0
    outer loop
      vertex 117.063 25.485 0
      vertex 117.169 25.3686 2.4
      vertex 117.169 25.3686 0
    endloop
  endfacet
  facet normal 0.941309 0.337546 0
    outer loop
      vertex 116.822 25.8877 2.4
      vertex 116.769 26.0355 0
      vertex 116.769 26.0355 2.4
    endloop
  endfacet
  facet normal 0.941309 0.337546 0
    outer loop
      vertex 116.769 26.0355 0
      vertex 116.822 25.8877 2.4
      vertex 116.822 25.8877 0
    endloop
  endfacet
  facet normal 0.0489857 0.998799 -0
    outer loop
      vertex 118.3 24.9 0
      vertex 118.143 24.9077 2.4
      vertex 118.3 24.9 2.4
    endloop
  endfacet
  facet normal 0.0489857 0.998799 0
    outer loop
      vertex 118.143 24.9077 2.4
      vertex 118.3 24.9 0
      vertex 118.143 24.9077 0
    endloop
  endfacet
  facet normal 0.970292 -0.241936 0
    outer loop
      vertex 116.731 26.8121 2.4
      vertex 116.769 26.9645 0
      vertex 116.769 26.9645 2.4
    endloop
  endfacet
  facet normal 0.970292 -0.241936 0
    outer loop
      vertex 116.769 26.9645 0
      vertex 116.731 26.8121 2.4
      vertex 116.731 26.8121 0
    endloop
  endfacet
  facet normal -0.336578 0.941656 0
    outer loop
      vertex 118.912 25.0218 0
      vertex 118.764 24.9689 2.4
      vertex 118.912 25.0218 2.4
    endloop
  endfacet
  facet normal -0.336578 0.941656 0
    outer loop
      vertex 118.764 24.9689 2.4
      vertex 118.912 25.0218 0
      vertex 118.764 24.9689 0
    endloop
  endfacet
  facet normal 0.513093 0.858333 -0
    outer loop
      vertex 117.546 25.0889 0
      vertex 117.411 25.1696 2.4
      vertex 117.546 25.0889 2.4
    endloop
  endfacet
  facet normal 0.513093 0.858333 0
    outer loop
      vertex 117.411 25.1696 2.4
      vertex 117.546 25.0889 0
      vertex 117.411 25.1696 0
    endloop
  endfacet
  facet normal -0.0489857 -0.998799 0
    outer loop
      vertex 118.3 28.1 0
      vertex 118.457 28.0923 2.4
      vertex 118.3 28.1 2.4
    endloop
  endfacet
  facet normal -0.0489857 -0.998799 -0
    outer loop
      vertex 118.457 28.0923 2.4
      vertex 118.3 28.1 0
      vertex 118.457 28.0923 0
    endloop
  endfacet
  facet normal -0.426539 0.904469 0
    outer loop
      vertex 119 25.0633 0
      vertex 118.912 25.0218 2.4
      vertex 119 25.0633 2.4
    endloop
  endfacet
  facet normal -0.426539 0.904469 0
    outer loop
      vertex 118.912 25.0218 2.4
      vertex 119 25.0633 0
      vertex 118.912 25.0218 0
    endloop
  endfacet
  facet normal 0.14678 -0.989169 0
    outer loop
      vertex 117.988 28.0693 0
      vertex 118.143 28.0923 2.4
      vertex 117.988 28.0693 2.4
    endloop
  endfacet
  facet normal 0.14678 -0.989169 0
    outer loop
      vertex 118.143 28.0923 2.4
      vertex 117.988 28.0693 0
      vertex 118.143 28.0923 0
    endloop
  endfacet
  facet normal -0.243736 0.969841 0
    outer loop
      vertex 118.764 24.9689 0
      vertex 118.612 24.9307 2.4
      vertex 118.764 24.9689 2.4
    endloop
  endfacet
  facet normal -0.243736 0.969841 0
    outer loop
      vertex 118.612 24.9307 2.4
      vertex 118.764 24.9689 0
      vertex 118.612 24.9307 0
    endloop
  endfacet
  facet normal 0.672482 -0.740113 0
    outer loop
      vertex 117.169 27.6314 0
      vertex 117.285 27.7368 2.4
      vertex 117.169 27.6314 2.4
    endloop
  endfacet
  facet normal 0.672482 -0.740113 0
    outer loop
      vertex 117.285 27.7368 2.4
      vertex 117.169 27.6314 0
      vertex 117.285 27.7368 0
    endloop
  endfacet
  facet normal 0.804799 0.593547 0
    outer loop
      vertex 117.063 25.485 2.4
      vertex 116.97 25.6111 0
      vertex 116.97 25.6111 2.4
    endloop
  endfacet
  facet normal 0.804799 0.593547 0
    outer loop
      vertex 116.97 25.6111 0
      vertex 117.063 25.485 2.4
      vertex 117.063 25.485 0
    endloop
  endfacet
  facet normal 0.739365 -0.673305 0
    outer loop
      vertex 117.063 27.515 2.4
      vertex 117.169 27.6314 0
      vertex 117.169 27.6314 2.4
    endloop
  endfacet
  facet normal 0.739365 -0.673305 0
    outer loop
      vertex 117.169 27.6314 0
      vertex 117.063 27.515 2.4
      vertex 117.063 27.515 0
    endloop
  endfacet
  facet normal 0.596324 0.802744 -0
    outer loop
      vertex 117.411 25.1696 0
      vertex 117.285 25.2632 2.4
      vertex 117.411 25.1696 2.4
    endloop
  endfacet
  facet normal 0.596324 0.802744 0
    outer loop
      vertex 117.285 25.2632 2.4
      vertex 117.411 25.1696 0
      vertex 117.285 25.2632 0
    endloop
  endfacet
  facet normal 0.672482 0.740113 -0
    outer loop
      vertex 117.285 25.2632 0
      vertex 117.169 25.3686 2.4
      vertex 117.285 25.2632 2.4
    endloop
  endfacet
  facet normal 0.672482 0.740113 0
    outer loop
      vertex 117.169 25.3686 2.4
      vertex 117.285 25.2632 0
      vertex 117.169 25.3686 0
    endloop
  endfacet
  facet normal 0.0489857 -0.998799 0
    outer loop
      vertex 118.143 28.0923 0
      vertex 118.3 28.1 2.4
      vertex 118.143 28.0923 2.4
    endloop
  endfacet
  facet normal 0.0489857 -0.998799 0
    outer loop
      vertex 118.3 28.1 2.4
      vertex 118.143 28.0923 0
      vertex 118.3 28.1 0
    endloop
  endfacet
  facet normal 0.243736 0.969841 -0
    outer loop
      vertex 117.988 24.9307 0
      vertex 117.836 24.9689 2.4
      vertex 117.988 24.9307 2.4
    endloop
  endfacet
  facet normal 0.243736 0.969841 0
    outer loop
      vertex 117.836 24.9689 2.4
      vertex 117.988 24.9307 0
      vertex 117.836 24.9689 0
    endloop
  endfacet
  facet normal 0.98921 0.146502 0
    outer loop
      vertex 116.731 26.1879 2.4
      vertex 116.708 26.3432 0
      vertex 116.708 26.3432 2.4
    endloop
  endfacet
  facet normal 0.98921 0.146502 0
    outer loop
      vertex 116.708 26.3432 0
      vertex 116.731 26.1879 2.4
      vertex 116.731 26.1879 0
    endloop
  endfacet
  facet normal 0.513093 -0.858333 0
    outer loop
      vertex 117.411 27.8304 0
      vertex 117.546 27.9111 2.4
      vertex 117.411 27.8304 2.4
    endloop
  endfacet
  facet normal 0.513093 -0.858333 0
    outer loop
      vertex 117.546 27.9111 2.4
      vertex 117.411 27.8304 0
      vertex 117.546 27.9111 0
    endloop
  endfacet
  facet normal 0.596324 -0.802744 0
    outer loop
      vertex 117.285 27.7368 0
      vertex 117.411 27.8304 2.4
      vertex 117.285 27.7368 2.4
    endloop
  endfacet
  facet normal 0.596324 -0.802744 0
    outer loop
      vertex 117.411 27.8304 2.4
      vertex 117.285 27.7368 0
      vertex 117.411 27.8304 0
    endloop
  endfacet
  facet normal 0.941309 -0.337546 0
    outer loop
      vertex 116.769 26.9645 2.4
      vertex 116.822 27.1123 0
      vertex 116.822 27.1123 2.4
    endloop
  endfacet
  facet normal 0.941309 -0.337546 0
    outer loop
      vertex 116.822 27.1123 0
      vertex 116.769 26.9645 2.4
      vertex 116.769 26.9645 0
    endloop
  endfacet
  facet normal 0.856987 0.515338 0
    outer loop
      vertex 116.97 25.6111 2.4
      vertex 116.889 25.7458 0
      vertex 116.889 25.7458 2.4
    endloop
  endfacet
  facet normal 0.856987 0.515338 0
    outer loop
      vertex 116.889 25.7458 0
      vertex 116.97 25.6111 2.4
      vertex 116.97 25.6111 0
    endloop
  endfacet
  facet normal 0.998701 0.0509541 0
    outer loop
      vertex 116.708 26.3432 2.4
      vertex 116.7 26.5 0
      vertex 116.7 26.5 2.4
    endloop
  endfacet
  facet normal 0.998701 0.0509541 0
    outer loop
      vertex 116.7 26.5 0
      vertex 116.708 26.3432 2.4
      vertex 116.708 26.3432 0
    endloop
  endfacet
  facet normal 0.14678 0.989169 -0
    outer loop
      vertex 118.143 24.9077 0
      vertex 117.988 24.9307 2.4
      vertex 118.143 24.9077 2.4
    endloop
  endfacet
  facet normal 0.14678 0.989169 0
    outer loop
      vertex 117.988 24.9307 2.4
      vertex 118.143 24.9077 0
      vertex 117.988 24.9307 0
    endloop
  endfacet
  facet normal 0.804799 -0.593547 0
    outer loop
      vertex 116.97 27.3889 2.4
      vertex 117.063 27.515 0
      vertex 117.063 27.515 2.4
    endloop
  endfacet
  facet normal 0.804799 -0.593547 0
    outer loop
      vertex 117.063 27.515 0
      vertex 116.97 27.3889 2.4
      vertex 116.97 27.3889 0
    endloop
  endfacet
  facet normal -1 0 0
    outer loop
      vertex 115.34 0.5 2.4
      vertex 115.34 2 0
      vertex 115.34 0.5 0
    endloop
  endfacet
  facet normal -1 0 0
    outer loop
      vertex 115.34 2 0
      vertex 115.34 0.5 2.4
      vertex 115.34 2 2.6
    endloop
  endfacet
  facet normal -1 -0 0
    outer loop
      vertex 115.34 2 2.6
      vertex 115.34 0.5 2.4
      vertex 115.34 0.5 2.6
    endloop
  endfacet
  facet normal 0 0 -1
    outer loop
      vertex 115.34 0.5 2.6
      vertex 47.5 0.5 2.6
      vertex 115.34 2 2.6
    endloop
  endfacet
  facet normal 0 0 -1
    outer loop
      vertex 115.34 2 2.6
      vertex 116 3.5 2.6
      vertex 116 2 2.6
    endloop
  endfacet
  facet normal 0 0 -1
    outer loop
      vertex 47.5 3.5 2.6
      vertex 115.34 2 2.6
      vertex 47.5 0.5 2.6
    endloop
  endfacet
  facet normal 0 0 -1
    outer loop
      vertex 115.34 2 2.6
      vertex 47.5 3.5 2.6
      vertex 116 3.5 2.6
    endloop
  endfacet
  facet normal 0 0 -1
    outer loop
      vertex 116 27.5 2.6
      vertex 115.34 29 2.6
      vertex 116 29 2.6
    endloop
  endfacet
  facet normal 0 0 -1
    outer loop
      vertex 47.5 27.5 2.6
      vertex 115.34 29 2.6
      vertex 116 27.5 2.6
    endloop
  endfacet
  facet normal 0 0 -1
    outer loop
      vertex 47.5 30.5 2.6
      vertex 115.34 29 2.6
      vertex 47.5 27.5 2.6
    endloop
  endfacet
  facet normal 0 0 -1
    outer loop
      vertex 115.34 29 2.6
      vertex 47.5 30.5 2.6
      vertex 115.34 30.5 2.6
    endloop
  endfacet
  facet normal 1 0 0
    outer loop
      vertex 47.5 3.5 2.6
      vertex 47.5 0.5 2.6
      vertex 47.5 3.5 2.4
    endloop
  endfacet
  facet normal 1 -0 0
    outer loop
      vertex 47.5 3.5 2.4
      vertex 47.5 4 0
      vertex 47.5 4 2.4
    endloop
  endfacet
  facet normal 1 0 0
    outer loop
      vertex 47.5 0.5 2.4
      vertex 47.5 3.5 2.4
      vertex 47.5 0.5 2.6
    endloop
  endfacet
  facet normal 1 0 0
    outer loop
      vertex 47.5 0.5 0
      vertex 47.5 3.5 2.4
      vertex 47.5 0.5 2.4
    endloop
  endfacet
  facet normal 1 0 0
    outer loop
      vertex 47.5 3.5 2.4
      vertex 47.5 0.5 0
      vertex 47.5 4 0
    endloop
  endfacet
  facet normal -1 0 0
    outer loop
      vertex 115.34 29 0
      vertex 115.34 30.5 2.4
      vertex 115.34 30.5 0
    endloop
  endfacet
  facet normal -1 0 0
    outer loop
      vertex 115.34 29 2.6
      vertex 115.34 30.5 2.4
      vertex 115.34 29 0
    endloop
  endfacet
  facet normal -1 0 0
    outer loop
      vertex 115.34 30.5 2.4
      vertex 115.34 29 2.6
      vertex 115.34 30.5 2.6
    endloop
  endfacet
  facet normal 1 0 0
    outer loop
      vertex 47.5 27.5 2.4
      vertex 47.5 30.5 2.4
      vertex 47.5 30.5 2.6
    endloop
  endfacet
  facet normal 1 0 0
    outer loop
      vertex 47.5 27.5 2.4
      vertex 47.5 30.5 2.6
      vertex 47.5 27.5 2.6
    endloop
  endfacet
  facet normal 1 0 0
    outer loop
      vertex 47.5 30.5 2.4
      vertex 47.5 27.5 2.4
      vertex 47.5 30.5 0
    endloop
  endfacet
  facet normal 1 0 0
    outer loop
      vertex 47.5 27 0
      vertex 47.5 27.5 2.4
      vertex 47.5 27 2.4
    endloop
  endfacet
  facet normal 1 0 0
    outer loop
      vertex 47.5 27.5 2.4
      vertex 47.5 27 0
      vertex 47.5 30.5 0
    endloop
  endfacet
  facet normal -1 0 0
    outer loop
      vertex 116 29 0
      vertex 116 27.5 2.4
      vertex 116 29 2.6
    endloop
  endfacet
  facet normal -1 0 0
    outer loop
      vertex 116 29 0
      vertex 116 3.5 2.4
      vertex 116 27.5 2.4
    endloop
  endfacet
  facet normal -1 0 0
    outer loop
      vertex 116 2 0
      vertex 116 3.5 2.4
      vertex 116 29 0
    endloop
  endfacet
  facet normal -1 0 0
    outer loop
      vertex 116 2 2.6
      vertex 116 3.5 2.4
      vertex 116 2 0
    endloop
  endfacet
  facet normal -1 0 0
    outer loop
      vertex 116 3.5 2.4
      vertex 116 2 2.6
      vertex 116 3.5 2.6
    endloop
  endfacet
  facet normal -1 -0 0
    outer loop
      vertex 116 29 2.6
      vertex 116 27.5 2.4
      vertex 116 27.5 2.6
    endloop
  endfacet
  facet normal 1 -0 0
    outer loop
      vertex 90.5 6 2.4
      vertex 90.5 9 0
      vertex 90.5 9 2.4
    endloop
  endfacet
  facet normal 1 0 0
    outer loop
      vertex 90.5 9 0
      vertex 90.5 6 2.4
      vertex 90.5 6 0
    endloop
  endfacet
  facet normal 1 -0 0
    outer loop
      vertex 90.5 22 2.4
      vertex 90.5 25 0
      vertex 90.5 25 2.4
    endloop
  endfacet
  facet normal 1 0 0
    outer loop
      vertex 90.5 25 0
      vertex 90.5 22 2.4
      vertex 90.5 22 0
    endloop
  endfacet
  facet normal 0 -1 0
    outer loop
      vertex 115.34 29 0
      vertex 116 29 2.6
      vertex 115.34 29 2.6
    endloop
  endfacet
  facet normal 0 -1 -0
    outer loop
      vertex 116 29 2.6
      vertex 115.34 29 0
      vertex 116 29 0
    endloop
  endfacet
  facet normal 0 1 -0
    outer loop
      vertex 116 2 0
      vertex 115.34 2 2.6
      vertex 116 2 2.6
    endloop
  endfacet
  facet normal 0 1 0
    outer loop
      vertex 115.34 2 2.6
      vertex 116 2 0
      vertex 115.34 2 0
    endloop
  endfacet
endsolid OpenSCAD_Model
