solid OpenSCAD_Model
  facet normal -0.792837 0.609434 0
    outer loop
      vertex -38.783 11.4883 0
      vertex -38.7192 11.5713 1.2
      vertex -38.7192 11.5713 0
    endloop
  endfacet
  facet normal -0.792837 0.609434 0
    outer loop
      vertex -38.7192 11.5713 1.2
      vertex -38.783 11.4883 0
      vertex -38.783 11.4883 1.2
    endloop
  endfacet
  facet normal 0.0439346 -0.999034 0
    outer loop
      vertex 37.8 -12 0
      vertex 37.9046 -11.9954 1.2
      vertex 37.8 -12 1.2
    endloop
  endfacet
  facet normal 0.0439346 -0.999034 0
    outer loop
      vertex 37.9046 -11.9954 1.2
      vertex 37.8 -12 0
      vertex 37.9046 -11.9954 0
    endloop
  endfacet
  facet normal -1 0 0
    outer loop
      vertex -39 -10.8 0
      vertex -39 10.8 1.2
      vertex -39 10.8 0
    endloop
  endfacet
  facet normal -1 -0 0
    outer loop
      vertex -39 10.8 1.2
      vertex -39 -10.8 0
      vertex -39 -10.8 1.2
    endloop
  endfacet
  facet normal -0.843622 -0.536937 0
    outer loop
      vertex -38.783 -11.4883 0
      vertex -38.8392 -11.4 1.2
      vertex -38.8392 -11.4 0
    endloop
  endfacet
  facet normal -0.843622 -0.536937 0
    outer loop
      vertex -38.8392 -11.4 1.2
      vertex -38.783 -11.4883 0
      vertex -38.783 -11.4883 1.2
    endloop
  endfacet
  facet normal -0.536937 -0.843622 0
    outer loop
      vertex -38.4883 -11.783 0
      vertex -38.4 -11.8392 1.2
      vertex -38.4883 -11.783 1.2
    endloop
  endfacet
  facet normal -0.536937 -0.843622 -0
    outer loop
      vertex -38.4 -11.8392 1.2
      vertex -38.4883 -11.783 0
      vertex -38.4 -11.8392 0
    endloop
  endfacet
  facet normal -0.216829 -0.97621 0
    outer loop
      vertex -38.1106 -11.9591 0
      vertex -38.0084 -11.9818 1.2
      vertex -38.1106 -11.9591 1.2
    endloop
  endfacet
  facet normal -0.216829 -0.97621 -0
    outer loop
      vertex -38.0084 -11.9818 1.2
      vertex -38.1106 -11.9591 0
      vertex -38.0084 -11.9818 0
    endloop
  endfacet
  facet normal 0 -1 0
    outer loop
      vertex -37.8 -12 0
      vertex 37.8 -12 1.2
      vertex -37.8 -12 1.2
    endloop
  endfacet
  facet normal 0 -1 -0
    outer loop
      vertex 37.8 -12 1.2
      vertex -37.8 -12 0
      vertex 37.8 -12 0
    endloop
  endfacet
  facet normal -0.300994 0.953626 0
    outer loop
      vertex -38.1106 11.9591 0
      vertex -38.2104 11.9276 1.2
      vertex -38.1106 11.9591 1.2
    endloop
  endfacet
  facet normal -0.300994 0.953626 0
    outer loop
      vertex -38.2104 11.9276 1.2
      vertex -38.1106 11.9591 0
      vertex -38.2104 11.9276 0
    endloop
  endfacet
  facet normal -0.0439346 0.999034 0
    outer loop
      vertex -37.8 12 0
      vertex -37.9046 11.9954 1.2
      vertex -37.8 12 1.2
    endloop
  endfacet
  facet normal -0.0439346 0.999034 0
    outer loop
      vertex -37.9046 11.9954 1.2
      vertex -37.8 12 0
      vertex -37.9046 11.9954 0
    endloop
  endfacet
  facet normal 0 1 -0
    outer loop
      vertex 37.8 12 0
      vertex -37.8 12 1.2
      vertex 37.8 12 1.2
    endloop
  endfacet
  facet normal 0 1 0
    outer loop
      vertex -37.8 12 1.2
      vertex 37.8 12 0
      vertex -37.8 12 0
    endloop
  endfacet
  facet normal -0.737471 0.675378 0
    outer loop
      vertex -38.7192 11.5713 0
      vertex -38.6485 11.6485 1.2
      vertex -38.6485 11.6485 0
    endloop
  endfacet
  facet normal -0.737471 0.675378 0
    outer loop
      vertex -38.6485 11.6485 1.2
      vertex -38.7192 11.5713 0
      vertex -38.7192 11.5713 1.2
    endloop
  endfacet
  facet normal 0.382239 0.924063 -0
    outer loop
      vertex 38.3071 11.8876 0
      vertex 38.2104 11.9276 1.2
      vertex 38.3071 11.8876 1.2
    endloop
  endfacet
  facet normal 0.382239 0.924063 0
    outer loop
      vertex 38.2104 11.9276 1.2
      vertex 38.3071 11.8876 0
      vertex 38.2104 11.9276 0
    endloop
  endfacet
  facet normal -0.0439346 -0.999034 0
    outer loop
      vertex -37.9046 -11.9954 0
      vertex -37.8 -12 1.2
      vertex -37.9046 -11.9954 1.2
    endloop
  endfacet
  facet normal -0.0439346 -0.999034 -0
    outer loop
      vertex -37.8 -12 1.2
      vertex -37.9046 -11.9954 0
      vertex -37.8 -12 0
    endloop
  endfacet
  facet normal 0.0439346 0.999034 -0
    outer loop
      vertex 37.9046 11.9954 0
      vertex 37.8 12 1.2
      vertex 37.9046 11.9954 1.2
    endloop
  endfacet
  facet normal 0.0439346 0.999034 0
    outer loop
      vertex 37.8 12 1.2
      vertex 37.9046 11.9954 0
      vertex 37.8 12 0
    endloop
  endfacet
  facet normal -0.737471 -0.675378 0
    outer loop
      vertex -38.6485 -11.6485 0
      vertex -38.7192 -11.5713 1.2
      vertex -38.7192 -11.5713 0
    endloop
  endfacet
  facet normal -0.737471 -0.675378 0
    outer loop
      vertex -38.7192 -11.5713 1.2
      vertex -38.6485 -11.6485 0
      vertex -38.6485 -11.6485 1.2
    endloop
  endfacet
  facet normal -0.991526 0.129911 0
    outer loop
      vertex -38.9954 10.9046 0
      vertex -38.9818 11.0084 1.2
      vertex -38.9818 11.0084 0
    endloop
  endfacet
  facet normal -0.991526 0.129911 0
    outer loop
      vertex -38.9818 11.0084 1.2
      vertex -38.9954 10.9046 0
      vertex -38.9954 10.9046 1.2
    endloop
  endfacet
  facet normal -0.129911 -0.991526 0
    outer loop
      vertex -38.0084 -11.9818 0
      vertex -37.9046 -11.9954 1.2
      vertex -38.0084 -11.9818 1.2
    endloop
  endfacet
  facet normal -0.129911 -0.991526 -0
    outer loop
      vertex -37.9046 -11.9954 1.2
      vertex -38.0084 -11.9818 0
      vertex -37.9046 -11.9954 0
    endloop
  endfacet
  facet normal 0.675378 0.737471 -0
    outer loop
      vertex 38.6485 11.6485 0
      vertex 38.5713 11.7192 1.2
      vertex 38.6485 11.6485 1.2
    endloop
  endfacet
  facet normal 0.675378 0.737471 0
    outer loop
      vertex 38.5713 11.7192 1.2
      vertex 38.6485 11.6485 0
      vertex 38.5713 11.7192 0
    endloop
  endfacet
  facet normal 0.97621 0.216829 0
    outer loop
      vertex 38.9818 11.0084 1.2
      vertex 38.9591 11.1106 0
      vertex 38.9591 11.1106 1.2
    endloop
  endfacet
  facet normal 0.97621 0.216829 0
    outer loop
      vertex 38.9591 11.1106 0
      vertex 38.9818 11.0084 1.2
      vertex 38.9818 11.0084 0
    endloop
  endfacet
  facet normal 0.999034 0.0439346 0
    outer loop
      vertex 39 10.8 1.2
      vertex 38.9954 10.9046 0
      vertex 38.9954 10.9046 1.2
    endloop
  endfacet
  facet normal 0.999034 0.0439346 0
    outer loop
      vertex 38.9954 10.9046 0
      vertex 39 10.8 1.2
      vertex 39 10.8 0
    endloop
  endfacet
  facet normal 0.536937 -0.843622 0
    outer loop
      vertex 38.4 -11.8392 0
      vertex 38.4883 -11.783 1.2
      vertex 38.4 -11.8392 1.2
    endloop
  endfacet
  facet normal 0.536937 -0.843622 0
    outer loop
      vertex 38.4883 -11.783 1.2
      vertex 38.4 -11.8392 0
      vertex 38.4883 -11.783 0
    endloop
  endfacet
  facet normal 0.216829 0.97621 -0
    outer loop
      vertex 38.1106 11.9591 0
      vertex 38.0084 11.9818 1.2
      vertex 38.1106 11.9591 1.2
    endloop
  endfacet
  facet normal 0.216829 0.97621 0
    outer loop
      vertex 38.0084 11.9818 1.2
      vertex 38.1106 11.9591 0
      vertex 38.0084 11.9818 0
    endloop
  endfacet
  facet normal 0.300994 0.953626 -0
    outer loop
      vertex 38.2104 11.9276 0
      vertex 38.1106 11.9591 1.2
      vertex 38.2104 11.9276 1.2
    endloop
  endfacet
  facet normal 0.300994 0.953626 0
    outer loop
      vertex 38.1106 11.9591 1.2
      vertex 38.2104 11.9276 0
      vertex 38.1106 11.9591 0
    endloop
  endfacet
  facet normal -0.953626 -0.300994 0
    outer loop
      vertex -38.9276 -11.2104 0
      vertex -38.9591 -11.1106 1.2
      vertex -38.9591 -11.1106 0
    endloop
  endfacet
  facet normal -0.953626 -0.300994 0
    outer loop
      vertex -38.9591 -11.1106 1.2
      vertex -38.9276 -11.2104 0
      vertex -38.9276 -11.2104 1.2
    endloop
  endfacet
  facet normal -0.886857 -0.462044 0
    outer loop
      vertex -38.8392 -11.4 0
      vertex -38.8876 -11.3071 1.2
      vertex -38.8876 -11.3071 0
    endloop
  endfacet
  facet normal -0.886857 -0.462044 0
    outer loop
      vertex -38.8876 -11.3071 1.2
      vertex -38.8392 -11.4 0
      vertex -38.8392 -11.4 1.2
    endloop
  endfacet
  facet normal -0.924063 0.382239 0
    outer loop
      vertex -38.9276 11.2104 0
      vertex -38.8876 11.3071 1.2
      vertex -38.8876 11.3071 0
    endloop
  endfacet
  facet normal -0.924063 0.382239 0
    outer loop
      vertex -38.8876 11.3071 1.2
      vertex -38.9276 11.2104 0
      vertex -38.9276 11.2104 1.2
    endloop
  endfacet
  facet normal -0.999034 0.0439346 0
    outer loop
      vertex -39 10.8 0
      vertex -38.9954 10.9046 1.2
      vertex -38.9954 10.9046 0
    endloop
  endfacet
  facet normal -0.999034 0.0439346 0
    outer loop
      vertex -38.9954 10.9046 1.2
      vertex -39 10.8 0
      vertex -39 10.8 1.2
    endloop
  endfacet
  facet normal 0.675378 -0.737471 0
    outer loop
      vertex 38.5713 -11.7192 0
      vertex 38.6485 -11.6485 1.2
      vertex 38.5713 -11.7192 1.2
    endloop
  endfacet
  facet normal 0.675378 -0.737471 0
    outer loop
      vertex 38.6485 -11.6485 1.2
      vertex 38.5713 -11.7192 0
      vertex 38.6485 -11.6485 0
    endloop
  endfacet
  facet normal -0.300994 -0.953626 0
    outer loop
      vertex -38.2104 -11.9276 0
      vertex -38.1106 -11.9591 1.2
      vertex -38.2104 -11.9276 1.2
    endloop
  endfacet
  facet normal -0.300994 -0.953626 -0
    outer loop
      vertex -38.1106 -11.9591 1.2
      vertex -38.2104 -11.9276 0
      vertex -38.1106 -11.9591 0
    endloop
  endfacet
  facet normal 0.999034 -0.0439346 0
    outer loop
      vertex 38.9954 -10.9046 1.2
      vertex 39 -10.8 0
      vertex 39 -10.8 1.2
    endloop
  endfacet
  facet normal 0.999034 -0.0439346 0
    outer loop
      vertex 39 -10.8 0
      vertex 38.9954 -10.9046 1.2
      vertex 38.9954 -10.9046 0
    endloop
  endfacet
  facet normal -0.462044 0.886857 0
    outer loop
      vertex -38.3071 11.8876 0
      vertex -38.4 11.8392 1.2
      vertex -38.3071 11.8876 1.2
    endloop
  endfacet
  facet normal -0.462044 0.886857 0
    outer loop
      vertex -38.4 11.8392 1.2
      vertex -38.3071 11.8876 0
      vertex -38.4 11.8392 0
    endloop
  endfacet
  facet normal -0.382239 -0.924063 0
    outer loop
      vertex -38.3071 -11.8876 0
      vertex -38.2104 -11.9276 1.2
      vertex -38.3071 -11.8876 1.2
    endloop
  endfacet
  facet normal -0.382239 -0.924063 -0
    outer loop
      vertex -38.2104 -11.9276 1.2
      vertex -38.3071 -11.8876 0
      vertex -38.2104 -11.9276 0
    endloop
  endfacet
  facet normal 0.129911 0.991526 -0
    outer loop
      vertex 38.0084 11.9818 0
      vertex 37.9046 11.9954 1.2
      vertex 38.0084 11.9818 1.2
    endloop
  endfacet
  facet normal 0.129911 0.991526 0
    outer loop
      vertex 37.9046 11.9954 1.2
      vertex 38.0084 11.9818 0
      vertex 37.9046 11.9954 0
    endloop
  endfacet
  facet normal 1 -0 0
    outer loop
      vertex 39 -10.8 1.2
      vertex 39 10.8 0
      vertex 39 10.8 1.2
    endloop
  endfacet
  facet normal 1 0 0
    outer loop
      vertex 39 10.8 0
      vertex 39 -10.8 1.2
      vertex 39 -10.8 0
    endloop
  endfacet
  facet normal -0.991526 -0.129911 0
    outer loop
      vertex -38.9818 -11.0084 0
      vertex -38.9954 -10.9046 1.2
      vertex -38.9954 -10.9046 0
    endloop
  endfacet
  facet normal -0.991526 -0.129911 0
    outer loop
      vertex -38.9954 -10.9046 1.2
      vertex -38.9818 -11.0084 0
      vertex -38.9818 -11.0084 1.2
    endloop
  endfacet
  facet normal -0.129911 0.991526 0
    outer loop
      vertex -37.9046 11.9954 0
      vertex -38.0084 11.9818 1.2
      vertex -37.9046 11.9954 1.2
    endloop
  endfacet
  facet normal -0.129911 0.991526 0
    outer loop
      vertex -38.0084 11.9818 1.2
      vertex -37.9046 11.9954 0
      vertex -38.0084 11.9818 0
    endloop
  endfacet
  facet normal -0.97621 -0.216829 0
    outer loop
      vertex -38.9591 -11.1106 0
      vertex -38.9818 -11.0084 1.2
      vertex -38.9818 -11.0084 0
    endloop
  endfacet
  facet normal -0.97621 -0.216829 0
    outer loop
      vertex -38.9818 -11.0084 1.2
      vertex -38.9591 -11.1106 0
      vertex -38.9591 -11.1106 1.2
    endloop
  endfacet
  facet normal -0.999034 -0.0439346 0
    outer loop
      vertex -38.9954 -10.9046 0
      vertex -39 -10.8 1.2
      vertex -39 -10.8 0
    endloop
  endfacet
  facet normal -0.999034 -0.0439346 0
    outer loop
      vertex -39 -10.8 1.2
      vertex -38.9954 -10.9046 0
      vertex -38.9954 -10.9046 1.2
    endloop
  endfacet
  facet normal 0.924063 -0.382239 0
    outer loop
      vertex 38.8876 -11.3071 1.2
      vertex 38.9276 -11.2104 0
      vertex 38.9276 -11.2104 1.2
    endloop
  endfacet
  facet normal 0.924063 -0.382239 0
    outer loop
      vertex 38.9276 -11.2104 0
      vertex 38.8876 -11.3071 1.2
      vertex 38.8876 -11.3071 0
    endloop
  endfacet
  facet normal -0.462044 -0.886857 0
    outer loop
      vertex -38.4 -11.8392 0
      vertex -38.3071 -11.8876 1.2
      vertex -38.4 -11.8392 1.2
    endloop
  endfacet
  facet normal -0.462044 -0.886857 -0
    outer loop
      vertex -38.3071 -11.8876 1.2
      vertex -38.4 -11.8392 0
      vertex -38.3071 -11.8876 0
    endloop
  endfacet
  facet normal -0.924063 -0.382239 0
    outer loop
      vertex -38.8876 -11.3071 0
      vertex -38.9276 -11.2104 1.2
      vertex -38.9276 -11.2104 0
    endloop
  endfacet
  facet normal -0.924063 -0.382239 0
    outer loop
      vertex -38.9276 -11.2104 1.2
      vertex -38.8876 -11.3071 0
      vertex -38.8876 -11.3071 1.2
    endloop
  endfacet
  facet normal -0.843622 0.536937 0
    outer loop
      vertex -38.8392 11.4 0
      vertex -38.783 11.4883 1.2
      vertex -38.783 11.4883 0
    endloop
  endfacet
  facet normal -0.843622 0.536937 0
    outer loop
      vertex -38.783 11.4883 1.2
      vertex -38.8392 11.4 0
      vertex -38.8392 11.4 1.2
    endloop
  endfacet
  facet normal -0.536937 0.843622 0
    outer loop
      vertex -38.4 11.8392 0
      vertex -38.4883 11.783 1.2
      vertex -38.4 11.8392 1.2
    endloop
  endfacet
  facet normal -0.536937 0.843622 0
    outer loop
      vertex -38.4883 11.783 1.2
      vertex -38.4 11.8392 0
      vertex -38.4883 11.783 0
    endloop
  endfacet
  facet normal -0.216829 0.97621 0
    outer loop
      vertex -38.0084 11.9818 0
      vertex -38.1106 11.9591 1.2
      vertex -38.0084 11.9818 1.2
    endloop
  endfacet
  facet normal -0.216829 0.97621 0
    outer loop
      vertex -38.1106 11.9591 1.2
      vertex -38.0084 11.9818 0
      vertex -38.1106 11.9591 0
    endloop
  endfacet
  facet normal -0.886857 0.462044 0
    outer loop
      vertex -38.8876 11.3071 0
      vertex -38.8392 11.4 1.2
      vertex -38.8392 11.4 0
    endloop
  endfacet
  facet normal -0.886857 0.462044 0
    outer loop
      vertex -38.8392 11.4 1.2
      vertex -38.8876 11.3071 0
      vertex -38.8876 11.3071 1.2
    endloop
  endfacet
  facet normal 0.991526 -0.129911 0
    outer loop
      vertex 38.9818 -11.0084 1.2
      vertex 38.9954 -10.9046 0
      vertex 38.9954 -10.9046 1.2
    endloop
  endfacet
  facet normal 0.991526 -0.129911 0
    outer loop
      vertex 38.9954 -10.9046 0
      vertex 38.9818 -11.0084 1.2
      vertex 38.9818 -11.0084 0
    endloop
  endfacet
  facet normal -0.953626 0.300994 0
    outer loop
      vertex -38.9591 11.1106 0
      vertex -38.9276 11.2104 1.2
      vertex -38.9276 11.2104 0
    endloop
  endfacet
  facet normal -0.953626 0.300994 0
    outer loop
      vertex -38.9276 11.2104 1.2
      vertex -38.9591 11.1106 0
      vertex -38.9591 11.1106 1.2
    endloop
  endfacet
  facet normal 0.382239 -0.924063 0
    outer loop
      vertex 38.2104 -11.9276 0
      vertex 38.3071 -11.8876 1.2
      vertex 38.2104 -11.9276 1.2
    endloop
  endfacet
  facet normal 0.382239 -0.924063 0
    outer loop
      vertex 38.3071 -11.8876 1.2
      vertex 38.2104 -11.9276 0
      vertex 38.3071 -11.8876 0
    endloop
  endfacet
  facet normal -0.609434 0.792837 0
    outer loop
      vertex -38.4883 11.783 0
      vertex -38.5713 11.7192 1.2
      vertex -38.4883 11.783 1.2
    endloop
  endfacet
  facet normal -0.609434 0.792837 0
    outer loop
      vertex -38.5713 11.7192 1.2
      vertex -38.4883 11.783 0
      vertex -38.5713 11.7192 0
    endloop
  endfacet
  facet normal -0.675378 0.737471 0
    outer loop
      vertex -38.5713 11.7192 0
      vertex -38.6485 11.6485 1.2
      vertex -38.5713 11.7192 1.2
    endloop
  endfacet
  facet normal -0.675378 0.737471 0
    outer loop
      vertex -38.6485 11.6485 1.2
      vertex -38.5713 11.7192 0
      vertex -38.6485 11.6485 0
    endloop
  endfacet
  facet normal -0.609434 -0.792837 0
    outer loop
      vertex -38.5713 -11.7192 0
      vertex -38.4883 -11.783 1.2
      vertex -38.5713 -11.7192 1.2
    endloop
  endfacet
  facet normal -0.609434 -0.792837 -0
    outer loop
      vertex -38.4883 -11.783 1.2
      vertex -38.5713 -11.7192 0
      vertex -38.4883 -11.783 0
    endloop
  endfacet
  facet normal 0.216829 -0.97621 0
    outer loop
      vertex 38.0084 -11.9818 0
      vertex 38.1106 -11.9591 1.2
      vertex 38.0084 -11.9818 1.2
    endloop
  endfacet
  facet normal 0.216829 -0.97621 0
    outer loop
      vertex 38.1106 -11.9591 1.2
      vertex 38.0084 -11.9818 0
      vertex 38.1106 -11.9591 0
    endloop
  endfacet
  facet normal -0.382239 0.924063 0
    outer loop
      vertex -38.2104 11.9276 0
      vertex -38.3071 11.8876 1.2
      vertex -38.2104 11.9276 1.2
    endloop
  endfacet
  facet normal -0.382239 0.924063 0
    outer loop
      vertex -38.3071 11.8876 1.2
      vertex -38.2104 11.9276 0
      vertex -38.3071 11.8876 0
    endloop
  endfacet
  facet normal 0.886857 -0.462044 0
    outer loop
      vertex 38.8392 -11.4 1.2
      vertex 38.8876 -11.3071 0
      vertex 38.8876 -11.3071 1.2
    endloop
  endfacet
  facet normal 0.886857 -0.462044 0
    outer loop
      vertex 38.8876 -11.3071 0
      vertex 38.8392 -11.4 1.2
      vertex 38.8392 -11.4 0
    endloop
  endfacet
  facet normal -0.792837 -0.609434 0
    outer loop
      vertex -38.7192 -11.5713 0
      vertex -38.783 -11.4883 1.2
      vertex -38.783 -11.4883 0
    endloop
  endfacet
  facet normal -0.792837 -0.609434 0
    outer loop
      vertex -38.783 -11.4883 1.2
      vertex -38.7192 -11.5713 0
      vertex -38.7192 -11.5713 1.2
    endloop
  endfacet
  facet normal 0.462044 0.886857 -0
    outer loop
      vertex 38.4 11.8392 0
      vertex 38.3071 11.8876 1.2
      vertex 38.4 11.8392 1.2
    endloop
  endfacet
  facet normal 0.462044 0.886857 0
    outer loop
      vertex 38.3071 11.8876 1.2
      vertex 38.4 11.8392 0
      vertex 38.3071 11.8876 0
    endloop
  endfacet
  facet normal 0.991526 0.129911 0
    outer loop
      vertex 38.9954 10.9046 1.2
      vertex 38.9818 11.0084 0
      vertex 38.9818 11.0084 1.2
    endloop
  endfacet
  facet normal 0.991526 0.129911 0
    outer loop
      vertex 38.9818 11.0084 0
      vertex 38.9954 10.9046 1.2
      vertex 38.9954 10.9046 0
    endloop
  endfacet
  facet normal 0.792837 -0.609434 0
    outer loop
      vertex 38.7192 -11.5713 1.2
      vertex 38.783 -11.4883 0
      vertex 38.783 -11.4883 1.2
    endloop
  endfacet
  facet normal 0.792837 -0.609434 0
    outer loop
      vertex 38.783 -11.4883 0
      vertex 38.7192 -11.5713 1.2
      vertex 38.7192 -11.5713 0
    endloop
  endfacet
  facet normal 0.886857 0.462044 0
    outer loop
      vertex 38.8876 11.3071 1.2
      vertex 38.8392 11.4 0
      vertex 38.8392 11.4 1.2
    endloop
  endfacet
  facet normal 0.886857 0.462044 0
    outer loop
      vertex 38.8392 11.4 0
      vertex 38.8876 11.3071 1.2
      vertex 38.8876 11.3071 0
    endloop
  endfacet
  facet normal -0.97621 0.216829 0
    outer loop
      vertex -38.9818 11.0084 0
      vertex -38.9591 11.1106 1.2
      vertex -38.9591 11.1106 0
    endloop
  endfacet
  facet normal -0.97621 0.216829 0
    outer loop
      vertex -38.9591 11.1106 1.2
      vertex -38.9818 11.0084 0
      vertex -38.9818 11.0084 1.2
    endloop
  endfacet
  facet normal 0 0 -1
    outer loop
      vertex 37.8 -12 0
      vertex 39 -10.8 0
      vertex 38.9954 -10.9046 0
    endloop
  endfacet
  facet normal -0 0 -1
    outer loop
      vertex 39 -10.8 0
      vertex 37.8 -12 0
      vertex 39 10.8 0
    endloop
  endfacet
  facet normal 0 0 -1
    outer loop
      vertex 37.8 -12 0
      vertex 38.9954 -10.9046 0
      vertex 38.9818 -11.0084 0
    endloop
  endfacet
  facet normal 0 0 -1
    outer loop
      vertex 37.8 12 0
      vertex 39 10.8 0
      vertex 37.8 -12 0
    endloop
  endfacet
  facet normal 0 0 -1
    outer loop
      vertex 37.8 -12 0
      vertex 38.9818 -11.0084 0
      vertex 38.9591 -11.1106 0
    endloop
  endfacet
  facet normal 0 0 -1
    outer loop
      vertex 39 10.8 0
      vertex 37.8 12 0
      vertex 38.9954 10.9046 0
    endloop
  endfacet
  facet normal 0 0 -1
    outer loop
      vertex 37.8 -12 0
      vertex 38.9591 -11.1106 0
      vertex 38.9276 -11.2104 0
    endloop
  endfacet
  facet normal 0 0 -1
    outer loop
      vertex 38.9954 10.9046 0
      vertex 37.8 12 0
      vertex 38.9818 11.0084 0
    endloop
  endfacet
  facet normal 0 0 -1
    outer loop
      vertex 37.8 -12 0
      vertex 38.9276 -11.2104 0
      vertex 38.8876 -11.3071 0
    endloop
  endfacet
  facet normal 0 0 -1
    outer loop
      vertex 38.9818 11.0084 0
      vertex 37.8 12 0
      vertex 38.9591 11.1106 0
    endloop
  endfacet
  facet normal 0 0 -1
    outer loop
      vertex 37.8 -12 0
      vertex 38.8876 -11.3071 0
      vertex 38.8392 -11.4 0
    endloop
  endfacet
  facet normal 0 0 -1
    outer loop
      vertex 38.9591 11.1106 0
      vertex 37.8 12 0
      vertex 38.9276 11.2104 0
    endloop
  endfacet
  facet normal 0 0 -1
    outer loop
      vertex 37.8 -12 0
      vertex 38.8392 -11.4 0
      vertex 38.783 -11.4883 0
    endloop
  endfacet
  facet normal 0 0 -1
    outer loop
      vertex 38.9276 11.2104 0
      vertex 37.8 12 0
      vertex 38.8876 11.3071 0
    endloop
  endfacet
  facet normal 0 0 -1
    outer loop
      vertex 37.8 -12 0
      vertex 38.783 -11.4883 0
      vertex 38.7192 -11.5713 0
    endloop
  endfacet
  facet normal 0 0 -1
    outer loop
      vertex 38.8876 11.3071 0
      vertex 37.8 12 0
      vertex 38.8392 11.4 0
    endloop
  endfacet
  facet normal 0 0 -1
    outer loop
      vertex 37.8 -12 0
      vertex 38.7192 -11.5713 0
      vertex 38.6485 -11.6485 0
    endloop
  endfacet
  facet normal 0 0 -1
    outer loop
      vertex 38.8392 11.4 0
      vertex 37.8 12 0
      vertex 38.783 11.4883 0
    endloop
  endfacet
  facet normal 0 0 -1
    outer loop
      vertex 37.8 -12 0
      vertex 38.6485 -11.6485 0
      vertex 38.5713 -11.7192 0
    endloop
  endfacet
  facet normal 0 0 -1
    outer loop
      vertex 38.783 11.4883 0
      vertex 37.8 12 0
      vertex 38.7192 11.5713 0
    endloop
  endfacet
  facet normal 0 0 -1
    outer loop
      vertex 37.8 -12 0
      vertex 38.5713 -11.7192 0
      vertex 38.4883 -11.783 0
    endloop
  endfacet
  facet normal 0 0 -1
    outer loop
      vertex 38.7192 11.5713 0
      vertex 37.8 12 0
      vertex 38.6485 11.6485 0
    endloop
  endfacet
  facet normal 0 0 -1
    outer loop
      vertex 37.8 -12 0
      vertex 38.4883 -11.783 0
      vertex 38.4 -11.8392 0
    endloop
  endfacet
  facet normal 0 0 -1
    outer loop
      vertex 38.6485 11.6485 0
      vertex 37.8 12 0
      vertex 38.5713 11.7192 0
    endloop
  endfacet
  facet normal 0 0 -1
    outer loop
      vertex 37.8 -12 0
      vertex 38.4 -11.8392 0
      vertex 38.3071 -11.8876 0
    endloop
  endfacet
  facet normal 0 0 -1
    outer loop
      vertex 38.5713 11.7192 0
      vertex 37.8 12 0
      vertex 38.4883 11.783 0
    endloop
  endfacet
  facet normal 0 0 -1
    outer loop
      vertex 37.8 -12 0
      vertex 38.3071 -11.8876 0
      vertex 38.2104 -11.9276 0
    endloop
  endfacet
  facet normal 0 0 -1
    outer loop
      vertex 38.4883 11.783 0
      vertex 37.8 12 0
      vertex 38.4 11.8392 0
    endloop
  endfacet
  facet normal 0 0 -1
    outer loop
      vertex 37.8 -12 0
      vertex 38.2104 -11.9276 0
      vertex 38.1106 -11.9591 0
    endloop
  endfacet
  facet normal 0 0 -1
    outer loop
      vertex 38.4 11.8392 0
      vertex 37.8 12 0
      vertex 38.3071 11.8876 0
    endloop
  endfacet
  facet normal 0 0 -1
    outer loop
      vertex 37.8 -12 0
      vertex 38.1106 -11.9591 0
      vertex 38.0084 -11.9818 0
    endloop
  endfacet
  facet normal 0 0 -1
    outer loop
      vertex 38.3071 11.8876 0
      vertex 37.8 12 0
      vertex 38.2104 11.9276 0
    endloop
  endfacet
  facet normal 0 0 -1
    outer loop
      vertex 37.8 -12 0
      vertex 38.0084 -11.9818 0
      vertex 37.9046 -11.9954 0
    endloop
  endfacet
  facet normal 0 0 -1
    outer loop
      vertex 38.2104 11.9276 0
      vertex 37.8 12 0
      vertex 38.1106 11.9591 0
    endloop
  endfacet
  facet normal 0 0 -1
    outer loop
      vertex 38.1106 11.9591 0
      vertex 37.8 12 0
      vertex 38.0084 11.9818 0
    endloop
  endfacet
  facet normal 0 0 -1
    outer loop
      vertex 38.0084 11.9818 0
      vertex 37.8 12 0
      vertex 37.9046 11.9954 0
    endloop
  endfacet
  facet normal 0 0 -1
    outer loop
      vertex -37.8 -12 0
      vertex 37.8 12 0
      vertex 37.8 -12 0
    endloop
  endfacet
  facet normal 0 0 -1
    outer loop
      vertex -37.8 -12 0
      vertex -37.8 12 0
      vertex 37.8 12 0
    endloop
  endfacet
  facet normal 0 0 -1
    outer loop
      vertex -39 -10.8 0
      vertex -37.8 -12 0
      vertex -37.9046 -11.9954 0
    endloop
  endfacet
  facet normal 0 0 -1
    outer loop
      vertex -37.8 -12 0
      vertex -39 -10.8 0
      vertex -37.8 12 0
    endloop
  endfacet
  facet normal 0 0 -1
    outer loop
      vertex -39 -10.8 0
      vertex -37.9046 -11.9954 0
      vertex -38.0084 -11.9818 0
    endloop
  endfacet
  facet normal 0 0 -1
    outer loop
      vertex -39 10.8 0
      vertex -37.8 12 0
      vertex -39 -10.8 0
    endloop
  endfacet
  facet normal 0 0 -1
    outer loop
      vertex -39 -10.8 0
      vertex -38.0084 -11.9818 0
      vertex -38.1106 -11.9591 0
    endloop
  endfacet
  facet normal 0 0 -1
    outer loop
      vertex -37.8 12 0
      vertex -39 10.8 0
      vertex -37.9046 11.9954 0
    endloop
  endfacet
  facet normal 0 0 -1
    outer loop
      vertex -39 -10.8 0
      vertex -38.1106 -11.9591 0
      vertex -38.2104 -11.9276 0
    endloop
  endfacet
  facet normal 0 0 -1
    outer loop
      vertex -37.9046 11.9954 0
      vertex -39 10.8 0
      vertex -38.0084 11.9818 0
    endloop
  endfacet
  facet normal 0 0 -1
    outer loop
      vertex -39 -10.8 0
      vertex -38.2104 -11.9276 0
      vertex -38.3071 -11.8876 0
    endloop
  endfacet
  facet normal 0 0 -1
    outer loop
      vertex -38.0084 11.9818 0
      vertex -39 10.8 0
      vertex -38.1106 11.9591 0
    endloop
  endfacet
  facet normal 0 0 -1
    outer loop
      vertex -39 -10.8 0
      vertex -38.3071 -11.8876 0
      vertex -38.4 -11.8392 0
    endloop
  endfacet
  facet normal 0 0 -1
    outer loop
      vertex -38.1106 11.9591 0
      vertex -39 10.8 0
      vertex -38.2104 11.9276 0
    endloop
  endfacet
  facet normal 0 0 -1
    outer loop
      vertex -39 -10.8 0
      vertex -38.4 -11.8392 0
      vertex -38.4883 -11.783 0
    endloop
  endfacet
  facet normal 0 0 -1
    outer loop
      vertex -38.2104 11.9276 0
      vertex -39 10.8 0
      vertex -38.3071 11.8876 0
    endloop
  endfacet
  facet normal 0 0 -1
    outer loop
      vertex -39 -10.8 0
      vertex -38.4883 -11.783 0
      vertex -38.5713 -11.7192 0
    endloop
  endfacet
  facet normal 0 0 -1
    outer loop
      vertex -38.3071 11.8876 0
      vertex -39 10.8 0
      vertex -38.4 11.8392 0
    endloop
  endfacet
  facet normal 0 0 -1
    outer loop
      vertex -39 -10.8 0
      vertex -38.5713 -11.7192 0
      vertex -38.6485 -11.6485 0
    endloop
  endfacet
  facet normal 0 0 -1
    outer loop
      vertex -38.4 11.8392 0
      vertex -39 10.8 0
      vertex -38.4883 11.783 0
    endloop
  endfacet
  facet normal 0 0 -1
    outer loop
      vertex -39 -10.8 0
      vertex -38.6485 -11.6485 0
      vertex -38.7192 -11.5713 0
    endloop
  endfacet
  facet normal 0 0 -1
    outer loop
      vertex -38.4883 11.783 0
      vertex -39 10.8 0
      vertex -38.5713 11.7192 0
    endloop
  endfacet
  facet normal 0 0 -1
    outer loop
      vertex -39 -10.8 0
      vertex -38.7192 -11.5713 0
      vertex -38.783 -11.4883 0
    endloop
  endfacet
  facet normal 0 0 -1
    outer loop
      vertex -38.5713 11.7192 0
      vertex -39 10.8 0
      vertex -38.6485 11.6485 0
    endloop
  endfacet
  facet normal 0 0 -1
    outer loop
      vertex -39 -10.8 0
      vertex -38.783 -11.4883 0
      vertex -38.8392 -11.4 0
    endloop
  endfacet
  facet normal 0 0 -1
    outer loop
      vertex -38.6485 11.6485 0
      vertex -39 10.8 0
      vertex -38.7192 11.5713 0
    endloop
  endfacet
  facet normal 0 0 -1
    outer loop
      vertex -39 -10.8 0
      vertex -38.8392 -11.4 0
      vertex -38.8876 -11.3071 0
    endloop
  endfacet
  facet normal 0 0 -1
    outer loop
      vertex -38.7192 11.5713 0
      vertex -39 10.8 0
      vertex -38.783 11.4883 0
    endloop
  endfacet
  facet normal 0 0 -1
    outer loop
      vertex -39 -10.8 0
      vertex -38.8876 -11.3071 0
      vertex -38.9276 -11.2104 0
    endloop
  endfacet
  facet normal 0 0 -1
    outer loop
      vertex -38.783 11.4883 0
      vertex -39 10.8 0
      vertex -38.8392 11.4 0
    endloop
  endfacet
  facet normal 0 0 -1
    outer loop
      vertex -39 -10.8 0
      vertex -38.9276 -11.2104 0
      vertex -38.9591 -11.1106 0
    endloop
  endfacet
  facet normal 0 0 -1
    outer loop
      vertex -38.8392 11.4 0
      vertex -39 10.8 0
      vertex -38.8876 11.3071 0
    endloop
  endfacet
  facet normal 0 0 -1
    outer loop
      vertex -39 -10.8 0
      vertex -38.9591 -11.1106 0
      vertex -38.9818 -11.0084 0
    endloop
  endfacet
  facet normal 0 0 -1
    outer loop
      vertex -38.8876 11.3071 0
      vertex -39 10.8 0
      vertex -38.9276 11.2104 0
    endloop
  endfacet
  facet normal 0 0 -1
    outer loop
      vertex -39 -10.8 0
      vertex -38.9818 -11.0084 0
      vertex -38.9954 -10.9046 0
    endloop
  endfacet
  facet normal 0 0 -1
    outer loop
      vertex -38.9276 11.2104 0
      vertex -39 10.8 0
      vertex -38.9591 11.1106 0
    endloop
  endfacet
  facet normal 0 0 -1
    outer loop
      vertex -38.9591 11.1106 0
      vertex -39 10.8 0
      vertex -38.9818 11.0084 0
    endloop
  endfacet
  facet normal 0 0 -1
    outer loop
      vertex -38.9818 11.0084 0
      vertex -39 10.8 0
      vertex -38.9954 10.9046 0
    endloop
  endfacet
  facet normal 0.300994 -0.953626 0
    outer loop
      vertex 38.1106 -11.9591 0
      vertex 38.2104 -11.9276 1.2
      vertex 38.1106 -11.9591 1.2
    endloop
  endfacet
  facet normal 0.300994 -0.953626 0
    outer loop
      vertex 38.2104 -11.9276 1.2
      vertex 38.1106 -11.9591 0
      vertex 38.2104 -11.9276 0
    endloop
  endfacet
  facet normal -0.675378 -0.737471 0
    outer loop
      vertex -38.6485 -11.6485 0
      vertex -38.5713 -11.7192 1.2
      vertex -38.6485 -11.6485 1.2
    endloop
  endfacet
  facet normal -0.675378 -0.737471 -0
    outer loop
      vertex -38.5713 -11.7192 1.2
      vertex -38.6485 -11.6485 0
      vertex -38.5713 -11.7192 0
    endloop
  endfacet
  facet normal 0.609434 -0.792837 0
    outer loop
      vertex 38.4883 -11.783 0
      vertex 38.5713 -11.7192 1.2
      vertex 38.4883 -11.783 1.2
    endloop
  endfacet
  facet normal 0.609434 -0.792837 0
    outer loop
      vertex 38.5713 -11.7192 1.2
      vertex 38.4883 -11.783 0
      vertex 38.5713 -11.7192 0
    endloop
  endfacet
  facet normal 0.843622 0.536937 0
    outer loop
      vertex 38.8392 11.4 1.2
      vertex 38.783 11.4883 0
      vertex 38.783 11.4883 1.2
    endloop
  endfacet
  facet normal 0.843622 0.536937 0
    outer loop
      vertex 38.783 11.4883 0
      vertex 38.8392 11.4 1.2
      vertex 38.8392 11.4 0
    endloop
  endfacet
  facet normal 0.462044 -0.886857 0
    outer loop
      vertex 38.3071 -11.8876 0
      vertex 38.4 -11.8392 1.2
      vertex 38.3071 -11.8876 1.2
    endloop
  endfacet
  facet normal 0.462044 -0.886857 0
    outer loop
      vertex 38.4 -11.8392 1.2
      vertex 38.3071 -11.8876 0
      vertex 38.4 -11.8392 0
    endloop
  endfacet
  facet normal 0.843622 -0.536937 0
    outer loop
      vertex 38.783 -11.4883 1.2
      vertex 38.8392 -11.4 0
      vertex 38.8392 -11.4 1.2
    endloop
  endfacet
  facet normal 0.843622 -0.536937 0
    outer loop
      vertex 38.8392 -11.4 0
      vertex 38.783 -11.4883 1.2
      vertex 38.783 -11.4883 0
    endloop
  endfacet
  facet normal 0.737471 0.675378 0
    outer loop
      vertex 38.7192 11.5713 1.2
      vertex 38.6485 11.6485 0
      vertex 38.6485 11.6485 1.2
    endloop
  endfacet
  facet normal 0.737471 0.675378 0
    outer loop
      vertex 38.6485 11.6485 0
      vertex 38.7192 11.5713 1.2
      vertex 38.7192 11.5713 0
    endloop
  endfacet
  facet normal 0.129911 -0.991526 0
    outer loop
      vertex 37.9046 -11.9954 0
      vertex 38.0084 -11.9818 1.2
      vertex 37.9046 -11.9954 1.2
    endloop
  endfacet
  facet normal 0.129911 -0.991526 0
    outer loop
      vertex 38.0084 -11.9818 1.2
      vertex 37.9046 -11.9954 0
      vertex 38.0084 -11.9818 0
    endloop
  endfacet
  facet normal 0.924063 0.382239 0
    outer loop
      vertex 38.9276 11.2104 1.2
      vertex 38.8876 11.3071 0
      vertex 38.8876 11.3071 1.2
    endloop
  endfacet
  facet normal 0.924063 0.382239 0
    outer loop
      vertex 38.8876 11.3071 0
      vertex 38.9276 11.2104 1.2
      vertex 38.9276 11.2104 0
    endloop
  endfacet
  facet normal 0.97621 -0.216829 0
    outer loop
      vertex 38.9591 -11.1106 1.2
      vertex 38.9818 -11.0084 0
      vertex 38.9818 -11.0084 1.2
    endloop
  endfacet
  facet normal 0.97621 -0.216829 0
    outer loop
      vertex 38.9818 -11.0084 0
      vertex 38.9591 -11.1106 1.2
      vertex 38.9591 -11.1106 0
    endloop
  endfacet
  facet normal 0.953626 0.300994 0
    outer loop
      vertex 38.9591 11.1106 1.2
      vertex 38.9276 11.2104 0
      vertex 38.9276 11.2104 1.2
    endloop
  endfacet
  facet normal 0.953626 0.300994 0
    outer loop
      vertex 38.9276 11.2104 0
      vertex 38.9591 11.1106 1.2
      vertex 38.9591 11.1106 0
    endloop
  endfacet
  facet normal 0.953626 -0.300994 0
    outer loop
      vertex 38.9276 -11.2104 1.2
      vertex 38.9591 -11.1106 0
      vertex 38.9591 -11.1106 1.2
    endloop
  endfacet
  facet normal 0.953626 -0.300994 0
    outer loop
      vertex 38.9591 -11.1106 0
      vertex 38.9276 -11.2104 1.2
      vertex 38.9276 -11.2104 0
    endloop
  endfacet
  facet normal 0.536937 0.843622 -0
    outer loop
      vertex 38.4883 11.783 0
      vertex 38.4 11.8392 1.2
      vertex 38.4883 11.783 1.2
    endloop
  endfacet
  facet normal 0.536937 0.843622 0
    outer loop
      vertex 38.4 11.8392 1.2
      vertex 38.4883 11.783 0
      vertex 38.4 11.8392 0
    endloop
  endfacet
  facet normal 0 0 1
    outer loop
      vertex 2.58955 -0.105362 1.2
      vertex 1.4462 -0.878464 1.2
      vertex 2.52446 -0.972 1.2
    endloop
  endfacet
  facet normal 0 0 1
    outer loop
      vertex 0.905914 -1.38229 1.2
      vertex 1.40999 -0.97818 1.2
      vertex 1.4462 -0.878464 1.2
    endloop
  endfacet
  facet normal 0 0 1
    outer loop
      vertex 1.40999 -0.97818 1.2
      vertex 1.00478 -1.35605 1.2
      vertex 1.36484 -1.0674 1.2
    endloop
  endfacet
  facet normal 0 0 1
    outer loop
      vertex 1.36484 -1.0674 1.2
      vertex 1.00478 -1.35605 1.2
      vertex 1.31073 -1.14612 1.2
    endloop
  endfacet
  facet normal 0 0 1
    outer loop
      vertex 1.31073 -1.14612 1.2
      vertex 1.17566 -1.27208 1.2
      vertex 1.24767 -1.21436 1.2
    endloop
  endfacet
  facet normal 0 0 1
    outer loop
      vertex 1.31073 -1.14612 1.2
      vertex 1.0947 -1.31932 1.2
      vertex 1.17566 -1.27208 1.2
    endloop
  endfacet
  facet normal 0 0 1
    outer loop
      vertex 1.31073 -1.14612 1.2
      vertex 1.00478 -1.35605 1.2
      vertex 1.0947 -1.31932 1.2
    endloop
  endfacet
  facet normal 0 0 1
    outer loop
      vertex 1.40999 -0.97818 1.2
      vertex 0.905914 -1.38229 1.2
      vertex 1.00478 -1.35605 1.2
    endloop
  endfacet
  facet normal 0 0 1
    outer loop
      vertex 1.4462 -0.878464 1.2
      vertex 0.798096 -1.39804 1.2
      vertex 0.905914 -1.38229 1.2
    endloop
  endfacet
  facet normal 0 0 1
    outer loop
      vertex 1.4462 -0.878464 1.2
      vertex 0.68132 -1.40329 1.2
      vertex 0.798096 -1.39804 1.2
    endloop
  endfacet
  facet normal 0 0 1
    outer loop
      vertex 1.4462 -0.878464 1.2
      vertex 0.595444 -1.40001 1.2
      vertex 0.68132 -1.40329 1.2
    endloop
  endfacet
  facet normal -0 0 1
    outer loop
      vertex -0.234161 -0.105362 1.2
      vertex 1.4462 -0.878464 1.2
      vertex 2.58955 -0.105362 1.2
    endloop
  endfacet
  facet normal -0 -0 1
    outer loop
      vertex -0.231781 -0.230789 1.2
      vertex 1.4462 -0.878464 1.2
      vertex -0.234161 -0.105362 1.2
    endloop
  endfacet
  facet normal -0 -0 1
    outer loop
      vertex -0.212738 -0.462723 1.2
      vertex 1.4462 -0.878464 1.2
      vertex -0.22464 -0.349915 1.2
    endloop
  endfacet
  facet normal -0 -0 1
    outer loop
      vertex -0.196075 -0.569229 1.2
      vertex 1.4462 -0.878464 1.2
      vertex -0.212738 -0.462723 1.2
    endloop
  endfacet
  facet normal -0 -0 1
    outer loop
      vertex -0.148483 -0.763321 1.2
      vertex 1.4462 -0.878464 1.2
      vertex -0.174652 -0.669434 1.2
    endloop
  endfacet
  facet normal -0 -0 1
    outer loop
      vertex -0.117538 -0.850906 1.2
      vertex 1.4462 -0.878464 1.2
      vertex -0.148483 -0.763321 1.2
    endloop
  endfacet
  facet normal 0 0 1
    outer loop
      vertex 1.4462 -0.878464 1.2
      vertex -0.0818329 -0.932175 1.2
      vertex 0.595444 -1.40001 1.2
    endloop
  endfacet
  facet normal 0 0 1
    outer loop
      vertex 0.595444 -1.40001 1.2
      vertex -0.0818329 -0.932175 1.2
      vertex 0.513596 -1.39018 1.2
    endloop
  endfacet
  facet normal 0 0 1
    outer loop
      vertex 0.513596 -1.39018 1.2
      vertex -0.0818329 -0.932175 1.2
      vertex 0.435776 -1.37381 1.2
    endloop
  endfacet
  facet normal 0 0 1
    outer loop
      vertex 0.362 -1.35089 1.2
      vertex -0.0818329 -0.932175 1.2
      vertex 0.292236 -1.32141 1.2
    endloop
  endfacet
  facet normal 0 0 1
    outer loop
      vertex 0.226501 -1.2854 1.2
      vertex -0.0818329 -0.932175 1.2
      vertex 0.164795 -1.24283 1.2
    endloop
  endfacet
  facet normal 0 0 1
    outer loop
      vertex 0.164795 -1.24283 1.2
      vertex -0.0818329 -0.932175 1.2
      vertex 0.107117 -1.1937 1.2
    endloop
  endfacet
  facet normal 0 0 1
    outer loop
      vertex 0.0534821 -1.13803 1.2
      vertex -0.0818329 -0.932175 1.2
      vertex -0.0413666 -1.00714 1.2
    endloop
  endfacet
  facet normal 0 0 1
    outer loop
      vertex 0.107117 -1.1937 1.2
      vertex -0.0818329 -0.932175 1.2
      vertex 0.0534821 -1.13803 1.2
    endloop
  endfacet
  facet normal 0 0 1
    outer loop
      vertex 0.0534821 -1.13803 1.2
      vertex -0.0413666 -1.00714 1.2
      vertex 0.00386047 -1.07581 1.2
    endloop
  endfacet
  facet normal 0 0 1
    outer loop
      vertex 0.292236 -1.32141 1.2
      vertex -0.0818329 -0.932175 1.2
      vertex 0.226501 -1.2854 1.2
    endloop
  endfacet
  facet normal 0 0 1
    outer loop
      vertex 0.435776 -1.37381 1.2
      vertex -0.0818329 -0.932175 1.2
      vertex 0.362 -1.35089 1.2
    endloop
  endfacet
  facet normal 0 -0 1
    outer loop
      vertex -0.0818329 -0.932175 1.2
      vertex 1.4462 -0.878464 1.2
      vertex -0.117538 -0.850906 1.2
    endloop
  endfacet
  facet normal -0 -0 1
    outer loop
      vertex -0.174652 -0.669434 1.2
      vertex 1.4462 -0.878464 1.2
      vertex -0.196075 -0.569229 1.2
    endloop
  endfacet
  facet normal -0 -0 1
    outer loop
      vertex -0.22464 -0.349915 1.2
      vertex 1.4462 -0.878464 1.2
      vertex -0.231781 -0.230789 1.2
    endloop
  endfacet
  facet normal 0 0 1
    outer loop
      vertex 13.4455 -0.105362 1.2
      vertex 12.3021 -0.878464 1.2
      vertex 13.3804 -0.972 1.2
    endloop
  endfacet
  facet normal 0 0 1
    outer loop
      vertex 11.7619 -1.38229 1.2
      vertex 12.2659 -0.97818 1.2
      vertex 12.3021 -0.878464 1.2
    endloop
  endfacet
  facet normal 0 0 1
    outer loop
      vertex 12.2659 -0.97818 1.2
      vertex 11.8607 -1.35605 1.2
      vertex 12.2208 -1.0674 1.2
    endloop
  endfacet
  facet normal 0 0 1
    outer loop
      vertex 12.2208 -1.0674 1.2
      vertex 11.8607 -1.35605 1.2
      vertex 12.1667 -1.14612 1.2
    endloop
  endfacet
  facet normal 0 0 1
    outer loop
      vertex 12.1667 -1.14612 1.2
      vertex 12.0316 -1.27208 1.2
      vertex 12.1036 -1.21436 1.2
    endloop
  endfacet
  facet normal 0 0 1
    outer loop
      vertex 12.1667 -1.14612 1.2
      vertex 11.9506 -1.31932 1.2
      vertex 12.0316 -1.27208 1.2
    endloop
  endfacet
  facet normal 0 0 1
    outer loop
      vertex 12.1667 -1.14612 1.2
      vertex 11.8607 -1.35605 1.2
      vertex 11.9506 -1.31932 1.2
    endloop
  endfacet
  facet normal 0 0 1
    outer loop
      vertex 12.2659 -0.97818 1.2
      vertex 11.7619 -1.38229 1.2
      vertex 11.8607 -1.35605 1.2
    endloop
  endfacet
  facet normal 0 0 1
    outer loop
      vertex 12.3021 -0.878464 1.2
      vertex 11.654 -1.39804 1.2
      vertex 11.7619 -1.38229 1.2
    endloop
  endfacet
  facet normal 0 0 1
    outer loop
      vertex 12.3021 -0.878464 1.2
      vertex 11.5373 -1.40329 1.2
      vertex 11.654 -1.39804 1.2
    endloop
  endfacet
  facet normal 0 0 1
    outer loop
      vertex 12.3021 -0.878464 1.2
      vertex 11.4514 -1.40001 1.2
      vertex 11.5373 -1.40329 1.2
    endloop
  endfacet
  facet normal -0 0 1
    outer loop
      vertex 10.6218 -0.105362 1.2
      vertex 12.3021 -0.878464 1.2
      vertex 13.4455 -0.105362 1.2
    endloop
  endfacet
  facet normal -0 -0 1
    outer loop
      vertex 10.6242 -0.230789 1.2
      vertex 12.3021 -0.878464 1.2
      vertex 10.6218 -0.105362 1.2
    endloop
  endfacet
  facet normal -0 -0 1
    outer loop
      vertex 10.6432 -0.462723 1.2
      vertex 12.3021 -0.878464 1.2
      vertex 10.6313 -0.349915 1.2
    endloop
  endfacet
  facet normal -0 -0 1
    outer loop
      vertex 10.6599 -0.569229 1.2
      vertex 12.3021 -0.878464 1.2
      vertex 10.6432 -0.462723 1.2
    endloop
  endfacet
  facet normal -0 -0 1
    outer loop
      vertex 10.7075 -0.763321 1.2
      vertex 12.3021 -0.878464 1.2
      vertex 10.6813 -0.669434 1.2
    endloop
  endfacet
  facet normal -0 -0 1
    outer loop
      vertex 10.7384 -0.850906 1.2
      vertex 12.3021 -0.878464 1.2
      vertex 10.7075 -0.763321 1.2
    endloop
  endfacet
  facet normal 0 0 1
    outer loop
      vertex 12.3021 -0.878464 1.2
      vertex 10.7741 -0.932175 1.2
      vertex 11.4514 -1.40001 1.2
    endloop
  endfacet
  facet normal 0 0 1
    outer loop
      vertex 11.4514 -1.40001 1.2
      vertex 10.7741 -0.932175 1.2
      vertex 11.3695 -1.39018 1.2
    endloop
  endfacet
  facet normal 0 0 1
    outer loop
      vertex 11.3695 -1.39018 1.2
      vertex 10.7741 -0.932175 1.2
      vertex 11.2917 -1.37381 1.2
    endloop
  endfacet
  facet normal 0 0 1
    outer loop
      vertex 11.2179 -1.35089 1.2
      vertex 10.7741 -0.932175 1.2
      vertex 11.1482 -1.32141 1.2
    endloop
  endfacet
  facet normal 0 0 1
    outer loop
      vertex 11.0824 -1.2854 1.2
      vertex 10.7741 -0.932175 1.2
      vertex 11.0207 -1.24283 1.2
    endloop
  endfacet
  facet normal 0 0 1
    outer loop
      vertex 11.0207 -1.24283 1.2
      vertex 10.7741 -0.932175 1.2
      vertex 10.9631 -1.1937 1.2
    endloop
  endfacet
  facet normal 0 0 1
    outer loop
      vertex 10.9094 -1.13803 1.2
      vertex 10.7741 -0.932175 1.2
      vertex 10.8146 -1.00714 1.2
    endloop
  endfacet
  facet normal 0 0 1
    outer loop
      vertex 10.9631 -1.1937 1.2
      vertex 10.7741 -0.932175 1.2
      vertex 10.9094 -1.13803 1.2
    endloop
  endfacet
  facet normal 0 0 1
    outer loop
      vertex 10.9094 -1.13803 1.2
      vertex 10.8146 -1.00714 1.2
      vertex 10.8598 -1.07581 1.2
    endloop
  endfacet
  facet normal 0 0 1
    outer loop
      vertex 11.1482 -1.32141 1.2
      vertex 10.7741 -0.932175 1.2
      vertex 11.0824 -1.2854 1.2
    endloop
  endfacet
  facet normal 0 0 1
    outer loop
      vertex 11.2917 -1.37381 1.2
      vertex 10.7741 -0.932175 1.2
      vertex 11.2179 -1.35089 1.2
    endloop
  endfacet
  facet normal 0 -0 1
    outer loop
      vertex 10.7741 -0.932175 1.2
      vertex 12.3021 -0.878464 1.2
      vertex 10.7384 -0.850906 1.2
    endloop
  endfacet
  facet normal -0 -0 1
    outer loop
      vertex 10.6813 -0.669434 1.2
      vertex 12.3021 -0.878464 1.2
      vertex 10.6599 -0.569229 1.2
    endloop
  endfacet
  facet normal -0 -0 1
    outer loop
      vertex 10.6313 -0.349915 1.2
      vertex 12.3021 -0.878464 1.2
      vertex 10.6242 -0.230789 1.2
    endloop
  endfacet
  facet normal -0 0 1
    outer loop
      vertex 14.2038 3.10893 1.2
      vertex 15.3471 2.31549 1.2
      vertex 15.3471 3.10893 1.2
    endloop
  endfacet
  facet normal 0 0 1
    outer loop
      vertex 15.3471 2.31549 1.2
      vertex 14.2038 3.10893 1.2
      vertex 14.2038 2.31549 1.2
    endloop
  endfacet
  facet normal 0 0 1
    outer loop
      vertex 19.1737 -1.4229 1.2
      vertex 19.2641 -1.26907 1.2
      vertex 19.256 -1.26907 1.2
    endloop
  endfacet
  facet normal 0 0 1
    outer loop
      vertex 19.2641 -1.26907 1.2
      vertex 19.1737 -1.4229 1.2
      vertex 19.256 -1.70442 1.2
    endloop
  endfacet
  facet normal -0 0 1
    outer loop
      vertex 19.0782 -1.56053 1.2
      vertex 19.256 -1.70442 1.2
      vertex 19.1737 -1.4229 1.2
    endloop
  endfacet
  facet normal -0 0 1
    outer loop
      vertex 18.9696 -1.68198 1.2
      vertex 19.256 -1.70442 1.2
      vertex 19.0782 -1.56053 1.2
    endloop
  endfacet
  facet normal 0 0 1
    outer loop
      vertex 19.256 -1.70442 1.2
      vertex 18.9696 -1.68198 1.2
      vertex 19.256 -1.93633 1.2
    endloop
  endfacet
  facet normal -0 0 1
    outer loop
      vertex 18.8478 -1.78723 1.2
      vertex 19.256 -1.93633 1.2
      vertex 18.9696 -1.68198 1.2
    endloop
  endfacet
  facet normal 0 0 1
    outer loop
      vertex 19.256 -1.93633 1.2
      vertex 18.8478 -1.78723 1.2
      vertex 19.2538 -2.04903 1.2
    endloop
  endfacet
  facet normal 0 0 1
    outer loop
      vertex 19.2538 -2.04903 1.2
      vertex 18.8478 -1.78723 1.2
      vertex 19.2472 -2.15604 1.2
    endloop
  endfacet
  facet normal -0 0 1
    outer loop
      vertex 18.7128 -1.8763 1.2
      vertex 19.2472 -2.15604 1.2
      vertex 18.8478 -1.78723 1.2
    endloop
  endfacet
  facet normal 0 0 1
    outer loop
      vertex 19.2472 -2.15604 1.2
      vertex 18.7128 -1.8763 1.2
      vertex 19.2362 -2.25734 1.2
    endloop
  endfacet
  facet normal 0 0 1
    outer loop
      vertex 19.2362 -2.25734 1.2
      vertex 18.7128 -1.8763 1.2
      vertex 19.2208 -2.35295 1.2
    endloop
  endfacet
  facet normal -0 0 1
    outer loop
      vertex 18.5646 -1.94916 1.2
      vertex 19.2208 -2.35295 1.2
      vertex 18.7128 -1.8763 1.2
    endloop
  endfacet
  facet normal 0 0 1
    outer loop
      vertex 19.2208 -2.35295 1.2
      vertex 18.5646 -1.94916 1.2
      vertex 19.201 -2.44286 1.2
    endloop
  endfacet
  facet normal 0 0 1
    outer loop
      vertex 19.201 -2.44286 1.2
      vertex 18.5646 -1.94916 1.2
      vertex 19.1769 -2.52708 1.2
    endloop
  endfacet
  facet normal 0 0 1
    outer loop
      vertex 19.1769 -2.52708 1.2
      vertex 18.5646 -1.94916 1.2
      vertex 19.1483 -2.60561 1.2
    endloop
  endfacet
  facet normal 0 0 1
    outer loop
      vertex 19.1483 -2.60561 1.2
      vertex 18.5646 -1.94916 1.2
      vertex 19.1154 -2.67842 1.2
    endloop
  endfacet
  facet normal -0 0 1
    outer loop
      vertex 18.4032 -2.00584 1.2
      vertex 19.1154 -2.67842 1.2
      vertex 18.5646 -1.94916 1.2
    endloop
  endfacet
  facet normal 0 0 1
    outer loop
      vertex 19.1154 -2.67842 1.2
      vertex 18.4032 -2.00584 1.2
      vertex 19.078 -2.74556 1.2
    endloop
  endfacet
  facet normal 0 0 1
    outer loop
      vertex 19.078 -2.74556 1.2
      vertex 18.4032 -2.00584 1.2
      vertex 19.0363 -2.80699 1.2
    endloop
  endfacet
  facet normal 0 0 1
    outer loop
      vertex 19.0363 -2.80699 1.2
      vertex 18.4032 -2.00584 1.2
      vertex 18.9897 -2.86266 1.2
    endloop
  endfacet
  facet normal 0 0 1
    outer loop
      vertex 18.9897 -2.86266 1.2
      vertex 18.4032 -2.00584 1.2
      vertex 18.9381 -2.91246 1.2
    endloop
  endfacet
  facet normal 0 0 1
    outer loop
      vertex 18.9381 -2.91246 1.2
      vertex 18.4032 -2.00584 1.2
      vertex 18.8813 -2.95641 1.2
    endloop
  endfacet
  facet normal 0 0 1
    outer loop
      vertex 18.8813 -2.95641 1.2
      vertex 18.4032 -2.00584 1.2
      vertex 18.8195 -2.99449 1.2
    endloop
  endfacet
  facet normal 0 0 1
    outer loop
      vertex 18.8195 -2.99449 1.2
      vertex 18.4032 -2.00584 1.2
      vertex 18.7525 -3.02672 1.2
    endloop
  endfacet
  facet normal 0 0 1
    outer loop
      vertex 18.7525 -3.02672 1.2
      vertex 18.4032 -2.00584 1.2
      vertex 18.6803 -3.05309 1.2
    endloop
  endfacet
  facet normal 0 0 1
    outer loop
      vertex 18.6803 -3.05309 1.2
      vertex 18.4032 -2.00584 1.2
      vertex 18.603 -3.07359 1.2
    endloop
  endfacet
  facet normal 0 0 1
    outer loop
      vertex 18.603 -3.07359 1.2
      vertex 18.4032 -2.00584 1.2
      vertex 18.5207 -3.08824 1.2
    endloop
  endfacet
  facet normal -0 0 1
    outer loop
      vertex 18.2287 -2.04633 1.2
      vertex 18.5207 -3.08824 1.2
      vertex 18.4032 -2.00584 1.2
    endloop
  endfacet
  facet normal 0 0 1
    outer loop
      vertex 18.5207 -3.08824 1.2
      vertex 18.2287 -2.04633 1.2
      vertex 18.4331 -3.09703 1.2
    endloop
  endfacet
  facet normal 0 0 1
    outer loop
      vertex 18.4331 -3.09703 1.2
      vertex 18.2287 -2.04633 1.2
      vertex 18.3405 -3.09996 1.2
    endloop
  endfacet
  facet normal 0 0 1
    outer loop
      vertex 18.3405 -3.09996 1.2
      vertex 18.2287 -2.04633 1.2
      vertex 18.2766 -3.09846 1.2
    endloop
  endfacet
  facet normal 0 0 1
    outer loop
      vertex 18.2287 -2.04633 1.2
      vertex 18.2153 -3.09395 1.2
      vertex 18.2766 -3.09846 1.2
    endloop
  endfacet
  facet normal 0 0 1
    outer loop
      vertex 18.2287 -2.04633 1.2
      vertex 18.1564 -3.08643 1.2
      vertex 18.2153 -3.09395 1.2
    endloop
  endfacet
  facet normal 0 0 1
    outer loop
      vertex 18.2287 -2.04633 1.2
      vertex 18.0999 -3.07588 1.2
      vertex 18.1564 -3.08643 1.2
    endloop
  endfacet
  facet normal 0 0 1
    outer loop
      vertex 18.2287 -2.04633 1.2
      vertex 18.046 -3.06233 1.2
      vertex 18.0999 -3.07588 1.2
    endloop
  endfacet
  facet normal -0 0 1
    outer loop
      vertex 18.0409 -2.07062 1.2
      vertex 18.046 -3.06233 1.2
      vertex 18.2287 -2.04633 1.2
    endloop
  endfacet
  facet normal 0 0 1
    outer loop
      vertex 18.0409 -2.07062 1.2
      vertex 17.9946 -3.04578 1.2
      vertex 18.046 -3.06233 1.2
    endloop
  endfacet
  facet normal 0 0 1
    outer loop
      vertex 18.0409 -2.07062 1.2
      vertex 17.9456 -3.0262 1.2
      vertex 17.9946 -3.04578 1.2
    endloop
  endfacet
  facet normal 0 0 1
    outer loop
      vertex 18.0409 -2.07062 1.2
      vertex 17.8991 -3.00362 1.2
      vertex 17.9456 -3.0262 1.2
    endloop
  endfacet
  facet normal 0 0 1
    outer loop
      vertex 18.0409 -2.07062 1.2
      vertex 17.8551 -2.97803 1.2
      vertex 17.8991 -3.00362 1.2
    endloop
  endfacet
  facet normal 0 0 1
    outer loop
      vertex 17.5647 -2.58617 1.2
      vertex 18.0409 -2.07062 1.2
      vertex 17.84 -2.0787 1.2
    endloop
  endfacet
  facet normal 0 0 1
    outer loop
      vertex 18.0409 -2.07062 1.2
      vertex 17.8136 -2.94943 1.2
      vertex 17.8551 -2.97803 1.2
    endloop
  endfacet
  facet normal 0 0 1
    outer loop
      vertex 18.0409 -2.07062 1.2
      vertex 17.7747 -2.91818 1.2
      vertex 17.8136 -2.94943 1.2
    endloop
  endfacet
  facet normal 0 0 1
    outer loop
      vertex 18.0409 -2.07062 1.2
      vertex 17.7386 -2.88466 1.2
      vertex 17.7747 -2.91818 1.2
    endloop
  endfacet
  facet normal 0 0 1
    outer loop
      vertex 18.0409 -2.07062 1.2
      vertex 17.7054 -2.84885 1.2
      vertex 17.7386 -2.88466 1.2
    endloop
  endfacet
  facet normal 0 0 1
    outer loop
      vertex 17.5511 -2.53441 1.2
      vertex 17.84 -2.0787 1.2
      vertex 17.6897 -2.07294 1.2
    endloop
  endfacet
  facet normal 0 0 1
    outer loop
      vertex 18.0409 -2.07062 1.2
      vertex 17.6749 -2.81076 1.2
      vertex 17.7054 -2.84885 1.2
    endloop
  endfacet
  facet normal 0 0 1
    outer loop
      vertex 18.0409 -2.07062 1.2
      vertex 17.6472 -2.7704 1.2
      vertex 17.6749 -2.81076 1.2
    endloop
  endfacet
  facet normal 0 0 1
    outer loop
      vertex 18.0409 -2.07062 1.2
      vertex 17.6224 -2.72777 1.2
      vertex 17.6472 -2.7704 1.2
    endloop
  endfacet
  facet normal 0 0 1
    outer loop
      vertex 18.0409 -2.07062 1.2
      vertex 17.6004 -2.68285 1.2
      vertex 17.6224 -2.72777 1.2
    endloop
  endfacet
  facet normal 0 0 1
    outer loop
      vertex 18.0409 -2.07062 1.2
      vertex 17.5812 -2.63564 1.2
      vertex 17.6004 -2.68285 1.2
    endloop
  endfacet
  facet normal 0 0 1
    outer loop
      vertex 18.0409 -2.07062 1.2
      vertex 17.5647 -2.58617 1.2
      vertex 17.5812 -2.63564 1.2
    endloop
  endfacet
  facet normal 0 0 1
    outer loop
      vertex 17.84 -2.0787 1.2
      vertex 17.5511 -2.53441 1.2
      vertex 17.5647 -2.58617 1.2
    endloop
  endfacet
  facet normal 0 0 1
    outer loop
      vertex 17.5462 -2.0556 1.2
      vertex 17.5511 -2.53441 1.2
      vertex 17.6897 -2.07294 1.2
    endloop
  endfacet
  facet normal 0 0 1
    outer loop
      vertex 17.4097 -2.02672 1.2
      vertex 17.5511 -2.53441 1.2
      vertex 17.5462 -2.0556 1.2
    endloop
  endfacet
  facet normal 0 0 1
    outer loop
      vertex 17.2802 -1.98627 1.2
      vertex 17.5511 -2.53441 1.2
      vertex 17.4097 -2.02672 1.2
    endloop
  endfacet
  facet normal 0 0 1
    outer loop
      vertex 17.1575 -1.93427 1.2
      vertex 17.5511 -2.53441 1.2
      vertex 17.2802 -1.98627 1.2
    endloop
  endfacet
  facet normal 0 0 1
    outer loop
      vertex 16.4078 -2.66869 1.2
      vertex 17.1575 -1.93427 1.2
      vertex 17.0417 -1.87073 1.2
    endloop
  endfacet
  facet normal 0 0 1
    outer loop
      vertex 16.4078 -2.66869 1.2
      vertex 17.0417 -1.87073 1.2
      vertex 16.9329 -1.79561 1.2
    endloop
  endfacet
  facet normal 0 0 1
    outer loop
      vertex 16.4078 -2.66869 1.2
      vertex 16.9329 -1.79561 1.2
      vertex 16.8309 -1.70895 1.2
    endloop
  endfacet
  facet normal 0 0 1
    outer loop
      vertex 16.4078 -2.66869 1.2
      vertex 16.8309 -1.70895 1.2
      vertex 16.7359 -1.61073 1.2
    endloop
  endfacet
  facet normal 0 0 1
    outer loop
      vertex 17.1575 -1.93427 1.2
      vertex 16.4078 -2.66869 1.2
      vertex 17.5511 -2.53441 1.2
    endloop
  endfacet
  facet normal 0 0 1
    outer loop
      vertex 16.6478 -1.50096 1.2
      vertex 16.4078 -2.66869 1.2
      vertex 16.7359 -1.61073 1.2
    endloop
  endfacet
  facet normal 0 0 1
    outer loop
      vertex 15.3471 -2.08687 1.2
      vertex 16.6478 -1.50096 1.2
      vertex 16.5674 -1.38045 1.2
    endloop
  endfacet
  facet normal 0 0 1
    outer loop
      vertex 15.3471 -2.08687 1.2
      vertex 16.5674 -1.38045 1.2
      vertex 16.4955 -1.25002 1.2
    endloop
  endfacet
  facet normal 0 0 1
    outer loop
      vertex 15.3471 -2.08687 1.2
      vertex 16.4955 -1.25002 1.2
      vertex 16.432 -1.10965 1.2
    endloop
  endfacet
  facet normal 0 0 1
    outer loop
      vertex 15.3471 -2.08687 1.2
      vertex 16.432 -1.10965 1.2
      vertex 16.377 -0.959351 1.2
    endloop
  endfacet
  facet normal 0 0 1
    outer loop
      vertex 25.2035 -0.105362 1.2
      vertex 24.0602 -0.878464 1.2
      vertex 25.1384 -0.972 1.2
    endloop
  endfacet
  facet normal 0 0 1
    outer loop
      vertex 23.5199 -1.38229 1.2
      vertex 24.0239 -0.97818 1.2
      vertex 24.0602 -0.878464 1.2
    endloop
  endfacet
  facet normal 0 0 1
    outer loop
      vertex 24.0239 -0.97818 1.2
      vertex 23.6187 -1.35605 1.2
      vertex 23.9788 -1.0674 1.2
    endloop
  endfacet
  facet normal 0 0 1
    outer loop
      vertex 23.9788 -1.0674 1.2
      vertex 23.6187 -1.35605 1.2
      vertex 23.9247 -1.14612 1.2
    endloop
  endfacet
  facet normal 0 0 1
    outer loop
      vertex 23.9247 -1.14612 1.2
      vertex 23.7896 -1.27208 1.2
      vertex 23.8616 -1.21436 1.2
    endloop
  endfacet
  facet normal 0 0 1
    outer loop
      vertex 23.9247 -1.14612 1.2
      vertex 23.7086 -1.31932 1.2
      vertex 23.7896 -1.27208 1.2
    endloop
  endfacet
  facet normal 0 0 1
    outer loop
      vertex 23.9247 -1.14612 1.2
      vertex 23.6187 -1.35605 1.2
      vertex 23.7086 -1.31932 1.2
    endloop
  endfacet
  facet normal 0 0 1
    outer loop
      vertex 24.0239 -0.97818 1.2
      vertex 23.5199 -1.38229 1.2
      vertex 23.6187 -1.35605 1.2
    endloop
  endfacet
  facet normal 0 0 1
    outer loop
      vertex 24.0602 -0.878464 1.2
      vertex 23.412 -1.39804 1.2
      vertex 23.5199 -1.38229 1.2
    endloop
  endfacet
  facet normal 0 0 1
    outer loop
      vertex 24.0602 -0.878464 1.2
      vertex 23.2953 -1.40329 1.2
      vertex 23.412 -1.39804 1.2
    endloop
  endfacet
  facet normal 0 0 1
    outer loop
      vertex 24.0602 -0.878464 1.2
      vertex 23.2094 -1.40001 1.2
      vertex 23.2953 -1.40329 1.2
    endloop
  endfacet
  facet normal -0 0 1
    outer loop
      vertex 22.3798 -0.105362 1.2
      vertex 24.0602 -0.878464 1.2
      vertex 25.2035 -0.105362 1.2
    endloop
  endfacet
  facet normal -0 -0 1
    outer loop
      vertex 22.3822 -0.230789 1.2
      vertex 24.0602 -0.878464 1.2
      vertex 22.3798 -0.105362 1.2
    endloop
  endfacet
  facet normal -0 -0 1
    outer loop
      vertex 22.4012 -0.462723 1.2
      vertex 24.0602 -0.878464 1.2
      vertex 22.3893 -0.349915 1.2
    endloop
  endfacet
  facet normal -0 -0 1
    outer loop
      vertex 22.4179 -0.569229 1.2
      vertex 24.0602 -0.878464 1.2
      vertex 22.4012 -0.462723 1.2
    endloop
  endfacet
  facet normal -0 -0 1
    outer loop
      vertex 22.4655 -0.763321 1.2
      vertex 24.0602 -0.878464 1.2
      vertex 22.4393 -0.669434 1.2
    endloop
  endfacet
  facet normal -0 -0 1
    outer loop
      vertex 22.4964 -0.850906 1.2
      vertex 24.0602 -0.878464 1.2
      vertex 22.4655 -0.763321 1.2
    endloop
  endfacet
  facet normal 0 0 1
    outer loop
      vertex 24.0602 -0.878464 1.2
      vertex 22.5321 -0.932175 1.2
      vertex 23.2094 -1.40001 1.2
    endloop
  endfacet
  facet normal 0 0 1
    outer loop
      vertex 23.2094 -1.40001 1.2
      vertex 22.5321 -0.932175 1.2
      vertex 23.1275 -1.39018 1.2
    endloop
  endfacet
  facet normal 0 0 1
    outer loop
      vertex 23.1275 -1.39018 1.2
      vertex 22.5321 -0.932175 1.2
      vertex 23.0497 -1.37381 1.2
    endloop
  endfacet
  facet normal 0 0 1
    outer loop
      vertex 22.9759 -1.35089 1.2
      vertex 22.5321 -0.932175 1.2
      vertex 22.9062 -1.32141 1.2
    endloop
  endfacet
  facet normal 0 0 1
    outer loop
      vertex 22.8405 -1.2854 1.2
      vertex 22.5321 -0.932175 1.2
      vertex 22.7787 -1.24283 1.2
    endloop
  endfacet
  facet normal 0 0 1
    outer loop
      vertex 22.7787 -1.24283 1.2
      vertex 22.5321 -0.932175 1.2
      vertex 22.7211 -1.1937 1.2
    endloop
  endfacet
  facet normal 0 0 1
    outer loop
      vertex 22.6674 -1.13803 1.2
      vertex 22.5321 -0.932175 1.2
      vertex 22.5726 -1.00714 1.2
    endloop
  endfacet
  facet normal 0 0 1
    outer loop
      vertex 22.7211 -1.1937 1.2
      vertex 22.5321 -0.932175 1.2
      vertex 22.6674 -1.13803 1.2
    endloop
  endfacet
  facet normal 0 0 1
    outer loop
      vertex 22.6674 -1.13803 1.2
      vertex 22.5726 -1.00714 1.2
      vertex 22.6178 -1.07581 1.2
    endloop
  endfacet
  facet normal 0 0 1
    outer loop
      vertex 22.9062 -1.32141 1.2
      vertex 22.5321 -0.932175 1.2
      vertex 22.8405 -1.2854 1.2
    endloop
  endfacet
  facet normal 0 0 1
    outer loop
      vertex 23.0497 -1.37381 1.2
      vertex 22.5321 -0.932175 1.2
      vertex 22.9759 -1.35089 1.2
    endloop
  endfacet
  facet normal 0 -0 1
    outer loop
      vertex 22.5321 -0.932175 1.2
      vertex 24.0602 -0.878464 1.2
      vertex 22.4964 -0.850906 1.2
    endloop
  endfacet
  facet normal -0 -0 1
    outer loop
      vertex 22.4393 -0.669434 1.2
      vertex 24.0602 -0.878464 1.2
      vertex 22.4179 -0.569229 1.2
    endloop
  endfacet
  facet normal -0 -0 1
    outer loop
      vertex 22.3893 -0.349915 1.2
      vertex 24.0602 -0.878464 1.2
      vertex 22.3822 -0.230789 1.2
    endloop
  endfacet
  facet normal -0 0 1
    outer loop
      vertex 7.50203 1.90456 1.2
      vertex 8.73077 0.936218 1.2
      vertex 8.60873 2.23822 1.2
    endloop
  endfacet
  facet normal 0 0 1
    outer loop
      vertex 6.23256 0.936218 1.2
      vertex 7.46419 1.98952 1.2
      vertex 7.42229 2.07024 1.2
    endloop
  endfacet
  facet normal 0 0 1
    outer loop
      vertex 6.23256 0.936218 1.2
      vertex 7.42229 2.07024 1.2
      vertex 7.3763 2.14673 1.2
    endloop
  endfacet
  facet normal 0 0 1
    outer loop
      vertex 6.23256 0.936218 1.2
      vertex 7.3763 2.14673 1.2
      vertex 7.32625 2.21898 1.2
    endloop
  endfacet
  facet normal 0 0 1
    outer loop
      vertex 6.23256 0.936218 1.2
      vertex 7.32625 2.21898 1.2
      vertex 7.27213 2.28702 1.2
    endloop
  endfacet
  facet normal 0 0 1
    outer loop
      vertex 6.23256 0.936218 1.2
      vertex 7.27213 2.28702 1.2
      vertex 7.21394 2.3508 1.2
    endloop
  endfacet
  facet normal 0 0 1
    outer loop
      vertex 6.23256 0.936218 1.2
      vertex 7.21394 2.3508 1.2
      vertex 7.15169 2.41037 1.2
    endloop
  endfacet
  facet normal 0 0 1
    outer loop
      vertex 6.23256 0.936218 1.2
      vertex 7.15169 2.41037 1.2
      vertex 7.08536 2.4657 1.2
    endloop
  endfacet
  facet normal 0 0 1
    outer loop
      vertex 6.23256 0.936218 1.2
      vertex 7.08536 2.4657 1.2
      vertex 7.01495 2.5168 1.2
    endloop
  endfacet
  facet normal 0 0 1
    outer loop
      vertex 6.23256 0.936218 1.2
      vertex 7.01495 2.5168 1.2
      vertex 6.94049 2.56366 1.2
    endloop
  endfacet
  facet normal 0 0 1
    outer loop
      vertex 6.23256 0.936218 1.2
      vertex 6.94049 2.56366 1.2
      vertex 6.86266 2.60619 1.2
    endloop
  endfacet
  facet normal 0 0 1
    outer loop
      vertex 6.23256 0.936218 1.2
      vertex 6.86266 2.60619 1.2
      vertex 6.78215 2.64423 1.2
    endloop
  endfacet
  facet normal 0 0 1
    outer loop
      vertex 6.23256 0.936218 1.2
      vertex 6.78215 2.64423 1.2
      vertex 6.69894 2.6778 1.2
    endloop
  endfacet
  facet normal 0 0 1
    outer loop
      vertex 6.23256 0.936218 1.2
      vertex 6.69894 2.6778 1.2
      vertex 6.61305 2.70689 1.2
    endloop
  endfacet
  facet normal 0 0 1
    outer loop
      vertex 6.23256 0.936218 1.2
      vertex 6.61305 2.70689 1.2
      vertex 6.52449 2.73151 1.2
    endloop
  endfacet
  facet normal 0 0 1
    outer loop
      vertex 6.23256 0.936218 1.2
      vertex 6.52449 2.73151 1.2
      vertex 6.43323 2.75165 1.2
    endloop
  endfacet
  facet normal 0 0 1
    outer loop
      vertex 6.23256 0.936218 1.2
      vertex 6.43323 2.75165 1.2
      vertex 6.33928 2.76732 1.2
    endloop
  endfacet
  facet normal 0 0 1
    outer loop
      vertex 7.46419 1.98952 1.2
      vertex 6.23256 0.936218 1.2
      vertex 7.50203 1.90456 1.2
    endloop
  endfacet
  facet normal 0 0 1
    outer loop
      vertex 6.23256 0.936218 1.2
      vertex 6.33928 2.76732 1.2
      vertex 6.24265 2.7785 1.2
    endloop
  endfacet
  facet normal 0 0 1
    outer loop
      vertex 7.50203 1.90456 1.2
      vertex 6.23256 0.936218 1.2
      vertex 8.73077 0.936218 1.2
    endloop
  endfacet
  facet normal -0 0 1
    outer loop
      vertex 4.33437 0.434708 1.2
      vertex 6.23256 0.0492401 1.2
      vertex 6.23256 0.936218 1.2
    endloop
  endfacet
  facet normal 0 0 1
    outer loop
      vertex 6.14334 2.78522 1.2
      vertex 6.23256 0.936218 1.2
      vertex 6.24265 2.7785 1.2
    endloop
  endfacet
  facet normal 0 0 1
    outer loop
      vertex 6.04134 2.78746 1.2
      vertex 6.23256 0.936218 1.2
      vertex 6.14334 2.78522 1.2
    endloop
  endfacet
  facet normal 0 -0 1
    outer loop
      vertex 4.32076 0.615952 1.2
      vertex 6.23256 0.936218 1.2
      vertex 4.31621 0.806015 1.2
    endloop
  endfacet
  facet normal 0 -0 1
    outer loop
      vertex 4.33437 0.434708 1.2
      vertex 6.23256 0.936218 1.2
      vertex 4.32076 0.615952 1.2
    endloop
  endfacet
  facet normal -0 0 1
    outer loop
      vertex 5.87614 2.78233 1.2
      vertex 6.23256 0.936218 1.2
      vertex 6.04134 2.78746 1.2
    endloop
  endfacet
  facet normal 0 0 1
    outer loop
      vertex 6.23256 0.0492401 1.2
      vertex 4.33437 0.434708 1.2
      vertex 4.35704 0.262299 1.2
    endloop
  endfacet
  facet normal -0 0 1
    outer loop
      vertex 5.71909 2.76695 1.2
      vertex 6.23256 0.936218 1.2
      vertex 5.87614 2.78233 1.2
    endloop
  endfacet
  facet normal 0 0 1
    outer loop
      vertex 6.23256 0.0492401 1.2
      vertex 4.35704 0.262299 1.2
      vertex 4.38879 0.0987091 1.2
    endloop
  endfacet
  facet normal -0 0 1
    outer loop
      vertex 5.57018 2.74132 1.2
      vertex 6.23256 0.936218 1.2
      vertex 5.71909 2.76695 1.2
    endloop
  endfacet
  facet normal 0 0 1
    outer loop
      vertex 6.23256 0.0492401 1.2
      vertex 6.1387 -1.22702 1.2
      vertex 6.23143 -1.22293 1.2
    endloop
  endfacet
  facet normal -0 0 1
    outer loop
      vertex 5.4294 2.70543 1.2
      vertex 6.23256 0.936218 1.2
      vertex 5.57018 2.74132 1.2
    endloop
  endfacet
  facet normal 0 0 1
    outer loop
      vertex 6.23256 0.0492401 1.2
      vertex 6.04541 -1.22839 1.2
      vertex 6.1387 -1.22702 1.2
    endloop
  endfacet
  facet normal -0 0 1
    outer loop
      vertex 5.29675 2.6593 1.2
      vertex 6.23256 0.936218 1.2
      vertex 5.4294 2.70543 1.2
    endloop
  endfacet
  facet normal 0 0 1
    outer loop
      vertex 6.23256 0.0492401 1.2
      vertex 4.38879 0.0987091 1.2
      vertex 4.42963 -0.0560303 1.2
    endloop
  endfacet
  facet normal -0 0 1
    outer loop
      vertex 5.17224 2.60291 1.2
      vertex 6.23256 0.936218 1.2
      vertex 5.29675 2.6593 1.2
    endloop
  endfacet
  facet normal 0 0 1
    outer loop
      vertex 6.23256 0.0492401 1.2
      vertex 5.88472 -1.22308 1.2
      vertex 6.04541 -1.22839 1.2
    endloop
  endfacet
  facet normal -0 0 1
    outer loop
      vertex 5.05588 2.53627 1.2
      vertex 6.23256 0.936218 1.2
      vertex 5.17224 2.60291 1.2
    endloop
  endfacet
  facet normal 0 0 1
    outer loop
      vertex 6.23256 0.0492401 1.2
      vertex 4.42963 -0.0560303 1.2
      vertex 4.47954 -0.201965 1.2
    endloop
  endfacet
  facet normal -0 0 1
    outer loop
      vertex 4.94765 2.45937 1.2
      vertex 6.23256 0.936218 1.2
      vertex 5.05588 2.53627 1.2
    endloop
  endfacet
  facet normal 0 0 1
    outer loop
      vertex 6.23256 0.0492401 1.2
      vertex 5.73138 -1.20715 1.2
      vertex 5.88472 -1.22308 1.2
    endloop
  endfacet
  facet normal -0 0 1
    outer loop
      vertex 4.84755 2.37222 1.2
      vertex 6.23256 0.936218 1.2
      vertex 4.94765 2.45937 1.2
    endloop
  endfacet
  facet normal 0 0 1
    outer loop
      vertex 6.23256 0.0492401 1.2
      vertex 5.58542 -1.1806 1.2
      vertex 5.73138 -1.20715 1.2
    endloop
  endfacet
  facet normal 0 0 1
    outer loop
      vertex 6.23256 0.936218 1.2
      vertex 4.84755 2.37222 1.2
      vertex 4.7556 2.27481 1.2
    endloop
  endfacet
  facet normal 0 0 1
    outer loop
      vertex 6.23256 0.0492401 1.2
      vertex 5.44682 -1.14343 1.2
      vertex 5.58542 -1.1806 1.2
    endloop
  endfacet
  facet normal 0 0 1
    outer loop
      vertex 6.23256 0.936218 1.2
      vertex 4.7556 2.27481 1.2
      vertex 4.67212 2.16785 1.2
    endloop
  endfacet
  facet normal 0 0 1
    outer loop
      vertex 6.23256 0.0492401 1.2
      vertex 5.31558 -1.09564 1.2
      vertex 5.44682 -1.14343 1.2
    endloop
  endfacet
  facet normal 0 0 1
    outer loop
      vertex 6.23256 0.936218 1.2
      vertex 4.67212 2.16785 1.2
      vertex 4.59741 2.05202 1.2
    endloop
  endfacet
  facet normal 0 0 1
    outer loop
      vertex 6.23256 0.0492401 1.2
      vertex 5.07521 -0.968201 1.2
      vertex 5.19171 -1.03723 1.2
    endloop
  endfacet
  facet normal 0 0 1
    outer loop
      vertex 6.23256 0.936218 1.2
      vertex 4.59741 2.05202 1.2
      vertex 4.53151 1.92732 1.2
    endloop
  endfacet
  facet normal 0 0 1
    outer loop
      vertex 6.23256 0.0492401 1.2
      vertex 4.96606 -0.88855 1.2
      vertex 5.07521 -0.968201 1.2
    endloop
  endfacet
  facet normal 0 0 1
    outer loop
      vertex 6.23256 0.936218 1.2
      vertex 4.53151 1.92732 1.2
      vertex 4.4744 1.79375 1.2
    endloop
  endfacet
  facet normal 0 0 1
    outer loop
      vertex 6.23256 0.0492401 1.2
      vertex 4.86429 -0.798279 1.2
      vertex 4.96606 -0.88855 1.2
    endloop
  endfacet
  facet normal 0 0 1
    outer loop
      vertex 6.23256 0.936218 1.2
      vertex 4.4744 1.79375 1.2
      vertex 4.42606 1.65129 1.2
    endloop
  endfacet
  facet normal 0 0 1
    outer loop
      vertex 6.23256 0.0492401 1.2
      vertex 4.76987 -0.697388 1.2
      vertex 4.86429 -0.798279 1.2
    endloop
  endfacet
  facet normal 0 0 1
    outer loop
      vertex 6.23256 0.936218 1.2
      vertex 4.42606 1.65129 1.2
      vertex 4.38652 1.49998 1.2
    endloop
  endfacet
  facet normal 0 0 1
    outer loop
      vertex 6.23256 0.0492401 1.2
      vertex 4.68369 -0.586777 1.2
      vertex 4.76987 -0.697388 1.2
    endloop
  endfacet
  facet normal 0 0 1
    outer loop
      vertex 6.23256 0.936218 1.2
      vertex 4.38652 1.49998 1.2
      vertex 4.35576 1.3398 1.2
    endloop
  endfacet
  facet normal 0 0 1
    outer loop
      vertex 6.23256 0.0492401 1.2
      vertex 4.53851 -0.339066 1.2
      vertex 4.60655 -0.467331 1.2
    endloop
  endfacet
  facet normal 0 0 1
    outer loop
      vertex 6.23256 0.936218 1.2
      vertex 4.35576 1.3398 1.2
      vertex 4.33379 1.17075 1.2
    endloop
  endfacet
  facet normal 0 0 1
    outer loop
      vertex 6.23256 0.0492401 1.2
      vertex 4.60655 -0.467331 1.2
      vertex 4.68369 -0.586777 1.2
    endloop
  endfacet
  facet normal 0 0 1
    outer loop
      vertex 6.23256 0.936218 1.2
      vertex 4.33379 1.17075 1.2
      vertex 4.3206 0.992813 1.2
    endloop
  endfacet
  facet normal 0 0 1
    outer loop
      vertex 6.23256 0.0492401 1.2
      vertex 4.47954 -0.201965 1.2
      vertex 4.53851 -0.339066 1.2
    endloop
  endfacet
  facet normal 0 0 1
    outer loop
      vertex 6.23256 0.936218 1.2
      vertex 4.3206 0.992813 1.2
      vertex 4.31621 0.806015 1.2
    endloop
  endfacet
  facet normal 0 0 1
    outer loop
      vertex 6.23256 0.0492401 1.2
      vertex 5.19171 -1.03723 1.2
      vertex 5.31558 -1.09564 1.2
    endloop
  endfacet
  facet normal 0 0 1
    outer loop
      vertex 7.63223 0.0492401 1.2
      vertex 7.58223 -0.785751 1.2
      vertex 7.63223 -0.744186 1.2
    endloop
  endfacet
  facet normal 0 0 1
    outer loop
      vertex 7.63223 0.0492401 1.2
      vertex 7.52823 -0.825806 1.2
      vertex 7.58223 -0.785751 1.2
    endloop
  endfacet
  facet normal 0 0 1
    outer loop
      vertex 7.63223 0.0492401 1.2
      vertex 7.47026 -0.864349 1.2
      vertex 7.52823 -0.825806 1.2
    endloop
  endfacet
  facet normal 0 0 1
    outer loop
      vertex 7.63223 0.0492401 1.2
      vertex 7.40828 -0.901398 1.2
      vertex 7.47026 -0.864349 1.2
    endloop
  endfacet
  facet normal 0 0 1
    outer loop
      vertex 7.63223 0.0492401 1.2
      vertex 7.34233 -0.936935 1.2
      vertex 7.40828 -0.901398 1.2
    endloop
  endfacet
  facet normal 0 0 1
    outer loop
      vertex 7.63223 0.0492401 1.2
      vertex 7.27238 -0.970978 1.2
      vertex 7.34233 -0.936935 1.2
    endloop
  endfacet
  facet normal -0 0 1
    outer loop
      vertex 6.23256 0.0492401 1.2
      vertex 7.27238 -0.970978 1.2
      vertex 7.63223 0.0492401 1.2
    endloop
  endfacet
  facet normal 0 0 1
    outer loop
      vertex 7.27238 -0.970978 1.2
      vertex 6.23256 0.0492401 1.2
      vertex 7.19846 -1.00351 1.2
    endloop
  endfacet
  facet normal 0 0 1
    outer loop
      vertex 7.19846 -1.00351 1.2
      vertex 6.23256 0.0492401 1.2
      vertex 7.12053 -1.03453 1.2
    endloop
  endfacet
  facet normal 0 0 1
    outer loop
      vertex 7.12053 -1.03453 1.2
      vertex 6.23256 0.0492401 1.2
      vertex 7.03864 -1.06406 1.2
    endloop
  endfacet
  facet normal 0 0 1
    outer loop
      vertex 7.03864 -1.06406 1.2
      vertex 6.23256 0.0492401 1.2
      vertex 6.95273 -1.09207 1.2
    endloop
  endfacet
  facet normal 0 0 1
    outer loop
      vertex 6.95273 -1.09207 1.2
      vertex 6.23256 0.0492401 1.2
      vertex 6.86456 -1.11797 1.2
    endloop
  endfacet
  facet normal 0 0 1
    outer loop
      vertex 6.86456 -1.11797 1.2
      vertex 6.23256 0.0492401 1.2
      vertex 6.77582 -1.14114 1.2
    endloop
  endfacet
  facet normal 0 0 1
    outer loop
      vertex 6.77582 -1.14114 1.2
      vertex 6.23256 0.0492401 1.2
      vertex 6.68651 -1.16159 1.2
    endloop
  endfacet
  facet normal 0 0 1
    outer loop
      vertex 6.68651 -1.16159 1.2
      vertex 6.23256 0.0492401 1.2
      vertex 6.59663 -1.17931 1.2
    endloop
  endfacet
  facet normal 0 0 1
    outer loop
      vertex 6.59663 -1.17931 1.2
      vertex 6.23256 0.0492401 1.2
      vertex 6.50618 -1.19431 1.2
    endloop
  endfacet
  facet normal 0 0 1
    outer loop
      vertex 6.50618 -1.19431 1.2
      vertex 6.23256 0.0492401 1.2
      vertex 6.41516 -1.20657 1.2
    endloop
  endfacet
  facet normal 0 0 1
    outer loop
      vertex 6.41516 -1.20657 1.2
      vertex 6.23256 0.0492401 1.2
      vertex 6.32358 -1.21613 1.2
    endloop
  endfacet
  facet normal 0 0 1
    outer loop
      vertex 6.32358 -1.21613 1.2
      vertex 6.23256 0.0492401 1.2
      vertex 6.23143 -1.22293 1.2
    endloop
  endfacet
  facet normal 0 0 1
    outer loop
      vertex -1.9283 0.928055 1.2
      vertex -3.04311 -0.569229 1.2
      vertex -1.89572 -0.622086 1.2
    endloop
  endfacet
  facet normal -0 0 1
    outer loop
      vertex -4.6792 -0.641388 1.2
      vertex -3.05536 -0.64859 1.2
      vertex -3.04311 -0.569229 1.2
    endloop
  endfacet
  facet normal -0 0 1
    outer loop
      vertex -3.07976 0.871124 1.2
      vertex -3.04311 -0.569229 1.2
      vertex -1.9283 0.928055 1.2
    endloop
  endfacet
  facet normal -0 0 1
    outer loop
      vertex -4.76012 0.134674 1.2
      vertex -3.04311 -0.569229 1.2
      vertex -3.07976 0.871124 1.2
    endloop
  endfacet
  facet normal -0 -0 1
    outer loop
      vertex -4.75113 -0.154434 1.2
      vertex -3.04311 -0.569229 1.2
      vertex -4.76012 0.134674 1.2
    endloop
  endfacet
  facet normal 0 0 1
    outer loop
      vertex -4.61885 1.07993 1.2
      vertex -3.07976 0.871124 1.2
      vertex -3.09099 0.937286 1.2
    endloop
  endfacet
  facet normal 0 0 1
    outer loop
      vertex -4.61885 1.07993 1.2
      vertex -3.09099 0.937286 1.2
      vertex -3.10513 1.00073 1.2
    endloop
  endfacet
  facet normal -0 -0 1
    outer loop
      vertex -4.72415 -0.413132 1.2
      vertex -3.04311 -0.569229 1.2
      vertex -4.75113 -0.154434 1.2
    endloop
  endfacet
  facet normal 0 0 1
    outer loop
      vertex -4.61885 1.07993 1.2
      vertex -3.10513 1.00073 1.2
      vertex -3.12221 1.06146 1.2
    endloop
  endfacet
  facet normal 0 -0 1
    outer loop
      vertex -4.6792 -0.641388 1.2
      vertex -3.04311 -0.569229 1.2
      vertex -4.72415 -0.413132 1.2
    endloop
  endfacet
  facet normal 0 0 1
    outer loop
      vertex -3.87721 1.61163 1.2
      vertex -3.12221 1.06146 1.2
      vertex -3.14223 1.11946 1.2
    endloop
  endfacet
  facet normal 0 0 1
    outer loop
      vertex -3.80724 1.60962 1.2
      vertex -3.14223 1.11946 1.2
      vertex -3.16518 1.17473 1.2
    endloop
  endfacet
  facet normal 0 0 1
    outer loop
      vertex -3.05536 -0.64859 1.2
      vertex -4.6792 -0.641388 1.2
      vertex -4.61626 -0.839203 1.2
    endloop
  endfacet
  facet normal 0 0 1
    outer loop
      vertex -3.80724 1.60962 1.2
      vertex -3.16518 1.17473 1.2
      vertex -3.19104 1.22728 1.2
    endloop
  endfacet
  facet normal 0 0 1
    outer loop
      vertex -3.05536 -0.64859 1.2
      vertex -4.61626 -0.839203 1.2
      vertex -3.07094 -0.723923 1.2
    endloop
  endfacet
  facet normal 0 0 1
    outer loop
      vertex -3.74049 1.60358 1.2
      vertex -3.19104 1.22728 1.2
      vertex -3.21985 1.2771 1.2
    endloop
  endfacet
  facet normal 0 0 1
    outer loop
      vertex -3.07094 -0.723923 1.2
      vertex -4.61626 -0.839203 1.2
      vertex -3.08986 -0.795227 1.2
    endloop
  endfacet
  facet normal 0 0 1
    outer loop
      vertex -3.67702 1.59351 1.2
      vertex -3.21985 1.2771 1.2
      vertex -3.25159 1.3242 1.2
    endloop
  endfacet
  facet normal 0 0 1
    outer loop
      vertex -3.08986 -0.795227 1.2
      vertex -4.61626 -0.839203 1.2
      vertex -3.11212 -0.862503 1.2
    endloop
  endfacet
  facet normal 0 0 1
    outer loop
      vertex -3.67702 1.59351 1.2
      vertex -3.25159 1.3242 1.2
      vertex -3.28624 1.36858 1.2
    endloop
  endfacet
  facet normal 0 0 1
    outer loop
      vertex -3.11212 -0.862503 1.2
      vertex -4.61626 -0.839203 1.2
      vertex -3.13773 -0.925751 1.2
    endloop
  endfacet
  facet normal 0 0 1
    outer loop
      vertex -3.61681 1.57941 1.2
      vertex -3.28624 1.36858 1.2
      vertex -3.32384 1.41022 1.2
    endloop
  endfacet
  facet normal 0 0 1
    outer loop
      vertex -3.13773 -0.925751 1.2
      vertex -4.61626 -0.839203 1.2
      vertex -3.16666 -0.98497 1.2
    endloop
  endfacet
  facet normal 0 0 1
    outer loop
      vertex -3.61681 1.57941 1.2
      vertex -3.32384 1.41022 1.2
      vertex -3.36453 1.44849 1.2
    endloop
  endfacet
  facet normal 0 0 1
    outer loop
      vertex -3.16666 -0.98497 1.2
      vertex -4.61626 -0.839203 1.2
      vertex -3.19891 -1.04016 1.2
    endloop
  endfacet
  facet normal 0 0 1
    outer loop
      vertex -3.61681 1.57941 1.2
      vertex -3.36453 1.44849 1.2
      vertex -3.40848 1.48273 1.2
    endloop
  endfacet
  facet normal 0 0 1
    outer loop
      vertex -3.61681 1.57941 1.2
      vertex -3.40848 1.48273 1.2
      vertex -3.45567 1.51294 1.2
    endloop
  endfacet
  facet normal 0 0 1
    outer loop
      vertex -3.19891 -1.04016 1.2
      vertex -4.61626 -0.839203 1.2
      vertex -3.23453 -1.09134 1.2
    endloop
  endfacet
  facet normal 0 0 1
    outer loop
      vertex -3.61681 1.57941 1.2
      vertex -3.45567 1.51294 1.2
      vertex -3.50612 1.53912 1.2
    endloop
  endfacet
  facet normal 0 0 1
    outer loop
      vertex -3.23453 -1.09134 1.2
      vertex -4.61626 -0.839203 1.2
      vertex -3.27347 -1.13847 1.2
    endloop
  endfacet
  facet normal 0 0 1
    outer loop
      vertex -3.61681 1.57941 1.2
      vertex -3.50612 1.53912 1.2
      vertex -3.55983 1.56128 1.2
    endloop
  endfacet
  facet normal 0 0 1
    outer loop
      vertex -3.27347 -1.13847 1.2
      vertex -4.61626 -0.839203 1.2
      vertex -3.31573 -1.18159 1.2
    endloop
  endfacet
  facet normal 0 0 1
    outer loop
      vertex -3.28624 1.36858 1.2
      vertex -3.61681 1.57941 1.2
      vertex -3.67702 1.59351 1.2
    endloop
  endfacet
  facet normal 0 0 1
    outer loop
      vertex -3.31573 -1.18159 1.2
      vertex -4.61626 -0.839203 1.2
      vertex -3.36075 -1.22063 1.2
    endloop
  endfacet
  facet normal 0 0 1
    outer loop
      vertex -3.36075 -1.22063 1.2
      vertex -4.61626 -0.839203 1.2
      vertex -3.40785 -1.25554 1.2
    endloop
  endfacet
  facet normal 0 0 1
    outer loop
      vertex -3.21985 1.2771 1.2
      vertex -3.67702 1.59351 1.2
      vertex -3.74049 1.60358 1.2
    endloop
  endfacet
  facet normal 0 0 1
    outer loop
      vertex -3.40785 -1.25554 1.2
      vertex -4.61626 -0.839203 1.2
      vertex -3.45709 -1.28636 1.2
    endloop
  endfacet
  facet normal 0 0 1
    outer loop
      vertex -3.19104 1.22728 1.2
      vertex -3.74049 1.60358 1.2
      vertex -3.80724 1.60962 1.2
    endloop
  endfacet
  facet normal 0 0 1
    outer loop
      vertex -3.45709 -1.28636 1.2
      vertex -4.61626 -0.839203 1.2
      vertex -3.50844 -1.31306 1.2
    endloop
  endfacet
  facet normal 0 0 1
    outer loop
      vertex -3.87721 1.61163 1.2
      vertex -3.14223 1.11946 1.2
      vertex -3.80724 1.60962 1.2
    endloop
  endfacet
  facet normal 0 0 1
    outer loop
      vertex -3.50844 -1.31306 1.2
      vertex -4.61626 -0.839203 1.2
      vertex -3.5619 -1.33566 1.2
    endloop
  endfacet
  facet normal -0 0 1
    outer loop
      vertex -4.5394 1.2424 1.2
      vertex -3.12221 1.06146 1.2
      vertex -3.87721 1.61163 1.2
    endloop
  endfacet
  facet normal 0 0 1
    outer loop
      vertex -3.5619 -1.33566 1.2
      vertex -4.61626 -0.839203 1.2
      vertex -3.61748 -1.35416 1.2
    endloop
  endfacet
  facet normal 0 0 1
    outer loop
      vertex -4.5394 1.2424 1.2
      vertex -3.87721 1.61163 1.2
      vertex -4.04497 1.59686 1.2
    endloop
  endfacet
  facet normal 0 0 1
    outer loop
      vertex -3.61748 -1.35416 1.2
      vertex -4.61626 -0.839203 1.2
      vertex -3.67519 -1.36853 1.2
    endloop
  endfacet
  facet normal 0 0 1
    outer loop
      vertex -4.44228 1.37532 1.2
      vertex -4.04497 1.59686 1.2
      vertex -4.19507 1.55257 1.2
    endloop
  endfacet
  facet normal 0 0 1
    outer loop
      vertex -3.67519 -1.36853 1.2
      vertex -4.61626 -0.839203 1.2
      vertex -3.73499 -1.37881 1.2
    endloop
  endfacet
  facet normal 0 0 1
    outer loop
      vertex -4.44228 1.37532 1.2
      vertex -4.19507 1.55257 1.2
      vertex -4.3275 1.47871 1.2
    endloop
  endfacet
  facet normal 0 0 1
    outer loop
      vertex -3.73499 -1.37881 1.2
      vertex -4.61626 -0.839203 1.2
      vertex -3.79692 -1.38498 1.2
    endloop
  endfacet
  facet normal 0 0 1
    outer loop
      vertex -4.04497 1.59686 1.2
      vertex -4.44228 1.37532 1.2
      vertex -4.5394 1.2424 1.2
    endloop
  endfacet
  facet normal -0 -0 1
    outer loop
      vertex -4.53532 -1.00659 1.2
      vertex -3.79692 -1.38498 1.2
      vertex -4.61626 -0.839203 1.2
    endloop
  endfacet
  facet normal 0 0 1
    outer loop
      vertex -3.12221 1.06146 1.2
      vertex -4.5394 1.2424 1.2
      vertex -4.61885 1.07993 1.2
    endloop
  endfacet
  facet normal 0 0 1
    outer loop
      vertex -3.79692 -1.38498 1.2
      vertex -4.53532 -1.00659 1.2
      vertex -3.86096 -1.38702 1.2
    endloop
  endfacet
  facet normal 0 0 1
    outer loop
      vertex -3.07976 0.871124 1.2
      vertex -4.61885 1.07993 1.2
      vertex -4.68066 0.887924 1.2
    endloop
  endfacet
  facet normal 0 0 1
    outer loop
      vertex -3.86096 -1.38702 1.2
      vertex -4.53532 -1.00659 1.2
      vertex -4.0318 -1.37181 1.2
    endloop
  endfacet
  facet normal 0 0 1
    outer loop
      vertex -3.07976 0.871124 1.2
      vertex -4.68066 0.887924 1.2
      vertex -4.72481 0.666382 1.2
    endloop
  endfacet
  facet normal 0 0 1
    outer loop
      vertex -4.0318 -1.37181 1.2
      vertex -4.43642 -1.14355 1.2
      vertex -4.18466 -1.32616 1.2
    endloop
  endfacet
  facet normal 0 0 1
    outer loop
      vertex -3.07976 0.871124 1.2
      vertex -4.72481 0.666382 1.2
      vertex -4.7513 0.415298 1.2
    endloop
  endfacet
  facet normal 0 0 1
    outer loop
      vertex -4.18466 -1.32616 1.2
      vertex -4.43642 -1.14355 1.2
      vertex -4.31953 -1.25008 1.2
    endloop
  endfacet
  facet normal 0 0 1
    outer loop
      vertex -3.07976 0.871124 1.2
      vertex -4.7513 0.415298 1.2
      vertex -4.76012 0.134674 1.2
    endloop
  endfacet
  facet normal -0 -0 1
    outer loop
      vertex -4.43642 -1.14355 1.2
      vertex -4.0318 -1.37181 1.2
      vertex -4.53532 -1.00659 1.2
    endloop
  endfacet
  facet normal 0 0 1
    outer loop
      vertex -18.7032 -0.184967 1.2
      vertex -18.7545 -0.757965 1.2
      vertex -18.7211 -0.472168 1.2
    endloop
  endfacet
  facet normal -0 0 1
    outer loop
      vertex -21.6617 1.34999 1.2
      vertex -18.7032 -0.184967 1.2
      vertex -21.5118 4.67961 1.2
    endloop
  endfacet
  facet normal -0 -0 1
    outer loop
      vertex -21.4628 0.923447 1.2
      vertex -18.7032 -0.184967 1.2
      vertex -21.553 1.14107 1.2
    endloop
  endfacet
  facet normal -0 -0 1
    outer loop
      vertex -21.392 0.698807 1.2
      vertex -18.7032 -0.184967 1.2
      vertex -21.4628 0.923447 1.2
    endloop
  endfacet
  facet normal -0 -0 1
    outer loop
      vertex -21.341 0.468842 1.2
      vertex -18.7032 -0.184967 1.2
      vertex -21.392 0.698807 1.2
    endloop
  endfacet
  facet normal -0 -0 1
    outer loop
      vertex -21.3 0 1.2
      vertex -18.7032 -0.184967 1.2
      vertex -21.3103 0.235306 1.2
    endloop
  endfacet
  facet normal 0 0 1
    outer loop
      vertex -21.3103 -0.235306 1.2
      vertex -18.7032 -0.184967 1.2
      vertex -21.3 0 1.2
    endloop
  endfacet
  facet normal 0 0 1
    outer loop
      vertex -18.7032 -0.184967 1.2
      vertex -21.3103 -0.235306 1.2
      vertex -18.7545 -0.757965 1.2
    endloop
  endfacet
  facet normal 0 0 1
    outer loop
      vertex -18.7545 -0.757965 1.2
      vertex -21.341 -0.468842 1.2
      vertex -18.8034 -1.04153 1.2
    endloop
  endfacet
  facet normal -0 0 1
    outer loop
      vertex -21.392 -0.698807 1.2
      vertex -18.8034 -1.04153 1.2
      vertex -21.341 -0.468842 1.2
    endloop
  endfacet
  facet normal -0 0 1
    outer loop
      vertex -21.4628 -0.923447 1.2
      vertex -18.9469 -1.59863 1.2
      vertex -21.392 -0.698807 1.2
    endloop
  endfacet
  facet normal 0 0 1
    outer loop
      vertex -18.9469 -1.59863 1.2
      vertex -21.4628 -0.923447 1.2
      vertex -19.0411 -1.87051 1.2
    endloop
  endfacet
  facet normal -0 0 1
    outer loop
      vertex -21.553 -1.14107 1.2
      vertex -19.1499 -2.1369 1.2
      vertex -21.4628 -0.923447 1.2
    endloop
  endfacet
  facet normal 0 0 1
    outer loop
      vertex -19.1499 -2.1369 1.2
      vertex -21.553 -1.14107 1.2
      vertex -19.273 -2.39697 1.2
    endloop
  endfacet
  facet normal -0 0 1
    outer loop
      vertex -21.6617 -1.34999 1.2
      vertex -19.273 -2.39697 1.2
      vertex -21.553 -1.14107 1.2
    endloop
  endfacet
  facet normal 0 0 1
    outer loop
      vertex -19.4101 -2.64999 1.2
      vertex -21.6617 -1.34999 1.2
      vertex -19.5607 -2.89519 1.2
    endloop
  endfacet
  facet normal -0 0 1
    outer loop
      vertex -21.7883 -1.54865 1.2
      vertex -19.5607 -2.89519 1.2
      vertex -21.6617 -1.34999 1.2
    endloop
  endfacet
  facet normal 0 0 1
    outer loop
      vertex -19.5607 -2.89519 1.2
      vertex -21.7883 -1.54865 1.2
      vertex -19.7243 -3.13185 1.2
    endloop
  endfacet
  facet normal 0 0 1
    outer loop
      vertex -19.273 -2.39697 1.2
      vertex -21.6617 -1.34999 1.2
      vertex -19.4101 -2.64999 1.2
    endloop
  endfacet
  facet normal 0 0 1
    outer loop
      vertex -19.0411 -1.87051 1.2
      vertex -21.4628 -0.923447 1.2
      vertex -19.1499 -2.1369 1.2
    endloop
  endfacet
  facet normal 0 0 1
    outer loop
      vertex -18.8675 -1.32204 1.2
      vertex -21.392 -0.698807 1.2
      vertex -18.9469 -1.59863 1.2
    endloop
  endfacet
  facet normal 0 0 1
    outer loop
      vertex -18.8034 -1.04153 1.2
      vertex -21.392 -0.698807 1.2
      vertex -18.8675 -1.32204 1.2
    endloop
  endfacet
  facet normal -0 0 1
    outer loop
      vertex -21.341 -0.468842 1.2
      vertex -18.7545 -0.757965 1.2
      vertex -21.3103 -0.235306 1.2
    endloop
  endfacet
  facet normal -0 -0 1
    outer loop
      vertex -21.3103 0.235306 1.2
      vertex -18.7032 -0.184967 1.2
      vertex -21.341 0.468842 1.2
    endloop
  endfacet
  facet normal 0 0 1
    outer loop
      vertex -18.7032 -0.184967 1.2
      vertex -21.6617 1.34999 1.2
      vertex -21.553 1.14107 1.2
    endloop
  endfacet
  facet normal 0 0 1
    outer loop
      vertex -22.8589 2.44702 1.2
      vertex -21.5118 4.67961 1.2
      vertex -21.7695 4.80775 1.2
    endloop
  endfacet
  facet normal 0 0 1
    outer loop
      vertex -21.5118 4.67961 1.2
      vertex -21.7883 1.54865 1.2
      vertex -21.6617 1.34999 1.2
    endloop
  endfacet
  facet normal 0 0 1
    outer loop
      vertex -21.5118 4.67961 1.2
      vertex -21.9317 1.73552 1.2
      vertex -21.7883 1.54865 1.2
    endloop
  endfacet
  facet normal 0 0 1
    outer loop
      vertex -22.8589 2.44702 1.2
      vertex -21.7695 4.80775 1.2
      vertex -22.0337 4.92174 1.2
    endloop
  endfacet
  facet normal 0 0 1
    outer loop
      vertex -21.5118 4.67961 1.2
      vertex -22.0908 1.90918 1.2
      vertex -21.9317 1.73552 1.2
    endloop
  endfacet
  facet normal 0 0 1
    outer loop
      vertex -21.5118 4.67961 1.2
      vertex -22.2645 2.06831 1.2
      vertex -22.0908 1.90918 1.2
    endloop
  endfacet
  facet normal 0 0 1
    outer loop
      vertex -23.0766 2.53716 1.2
      vertex -22.0337 4.92174 1.2
      vertex -22.3037 5.02119 1.2
    endloop
  endfacet
  facet normal 0 0 1
    outer loop
      vertex -21.5118 4.67961 1.2
      vertex -22.4514 2.2117 1.2
      vertex -22.2645 2.06831 1.2
    endloop
  endfacet
  facet normal 0 0 1
    outer loop
      vertex -23.3012 2.60799 1.2
      vertex -22.3037 5.02119 1.2
      vertex -22.5787 5.10587 1.2
    endloop
  endfacet
  facet normal 0 0 1
    outer loop
      vertex -21.5118 4.67961 1.2
      vertex -22.65 2.33826 1.2
      vertex -22.4514 2.2117 1.2
    endloop
  endfacet
  facet normal 0 0 1
    outer loop
      vertex -23.3012 2.60799 1.2
      vertex -22.5787 5.10587 1.2
      vertex -22.8579 5.17548 1.2
    endloop
  endfacet
  facet normal 0 0 1
    outer loop
      vertex -21.5118 4.67961 1.2
      vertex -22.8589 2.44702 1.2
      vertex -22.65 2.33826 1.2
    endloop
  endfacet
  facet normal 0 0 1
    outer loop
      vertex -22.0337 4.92174 1.2
      vertex -23.0766 2.53716 1.2
      vertex -22.8589 2.44702 1.2
    endloop
  endfacet
  facet normal 0 0 1
    outer loop
      vertex -23.5312 2.65897 1.2
      vertex -22.8579 5.17548 1.2
      vertex -23.1405 5.22983 1.2
    endloop
  endfacet
  facet normal 0 0 1
    outer loop
      vertex -22.3037 5.02119 1.2
      vertex -23.3012 2.60799 1.2
      vertex -23.0766 2.53716 1.2
    endloop
  endfacet
  facet normal 0 0 1
    outer loop
      vertex -23.5312 2.65897 1.2
      vertex -23.1405 5.22983 1.2
      vertex -23.4256 5.26877 1.2
    endloop
  endfacet
  facet normal 0 0 1
    outer loop
      vertex -22.8579 5.17548 1.2
      vertex -23.5312 2.65897 1.2
      vertex -23.3012 2.60799 1.2
    endloop
  endfacet
  facet normal 0 0 1
    outer loop
      vertex -23.7647 2.68971 1.2
      vertex -23.4256 5.26877 1.2
      vertex -23.7124 5.29218 1.2
    endloop
  endfacet
  facet normal 0 0 1
    outer loop
      vertex -23.4256 5.26877 1.2
      vertex -23.7647 2.68971 1.2
      vertex -23.5312 2.65897 1.2
    endloop
  endfacet
  facet normal 0 0 1
    outer loop
      vertex -24 2.7 1.2
      vertex -23.7124 5.29218 1.2
      vertex -24 5.29999 1.2
    endloop
  endfacet
  facet normal 0 0 1
    outer loop
      vertex -23.7124 5.29218 1.2
      vertex -24 2.7 1.2
      vertex -23.7647 2.68971 1.2
    endloop
  endfacet
  facet normal -0 0 1
    outer loop
      vertex -24.2876 5.29218 1.2
      vertex -24 2.7 1.2
      vertex -24 5.29999 1.2
    endloop
  endfacet
  facet normal 0 0 1
    outer loop
      vertex -24 2.7 1.2
      vertex -24.2876 5.29218 1.2
      vertex -24.2353 2.68971 1.2
    endloop
  endfacet
  facet normal -0 0 1
    outer loop
      vertex -24.5744 5.26877 1.2
      vertex -24.2353 2.68971 1.2
      vertex -24.2876 5.29218 1.2
    endloop
  endfacet
  facet normal 0 0 1
    outer loop
      vertex -24.2353 2.68971 1.2
      vertex -24.5744 5.26877 1.2
      vertex -24.4688 2.65897 1.2
    endloop
  endfacet
  facet normal -0 0 1
    outer loop
      vertex -24.8595 5.22983 1.2
      vertex -24.4688 2.65897 1.2
      vertex -24.5744 5.26877 1.2
    endloop
  endfacet
  facet normal -0 0 1
    outer loop
      vertex -25.1421 5.17548 1.2
      vertex -24.4688 2.65897 1.2
      vertex -24.8595 5.22983 1.2
    endloop
  endfacet
  facet normal 0 0 1
    outer loop
      vertex -24.4688 2.65897 1.2
      vertex -25.1421 5.17548 1.2
      vertex -24.6988 2.60799 1.2
    endloop
  endfacet
  facet normal -0 0 1
    outer loop
      vertex -25.4213 5.10587 1.2
      vertex -24.6988 2.60799 1.2
      vertex -25.1421 5.17548 1.2
    endloop
  endfacet
  facet normal -0 0 1
    outer loop
      vertex -25.6963 5.02119 1.2
      vertex -24.6988 2.60799 1.2
      vertex -25.4213 5.10587 1.2
    endloop
  endfacet
  facet normal 0 0 1
    outer loop
      vertex -24.6988 2.60799 1.2
      vertex -25.6963 5.02119 1.2
      vertex -24.9234 2.53716 1.2
    endloop
  endfacet
  facet normal -0 0 1
    outer loop
      vertex -25.9663 4.92174 1.2
      vertex -24.9234 2.53716 1.2
      vertex -25.6963 5.02119 1.2
    endloop
  endfacet
  facet normal 0 0 1
    outer loop
      vertex -24.9234 2.53716 1.2
      vertex -25.9663 4.92174 1.2
      vertex -25.1411 2.44702 1.2
    endloop
  endfacet
  facet normal -0 0 1
    outer loop
      vertex -26.2305 4.80775 1.2
      vertex -25.1411 2.44702 1.2
      vertex -25.9663 4.92174 1.2
    endloop
  endfacet
  facet normal -0 0 1
    outer loop
      vertex -26.4882 4.67961 1.2
      vertex -25.1411 2.44702 1.2
      vertex -26.2305 4.80775 1.2
    endloop
  endfacet
  facet normal 0 0 1
    outer loop
      vertex -25.1411 2.44702 1.2
      vertex -26.4882 4.67961 1.2
      vertex -25.35 2.33826 1.2
    endloop
  endfacet
  facet normal 0 0 1
    outer loop
      vertex -25.35 2.33826 1.2
      vertex -26.4882 4.67961 1.2
      vertex -25.5486 2.2117 1.2
    endloop
  endfacet
  facet normal 0 0 1
    outer loop
      vertex -25.5486 2.2117 1.2
      vertex -26.4882 4.67961 1.2
      vertex -25.7355 2.06831 1.2
    endloop
  endfacet
  facet normal 0 0 1
    outer loop
      vertex -25.7355 2.06831 1.2
      vertex -26.4882 4.67961 1.2
      vertex -25.9092 1.90918 1.2
    endloop
  endfacet
  facet normal 0 0 1
    outer loop
      vertex -25.9092 1.90918 1.2
      vertex -26.4882 4.67961 1.2
      vertex -26.0683 1.73552 1.2
    endloop
  endfacet
  facet normal 0 0 1
    outer loop
      vertex -26.0683 1.73552 1.2
      vertex -26.4882 4.67961 1.2
      vertex -26.2117 1.54865 1.2
    endloop
  endfacet
  facet normal 0 0 1
    outer loop
      vertex -26.2117 1.54865 1.2
      vertex -26.4882 4.67961 1.2
      vertex -26.3383 1.34999 1.2
    endloop
  endfacet
  facet normal 0 0 1
    outer loop
      vertex -29.2968 -0.184967 1.2
      vertex -26.3383 1.34999 1.2
      vertex -26.4882 4.67961 1.2
    endloop
  endfacet
  facet normal 0 0 1
    outer loop
      vertex -26.3383 1.34999 1.2
      vertex -29.2968 -0.184967 1.2
      vertex -26.447 1.14107 1.2
    endloop
  endfacet
  facet normal 0 0 1
    outer loop
      vertex -26.447 1.14107 1.2
      vertex -29.2968 -0.184967 1.2
      vertex -26.5372 0.923447 1.2
    endloop
  endfacet
  facet normal 0 0 1
    outer loop
      vertex -26.5372 0.923447 1.2
      vertex -29.2968 -0.184967 1.2
      vertex -26.608 0.698807 1.2
    endloop
  endfacet
  facet normal 0 0 1
    outer loop
      vertex -26.608 0.698807 1.2
      vertex -29.2968 -0.184967 1.2
      vertex -26.659 0.468842 1.2
    endloop
  endfacet
  facet normal 0 0 1
    outer loop
      vertex -25.5486 -2.2117 1.2
      vertex -27.0484 -4.33557 1.2
      vertex -26.8086 -4.49463 1.2
    endloop
  endfacet
  facet normal 0 0 1
    outer loop
      vertex -29.2968 -0.184967 1.2
      vertex -26.7 0 1.2
      vertex -26.6897 0.235306 1.2
    endloop
  endfacet
  facet normal 0 0 1
    outer loop
      vertex -26.659 0.468842 1.2
      vertex -29.2968 -0.184967 1.2
      vertex -26.6897 0.235306 1.2
    endloop
  endfacet
  facet normal 0 0 1
    outer loop
      vertex -26.6897 -0.235306 1.2
      vertex -27.2792 -4.16376 1.2
      vertex -27.0484 -4.33557 1.2
    endloop
  endfacet
  facet normal 0 0 1
    outer loop
      vertex -26.6897 -0.235306 1.2
      vertex -27.5003 -3.97964 1.2
      vertex -27.2792 -4.16376 1.2
    endloop
  endfacet
  facet normal 0 0 1
    outer loop
      vertex -26.6897 -0.235306 1.2
      vertex -27.7112 -3.78381 1.2
      vertex -27.5003 -3.97964 1.2
    endloop
  endfacet
  facet normal 0 0 1
    outer loop
      vertex -26.6897 -0.235306 1.2
      vertex -27.911 -3.57683 1.2
      vertex -27.7112 -3.78381 1.2
    endloop
  endfacet
  facet normal 0 0 1
    outer loop
      vertex -26.6897 -0.235306 1.2
      vertex -28.0994 -3.3593 1.2
      vertex -27.911 -3.57683 1.2
    endloop
  endfacet
  facet normal 0 0 1
    outer loop
      vertex -26.6897 -0.235306 1.2
      vertex -28.2757 -3.13185 1.2
      vertex -28.0994 -3.3593 1.2
    endloop
  endfacet
  facet normal 0 0 1
    outer loop
      vertex -26.6897 -0.235306 1.2
      vertex -28.4393 -2.89519 1.2
      vertex -28.2757 -3.13185 1.2
    endloop
  endfacet
  facet normal 0 0 1
    outer loop
      vertex -26.6897 -0.235306 1.2
      vertex -28.5899 -2.64999 1.2
      vertex -28.4393 -2.89519 1.2
    endloop
  endfacet
  facet normal 0 0 1
    outer loop
      vertex -26.6897 -0.235306 1.2
      vertex -28.727 -2.39697 1.2
      vertex -28.5899 -2.64999 1.2
    endloop
  endfacet
  facet normal 0 0 1
    outer loop
      vertex -26.6897 -0.235306 1.2
      vertex -28.8501 -2.1369 1.2
      vertex -28.727 -2.39697 1.2
    endloop
  endfacet
  facet normal 0 0 1
    outer loop
      vertex -26.6897 -0.235306 1.2
      vertex -28.9589 -1.87051 1.2
      vertex -28.8501 -2.1369 1.2
    endloop
  endfacet
  facet normal 0 0 1
    outer loop
      vertex -26.6897 -0.235306 1.2
      vertex -29.0531 -1.59863 1.2
      vertex -28.9589 -1.87051 1.2
    endloop
  endfacet
  facet normal 0 0 1
    outer loop
      vertex -26.6897 -0.235306 1.2
      vertex -29.1325 -1.32204 1.2
      vertex -29.0531 -1.59863 1.2
    endloop
  endfacet
  facet normal 0 0 1
    outer loop
      vertex -26.6897 -0.235306 1.2
      vertex -29.1966 -1.04153 1.2
      vertex -29.1325 -1.32204 1.2
    endloop
  endfacet
  facet normal 0 0 1
    outer loop
      vertex -26.6897 -0.235306 1.2
      vertex -29.2455 -0.757965 1.2
      vertex -29.1966 -1.04153 1.2
    endloop
  endfacet
  facet normal 0 0 1
    outer loop
      vertex -29.2968 -0.184967 1.2
      vertex -26.4882 4.67961 1.2
      vertex -29.2581 9.88901 1.2
    endloop
  endfacet
  facet normal 0 0 1
    outer loop
      vertex -26.6897 -0.235306 1.2
      vertex -29.2968 -0.184967 1.2
      vertex -29.2789 -0.472168 1.2
    endloop
  endfacet
  facet normal 0 0 1
    outer loop
      vertex 25.1985 0.163788 1.2
      vertex 25.9618 1.28206 1.2
      vertex 25.9617 1.35327 1.2
    endloop
  endfacet
  facet normal 0 0 1
    outer loop
      vertex 37.8 12 1.2
      vertex 39 10.8 1.2
      vertex 38.9954 10.9046 1.2
    endloop
  endfacet
  facet normal 0 0 1
    outer loop
      vertex 39 10.8 1.2
      vertex 28.4966 1.38376 1.2
      vertex 39 -10.8 1.2
    endloop
  endfacet
  facet normal 0 0 1
    outer loop
      vertex 37.8 12 1.2
      vertex 38.9954 10.9046 1.2
      vertex 38.9818 11.0084 1.2
    endloop
  endfacet
  facet normal -0 0 1
    outer loop
      vertex 27.1051 -2.08687 1.2
      vertex 39 -10.8 1.2
      vertex 28.4966 1.38376 1.2
    endloop
  endfacet
  facet normal 0 0 1
    outer loop
      vertex 37.8 12 1.2
      vertex 38.9818 11.0084 1.2
      vertex 38.9591 11.1106 1.2
    endloop
  endfacet
  facet normal 0 -0 1
    outer loop
      vertex 37.8 -12 1.2
      vertex 39 -10.8 1.2
      vertex 27.1051 -2.08687 1.2
    endloop
  endfacet
  facet normal 0 0 1
    outer loop
      vertex 37.8 12 1.2
      vertex 38.9591 11.1106 1.2
      vertex 38.9276 11.2104 1.2
    endloop
  endfacet
  facet normal 0 0 1
    outer loop
      vertex 39 -10.8 1.2
      vertex 37.8 -12 1.2
      vertex 38.9954 -10.9046 1.2
    endloop
  endfacet
  facet normal 0 0 1
    outer loop
      vertex 37.8 12 1.2
      vertex 38.9276 11.2104 1.2
      vertex 38.8876 11.3071 1.2
    endloop
  endfacet
  facet normal 0 0 1
    outer loop
      vertex 38.9954 -10.9046 1.2
      vertex 37.8 -12 1.2
      vertex 38.9818 -11.0084 1.2
    endloop
  endfacet
  facet normal 0 0 1
    outer loop
      vertex 37.8 12 1.2
      vertex 38.8876 11.3071 1.2
      vertex 38.8392 11.4 1.2
    endloop
  endfacet
  facet normal 0 0 1
    outer loop
      vertex 38.9818 -11.0084 1.2
      vertex 37.8 -12 1.2
      vertex 38.9591 -11.1106 1.2
    endloop
  endfacet
  facet normal 0 0 1
    outer loop
      vertex 37.8 12 1.2
      vertex 38.8392 11.4 1.2
      vertex 38.783 11.4883 1.2
    endloop
  endfacet
  facet normal 0 0 1
    outer loop
      vertex 38.9591 -11.1106 1.2
      vertex 37.8 -12 1.2
      vertex 38.9276 -11.2104 1.2
    endloop
  endfacet
  facet normal 0 0 1
    outer loop
      vertex 37.8 12 1.2
      vertex 38.783 11.4883 1.2
      vertex 38.7192 11.5713 1.2
    endloop
  endfacet
  facet normal 0 0 1
    outer loop
      vertex 38.9276 -11.2104 1.2
      vertex 37.8 -12 1.2
      vertex 38.8876 -11.3071 1.2
    endloop
  endfacet
  facet normal 0 0 1
    outer loop
      vertex 37.8 12 1.2
      vertex 38.7192 11.5713 1.2
      vertex 38.6485 11.6485 1.2
    endloop
  endfacet
  facet normal 0 0 1
    outer loop
      vertex 38.8876 -11.3071 1.2
      vertex 37.8 -12 1.2
      vertex 38.8392 -11.4 1.2
    endloop
  endfacet
  facet normal 0 0 1
    outer loop
      vertex 37.8 12 1.2
      vertex 38.6485 11.6485 1.2
      vertex 38.5713 11.7192 1.2
    endloop
  endfacet
  facet normal 0 0 1
    outer loop
      vertex 38.8392 -11.4 1.2
      vertex 37.8 -12 1.2
      vertex 38.783 -11.4883 1.2
    endloop
  endfacet
  facet normal 0 0 1
    outer loop
      vertex 37.8 12 1.2
      vertex 38.5713 11.7192 1.2
      vertex 38.4883 11.783 1.2
    endloop
  endfacet
  facet normal 0 0 1
    outer loop
      vertex 38.783 -11.4883 1.2
      vertex 37.8 -12 1.2
      vertex 38.7192 -11.5713 1.2
    endloop
  endfacet
  facet normal 0 0 1
    outer loop
      vertex 37.8 12 1.2
      vertex 38.4883 11.783 1.2
      vertex 38.4 11.8392 1.2
    endloop
  endfacet
  facet normal 0 0 1
    outer loop
      vertex 38.7192 -11.5713 1.2
      vertex 37.8 -12 1.2
      vertex 38.6485 -11.6485 1.2
    endloop
  endfacet
  facet normal 0 0 1
    outer loop
      vertex 37.8 12 1.2
      vertex 38.4 11.8392 1.2
      vertex 38.3071 11.8876 1.2
    endloop
  endfacet
  facet normal 0 0 1
    outer loop
      vertex 38.6485 -11.6485 1.2
      vertex 37.8 -12 1.2
      vertex 38.5713 -11.7192 1.2
    endloop
  endfacet
  facet normal 0 0 1
    outer loop
      vertex 37.8 12 1.2
      vertex 38.3071 11.8876 1.2
      vertex 38.2104 11.9276 1.2
    endloop
  endfacet
  facet normal 0 0 1
    outer loop
      vertex 38.4883 -11.783 1.2
      vertex 37.8 -12 1.2
      vertex 38.4 -11.8392 1.2
    endloop
  endfacet
  facet normal 0 0 1
    outer loop
      vertex 37.8 12 1.2
      vertex 38.2104 11.9276 1.2
      vertex 38.1106 11.9591 1.2
    endloop
  endfacet
  facet normal 0 0 1
    outer loop
      vertex 38.4 -11.8392 1.2
      vertex 37.8 -12 1.2
      vertex 38.3071 -11.8876 1.2
    endloop
  endfacet
  facet normal 0 0 1
    outer loop
      vertex 37.8 12 1.2
      vertex 38.1106 11.9591 1.2
      vertex 38.0084 11.9818 1.2
    endloop
  endfacet
  facet normal 0 0 1
    outer loop
      vertex 38.3071 -11.8876 1.2
      vertex 37.8 -12 1.2
      vertex 38.2104 -11.9276 1.2
    endloop
  endfacet
  facet normal 0 0 1
    outer loop
      vertex 37.8 12 1.2
      vertex 38.0084 11.9818 1.2
      vertex 37.9046 11.9954 1.2
    endloop
  endfacet
  facet normal 0 0 1
    outer loop
      vertex 38.2104 -11.9276 1.2
      vertex 37.8 -12 1.2
      vertex 38.1106 -11.9591 1.2
    endloop
  endfacet
  facet normal 0 0 1
    outer loop
      vertex 39 10.8 1.2
      vertex 37.8 12 1.2
      vertex 28.4966 2.33992 1.2
    endloop
  endfacet
  facet normal 0 0 1
    outer loop
      vertex 38.1106 -11.9591 1.2
      vertex 37.8 -12 1.2
      vertex 38.0084 -11.9818 1.2
    endloop
  endfacet
  facet normal 0 0 1
    outer loop
      vertex 39 10.8 1.2
      vertex 28.4966 2.33992 1.2
      vertex 28.4966 1.38376 1.2
    endloop
  endfacet
  facet normal 0 0 1
    outer loop
      vertex 37.8 12 1.2
      vertex 28.4689 2.35152 1.2
      vertex 28.4966 2.33992 1.2
    endloop
  endfacet
  facet normal 0 0 1
    outer loop
      vertex 37.8 12 1.2
      vertex 28.4395 2.36188 1.2
      vertex 28.4689 2.35152 1.2
    endloop
  endfacet
  facet normal 0 0 1
    outer loop
      vertex 37.8 12 1.2
      vertex 28.4084 2.37103 1.2
      vertex 28.4395 2.36188 1.2
    endloop
  endfacet
  facet normal 0 0 1
    outer loop
      vertex 37.8 12 1.2
      vertex 28.3755 2.37897 1.2
      vertex 28.4084 2.37103 1.2
    endloop
  endfacet
  facet normal 0 0 1
    outer loop
      vertex 37.8 12 1.2
      vertex 28.341 2.38568 1.2
      vertex 28.3755 2.37897 1.2
    endloop
  endfacet
  facet normal 0 0 1
    outer loop
      vertex 37.8 12 1.2
      vertex 28.3047 2.39117 1.2
      vertex 28.341 2.38568 1.2
    endloop
  endfacet
  facet normal 0 0 1
    outer loop
      vertex 37.8 12 1.2
      vertex 28.2668 2.39545 1.2
      vertex 28.3047 2.39117 1.2
    endloop
  endfacet
  facet normal 0 0 1
    outer loop
      vertex 37.8 12 1.2
      vertex 28.2271 2.3985 1.2
      vertex 28.2668 2.39545 1.2
    endloop
  endfacet
  facet normal 0 0 1
    outer loop
      vertex 37.8 12 1.2
      vertex 28.1857 2.40033 1.2
      vertex 28.2271 2.3985 1.2
    endloop
  endfacet
  facet normal 0 0 1
    outer loop
      vertex 37.8 12 1.2
      vertex 28.1426 2.40094 1.2
      vertex 28.1857 2.40033 1.2
    endloop
  endfacet
  facet normal 0 0 1
    outer loop
      vertex 37.8 12 1.2
      vertex 28.0898 2.40002 1.2
      vertex 28.1426 2.40094 1.2
    endloop
  endfacet
  facet normal 0 0 1
    outer loop
      vertex 37.8 12 1.2
      vertex 28.0388 2.39728 1.2
      vertex 28.0898 2.40002 1.2
    endloop
  endfacet
  facet normal 0 0 1
    outer loop
      vertex 37.8 12 1.2
      vertex 27.9896 2.3927 1.2
      vertex 28.0388 2.39728 1.2
    endloop
  endfacet
  facet normal 0 0 1
    outer loop
      vertex 27.0196 2.31549 1.2
      vertex 27.9896 2.3927 1.2
      vertex 37.8 12 1.2
    endloop
  endfacet
  facet normal 0 0 1
    outer loop
      vertex 27.9896 2.3927 1.2
      vertex 27.0196 2.31549 1.2
      vertex 27.9421 2.38629 1.2
    endloop
  endfacet
  facet normal 0 0 1
    outer loop
      vertex 27.9421 2.38629 1.2
      vertex 27.0196 2.31549 1.2
      vertex 27.8965 2.37805 1.2
    endloop
  endfacet
  facet normal 0 0 1
    outer loop
      vertex 27.8965 2.37805 1.2
      vertex 27.0196 2.31549 1.2
      vertex 27.8526 2.36798 1.2
    endloop
  endfacet
  facet normal 0 0 1
    outer loop
      vertex 27.8526 2.36798 1.2
      vertex 27.0196 2.31549 1.2
      vertex 27.8105 2.35608 1.2
    endloop
  endfacet
  facet normal 0 0 1
    outer loop
      vertex 27.8105 2.35608 1.2
      vertex 27.0196 2.31549 1.2
      vertex 27.7702 2.34235 1.2
    endloop
  endfacet
  facet normal 0 0 1
    outer loop
      vertex 27.7702 2.34235 1.2
      vertex 27.0196 2.31549 1.2
      vertex 27.7318 2.32677 1.2
    endloop
  endfacet
  facet normal 0 0 1
    outer loop
      vertex 27.7318 2.32677 1.2
      vertex 27.0196 2.31549 1.2
      vertex 27.695 2.30937 1.2
    endloop
  endfacet
  facet normal 0 0 1
    outer loop
      vertex 27.695 2.30937 1.2
      vertex 27.0196 2.31549 1.2
      vertex 27.6597 2.2901 1.2
    endloop
  endfacet
  facet normal 0 0 1
    outer loop
      vertex 27.6597 2.2901 1.2
      vertex 27.0196 2.31549 1.2
      vertex 27.6254 2.26888 1.2
    endloop
  endfacet
  facet normal 0 0 1
    outer loop
      vertex 27.6254 2.26888 1.2
      vertex 27.0196 2.31549 1.2
      vertex 27.592 2.24568 1.2
    endloop
  endfacet
  facet normal 0 0 1
    outer loop
      vertex 27.592 2.24568 1.2
      vertex 27.0196 2.31549 1.2
      vertex 27.5597 2.22054 1.2
    endloop
  endfacet
  facet normal 0 0 1
    outer loop
      vertex 27.5597 2.22054 1.2
      vertex 27.0196 2.31549 1.2
      vertex 27.5283 2.19344 1.2
    endloop
  endfacet
  facet normal -0 0 1
    outer loop
      vertex 27.0723 1.40253 1.2
      vertex 27.0888 1.3756 1.2
      vertex 27.1218 1.46562 1.2
    endloop
  endfacet
  facet normal -0 0 1
    outer loop
      vertex 27.0693 1.51331 1.2
      vertex 27.1218 1.46562 1.2
      vertex 27.1541 1.55016 1.2
    endloop
  endfacet
  facet normal -0 0 1
    outer loop
      vertex 27.0652 1.61218 1.2
      vertex 27.1541 1.55016 1.2
      vertex 27.1856 1.6292 1.2
    endloop
  endfacet
  facet normal -0 0 1
    outer loop
      vertex 27.0626 1.66913 1.2
      vertex 27.1856 1.6292 1.2
      vertex 27.2164 1.70274 1.2
    endloop
  endfacet
  facet normal 0 0 1
    outer loop
      vertex 27.0888 1.3756 1.2
      vertex 27.0723 1.40253 1.2
      vertex 27.0725 1.3756 1.2
    endloop
  endfacet
  facet normal 0 0 1
    outer loop
      vertex 27.0561 1.79803 1.2
      vertex 27.2164 1.70274 1.2
      vertex 27.2465 1.77078 1.2
    endloop
  endfacet
  facet normal 0 0 1
    outer loop
      vertex 27.0522 1.87 1.2
      vertex 27.2465 1.77078 1.2
      vertex 27.2758 1.83334 1.2
    endloop
  endfacet
  facet normal 0 0 1
    outer loop
      vertex 27.1218 1.46562 1.2
      vertex 27.0717 1.43445 1.2
      vertex 27.0723 1.40253 1.2
    endloop
  endfacet
  facet normal 0 0 1
    outer loop
      vertex 27.0482 1.94147 1.2
      vertex 27.2758 1.83334 1.2
      vertex 27.3044 1.89041 1.2
    endloop
  endfacet
  facet normal 0 0 1
    outer loop
      vertex 27.1218 1.46562 1.2
      vertex 27.0707 1.47137 1.2
      vertex 27.0717 1.43445 1.2
    endloop
  endfacet
  facet normal 0 0 1
    outer loop
      vertex 27.0444 2.00696 1.2
      vertex 27.3044 1.89041 1.2
      vertex 27.3323 1.94197 1.2
    endloop
  endfacet
  facet normal 0 0 1
    outer loop
      vertex 27.1218 1.46562 1.2
      vertex 27.0693 1.51331 1.2
      vertex 27.0707 1.47137 1.2
    endloop
  endfacet
  facet normal 0 0 1
    outer loop
      vertex 27.0444 2.00696 1.2
      vertex 27.3323 1.94197 1.2
      vertex 27.3595 1.98805 1.2
    endloop
  endfacet
  facet normal 0 0 1
    outer loop
      vertex 27.1541 1.55016 1.2
      vertex 27.0675 1.56024 1.2
      vertex 27.0693 1.51331 1.2
    endloop
  endfacet
  facet normal 0 0 1
    outer loop
      vertex 27.0372 2.11998 1.2
      vertex 27.3595 1.98805 1.2
      vertex 27.3859 2.02864 1.2
    endloop
  endfacet
  facet normal 0 0 1
    outer loop
      vertex 27.1541 1.55016 1.2
      vertex 27.0652 1.61218 1.2
      vertex 27.0675 1.56024 1.2
    endloop
  endfacet
  facet normal 0 0 1
    outer loop
      vertex 27.0339 2.16753 1.2
      vertex 27.3859 2.02864 1.2
      vertex 27.4124 2.06551 1.2
    endloop
  endfacet
  facet normal 0 0 1
    outer loop
      vertex 27.1856 1.6292 1.2
      vertex 27.0626 1.66913 1.2
      vertex 27.0652 1.61218 1.2
    endloop
  endfacet
  facet normal 0 0 1
    outer loop
      vertex 27.0307 2.20908 1.2
      vertex 27.4124 2.06551 1.2
      vertex 27.4399 2.10042 1.2
    endloop
  endfacet
  facet normal 0 0 1
    outer loop
      vertex 27.0277 2.24466 1.2
      vertex 27.4399 2.10042 1.2
      vertex 27.4684 2.13339 1.2
    endloop
  endfacet
  facet normal 0 0 1
    outer loop
      vertex 27.2164 1.70274 1.2
      vertex 27.0595 1.73108 1.2
      vertex 27.0626 1.66913 1.2
    endloop
  endfacet
  facet normal 0 0 1
    outer loop
      vertex 27.0222 2.29787 1.2
      vertex 27.4684 2.13339 1.2
      vertex 27.4978 2.1644 1.2
    endloop
  endfacet
  facet normal 0 0 1
    outer loop
      vertex 27.2164 1.70274 1.2
      vertex 27.0561 1.79803 1.2
      vertex 27.0595 1.73108 1.2
    endloop
  endfacet
  facet normal 0 0 1
    outer loop
      vertex 27.5283 2.19344 1.2
      vertex 27.0196 2.31549 1.2
      vertex 27.4978 2.1644 1.2
    endloop
  endfacet
  facet normal 0 0 1
    outer loop
      vertex 27.2465 1.77078 1.2
      vertex 27.0522 1.87 1.2
      vertex 27.0561 1.79803 1.2
    endloop
  endfacet
  facet normal 0 0 1
    outer loop
      vertex 27.2758 1.83334 1.2
      vertex 27.0482 1.94147 1.2
      vertex 27.0522 1.87 1.2
    endloop
  endfacet
  facet normal 0 0 1
    outer loop
      vertex 27.3044 1.89041 1.2
      vertex 27.0444 2.00696 1.2
      vertex 27.0482 1.94147 1.2
    endloop
  endfacet
  facet normal 0 0 1
    outer loop
      vertex 27.3595 1.98805 1.2
      vertex 27.0407 2.06645 1.2
      vertex 27.0444 2.00696 1.2
    endloop
  endfacet
  facet normal 0 0 1
    outer loop
      vertex 27.3595 1.98805 1.2
      vertex 27.0372 2.11998 1.2
      vertex 27.0407 2.06645 1.2
    endloop
  endfacet
  facet normal 0 0 1
    outer loop
      vertex 27.3859 2.02864 1.2
      vertex 27.0339 2.16753 1.2
      vertex 27.0372 2.11998 1.2
    endloop
  endfacet
  facet normal 0 0 1
    outer loop
      vertex 27.4124 2.06551 1.2
      vertex 27.0307 2.20908 1.2
      vertex 27.0339 2.16753 1.2
    endloop
  endfacet
  facet normal 0 0 1
    outer loop
      vertex 27.4399 2.10042 1.2
      vertex 27.0277 2.24466 1.2
      vertex 27.0307 2.20908 1.2
    endloop
  endfacet
  facet normal 0 0 1
    outer loop
      vertex 27.4684 2.13339 1.2
      vertex 27.0248 2.27425 1.2
      vertex 27.0277 2.24466 1.2
    endloop
  endfacet
  facet normal 0 0 1
    outer loop
      vertex 27.4684 2.13339 1.2
      vertex 27.0222 2.29787 1.2
      vertex 27.0248 2.27425 1.2
    endloop
  endfacet
  facet normal 0 0 1
    outer loop
      vertex 27.4978 2.1644 1.2
      vertex 27.0196 2.31549 1.2
      vertex 27.0222 2.29787 1.2
    endloop
  endfacet
  facet normal 0 0 1
    outer loop
      vertex 37.8 12 1.2
      vertex 25.9292 2.31549 1.2
      vertex 27.0196 2.31549 1.2
    endloop
  endfacet
  facet normal 0 0 1
    outer loop
      vertex 25.9618 1.28206 1.2
      vertex 25.1985 0.163788 1.2
      vertex 25.2035 -0.0728455 1.2
    endloop
  endfacet
  facet normal 0 0 1
    outer loop
      vertex 25.9317 2.27753 1.2
      vertex 25.1835 0.388779 1.2
      vertex 25.1985 0.163788 1.2
    endloop
  endfacet
  facet normal 0 0 1
    outer loop
      vertex 25.9317 2.27753 1.2
      vertex 25.1585 0.602081 1.2
      vertex 25.1835 0.388779 1.2
    endloop
  endfacet
  facet normal 0 0 1
    outer loop
      vertex 25.9317 2.27753 1.2
      vertex 25.1234 0.803711 1.2
      vertex 25.1585 0.602081 1.2
    endloop
  endfacet
  facet normal 0 0 1
    outer loop
      vertex 25.9317 2.27753 1.2
      vertex 25.0784 0.993652 1.2
      vertex 25.1234 0.803711 1.2
    endloop
  endfacet
  facet normal 0 0 1
    outer loop
      vertex 25.9317 2.27753 1.2
      vertex 25.0233 1.17192 1.2
      vertex 25.0784 0.993652 1.2
    endloop
  endfacet
  facet normal 0 0 1
    outer loop
      vertex 25.9317 2.27753 1.2
      vertex 24.9583 1.33852 1.2
      vertex 25.0233 1.17192 1.2
    endloop
  endfacet
  facet normal 0 0 1
    outer loop
      vertex 25.9317 2.27753 1.2
      vertex 24.8832 1.49344 1.2
      vertex 24.9583 1.33852 1.2
    endloop
  endfacet
  facet normal -0 0 1
    outer loop
      vertex 23.6158 2.37172 1.2
      vertex 25.9292 2.31549 1.2
      vertex 37.8 12 1.2
    endloop
  endfacet
  facet normal 0 0 1
    outer loop
      vertex 25.9317 2.27753 1.2
      vertex 24.7981 1.63667 1.2
      vertex 24.8832 1.49344 1.2
    endloop
  endfacet
  facet normal 0 0 1
    outer loop
      vertex 25.9317 2.27753 1.2
      vertex 24.703 1.76823 1.2
      vertex 24.7981 1.63667 1.2
    endloop
  endfacet
  facet normal 0 0 1
    outer loop
      vertex 25.9292 2.31549 1.2
      vertex 24.5985 1.88768 1.2
      vertex 24.703 1.76823 1.2
    endloop
  endfacet
  facet normal 0 0 1
    outer loop
      vertex 25.9292 2.31549 1.2
      vertex 24.485 1.99454 1.2
      vertex 24.5985 1.88768 1.2
    endloop
  endfacet
  facet normal 0 0 1
    outer loop
      vertex 25.9292 2.31549 1.2
      vertex 24.3625 2.08884 1.2
      vertex 24.485 1.99454 1.2
    endloop
  endfacet
  facet normal 0 0 1
    outer loop
      vertex 25.9292 2.31549 1.2
      vertex 24.2311 2.17055 1.2
      vertex 24.3625 2.08884 1.2
    endloop
  endfacet
  facet normal 0 0 1
    outer loop
      vertex 25.9292 2.31549 1.2
      vertex 24.0907 2.2397 1.2
      vertex 24.2311 2.17055 1.2
    endloop
  endfacet
  facet normal 0 0 1
    outer loop
      vertex 25.9292 2.31549 1.2
      vertex 23.9414 2.29628 1.2
      vertex 24.0907 2.2397 1.2
    endloop
  endfacet
  facet normal 0 0 1
    outer loop
      vertex 25.9292 2.31549 1.2
      vertex 23.7831 2.34029 1.2
      vertex 23.9414 2.29628 1.2
    endloop
  endfacet
  facet normal 0 0 1
    outer loop
      vertex 25.9292 2.31549 1.2
      vertex 23.6158 2.37172 1.2
      vertex 23.7831 2.34029 1.2
    endloop
  endfacet
  facet normal 0 0 1
    outer loop
      vertex 37.8 12 1.2
      vertex 23.4397 2.39056 1.2
      vertex 23.6158 2.37172 1.2
    endloop
  endfacet
  facet normal 0 0 1
    outer loop
      vertex 37.8 12 1.2
      vertex 23.2545 2.39685 1.2
      vertex 23.4397 2.39056 1.2
    endloop
  endfacet
  facet normal 0 0 1
    outer loop
      vertex 37.8 12 1.2
      vertex 23.0605 2.39099 1.2
      vertex 23.2545 2.39685 1.2
    endloop
  endfacet
  facet normal -0 0 1
    outer loop
      vertex 15.3471 3.95116 1.2
      vertex 23.0605 2.39099 1.2
      vertex 37.8 12 1.2
    endloop
  endfacet
  facet normal 0 0 1
    outer loop
      vertex 23.0605 2.39099 1.2
      vertex 15.3471 3.95116 1.2
      vertex 22.8755 2.37343 1.2
    endloop
  endfacet
  facet normal 0 -0 1
    outer loop
      vertex 20.4155 2.31549 1.2
      vertex 22.8755 2.37343 1.2
      vertex 15.3471 3.95116 1.2
    endloop
  endfacet
  facet normal 0 0 1
    outer loop
      vertex 22.8755 2.37343 1.2
      vertex 20.4155 2.31549 1.2
      vertex 22.6995 2.34413 1.2
    endloop
  endfacet
  facet normal 0 0 1
    outer loop
      vertex 22.6995 2.34413 1.2
      vertex 20.4155 2.31549 1.2
      vertex 22.5326 2.30312 1.2
    endloop
  endfacet
  facet normal 0 0 1
    outer loop
      vertex 22.5326 2.30312 1.2
      vertex 20.4155 2.31549 1.2
      vertex 22.3747 2.25038 1.2
    endloop
  endfacet
  facet normal -0 0 1
    outer loop
      vertex 20.3933 1.63251 1.2
      vertex 21.4446 1.41402 1.2
      vertex 20.395 1.73839 1.2
    endloop
  endfacet
  facet normal -0 0 1
    outer loop
      vertex 20.395 1.73839 1.2
      vertex 21.4446 1.41402 1.2
      vertex 20.3972 1.84148 1.2
    endloop
  endfacet
  facet normal 0 0 1
    outer loop
      vertex 21.5258 1.55641 1.2
      vertex 20.3972 1.84148 1.2
      vertex 21.4446 1.41402 1.2
    endloop
  endfacet
  facet normal -0 0 1
    outer loop
      vertex 20.3972 1.84148 1.2
      vertex 21.5258 1.55641 1.2
      vertex 20.3999 1.94182 1.2
    endloop
  endfacet
  facet normal -0 0 1
    outer loop
      vertex 20.3999 1.94182 1.2
      vertex 21.5258 1.55641 1.2
      vertex 20.4031 2.03938 1.2
    endloop
  endfacet
  facet normal 0 0 1
    outer loop
      vertex 21.6178 1.68874 1.2
      vertex 20.4031 2.03938 1.2
      vertex 21.5258 1.55641 1.2
    endloop
  endfacet
  facet normal -0 0 1
    outer loop
      vertex 20.4031 2.03938 1.2
      vertex 21.6178 1.68874 1.2
      vertex 20.4067 2.13419 1.2
    endloop
  endfacet
  facet normal -0 0 1
    outer loop
      vertex 20.4067 2.13419 1.2
      vertex 21.6178 1.68874 1.2
      vertex 20.4109 2.22623 1.2
    endloop
  endfacet
  facet normal 0 0 1
    outer loop
      vertex 21.7206 1.81096 1.2
      vertex 20.4109 2.22623 1.2
      vertex 21.6178 1.68874 1.2
    endloop
  endfacet
  facet normal -0 0 1
    outer loop
      vertex 20.4109 2.22623 1.2
      vertex 21.7206 1.81096 1.2
      vertex 20.4155 2.31549 1.2
    endloop
  endfacet
  facet normal 0 0 1
    outer loop
      vertex 21.8334 1.92227 1.2
      vertex 20.4155 2.31549 1.2
      vertex 21.7206 1.81096 1.2
    endloop
  endfacet
  facet normal 0 0 1
    outer loop
      vertex 21.9552 2.02188 1.2
      vertex 20.4155 2.31549 1.2
      vertex 21.8334 1.92227 1.2
    endloop
  endfacet
  facet normal 0 0 1
    outer loop
      vertex 22.086 2.10977 1.2
      vertex 20.4155 2.31549 1.2
      vertex 21.9552 2.02188 1.2
    endloop
  endfacet
  facet normal 0 0 1
    outer loop
      vertex 22.2258 2.18593 1.2
      vertex 20.4155 2.31549 1.2
      vertex 22.086 2.10977 1.2
    endloop
  endfacet
  facet normal 0 0 1
    outer loop
      vertex 22.3747 2.25038 1.2
      vertex 20.4155 2.31549 1.2
      vertex 22.2258 2.18593 1.2
    endloop
  endfacet
  facet normal 0 0 1
    outer loop
      vertex 19.2765 1.63705 1.2
      vertex 19.256 1.60756 1.2
      vertex 19.2763 1.60756 1.2
    endloop
  endfacet
  facet normal 0 0 1
    outer loop
      vertex 19.277 1.66858 1.2
      vertex 19.256 1.60756 1.2
      vertex 19.2765 1.63705 1.2
    endloop
  endfacet
  facet normal 0 0 1
    outer loop
      vertex 19.176 1.7583 1.2
      vertex 19.277 1.66858 1.2
      vertex 19.278 1.70215 1.2
    endloop
  endfacet
  facet normal 0 0 1
    outer loop
      vertex 19.176 1.7583 1.2
      vertex 19.278 1.70215 1.2
      vertex 19.2792 1.73775 1.2
    endloop
  endfacet
  facet normal -0 0 1
    outer loop
      vertex 19.176 1.7583 1.2
      vertex 19.2792 1.73775 1.2
      vertex 19.2809 1.77538 1.2
    endloop
  endfacet
  facet normal 0 0 1
    outer loop
      vertex 19.176 1.7583 1.2
      vertex 19.2809 1.77538 1.2
      vertex 19.2829 1.81505 1.2
    endloop
  endfacet
  facet normal 0 0 1
    outer loop
      vertex 19.176 1.7583 1.2
      vertex 19.2829 1.81505 1.2
      vertex 19.2853 1.85675 1.2
    endloop
  endfacet
  facet normal -0 0 1
    outer loop
      vertex 19.0843 1.89317 1.2
      vertex 19.2853 1.85675 1.2
      vertex 19.288 1.9005 1.2
    endloop
  endfacet
  facet normal 0 0 1
    outer loop
      vertex 19.0843 1.89317 1.2
      vertex 19.288 1.9005 1.2
      vertex 19.2911 1.94627 1.2
    endloop
  endfacet
  facet normal 0 0 1
    outer loop
      vertex 19.0843 1.89317 1.2
      vertex 19.2911 1.94627 1.2
      vertex 19.2946 1.99408 1.2
    endloop
  endfacet
  facet normal 0 0 1
    outer loop
      vertex 19.0843 1.89317 1.2
      vertex 19.2946 1.99408 1.2
      vertex 19.2983 2.04123 1.2
    endloop
  endfacet
  facet normal 0 0 1
    outer loop
      vertex 18.9807 2.01218 1.2
      vertex 19.2983 2.04123 1.2
      vertex 19.302 2.08505 1.2
    endloop
  endfacet
  facet normal 0 0 1
    outer loop
      vertex 18.9807 2.01218 1.2
      vertex 19.302 2.08505 1.2
      vertex 19.3058 2.12555 1.2
    endloop
  endfacet
  facet normal 0 0 1
    outer loop
      vertex 19.277 1.66858 1.2
      vertex 19.176 1.7583 1.2
      vertex 19.256 1.60756 1.2
    endloop
  endfacet
  facet normal 0 0 1
    outer loop
      vertex 18.9807 2.01218 1.2
      vertex 19.3058 2.12555 1.2
      vertex 19.3096 2.16269 1.2
    endloop
  endfacet
  facet normal 0 0 1
    outer loop
      vertex 18.9807 2.01218 1.2
      vertex 19.3096 2.16269 1.2
      vertex 19.3134 2.1965 1.2
    endloop
  endfacet
  facet normal 0 0 1
    outer loop
      vertex 18.8654 2.11533 1.2
      vertex 19.3134 2.1965 1.2
      vertex 19.3173 2.22697 1.2
    endloop
  endfacet
  facet normal 0 0 1
    outer loop
      vertex 18.8654 2.11533 1.2
      vertex 19.3173 2.22697 1.2
      vertex 19.3212 2.2541 1.2
    endloop
  endfacet
  facet normal 0 0 1
    outer loop
      vertex 18.8654 2.11533 1.2
      vertex 19.3212 2.2541 1.2
      vertex 19.3252 2.27791 1.2
    endloop
  endfacet
  facet normal 0 0 1
    outer loop
      vertex 18.8654 2.11533 1.2
      vertex 19.3252 2.27791 1.2
      vertex 19.3292 2.29837 1.2
    endloop
  endfacet
  facet normal 0 0 1
    outer loop
      vertex 18.8654 2.11533 1.2
      vertex 19.3292 2.29837 1.2
      vertex 19.3333 2.31549 1.2
    endloop
  endfacet
  facet normal 0 0 1
    outer loop
      vertex 19.2853 1.85675 1.2
      vertex 19.0843 1.89317 1.2
      vertex 19.176 1.7583 1.2
    endloop
  endfacet
  facet normal 0 0 1
    outer loop
      vertex 19.2983 2.04123 1.2
      vertex 18.9807 2.01218 1.2
      vertex 19.0843 1.89317 1.2
    endloop
  endfacet
  facet normal 0 0 1
    outer loop
      vertex 19.3134 2.1965 1.2
      vertex 18.8654 2.11533 1.2
      vertex 18.9807 2.01218 1.2
    endloop
  endfacet
  facet normal 0 0 1
    outer loop
      vertex 20.4155 2.31549 1.2
      vertex 15.3471 3.95116 1.2
      vertex 19.3333 2.31549 1.2
    endloop
  endfacet
  facet normal 0 0 1
    outer loop
      vertex 19.3333 2.31549 1.2
      vertex 18.7382 2.20259 1.2
      vertex 18.8654 2.11533 1.2
    endloop
  endfacet
  facet normal 0 0 1
    outer loop
      vertex 19.3333 2.31549 1.2
      vertex 18.5993 2.274 1.2
      vertex 18.7382 2.20259 1.2
    endloop
  endfacet
  facet normal 0 0 1
    outer loop
      vertex 19.3333 2.31549 1.2
      vertex 18.4485 2.32953 1.2
      vertex 18.5993 2.274 1.2
    endloop
  endfacet
  facet normal -0 -0 1
    outer loop
      vertex 18.286 2.3692 1.2
      vertex 19.3333 2.31549 1.2
      vertex 15.3471 3.95116 1.2
    endloop
  endfacet
  facet normal 0 0 1
    outer loop
      vertex 19.3333 2.31549 1.2
      vertex 18.286 2.3692 1.2
      vertex 18.4485 2.32953 1.2
    endloop
  endfacet
  facet normal 0 0 1
    outer loop
      vertex 18.286 2.3692 1.2
      vertex 15.3471 3.95116 1.2
      vertex 18.1116 2.39301 1.2
    endloop
  endfacet
  facet normal 0 0 1
    outer loop
      vertex 18.1116 2.39301 1.2
      vertex 15.3471 3.95116 1.2
      vertex 17.9255 2.40094 1.2
    endloop
  endfacet
  facet normal 0 0 1
    outer loop
      vertex 17.9255 2.40094 1.2
      vertex 15.3471 3.95116 1.2
      vertex 17.7634 2.39508 1.2
    endloop
  endfacet
  facet normal 0 0 1
    outer loop
      vertex 17.7634 2.39508 1.2
      vertex 15.3471 3.95116 1.2
      vertex 17.6092 2.3775 1.2
    endloop
  endfacet
  facet normal 0 0 1
    outer loop
      vertex 17.6092 2.3775 1.2
      vertex 15.3471 3.95116 1.2
      vertex 17.463 2.34821 1.2
    endloop
  endfacet
  facet normal 0 0 1
    outer loop
      vertex 17.463 2.34821 1.2
      vertex 15.3471 3.95116 1.2
      vertex 17.3246 2.30719 1.2
    endloop
  endfacet
  facet normal 0 0 1
    outer loop
      vertex 16.2639 0.753555 1.2
      vertex 15.3471 2.31549 1.2
      vertex 16.2421 0.562531 1.2
    endloop
  endfacet
  facet normal 0 0 1
    outer loop
      vertex 16.2944 0.934723 1.2
      vertex 15.3471 2.31549 1.2
      vertex 16.2639 0.753555 1.2
    endloop
  endfacet
  facet normal 0 0 1
    outer loop
      vertex 16.3336 1.10606 1.2
      vertex 15.3471 2.31549 1.2
      vertex 16.2944 0.934723 1.2
    endloop
  endfacet
  facet normal 0 0 1
    outer loop
      vertex 16.3814 1.26755 1.2
      vertex 15.3471 2.31549 1.2
      vertex 16.3336 1.10606 1.2
    endloop
  endfacet
  facet normal 0 0 1
    outer loop
      vertex 16.438 1.41919 1.2
      vertex 15.3471 2.31549 1.2
      vertex 16.3814 1.26755 1.2
    endloop
  endfacet
  facet normal 0 0 1
    outer loop
      vertex 16.5033 1.56099 1.2
      vertex 15.3471 2.31549 1.2
      vertex 16.438 1.41919 1.2
    endloop
  endfacet
  facet normal 0 0 1
    outer loop
      vertex 16.5773 1.69293 1.2
      vertex 15.3471 2.31549 1.2
      vertex 16.5033 1.56099 1.2
    endloop
  endfacet
  facet normal 0 0 1
    outer loop
      vertex 16.6601 1.81503 1.2
      vertex 15.3471 2.31549 1.2
      vertex 16.5773 1.69293 1.2
    endloop
  endfacet
  facet normal 0 0 1
    outer loop
      vertex 16.7511 1.92636 1.2
      vertex 15.3471 2.31549 1.2
      vertex 16.6601 1.81503 1.2
    endloop
  endfacet
  facet normal 0 0 1
    outer loop
      vertex 16.85 2.02596 1.2
      vertex 15.3471 2.31549 1.2
      vertex 16.7511 1.92636 1.2
    endloop
  endfacet
  facet normal -0 0 1
    outer loop
      vertex 15.3471 2.31549 1.2
      vertex 16.85 2.02596 1.2
      vertex 15.3471 3.10893 1.2
    endloop
  endfacet
  facet normal 0 0 1
    outer loop
      vertex 16.9568 2.11385 1.2
      vertex 15.3471 3.10893 1.2
      vertex 16.85 2.02596 1.2
    endloop
  endfacet
  facet normal 0 0 1
    outer loop
      vertex 17.0715 2.19002 1.2
      vertex 15.3471 3.10893 1.2
      vertex 16.9568 2.11385 1.2
    endloop
  endfacet
  facet normal 0 0 1
    outer loop
      vertex 17.1941 2.25446 1.2
      vertex 15.3471 3.10893 1.2
      vertex 17.0715 2.19002 1.2
    endloop
  endfacet
  facet normal -0 0 1
    outer loop
      vertex 15.3471 3.10893 1.2
      vertex 17.1941 2.25446 1.2
      vertex 15.3471 3.95116 1.2
    endloop
  endfacet
  facet normal 0 0 1
    outer loop
      vertex 17.3246 2.30719 1.2
      vertex 15.3471 3.95116 1.2
      vertex 17.1941 2.25446 1.2
    endloop
  endfacet
  facet normal 0 0 1
    outer loop
      vertex 37.8 12 1.2
      vertex 14.2038 3.95116 1.2
      vertex 15.3471 3.95116 1.2
    endloop
  endfacet
  facet normal 0 0 1
    outer loop
      vertex 12.3327 2.2397 1.2
      vertex 14.2038 3.10893 1.2
      vertex 14.2038 3.95116 1.2
    endloop
  endfacet
  facet normal 0 -0 1
    outer loop
      vertex 12.7269 1.99454 1.2
      vertex 14.2038 3.10893 1.2
      vertex 12.6045 2.08884 1.2
    endloop
  endfacet
  facet normal 0 -0 1
    outer loop
      vertex 13.4405 0.163788 1.2
      vertex 14.2038 2.31549 1.2
      vertex 13.4255 0.388779 1.2
    endloop
  endfacet
  facet normal 0 0 1
    outer loop
      vertex 14.2038 -2.08687 1.2
      vertex 13.4405 0.163788 1.2
      vertex 13.4455 -0.0728455 1.2
    endloop
  endfacet
  facet normal 0 0 1
    outer loop
      vertex 14.2038 2.31549 1.2
      vertex 13.4405 0.163788 1.2
      vertex 14.2038 -2.08687 1.2
    endloop
  endfacet
  facet normal 0 0 1
    outer loop
      vertex 14.2038 2.31549 1.2
      vertex 13.4005 0.602081 1.2
      vertex 13.4255 0.388779 1.2
    endloop
  endfacet
  facet normal 0 0 1
    outer loop
      vertex 14.2038 2.31549 1.2
      vertex 13.3654 0.803711 1.2
      vertex 13.4005 0.602081 1.2
    endloop
  endfacet
  facet normal 0 0 1
    outer loop
      vertex 14.2038 2.31549 1.2
      vertex 13.3204 0.993652 1.2
      vertex 13.3654 0.803711 1.2
    endloop
  endfacet
  facet normal 0 0 1
    outer loop
      vertex 14.2038 2.31549 1.2
      vertex 13.2653 1.17192 1.2
      vertex 13.3204 0.993652 1.2
    endloop
  endfacet
  facet normal 0 0 1
    outer loop
      vertex 14.2038 2.31549 1.2
      vertex 13.2003 1.33852 1.2
      vertex 13.2653 1.17192 1.2
    endloop
  endfacet
  facet normal 0 0 1
    outer loop
      vertex 14.2038 2.31549 1.2
      vertex 13.1252 1.49344 1.2
      vertex 13.2003 1.33852 1.2
    endloop
  endfacet
  facet normal 0 0 1
    outer loop
      vertex 14.2038 2.31549 1.2
      vertex 13.0401 1.63667 1.2
      vertex 13.1252 1.49344 1.2
    endloop
  endfacet
  facet normal 0 0 1
    outer loop
      vertex 14.2038 2.31549 1.2
      vertex 12.945 1.76823 1.2
      vertex 13.0401 1.63667 1.2
    endloop
  endfacet
  facet normal 0 0 1
    outer loop
      vertex 14.2038 2.31549 1.2
      vertex 12.8405 1.88768 1.2
      vertex 12.945 1.76823 1.2
    endloop
  endfacet
  facet normal 0 0 1
    outer loop
      vertex 14.2038 2.31549 1.2
      vertex 12.7269 1.99454 1.2
      vertex 12.8405 1.88768 1.2
    endloop
  endfacet
  facet normal 0 0 1
    outer loop
      vertex 14.2038 3.10893 1.2
      vertex 12.7269 1.99454 1.2
      vertex 14.2038 2.31549 1.2
    endloop
  endfacet
  facet normal 0 0 1
    outer loop
      vertex 14.2038 3.10893 1.2
      vertex 12.4731 2.17055 1.2
      vertex 12.6045 2.08884 1.2
    endloop
  endfacet
  facet normal 0 0 1
    outer loop
      vertex 14.2038 3.10893 1.2
      vertex 12.3327 2.2397 1.2
      vertex 12.4731 2.17055 1.2
    endloop
  endfacet
  facet normal 0 0 1
    outer loop
      vertex 14.2038 3.95116 1.2
      vertex 12.1833 2.29628 1.2
      vertex 12.3327 2.2397 1.2
    endloop
  endfacet
  facet normal 0 0 1
    outer loop
      vertex 14.2038 3.95116 1.2
      vertex 12.0251 2.34029 1.2
      vertex 12.1833 2.29628 1.2
    endloop
  endfacet
  facet normal 0 0 1
    outer loop
      vertex 14.2038 3.95116 1.2
      vertex 11.8578 2.37172 1.2
      vertex 12.0251 2.34029 1.2
    endloop
  endfacet
  facet normal 0 0 1
    outer loop
      vertex 14.2038 3.95116 1.2
      vertex 11.6817 2.39056 1.2
      vertex 11.8578 2.37172 1.2
    endloop
  endfacet
  facet normal 0 0 1
    outer loop
      vertex 14.2038 3.95116 1.2
      vertex 11.4965 2.39685 1.2
      vertex 11.6817 2.39056 1.2
    endloop
  endfacet
  facet normal 0 0 1
    outer loop
      vertex 14.2038 3.95116 1.2
      vertex 11.3025 2.39099 1.2
      vertex 11.4965 2.39685 1.2
    endloop
  endfacet
  facet normal 0 0 1
    outer loop
      vertex 14.2038 3.95116 1.2
      vertex 11.1175 2.37343 1.2
      vertex 11.3025 2.39099 1.2
    endloop
  endfacet
  facet normal -0 0 1
    outer loop
      vertex 7.93428 3.19388 1.2
      vertex 11.1175 2.37343 1.2
      vertex 14.2038 3.95116 1.2
    endloop
  endfacet
  facet normal 0 0 1
    outer loop
      vertex 11.1175 2.37343 1.2
      vertex 7.93428 3.19388 1.2
      vertex 10.9415 2.34413 1.2
    endloop
  endfacet
  facet normal -0 -0 1
    outer loop
      vertex 8.14696 2.99976 1.2
      vertex 10.9415 2.34413 1.2
      vertex 7.93428 3.19388 1.2
    endloop
  endfacet
  facet normal 0 0 1
    outer loop
      vertex 10.9415 2.34413 1.2
      vertex 8.14696 2.99976 1.2
      vertex 10.7746 2.30312 1.2
    endloop
  endfacet
  facet normal 0 0 1
    outer loop
      vertex 9.42691 0.347702 1.2
      vertex 8.73077 0.936218 1.2
      vertex 9.42149 0.134674 1.2
    endloop
  endfacet
  facet normal 0 0 1
    outer loop
      vertex 9.44315 0.550644 1.2
      vertex 8.73077 0.936218 1.2
      vertex 9.42691 0.347702 1.2
    endloop
  endfacet
  facet normal 0 0 1
    outer loop
      vertex 9.4702 0.7435 1.2
      vertex 8.73077 0.936218 1.2
      vertex 9.44315 0.550644 1.2
    endloop
  endfacet
  facet normal 0 0 1
    outer loop
      vertex 9.50807 0.92627 1.2
      vertex 8.73077 0.936218 1.2
      vertex 9.4702 0.7435 1.2
    endloop
  endfacet
  facet normal 0 0 1
    outer loop
      vertex 9.55678 1.09894 1.2
      vertex 8.73077 0.936218 1.2
      vertex 9.50807 0.92627 1.2
    endloop
  endfacet
  facet normal 0 0 1
    outer loop
      vertex 9.6163 1.26152 1.2
      vertex 8.73077 0.936218 1.2
      vertex 9.55678 1.09894 1.2
    endloop
  endfacet
  facet normal 0 0 1
    outer loop
      vertex 8.60873 2.23822 1.2
      vertex 9.6163 1.26152 1.2
      vertex 9.68665 1.41402 1.2
    endloop
  endfacet
  facet normal 0 0 1
    outer loop
      vertex 8.60873 2.23822 1.2
      vertex 9.68665 1.41402 1.2
      vertex 9.76782 1.55641 1.2
    endloop
  endfacet
  facet normal 0 0 1
    outer loop
      vertex 8.60873 2.23822 1.2
      vertex 9.76782 1.55641 1.2
      vertex 9.85982 1.68874 1.2
    endloop
  endfacet
  facet normal 0 0 1
    outer loop
      vertex 8.60873 2.23822 1.2
      vertex 9.85982 1.68874 1.2
      vertex 9.96263 1.81096 1.2
    endloop
  endfacet
  facet normal 0 0 1
    outer loop
      vertex 8.60873 2.23822 1.2
      vertex 9.96263 1.81096 1.2
      vertex 10.0754 1.92227 1.2
    endloop
  endfacet
  facet normal 0 0 1
    outer loop
      vertex 8.60873 2.23822 1.2
      vertex 10.0754 1.92227 1.2
      vertex 10.1971 2.02188 1.2
    endloop
  endfacet
  facet normal 0 0 1
    outer loop
      vertex 9.6163 1.26152 1.2
      vertex 8.60873 2.23822 1.2
      vertex 8.73077 0.936218 1.2
    endloop
  endfacet
  facet normal 0 0 1
    outer loop
      vertex 8.48419 2.52193 1.2
      vertex 10.1971 2.02188 1.2
      vertex 10.3279 2.10977 1.2
    endloop
  endfacet
  facet normal 0 0 1
    outer loop
      vertex 8.33026 2.77577 1.2
      vertex 10.3279 2.10977 1.2
      vertex 10.4678 2.18593 1.2
    endloop
  endfacet
  facet normal 0 0 1
    outer loop
      vertex 10.7746 2.30312 1.2
      vertex 8.14696 2.99976 1.2
      vertex 10.6167 2.25038 1.2
    endloop
  endfacet
  facet normal 0 0 1
    outer loop
      vertex 6.43027 3.71651 1.2
      vertex 14.2038 3.95116 1.2
      vertex 37.8 12 1.2
    endloop
  endfacet
  facet normal 0 0 1
    outer loop
      vertex 10.1971 2.02188 1.2
      vertex 8.48419 2.52193 1.2
      vertex 8.60873 2.23822 1.2
    endloop
  endfacet
  facet normal 0 0 1
    outer loop
      vertex 10.3279 2.10977 1.2
      vertex 8.33026 2.77577 1.2
      vertex 8.48419 2.52193 1.2
    endloop
  endfacet
  facet normal 0 0 1
    outer loop
      vertex 10.6167 2.25038 1.2
      vertex 8.33026 2.77577 1.2
      vertex 10.4678 2.18593 1.2
    endloop
  endfacet
  facet normal -0 -0 1
    outer loop
      vertex 8.33026 2.77577 1.2
      vertex 10.6167 2.25038 1.2
      vertex 8.14696 2.99976 1.2
    endloop
  endfacet
  facet normal 0 0 1
    outer loop
      vertex 14.2038 3.95116 1.2
      vertex 7.69223 3.35814 1.2
      vertex 7.93428 3.19388 1.2
    endloop
  endfacet
  facet normal 0 0 1
    outer loop
      vertex 14.2038 3.95116 1.2
      vertex 7.42081 3.49252 1.2
      vertex 7.69223 3.35814 1.2
    endloop
  endfacet
  facet normal 0 0 1
    outer loop
      vertex 14.2038 3.95116 1.2
      vertex 7.12 3.59705 1.2
      vertex 7.42081 3.49252 1.2
    endloop
  endfacet
  facet normal 0 0 1
    outer loop
      vertex 14.2038 3.95116 1.2
      vertex 6.78983 3.67171 1.2
      vertex 7.12 3.59705 1.2
    endloop
  endfacet
  facet normal 0 0 1
    outer loop
      vertex 14.2038 3.95116 1.2
      vertex 6.43027 3.71651 1.2
      vertex 6.78983 3.67171 1.2
    endloop
  endfacet
  facet normal 0 0 1
    outer loop
      vertex 37.8 12 1.2
      vertex 6.04134 3.73143 1.2
      vertex 6.43027 3.71651 1.2
    endloop
  endfacet
  facet normal -0 0 1
    outer loop
      vertex -18.7419 9.88901 1.2
      vertex 6.04134 3.73143 1.2
      vertex 37.8 12 1.2
    endloop
  endfacet
  facet normal 0 0 1
    outer loop
      vertex 6.04134 3.73143 1.2
      vertex -18.7419 9.88901 1.2
      vertex 5.76398 3.72389 1.2
    endloop
  endfacet
  facet normal 0 0 1
    outer loop
      vertex 5.76398 3.72389 1.2
      vertex -18.7419 9.88901 1.2
      vertex 5.49988 3.70125 1.2
    endloop
  endfacet
  facet normal 0 0 1
    outer loop
      vertex 5.49988 3.70125 1.2
      vertex -18.7419 9.88901 1.2
      vertex 5.24904 3.6635 1.2
    endloop
  endfacet
  facet normal 0 0 1
    outer loop
      vertex 2.50948 0.803711 1.2
      vertex 3.10776 0.806015 1.2
      vertex 3.11533 1.08258 1.2
    endloop
  endfacet
  facet normal -0 0 1
    outer loop
      vertex 2.40939 1.17192 1.2
      vertex 3.11533 1.08258 1.2
      vertex 3.13803 1.34592 1.2
    endloop
  endfacet
  facet normal 0 0 1
    outer loop
      vertex 2.34433 1.33852 1.2
      vertex 3.13803 1.34592 1.2
      vertex 3.17586 1.59604 1.2
    endloop
  endfacet
  facet normal 0 0 1
    outer loop
      vertex 2.26926 1.49344 1.2
      vertex 3.17586 1.59604 1.2
      vertex 3.22884 1.83293 1.2
    endloop
  endfacet
  facet normal 0 0 1
    outer loop
      vertex 2.0891 1.76823 1.2
      vertex 3.22884 1.83293 1.2
      vertex 3.29695 2.05661 1.2
    endloop
  endfacet
  facet normal 0 0 1
    outer loop
      vertex 3.10776 0.806015 1.2
      vertex 2.58455 0.163788 1.2
      vertex 2.58955 -0.0728455 1.2
    endloop
  endfacet
  facet normal 0 0 1
    outer loop
      vertex 3.10776 0.806015 1.2
      vertex 2.56953 0.388779 1.2
      vertex 2.58455 0.163788 1.2
    endloop
  endfacet
  facet normal 0 0 1
    outer loop
      vertex 1.98453 1.88768 1.2
      vertex 3.29695 2.05661 1.2
      vertex 3.38019 2.26706 1.2
    endloop
  endfacet
  facet normal 0 0 1
    outer loop
      vertex 3.10776 0.806015 1.2
      vertex 2.54451 0.602081 1.2
      vertex 2.56953 0.388779 1.2
    endloop
  endfacet
  facet normal 0 0 1
    outer loop
      vertex 1.871 1.99454 1.2
      vertex 3.38019 2.26706 1.2
      vertex 3.47858 2.46429 1.2
    endloop
  endfacet
  facet normal 0 0 1
    outer loop
      vertex 3.10776 0.806015 1.2
      vertex 2.50948 0.803711 1.2
      vertex 2.54451 0.602081 1.2
    endloop
  endfacet
  facet normal 0 0 1
    outer loop
      vertex 3.11533 1.08258 1.2
      vertex 2.46445 0.993652 1.2
      vertex 2.50948 0.803711 1.2
    endloop
  endfacet
  facet normal 0 0 1
    outer loop
      vertex 1.74854 2.08884 1.2
      vertex 3.47858 2.46429 1.2
      vertex 3.59209 2.6483 1.2
    endloop
  endfacet
  facet normal 0 0 1
    outer loop
      vertex 3.11533 1.08258 1.2
      vertex 2.40939 1.17192 1.2
      vertex 2.46445 0.993652 1.2
    endloop
  endfacet
  facet normal 0 0 1
    outer loop
      vertex 1.47673 2.2397 1.2
      vertex 3.59209 2.6483 1.2
      vertex 3.72075 2.81908 1.2
    endloop
  endfacet
  facet normal 0 0 1
    outer loop
      vertex 3.13803 1.34592 1.2
      vertex 2.34433 1.33852 1.2
      vertex 2.40939 1.17192 1.2
    endloop
  endfacet
  facet normal 0 0 1
    outer loop
      vertex 1.32741 2.29628 1.2
      vertex 3.72075 2.81908 1.2
      vertex 3.86453 2.97664 1.2
    endloop
  endfacet
  facet normal 0 0 1
    outer loop
      vertex 3.17586 1.59604 1.2
      vertex 2.26926 1.49344 1.2
      vertex 2.34433 1.33852 1.2
    endloop
  endfacet
  facet normal 0 0 1
    outer loop
      vertex 3.22884 1.83293 1.2
      vertex 2.18419 1.63667 1.2
      vertex 2.26926 1.49344 1.2
    endloop
  endfacet
  facet normal 0 0 1
    outer loop
      vertex 1.16913 2.34029 1.2
      vertex 3.86453 2.97664 1.2
      vertex 4.02254 3.12006 1.2
    endloop
  endfacet
  facet normal 0 0 1
    outer loop
      vertex 3.22884 1.83293 1.2
      vertex 2.0891 1.76823 1.2
      vertex 2.18419 1.63667 1.2
    endloop
  endfacet
  facet normal 0 0 1
    outer loop
      vertex 1.00189 2.37172 1.2
      vertex 4.02254 3.12006 1.2
      vertex 4.1938 3.24837 1.2
    endloop
  endfacet
  facet normal 0 0 1
    outer loop
      vertex 3.29695 2.05661 1.2
      vertex 1.98453 1.88768 1.2
      vertex 2.0891 1.76823 1.2
    endloop
  endfacet
  facet normal 0 0 1
    outer loop
      vertex 3.38019 2.26706 1.2
      vertex 1.871 1.99454 1.2
      vertex 1.98453 1.88768 1.2
    endloop
  endfacet
  facet normal 0 0 1
    outer loop
      vertex 0.825714 2.39056 1.2
      vertex 4.1938 3.24837 1.2
      vertex 4.37831 3.36159 1.2
    endloop
  endfacet
  facet normal 0 0 1
    outer loop
      vertex 3.47858 2.46429 1.2
      vertex 1.74854 2.08884 1.2
      vertex 1.871 1.99454 1.2
    endloop
  endfacet
  facet normal 0 0 1
    outer loop
      vertex 0.446548 2.39099 1.2
      vertex 4.37831 3.36159 1.2
      vertex 4.57611 3.45972 1.2
    endloop
  endfacet
  facet normal 0 0 1
    outer loop
      vertex 3.59209 2.6483 1.2
      vertex 1.61711 2.17055 1.2
      vertex 1.74854 2.08884 1.2
    endloop
  endfacet
  facet normal 0 0 1
    outer loop
      vertex 3.59209 2.6483 1.2
      vertex 1.47673 2.2397 1.2
      vertex 1.61711 2.17055 1.2
    endloop
  endfacet
  facet normal 0 0 1
    outer loop
      vertex 3.72075 2.81908 1.2
      vertex 1.32741 2.29628 1.2
      vertex 1.47673 2.2397 1.2
    endloop
  endfacet
  facet normal 0 0 1
    outer loop
      vertex -6.78923 3.646 1.2
      vertex 4.57611 3.45972 1.2
      vertex 4.78716 3.54274 1.2
    endloop
  endfacet
  facet normal 0 0 1
    outer loop
      vertex 3.86453 2.97664 1.2
      vertex 1.16913 2.34029 1.2
      vertex 1.32741 2.29628 1.2
    endloop
  endfacet
  facet normal 0 0 1
    outer loop
      vertex 4.02254 3.12006 1.2
      vertex 1.00189 2.37172 1.2
      vertex 1.16913 2.34029 1.2
    endloop
  endfacet
  facet normal 0 0 1
    outer loop
      vertex 4.1938 3.24837 1.2
      vertex 0.825714 2.39056 1.2
      vertex 1.00189 2.37172 1.2
    endloop
  endfacet
  facet normal 0 0 1
    outer loop
      vertex -6.78923 3.646 1.2
      vertex 4.78716 3.54274 1.2
      vertex 5.01146 3.61067 1.2
    endloop
  endfacet
  facet normal 0 0 1
    outer loop
      vertex 4.37831 3.36159 1.2
      vertex 0.640579 2.39685 1.2
      vertex 0.825714 2.39056 1.2
    endloop
  endfacet
  facet normal 0 0 1
    outer loop
      vertex 4.37831 3.36159 1.2
      vertex 0.446548 2.39099 1.2
      vertex 0.640579 2.39685 1.2
    endloop
  endfacet
  facet normal 0 0 1
    outer loop
      vertex 4.57611 3.45972 1.2
      vertex 0.261536 2.37343 1.2
      vertex 0.446548 2.39099 1.2
    endloop
  endfacet
  facet normal 0 0 1
    outer loop
      vertex 4.57611 3.45972 1.2
      vertex -6.78923 3.646 1.2
      vertex 0.261536 2.37343 1.2
    endloop
  endfacet
  facet normal 0 0 1
    outer loop
      vertex 0.261536 2.37343 1.2
      vertex -6.78923 3.646 1.2
      vertex 0.0855713 2.34413 1.2
    endloop
  endfacet
  facet normal 0 0 1
    outer loop
      vertex -1.9283 0.928055 1.2
      vertex -1.43446 0.134674 1.2
      vertex -1.42905 0.347702 1.2
    endloop
  endfacet
  facet normal 0 0 1
    outer loop
      vertex -1.9283 0.928055 1.2
      vertex -1.42905 0.347702 1.2
      vertex -1.41281 0.550644 1.2
    endloop
  endfacet
  facet normal 0 0 1
    outer loop
      vertex -1.9283 0.928055 1.2
      vertex -1.41281 0.550644 1.2
      vertex -1.38576 0.7435 1.2
    endloop
  endfacet
  facet normal 0 0 1
    outer loop
      vertex -1.9283 0.928055 1.2
      vertex -1.38576 0.7435 1.2
      vertex -1.34789 0.92627 1.2
    endloop
  endfacet
  facet normal -0 0 1
    outer loop
      vertex -1.95813 1.06261 1.2
      vertex -1.34789 0.92627 1.2
      vertex -1.29918 1.09894 1.2
    endloop
  endfacet
  facet normal 0 0 1
    outer loop
      vertex -1.43446 0.134674 1.2
      vertex -1.9283 0.928055 1.2
      vertex -1.89572 -0.622086 1.2
    endloop
  endfacet
  facet normal -0 0 1
    outer loop
      vertex -1.99551 1.19122 1.2
      vertex -1.29918 1.09894 1.2
      vertex -1.23965 1.26152 1.2
    endloop
  endfacet
  facet normal -0 0 1
    outer loop
      vertex -2.04048 1.31389 1.2
      vertex -1.23965 1.26152 1.2
      vertex -1.16931 1.41402 1.2
    endloop
  endfacet
  facet normal -0 0 1
    outer loop
      vertex -2.15311 1.54141 1.2
      vertex -1.16931 1.41402 1.2
      vertex -1.08813 1.55641 1.2
    endloop
  endfacet
  facet normal -0 0 1
    outer loop
      vertex -2.22076 1.64626 1.2
      vertex -1.08813 1.55641 1.2
      vertex -0.99614 1.68874 1.2
    endloop
  endfacet
  facet normal -0 0 1
    outer loop
      vertex -2.29601 1.74516 1.2
      vertex -0.99614 1.68874 1.2
      vertex -0.893326 1.81096 1.2
    endloop
  endfacet
  facet normal -0 0 1
    outer loop
      vertex -2.37881 1.83813 1.2
      vertex -0.893326 1.81096 1.2
      vertex -0.780579 1.92227 1.2
    endloop
  endfacet
  facet normal 0 0 1
    outer loop
      vertex -1.34789 0.92627 1.2
      vertex -1.95813 1.06261 1.2
      vertex -1.9283 0.928055 1.2
    endloop
  endfacet
  facet normal -0 0 1
    outer loop
      vertex -2.56712 2.00626 1.2
      vertex -0.780579 1.92227 1.2
      vertex -0.658798 2.02188 1.2
    endloop
  endfacet
  facet normal 0 0 1
    outer loop
      vertex -1.29918 1.09894 1.2
      vertex -1.99551 1.19122 1.2
      vertex -1.95813 1.06261 1.2
    endloop
  endfacet
  facet normal -0 0 1
    outer loop
      vertex -2.67152 2.08047 1.2
      vertex -0.658798 2.02188 1.2
      vertex -0.528 2.10977 1.2
    endloop
  endfacet
  facet normal 0 0 1
    outer loop
      vertex -1.23965 1.26152 1.2
      vertex -2.04048 1.31389 1.2
      vertex -1.99551 1.19122 1.2
    endloop
  endfacet
  facet normal -0 0 1
    outer loop
      vertex -2.78128 2.14687 1.2
      vertex -0.528 2.10977 1.2
      vertex -0.388153 2.18593 1.2
    endloop
  endfacet
  facet normal 0 0 1
    outer loop
      vertex -1.16931 1.41402 1.2
      vertex -2.093 1.43062 1.2
      vertex -2.04048 1.31389 1.2
    endloop
  endfacet
  facet normal 0 0 1
    outer loop
      vertex -1.16931 1.41402 1.2
      vertex -2.15311 1.54141 1.2
      vertex -2.093 1.43062 1.2
    endloop
  endfacet
  facet normal -0 0 1
    outer loop
      vertex -2.89642 2.20546 1.2
      vertex -0.388153 2.18593 1.2
      vertex -0.239273 2.25038 1.2
    endloop
  endfacet
  facet normal 0 0 1
    outer loop
      vertex -1.08813 1.55641 1.2
      vertex -2.22076 1.64626 1.2
      vertex -2.15311 1.54141 1.2
    endloop
  endfacet
  facet normal -0 0 1
    outer loop
      vertex -3.01694 2.25624 1.2
      vertex -0.239273 2.25038 1.2
      vertex -0.0813751 2.30312 1.2
    endloop
  endfacet
  facet normal 0 0 1
    outer loop
      vertex -0.99614 1.68874 1.2
      vertex -2.29601 1.74516 1.2
      vertex -2.22076 1.64626 1.2
    endloop
  endfacet
  facet normal -0 -0 1
    outer loop
      vertex -3.41071 2.36171 1.2
      vertex 0.0855713 2.34413 1.2
      vertex -6.78923 3.646 1.2
    endloop
  endfacet
  facet normal 0 0 1
    outer loop
      vertex 5.24904 3.6635 1.2
      vertex -18.7419 9.88901 1.2
      vertex 5.01146 3.61067 1.2
    endloop
  endfacet
  facet normal 0 0 1
    outer loop
      vertex -0.893326 1.81096 1.2
      vertex -2.37881 1.83813 1.2
      vertex -2.29601 1.74516 1.2
    endloop
  endfacet
  facet normal 0 0 1
    outer loop
      vertex -0.780579 1.92227 1.2
      vertex -2.46918 1.92517 1.2
      vertex -2.37881 1.83813 1.2
    endloop
  endfacet
  facet normal 0 0 1
    outer loop
      vertex -0.780579 1.92227 1.2
      vertex -2.56712 2.00626 1.2
      vertex -2.46918 1.92517 1.2
    endloop
  endfacet
  facet normal 0 0 1
    outer loop
      vertex -0.658798 2.02188 1.2
      vertex -2.67152 2.08047 1.2
      vertex -2.56712 2.00626 1.2
    endloop
  endfacet
  facet normal 0 0 1
    outer loop
      vertex -0.528 2.10977 1.2
      vertex -2.78128 2.14687 1.2
      vertex -2.67152 2.08047 1.2
    endloop
  endfacet
  facet normal 0 0 1
    outer loop
      vertex -0.388153 2.18593 1.2
      vertex -2.89642 2.20546 1.2
      vertex -2.78128 2.14687 1.2
    endloop
  endfacet
  facet normal 0 0 1
    outer loop
      vertex -0.239273 2.25038 1.2
      vertex -3.01694 2.25624 1.2
      vertex -2.89642 2.20546 1.2
    endloop
  endfacet
  facet normal 0 0 1
    outer loop
      vertex -0.0813751 2.30312 1.2
      vertex -3.14282 2.29921 1.2
      vertex -3.01694 2.25624 1.2
    endloop
  endfacet
  facet normal 0 -0 1
    outer loop
      vertex -3.27408 2.33437 1.2
      vertex 0.0855713 2.34413 1.2
      vertex -3.41071 2.36171 1.2
    endloop
  endfacet
  facet normal 0 0 1
    outer loop
      vertex -0.0813751 2.30312 1.2
      vertex -3.27408 2.33437 1.2
      vertex -3.14282 2.29921 1.2
    endloop
  endfacet
  facet normal 0 0 1
    outer loop
      vertex 0.0855713 2.34413 1.2
      vertex -3.27408 2.33437 1.2
      vertex -0.0813751 2.30312 1.2
    endloop
  endfacet
  facet normal 0 0 1
    outer loop
      vertex -3.41071 2.36171 1.2
      vertex -6.78923 3.646 1.2
      vertex -3.55269 2.38124 1.2
    endloop
  endfacet
  facet normal 0 0 1
    outer loop
      vertex -3.55269 2.38124 1.2
      vertex -6.78923 3.646 1.2
      vertex -3.70006 2.39294 1.2
    endloop
  endfacet
  facet normal 0 0 1
    outer loop
      vertex -3.70006 2.39294 1.2
      vertex -6.78923 3.646 1.2
      vertex -3.8528 2.39685 1.2
    endloop
  endfacet
  facet normal 0 0 1
    outer loop
      vertex -3.8528 2.39685 1.2
      vertex -6.78923 3.646 1.2
      vertex -4.05002 2.39078 1.2
    endloop
  endfacet
  facet normal 0 0 1
    outer loop
      vertex -4.05002 2.39078 1.2
      vertex -6.78923 3.646 1.2
      vertex -4.23804 2.37253 1.2
    endloop
  endfacet
  facet normal 0 0 1
    outer loop
      vertex -6.78923 -2.08687 1.2
      vertex -5.95493 0.303177 1.2
      vertex -6.78923 3.646 1.2
    endloop
  endfacet
  facet normal 0 0 1
    outer loop
      vertex -5.93845 0.50679 1.2
      vertex -6.78923 3.646 1.2
      vertex -5.95493 0.303177 1.2
    endloop
  endfacet
  facet normal 0 0 1
    outer loop
      vertex -5.911 0.70076 1.2
      vertex -6.78923 3.646 1.2
      vertex -5.93845 0.50679 1.2
    endloop
  endfacet
  facet normal 0 0 1
    outer loop
      vertex -5.87254 0.885086 1.2
      vertex -6.78923 3.646 1.2
      vertex -5.911 0.70076 1.2
    endloop
  endfacet
  facet normal 0 0 1
    outer loop
      vertex -5.8231 1.05977 1.2
      vertex -6.78923 3.646 1.2
      vertex -5.87254 0.885086 1.2
    endloop
  endfacet
  facet normal 0 0 1
    outer loop
      vertex -5.7627 1.22482 1.2
      vertex -6.78923 3.646 1.2
      vertex -5.8231 1.05977 1.2
    endloop
  endfacet
  facet normal 0 0 1
    outer loop
      vertex -5.6913 1.38022 1.2
      vertex -6.78923 3.646 1.2
      vertex -5.7627 1.22482 1.2
    endloop
  endfacet
  facet normal 0 0 1
    outer loop
      vertex -5.6089 1.52599 1.2
      vertex -6.78923 3.646 1.2
      vertex -5.6913 1.38022 1.2
    endloop
  endfacet
  facet normal 0 0 1
    outer loop
      vertex -5.51553 1.66209 1.2
      vertex -6.78923 3.646 1.2
      vertex -5.6089 1.52599 1.2
    endloop
  endfacet
  facet normal 0 0 1
    outer loop
      vertex -5.41118 1.78857 1.2
      vertex -6.78923 3.646 1.2
      vertex -5.51553 1.66209 1.2
    endloop
  endfacet
  facet normal 0 0 1
    outer loop
      vertex -5.29672 1.90414 1.2
      vertex -6.78923 3.646 1.2
      vertex -5.41118 1.78857 1.2
    endloop
  endfacet
  facet normal 0 0 1
    outer loop
      vertex -5.17307 2.00755 1.2
      vertex -6.78923 3.646 1.2
      vertex -5.29672 1.90414 1.2
    endloop
  endfacet
  facet normal 0 0 1
    outer loop
      vertex -5.04022 2.0988 1.2
      vertex -6.78923 3.646 1.2
      vertex -5.17307 2.00755 1.2
    endloop
  endfacet
  facet normal 0 0 1
    outer loop
      vertex -4.89818 2.17787 1.2
      vertex -6.78923 3.646 1.2
      vertex -5.04022 2.0988 1.2
    endloop
  endfacet
  facet normal 0 0 1
    outer loop
      vertex -4.74693 2.24478 1.2
      vertex -6.78923 3.646 1.2
      vertex -4.89818 2.17787 1.2
    endloop
  endfacet
  facet normal 0 0 1
    outer loop
      vertex -4.5865 2.29953 1.2
      vertex -6.78923 3.646 1.2
      vertex -4.74693 2.24478 1.2
    endloop
  endfacet
  facet normal 0 0 1
    outer loop
      vertex -4.41687 2.34212 1.2
      vertex -6.78923 3.646 1.2
      vertex -4.5865 2.29953 1.2
    endloop
  endfacet
  facet normal 0 0 1
    outer loop
      vertex -4.23804 2.37253 1.2
      vertex -6.78923 3.646 1.2
      vertex -4.41687 2.34212 1.2
    endloop
  endfacet
  facet normal 0 0 1
    outer loop
      vertex 5.01146 3.61067 1.2
      vertex -18.7419 9.88901 1.2
      vertex -6.78923 3.646 1.2
    endloop
  endfacet
  facet normal 0 0 1
    outer loop
      vertex -7.98953 3.646 1.2
      vertex -12.8068 -0.390869 1.2
      vertex -7.98953 -2.08687 1.2
    endloop
  endfacet
  facet normal 0 0 1
    outer loop
      vertex -18.7419 9.88901 1.2
      vertex -12.8068 -0.390869 1.2
      vertex -7.98953 3.646 1.2
    endloop
  endfacet
  facet normal -0 0 1
    outer loop
      vertex -21.5118 4.67961 1.2
      vertex -18.7032 -0.184967 1.2
      vertex -18.7419 9.88901 1.2
    endloop
  endfacet
  facet normal 0 0 1
    outer loop
      vertex -12.8068 -0.390869 1.2
      vertex -18.7419 9.88901 1.2
      vertex -18.7032 -0.184967 1.2
    endloop
  endfacet
  facet normal 0 0 1
    outer loop
      vertex -6.78923 3.646 1.2
      vertex -18.7419 9.88901 1.2
      vertex -7.98953 3.646 1.2
    endloop
  endfacet
  facet normal 0 0 1
    outer loop
      vertex 37.8 12 1.2
      vertex -19.2864 10.1598 1.2
      vertex -18.7419 9.88901 1.2
    endloop
  endfacet
  facet normal 0 0 1
    outer loop
      vertex 37.8 12 1.2
      vertex -19.8447 10.4007 1.2
      vertex -19.2864 10.1598 1.2
    endloop
  endfacet
  facet normal 0 0 1
    outer loop
      vertex 37.8 12 1.2
      vertex -20.4153 10.6108 1.2
      vertex -19.8447 10.4007 1.2
    endloop
  endfacet
  facet normal 0 0 1
    outer loop
      vertex 37.8 12 1.2
      vertex -20.9965 10.7897 1.2
      vertex -20.4153 10.6108 1.2
    endloop
  endfacet
  facet normal 0 0 1
    outer loop
      vertex 37.8 12 1.2
      vertex -21.5865 10.9369 1.2
      vertex -20.9965 10.7897 1.2
    endloop
  endfacet
  facet normal 0 0 1
    outer loop
      vertex 37.8 12 1.2
      vertex -22.1836 11.0517 1.2
      vertex -21.5865 10.9369 1.2
    endloop
  endfacet
  facet normal 0 0 1
    outer loop
      vertex 37.8 12 1.2
      vertex -22.7861 11.134 1.2
      vertex -22.1836 11.0517 1.2
    endloop
  endfacet
  facet normal 0 0 1
    outer loop
      vertex 37.8 12 1.2
      vertex -23.3922 11.1835 1.2
      vertex -22.7861 11.134 1.2
    endloop
  endfacet
  facet normal -0 0 1
    outer loop
      vertex -37.8 12 1.2
      vertex -23.3922 11.1835 1.2
      vertex 37.8 12 1.2
    endloop
  endfacet
  facet normal 0 0 1
    outer loop
      vertex -26.6897 -0.235306 1.2
      vertex -29.2789 -0.472168 1.2
      vertex -29.2455 -0.757965 1.2
    endloop
  endfacet
  facet normal 0 0 1
    outer loop
      vertex -29.2581 9.88901 1.2
      vertex -35.1932 -0.390869 1.2
      vertex -29.2968 -0.184967 1.2
    endloop
  endfacet
  facet normal -0 0 1
    outer loop
      vertex -39 10.8 1.2
      vertex -29.2581 9.88901 1.2
      vertex -37.8 12 1.2
    endloop
  endfacet
  facet normal 0 0 1
    outer loop
      vertex -28.7136 10.1598 1.2
      vertex -37.8 12 1.2
      vertex -29.2581 9.88901 1.2
    endloop
  endfacet
  facet normal 0 0 1
    outer loop
      vertex -28.1553 10.4007 1.2
      vertex -37.8 12 1.2
      vertex -28.7136 10.1598 1.2
    endloop
  endfacet
  facet normal 0 0 1
    outer loop
      vertex -27.5847 10.6108 1.2
      vertex -37.8 12 1.2
      vertex -28.1553 10.4007 1.2
    endloop
  endfacet
  facet normal 0 0 1
    outer loop
      vertex -27.0035 10.7897 1.2
      vertex -37.8 12 1.2
      vertex -27.5847 10.6108 1.2
    endloop
  endfacet
  facet normal 0 0 1
    outer loop
      vertex -26.4135 10.9369 1.2
      vertex -37.8 12 1.2
      vertex -27.0035 10.7897 1.2
    endloop
  endfacet
  facet normal 0 0 1
    outer loop
      vertex -25.8164 11.0517 1.2
      vertex -37.8 12 1.2
      vertex -26.4135 10.9369 1.2
    endloop
  endfacet
  facet normal 0 0 1
    outer loop
      vertex -25.2139 11.134 1.2
      vertex -37.8 12 1.2
      vertex -25.8164 11.0517 1.2
    endloop
  endfacet
  facet normal 0 0 1
    outer loop
      vertex -24.6078 11.1835 1.2
      vertex -37.8 12 1.2
      vertex -25.2139 11.134 1.2
    endloop
  endfacet
  facet normal 0 0 1
    outer loop
      vertex -24 11.2 1.2
      vertex -37.8 12 1.2
      vertex -24.6078 11.1835 1.2
    endloop
  endfacet
  facet normal 0 0 1
    outer loop
      vertex -23.3922 11.1835 1.2
      vertex -37.8 12 1.2
      vertex -24 11.2 1.2
    endloop
  endfacet
  facet normal 0 0 1
    outer loop
      vertex 38.0084 -11.9818 1.2
      vertex 37.8 -12 1.2
      vertex 37.9046 -11.9954 1.2
    endloop
  endfacet
  facet normal 0 0 1
    outer loop
      vertex 27.1265 0.451263 1.2
      vertex 28.4966 1.38376 1.2
      vertex 28.4419 1.39536 1.2
    endloop
  endfacet
  facet normal 0 0 1
    outer loop
      vertex 27.1265 0.451263 1.2
      vertex 28.4419 1.39536 1.2
      vertex 28.3885 1.40573 1.2
    endloop
  endfacet
  facet normal 0 0 1
    outer loop
      vertex 27.1432 0.563812 1.2
      vertex 28.3885 1.40573 1.2
      vertex 28.3364 1.41487 1.2
    endloop
  endfacet
  facet normal 0 0 1
    outer loop
      vertex 27.1432 0.563812 1.2
      vertex 28.3364 1.41487 1.2
      vertex 28.2857 1.42281 1.2
    endloop
  endfacet
  facet normal 0 0 1
    outer loop
      vertex 27.1646 0.669678 1.2
      vertex 28.2857 1.42281 1.2
      vertex 28.2362 1.42952 1.2
    endloop
  endfacet
  facet normal 0 0 1
    outer loop
      vertex 27.1646 0.669678 1.2
      vertex 28.2362 1.42952 1.2
      vertex 28.188 1.43501 1.2
    endloop
  endfacet
  facet normal 0 0 1
    outer loop
      vertex 27.1908 0.768875 1.2
      vertex 28.188 1.43501 1.2
      vertex 28.1412 1.43929 1.2
    endloop
  endfacet
  facet normal 0 0 1
    outer loop
      vertex 27.2218 0.861404 1.2
      vertex 28.1412 1.43929 1.2
      vertex 28.0956 1.44234 1.2
    endloop
  endfacet
  facet normal 0 0 1
    outer loop
      vertex 27.2575 0.94725 1.2
      vertex 28.0956 1.44234 1.2
      vertex 28.0513 1.44417 1.2
    endloop
  endfacet
  facet normal 0 0 1
    outer loop
      vertex 27.2575 0.94725 1.2
      vertex 28.0513 1.44417 1.2
      vertex 28.0084 1.44478 1.2
    endloop
  endfacet
  facet normal 0 0 1
    outer loop
      vertex 27.2979 1.02643 1.2
      vertex 28.0084 1.44478 1.2
      vertex 27.9248 1.44131 1.2
    endloop
  endfacet
  facet normal 0 0 1
    outer loop
      vertex 27.3431 1.09894 1.2
      vertex 27.9248 1.44131 1.2
      vertex 27.845 1.43094 1.2
    endloop
  endfacet
  facet normal 0 0 1
    outer loop
      vertex 27.3926 1.16464 1.2
      vertex 27.845 1.43094 1.2
      vertex 27.7691 1.41365 1.2
    endloop
  endfacet
  facet normal 0 0 1
    outer loop
      vertex 27.3926 1.16464 1.2
      vertex 27.7691 1.41365 1.2
      vertex 27.6969 1.38945 1.2
    endloop
  endfacet
  facet normal 0 0 1
    outer loop
      vertex 27.3926 1.16464 1.2
      vertex 27.6969 1.38945 1.2
      vertex 27.6285 1.35832 1.2
    endloop
  endfacet
  facet normal 0 0 1
    outer loop
      vertex 27.3926 1.16464 1.2
      vertex 27.6285 1.35832 1.2
      vertex 27.5638 1.32028 1.2
    endloop
  endfacet
  facet normal 0 0 1
    outer loop
      vertex 27.3926 1.16464 1.2
      vertex 27.5638 1.32028 1.2
      vertex 27.503 1.27531 1.2
    endloop
  endfacet
  facet normal 0 0 1
    outer loop
      vertex 27.3926 1.16464 1.2
      vertex 27.503 1.27531 1.2
      vertex 27.4459 1.22343 1.2
    endloop
  endfacet
  facet normal 0 0 1
    outer loop
      vertex 27.845 1.43094 1.2
      vertex 27.3926 1.16464 1.2
      vertex 27.3431 1.09894 1.2
    endloop
  endfacet
  facet normal 0 0 1
    outer loop
      vertex 27.9248 1.44131 1.2
      vertex 27.3431 1.09894 1.2
      vertex 27.2979 1.02643 1.2
    endloop
  endfacet
  facet normal 0 0 1
    outer loop
      vertex 28.0084 1.44478 1.2
      vertex 27.2979 1.02643 1.2
      vertex 27.2575 0.94725 1.2
    endloop
  endfacet
  facet normal 0 0 1
    outer loop
      vertex 28.0956 1.44234 1.2
      vertex 27.2575 0.94725 1.2
      vertex 27.2218 0.861404 1.2
    endloop
  endfacet
  facet normal 0 0 1
    outer loop
      vertex 28.1412 1.43929 1.2
      vertex 27.2218 0.861404 1.2
      vertex 27.1908 0.768875 1.2
    endloop
  endfacet
  facet normal 0 0 1
    outer loop
      vertex 28.188 1.43501 1.2
      vertex 27.1908 0.768875 1.2
      vertex 27.1646 0.669678 1.2
    endloop
  endfacet
  facet normal 0 0 1
    outer loop
      vertex 28.2857 1.42281 1.2
      vertex 27.1646 0.669678 1.2
      vertex 27.1432 0.563812 1.2
    endloop
  endfacet
  facet normal 0 0 1
    outer loop
      vertex 28.3885 1.40573 1.2
      vertex 27.1432 0.563812 1.2
      vertex 27.1265 0.451263 1.2
    endloop
  endfacet
  facet normal 0 0 1
    outer loop
      vertex 28.4966 1.38376 1.2
      vertex 27.1265 0.451263 1.2
      vertex 27.1146 0.332047 1.2
    endloop
  endfacet
  facet normal 0 0 1
    outer loop
      vertex 28.4966 1.38376 1.2
      vertex 27.1146 0.332047 1.2
      vertex 27.1075 0.206161 1.2
    endloop
  endfacet
  facet normal 0 0 1
    outer loop
      vertex 28.4966 1.38376 1.2
      vertex 27.1075 0.206161 1.2
      vertex 27.1051 0.0735931 1.2
    endloop
  endfacet
  facet normal 0 0 1
    outer loop
      vertex 28.4966 1.38376 1.2
      vertex 27.1051 0.0735931 1.2
      vertex 27.1051 -2.08687 1.2
    endloop
  endfacet
  facet normal 0 0 1
    outer loop
      vertex 38.5713 -11.7192 1.2
      vertex 37.8 -12 1.2
      vertex 38.4883 -11.783 1.2
    endloop
  endfacet
  facet normal -0 0 1
    outer loop
      vertex 25.9618 -2.08687 1.2
      vertex 37.8 -12 1.2
      vertex 27.1051 -2.08687 1.2
    endloop
  endfacet
  facet normal 0 0 1
    outer loop
      vertex 25.1985 0.163788 1.2
      vertex 25.9617 1.35327 1.2
      vertex 25.9613 1.4221 1.2
    endloop
  endfacet
  facet normal 0 0 1
    outer loop
      vertex 25.1985 0.163788 1.2
      vertex 25.9613 1.4221 1.2
      vertex 25.9608 1.48851 1.2
    endloop
  endfacet
  facet normal 0 0 1
    outer loop
      vertex 25.1985 0.163788 1.2
      vertex 25.9608 1.48851 1.2
      vertex 25.9601 1.55254 1.2
    endloop
  endfacet
  facet normal 0 0 1
    outer loop
      vertex 25.1985 0.163788 1.2
      vertex 25.9601 1.55254 1.2
      vertex 25.9592 1.61415 1.2
    endloop
  endfacet
  facet normal 0 0 1
    outer loop
      vertex 25.1985 0.163788 1.2
      vertex 25.9592 1.61415 1.2
      vertex 25.9581 1.67337 1.2
    endloop
  endfacet
  facet normal 0 0 1
    outer loop
      vertex 25.1985 0.163788 1.2
      vertex 25.9581 1.67337 1.2
      vertex 25.9568 1.73019 1.2
    endloop
  endfacet
  facet normal 0 0 1
    outer loop
      vertex 25.1985 0.163788 1.2
      vertex 25.9568 1.73019 1.2
      vertex 25.9552 1.78462 1.2
    endloop
  endfacet
  facet normal 0 0 1
    outer loop
      vertex 25.1985 0.163788 1.2
      vertex 25.9552 1.78462 1.2
      vertex 25.9535 1.83664 1.2
    endloop
  endfacet
  facet normal 0 0 1
    outer loop
      vertex 25.1985 0.163788 1.2
      vertex 25.9535 1.83664 1.2
      vertex 25.9516 1.88626 1.2
    endloop
  endfacet
  facet normal 0 0 1
    outer loop
      vertex 25.1985 0.163788 1.2
      vertex 25.9516 1.88626 1.2
      vertex 25.9495 1.93413 1.2
    endloop
  endfacet
  facet normal 0 0 1
    outer loop
      vertex 25.1985 0.163788 1.2
      vertex 25.9495 1.93413 1.2
      vertex 25.9474 1.9809 1.2
    endloop
  endfacet
  facet normal 0 0 1
    outer loop
      vertex 25.1985 0.163788 1.2
      vertex 25.9474 1.9809 1.2
      vertex 25.9453 2.02657 1.2
    endloop
  endfacet
  facet normal 0 0 1
    outer loop
      vertex 25.1985 0.163788 1.2
      vertex 25.9453 2.02657 1.2
      vertex 25.9431 2.07114 1.2
    endloop
  endfacet
  facet normal 0 0 1
    outer loop
      vertex 25.1985 0.163788 1.2
      vertex 25.9431 2.07114 1.2
      vertex 25.9409 2.11462 1.2
    endloop
  endfacet
  facet normal 0 0 1
    outer loop
      vertex 25.1985 0.163788 1.2
      vertex 25.9409 2.11462 1.2
      vertex 25.9387 2.157 1.2
    endloop
  endfacet
  facet normal 0 0 1
    outer loop
      vertex 25.1985 0.163788 1.2
      vertex 25.9387 2.157 1.2
      vertex 25.9364 2.19827 1.2
    endloop
  endfacet
  facet normal 0 0 1
    outer loop
      vertex 25.1985 0.163788 1.2
      vertex 25.9364 2.19827 1.2
      vertex 25.934 2.23845 1.2
    endloop
  endfacet
  facet normal 0 0 1
    outer loop
      vertex 25.1985 0.163788 1.2
      vertex 25.934 2.23845 1.2
      vertex 25.9317 2.27753 1.2
    endloop
  endfacet
  facet normal 0 0 1
    outer loop
      vertex 24.703 1.76823 1.2
      vertex 25.9317 2.27753 1.2
      vertex 25.9292 2.31549 1.2
    endloop
  endfacet
  facet normal 0 0 1
    outer loop
      vertex 25.9618 1.28206 1.2
      vertex 25.2035 -0.0728455 1.2
      vertex 25.2035 -0.105362 1.2
    endloop
  endfacet
  facet normal 0 0 1
    outer loop
      vertex 25.9618 1.28206 1.2
      vertex 25.2035 -0.105362 1.2
      vertex 25.9618 -2.08687 1.2
    endloop
  endfacet
  facet normal -0 0 1
    outer loop
      vertex 25.1384 -0.972 1.2
      vertex 25.9618 -2.08687 1.2
      vertex 25.2035 -0.105362 1.2
    endloop
  endfacet
  facet normal -0 0 1
    outer loop
      vertex 25.0352 -1.1993 1.2
      vertex 25.9618 -2.08687 1.2
      vertex 25.1384 -0.972 1.2
    endloop
  endfacet
  facet normal -0 0 1
    outer loop
      vertex 24.9127 -1.40265 1.2
      vertex 25.9618 -2.08687 1.2
      vertex 25.0352 -1.1993 1.2
    endloop
  endfacet
  facet normal -0 0 1
    outer loop
      vertex 24.7709 -1.58208 1.2
      vertex 25.9618 -2.08687 1.2
      vertex 24.9127 -1.40265 1.2
    endloop
  endfacet
  facet normal -0 0 1
    outer loop
      vertex 24.6098 -1.73759 1.2
      vertex 25.9618 -2.08687 1.2
      vertex 24.7709 -1.58208 1.2
    endloop
  endfacet
  facet normal -0 0 1
    outer loop
      vertex 24.4294 -1.86917 1.2
      vertex 25.9618 -2.08687 1.2
      vertex 24.6098 -1.73759 1.2
    endloop
  endfacet
  facet normal -0 0 1
    outer loop
      vertex 24.2298 -1.97684 1.2
      vertex 25.9618 -2.08687 1.2
      vertex 24.4294 -1.86917 1.2
    endloop
  endfacet
  facet normal -0 0 1
    outer loop
      vertex 24.0108 -2.06056 1.2
      vertex 25.9618 -2.08687 1.2
      vertex 24.2298 -1.97684 1.2
    endloop
  endfacet
  facet normal 0 0 1
    outer loop
      vertex 23.7726 -2.12038 1.2
      vertex 25.9618 -2.08687 1.2
      vertex 24.0108 -2.06056 1.2
    endloop
  endfacet
  facet normal 0 0 1
    outer loop
      vertex 19.6255 -3.54546 1.2
      vertex 25.9618 -2.08687 1.2
      vertex 23.7726 -2.12038 1.2
    endloop
  endfacet
  facet normal 0 0 1
    outer loop
      vertex 19.6255 -3.54546 1.2
      vertex 23.7726 -2.12038 1.2
      vertex 23.5151 -2.15627 1.2
    endloop
  endfacet
  facet normal 0 0 1
    outer loop
      vertex 19.7466 -3.46384 1.2
      vertex 23.5151 -2.15627 1.2
      vertex 23.2383 -2.16823 1.2
    endloop
  endfacet
  facet normal 0 0 1
    outer loop
      vertex 19.8581 -3.3726 1.2
      vertex 23.2383 -2.16823 1.2
      vertex 23.0443 -2.16235 1.2
    endloop
  endfacet
  facet normal 0 0 1
    outer loop
      vertex 19.9594 -3.27199 1.2
      vertex 23.0443 -2.16235 1.2
      vertex 22.8596 -2.14471 1.2
    endloop
  endfacet
  facet normal 0 0 1
    outer loop
      vertex 20.05 -3.16217 1.2
      vertex 22.8596 -2.14471 1.2
      vertex 22.684 -2.11531 1.2
    endloop
  endfacet
  facet normal 0 0 1
    outer loop
      vertex 20.1299 -3.04315 1.2
      vertex 22.684 -2.11531 1.2
      vertex 22.5176 -2.07416 1.2
    endloop
  endfacet
  facet normal 0 0 1
    outer loop
      vertex 20.1992 -2.91495 1.2
      vertex 22.5176 -2.07416 1.2
      vertex 22.3604 -2.02124 1.2
    endloop
  endfacet
  facet normal 0 0 1
    outer loop
      vertex 20.2579 -2.77754 1.2
      vertex 22.3604 -2.02124 1.2
      vertex 22.2124 -1.95657 1.2
    endloop
  endfacet
  facet normal 0 0 1
    outer loop
      vertex 20.3058 -2.63094 1.2
      vertex 22.2124 -1.95657 1.2
      vertex 22.0737 -1.88014 1.2
    endloop
  endfacet
  facet normal -0 0 1
    outer loop
      vertex 20.3921 1.52388 1.2
      vertex 21.4446 1.41402 1.2
      vertex 20.3933 1.63251 1.2
    endloop
  endfacet
  facet normal 0 0 1
    outer loop
      vertex 21.4446 1.41402 1.2
      vertex 20.3921 1.52388 1.2
      vertex 21.3743 1.26152 1.2
    endloop
  endfacet
  facet normal -0 0 1
    outer loop
      vertex 20.3914 1.41248 1.2
      vertex 21.3743 1.26152 1.2
      vertex 20.3921 1.52388 1.2
    endloop
  endfacet
  facet normal -0 0 1
    outer loop
      vertex 20.3911 1.29832 1.2
      vertex 21.3743 1.26152 1.2
      vertex 20.3914 1.41248 1.2
    endloop
  endfacet
  facet normal 0 0 1
    outer loop
      vertex 21.3743 1.26152 1.2
      vertex 20.3911 1.29832 1.2
      vertex 21.3148 1.09894 1.2
    endloop
  endfacet
  facet normal 0 0 1
    outer loop
      vertex 21.3148 1.09894 1.2
      vertex 20.3911 1.29832 1.2
      vertex 21.2661 0.92627 1.2
    endloop
  endfacet
  facet normal 0 0 1
    outer loop
      vertex 21.2661 0.92627 1.2
      vertex 20.3911 1.29832 1.2
      vertex 21.2282 0.7435 1.2
    endloop
  endfacet
  facet normal 0 0 1
    outer loop
      vertex 21.2282 0.7435 1.2
      vertex 20.3911 1.29832 1.2
      vertex 21.2011 0.550644 1.2
    endloop
  endfacet
  facet normal 0 0 1
    outer loop
      vertex 21.2011 0.550644 1.2
      vertex 20.3911 1.29832 1.2
      vertex 21.1849 0.347702 1.2
    endloop
  endfacet
  facet normal 0 0 1
    outer loop
      vertex 21.1849 0.347702 1.2
      vertex 20.3911 1.29832 1.2
      vertex 21.1795 0.134674 1.2
    endloop
  endfacet
  facet normal 0 0 1
    outer loop
      vertex 21.1795 0.134674 1.2
      vertex 20.3911 1.29832 1.2
      vertex 21.1848 -0.0853271 1.2
    endloop
  endfacet
  facet normal 0 0 1
    outer loop
      vertex 21.1848 -0.0853271 1.2
      vertex 20.3911 1.29832 1.2
      vertex 21.2008 -0.294556 1.2
    endloop
  endfacet
  facet normal 0 0 1
    outer loop
      vertex 20.3911 -1.95259 1.2
      vertex 21.2008 -0.294556 1.2
      vertex 20.3911 1.29832 1.2
    endloop
  endfacet
  facet normal 0 0 1
    outer loop
      vertex 21.2008 -0.294556 1.2
      vertex 20.3911 -1.95259 1.2
      vertex 21.2274 -0.493011 1.2
    endloop
  endfacet
  facet normal 0 0 1
    outer loop
      vertex 21.2274 -0.493011 1.2
      vertex 20.3911 -1.95259 1.2
      vertex 21.2648 -0.680679 1.2
    endloop
  endfacet
  facet normal 0 0 1
    outer loop
      vertex 21.2648 -0.680679 1.2
      vertex 20.3911 -1.95259 1.2
      vertex 21.3127 -0.857574 1.2
    endloop
  endfacet
  facet normal 0 0 1
    outer loop
      vertex 21.3127 -0.857574 1.2
      vertex 20.3911 -1.95259 1.2
      vertex 21.3714 -1.02368 1.2
    endloop
  endfacet
  facet normal 0 0 1
    outer loop
      vertex 20.3911 -1.95259 1.2
      vertex 21.4406 -1.179 1.2
      vertex 21.3714 -1.02368 1.2
    endloop
  endfacet
  facet normal 0 0 1
    outer loop
      vertex 20.3911 -1.95259 1.2
      vertex 21.5206 -1.32355 1.2
      vertex 21.4406 -1.179 1.2
    endloop
  endfacet
  facet normal 0 0 1
    outer loop
      vertex 20.3911 -1.95259 1.2
      vertex 21.6112 -1.45731 1.2
      vertex 21.5206 -1.32355 1.2
    endloop
  endfacet
  facet normal 0 0 1
    outer loop
      vertex 20.3911 -1.95259 1.2
      vertex 21.7125 -1.58029 1.2
      vertex 21.6112 -1.45731 1.2
    endloop
  endfacet
  facet normal 0 0 1
    outer loop
      vertex 20.3858 -2.13597 1.2
      vertex 21.7125 -1.58029 1.2
      vertex 20.3911 -1.95259 1.2
    endloop
  endfacet
  facet normal 0 0 1
    outer loop
      vertex 21.7125 -1.58029 1.2
      vertex 20.3858 -2.13597 1.2
      vertex 21.8237 -1.692 1.2
    endloop
  endfacet
  facet normal 0 0 1
    outer loop
      vertex 20.3698 -2.31015 1.2
      vertex 21.8237 -1.692 1.2
      vertex 20.3858 -2.13597 1.2
    endloop
  endfacet
  facet normal 0 0 1
    outer loop
      vertex 21.8237 -1.692 1.2
      vertex 20.3698 -2.31015 1.2
      vertex 21.9441 -1.79195 1.2
    endloop
  endfacet
  facet normal 0 0 1
    outer loop
      vertex 20.3431 -2.47514 1.2
      vertex 21.9441 -1.79195 1.2
      vertex 20.3698 -2.31015 1.2
    endloop
  endfacet
  facet normal 0 0 1
    outer loop
      vertex 21.9441 -1.79195 1.2
      vertex 20.3431 -2.47514 1.2
      vertex 22.0737 -1.88014 1.2
    endloop
  endfacet
  facet normal 0 0 1
    outer loop
      vertex 20.3058 -2.63094 1.2
      vertex 22.0737 -1.88014 1.2
      vertex 20.3431 -2.47514 1.2
    endloop
  endfacet
  facet normal 0 0 1
    outer loop
      vertex 22.2124 -1.95657 1.2
      vertex 20.3058 -2.63094 1.2
      vertex 20.2579 -2.77754 1.2
    endloop
  endfacet
  facet normal 0 0 1
    outer loop
      vertex 22.3604 -2.02124 1.2
      vertex 20.2579 -2.77754 1.2
      vertex 20.1992 -2.91495 1.2
    endloop
  endfacet
  facet normal 0 0 1
    outer loop
      vertex 22.5176 -2.07416 1.2
      vertex 20.1992 -2.91495 1.2
      vertex 20.1299 -3.04315 1.2
    endloop
  endfacet
  facet normal 0 0 1
    outer loop
      vertex 22.684 -2.11531 1.2
      vertex 20.1299 -3.04315 1.2
      vertex 20.05 -3.16217 1.2
    endloop
  endfacet
  facet normal 0 0 1
    outer loop
      vertex 22.8596 -2.14471 1.2
      vertex 20.05 -3.16217 1.2
      vertex 19.9594 -3.27199 1.2
    endloop
  endfacet
  facet normal 0 0 1
    outer loop
      vertex 23.0443 -2.16235 1.2
      vertex 19.9594 -3.27199 1.2
      vertex 19.8581 -3.3726 1.2
    endloop
  endfacet
  facet normal 0 0 1
    outer loop
      vertex 23.2383 -2.16823 1.2
      vertex 19.8581 -3.3726 1.2
      vertex 19.7466 -3.46384 1.2
    endloop
  endfacet
  facet normal 0 0 1
    outer loop
      vertex 23.5151 -2.15627 1.2
      vertex 19.7466 -3.46384 1.2
      vertex 19.6255 -3.54546 1.2
    endloop
  endfacet
  facet normal 0 0 1
    outer loop
      vertex 25.9618 -2.08687 1.2
      vertex 19.6255 -3.54546 1.2
      vertex 37.8 -12 1.2
    endloop
  endfacet
  facet normal -0 0 1
    outer loop
      vertex 19.4947 -3.61746 1.2
      vertex 37.8 -12 1.2
      vertex 19.6255 -3.54546 1.2
    endloop
  endfacet
  facet normal -0 0 1
    outer loop
      vertex 19.3542 -3.67989 1.2
      vertex 37.8 -12 1.2
      vertex 19.4947 -3.61746 1.2
    endloop
  endfacet
  facet normal -0 0 1
    outer loop
      vertex 19.204 -3.7327 1.2
      vertex 37.8 -12 1.2
      vertex 19.3542 -3.67989 1.2
    endloop
  endfacet
  facet normal -0 0 1
    outer loop
      vertex 19.0442 -3.77591 1.2
      vertex 37.8 -12 1.2
      vertex 19.204 -3.7327 1.2
    endloop
  endfacet
  facet normal -0 0 1
    outer loop
      vertex 18.8746 -3.80951 1.2
      vertex 37.8 -12 1.2
      vertex 19.0442 -3.77591 1.2
    endloop
  endfacet
  facet normal -0 0 1
    outer loop
      vertex 18.6954 -3.83353 1.2
      vertex 37.8 -12 1.2
      vertex 18.8746 -3.80951 1.2
    endloop
  endfacet
  facet normal -0 0 1
    outer loop
      vertex 18.5065 -3.84793 1.2
      vertex 37.8 -12 1.2
      vertex 18.6954 -3.83353 1.2
    endloop
  endfacet
  facet normal -0 0 1
    outer loop
      vertex 18.3079 -3.85272 1.2
      vertex 37.8 -12 1.2
      vertex 18.5065 -3.84793 1.2
    endloop
  endfacet
  facet normal 0 0 1
    outer loop
      vertex 18.1499 -3.84966 1.2
      vertex 37.8 -12 1.2
      vertex 18.3079 -3.85272 1.2
    endloop
  endfacet
  facet normal 0 0 1
    outer loop
      vertex 17.9983 -3.84044 1.2
      vertex 37.8 -12 1.2
      vertex 18.1499 -3.84966 1.2
    endloop
  endfacet
  facet normal 0 0 1
    outer loop
      vertex 17.8529 -3.82507 1.2
      vertex 37.8 -12 1.2
      vertex 17.9983 -3.84044 1.2
    endloop
  endfacet
  facet normal 0 0 1
    outer loop
      vertex 17.7139 -3.80357 1.2
      vertex 37.8 -12 1.2
      vertex 17.8529 -3.82507 1.2
    endloop
  endfacet
  facet normal 0 0 1
    outer loop
      vertex -18.0649 -9.49812 1.2
      vertex 17.7139 -3.80357 1.2
      vertex 17.5811 -3.77592 1.2
    endloop
  endfacet
  facet normal 0 0 1
    outer loop
      vertex -18.0649 -9.49812 1.2
      vertex 17.5811 -3.77592 1.2
      vertex 17.4547 -3.74214 1.2
    endloop
  endfacet
  facet normal 0 0 1
    outer loop
      vertex 6.17242 -2.16559 1.2
      vertex 17.4547 -3.74214 1.2
      vertex 17.3346 -3.70219 1.2
    endloop
  endfacet
  facet normal 0 0 1
    outer loop
      vertex 6.48735 -2.14442 1.2
      vertex 17.3346 -3.70219 1.2
      vertex 17.2207 -3.65611 1.2
    endloop
  endfacet
  facet normal 0 0 1
    outer loop
      vertex 15.3471 -2.08687 1.2
      vertex 16.377 -0.959351 1.2
      vertex 16.3305 -0.799118 1.2
    endloop
  endfacet
  facet normal 0 0 1
    outer loop
      vertex 15.3471 -2.08687 1.2
      vertex 16.3305 -0.799118 1.2
      vertex 16.2924 -0.628967 1.2
    endloop
  endfacet
  facet normal 0 0 1
    outer loop
      vertex 15.3471 -2.08687 1.2
      vertex 16.2924 -0.628967 1.2
      vertex 16.2628 -0.448883 1.2
    endloop
  endfacet
  facet normal 0 0 1
    outer loop
      vertex 15.3471 -2.08687 1.2
      vertex 16.2628 -0.448883 1.2
      vertex 16.2416 -0.258865 1.2
    endloop
  endfacet
  facet normal 0 0 1
    outer loop
      vertex 16.2421 0.562531 1.2
      vertex 15.3471 2.31549 1.2
      vertex 16.2291 0.361649 1.2
    endloop
  endfacet
  facet normal 0 0 1
    outer loop
      vertex 16.2291 0.361649 1.2
      vertex 15.3471 2.31549 1.2
      vertex 16.2247 0.15094 1.2
    endloop
  endfacet
  facet normal 0 0 1
    outer loop
      vertex 15.3471 -2.08687 1.2
      vertex 16.2247 0.15094 1.2
      vertex 15.3471 2.31549 1.2
    endloop
  endfacet
  facet normal 0 0 1
    outer loop
      vertex 16.2247 0.15094 1.2
      vertex 15.3471 -2.08687 1.2
      vertex 16.2289 -0.0589142 1.2
    endloop
  endfacet
  facet normal 0 0 1
    outer loop
      vertex 16.2289 -0.0589142 1.2
      vertex 15.3471 -2.08687 1.2
      vertex 16.2416 -0.258865 1.2
    endloop
  endfacet
  facet normal 0 0 1
    outer loop
      vertex 16.6478 -1.50096 1.2
      vertex 15.3471 -2.08687 1.2
      vertex 16.4078 -2.66869 1.2
    endloop
  endfacet
  facet normal 0 0 1
    outer loop
      vertex 15.3471 -2.08687 1.2
      vertex 16.4344 -2.77998 1.2
      vertex 16.4078 -2.66869 1.2
    endloop
  endfacet
  facet normal 0 0 1
    outer loop
      vertex 15.3471 -2.08687 1.2
      vertex 16.4685 -2.88605 1.2
      vertex 16.4344 -2.77998 1.2
    endloop
  endfacet
  facet normal 0 0 1
    outer loop
      vertex 15.3471 -2.08687 1.2
      vertex 16.5101 -2.98685 1.2
      vertex 16.4685 -2.88605 1.2
    endloop
  endfacet
  facet normal 0 0 1
    outer loop
      vertex 15.3471 -2.08687 1.2
      vertex 16.5592 -3.08241 1.2
      vertex 16.5101 -2.98685 1.2
    endloop
  endfacet
  facet normal -0 0 1
    outer loop
      vertex 14.2038 -2.08687 1.2
      vertex 16.5592 -3.08241 1.2
      vertex 15.3471 -2.08687 1.2
    endloop
  endfacet
  facet normal 0 0 1
    outer loop
      vertex 16.5592 -3.08241 1.2
      vertex 14.2038 -2.08687 1.2
      vertex 16.6158 -3.17271 1.2
    endloop
  endfacet
  facet normal 0 0 1
    outer loop
      vertex 16.6158 -3.17271 1.2
      vertex 14.2038 -2.08687 1.2
      vertex 16.68 -3.25778 1.2
    endloop
  endfacet
  facet normal 0 0 1
    outer loop
      vertex 16.68 -3.25778 1.2
      vertex 14.2038 -2.08687 1.2
      vertex 16.7517 -3.33759 1.2
    endloop
  endfacet
  facet normal 0 0 1
    outer loop
      vertex 16.7517 -3.33759 1.2
      vertex 14.2038 -2.08687 1.2
      vertex 16.831 -3.41216 1.2
    endloop
  endfacet
  facet normal -0 0 1
    outer loop
      vertex 12.0146 -2.12038 1.2
      vertex 16.831 -3.41216 1.2
      vertex 14.2038 -2.08687 1.2
    endloop
  endfacet
  facet normal 0 0 1
    outer loop
      vertex 16.831 -3.41216 1.2
      vertex 12.0146 -2.12038 1.2
      vertex 16.9177 -3.48146 1.2
    endloop
  endfacet
  facet normal -0 0 1
    outer loop
      vertex 11.757 -2.15627 1.2
      vertex 16.9177 -3.48146 1.2
      vertex 12.0146 -2.12038 1.2
    endloop
  endfacet
  facet normal -0 0 1
    outer loop
      vertex 13.4455 -0.105362 1.2
      vertex 14.2038 -2.08687 1.2
      vertex 13.4455 -0.0728455 1.2
    endloop
  endfacet
  facet normal -0 0 1
    outer loop
      vertex 13.3804 -0.972 1.2
      vertex 14.2038 -2.08687 1.2
      vertex 13.4455 -0.105362 1.2
    endloop
  endfacet
  facet normal -0 0 1
    outer loop
      vertex 13.2772 -1.1993 1.2
      vertex 14.2038 -2.08687 1.2
      vertex 13.3804 -0.972 1.2
    endloop
  endfacet
  facet normal -0 0 1
    outer loop
      vertex 13.1546 -1.40265 1.2
      vertex 14.2038 -2.08687 1.2
      vertex 13.2772 -1.1993 1.2
    endloop
  endfacet
  facet normal -0 0 1
    outer loop
      vertex 13.0128 -1.58208 1.2
      vertex 14.2038 -2.08687 1.2
      vertex 13.1546 -1.40265 1.2
    endloop
  endfacet
  facet normal -0 0 1
    outer loop
      vertex 12.8518 -1.73759 1.2
      vertex 14.2038 -2.08687 1.2
      vertex 13.0128 -1.58208 1.2
    endloop
  endfacet
  facet normal -0 0 1
    outer loop
      vertex 12.6714 -1.86917 1.2
      vertex 14.2038 -2.08687 1.2
      vertex 12.8518 -1.73759 1.2
    endloop
  endfacet
  facet normal -0 0 1
    outer loop
      vertex 12.4717 -1.97684 1.2
      vertex 14.2038 -2.08687 1.2
      vertex 12.6714 -1.86917 1.2
    endloop
  endfacet
  facet normal -0 0 1
    outer loop
      vertex 12.2528 -2.06056 1.2
      vertex 14.2038 -2.08687 1.2
      vertex 12.4717 -1.97684 1.2
    endloop
  endfacet
  facet normal 0 0 1
    outer loop
      vertex 12.0146 -2.12038 1.2
      vertex 14.2038 -2.08687 1.2
      vertex 12.2528 -2.06056 1.2
    endloop
  endfacet
  facet normal 0 0 1
    outer loop
      vertex 16.9177 -3.48146 1.2
      vertex 11.757 -2.15627 1.2
      vertex 17.012 -3.54553 1.2
    endloop
  endfacet
  facet normal -0 0 1
    outer loop
      vertex 11.4803 -2.16823 1.2
      vertex 17.012 -3.54553 1.2
      vertex 11.757 -2.15627 1.2
    endloop
  endfacet
  facet normal 0 0 1
    outer loop
      vertex 17.012 -3.54553 1.2
      vertex 11.4803 -2.16823 1.2
      vertex 17.1132 -3.6039 1.2
    endloop
  endfacet
  facet normal 0 0 1
    outer loop
      vertex 11.2863 -2.16235 1.2
      vertex 17.1132 -3.6039 1.2
      vertex 11.4803 -2.16823 1.2
    endloop
  endfacet
  facet normal 0 0 1
    outer loop
      vertex 17.1132 -3.6039 1.2
      vertex 11.2863 -2.16235 1.2
      vertex 17.2207 -3.65611 1.2
    endloop
  endfacet
  facet normal 0 0 1
    outer loop
      vertex 11.1015 -2.14471 1.2
      vertex 17.2207 -3.65611 1.2
      vertex 11.2863 -2.16235 1.2
    endloop
  endfacet
  facet normal 0 0 1
    outer loop
      vertex 6.48735 -2.14442 1.2
      vertex 17.2207 -3.65611 1.2
      vertex 11.1015 -2.14471 1.2
    endloop
  endfacet
  facet normal -0 0 1
    outer loop
      vertex 6.64267 -2.12592 1.2
      vertex 11.1015 -2.14471 1.2
      vertex 10.926 -2.11531 1.2
    endloop
  endfacet
  facet normal 0 0 1
    outer loop
      vertex 6.94904 -2.07303 1.2
      vertex 10.926 -2.11531 1.2
      vertex 10.7596 -2.07416 1.2
    endloop
  endfacet
  facet normal 0 0 1
    outer loop
      vertex 7.24971 -1.99899 1.2
      vertex 10.7596 -2.07416 1.2
      vertex 10.6024 -2.02124 1.2
    endloop
  endfacet
  facet normal 0 0 1
    outer loop
      vertex 8.73077 0.936218 1.2
      vertex 9.42682 -0.0853271 1.2
      vertex 9.42149 0.134674 1.2
    endloop
  endfacet
  facet normal 0 0 1
    outer loop
      vertex 8.73077 -1.17139 1.2
      vertex 9.42682 -0.0853271 1.2
      vertex 8.73077 0.936218 1.2
    endloop
  endfacet
  facet normal 0 0 1
    outer loop
      vertex 9.42682 -0.0853271 1.2
      vertex 8.73077 -1.17139 1.2
      vertex 9.44281 -0.294556 1.2
    endloop
  endfacet
  facet normal 0 0 1
    outer loop
      vertex 9.44281 -0.294556 1.2
      vertex 8.73077 -1.17139 1.2
      vertex 9.46947 -0.493011 1.2
    endloop
  endfacet
  facet normal 0 0 1
    outer loop
      vertex 9.46947 -0.493011 1.2
      vertex 8.73077 -1.17139 1.2
      vertex 9.50677 -0.680679 1.2
    endloop
  endfacet
  facet normal 0 0 1
    outer loop
      vertex 9.50677 -0.680679 1.2
      vertex 8.73077 -1.17139 1.2
      vertex 9.55473 -0.857574 1.2
    endloop
  endfacet
  facet normal 0 0 1
    outer loop
      vertex 9.55473 -0.857574 1.2
      vertex 8.73077 -1.17139 1.2
      vertex 9.61337 -1.02368 1.2
    endloop
  endfacet
  facet normal 0 0 1
    outer loop
      vertex 9.61337 -1.02368 1.2
      vertex 8.73077 -1.17139 1.2
      vertex 9.68265 -1.179 1.2
    endloop
  endfacet
  facet normal 0 0 1
    outer loop
      vertex 8.73077 -1.17139 1.2
      vertex 9.7626 -1.32355 1.2
      vertex 9.68265 -1.179 1.2
    endloop
  endfacet
  facet normal -0 0 1
    outer loop
      vertex 8.63689 -1.26294 1.2
      vertex 9.7626 -1.32355 1.2
      vertex 8.73077 -1.17139 1.2
    endloop
  endfacet
  facet normal 0 0 1
    outer loop
      vertex 9.7626 -1.32355 1.2
      vertex 8.63689 -1.26294 1.2
      vertex 9.85321 -1.45731 1.2
    endloop
  endfacet
  facet normal -0 0 1
    outer loop
      vertex 8.53751 -1.35042 1.2
      vertex 9.85321 -1.45731 1.2
      vertex 8.63689 -1.26294 1.2
    endloop
  endfacet
  facet normal 0 0 1
    outer loop
      vertex 9.85321 -1.45731 1.2
      vertex 8.53751 -1.35042 1.2
      vertex 9.95447 -1.58029 1.2
    endloop
  endfacet
  facet normal -0 0 1
    outer loop
      vertex 8.43263 -1.43384 1.2
      vertex 9.95447 -1.58029 1.2
      vertex 8.53751 -1.35042 1.2
    endloop
  endfacet
  facet normal -0 0 1
    outer loop
      vertex 8.32227 -1.51318 1.2
      vertex 9.95447 -1.58029 1.2
      vertex 8.43263 -1.43384 1.2
    endloop
  endfacet
  facet normal 0 0 1
    outer loop
      vertex 9.95447 -1.58029 1.2
      vertex 8.32227 -1.51318 1.2
      vertex 10.0657 -1.692 1.2
    endloop
  endfacet
  facet normal -0 0 1
    outer loop
      vertex 8.20641 -1.58846 1.2
      vertex 10.0657 -1.692 1.2
      vertex 8.32227 -1.51318 1.2
    endloop
  endfacet
  facet normal 0 0 1
    outer loop
      vertex 10.0657 -1.692 1.2
      vertex 8.20641 -1.58846 1.2
      vertex 10.1861 -1.79195 1.2
    endloop
  endfacet
  facet normal -0 0 1
    outer loop
      vertex 8.08505 -1.65967 1.2
      vertex 10.1861 -1.79195 1.2
      vertex 8.20641 -1.58846 1.2
    endloop
  endfacet
  facet normal -0 0 1
    outer loop
      vertex 7.95821 -1.72681 1.2
      vertex 10.1861 -1.79195 1.2
      vertex 8.08505 -1.65967 1.2
    endloop
  endfacet
  facet normal 0 0 1
    outer loop
      vertex 10.1861 -1.79195 1.2
      vertex 7.95821 -1.72681 1.2
      vertex 10.3157 -1.88014 1.2
    endloop
  endfacet
  facet normal -0 0 1
    outer loop
      vertex 7.82585 -1.78987 1.2
      vertex 10.3157 -1.88014 1.2
      vertex 7.95821 -1.72681 1.2
    endloop
  endfacet
  facet normal 0 0 1
    outer loop
      vertex 10.3157 -1.88014 1.2
      vertex 7.82585 -1.78987 1.2
      vertex 10.4545 -1.95657 1.2
    endloop
  endfacet
  facet normal -0 0 1
    outer loop
      vertex 7.68802 -1.84888 1.2
      vertex 10.4545 -1.95657 1.2
      vertex 7.82585 -1.78987 1.2
    endloop
  endfacet
  facet normal -0 0 1
    outer loop
      vertex 7.54469 -1.90381 1.2
      vertex 10.4545 -1.95657 1.2
      vertex 7.68802 -1.84888 1.2
    endloop
  endfacet
  facet normal 0 0 1
    outer loop
      vertex 10.4545 -1.95657 1.2
      vertex 7.54469 -1.90381 1.2
      vertex 10.6024 -2.02124 1.2
    endloop
  endfacet
  facet normal -0 0 1
    outer loop
      vertex 7.39792 -1.95404 1.2
      vertex 10.6024 -2.02124 1.2
      vertex 7.54469 -1.90381 1.2
    endloop
  endfacet
  facet normal -0 0 1
    outer loop
      vertex 7.24971 -1.99899 1.2
      vertex 10.6024 -2.02124 1.2
      vertex 7.39792 -1.95404 1.2
    endloop
  endfacet
  facet normal 0 0 1
    outer loop
      vertex 10.7596 -2.07416 1.2
      vertex 7.24971 -1.99899 1.2
      vertex 7.1001 -2.03867 1.2
    endloop
  endfacet
  facet normal 0 0 1
    outer loop
      vertex 10.7596 -2.07416 1.2
      vertex 7.1001 -2.03867 1.2
      vertex 6.94904 -2.07303 1.2
    endloop
  endfacet
  facet normal 0 0 1
    outer loop
      vertex 10.926 -2.11531 1.2
      vertex 6.94904 -2.07303 1.2
      vertex 6.79657 -2.10213 1.2
    endloop
  endfacet
  facet normal 0 0 1
    outer loop
      vertex 10.926 -2.11531 1.2
      vertex 6.79657 -2.10213 1.2
      vertex 6.64267 -2.12592 1.2
    endloop
  endfacet
  facet normal 0 0 1
    outer loop
      vertex 11.1015 -2.14471 1.2
      vertex 6.64267 -2.12592 1.2
      vertex 6.48735 -2.14442 1.2
    endloop
  endfacet
  facet normal 0 0 1
    outer loop
      vertex 17.3346 -3.70219 1.2
      vertex 6.48735 -2.14442 1.2
      vertex 6.3306 -2.15765 1.2
    endloop
  endfacet
  facet normal 0 0 1
    outer loop
      vertex 17.3346 -3.70219 1.2
      vertex 6.3306 -2.15765 1.2
      vertex 6.17242 -2.16559 1.2
    endloop
  endfacet
  facet normal 0 0 1
    outer loop
      vertex 17.4547 -3.74214 1.2
      vertex 6.17242 -2.16559 1.2
      vertex 6.01283 -2.16823 1.2
    endloop
  endfacet
  facet normal 0 0 1
    outer loop
      vertex 17.4547 -3.74214 1.2
      vertex 6.01283 -2.16823 1.2
      vertex -18.0649 -9.49812 1.2
    endloop
  endfacet
  facet normal 0 0 1
    outer loop
      vertex -17.5582 -9.16202 1.2
      vertex 6.01283 -2.16823 1.2
      vertex 5.73938 -2.16048 1.2
    endloop
  endfacet
  facet normal -0 0 1
    outer loop
      vertex 0.901108 -2.15627 1.2
      vertex 5.73938 -2.16048 1.2
      vertex 5.47887 -2.13722 1.2
    endloop
  endfacet
  facet normal -0 0 1
    outer loop
      vertex 1.15863 -2.12038 1.2
      vertex 5.47887 -2.13722 1.2
      vertex 5.23128 -2.09846 1.2
    endloop
  endfacet
  facet normal 0 0 1
    outer loop
      vertex 1.15863 -2.12038 1.2
      vertex 5.23128 -2.09846 1.2
      vertex 4.99664 -2.04422 1.2
    endloop
  endfacet
  facet normal 0 0 1
    outer loop
      vertex 2.58955 -0.0728455 1.2
      vertex 3.11528 0.527695 1.2
      vertex 3.10776 0.806015 1.2
    endloop
  endfacet
  facet normal 0 0 1
    outer loop
      vertex 2.58955 -0.0728455 1.2
      vertex 3.13786 0.262344 1.2
      vertex 3.11528 0.527695 1.2
    endloop
  endfacet
  facet normal 0 0 1
    outer loop
      vertex 2.58955 -0.0728455 1.2
      vertex 3.17549 0.00996399 1.2
      vertex 3.13786 0.262344 1.2
    endloop
  endfacet
  facet normal 0 0 1
    outer loop
      vertex 2.58955 -0.105362 1.2
      vertex 3.17549 0.00996399 1.2
      vertex 2.58955 -0.0728455 1.2
    endloop
  endfacet
  facet normal 0 0 1
    outer loop
      vertex 3.17549 0.00996399 1.2
      vertex 2.58955 -0.105362 1.2
      vertex 3.22818 -0.229401 1.2
    endloop
  endfacet
  facet normal 0 0 1
    outer loop
      vertex 3.22818 -0.229401 1.2
      vertex 2.58955 -0.105362 1.2
      vertex 3.29593 -0.455811 1.2
    endloop
  endfacet
  facet normal 0 0 1
    outer loop
      vertex 2.52446 -0.972 1.2
      vertex 3.29593 -0.455811 1.2
      vertex 2.58955 -0.105362 1.2
    endloop
  endfacet
  facet normal 0 0 1
    outer loop
      vertex 3.29593 -0.455811 1.2
      vertex 2.52446 -0.972 1.2
      vertex 3.37872 -0.669235 1.2
    endloop
  endfacet
  facet normal 0 0 1
    outer loop
      vertex 3.37872 -0.669235 1.2
      vertex 2.52446 -0.972 1.2
      vertex 3.47658 -0.86969 1.2
    endloop
  endfacet
  facet normal 0 0 1
    outer loop
      vertex 3.47658 -0.86969 1.2
      vertex 2.52446 -0.972 1.2
      vertex 3.58948 -1.05716 1.2
    endloop
  endfacet
  facet normal 0 0 1
    outer loop
      vertex 2.42122 -1.1993 1.2
      vertex 3.58948 -1.05716 1.2
      vertex 2.52446 -0.972 1.2
    endloop
  endfacet
  facet normal 0 0 1
    outer loop
      vertex 3.58948 -1.05716 1.2
      vertex 2.42122 -1.1993 1.2
      vertex 3.71744 -1.23164 1.2
    endloop
  endfacet
  facet normal 0 0 1
    outer loop
      vertex 2.29871 -1.40265 1.2
      vertex 3.71744 -1.23164 1.2
      vertex 2.42122 -1.1993 1.2
    endloop
  endfacet
  facet normal 0 0 1
    outer loop
      vertex 3.71744 -1.23164 1.2
      vertex 2.29871 -1.40265 1.2
      vertex 3.86046 -1.39314 1.2
    endloop
  endfacet
  facet normal 0 0 1
    outer loop
      vertex 2.15691 -1.58208 1.2
      vertex 3.86046 -1.39314 1.2
      vertex 2.29871 -1.40265 1.2
    endloop
  endfacet
  facet normal 0 0 1
    outer loop
      vertex 3.86046 -1.39314 1.2
      vertex 2.15691 -1.58208 1.2
      vertex 4.01747 -1.54041 1.2
    endloop
  endfacet
  facet normal 0 0 1
    outer loop
      vertex 1.99582 -1.73759 1.2
      vertex 4.01747 -1.54041 1.2
      vertex 2.15691 -1.58208 1.2
    endloop
  endfacet
  facet normal 0 0 1
    outer loop
      vertex 4.01747 -1.54041 1.2
      vertex 1.99582 -1.73759 1.2
      vertex 4.18744 -1.67218 1.2
    endloop
  endfacet
  facet normal 0 0 1
    outer loop
      vertex 4.18744 -1.67218 1.2
      vertex 1.99582 -1.73759 1.2
      vertex 4.37033 -1.78844 1.2
    endloop
  endfacet
  facet normal 0 0 1
    outer loop
      vertex 1.81544 -1.86917 1.2
      vertex 4.37033 -1.78844 1.2
      vertex 1.99582 -1.73759 1.2
    endloop
  endfacet
  facet normal 0 0 1
    outer loop
      vertex 4.37033 -1.78844 1.2
      vertex 1.81544 -1.86917 1.2
      vertex 4.56616 -1.88921 1.2
    endloop
  endfacet
  facet normal 0 0 1
    outer loop
      vertex 1.6158 -1.97684 1.2
      vertex 4.56616 -1.88921 1.2
      vertex 1.81544 -1.86917 1.2
    endloop
  endfacet
  facet normal 0 0 1
    outer loop
      vertex 4.56616 -1.88921 1.2
      vertex 1.6158 -1.97684 1.2
      vertex 4.77493 -1.97446 1.2
    endloop
  endfacet
  facet normal 0 0 1
    outer loop
      vertex 1.39685 -2.06056 1.2
      vertex 4.77493 -1.97446 1.2
      vertex 1.6158 -1.97684 1.2
    endloop
  endfacet
  facet normal 0 0 1
    outer loop
      vertex 4.77493 -1.97446 1.2
      vertex 1.39685 -2.06056 1.2
      vertex 4.99664 -2.04422 1.2
    endloop
  endfacet
  facet normal 0 0 1
    outer loop
      vertex 1.15863 -2.12038 1.2
      vertex 4.99664 -2.04422 1.2
      vertex 1.39685 -2.06056 1.2
    endloop
  endfacet
  facet normal 0 0 1
    outer loop
      vertex 5.47887 -2.13722 1.2
      vertex 1.15863 -2.12038 1.2
      vertex 0.901108 -2.15627 1.2
    endloop
  endfacet
  facet normal 0 0 1
    outer loop
      vertex 5.73938 -2.16048 1.2
      vertex 0.901108 -2.15627 1.2
      vertex -17.5582 -9.16202 1.2
    endloop
  endfacet
  facet normal 0 0 1
    outer loop
      vertex -17.0704 -8.79889 1.2
      vertex 0.901108 -2.15627 1.2
      vertex 0.624313 -2.16823 1.2
    endloop
  endfacet
  facet normal 0 0 1
    outer loop
      vertex -16.6031 -8.40984 1.2
      vertex 0.624313 -2.16823 1.2
      vertex 0.430359 -2.16235 1.2
    endloop
  endfacet
  facet normal 0 0 1
    outer loop
      vertex -16.1576 -7.996 1.2
      vertex 0.430359 -2.16235 1.2
      vertex 0.245605 -2.14471 1.2
    endloop
  endfacet
  facet normal -0 0 1
    outer loop
      vertex -3.45959 -2.1373 1.2
      vertex 0.245605 -2.14471 1.2
      vertex 0.0700378 -2.11531 1.2
    endloop
  endfacet
  facet normal -0 0 1
    outer loop
      vertex -3.26756 -2.09865 1.2
      vertex 0.0700378 -2.11531 1.2
      vertex -0.0963287 -2.07416 1.2
    endloop
  endfacet
  facet normal 0 0 1
    outer loop
      vertex -1.89572 -0.622086 1.2
      vertex -1.42914 -0.0853271 1.2
      vertex -1.43446 0.134674 1.2
    endloop
  endfacet
  facet normal 0 0 1
    outer loop
      vertex -1.89572 -0.622086 1.2
      vertex -1.41315 -0.294556 1.2
      vertex -1.42914 -0.0853271 1.2
    endloop
  endfacet
  facet normal 0 0 1
    outer loop
      vertex -1.89572 -0.622086 1.2
      vertex -1.38649 -0.493011 1.2
      vertex -1.41315 -0.294556 1.2
    endloop
  endfacet
  facet normal -0 0 1
    outer loop
      vertex -1.89572 -0.622086 1.2
      vertex -1.34918 -0.680679 1.2
      vertex -1.38649 -0.493011 1.2
    endloop
  endfacet
  facet normal 0 0 1
    outer loop
      vertex -1.90994 -0.711441 1.2
      vertex -1.34918 -0.680679 1.2
      vertex -1.89572 -0.622086 1.2
    endloop
  endfacet
  facet normal 0 0 1
    outer loop
      vertex -1.92819 -0.798859 1.2
      vertex -1.34918 -0.680679 1.2
      vertex -1.90994 -0.711441 1.2
    endloop
  endfacet
  facet normal 0 0 1
    outer loop
      vertex -1.34918 -0.680679 1.2
      vertex -1.92819 -0.798859 1.2
      vertex -1.30122 -0.857574 1.2
    endloop
  endfacet
  facet normal 0 0 1
    outer loop
      vertex -1.95045 -0.884308 1.2
      vertex -1.30122 -0.857574 1.2
      vertex -1.92819 -0.798859 1.2
    endloop
  endfacet
  facet normal 0 0 1
    outer loop
      vertex -1.97676 -0.967804 1.2
      vertex -1.30122 -0.857574 1.2
      vertex -1.95045 -0.884308 1.2
    endloop
  endfacet
  facet normal 0 0 1
    outer loop
      vertex -1.30122 -0.857574 1.2
      vertex -1.97676 -0.967804 1.2
      vertex -1.24258 -1.02368 1.2
    endloop
  endfacet
  facet normal 0 0 1
    outer loop
      vertex -2.0071 -1.04935 1.2
      vertex -1.24258 -1.02368 1.2
      vertex -1.97676 -0.967804 1.2
    endloop
  endfacet
  facet normal 0 0 1
    outer loop
      vertex -2.04146 -1.12894 1.2
      vertex -1.24258 -1.02368 1.2
      vertex -2.0071 -1.04935 1.2
    endloop
  endfacet
  facet normal 0 0 1
    outer loop
      vertex -1.24258 -1.02368 1.2
      vertex -2.04146 -1.12894 1.2
      vertex -1.17331 -1.179 1.2
    endloop
  endfacet
  facet normal 0 0 1
    outer loop
      vertex -2.07985 -1.20657 1.2
      vertex -1.17331 -1.179 1.2
      vertex -2.04146 -1.12894 1.2
    endloop
  endfacet
  facet normal 0 0 1
    outer loop
      vertex -1.17331 -1.179 1.2
      vertex -2.07985 -1.20657 1.2
      vertex -1.09335 -1.32355 1.2
    endloop
  endfacet
  facet normal -0 0 1
    outer loop
      vertex -2.12225 -1.28226 1.2
      vertex -1.09335 -1.32355 1.2
      vertex -2.07985 -1.20657 1.2
    endloop
  endfacet
  facet normal 0 0 1
    outer loop
      vertex -2.1687 -1.35599 1.2
      vertex -1.09335 -1.32355 1.2
      vertex -2.12225 -1.28226 1.2
    endloop
  endfacet
  facet normal 0 0 1
    outer loop
      vertex -1.09335 -1.32355 1.2
      vertex -2.1687 -1.35599 1.2
      vertex -1.00275 -1.45731 1.2
    endloop
  endfacet
  facet normal -0 0 1
    outer loop
      vertex -2.21918 -1.42776 1.2
      vertex -1.00275 -1.45731 1.2
      vertex -2.1687 -1.35599 1.2
    endloop
  endfacet
  facet normal 0 0 1
    outer loop
      vertex -2.27332 -1.49695 1.2
      vertex -1.00275 -1.45731 1.2
      vertex -2.21918 -1.42776 1.2
    endloop
  endfacet
  facet normal 0 0 1
    outer loop
      vertex -1.00275 -1.45731 1.2
      vertex -2.27332 -1.49695 1.2
      vertex -0.901489 -1.58029 1.2
    endloop
  endfacet
  facet normal -0 0 1
    outer loop
      vertex -2.33075 -1.56291 1.2
      vertex -0.901489 -1.58029 1.2
      vertex -2.27332 -1.49695 1.2
    endloop
  endfacet
  facet normal 0 0 1
    outer loop
      vertex -2.39148 -1.62567 1.2
      vertex -0.901489 -1.58029 1.2
      vertex -2.33075 -1.56291 1.2
    endloop
  endfacet
  facet normal 0 0 1
    outer loop
      vertex -0.901489 -1.58029 1.2
      vertex -2.39148 -1.62567 1.2
      vertex -0.790283 -1.692 1.2
    endloop
  endfacet
  facet normal -0 0 1
    outer loop
      vertex -2.45551 -1.68521 1.2
      vertex -0.790283 -1.692 1.2
      vertex -2.39148 -1.62567 1.2
    endloop
  endfacet
  facet normal 0 0 1
    outer loop
      vertex -2.52283 -1.74153 1.2
      vertex -0.790283 -1.692 1.2
      vertex -2.45551 -1.68521 1.2
    endloop
  endfacet
  facet normal 0 0 1
    outer loop
      vertex -0.790283 -1.692 1.2
      vertex -2.52283 -1.74153 1.2
      vertex -0.669876 -1.79195 1.2
    endloop
  endfacet
  facet normal 0 0 1
    outer loop
      vertex -2.59344 -1.79465 1.2
      vertex -0.669876 -1.79195 1.2
      vertex -2.52283 -1.74153 1.2
    endloop
  endfacet
  facet normal 0 0 1
    outer loop
      vertex -2.66736 -1.84454 1.2
      vertex -0.669876 -1.79195 1.2
      vertex -2.59344 -1.79465 1.2
    endloop
  endfacet
  facet normal 0 0 1
    outer loop
      vertex -0.669876 -1.79195 1.2
      vertex -2.66736 -1.84454 1.2
      vertex -0.540283 -1.88014 1.2
    endloop
  endfacet
  facet normal 0 0 1
    outer loop
      vertex -2.74457 -1.89124 1.2
      vertex -0.540283 -1.88014 1.2
      vertex -2.66736 -1.84454 1.2
    endloop
  endfacet
  facet normal 0 0 1
    outer loop
      vertex -0.540283 -1.88014 1.2
      vertex -2.74457 -1.89124 1.2
      vertex -0.401489 -1.95657 1.2
    endloop
  endfacet
  facet normal -0 0 1
    outer loop
      vertex -2.82507 -1.93471 1.2
      vertex -0.401489 -1.95657 1.2
      vertex -2.74457 -1.89124 1.2
    endloop
  endfacet
  facet normal 0 0 1
    outer loop
      vertex -2.90887 -1.97496 1.2
      vertex -0.401489 -1.95657 1.2
      vertex -2.82507 -1.93471 1.2
    endloop
  endfacet
  facet normal 0 0 1
    outer loop
      vertex -0.401489 -1.95657 1.2
      vertex -2.90887 -1.97496 1.2
      vertex -0.25351 -2.02124 1.2
    endloop
  endfacet
  facet normal -0 0 1
    outer loop
      vertex -2.99538 -2.01169 1.2
      vertex -0.25351 -2.02124 1.2
      vertex -2.90887 -1.97496 1.2
    endloop
  endfacet
  facet normal 0 0 1
    outer loop
      vertex -3.08398 -2.04454 1.2
      vertex -0.25351 -2.02124 1.2
      vertex -2.99538 -2.01169 1.2
    endloop
  endfacet
  facet normal 0 0 1
    outer loop
      vertex -0.25351 -2.02124 1.2
      vertex -3.08398 -2.04454 1.2
      vertex -0.0963287 -2.07416 1.2
    endloop
  endfacet
  facet normal -0 0 1
    outer loop
      vertex -3.17471 -2.07353 1.2
      vertex -0.0963287 -2.07416 1.2
      vertex -3.08398 -2.04454 1.2
    endloop
  endfacet
  facet normal 0 0 1
    outer loop
      vertex -3.26756 -2.09865 1.2
      vertex -0.0963287 -2.07416 1.2
      vertex -3.17471 -2.07353 1.2
    endloop
  endfacet
  facet normal 0 0 1
    outer loop
      vertex 0.0700378 -2.11531 1.2
      vertex -3.26756 -2.09865 1.2
      vertex -3.36252 -2.11992 1.2
    endloop
  endfacet
  facet normal 0 0 1
    outer loop
      vertex 0.0700378 -2.11531 1.2
      vertex -3.36252 -2.11992 1.2
      vertex -3.45959 -2.1373 1.2
    endloop
  endfacet
  facet normal 0 0 1
    outer loop
      vertex 0.245605 -2.14471 1.2
      vertex -3.45959 -2.1373 1.2
      vertex -3.55879 -2.15083 1.2
    endloop
  endfacet
  facet normal 0 0 1
    outer loop
      vertex 0.245605 -2.14471 1.2
      vertex -3.55879 -2.15083 1.2
      vertex -16.1576 -7.996 1.2
    endloop
  endfacet
  facet normal 0 0 1
    outer loop
      vertex -16.1576 -7.996 1.2
      vertex -3.55879 -2.15083 1.2
      vertex -3.6601 -2.16049 1.2
    endloop
  endfacet
  facet normal 0 0 1
    outer loop
      vertex -16.1576 -7.996 1.2
      vertex -3.6601 -2.16049 1.2
      vertex -3.76352 -2.16629 1.2
    endloop
  endfacet
  facet normal 0 0 1
    outer loop
      vertex -15.7352 -7.55858 1.2
      vertex -3.76352 -2.16629 1.2
      vertex -3.86906 -2.16823 1.2
    endloop
  endfacet
  facet normal 0 0 1
    outer loop
      vertex -15.3371 -7.09889 1.2
      vertex -3.86906 -2.16823 1.2
      vertex -4.06468 -2.16226 1.2
    endloop
  endfacet
  facet normal 0 0 1
    outer loop
      vertex -15.3371 -7.09889 1.2
      vertex -4.06468 -2.16226 1.2
      vertex -4.25121 -2.14438 1.2
    endloop
  endfacet
  facet normal 0 0 1
    outer loop
      vertex -6.78923 -2.08687 1.2
      vertex -4.25121 -2.14438 1.2
      vertex -4.4286 -2.11458 1.2
    endloop
  endfacet
  facet normal 0 0 1
    outer loop
      vertex -5.95493 0.303177 1.2
      vertex -6.78923 -2.08687 1.2
      vertex -5.96042 0.08992 1.2
    endloop
  endfacet
  facet normal 0 0 1
    outer loop
      vertex -5.96042 0.08992 1.2
      vertex -6.78923 -2.08687 1.2
      vertex -5.95497 -0.118576 1.2
    endloop
  endfacet
  facet normal 0 0 1
    outer loop
      vertex -5.95497 -0.118576 1.2
      vertex -6.78923 -2.08687 1.2
      vertex -5.93861 -0.317673 1.2
    endloop
  endfacet
  facet normal 0 0 1
    outer loop
      vertex -5.93861 -0.317673 1.2
      vertex -6.78923 -2.08687 1.2
      vertex -5.91135 -0.507385 1.2
    endloop
  endfacet
  facet normal 0 0 1
    outer loop
      vertex -6.78923 -2.08687 1.2
      vertex -5.87318 -0.687698 1.2
      vertex -5.91135 -0.507385 1.2
    endloop
  endfacet
  facet normal 0 0 1
    outer loop
      vertex -6.78923 -2.08687 1.2
      vertex -5.82411 -0.858612 1.2
      vertex -5.87318 -0.687698 1.2
    endloop
  endfacet
  facet normal 0 0 1
    outer loop
      vertex -6.78923 -2.08687 1.2
      vertex -5.76414 -1.02013 1.2
      vertex -5.82411 -0.858612 1.2
    endloop
  endfacet
  facet normal 0 0 1
    outer loop
      vertex -6.78923 -2.08687 1.2
      vertex -5.69327 -1.17224 1.2
      vertex -5.76414 -1.02013 1.2
    endloop
  endfacet
  facet normal 0 0 1
    outer loop
      vertex -6.78923 -2.08687 1.2
      vertex -5.61148 -1.31496 1.2
      vertex -5.69327 -1.17224 1.2
    endloop
  endfacet
  facet normal 0 0 1
    outer loop
      vertex -6.78923 -2.08687 1.2
      vertex -5.5188 -1.44827 1.2
      vertex -5.61148 -1.31496 1.2
    endloop
  endfacet
  facet normal 0 0 1
    outer loop
      vertex -6.78923 -2.08687 1.2
      vertex -5.41521 -1.57219 1.2
      vertex -5.5188 -1.44827 1.2
    endloop
  endfacet
  facet normal 0 0 1
    outer loop
      vertex -6.78923 -2.08687 1.2
      vertex -5.30161 -1.68544 1.2
      vertex -5.41521 -1.57219 1.2
    endloop
  endfacet
  facet normal 0 0 1
    outer loop
      vertex -6.78923 -2.08687 1.2
      vertex -5.17888 -1.78676 1.2
      vertex -5.30161 -1.68544 1.2
    endloop
  endfacet
  facet normal 0 0 1
    outer loop
      vertex -6.78923 -2.08687 1.2
      vertex -5.04706 -1.87617 1.2
      vertex -5.17888 -1.78676 1.2
    endloop
  endfacet
  facet normal 0 0 1
    outer loop
      vertex -6.78923 -2.08687 1.2
      vertex -4.90611 -1.95366 1.2
      vertex -5.04706 -1.87617 1.2
    endloop
  endfacet
  facet normal 0 0 1
    outer loop
      vertex -6.78923 -2.08687 1.2
      vertex -4.75606 -2.01921 1.2
      vertex -4.90611 -1.95366 1.2
    endloop
  endfacet
  facet normal 0 0 1
    outer loop
      vertex -6.78923 -2.08687 1.2
      vertex -4.59688 -2.07286 1.2
      vertex -4.75606 -2.01921 1.2
    endloop
  endfacet
  facet normal -0 0 1
    outer loop
      vertex -6.78923 -2.08687 1.2
      vertex -4.4286 -2.11458 1.2
      vertex -4.59688 -2.07286 1.2
    endloop
  endfacet
  facet normal 0 0 1
    outer loop
      vertex -4.25121 -2.14438 1.2
      vertex -6.78923 -2.08687 1.2
      vertex -14.9646 -6.61827 1.2
    endloop
  endfacet
  facet normal 0 0 1
    outer loop
      vertex -14.6187 -6.11815 1.2
      vertex -6.78923 -2.08687 1.2
      vertex -7.98953 -2.08687 1.2
    endloop
  endfacet
  facet normal -0 0 1
    outer loop
      vertex -12.8445 -0.997772 1.2
      vertex -7.98953 -2.08687 1.2
      vertex -12.8068 -0.390869 1.2
    endloop
  endfacet
  facet normal -0 0 1
    outer loop
      vertex -12.9151 -1.60175 1.2
      vertex -7.98953 -2.08687 1.2
      vertex -12.8445 -0.997772 1.2
    endloop
  endfacet
  facet normal 0 0 1
    outer loop
      vertex -13.0184 -2.20099 1.2
      vertex -7.98953 -2.08687 1.2
      vertex -12.9151 -1.60175 1.2
    endloop
  endfacet
  facet normal 0 0 1
    outer loop
      vertex -13.1541 -2.79373 1.2
      vertex -7.98953 -2.08687 1.2
      vertex -13.0184 -2.20099 1.2
    endloop
  endfacet
  facet normal 0 0 1
    outer loop
      vertex -13.3217 -3.37827 1.2
      vertex -7.98953 -2.08687 1.2
      vertex -13.1541 -2.79373 1.2
    endloop
  endfacet
  facet normal 0 0 1
    outer loop
      vertex -13.5207 -3.95282 1.2
      vertex -7.98953 -2.08687 1.2
      vertex -13.3217 -3.37827 1.2
    endloop
  endfacet
  facet normal 0 0 1
    outer loop
      vertex -13.7507 -4.51573 1.2
      vertex -7.98953 -2.08687 1.2
      vertex -13.5207 -3.95282 1.2
    endloop
  endfacet
  facet normal 0 0 1
    outer loop
      vertex -14.0109 -5.06532 1.2
      vertex -7.98953 -2.08687 1.2
      vertex -13.7507 -4.51573 1.2
    endloop
  endfacet
  facet normal 0 0 1
    outer loop
      vertex -14.3005 -5.59999 1.2
      vertex -7.98953 -2.08687 1.2
      vertex -14.0109 -5.06532 1.2
    endloop
  endfacet
  facet normal 0 0 1
    outer loop
      vertex -14.6187 -6.11815 1.2
      vertex -7.98953 -2.08687 1.2
      vertex -14.3005 -5.59999 1.2
    endloop
  endfacet
  facet normal 0 0 1
    outer loop
      vertex -6.78923 -2.08687 1.2
      vertex -14.6187 -6.11815 1.2
      vertex -14.9646 -6.61827 1.2
    endloop
  endfacet
  facet normal 0 0 1
    outer loop
      vertex -4.25121 -2.14438 1.2
      vertex -14.9646 -6.61827 1.2
      vertex -15.3371 -7.09889 1.2
    endloop
  endfacet
  facet normal 0 0 1
    outer loop
      vertex -3.86906 -2.16823 1.2
      vertex -15.3371 -7.09889 1.2
      vertex -15.7352 -7.55858 1.2
    endloop
  endfacet
  facet normal 0 0 1
    outer loop
      vertex -3.76352 -2.16629 1.2
      vertex -15.7352 -7.55858 1.2
      vertex -16.1576 -7.996 1.2
    endloop
  endfacet
  facet normal 0 0 1
    outer loop
      vertex 0.430359 -2.16235 1.2
      vertex -16.1576 -7.996 1.2
      vertex -16.6031 -8.40984 1.2
    endloop
  endfacet
  facet normal 0 0 1
    outer loop
      vertex 0.624313 -2.16823 1.2
      vertex -16.6031 -8.40984 1.2
      vertex -17.0704 -8.79889 1.2
    endloop
  endfacet
  facet normal 0 0 1
    outer loop
      vertex 0.901108 -2.15627 1.2
      vertex -17.0704 -8.79889 1.2
      vertex -17.5582 -9.16202 1.2
    endloop
  endfacet
  facet normal 0 0 1
    outer loop
      vertex 6.01283 -2.16823 1.2
      vertex -17.5582 -9.16202 1.2
      vertex -18.0649 -9.49812 1.2
    endloop
  endfacet
  facet normal 0 0 1
    outer loop
      vertex 17.7139 -3.80357 1.2
      vertex -18.0649 -9.49812 1.2
      vertex 37.8 -12 1.2
    endloop
  endfacet
  facet normal -0 0 1
    outer loop
      vertex -21.9317 -1.73552 1.2
      vertex -19.7243 -3.13185 1.2
      vertex -21.7883 -1.54865 1.2
    endloop
  endfacet
  facet normal 0 0 1
    outer loop
      vertex -19.7243 -3.13185 1.2
      vertex -21.9317 -1.73552 1.2
      vertex -19.9006 -3.3593 1.2
    endloop
  endfacet
  facet normal 0 0 1
    outer loop
      vertex -19.9006 -3.3593 1.2
      vertex -21.9317 -1.73552 1.2
      vertex -20.089 -3.57683 1.2
    endloop
  endfacet
  facet normal -0 0 1
    outer loop
      vertex -22.0908 -1.90918 1.2
      vertex -20.089 -3.57683 1.2
      vertex -21.9317 -1.73552 1.2
    endloop
  endfacet
  facet normal 0 0 1
    outer loop
      vertex -20.089 -3.57683 1.2
      vertex -22.0908 -1.90918 1.2
      vertex -20.2888 -3.78381 1.2
    endloop
  endfacet
  facet normal 0 0 1
    outer loop
      vertex -20.2888 -3.78381 1.2
      vertex -22.0908 -1.90918 1.2
      vertex -20.4997 -3.97964 1.2
    endloop
  endfacet
  facet normal -0 0 1
    outer loop
      vertex -22.2645 -2.06831 1.2
      vertex -20.4997 -3.97964 1.2
      vertex -22.0908 -1.90918 1.2
    endloop
  endfacet
  facet normal 0 0 1
    outer loop
      vertex -20.4997 -3.97964 1.2
      vertex -22.2645 -2.06831 1.2
      vertex -20.7208 -4.16376 1.2
    endloop
  endfacet
  facet normal -0 0 1
    outer loop
      vertex -22.4514 -2.2117 1.2
      vertex -20.7208 -4.16376 1.2
      vertex -22.2645 -2.06831 1.2
    endloop
  endfacet
  facet normal 0 0 1
    outer loop
      vertex -20.7208 -4.16376 1.2
      vertex -22.4514 -2.2117 1.2
      vertex -20.9516 -4.33557 1.2
    endloop
  endfacet
  facet normal 0 0 1
    outer loop
      vertex -20.9516 -4.33557 1.2
      vertex -22.4514 -2.2117 1.2
      vertex -21.1914 -4.49463 1.2
    endloop
  endfacet
  facet normal -0 0 1
    outer loop
      vertex -22.65 -2.33826 1.2
      vertex -21.1914 -4.49463 1.2
      vertex -22.4514 -2.2117 1.2
    endloop
  endfacet
  facet normal -0 0 1
    outer loop
      vertex -22.8589 -2.44702 1.2
      vertex -21.1914 -4.49463 1.2
      vertex -22.65 -2.33826 1.2
    endloop
  endfacet
  facet normal -0 0 1
    outer loop
      vertex -23.0766 -2.53716 1.2
      vertex -21.1914 -4.49463 1.2
      vertex -22.8589 -2.44702 1.2
    endloop
  endfacet
  facet normal -0 0 1
    outer loop
      vertex -23.3012 -2.60799 1.2
      vertex -21.1914 -4.49463 1.2
      vertex -23.0766 -2.53716 1.2
    endloop
  endfacet
  facet normal -0 0 1
    outer loop
      vertex -23.5312 -2.65897 1.2
      vertex -21.1914 -4.49463 1.2
      vertex -23.3012 -2.60799 1.2
    endloop
  endfacet
  facet normal -0 0 1
    outer loop
      vertex -23.7647 -2.68971 1.2
      vertex -21.1914 -4.49463 1.2
      vertex -23.5312 -2.65897 1.2
    endloop
  endfacet
  facet normal -0 0 1
    outer loop
      vertex -24 -2.7 1.2
      vertex -21.1914 -4.49463 1.2
      vertex -23.7647 -2.68971 1.2
    endloop
  endfacet
  facet normal 0 0 1
    outer loop
      vertex -21.1914 -4.49463 1.2
      vertex -24 -2.7 1.2
      vertex -26.8086 -4.49463 1.2
    endloop
  endfacet
  facet normal 0 0 1
    outer loop
      vertex -26.8086 -4.49463 1.2
      vertex -24 -2.7 1.2
      vertex -24.2353 -2.68971 1.2
    endloop
  endfacet
  facet normal 0 0 1
    outer loop
      vertex -26.8086 -4.49463 1.2
      vertex -24.2353 -2.68971 1.2
      vertex -24.4688 -2.65897 1.2
    endloop
  endfacet
  facet normal 0 0 1
    outer loop
      vertex -26.8086 -4.49463 1.2
      vertex -24.4688 -2.65897 1.2
      vertex -24.6988 -2.60799 1.2
    endloop
  endfacet
  facet normal 0 0 1
    outer loop
      vertex -26.8086 -4.49463 1.2
      vertex -24.6988 -2.60799 1.2
      vertex -24.9234 -2.53716 1.2
    endloop
  endfacet
  facet normal 0 0 1
    outer loop
      vertex -26.8086 -4.49463 1.2
      vertex -24.9234 -2.53716 1.2
      vertex -25.1411 -2.44702 1.2
    endloop
  endfacet
  facet normal 0 0 1
    outer loop
      vertex -26.8086 -4.49463 1.2
      vertex -25.1411 -2.44702 1.2
      vertex -25.35 -2.33826 1.2
    endloop
  endfacet
  facet normal 0 0 1
    outer loop
      vertex -26.8086 -4.49463 1.2
      vertex -25.35 -2.33826 1.2
      vertex -25.5486 -2.2117 1.2
    endloop
  endfacet
  facet normal 0 0 1
    outer loop
      vertex -27.0484 -4.33557 1.2
      vertex -25.5486 -2.2117 1.2
      vertex -25.7355 -2.06831 1.2
    endloop
  endfacet
  facet normal 0 0 1
    outer loop
      vertex -27.0484 -4.33557 1.2
      vertex -25.7355 -2.06831 1.2
      vertex -25.9092 -1.90918 1.2
    endloop
  endfacet
  facet normal -0 0 1
    outer loop
      vertex -29.2968 -0.184967 1.2
      vertex -26.6897 -0.235306 1.2
      vertex -26.7 0 1.2
    endloop
  endfacet
  facet normal 0 0 1
    outer loop
      vertex -27.0484 -4.33557 1.2
      vertex -26.659 -0.468842 1.2
      vertex -26.6897 -0.235306 1.2
    endloop
  endfacet
  facet normal 0 0 1
    outer loop
      vertex -27.0484 -4.33557 1.2
      vertex -26.608 -0.698807 1.2
      vertex -26.659 -0.468842 1.2
    endloop
  endfacet
  facet normal 0 0 1
    outer loop
      vertex -27.0484 -4.33557 1.2
      vertex -26.5372 -0.923447 1.2
      vertex -26.608 -0.698807 1.2
    endloop
  endfacet
  facet normal 0 0 1
    outer loop
      vertex -27.0484 -4.33557 1.2
      vertex -26.447 -1.14107 1.2
      vertex -26.5372 -0.923447 1.2
    endloop
  endfacet
  facet normal 0 0 1
    outer loop
      vertex -27.0484 -4.33557 1.2
      vertex -26.3383 -1.34999 1.2
      vertex -26.447 -1.14107 1.2
    endloop
  endfacet
  facet normal 0 0 1
    outer loop
      vertex -27.0484 -4.33557 1.2
      vertex -26.2117 -1.54865 1.2
      vertex -26.3383 -1.34999 1.2
    endloop
  endfacet
  facet normal 0 0 1
    outer loop
      vertex -27.0484 -4.33557 1.2
      vertex -26.0683 -1.73552 1.2
      vertex -26.2117 -1.54865 1.2
    endloop
  endfacet
  facet normal 0 0 1
    outer loop
      vertex -27.0484 -4.33557 1.2
      vertex -25.9092 -1.90918 1.2
      vertex -26.0683 -1.73552 1.2
    endloop
  endfacet
  facet normal 0 0 1
    outer loop
      vertex -21.1914 -4.49463 1.2
      vertex -26.8086 -4.49463 1.2
      vertex -18.0649 -9.49812 1.2
    endloop
  endfacet
  facet normal 0 0 1
    outer loop
      vertex -29.9351 -9.49812 1.2
      vertex -18.0649 -9.49812 1.2
      vertex -26.8086 -4.49463 1.2
    endloop
  endfacet
  facet normal 0 0 1
    outer loop
      vertex -37.8 -12 1.2
      vertex -18.0649 -9.49812 1.2
      vertex -29.9351 -9.49812 1.2
    endloop
  endfacet
  facet normal 0 0 1
    outer loop
      vertex -29.2581 9.88901 1.2
      vertex -39 10.8 1.2
      vertex -35.1932 -0.390869 1.2
    endloop
  endfacet
  facet normal 0 0 1
    outer loop
      vertex -39 -10.8 1.2
      vertex -35.1932 -0.390869 1.2
      vertex -39 10.8 1.2
    endloop
  endfacet
  facet normal 0 0 1
    outer loop
      vertex -35.1932 -0.390869 1.2
      vertex -39 -10.8 1.2
      vertex -35.1555 -0.997772 1.2
    endloop
  endfacet
  facet normal 0 0 1
    outer loop
      vertex -18.0649 -9.49812 1.2
      vertex -37.8 -12 1.2
      vertex 37.8 -12 1.2
    endloop
  endfacet
  facet normal 0 0 1
    outer loop
      vertex -30.4418 -9.16202 1.2
      vertex -37.8 -12 1.2
      vertex -29.9351 -9.49812 1.2
    endloop
  endfacet
  facet normal 0 0 1
    outer loop
      vertex -30.9296 -8.79889 1.2
      vertex -37.8 -12 1.2
      vertex -30.4418 -9.16202 1.2
    endloop
  endfacet
  facet normal 0 0 1
    outer loop
      vertex -31.3969 -8.40984 1.2
      vertex -37.8 -12 1.2
      vertex -30.9296 -8.79889 1.2
    endloop
  endfacet
  facet normal 0 0 1
    outer loop
      vertex -31.8424 -7.996 1.2
      vertex -37.8 -12 1.2
      vertex -31.3969 -8.40984 1.2
    endloop
  endfacet
  facet normal 0 0 1
    outer loop
      vertex -32.2648 -7.55858 1.2
      vertex -37.8 -12 1.2
      vertex -31.8424 -7.996 1.2
    endloop
  endfacet
  facet normal 0 0 1
    outer loop
      vertex -32.6629 -7.09889 1.2
      vertex -37.8 -12 1.2
      vertex -32.2648 -7.55858 1.2
    endloop
  endfacet
  facet normal 0 0 1
    outer loop
      vertex -33.0354 -6.61827 1.2
      vertex -37.8 -12 1.2
      vertex -32.6629 -7.09889 1.2
    endloop
  endfacet
  facet normal 0 0 1
    outer loop
      vertex -39 -10.8 1.2
      vertex -33.0354 -6.61827 1.2
      vertex -33.3813 -6.11815 1.2
    endloop
  endfacet
  facet normal 0 0 1
    outer loop
      vertex -39 -10.8 1.2
      vertex -33.3813 -6.11815 1.2
      vertex -33.6995 -5.59999 1.2
    endloop
  endfacet
  facet normal 0 0 1
    outer loop
      vertex -39 -10.8 1.2
      vertex -33.6995 -5.59999 1.2
      vertex -33.9891 -5.06532 1.2
    endloop
  endfacet
  facet normal 0 0 1
    outer loop
      vertex -39 -10.8 1.2
      vertex -33.9891 -5.06532 1.2
      vertex -34.2493 -4.51573 1.2
    endloop
  endfacet
  facet normal 0 0 1
    outer loop
      vertex -39 -10.8 1.2
      vertex -34.2493 -4.51573 1.2
      vertex -34.4793 -3.95282 1.2
    endloop
  endfacet
  facet normal 0 0 1
    outer loop
      vertex -39 -10.8 1.2
      vertex -34.4793 -3.95282 1.2
      vertex -34.6783 -3.37827 1.2
    endloop
  endfacet
  facet normal 0 0 1
    outer loop
      vertex -39 -10.8 1.2
      vertex -34.6783 -3.37827 1.2
      vertex -34.8459 -2.79373 1.2
    endloop
  endfacet
  facet normal 0 0 1
    outer loop
      vertex -39 -10.8 1.2
      vertex -34.8459 -2.79373 1.2
      vertex -34.9816 -2.20099 1.2
    endloop
  endfacet
  facet normal 0 0 1
    outer loop
      vertex -35.1555 -0.997772 1.2
      vertex -39 -10.8 1.2
      vertex -35.0849 -1.60175 1.2
    endloop
  endfacet
  facet normal 0 0 1
    outer loop
      vertex -39 10.8 1.2
      vertex -37.8 12 1.2
      vertex -37.9046 11.9954 1.2
    endloop
  endfacet
  facet normal 0 0 1
    outer loop
      vertex -35.0849 -1.60175 1.2
      vertex -39 -10.8 1.2
      vertex -34.9816 -2.20099 1.2
    endloop
  endfacet
  facet normal 0 0 1
    outer loop
      vertex -39 10.8 1.2
      vertex -37.9046 11.9954 1.2
      vertex -38.0084 11.9818 1.2
    endloop
  endfacet
  facet normal 0 0 1
    outer loop
      vertex -33.0354 -6.61827 1.2
      vertex -39 -10.8 1.2
      vertex -37.8 -12 1.2
    endloop
  endfacet
  facet normal 0 0 1
    outer loop
      vertex -39 10.8 1.2
      vertex -38.0084 11.9818 1.2
      vertex -38.1106 11.9591 1.2
    endloop
  endfacet
  facet normal 0 0 1
    outer loop
      vertex -37.8 -12 1.2
      vertex -39 -10.8 1.2
      vertex -37.9046 -11.9954 1.2
    endloop
  endfacet
  facet normal 0 0 1
    outer loop
      vertex -39 10.8 1.2
      vertex -38.1106 11.9591 1.2
      vertex -38.2104 11.9276 1.2
    endloop
  endfacet
  facet normal 0 0 1
    outer loop
      vertex -37.9046 -11.9954 1.2
      vertex -39 -10.8 1.2
      vertex -38.0084 -11.9818 1.2
    endloop
  endfacet
  facet normal 0 0 1
    outer loop
      vertex -39 10.8 1.2
      vertex -38.2104 11.9276 1.2
      vertex -38.3071 11.8876 1.2
    endloop
  endfacet
  facet normal 0 0 1
    outer loop
      vertex -38.0084 -11.9818 1.2
      vertex -39 -10.8 1.2
      vertex -38.1106 -11.9591 1.2
    endloop
  endfacet
  facet normal 0 0 1
    outer loop
      vertex -39 10.8 1.2
      vertex -38.3071 11.8876 1.2
      vertex -38.4 11.8392 1.2
    endloop
  endfacet
  facet normal 0 0 1
    outer loop
      vertex -38.1106 -11.9591 1.2
      vertex -39 -10.8 1.2
      vertex -38.2104 -11.9276 1.2
    endloop
  endfacet
  facet normal 0 0 1
    outer loop
      vertex -39 10.8 1.2
      vertex -38.4 11.8392 1.2
      vertex -38.4883 11.783 1.2
    endloop
  endfacet
  facet normal 0 0 1
    outer loop
      vertex -38.2104 -11.9276 1.2
      vertex -39 -10.8 1.2
      vertex -38.3071 -11.8876 1.2
    endloop
  endfacet
  facet normal 0 0 1
    outer loop
      vertex -39 10.8 1.2
      vertex -38.4883 11.783 1.2
      vertex -38.5713 11.7192 1.2
    endloop
  endfacet
  facet normal 0 0 1
    outer loop
      vertex -38.3071 -11.8876 1.2
      vertex -39 -10.8 1.2
      vertex -38.4 -11.8392 1.2
    endloop
  endfacet
  facet normal 0 0 1
    outer loop
      vertex -39 10.8 1.2
      vertex -38.5713 11.7192 1.2
      vertex -38.6485 11.6485 1.2
    endloop
  endfacet
  facet normal 0 0 1
    outer loop
      vertex -38.4 -11.8392 1.2
      vertex -39 -10.8 1.2
      vertex -38.4883 -11.783 1.2
    endloop
  endfacet
  facet normal 0 0 1
    outer loop
      vertex -39 10.8 1.2
      vertex -38.6485 11.6485 1.2
      vertex -38.7192 11.5713 1.2
    endloop
  endfacet
  facet normal 0 0 1
    outer loop
      vertex -38.4883 -11.783 1.2
      vertex -39 -10.8 1.2
      vertex -38.5713 -11.7192 1.2
    endloop
  endfacet
  facet normal 0 0 1
    outer loop
      vertex -39 10.8 1.2
      vertex -38.7192 11.5713 1.2
      vertex -38.783 11.4883 1.2
    endloop
  endfacet
  facet normal 0 0 1
    outer loop
      vertex -38.5713 -11.7192 1.2
      vertex -39 -10.8 1.2
      vertex -38.6485 -11.6485 1.2
    endloop
  endfacet
  facet normal 0 0 1
    outer loop
      vertex -39 10.8 1.2
      vertex -38.783 11.4883 1.2
      vertex -38.8392 11.4 1.2
    endloop
  endfacet
  facet normal 0 0 1
    outer loop
      vertex -38.6485 -11.6485 1.2
      vertex -39 -10.8 1.2
      vertex -38.7192 -11.5713 1.2
    endloop
  endfacet
  facet normal 0 0 1
    outer loop
      vertex -39 10.8 1.2
      vertex -38.8392 11.4 1.2
      vertex -38.8876 11.3071 1.2
    endloop
  endfacet
  facet normal 0 0 1
    outer loop
      vertex -38.7192 -11.5713 1.2
      vertex -39 -10.8 1.2
      vertex -38.783 -11.4883 1.2
    endloop
  endfacet
  facet normal 0 0 1
    outer loop
      vertex -39 10.8 1.2
      vertex -38.8876 11.3071 1.2
      vertex -38.9276 11.2104 1.2
    endloop
  endfacet
  facet normal 0 0 1
    outer loop
      vertex -38.783 -11.4883 1.2
      vertex -39 -10.8 1.2
      vertex -38.8392 -11.4 1.2
    endloop
  endfacet
  facet normal 0 0 1
    outer loop
      vertex -39 10.8 1.2
      vertex -38.9276 11.2104 1.2
      vertex -38.9591 11.1106 1.2
    endloop
  endfacet
  facet normal 0 0 1
    outer loop
      vertex -38.8392 -11.4 1.2
      vertex -39 -10.8 1.2
      vertex -38.8876 -11.3071 1.2
    endloop
  endfacet
  facet normal 0 0 1
    outer loop
      vertex -39 10.8 1.2
      vertex -38.9591 11.1106 1.2
      vertex -38.9818 11.0084 1.2
    endloop
  endfacet
  facet normal 0 0 1
    outer loop
      vertex -38.8876 -11.3071 1.2
      vertex -39 -10.8 1.2
      vertex -38.9276 -11.2104 1.2
    endloop
  endfacet
  facet normal 0 0 1
    outer loop
      vertex -39 10.8 1.2
      vertex -38.9818 11.0084 1.2
      vertex -38.9954 10.9046 1.2
    endloop
  endfacet
  facet normal 0 0 1
    outer loop
      vertex -38.9276 -11.2104 1.2
      vertex -39 -10.8 1.2
      vertex -38.9591 -11.1106 1.2
    endloop
  endfacet
  facet normal 0 0 1
    outer loop
      vertex -38.9591 -11.1106 1.2
      vertex -39 -10.8 1.2
      vertex -38.9818 -11.0084 1.2
    endloop
  endfacet
  facet normal 0 0 1
    outer loop
      vertex -38.9818 -11.0084 1.2
      vertex -39 -10.8 1.2
      vertex -38.9954 -10.9046 1.2
    endloop
  endfacet
  facet normal 0 0 1
    outer loop
      vertex -0.221558 0.709381 1.2
      vertex 1.47443 0.714645 1.2
      vertex 1.46217 0.813248 1.2
    endloop
  endfacet
  facet normal 0 0 1
    outer loop
      vertex -0.212952 0.803558 1.2
      vertex 1.46217 0.813248 1.2
      vertex 1.44611 0.906525 1.2
    endloop
  endfacet
  facet normal 0 0 1
    outer loop
      vertex -0.200226 0.893265 1.2
      vertex 1.44611 0.906525 1.2
      vertex 1.42619 0.994461 1.2
    endloop
  endfacet
  facet normal 0 0 1
    outer loop
      vertex -0.183395 0.9785 1.2
      vertex 1.42619 0.994461 1.2
      vertex 1.40247 1.07709 1.2
    endloop
  endfacet
  facet normal 0 0 1
    outer loop
      vertex -0.16246 1.05927 1.2
      vertex 1.40247 1.07709 1.2
      vertex 1.37492 1.15437 1.2
    endloop
  endfacet
  facet normal 0 0 1
    outer loop
      vertex -0.137421 1.13554 1.2
      vertex 1.37492 1.15437 1.2
      vertex 1.34355 1.22632 1.2
    endloop
  endfacet
  facet normal 0 0 1
    outer loop
      vertex 0.624313 1.67674 1.2
      vertex 1.34355 1.22632 1.2
      vertex 1.30835 1.29295 1.2
    endloop
  endfacet
  facet normal 0 0 1
    outer loop
      vertex 0.698456 1.67407 1.2
      vertex 1.30835 1.29295 1.2
      vertex 1.26932 1.35425 1.2
    endloop
  endfacet
  facet normal 0 0 1
    outer loop
      vertex 0.698456 1.67407 1.2
      vertex 1.26932 1.35425 1.2
      vertex 1.22647 1.41022 1.2
    endloop
  endfacet
  facet normal 0 0 1
    outer loop
      vertex 0.769501 1.66608 1.2
      vertex 1.22647 1.41022 1.2
      vertex 1.18018 1.46086 1.2
    endloop
  endfacet
  facet normal 0 0 1
    outer loop
      vertex 0.769501 1.66608 1.2
      vertex 1.18018 1.46086 1.2
      vertex 1.1308 1.50616 1.2
    endloop
  endfacet
  facet normal 0 0 1
    outer loop
      vertex 0.837448 1.65276 1.2
      vertex 1.1308 1.50616 1.2
      vertex 1.07831 1.54614 1.2
    endloop
  endfacet
  facet normal 0 0 1
    outer loop
      vertex 0.837448 1.65276 1.2
      vertex 1.07831 1.54614 1.2
      vertex 1.02274 1.5808 1.2
    endloop
  endfacet
  facet normal 0 0 1
    outer loop
      vertex 0.902298 1.63409 1.2
      vertex 1.02274 1.5808 1.2
      vertex 0.964066 1.61011 1.2
    endloop
  endfacet
  facet normal 0 0 1
    outer loop
      vertex 0.837448 1.65276 1.2
      vertex 1.02274 1.5808 1.2
      vertex 0.902298 1.63409 1.2
    endloop
  endfacet
  facet normal 0 0 1
    outer loop
      vertex 1.1308 1.50616 1.2
      vertex 0.837448 1.65276 1.2
      vertex 0.769501 1.66608 1.2
    endloop
  endfacet
  facet normal 0 0 1
    outer loop
      vertex 1.22647 1.41022 1.2
      vertex 0.769501 1.66608 1.2
      vertex 0.698456 1.67407 1.2
    endloop
  endfacet
  facet normal 0 0 1
    outer loop
      vertex 1.30835 1.29295 1.2
      vertex 0.698456 1.67407 1.2
      vertex 0.624313 1.67674 1.2
    endloop
  endfacet
  facet normal 0 0 1
    outer loop
      vertex 1.34355 1.22632 1.2
      vertex 0.624313 1.67674 1.2
      vertex -0.137421 1.13554 1.2
    endloop
  endfacet
  facet normal 0 0 1
    outer loop
      vertex -0.108261 1.20735 1.2
      vertex 0.624313 1.67674 1.2
      vertex 0.545609 1.67393 1.2
    endloop
  endfacet
  facet normal 0 0 1
    outer loop
      vertex -0.0749969 1.27469 1.2
      vertex 0.545609 1.67393 1.2
      vertex 0.470612 1.66551 1.2
    endloop
  endfacet
  facet normal 0 0 1
    outer loop
      vertex -0.0376282 1.33755 1.2
      vertex 0.470612 1.66551 1.2
      vertex 0.399307 1.65146 1.2
    endloop
  endfacet
  facet normal 0 0 1
    outer loop
      vertex 0.00386047 1.39594 1.2
      vertex 0.399307 1.65146 1.2
      vertex 0.331711 1.63181 1.2
    endloop
  endfacet
  facet normal 0 0 1
    outer loop
      vertex 0.00386047 1.39594 1.2
      vertex 0.331711 1.63181 1.2
      vertex 0.267807 1.60654 1.2
    endloop
  endfacet
  facet normal 0 0 1
    outer loop
      vertex 0.00386047 1.39594 1.2
      vertex 0.267807 1.60654 1.2
      vertex 0.207611 1.57565 1.2
    endloop
  endfacet
  facet normal 0 0 1
    outer loop
      vertex 0.00386047 1.39594 1.2
      vertex 0.207611 1.57565 1.2
      vertex 0.151123 1.53914 1.2
    endloop
  endfacet
  facet normal 0 0 1
    outer loop
      vertex 0.00386047 1.39594 1.2
      vertex 0.151123 1.53914 1.2
      vertex 0.0983276 1.49702 1.2
    endloop
  endfacet
  facet normal 0 0 1
    outer loop
      vertex 0.00386047 1.39594 1.2
      vertex 0.0983276 1.49702 1.2
      vertex 0.0492401 1.4493 1.2
    endloop
  endfacet
  facet normal 0 0 1
    outer loop
      vertex 0.399307 1.65146 1.2
      vertex 0.00386047 1.39594 1.2
      vertex -0.0376282 1.33755 1.2
    endloop
  endfacet
  facet normal 0 0 1
    outer loop
      vertex 0.470612 1.66551 1.2
      vertex -0.0376282 1.33755 1.2
      vertex -0.0749969 1.27469 1.2
    endloop
  endfacet
  facet normal 0 0 1
    outer loop
      vertex 0.545609 1.67393 1.2
      vertex -0.0749969 1.27469 1.2
      vertex -0.108261 1.20735 1.2
    endloop
  endfacet
  facet normal 0 0 1
    outer loop
      vertex 0.624313 1.67674 1.2
      vertex -0.108261 1.20735 1.2
      vertex -0.137421 1.13554 1.2
    endloop
  endfacet
  facet normal 0 0 1
    outer loop
      vertex 1.37492 1.15437 1.2
      vertex -0.137421 1.13554 1.2
      vertex -0.16246 1.05927 1.2
    endloop
  endfacet
  facet normal 0 0 1
    outer loop
      vertex 1.40247 1.07709 1.2
      vertex -0.16246 1.05927 1.2
      vertex -0.183395 0.9785 1.2
    endloop
  endfacet
  facet normal 0 0 1
    outer loop
      vertex 1.42619 0.994461 1.2
      vertex -0.183395 0.9785 1.2
      vertex -0.200226 0.893265 1.2
    endloop
  endfacet
  facet normal 0 0 1
    outer loop
      vertex 1.44611 0.906525 1.2
      vertex -0.200226 0.893265 1.2
      vertex -0.212952 0.803558 1.2
    endloop
  endfacet
  facet normal 0 0 1
    outer loop
      vertex 1.46217 0.813248 1.2
      vertex -0.212952 0.803558 1.2
      vertex -0.221558 0.709381 1.2
    endloop
  endfacet
  facet normal 0 0 1
    outer loop
      vertex -0.226059 0.610718 1.2
      vertex 1.47443 0.714645 1.2
      vertex -0.221558 0.709381 1.2
    endloop
  endfacet
  facet normal 0 0 1
    outer loop
      vertex 1.47443 0.714645 1.2
      vertex -0.226059 0.610718 1.2
      vertex 1.48286 0.610718 1.2
    endloop
  endfacet
  facet normal 0 0 1
    outer loop
      vertex 10.6344 0.709381 1.2
      vertex 12.3304 0.714645 1.2
      vertex 12.3181 0.813248 1.2
    endloop
  endfacet
  facet normal 0 0 1
    outer loop
      vertex 10.643 0.803558 1.2
      vertex 12.3181 0.813248 1.2
      vertex 12.302 0.906525 1.2
    endloop
  endfacet
  facet normal 0 0 1
    outer loop
      vertex 10.6557 0.893265 1.2
      vertex 12.302 0.906525 1.2
      vertex 12.2821 0.994461 1.2
    endloop
  endfacet
  facet normal 0 0 1
    outer loop
      vertex 10.6725 0.9785 1.2
      vertex 12.2821 0.994461 1.2
      vertex 12.2584 1.07709 1.2
    endloop
  endfacet
  facet normal 0 0 1
    outer loop
      vertex 10.6935 1.05927 1.2
      vertex 12.2584 1.07709 1.2
      vertex 12.2309 1.15437 1.2
    endloop
  endfacet
  facet normal 0 0 1
    outer loop
      vertex 10.7185 1.13554 1.2
      vertex 12.2309 1.15437 1.2
      vertex 12.1995 1.22632 1.2
    endloop
  endfacet
  facet normal 0 0 1
    outer loop
      vertex 11.4803 1.67674 1.2
      vertex 12.1995 1.22632 1.2
      vertex 12.1643 1.29295 1.2
    endloop
  endfacet
  facet normal 0 0 1
    outer loop
      vertex 11.5544 1.67407 1.2
      vertex 12.1643 1.29295 1.2
      vertex 12.1253 1.35425 1.2
    endloop
  endfacet
  facet normal 0 0 1
    outer loop
      vertex 11.5544 1.67407 1.2
      vertex 12.1253 1.35425 1.2
      vertex 12.0824 1.41022 1.2
    endloop
  endfacet
  facet normal 0 0 1
    outer loop
      vertex 11.6254 1.66608 1.2
      vertex 12.0824 1.41022 1.2
      vertex 12.0361 1.46086 1.2
    endloop
  endfacet
  facet normal 0 0 1
    outer loop
      vertex 11.6254 1.66608 1.2
      vertex 12.0361 1.46086 1.2
      vertex 11.9867 1.50616 1.2
    endloop
  endfacet
  facet normal 0 0 1
    outer loop
      vertex 11.6934 1.65276 1.2
      vertex 11.9867 1.50616 1.2
      vertex 11.9342 1.54614 1.2
    endloop
  endfacet
  facet normal 0 0 1
    outer loop
      vertex 11.6934 1.65276 1.2
      vertex 11.9342 1.54614 1.2
      vertex 11.8787 1.5808 1.2
    endloop
  endfacet
  facet normal 0 0 1
    outer loop
      vertex 11.7582 1.63409 1.2
      vertex 11.8787 1.5808 1.2
      vertex 11.82 1.61011 1.2
    endloop
  endfacet
  facet normal 0 0 1
    outer loop
      vertex 11.6934 1.65276 1.2
      vertex 11.8787 1.5808 1.2
      vertex 11.7582 1.63409 1.2
    endloop
  endfacet
  facet normal 0 0 1
    outer loop
      vertex 11.9867 1.50616 1.2
      vertex 11.6934 1.65276 1.2
      vertex 11.6254 1.66608 1.2
    endloop
  endfacet
  facet normal 0 0 1
    outer loop
      vertex 12.0824 1.41022 1.2
      vertex 11.6254 1.66608 1.2
      vertex 11.5544 1.67407 1.2
    endloop
  endfacet
  facet normal 0 0 1
    outer loop
      vertex 12.1643 1.29295 1.2
      vertex 11.5544 1.67407 1.2
      vertex 11.4803 1.67674 1.2
    endloop
  endfacet
  facet normal 0 0 1
    outer loop
      vertex 12.1995 1.22632 1.2
      vertex 11.4803 1.67674 1.2
      vertex 10.7185 1.13554 1.2
    endloop
  endfacet
  facet normal 0 0 1
    outer loop
      vertex 10.7477 1.20735 1.2
      vertex 11.4803 1.67674 1.2
      vertex 11.4016 1.67393 1.2
    endloop
  endfacet
  facet normal 0 0 1
    outer loop
      vertex 10.7809 1.27469 1.2
      vertex 11.4016 1.67393 1.2
      vertex 11.3266 1.66551 1.2
    endloop
  endfacet
  facet normal 0 0 1
    outer loop
      vertex 10.8183 1.33755 1.2
      vertex 11.3266 1.66551 1.2
      vertex 11.2552 1.65146 1.2
    endloop
  endfacet
  facet normal 0 0 1
    outer loop
      vertex 10.8598 1.39594 1.2
      vertex 11.2552 1.65146 1.2
      vertex 11.1877 1.63181 1.2
    endloop
  endfacet
  facet normal 0 0 1
    outer loop
      vertex 10.8598 1.39594 1.2
      vertex 11.1877 1.63181 1.2
      vertex 11.1237 1.60654 1.2
    endloop
  endfacet
  facet normal 0 0 1
    outer loop
      vertex 10.8598 1.39594 1.2
      vertex 11.1237 1.60654 1.2
      vertex 11.0636 1.57565 1.2
    endloop
  endfacet
  facet normal 0 0 1
    outer loop
      vertex 10.8598 1.39594 1.2
      vertex 11.0636 1.57565 1.2
      vertex 11.0071 1.53914 1.2
    endloop
  endfacet
  facet normal 0 0 1
    outer loop
      vertex 10.8598 1.39594 1.2
      vertex 11.0071 1.53914 1.2
      vertex 10.9543 1.49702 1.2
    endloop
  endfacet
  facet normal 0 0 1
    outer loop
      vertex 10.8598 1.39594 1.2
      vertex 10.9543 1.49702 1.2
      vertex 10.9052 1.4493 1.2
    endloop
  endfacet
  facet normal 0 0 1
    outer loop
      vertex 11.2552 1.65146 1.2
      vertex 10.8598 1.39594 1.2
      vertex 10.8183 1.33755 1.2
    endloop
  endfacet
  facet normal 0 0 1
    outer loop
      vertex 11.3266 1.66551 1.2
      vertex 10.8183 1.33755 1.2
      vertex 10.7809 1.27469 1.2
    endloop
  endfacet
  facet normal 0 0 1
    outer loop
      vertex 11.4016 1.67393 1.2
      vertex 10.7809 1.27469 1.2
      vertex 10.7477 1.20735 1.2
    endloop
  endfacet
  facet normal 0 0 1
    outer loop
      vertex 11.4803 1.67674 1.2
      vertex 10.7477 1.20735 1.2
      vertex 10.7185 1.13554 1.2
    endloop
  endfacet
  facet normal 0 0 1
    outer loop
      vertex 12.2309 1.15437 1.2
      vertex 10.7185 1.13554 1.2
      vertex 10.6935 1.05927 1.2
    endloop
  endfacet
  facet normal 0 0 1
    outer loop
      vertex 12.2584 1.07709 1.2
      vertex 10.6935 1.05927 1.2
      vertex 10.6725 0.9785 1.2
    endloop
  endfacet
  facet normal 0 0 1
    outer loop
      vertex 12.2821 0.994461 1.2
      vertex 10.6725 0.9785 1.2
      vertex 10.6557 0.893265 1.2
    endloop
  endfacet
  facet normal 0 0 1
    outer loop
      vertex 12.302 0.906525 1.2
      vertex 10.6557 0.893265 1.2
      vertex 10.643 0.803558 1.2
    endloop
  endfacet
  facet normal 0 0 1
    outer loop
      vertex 12.3181 0.813248 1.2
      vertex 10.643 0.803558 1.2
      vertex 10.6344 0.709381 1.2
    endloop
  endfacet
  facet normal 0 0 1
    outer loop
      vertex 10.6299 0.610718 1.2
      vertex 12.3304 0.714645 1.2
      vertex 10.6344 0.709381 1.2
    endloop
  endfacet
  facet normal 0 0 1
    outer loop
      vertex 12.3304 0.714645 1.2
      vertex 10.6299 0.610718 1.2
      vertex 12.3388 0.610718 1.2
    endloop
  endfacet
  facet normal 0 0 1
    outer loop
      vertex 17.4169 0.15094 1.2
      vertex 19.2641 0.175354 1.2
      vertex 19.2617 0.308258 1.2
    endloop
  endfacet
  facet normal -0 0 1
    outer loop
      vertex 17.426 0.42923 1.2
      vertex 19.2617 0.308258 1.2
      vertex 19.2544 0.435165 1.2
    endloop
  endfacet
  facet normal 0 0 1
    outer loop
      vertex 19.2641 0.175354 1.2
      vertex 17.4169 0.15094 1.2
      vertex 19.2617 0.0385895 1.2
    endloop
  endfacet
  facet normal 0 0 1
    outer loop
      vertex 17.426 0.42923 1.2
      vertex 19.2544 0.435165 1.2
      vertex 19.2423 0.556107 1.2
    endloop
  endfacet
  facet normal 0 -0 1
    outer loop
      vertex 17.4259 -0.121933 1.2
      vertex 19.2617 0.0385895 1.2
      vertex 17.4169 0.15094 1.2
    endloop
  endfacet
  facet normal 0 0 1
    outer loop
      vertex 17.4535 0.678238 1.2
      vertex 19.2423 0.556107 1.2
      vertex 19.2253 0.671066 1.2
    endloop
  endfacet
  facet normal 0 0 1
    outer loop
      vertex 19.2617 0.0385895 1.2
      vertex 17.4259 -0.121933 1.2
      vertex 19.2544 -0.0917816 1.2
    endloop
  endfacet
  facet normal -0 0 1
    outer loop
      vertex 17.4535 0.678238 1.2
      vertex 19.2253 0.671066 1.2
      vertex 19.2036 0.780045 1.2
    endloop
  endfacet
  facet normal 0 0 1
    outer loop
      vertex 19.2544 -0.0917816 1.2
      vertex 17.4259 -0.121933 1.2
      vertex 19.2423 -0.21579 1.2
    endloop
  endfacet
  facet normal 0 0 1
    outer loop
      vertex 17.4535 0.678238 1.2
      vertex 19.2036 0.780045 1.2
      vertex 19.1769 0.883026 1.2
    endloop
  endfacet
  facet normal 0 0 1
    outer loop
      vertex 19.2423 -0.21579 1.2
      vertex 17.4259 -0.121933 1.2
      vertex 19.2253 -0.333405 1.2
    endloop
  endfacet
  facet normal -0 0 1
    outer loop
      vertex 17.4992 0.897949 1.2
      vertex 19.1769 0.883026 1.2
      vertex 19.1454 0.980042 1.2
    endloop
  endfacet
  facet normal 0 -0 1
    outer loop
      vertex 17.4531 -0.366104 1.2
      vertex 19.2253 -0.333405 1.2
      vertex 17.4259 -0.121933 1.2
    endloop
  endfacet
  facet normal 0 0 1
    outer loop
      vertex 17.4992 0.897949 1.2
      vertex 19.1454 0.980042 1.2
      vertex 19.1091 1.07108 1.2
    endloop
  endfacet
  facet normal 0 0 1
    outer loop
      vertex 19.2253 -0.333405 1.2
      vertex 17.4531 -0.366104 1.2
      vertex 19.2036 -0.444626 1.2
    endloop
  endfacet
  facet normal -0 0 1
    outer loop
      vertex 17.5633 1.08836 1.2
      vertex 19.1091 1.07108 1.2
      vertex 19.068 1.15613 1.2
    endloop
  endfacet
  facet normal 0 0 1
    outer loop
      vertex 19.2036 -0.444626 1.2
      vertex 17.4531 -0.366104 1.2
      vertex 19.1769 -0.549454 1.2
    endloop
  endfacet
  facet normal 0 0 1
    outer loop
      vertex 17.5633 1.08836 1.2
      vertex 19.068 1.15613 1.2
      vertex 19.022 1.2352 1.2
    endloop
  endfacet
  facet normal 0 -0 1
    outer loop
      vertex 17.4985 -0.581543 1.2
      vertex 19.1769 -0.549454 1.2
      vertex 17.4531 -0.366104 1.2
    endloop
  endfacet
  facet normal 0 0 1
    outer loop
      vertex 18.3323 1.61566 1.2
      vertex 19.022 1.2352 1.2
      vertex 18.9715 1.30748 1.2
    endloop
  endfacet
  facet normal 0 0 1
    outer loop
      vertex 19.1769 -0.549454 1.2
      vertex 17.4985 -0.581543 1.2
      vertex 19.1454 -0.647903 1.2
    endloop
  endfacet
  facet normal 0 0 1
    outer loop
      vertex 18.4198 1.61185 1.2
      vertex 18.9715 1.30748 1.2
      vertex 18.9169 1.37216 1.2
    endloop
  endfacet
  facet normal 0 0 1
    outer loop
      vertex 19.1454 -0.647903 1.2
      vertex 17.4985 -0.581543 1.2
      vertex 19.1091 -0.739975 1.2
    endloop
  endfacet
  facet normal 0 0 1
    outer loop
      vertex 18.4198 1.61185 1.2
      vertex 18.9169 1.37216 1.2
      vertex 18.8582 1.42923 1.2
    endloop
  endfacet
  facet normal 0 -0 1
    outer loop
      vertex 17.562 -0.768265 1.2
      vertex 19.1091 -0.739975 1.2
      vertex 17.4985 -0.581543 1.2
    endloop
  endfacet
  facet normal 0 0 1
    outer loop
      vertex 18.5031 1.60043 1.2
      vertex 18.8582 1.42923 1.2
      vertex 18.7955 1.4787 1.2
    endloop
  endfacet
  facet normal 0 0 1
    outer loop
      vertex 19.1091 -0.739975 1.2
      vertex 17.562 -0.768265 1.2
      vertex 19.068 -0.825638 1.2
    endloop
  endfacet
  facet normal 0 0 1
    outer loop
      vertex 18.5031 1.60043 1.2
      vertex 18.7955 1.4787 1.2
      vertex 18.7285 1.52054 1.2
    endloop
  endfacet
  facet normal 0 0 1
    outer loop
      vertex 19.068 -0.825638 1.2
      vertex 17.562 -0.768265 1.2
      vertex 19.022 -0.904922 1.2
    endloop
  endfacet
  facet normal 0 0 1
    outer loop
      vertex 18.5824 1.58142 1.2
      vertex 18.7285 1.52054 1.2
      vertex 18.6575 1.55478 1.2
    endloop
  endfacet
  facet normal 0 -0 1
    outer loop
      vertex 18.4132 -1.28152 1.2
      vertex 19.022 -0.904922 1.2
      vertex 17.562 -0.768265 1.2
    endloop
  endfacet
  facet normal 0 0 1
    outer loop
      vertex 18.5031 1.60043 1.2
      vertex 18.7285 1.52054 1.2
      vertex 18.5824 1.58142 1.2
    endloop
  endfacet
  facet normal 0 0 1
    outer loop
      vertex 19.022 -0.904922 1.2
      vertex 18.4132 -1.28152 1.2
      vertex 18.9714 -0.977203 1.2
    endloop
  endfacet
  facet normal 0 0 1
    outer loop
      vertex 18.8582 1.42923 1.2
      vertex 18.5031 1.60043 1.2
      vertex 18.4198 1.61185 1.2
    endloop
  endfacet
  facet normal 0 0 1
    outer loop
      vertex 18.9714 -0.977203 1.2
      vertex 18.4132 -1.28152 1.2
      vertex 18.9166 -1.04187 1.2
    endloop
  endfacet
  facet normal 0 0 1
    outer loop
      vertex 18.9715 1.30748 1.2
      vertex 18.4198 1.61185 1.2
      vertex 18.3323 1.61566 1.2
    endloop
  endfacet
  facet normal 0 -0 1
    outer loop
      vertex 18.498 -1.27011 1.2
      vertex 18.9166 -1.04187 1.2
      vertex 18.4132 -1.28152 1.2
    endloop
  endfacet
  facet normal 0 0 1
    outer loop
      vertex 19.022 1.2352 1.2
      vertex 18.3323 1.61566 1.2
      vertex 17.5633 1.08836 1.2
    endloop
  endfacet
  facet normal 0 0 1
    outer loop
      vertex 18.9166 -1.04187 1.2
      vertex 18.498 -1.27011 1.2
      vertex 18.8575 -1.09894 1.2
    endloop
  endfacet
  facet normal 0 0 1
    outer loop
      vertex 17.6457 1.24948 1.2
      vertex 18.3323 1.61566 1.2
      vertex 18.1584 1.60101 1.2
    endloop
  endfacet
  facet normal 0 0 1
    outer loop
      vertex 18.7942 -1.14838 1.2
      vertex 18.498 -1.27011 1.2
      vertex 18.7265 -1.19023 1.2
    endloop
  endfacet
  facet normal 0 0 1
    outer loop
      vertex 17.6457 1.24948 1.2
      vertex 18.1584 1.60101 1.2
      vertex 18.0028 1.55707 1.2
    endloop
  endfacet
  facet normal 0 0 1
    outer loop
      vertex 18.7265 -1.19023 1.2
      vertex 18.5784 -1.2511 1.2
      vertex 18.6546 -1.22446 1.2
    endloop
  endfacet
  facet normal 0 0 1
    outer loop
      vertex 17.7464 1.3813 1.2
      vertex 18.0028 1.55707 1.2
      vertex 17.8654 1.48383 1.2
    endloop
  endfacet
  facet normal 0 0 1
    outer loop
      vertex 18.7265 -1.19023 1.2
      vertex 18.498 -1.27011 1.2
      vertex 18.5784 -1.2511 1.2
    endloop
  endfacet
  facet normal 0 0 1
    outer loop
      vertex 18.0028 1.55707 1.2
      vertex 17.7464 1.3813 1.2
      vertex 17.6457 1.24948 1.2
    endloop
  endfacet
  facet normal 0 0 1
    outer loop
      vertex 18.8575 -1.09894 1.2
      vertex 18.498 -1.27011 1.2
      vertex 18.7942 -1.14838 1.2
    endloop
  endfacet
  facet normal 0 0 1
    outer loop
      vertex 18.3323 1.61566 1.2
      vertex 17.6457 1.24948 1.2
      vertex 17.5633 1.08836 1.2
    endloop
  endfacet
  facet normal 0 0 1
    outer loop
      vertex 18.4132 -1.28152 1.2
      vertex 17.562 -0.768265 1.2
      vertex 18.3242 -1.28532 1.2
    endloop
  endfacet
  facet normal 0 0 1
    outer loop
      vertex 19.1091 1.07108 1.2
      vertex 17.5633 1.08836 1.2
      vertex 17.4992 0.897949 1.2
    endloop
  endfacet
  facet normal -0 -0 1
    outer loop
      vertex 17.6437 -0.926254 1.2
      vertex 18.3242 -1.28532 1.2
      vertex 17.562 -0.768265 1.2
    endloop
  endfacet
  facet normal 0 0 1
    outer loop
      vertex 19.1769 0.883026 1.2
      vertex 17.4992 0.897949 1.2
      vertex 17.4535 0.678238 1.2
    endloop
  endfacet
  facet normal 0 0 1
    outer loop
      vertex 18.3242 -1.28532 1.2
      vertex 17.6437 -0.926254 1.2
      vertex 18.1518 -1.27097 1.2
    endloop
  endfacet
  facet normal 0 0 1
    outer loop
      vertex 19.2423 0.556107 1.2
      vertex 17.4535 0.678238 1.2
      vertex 17.426 0.42923 1.2
    endloop
  endfacet
  facet normal 0 0 1
    outer loop
      vertex 19.2617 0.308258 1.2
      vertex 17.426 0.42923 1.2
      vertex 17.4169 0.15094 1.2
    endloop
  endfacet
  facet normal 0 0 1
    outer loop
      vertex 18.1518 -1.27097 1.2
      vertex 17.6437 -0.926254 1.2
      vertex 17.9976 -1.22787 1.2
    endloop
  endfacet
  facet normal -0 -0 1
    outer loop
      vertex 17.7435 -1.05553 1.2
      vertex 17.9976 -1.22787 1.2
      vertex 17.6437 -0.926254 1.2
    endloop
  endfacet
  facet normal 0 0 1
    outer loop
      vertex 17.9976 -1.22787 1.2
      vertex 17.7435 -1.05553 1.2
      vertex 17.8615 -1.15607 1.2
    endloop
  endfacet
  facet normal 0 0 1
    outer loop
      vertex 22.3924 0.709381 1.2
      vertex 24.0884 0.714645 1.2
      vertex 24.0761 0.813248 1.2
    endloop
  endfacet
  facet normal 0 0 1
    outer loop
      vertex 22.401 0.803558 1.2
      vertex 24.0761 0.813248 1.2
      vertex 24.06 0.906525 1.2
    endloop
  endfacet
  facet normal 0 0 1
    outer loop
      vertex 22.4137 0.893265 1.2
      vertex 24.06 0.906525 1.2
      vertex 24.0401 0.994461 1.2
    endloop
  endfacet
  facet normal 0 0 1
    outer loop
      vertex 22.4305 0.9785 1.2
      vertex 24.0401 0.994461 1.2
      vertex 24.0164 1.07709 1.2
    endloop
  endfacet
  facet normal 0 0 1
    outer loop
      vertex 22.4515 1.05927 1.2
      vertex 24.0164 1.07709 1.2
      vertex 23.9889 1.15437 1.2
    endloop
  endfacet
  facet normal 0 0 1
    outer loop
      vertex 22.4765 1.13554 1.2
      vertex 23.9889 1.15437 1.2
      vertex 23.9575 1.22632 1.2
    endloop
  endfacet
  facet normal 0 0 1
    outer loop
      vertex 23.2383 1.67674 1.2
      vertex 23.9575 1.22632 1.2
      vertex 23.9223 1.29295 1.2
    endloop
  endfacet
  facet normal 0 0 1
    outer loop
      vertex 23.3124 1.67407 1.2
      vertex 23.9223 1.29295 1.2
      vertex 23.8833 1.35425 1.2
    endloop
  endfacet
  facet normal 0 0 1
    outer loop
      vertex 23.3124 1.67407 1.2
      vertex 23.8833 1.35425 1.2
      vertex 23.8404 1.41022 1.2
    endloop
  endfacet
  facet normal 0 0 1
    outer loop
      vertex 23.3835 1.66608 1.2
      vertex 23.8404 1.41022 1.2
      vertex 23.7941 1.46086 1.2
    endloop
  endfacet
  facet normal 0 0 1
    outer loop
      vertex 23.3835 1.66608 1.2
      vertex 23.7941 1.46086 1.2
      vertex 23.7447 1.50616 1.2
    endloop
  endfacet
  facet normal 0 0 1
    outer loop
      vertex 23.4514 1.65276 1.2
      vertex 23.7447 1.50616 1.2
      vertex 23.6923 1.54614 1.2
    endloop
  endfacet
  facet normal 0 0 1
    outer loop
      vertex 23.4514 1.65276 1.2
      vertex 23.6923 1.54614 1.2
      vertex 23.6367 1.5808 1.2
    endloop
  endfacet
  facet normal 0 0 1
    outer loop
      vertex 23.5163 1.63409 1.2
      vertex 23.6367 1.5808 1.2
      vertex 23.578 1.61011 1.2
    endloop
  endfacet
  facet normal 0 0 1
    outer loop
      vertex 23.4514 1.65276 1.2
      vertex 23.6367 1.5808 1.2
      vertex 23.5163 1.63409 1.2
    endloop
  endfacet
  facet normal 0 0 1
    outer loop
      vertex 23.7447 1.50616 1.2
      vertex 23.4514 1.65276 1.2
      vertex 23.3835 1.66608 1.2
    endloop
  endfacet
  facet normal 0 0 1
    outer loop
      vertex 23.8404 1.41022 1.2
      vertex 23.3835 1.66608 1.2
      vertex 23.3124 1.67407 1.2
    endloop
  endfacet
  facet normal 0 0 1
    outer loop
      vertex 23.9223 1.29295 1.2
      vertex 23.3124 1.67407 1.2
      vertex 23.2383 1.67674 1.2
    endloop
  endfacet
  facet normal 0 0 1
    outer loop
      vertex 23.9575 1.22632 1.2
      vertex 23.2383 1.67674 1.2
      vertex 22.4765 1.13554 1.2
    endloop
  endfacet
  facet normal 0 0 1
    outer loop
      vertex 22.5057 1.20735 1.2
      vertex 23.2383 1.67674 1.2
      vertex 23.1596 1.67393 1.2
    endloop
  endfacet
  facet normal 0 0 1
    outer loop
      vertex 22.539 1.27469 1.2
      vertex 23.1596 1.67393 1.2
      vertex 23.0846 1.66551 1.2
    endloop
  endfacet
  facet normal 0 0 1
    outer loop
      vertex 22.5763 1.33755 1.2
      vertex 23.0846 1.66551 1.2
      vertex 23.0133 1.65146 1.2
    endloop
  endfacet
  facet normal 0 0 1
    outer loop
      vertex 22.6178 1.39594 1.2
      vertex 23.0133 1.65146 1.2
      vertex 22.9457 1.63181 1.2
    endloop
  endfacet
  facet normal 0 0 1
    outer loop
      vertex 22.6178 1.39594 1.2
      vertex 22.9457 1.63181 1.2
      vertex 22.8818 1.60654 1.2
    endloop
  endfacet
  facet normal 0 0 1
    outer loop
      vertex 22.6178 1.39594 1.2
      vertex 22.8818 1.60654 1.2
      vertex 22.8216 1.57565 1.2
    endloop
  endfacet
  facet normal 0 0 1
    outer loop
      vertex 22.6178 1.39594 1.2
      vertex 22.8216 1.57565 1.2
      vertex 22.7651 1.53914 1.2
    endloop
  endfacet
  facet normal 0 0 1
    outer loop
      vertex 22.6178 1.39594 1.2
      vertex 22.7651 1.53914 1.2
      vertex 22.7123 1.49702 1.2
    endloop
  endfacet
  facet normal 0 0 1
    outer loop
      vertex 22.6178 1.39594 1.2
      vertex 22.7123 1.49702 1.2
      vertex 22.6632 1.4493 1.2
    endloop
  endfacet
  facet normal 0 0 1
    outer loop
      vertex 23.0133 1.65146 1.2
      vertex 22.6178 1.39594 1.2
      vertex 22.5763 1.33755 1.2
    endloop
  endfacet
  facet normal 0 0 1
    outer loop
      vertex 23.0846 1.66551 1.2
      vertex 22.5763 1.33755 1.2
      vertex 22.539 1.27469 1.2
    endloop
  endfacet
  facet normal 0 0 1
    outer loop
      vertex 23.1596 1.67393 1.2
      vertex 22.539 1.27469 1.2
      vertex 22.5057 1.20735 1.2
    endloop
  endfacet
  facet normal 0 0 1
    outer loop
      vertex 23.2383 1.67674 1.2
      vertex 22.5057 1.20735 1.2
      vertex 22.4765 1.13554 1.2
    endloop
  endfacet
  facet normal 0 0 1
    outer loop
      vertex 23.9889 1.15437 1.2
      vertex 22.4765 1.13554 1.2
      vertex 22.4515 1.05927 1.2
    endloop
  endfacet
  facet normal 0 0 1
    outer loop
      vertex 24.0164 1.07709 1.2
      vertex 22.4515 1.05927 1.2
      vertex 22.4305 0.9785 1.2
    endloop
  endfacet
  facet normal 0 0 1
    outer loop
      vertex 24.0401 0.994461 1.2
      vertex 22.4305 0.9785 1.2
      vertex 22.4137 0.893265 1.2
    endloop
  endfacet
  facet normal 0 0 1
    outer loop
      vertex 24.06 0.906525 1.2
      vertex 22.4137 0.893265 1.2
      vertex 22.401 0.803558 1.2
    endloop
  endfacet
  facet normal 0 0 1
    outer loop
      vertex 24.0761 0.813248 1.2
      vertex 22.401 0.803558 1.2
      vertex 22.3924 0.709381 1.2
    endloop
  endfacet
  facet normal 0 0 1
    outer loop
      vertex 22.3879 0.610718 1.2
      vertex 24.0884 0.714645 1.2
      vertex 22.3924 0.709381 1.2
    endloop
  endfacet
  facet normal 0 0 1
    outer loop
      vertex 24.0884 0.714645 1.2
      vertex 22.3879 0.610718 1.2
      vertex 24.0968 0.610718 1.2
    endloop
  endfacet
  facet normal 0.737471 -0.675378 0
    outer loop
      vertex 38.6485 -11.6485 1.2
      vertex 38.7192 -11.5713 0
      vertex 38.7192 -11.5713 1.2
    endloop
  endfacet
  facet normal 0.737471 -0.675378 0
    outer loop
      vertex 38.7192 -11.5713 0
      vertex 38.6485 -11.6485 1.2
      vertex 38.6485 -11.6485 0
    endloop
  endfacet
  facet normal 0.792837 0.609434 0
    outer loop
      vertex 38.783 11.4883 1.2
      vertex 38.7192 11.5713 0
      vertex 38.7192 11.5713 1.2
    endloop
  endfacet
  facet normal 0.792837 0.609434 0
    outer loop
      vertex 38.7192 11.5713 0
      vertex 38.783 11.4883 1.2
      vertex 38.783 11.4883 0
    endloop
  endfacet
  facet normal 0.609434 0.792837 -0
    outer loop
      vertex 38.5713 11.7192 0
      vertex 38.4883 11.783 1.2
      vertex 38.5713 11.7192 1.2
    endloop
  endfacet
  facet normal 0.609434 0.792837 0
    outer loop
      vertex 38.4883 11.783 1.2
      vertex 38.5713 11.7192 0
      vertex 38.4883 11.783 0
    endloop
  endfacet
  facet normal 0 0 1
    outer loop
      vertex -21.7695 4.80775 0.799999
      vertex -19.2864 10.1598 0.799999
      vertex -19.8447 10.4007 0.799999
    endloop
  endfacet
  facet normal 0 0 1
    outer loop
      vertex -22.0337 4.92174 0.799999
      vertex -19.8447 10.4007 0.799999
      vertex -20.4153 10.6108 0.799999
    endloop
  endfacet
  facet normal 0 0 1
    outer loop
      vertex -22.3037 5.02119 0.799999
      vertex -20.4153 10.6108 0.799999
      vertex -20.9965 10.7897 0.799999
    endloop
  endfacet
  facet normal 0 -0 1
    outer loop
      vertex -21.7695 4.80775 0.799999
      vertex -19.8447 10.4007 0.799999
      vertex -22.0337 4.92174 0.799999
    endloop
  endfacet
  facet normal 0 0 1
    outer loop
      vertex -22.5787 5.10587 0.799999
      vertex -20.9965 10.7897 0.799999
      vertex -21.5865 10.9369 0.799999
    endloop
  endfacet
  facet normal 0 0 1
    outer loop
      vertex -18.7419 9.88901 0.799999
      vertex -21.7695 4.80775 0.799999
      vertex -21.5118 4.67961 0.799999
    endloop
  endfacet
  facet normal 0 0 1
    outer loop
      vertex -19.2864 10.1598 0.799999
      vertex -21.7695 4.80775 0.799999
      vertex -18.7419 9.88901 0.799999
    endloop
  endfacet
  facet normal 0 0 1
    outer loop
      vertex -22.8579 5.17548 0.799999
      vertex -21.5865 10.9369 0.799999
      vertex -22.1836 11.0517 0.799999
    endloop
  endfacet
  facet normal 0 0 1
    outer loop
      vertex -20.4153 10.6108 0.799999
      vertex -22.3037 5.02119 0.799999
      vertex -22.0337 4.92174 0.799999
    endloop
  endfacet
  facet normal 0 0 1
    outer loop
      vertex -20.9965 10.7897 0.799999
      vertex -22.5787 5.10587 0.799999
      vertex -22.3037 5.02119 0.799999
    endloop
  endfacet
  facet normal 0 0 1
    outer loop
      vertex -23.1405 5.22983 0.799999
      vertex -22.1836 11.0517 0.799999
      vertex -22.7861 11.134 0.799999
    endloop
  endfacet
  facet normal 0 0 1
    outer loop
      vertex -21.5865 10.9369 0.799999
      vertex -22.8579 5.17548 0.799999
      vertex -22.5787 5.10587 0.799999
    endloop
  endfacet
  facet normal 0 0 1
    outer loop
      vertex -22.1836 11.0517 0.799999
      vertex -23.1405 5.22983 0.799999
      vertex -22.8579 5.17548 0.799999
    endloop
  endfacet
  facet normal 0 0 1
    outer loop
      vertex -23.4256 5.26877 0.799999
      vertex -22.7861 11.134 0.799999
      vertex -23.3922 11.1835 0.799999
    endloop
  endfacet
  facet normal 0 0 1
    outer loop
      vertex -22.7861 11.134 0.799999
      vertex -23.4256 5.26877 0.799999
      vertex -23.1405 5.22983 0.799999
    endloop
  endfacet
  facet normal 0 0 1
    outer loop
      vertex -23.3922 11.1835 0.799999
      vertex -23.7124 5.29218 0.799999
      vertex -23.4256 5.26877 0.799999
    endloop
  endfacet
  facet normal 0 0 1
    outer loop
      vertex -24 11.2 0.799999
      vertex -23.7124 5.29218 0.799999
      vertex -23.3922 11.1835 0.799999
    endloop
  endfacet
  facet normal 0 0 1
    outer loop
      vertex -24 11.2 0.799999
      vertex -24 5.29999 0.799999
      vertex -23.7124 5.29218 0.799999
    endloop
  endfacet
  facet normal 0 0 1
    outer loop
      vertex -24 11.2 0.799999
      vertex -24.2876 5.29218 0.799999
      vertex -24 5.29999 0.799999
    endloop
  endfacet
  facet normal -0 0 1
    outer loop
      vertex -24.6078 11.1835 0.799999
      vertex -24.2876 5.29218 0.799999
      vertex -24 11.2 0.799999
    endloop
  endfacet
  facet normal 0 0 1
    outer loop
      vertex -24.2876 5.29218 0.799999
      vertex -24.6078 11.1835 0.799999
      vertex -24.5744 5.26877 0.799999
    endloop
  endfacet
  facet normal -0 0 1
    outer loop
      vertex -25.2139 11.134 0.799999
      vertex -24.5744 5.26877 0.799999
      vertex -24.6078 11.1835 0.799999
    endloop
  endfacet
  facet normal 0 0 1
    outer loop
      vertex -24.5744 5.26877 0.799999
      vertex -25.2139 11.134 0.799999
      vertex -24.8595 5.22983 0.799999
    endloop
  endfacet
  facet normal -0 0 1
    outer loop
      vertex -25.8164 11.0517 0.799999
      vertex -24.8595 5.22983 0.799999
      vertex -25.2139 11.134 0.799999
    endloop
  endfacet
  facet normal 0 0 1
    outer loop
      vertex -24.8595 5.22983 0.799999
      vertex -25.8164 11.0517 0.799999
      vertex -25.1421 5.17548 0.799999
    endloop
  endfacet
  facet normal -0 0 1
    outer loop
      vertex -26.4135 10.9369 0.799999
      vertex -25.1421 5.17548 0.799999
      vertex -25.8164 11.0517 0.799999
    endloop
  endfacet
  facet normal 0 0 1
    outer loop
      vertex -25.1421 5.17548 0.799999
      vertex -26.4135 10.9369 0.799999
      vertex -25.4213 5.10587 0.799999
    endloop
  endfacet
  facet normal -0 0 1
    outer loop
      vertex -27.0035 10.7897 0.799999
      vertex -25.4213 5.10587 0.799999
      vertex -26.4135 10.9369 0.799999
    endloop
  endfacet
  facet normal 0 0 1
    outer loop
      vertex -25.4213 5.10587 0.799999
      vertex -27.0035 10.7897 0.799999
      vertex -25.6963 5.02119 0.799999
    endloop
  endfacet
  facet normal -0 0 1
    outer loop
      vertex -27.5847 10.6108 0.799999
      vertex -25.6963 5.02119 0.799999
      vertex -27.0035 10.7897 0.799999
    endloop
  endfacet
  facet normal 0 0 1
    outer loop
      vertex -25.6963 5.02119 0.799999
      vertex -27.5847 10.6108 0.799999
      vertex -25.9663 4.92174 0.799999
    endloop
  endfacet
  facet normal -0 0 1
    outer loop
      vertex -28.1553 10.4007 0.799999
      vertex -25.9663 4.92174 0.799999
      vertex -27.5847 10.6108 0.799999
    endloop
  endfacet
  facet normal 0 0 1
    outer loop
      vertex -25.9663 4.92174 0.799999
      vertex -28.1553 10.4007 0.799999
      vertex -26.2305 4.80775 0.799999
    endloop
  endfacet
  facet normal -0 0 1
    outer loop
      vertex -28.7136 10.1598 0.799999
      vertex -26.2305 4.80775 0.799999
      vertex -28.1553 10.4007 0.799999
    endloop
  endfacet
  facet normal 0 0 1
    outer loop
      vertex -26.2305 4.80775 0.799999
      vertex -28.7136 10.1598 0.799999
      vertex -26.4882 4.67961 0.799999
    endloop
  endfacet
  facet normal 0 0 1
    outer loop
      vertex -26.4882 4.67961 0.799999
      vertex -28.7136 10.1598 0.799999
      vertex -29.2581 9.88901 0.799999
    endloop
  endfacet
  facet normal -0 0 1
    outer loop
      vertex 14.2038 3.95116 0.799999
      vertex 15.3471 3.10893 0.799999
      vertex 15.3471 3.95116 0.799999
    endloop
  endfacet
  facet normal 0 0 1
    outer loop
      vertex 15.3471 3.10893 0.799999
      vertex 14.2038 3.95116 0.799999
      vertex 14.2038 3.10893 0.799999
    endloop
  endfacet
  facet normal 0 0 1
    outer loop
      vertex 7.42229 2.07024 0.799999
      vertex 8.48419 2.52193 0.799999
      vertex 8.33026 2.77577 0.799999
    endloop
  endfacet
  facet normal 0 0 1
    outer loop
      vertex 7.32625 2.21898 0.799999
      vertex 8.33026 2.77577 0.799999
      vertex 8.14696 2.99976 0.799999
    endloop
  endfacet
  facet normal 0 0 1
    outer loop
      vertex 7.27213 2.28702 0.799999
      vertex 8.14696 2.99976 0.799999
      vertex 7.93428 3.19388 0.799999
    endloop
  endfacet
  facet normal 0 0 1
    outer loop
      vertex 7.15169 2.41037 0.799999
      vertex 7.93428 3.19388 0.799999
      vertex 7.69223 3.35814 0.799999
    endloop
  endfacet
  facet normal 0 0 1
    outer loop
      vertex 8.33026 2.77577 0.799999
      vertex 7.32625 2.21898 0.799999
      vertex 7.3763 2.14673 0.799999
    endloop
  endfacet
  facet normal 0 0 1
    outer loop
      vertex 8.48419 2.52193 0.799999
      vertex 7.50203 1.90456 0.799999
      vertex 8.60873 2.23822 0.799999
    endloop
  endfacet
  facet normal 0 -0 1
    outer loop
      vertex 7.50203 1.90456 0.799999
      vertex 8.48419 2.52193 0.799999
      vertex 7.46419 1.98952 0.799999
    endloop
  endfacet
  facet normal 0 0 1
    outer loop
      vertex 7.01495 2.5168 0.799999
      vertex 7.69223 3.35814 0.799999
      vertex 7.42081 3.49252 0.799999
    endloop
  endfacet
  facet normal 0 0 1
    outer loop
      vertex 8.48419 2.52193 0.799999
      vertex 7.42229 2.07024 0.799999
      vertex 7.46419 1.98952 0.799999
    endloop
  endfacet
  facet normal 0 0 1
    outer loop
      vertex 8.33026 2.77577 0.799999
      vertex 7.3763 2.14673 0.799999
      vertex 7.42229 2.07024 0.799999
    endloop
  endfacet
  facet normal 0 0 1
    outer loop
      vertex 8.14696 2.99976 0.799999
      vertex 7.27213 2.28702 0.799999
      vertex 7.32625 2.21898 0.799999
    endloop
  endfacet
  facet normal 0 0 1
    outer loop
      vertex 7.93428 3.19388 0.799999
      vertex 7.21394 2.3508 0.799999
      vertex 7.27213 2.28702 0.799999
    endloop
  endfacet
  facet normal 0 0 1
    outer loop
      vertex 7.93428 3.19388 0.799999
      vertex 7.15169 2.41037 0.799999
      vertex 7.21394 2.3508 0.799999
    endloop
  endfacet
  facet normal 0 0 1
    outer loop
      vertex 6.86266 2.60619 0.799999
      vertex 7.42081 3.49252 0.799999
      vertex 7.12 3.59705 0.799999
    endloop
  endfacet
  facet normal 0 0 1
    outer loop
      vertex 7.69223 3.35814 0.799999
      vertex 7.08536 2.4657 0.799999
      vertex 7.15169 2.41037 0.799999
    endloop
  endfacet
  facet normal 0 0 1
    outer loop
      vertex 7.69223 3.35814 0.799999
      vertex 7.01495 2.5168 0.799999
      vertex 7.08536 2.4657 0.799999
    endloop
  endfacet
  facet normal 0 0 1
    outer loop
      vertex 7.42081 3.49252 0.799999
      vertex 6.94049 2.56366 0.799999
      vertex 7.01495 2.5168 0.799999
    endloop
  endfacet
  facet normal 0 0 1
    outer loop
      vertex 7.42081 3.49252 0.799999
      vertex 6.86266 2.60619 0.799999
      vertex 6.94049 2.56366 0.799999
    endloop
  endfacet
  facet normal 0 0 1
    outer loop
      vertex 6.69894 2.6778 0.799999
      vertex 7.12 3.59705 0.799999
      vertex 6.78983 3.67171 0.799999
    endloop
  endfacet
  facet normal 0 0 1
    outer loop
      vertex 7.12 3.59705 0.799999
      vertex 6.78215 2.64423 0.799999
      vertex 6.86266 2.60619 0.799999
    endloop
  endfacet
  facet normal 0 0 1
    outer loop
      vertex 7.12 3.59705 0.799999
      vertex 6.69894 2.6778 0.799999
      vertex 6.78215 2.64423 0.799999
    endloop
  endfacet
  facet normal 0 0 1
    outer loop
      vertex 6.78983 3.67171 0.799999
      vertex 6.61305 2.70689 0.799999
      vertex 6.69894 2.6778 0.799999
    endloop
  endfacet
  facet normal 0 0 1
    outer loop
      vertex 6.78983 3.67171 0.799999
      vertex 6.52449 2.73151 0.799999
      vertex 6.61305 2.70689 0.799999
    endloop
  endfacet
  facet normal 0 0 1
    outer loop
      vertex 6.78983 3.67171 0.799999
      vertex 6.43323 2.75165 0.799999
      vertex 6.52449 2.73151 0.799999
    endloop
  endfacet
  facet normal 0 0 1
    outer loop
      vertex 6.43027 3.71651 0.799999
      vertex 6.43323 2.75165 0.799999
      vertex 6.78983 3.67171 0.799999
    endloop
  endfacet
  facet normal 0 0 1
    outer loop
      vertex 6.43027 3.71651 0.799999
      vertex 6.33928 2.76732 0.799999
      vertex 6.43323 2.75165 0.799999
    endloop
  endfacet
  facet normal 0 0 1
    outer loop
      vertex 6.43027 3.71651 0.799999
      vertex 6.24265 2.7785 0.799999
      vertex 6.33928 2.76732 0.799999
    endloop
  endfacet
  facet normal 0 0 1
    outer loop
      vertex 6.43027 3.71651 0.799999
      vertex 6.14334 2.78522 0.799999
      vertex 6.24265 2.7785 0.799999
    endloop
  endfacet
  facet normal 0 0 1
    outer loop
      vertex 6.04134 3.73143 0.799999
      vertex 6.14334 2.78522 0.799999
      vertex 6.43027 3.71651 0.799999
    endloop
  endfacet
  facet normal 0 0 1
    outer loop
      vertex 6.04134 3.73143 0.799999
      vertex 6.04134 2.78746 0.799999
      vertex 6.14334 2.78522 0.799999
    endloop
  endfacet
  facet normal 0 0 1
    outer loop
      vertex 6.04134 3.73143 0.799999
      vertex 5.87614 2.78233 0.799999
      vertex 6.04134 2.78746 0.799999
    endloop
  endfacet
  facet normal -0 0 1
    outer loop
      vertex 5.76398 3.72389 0.799999
      vertex 5.87614 2.78233 0.799999
      vertex 6.04134 3.73143 0.799999
    endloop
  endfacet
  facet normal 0 0 1
    outer loop
      vertex 5.76398 3.72389 0.799999
      vertex 5.71909 2.76695 0.799999
      vertex 5.87614 2.78233 0.799999
    endloop
  endfacet
  facet normal -0 0 1
    outer loop
      vertex 5.49988 3.70125 0.799999
      vertex 5.71909 2.76695 0.799999
      vertex 5.76398 3.72389 0.799999
    endloop
  endfacet
  facet normal 0 0 1
    outer loop
      vertex 5.71909 2.76695 0.799999
      vertex 5.49988 3.70125 0.799999
      vertex 5.57018 2.74132 0.799999
    endloop
  endfacet
  facet normal -0 0 1
    outer loop
      vertex 5.24904 3.6635 0.799999
      vertex 5.57018 2.74132 0.799999
      vertex 5.49988 3.70125 0.799999
    endloop
  endfacet
  facet normal 0 0 1
    outer loop
      vertex 5.57018 2.74132 0.799999
      vertex 5.24904 3.6635 0.799999
      vertex 5.4294 2.70543 0.799999
    endloop
  endfacet
  facet normal -0 0 1
    outer loop
      vertex 5.01146 3.61067 0.799999
      vertex 5.4294 2.70543 0.799999
      vertex 5.24904 3.6635 0.799999
    endloop
  endfacet
  facet normal 0 0 1
    outer loop
      vertex 5.4294 2.70543 0.799999
      vertex 5.01146 3.61067 0.799999
      vertex 5.29675 2.6593 0.799999
    endloop
  endfacet
  facet normal -0 0 1
    outer loop
      vertex 4.78716 3.54274 0.799999
      vertex 5.29675 2.6593 0.799999
      vertex 5.01146 3.61067 0.799999
    endloop
  endfacet
  facet normal 0 0 1
    outer loop
      vertex 5.29675 2.6593 0.799999
      vertex 4.78716 3.54274 0.799999
      vertex 5.17224 2.60291 0.799999
    endloop
  endfacet
  facet normal -0 0 1
    outer loop
      vertex 4.57611 3.45972 0.799999
      vertex 5.17224 2.60291 0.799999
      vertex 4.78716 3.54274 0.799999
    endloop
  endfacet
  facet normal 0 0 1
    outer loop
      vertex 5.17224 2.60291 0.799999
      vertex 4.57611 3.45972 0.799999
      vertex 5.05588 2.53627 0.799999
    endloop
  endfacet
  facet normal -0 0 1
    outer loop
      vertex 4.37831 3.36159 0.799999
      vertex 5.05588 2.53627 0.799999
      vertex 4.57611 3.45972 0.799999
    endloop
  endfacet
  facet normal 0 0 1
    outer loop
      vertex 5.05588 2.53627 0.799999
      vertex 4.37831 3.36159 0.799999
      vertex 4.94765 2.45937 0.799999
    endloop
  endfacet
  facet normal -0 0 1
    outer loop
      vertex 4.1938 3.24837 0.799999
      vertex 4.94765 2.45937 0.799999
      vertex 4.37831 3.36159 0.799999
    endloop
  endfacet
  facet normal 0 0 1
    outer loop
      vertex 4.94765 2.45937 0.799999
      vertex 4.1938 3.24837 0.799999
      vertex 4.84755 2.37222 0.799999
    endloop
  endfacet
  facet normal -0 0 1
    outer loop
      vertex 4.02254 3.12006 0.799999
      vertex 4.84755 2.37222 0.799999
      vertex 4.1938 3.24837 0.799999
    endloop
  endfacet
  facet normal 0 0 1
    outer loop
      vertex 4.84755 2.37222 0.799999
      vertex 4.02254 3.12006 0.799999
      vertex 4.7556 2.27481 0.799999
    endloop
  endfacet
  facet normal -0 0 1
    outer loop
      vertex 3.86453 2.97664 0.799999
      vertex 4.7556 2.27481 0.799999
      vertex 4.02254 3.12006 0.799999
    endloop
  endfacet
  facet normal 0 0 1
    outer loop
      vertex 4.7556 2.27481 0.799999
      vertex 3.86453 2.97664 0.799999
      vertex 4.67212 2.16785 0.799999
    endloop
  endfacet
  facet normal -0 0 1
    outer loop
      vertex 3.72075 2.81908 0.799999
      vertex 4.67212 2.16785 0.799999
      vertex 3.86453 2.97664 0.799999
    endloop
  endfacet
  facet normal 0 0 1
    outer loop
      vertex 4.67212 2.16785 0.799999
      vertex 3.72075 2.81908 0.799999
      vertex 4.59741 2.05202 0.799999
    endloop
  endfacet
  facet normal -0 0 1
    outer loop
      vertex 3.59209 2.6483 0.799999
      vertex 4.59741 2.05202 0.799999
      vertex 3.72075 2.81908 0.799999
    endloop
  endfacet
  facet normal 0 0 1
    outer loop
      vertex 4.59741 2.05202 0.799999
      vertex 3.59209 2.6483 0.799999
      vertex 4.53151 1.92732 0.799999
    endloop
  endfacet
  facet normal -0 0 1
    outer loop
      vertex 3.47858 2.46429 0.799999
      vertex 4.53151 1.92732 0.799999
      vertex 3.59209 2.6483 0.799999
    endloop
  endfacet
  facet normal 0 0 1
    outer loop
      vertex 4.53151 1.92732 0.799999
      vertex 3.38019 2.26706 0.799999
      vertex 4.4744 1.79375 0.799999
    endloop
  endfacet
  facet normal -0 0 1
    outer loop
      vertex 3.38019 2.26706 0.799999
      vertex 4.53151 1.92732 0.799999
      vertex 3.47858 2.46429 0.799999
    endloop
  endfacet
  facet normal -0 0 1
    outer loop
      vertex 7.63223 0.0492401 0.799999
      vertex 8.73077 -1.17139 0.799999
      vertex 8.73077 0.936218 0.799999
    endloop
  endfacet
  facet normal -0 0 1
    outer loop
      vertex 7.63223 -0.744186 0.799999
      vertex 8.73077 -1.17139 0.799999
      vertex 7.63223 0.0492401 0.799999
    endloop
  endfacet
  facet normal 0 0 1
    outer loop
      vertex 8.73077 -1.17139 0.799999
      vertex 7.63223 -0.744186 0.799999
      vertex 8.63689 -1.26294 0.799999
    endloop
  endfacet
  facet normal 0 0 1
    outer loop
      vertex 8.63689 -1.26294 0.799999
      vertex 7.63223 -0.744186 0.799999
      vertex 8.53751 -1.35042 0.799999
    endloop
  endfacet
  facet normal 0 0 1
    outer loop
      vertex 8.43263 -1.43384 0.799999
      vertex 7.63223 -0.744186 0.799999
      vertex 8.32227 -1.51318 0.799999
    endloop
  endfacet
  facet normal 0 0 1
    outer loop
      vertex 8.32227 -1.51318 0.799999
      vertex 7.63223 -0.744186 0.799999
      vertex 8.20641 -1.58846 0.799999
    endloop
  endfacet
  facet normal -0 0 1
    outer loop
      vertex 7.58223 -0.785751 0.799999
      vertex 8.20641 -1.58846 0.799999
      vertex 7.63223 -0.744186 0.799999
    endloop
  endfacet
  facet normal 0 0 1
    outer loop
      vertex 8.20641 -1.58846 0.799999
      vertex 7.58223 -0.785751 0.799999
      vertex 8.08505 -1.65967 0.799999
    endloop
  endfacet
  facet normal -0 0 1
    outer loop
      vertex 7.52823 -0.825806 0.799999
      vertex 8.08505 -1.65967 0.799999
      vertex 7.58223 -0.785751 0.799999
    endloop
  endfacet
  facet normal 0 0 1
    outer loop
      vertex 8.53751 -1.35042 0.799999
      vertex 7.63223 -0.744186 0.799999
      vertex 8.43263 -1.43384 0.799999
    endloop
  endfacet
  facet normal -0 0 1
    outer loop
      vertex 6.23256 0.936218 0.799999
      vertex 7.63223 0.0492401 0.799999
      vertex 8.73077 0.936218 0.799999
    endloop
  endfacet
  facet normal 0 0 1
    outer loop
      vertex 7.63223 0.0492401 0.799999
      vertex 6.23256 0.936218 0.799999
      vertex 6.23256 0.0492401 0.799999
    endloop
  endfacet
  facet normal 0 0 1
    outer loop
      vertex 8.08505 -1.65967 0.799999
      vertex 7.52823 -0.825806 0.799999
      vertex 7.95821 -1.72681 0.799999
    endloop
  endfacet
  facet normal -0 0 1
    outer loop
      vertex 7.47026 -0.864349 0.799999
      vertex 7.95821 -1.72681 0.799999
      vertex 7.52823 -0.825806 0.799999
    endloop
  endfacet
  facet normal -0 0 1
    outer loop
      vertex 7.40828 -0.901398 0.799999
      vertex 7.95821 -1.72681 0.799999
      vertex 7.47026 -0.864349 0.799999
    endloop
  endfacet
  facet normal 0 0 1
    outer loop
      vertex 7.95821 -1.72681 0.799999
      vertex 7.40828 -0.901398 0.799999
      vertex 7.82585 -1.78987 0.799999
    endloop
  endfacet
  facet normal -0 0 1
    outer loop
      vertex 7.34233 -0.936935 0.799999
      vertex 7.82585 -1.78987 0.799999
      vertex 7.40828 -0.901398 0.799999
    endloop
  endfacet
  facet normal 0 0 1
    outer loop
      vertex 7.82585 -1.78987 0.799999
      vertex 7.34233 -0.936935 0.799999
      vertex 7.68802 -1.84888 0.799999
    endloop
  endfacet
  facet normal -0 0 1
    outer loop
      vertex 7.27238 -0.970978 0.799999
      vertex 7.68802 -1.84888 0.799999
      vertex 7.34233 -0.936935 0.799999
    endloop
  endfacet
  facet normal 0 0 1
    outer loop
      vertex 7.68802 -1.84888 0.799999
      vertex 7.27238 -0.970978 0.799999
      vertex 7.54469 -1.90381 0.799999
    endloop
  endfacet
  facet normal -0 0 1
    outer loop
      vertex 7.19846 -1.00351 0.799999
      vertex 7.54469 -1.90381 0.799999
      vertex 7.27238 -0.970978 0.799999
    endloop
  endfacet
  facet normal -0 0 1
    outer loop
      vertex 7.12053 -1.03453 0.799999
      vertex 7.54469 -1.90381 0.799999
      vertex 7.19846 -1.00351 0.799999
    endloop
  endfacet
  facet normal 0 0 1
    outer loop
      vertex 7.54469 -1.90381 0.799999
      vertex 7.12053 -1.03453 0.799999
      vertex 7.39792 -1.95404 0.799999
    endloop
  endfacet
  facet normal -0 0 1
    outer loop
      vertex 7.03864 -1.06406 0.799999
      vertex 7.39792 -1.95404 0.799999
      vertex 7.12053 -1.03453 0.799999
    endloop
  endfacet
  facet normal 0 0 1
    outer loop
      vertex 7.39792 -1.95404 0.799999
      vertex 7.03864 -1.06406 0.799999
      vertex 7.24971 -1.99899 0.799999
    endloop
  endfacet
  facet normal -0 0 1
    outer loop
      vertex 6.95273 -1.09207 0.799999
      vertex 7.24971 -1.99899 0.799999
      vertex 7.03864 -1.06406 0.799999
    endloop
  endfacet
  facet normal 0 0 1
    outer loop
      vertex 7.24971 -1.99899 0.799999
      vertex 6.95273 -1.09207 0.799999
      vertex 7.1001 -2.03867 0.799999
    endloop
  endfacet
  facet normal -0 0 1
    outer loop
      vertex 6.86456 -1.11797 0.799999
      vertex 7.1001 -2.03867 0.799999
      vertex 6.95273 -1.09207 0.799999
    endloop
  endfacet
  facet normal -0 0 1
    outer loop
      vertex 6.77582 -1.14114 0.799999
      vertex 7.1001 -2.03867 0.799999
      vertex 6.86456 -1.11797 0.799999
    endloop
  endfacet
  facet normal 0 0 1
    outer loop
      vertex 7.1001 -2.03867 0.799999
      vertex 6.77582 -1.14114 0.799999
      vertex 6.94904 -2.07303 0.799999
    endloop
  endfacet
  facet normal -0 0 1
    outer loop
      vertex 6.68651 -1.16159 0.799999
      vertex 6.94904 -2.07303 0.799999
      vertex 6.77582 -1.14114 0.799999
    endloop
  endfacet
  facet normal 0 0 1
    outer loop
      vertex 6.94904 -2.07303 0.799999
      vertex 6.68651 -1.16159 0.799999
      vertex 6.79657 -2.10213 0.799999
    endloop
  endfacet
  facet normal -0 0 1
    outer loop
      vertex 6.59663 -1.17931 0.799999
      vertex 6.79657 -2.10213 0.799999
      vertex 6.68651 -1.16159 0.799999
    endloop
  endfacet
  facet normal 0 0 1
    outer loop
      vertex 6.79657 -2.10213 0.799999
      vertex 6.59663 -1.17931 0.799999
      vertex 6.64267 -2.12592 0.799999
    endloop
  endfacet
  facet normal -0 0 1
    outer loop
      vertex 6.50618 -1.19431 0.799999
      vertex 6.64267 -2.12592 0.799999
      vertex 6.59663 -1.17931 0.799999
    endloop
  endfacet
  facet normal -0 0 1
    outer loop
      vertex 6.41516 -1.20657 0.799999
      vertex 6.64267 -2.12592 0.799999
      vertex 6.50618 -1.19431 0.799999
    endloop
  endfacet
  facet normal 0 0 1
    outer loop
      vertex 6.64267 -2.12592 0.799999
      vertex 6.41516 -1.20657 0.799999
      vertex 6.48735 -2.14442 0.799999
    endloop
  endfacet
  facet normal -0 0 1
    outer loop
      vertex 6.32358 -1.21613 0.799999
      vertex 6.48735 -2.14442 0.799999
      vertex 6.41516 -1.20657 0.799999
    endloop
  endfacet
  facet normal 0 0 1
    outer loop
      vertex 6.48735 -2.14442 0.799999
      vertex 6.32358 -1.21613 0.799999
      vertex 6.3306 -2.15765 0.799999
    endloop
  endfacet
  facet normal -0 0 1
    outer loop
      vertex 6.23143 -1.22293 0.799999
      vertex 6.3306 -2.15765 0.799999
      vertex 6.32358 -1.21613 0.799999
    endloop
  endfacet
  facet normal 0 0 1
    outer loop
      vertex 6.23143 -1.22293 0.799999
      vertex 6.17242 -2.16559 0.799999
      vertex 6.3306 -2.15765 0.799999
    endloop
  endfacet
  facet normal -0 0 1
    outer loop
      vertex 6.1387 -1.22702 0.799999
      vertex 6.17242 -2.16559 0.799999
      vertex 6.23143 -1.22293 0.799999
    endloop
  endfacet
  facet normal -0 0 1
    outer loop
      vertex 6.04541 -1.22839 0.799999
      vertex 6.17242 -2.16559 0.799999
      vertex 6.1387 -1.22702 0.799999
    endloop
  endfacet
  facet normal 0 0 1
    outer loop
      vertex 6.04541 -1.22839 0.799999
      vertex 6.01283 -2.16823 0.799999
      vertex 6.17242 -2.16559 0.799999
    endloop
  endfacet
  facet normal 0 0 1
    outer loop
      vertex 5.88472 -1.22308 0.799999
      vertex 6.01283 -2.16823 0.799999
      vertex 6.04541 -1.22839 0.799999
    endloop
  endfacet
  facet normal 0 0 1
    outer loop
      vertex 5.88472 -1.22308 0.799999
      vertex 5.73938 -2.16048 0.799999
      vertex 6.01283 -2.16823 0.799999
    endloop
  endfacet
  facet normal 0 0 1
    outer loop
      vertex 5.73138 -1.20715 0.799999
      vertex 5.73938 -2.16048 0.799999
      vertex 5.88472 -1.22308 0.799999
    endloop
  endfacet
  facet normal 0 0 1
    outer loop
      vertex 5.47887 -2.13722 0.799999
      vertex 5.73138 -1.20715 0.799999
      vertex 5.58542 -1.1806 0.799999
    endloop
  endfacet
  facet normal 0 0 1
    outer loop
      vertex 5.73138 -1.20715 0.799999
      vertex 5.47887 -2.13722 0.799999
      vertex 5.73938 -2.16048 0.799999
    endloop
  endfacet
  facet normal 0 0 1
    outer loop
      vertex 5.23128 -2.09846 0.799999
      vertex 5.58542 -1.1806 0.799999
      vertex 5.44682 -1.14343 0.799999
    endloop
  endfacet
  facet normal 0 0 1
    outer loop
      vertex 4.99664 -2.04422 0.799999
      vertex 5.44682 -1.14343 0.799999
      vertex 5.31558 -1.09564 0.799999
    endloop
  endfacet
  facet normal 0 0 1
    outer loop
      vertex 5.58542 -1.1806 0.799999
      vertex 5.23128 -2.09846 0.799999
      vertex 5.47887 -2.13722 0.799999
    endloop
  endfacet
  facet normal 0 0 1
    outer loop
      vertex 4.99664 -2.04422 0.799999
      vertex 5.31558 -1.09564 0.799999
      vertex 5.19171 -1.03723 0.799999
    endloop
  endfacet
  facet normal 0 0 1
    outer loop
      vertex 4.77493 -1.97446 0.799999
      vertex 5.19171 -1.03723 0.799999
      vertex 5.07521 -0.968201 0.799999
    endloop
  endfacet
  facet normal 0 0 1
    outer loop
      vertex 5.44682 -1.14343 0.799999
      vertex 4.99664 -2.04422 0.799999
      vertex 5.23128 -2.09846 0.799999
    endloop
  endfacet
  facet normal 0 0 1
    outer loop
      vertex 4.37033 -1.78844 0.799999
      vertex 5.07521 -0.968201 0.799999
      vertex 4.96606 -0.88855 0.799999
    endloop
  endfacet
  facet normal 0 0 1
    outer loop
      vertex 4.18744 -1.67218 0.799999
      vertex 4.96606 -0.88855 0.799999
      vertex 4.86429 -0.798279 0.799999
    endloop
  endfacet
  facet normal 0 0 1
    outer loop
      vertex 5.19171 -1.03723 0.799999
      vertex 4.77493 -1.97446 0.799999
      vertex 4.99664 -2.04422 0.799999
    endloop
  endfacet
  facet normal 0 0 1
    outer loop
      vertex 4.01747 -1.54041 0.799999
      vertex 4.86429 -0.798279 0.799999
      vertex 4.76987 -0.697388 0.799999
    endloop
  endfacet
  facet normal 0 0 1
    outer loop
      vertex 3.86046 -1.39314 0.799999
      vertex 4.76987 -0.697388 0.799999
      vertex 4.68369 -0.586777 0.799999
    endloop
  endfacet
  facet normal 0 0 1
    outer loop
      vertex 3.71744 -1.23164 0.799999
      vertex 4.68369 -0.586777 0.799999
      vertex 4.60655 -0.467331 0.799999
    endloop
  endfacet
  facet normal 0 0 1
    outer loop
      vertex 5.07521 -0.968201 0.799999
      vertex 4.56616 -1.88921 0.799999
      vertex 4.77493 -1.97446 0.799999
    endloop
  endfacet
  facet normal 0 0 1
    outer loop
      vertex 3.58948 -1.05716 0.799999
      vertex 4.60655 -0.467331 0.799999
      vertex 4.53851 -0.339066 0.799999
    endloop
  endfacet
  facet normal 0 0 1
    outer loop
      vertex 3.47658 -0.86969 0.799999
      vertex 4.53851 -0.339066 0.799999
      vertex 4.47954 -0.201965 0.799999
    endloop
  endfacet
  facet normal 0 0 1
    outer loop
      vertex 3.29593 -0.455811 0.799999
      vertex 4.47954 -0.201965 0.799999
      vertex 4.42963 -0.0560303 0.799999
    endloop
  endfacet
  facet normal 0 0 1
    outer loop
      vertex 3.22818 -0.229401 0.799999
      vertex 4.42963 -0.0560303 0.799999
      vertex 4.38879 0.0987091 0.799999
    endloop
  endfacet
  facet normal 0 0 1
    outer loop
      vertex 5.07521 -0.968201 0.799999
      vertex 4.37033 -1.78844 0.799999
      vertex 4.56616 -1.88921 0.799999
    endloop
  endfacet
  facet normal 0 0 1
    outer loop
      vertex 3.17549 0.00996399 0.799999
      vertex 4.38879 0.0987091 0.799999
      vertex 4.35704 0.262299 0.799999
    endloop
  endfacet
  facet normal -0 0 1
    outer loop
      vertex 3.13786 0.262344 0.799999
      vertex 4.35704 0.262299 0.799999
      vertex 4.33437 0.434708 0.799999
    endloop
  endfacet
  facet normal -0 0 1
    outer loop
      vertex 3.11528 0.527695 0.799999
      vertex 4.33437 0.434708 0.799999
      vertex 4.32076 0.615952 0.799999
    endloop
  endfacet
  facet normal -0 0 1
    outer loop
      vertex 3.10776 0.806015 0.799999
      vertex 4.32076 0.615952 0.799999
      vertex 4.31621 0.806015 0.799999
    endloop
  endfacet
  facet normal -0 0 1
    outer loop
      vertex 3.29695 2.05661 0.799999
      vertex 4.4744 1.79375 0.799999
      vertex 3.38019 2.26706 0.799999
    endloop
  endfacet
  facet normal 0 0 1
    outer loop
      vertex 4.32076 0.615952 0.799999
      vertex 3.10776 0.806015 0.799999
      vertex 3.11528 0.527695 0.799999
    endloop
  endfacet
  facet normal 0 0 1
    outer loop
      vertex 4.4744 1.79375 0.799999
      vertex 3.29695 2.05661 0.799999
      vertex 4.42606 1.65129 0.799999
    endloop
  endfacet
  facet normal 0 0 1
    outer loop
      vertex 4.33437 0.434708 0.799999
      vertex 3.11528 0.527695 0.799999
      vertex 3.13786 0.262344 0.799999
    endloop
  endfacet
  facet normal -0 0 1
    outer loop
      vertex 3.22884 1.83293 0.799999
      vertex 4.42606 1.65129 0.799999
      vertex 3.29695 2.05661 0.799999
    endloop
  endfacet
  facet normal 0 0 1
    outer loop
      vertex 4.35704 0.262299 0.799999
      vertex 3.13786 0.262344 0.799999
      vertex 3.17549 0.00996399 0.799999
    endloop
  endfacet
  facet normal 0 0 1
    outer loop
      vertex 4.42606 1.65129 0.799999
      vertex 3.22884 1.83293 0.799999
      vertex 4.38652 1.49998 0.799999
    endloop
  endfacet
  facet normal 0 0 1
    outer loop
      vertex 4.38879 0.0987091 0.799999
      vertex 3.17549 0.00996399 0.799999
      vertex 3.22818 -0.229401 0.799999
    endloop
  endfacet
  facet normal -0 0 1
    outer loop
      vertex 3.17586 1.59604 0.799999
      vertex 4.38652 1.49998 0.799999
      vertex 3.22884 1.83293 0.799999
    endloop
  endfacet
  facet normal 0 0 1
    outer loop
      vertex 4.96606 -0.88855 0.799999
      vertex 4.18744 -1.67218 0.799999
      vertex 4.37033 -1.78844 0.799999
    endloop
  endfacet
  facet normal 0 0 1
    outer loop
      vertex 4.38652 1.49998 0.799999
      vertex 3.17586 1.59604 0.799999
      vertex 4.35576 1.3398 0.799999
    endloop
  endfacet
  facet normal 0 0 1
    outer loop
      vertex 4.86429 -0.798279 0.799999
      vertex 4.01747 -1.54041 0.799999
      vertex 4.18744 -1.67218 0.799999
    endloop
  endfacet
  facet normal -0 0 1
    outer loop
      vertex 3.13803 1.34592 0.799999
      vertex 4.35576 1.3398 0.799999
      vertex 3.17586 1.59604 0.799999
    endloop
  endfacet
  facet normal 0 0 1
    outer loop
      vertex 4.76987 -0.697388 0.799999
      vertex 3.86046 -1.39314 0.799999
      vertex 4.01747 -1.54041 0.799999
    endloop
  endfacet
  facet normal 0 0 1
    outer loop
      vertex 4.35576 1.3398 0.799999
      vertex 3.13803 1.34592 0.799999
      vertex 4.33379 1.17075 0.799999
    endloop
  endfacet
  facet normal 0 0 1
    outer loop
      vertex 4.3206 0.992813 0.799999
      vertex 3.10776 0.806015 0.799999
      vertex 4.31621 0.806015 0.799999
    endloop
  endfacet
  facet normal 0 0 1
    outer loop
      vertex 3.11533 1.08258 0.799999
      vertex 4.33379 1.17075 0.799999
      vertex 3.13803 1.34592 0.799999
    endloop
  endfacet
  facet normal 0 0 1
    outer loop
      vertex 4.33379 1.17075 0.799999
      vertex 3.11533 1.08258 0.799999
      vertex 4.3206 0.992813 0.799999
    endloop
  endfacet
  facet normal 0 0 1
    outer loop
      vertex 3.10776 0.806015 0.799999
      vertex 4.3206 0.992813 0.799999
      vertex 3.11533 1.08258 0.799999
    endloop
  endfacet
  facet normal 0 0 1
    outer loop
      vertex 4.42963 -0.0560303 0.799999
      vertex 3.22818 -0.229401 0.799999
      vertex 3.29593 -0.455811 0.799999
    endloop
  endfacet
  facet normal 0 0 1
    outer loop
      vertex 4.68369 -0.586777 0.799999
      vertex 3.71744 -1.23164 0.799999
      vertex 3.86046 -1.39314 0.799999
    endloop
  endfacet
  facet normal 0 0 1
    outer loop
      vertex 4.47954 -0.201965 0.799999
      vertex 3.29593 -0.455811 0.799999
      vertex 3.37872 -0.669235 0.799999
    endloop
  endfacet
  facet normal 0 0 1
    outer loop
      vertex 4.60655 -0.467331 0.799999
      vertex 3.58948 -1.05716 0.799999
      vertex 3.71744 -1.23164 0.799999
    endloop
  endfacet
  facet normal 0 0 1
    outer loop
      vertex 4.47954 -0.201965 0.799999
      vertex 3.37872 -0.669235 0.799999
      vertex 3.47658 -0.86969 0.799999
    endloop
  endfacet
  facet normal 0 0 1
    outer loop
      vertex 4.53851 -0.339066 0.799999
      vertex 3.47658 -0.86969 0.799999
      vertex 3.58948 -1.05716 0.799999
    endloop
  endfacet
  facet normal -0 0 1
    outer loop
      vertex -7.98953 3.646 0.799999
      vertex -6.78923 -2.08687 0.799999
      vertex -6.78923 3.646 0.799999
    endloop
  endfacet
  facet normal 0 0 1
    outer loop
      vertex -6.78923 -2.08687 0.799999
      vertex -7.98953 3.646 0.799999
      vertex -7.98953 -2.08687 0.799999
    endloop
  endfacet
  facet normal 0 0 1
    outer loop
      vertex -21.3103 0.235306 0.799999
      vertex -21.3103 -0.235306 0.799999
      vertex -21.3 0 0.799999
    endloop
  endfacet
  facet normal 0 0 1
    outer loop
      vertex -21.341 0.468842 0.799999
      vertex -21.3103 -0.235306 0.799999
      vertex -21.3103 0.235306 0.799999
    endloop
  endfacet
  facet normal 0 0 1
    outer loop
      vertex -21.341 0.468842 0.799999
      vertex -21.341 -0.468842 0.799999
      vertex -21.3103 -0.235306 0.799999
    endloop
  endfacet
  facet normal 0 0 1
    outer loop
      vertex -21.392 0.698807 0.799999
      vertex -21.341 -0.468842 0.799999
      vertex -21.341 0.468842 0.799999
    endloop
  endfacet
  facet normal 0 0 1
    outer loop
      vertex -21.392 0.698807 0.799999
      vertex -21.392 -0.698807 0.799999
      vertex -21.341 -0.468842 0.799999
    endloop
  endfacet
  facet normal 0 0 1
    outer loop
      vertex -21.4628 0.923447 0.799999
      vertex -21.392 -0.698807 0.799999
      vertex -21.392 0.698807 0.799999
    endloop
  endfacet
  facet normal 0 0 1
    outer loop
      vertex -21.4628 0.923447 0.799999
      vertex -21.4628 -0.923447 0.799999
      vertex -21.392 -0.698807 0.799999
    endloop
  endfacet
  facet normal 0 0 1
    outer loop
      vertex -21.553 1.14107 0.799999
      vertex -21.4628 -0.923447 0.799999
      vertex -21.4628 0.923447 0.799999
    endloop
  endfacet
  facet normal 0 0 1
    outer loop
      vertex -21.553 1.14107 0.799999
      vertex -21.553 -1.14107 0.799999
      vertex -21.4628 -0.923447 0.799999
    endloop
  endfacet
  facet normal 0 0 1
    outer loop
      vertex -21.6617 1.34999 0.799999
      vertex -21.553 -1.14107 0.799999
      vertex -21.553 1.14107 0.799999
    endloop
  endfacet
  facet normal 0 0 1
    outer loop
      vertex -21.6617 1.34999 0.799999
      vertex -21.6617 -1.34999 0.799999
      vertex -21.553 -1.14107 0.799999
    endloop
  endfacet
  facet normal 0 0 1
    outer loop
      vertex -21.7883 1.54865 0.799999
      vertex -21.6617 -1.34999 0.799999
      vertex -21.6617 1.34999 0.799999
    endloop
  endfacet
  facet normal 0 0 1
    outer loop
      vertex -21.7883 1.54865 0.799999
      vertex -21.7883 -1.54865 0.799999
      vertex -21.6617 -1.34999 0.799999
    endloop
  endfacet
  facet normal 0 0 1
    outer loop
      vertex -21.9317 1.73552 0.799999
      vertex -21.7883 -1.54865 0.799999
      vertex -21.7883 1.54865 0.799999
    endloop
  endfacet
  facet normal 0 0 1
    outer loop
      vertex -21.9317 1.73552 0.799999
      vertex -21.9317 -1.73552 0.799999
      vertex -21.7883 -1.54865 0.799999
    endloop
  endfacet
  facet normal 0 0 1
    outer loop
      vertex -22.0908 1.90918 0.799999
      vertex -21.9317 -1.73552 0.799999
      vertex -21.9317 1.73552 0.799999
    endloop
  endfacet
  facet normal 0 0 1
    outer loop
      vertex -22.0908 1.90918 0.799999
      vertex -22.0908 -1.90918 0.799999
      vertex -21.9317 -1.73552 0.799999
    endloop
  endfacet
  facet normal 0 0 1
    outer loop
      vertex -22.2645 2.06831 0.799999
      vertex -22.0908 -1.90918 0.799999
      vertex -22.0908 1.90918 0.799999
    endloop
  endfacet
  facet normal 0 0 1
    outer loop
      vertex -22.2645 2.06831 0.799999
      vertex -22.2645 -2.06831 0.799999
      vertex -22.0908 -1.90918 0.799999
    endloop
  endfacet
  facet normal 0 0 1
    outer loop
      vertex -22.4514 2.2117 0.799999
      vertex -22.2645 -2.06831 0.799999
      vertex -22.2645 2.06831 0.799999
    endloop
  endfacet
  facet normal 0 0 1
    outer loop
      vertex -22.4514 2.2117 0.799999
      vertex -22.4514 -2.2117 0.799999
      vertex -22.2645 -2.06831 0.799999
    endloop
  endfacet
  facet normal 0 0 1
    outer loop
      vertex -22.65 2.33826 0.799999
      vertex -22.4514 -2.2117 0.799999
      vertex -22.4514 2.2117 0.799999
    endloop
  endfacet
  facet normal 0 0 1
    outer loop
      vertex -22.65 2.33826 0.799999
      vertex -22.65 -2.33826 0.799999
      vertex -22.4514 -2.2117 0.799999
    endloop
  endfacet
  facet normal 0 0 1
    outer loop
      vertex -22.8589 2.44702 0.799999
      vertex -22.65 -2.33826 0.799999
      vertex -22.65 2.33826 0.799999
    endloop
  endfacet
  facet normal 0 0 1
    outer loop
      vertex -22.8589 2.44702 0.799999
      vertex -22.8589 -2.44702 0.799999
      vertex -22.65 -2.33826 0.799999
    endloop
  endfacet
  facet normal 0 0 1
    outer loop
      vertex -23.0766 2.53716 0.799999
      vertex -22.8589 -2.44702 0.799999
      vertex -22.8589 2.44702 0.799999
    endloop
  endfacet
  facet normal 0 0 1
    outer loop
      vertex -23.0766 2.53716 0.799999
      vertex -23.0766 -2.53716 0.799999
      vertex -22.8589 -2.44702 0.799999
    endloop
  endfacet
  facet normal 0 0 1
    outer loop
      vertex -23.3012 2.60799 0.799999
      vertex -23.0766 -2.53716 0.799999
      vertex -23.0766 2.53716 0.799999
    endloop
  endfacet
  facet normal 0 0 1
    outer loop
      vertex -23.3012 2.60799 0.799999
      vertex -23.3012 -2.60799 0.799999
      vertex -23.0766 -2.53716 0.799999
    endloop
  endfacet
  facet normal 0 0 1
    outer loop
      vertex -23.5312 2.65897 0.799999
      vertex -23.3012 -2.60799 0.799999
      vertex -23.3012 2.60799 0.799999
    endloop
  endfacet
  facet normal 0 0 1
    outer loop
      vertex -23.5312 2.65897 0.799999
      vertex -23.5312 -2.65897 0.799999
      vertex -23.3012 -2.60799 0.799999
    endloop
  endfacet
  facet normal 0 0 1
    outer loop
      vertex -23.7647 2.68971 0.799999
      vertex -23.5312 -2.65897 0.799999
      vertex -23.5312 2.65897 0.799999
    endloop
  endfacet
  facet normal 0 0 1
    outer loop
      vertex -23.7647 2.68971 0.799999
      vertex -23.7647 -2.68971 0.799999
      vertex -23.5312 -2.65897 0.799999
    endloop
  endfacet
  facet normal 0 0 1
    outer loop
      vertex -24 2.7 0.799999
      vertex -23.7647 -2.68971 0.799999
      vertex -23.7647 2.68971 0.799999
    endloop
  endfacet
  facet normal 0 0 1
    outer loop
      vertex -24 2.7 0.799999
      vertex -24 -2.7 0.799999
      vertex -23.7647 -2.68971 0.799999
    endloop
  endfacet
  facet normal -0 0 1
    outer loop
      vertex -24.2353 2.68971 0.799999
      vertex -24 -2.7 0.799999
      vertex -24 2.7 0.799999
    endloop
  endfacet
  facet normal 0 0 1
    outer loop
      vertex -24.2353 2.68971 0.799999
      vertex -24.2353 -2.68971 0.799999
      vertex -24 -2.7 0.799999
    endloop
  endfacet
  facet normal -0 0 1
    outer loop
      vertex -24.4688 2.65897 0.799999
      vertex -24.2353 -2.68971 0.799999
      vertex -24.2353 2.68971 0.799999
    endloop
  endfacet
  facet normal 0 0 1
    outer loop
      vertex -24.4688 2.65897 0.799999
      vertex -24.4688 -2.65897 0.799999
      vertex -24.2353 -2.68971 0.799999
    endloop
  endfacet
  facet normal -0 0 1
    outer loop
      vertex -24.6988 2.60799 0.799999
      vertex -24.4688 -2.65897 0.799999
      vertex -24.4688 2.65897 0.799999
    endloop
  endfacet
  facet normal 0 0 1
    outer loop
      vertex -24.6988 2.60799 0.799999
      vertex -24.6988 -2.60799 0.799999
      vertex -24.4688 -2.65897 0.799999
    endloop
  endfacet
  facet normal -0 0 1
    outer loop
      vertex -24.9234 2.53716 0.799999
      vertex -24.6988 -2.60799 0.799999
      vertex -24.6988 2.60799 0.799999
    endloop
  endfacet
  facet normal 0 0 1
    outer loop
      vertex -24.9234 2.53716 0.799999
      vertex -24.9234 -2.53716 0.799999
      vertex -24.6988 -2.60799 0.799999
    endloop
  endfacet
  facet normal -0 0 1
    outer loop
      vertex -25.1411 2.44702 0.799999
      vertex -24.9234 -2.53716 0.799999
      vertex -24.9234 2.53716 0.799999
    endloop
  endfacet
  facet normal 0 0 1
    outer loop
      vertex -25.1411 2.44702 0.799999
      vertex -25.1411 -2.44702 0.799999
      vertex -24.9234 -2.53716 0.799999
    endloop
  endfacet
  facet normal -0 0 1
    outer loop
      vertex -25.35 2.33826 0.799999
      vertex -25.1411 -2.44702 0.799999
      vertex -25.1411 2.44702 0.799999
    endloop
  endfacet
  facet normal 0 0 1
    outer loop
      vertex -25.35 2.33826 0.799999
      vertex -25.35 -2.33826 0.799999
      vertex -25.1411 -2.44702 0.799999
    endloop
  endfacet
  facet normal -0 0 1
    outer loop
      vertex -25.5486 2.2117 0.799999
      vertex -25.35 -2.33826 0.799999
      vertex -25.35 2.33826 0.799999
    endloop
  endfacet
  facet normal 0 0 1
    outer loop
      vertex -25.5486 2.2117 0.799999
      vertex -25.5486 -2.2117 0.799999
      vertex -25.35 -2.33826 0.799999
    endloop
  endfacet
  facet normal -0 0 1
    outer loop
      vertex -25.7355 2.06831 0.799999
      vertex -25.5486 -2.2117 0.799999
      vertex -25.5486 2.2117 0.799999
    endloop
  endfacet
  facet normal 0 0 1
    outer loop
      vertex -25.7355 2.06831 0.799999
      vertex -25.7355 -2.06831 0.799999
      vertex -25.5486 -2.2117 0.799999
    endloop
  endfacet
  facet normal -0 0 1
    outer loop
      vertex -25.9092 1.90918 0.799999
      vertex -25.7355 -2.06831 0.799999
      vertex -25.7355 2.06831 0.799999
    endloop
  endfacet
  facet normal 0 0 1
    outer loop
      vertex -25.9092 1.90918 0.799999
      vertex -25.9092 -1.90918 0.799999
      vertex -25.7355 -2.06831 0.799999
    endloop
  endfacet
  facet normal -0 0 1
    outer loop
      vertex -26.0683 1.73552 0.799999
      vertex -25.9092 -1.90918 0.799999
      vertex -25.9092 1.90918 0.799999
    endloop
  endfacet
  facet normal 0 0 1
    outer loop
      vertex -26.0683 1.73552 0.799999
      vertex -26.0683 -1.73552 0.799999
      vertex -25.9092 -1.90918 0.799999
    endloop
  endfacet
  facet normal -0 0 1
    outer loop
      vertex -26.2117 1.54865 0.799999
      vertex -26.0683 -1.73552 0.799999
      vertex -26.0683 1.73552 0.799999
    endloop
  endfacet
  facet normal 0 0 1
    outer loop
      vertex -26.2117 1.54865 0.799999
      vertex -26.2117 -1.54865 0.799999
      vertex -26.0683 -1.73552 0.799999
    endloop
  endfacet
  facet normal -0 0 1
    outer loop
      vertex -26.3383 1.34999 0.799999
      vertex -26.2117 -1.54865 0.799999
      vertex -26.2117 1.54865 0.799999
    endloop
  endfacet
  facet normal 0 0 1
    outer loop
      vertex -26.3383 1.34999 0.799999
      vertex -26.3383 -1.34999 0.799999
      vertex -26.2117 -1.54865 0.799999
    endloop
  endfacet
  facet normal -0 0 1
    outer loop
      vertex -26.447 1.14107 0.799999
      vertex -26.3383 -1.34999 0.799999
      vertex -26.3383 1.34999 0.799999
    endloop
  endfacet
  facet normal 0 0 1
    outer loop
      vertex -26.447 1.14107 0.799999
      vertex -26.447 -1.14107 0.799999
      vertex -26.3383 -1.34999 0.799999
    endloop
  endfacet
  facet normal -0 0 1
    outer loop
      vertex -26.5372 0.923447 0.799999
      vertex -26.447 -1.14107 0.799999
      vertex -26.447 1.14107 0.799999
    endloop
  endfacet
  facet normal 0 0 1
    outer loop
      vertex -26.5372 0.923447 0.799999
      vertex -26.5372 -0.923447 0.799999
      vertex -26.447 -1.14107 0.799999
    endloop
  endfacet
  facet normal -0 0 1
    outer loop
      vertex -26.608 0.698807 0.799999
      vertex -26.5372 -0.923447 0.799999
      vertex -26.5372 0.923447 0.799999
    endloop
  endfacet
  facet normal 0 0 1
    outer loop
      vertex -26.608 0.698807 0.799999
      vertex -26.608 -0.698807 0.799999
      vertex -26.5372 -0.923447 0.799999
    endloop
  endfacet
  facet normal -0 0 1
    outer loop
      vertex -26.659 0.468842 0.799999
      vertex -26.608 -0.698807 0.799999
      vertex -26.608 0.698807 0.799999
    endloop
  endfacet
  facet normal 0 0 1
    outer loop
      vertex -26.659 0.468842 0.799999
      vertex -26.659 -0.468842 0.799999
      vertex -26.608 -0.698807 0.799999
    endloop
  endfacet
  facet normal -0 0 1
    outer loop
      vertex -26.6897 0.235306 0.799999
      vertex -26.659 -0.468842 0.799999
      vertex -26.659 0.468842 0.799999
    endloop
  endfacet
  facet normal 0 0 1
    outer loop
      vertex -26.6897 0.235306 0.799999
      vertex -26.6897 -0.235306 0.799999
      vertex -26.659 -0.468842 0.799999
    endloop
  endfacet
  facet normal 0 -0 1
    outer loop
      vertex -26.6897 -0.235306 0.799999
      vertex -26.6897 0.235306 0.799999
      vertex -26.7 0 0.799999
    endloop
  endfacet
  facet normal 0 0 1
    outer loop
      vertex 27.0725 1.3756 0.799999
      vertex 25.9617 1.35327 0.799999
      vertex 25.9618 1.28206 0.799999
    endloop
  endfacet
  facet normal 0 0 1
    outer loop
      vertex 27.0222 2.29787 0.799999
      vertex 25.9613 1.4221 0.799999
      vertex 25.9617 1.35327 0.799999
    endloop
  endfacet
  facet normal 0 0 1
    outer loop
      vertex 27.0222 2.29787 0.799999
      vertex 25.9608 1.48851 0.799999
      vertex 25.9613 1.4221 0.799999
    endloop
  endfacet
  facet normal 0 0 1
    outer loop
      vertex 27.0222 2.29787 0.799999
      vertex 25.9601 1.55254 0.799999
      vertex 25.9608 1.48851 0.799999
    endloop
  endfacet
  facet normal 0 0 1
    outer loop
      vertex 27.0222 2.29787 0.799999
      vertex 25.9592 1.61415 0.799999
      vertex 25.9601 1.55254 0.799999
    endloop
  endfacet
  facet normal 0 0 1
    outer loop
      vertex 27.0222 2.29787 0.799999
      vertex 25.9581 1.67337 0.799999
      vertex 25.9592 1.61415 0.799999
    endloop
  endfacet
  facet normal 0 0 1
    outer loop
      vertex 27.0222 2.29787 0.799999
      vertex 25.9568 1.73019 0.799999
      vertex 25.9581 1.67337 0.799999
    endloop
  endfacet
  facet normal 0 0 1
    outer loop
      vertex 27.0222 2.29787 0.799999
      vertex 25.9552 1.78462 0.799999
      vertex 25.9568 1.73019 0.799999
    endloop
  endfacet
  facet normal 0 0 1
    outer loop
      vertex 27.0222 2.29787 0.799999
      vertex 25.9535 1.83664 0.799999
      vertex 25.9552 1.78462 0.799999
    endloop
  endfacet
  facet normal 0 0 1
    outer loop
      vertex 27.0222 2.29787 0.799999
      vertex 25.9516 1.88626 0.799999
      vertex 25.9535 1.83664 0.799999
    endloop
  endfacet
  facet normal 0 0 1
    outer loop
      vertex 27.0222 2.29787 0.799999
      vertex 25.9495 1.93413 0.799999
      vertex 25.9516 1.88626 0.799999
    endloop
  endfacet
  facet normal 0 0 1
    outer loop
      vertex 27.0222 2.29787 0.799999
      vertex 25.9474 1.9809 0.799999
      vertex 25.9495 1.93413 0.799999
    endloop
  endfacet
  facet normal 0 0 1
    outer loop
      vertex 27.0222 2.29787 0.799999
      vertex 25.9453 2.02657 0.799999
      vertex 25.9474 1.9809 0.799999
    endloop
  endfacet
  facet normal 0 0 1
    outer loop
      vertex 27.0222 2.29787 0.799999
      vertex 25.9431 2.07114 0.799999
      vertex 25.9453 2.02657 0.799999
    endloop
  endfacet
  facet normal 0 0 1
    outer loop
      vertex 27.0222 2.29787 0.799999
      vertex 25.9409 2.11462 0.799999
      vertex 25.9431 2.07114 0.799999
    endloop
  endfacet
  facet normal 0 0 1
    outer loop
      vertex 27.0222 2.29787 0.799999
      vertex 25.9387 2.157 0.799999
      vertex 25.9409 2.11462 0.799999
    endloop
  endfacet
  facet normal 0 0 1
    outer loop
      vertex 27.0222 2.29787 0.799999
      vertex 25.9364 2.19827 0.799999
      vertex 25.9387 2.157 0.799999
    endloop
  endfacet
  facet normal 0 0 1
    outer loop
      vertex 27.0196 2.31549 0.799999
      vertex 25.934 2.23845 0.799999
      vertex 25.9364 2.19827 0.799999
    endloop
  endfacet
  facet normal 0 0 1
    outer loop
      vertex 27.0196 2.31549 0.799999
      vertex 25.9317 2.27753 0.799999
      vertex 25.934 2.23845 0.799999
    endloop
  endfacet
  facet normal 0 -0 1
    outer loop
      vertex 25.9317 2.27753 0.799999
      vertex 27.0196 2.31549 0.799999
      vertex 25.9292 2.31549 0.799999
    endloop
  endfacet
  facet normal 0 0 1
    outer loop
      vertex 28.2362 1.42952 0.799999
      vertex 28.4966 2.33992 0.799999
      vertex 28.4689 2.35152 0.799999
    endloop
  endfacet
  facet normal 0 0 1
    outer loop
      vertex 28.4966 2.33992 0.799999
      vertex 28.4419 1.39536 0.799999
      vertex 28.4966 1.38376 0.799999
    endloop
  endfacet
  facet normal 0 0 1
    outer loop
      vertex 28.2362 1.42952 0.799999
      vertex 28.4689 2.35152 0.799999
      vertex 28.4395 2.36188 0.799999
    endloop
  endfacet
  facet normal 0 0 1
    outer loop
      vertex 28.2362 1.42952 0.799999
      vertex 28.4395 2.36188 0.799999
      vertex 28.4084 2.37103 0.799999
    endloop
  endfacet
  facet normal 0 0 1
    outer loop
      vertex 28.4966 2.33992 0.799999
      vertex 28.3885 1.40573 0.799999
      vertex 28.4419 1.39536 0.799999
    endloop
  endfacet
  facet normal 0 0 1
    outer loop
      vertex 28.2362 1.42952 0.799999
      vertex 28.4084 2.37103 0.799999
      vertex 28.3755 2.37897 0.799999
    endloop
  endfacet
  facet normal 0 0 1
    outer loop
      vertex 28.2362 1.42952 0.799999
      vertex 28.3755 2.37897 0.799999
      vertex 28.341 2.38568 0.799999
    endloop
  endfacet
  facet normal 0 0 1
    outer loop
      vertex 28.4966 2.33992 0.799999
      vertex 28.3364 1.41487 0.799999
      vertex 28.3885 1.40573 0.799999
    endloop
  endfacet
  facet normal 0 0 1
    outer loop
      vertex 28.188 1.43501 0.799999
      vertex 28.341 2.38568 0.799999
      vertex 28.3047 2.39117 0.799999
    endloop
  endfacet
  facet normal 0 0 1
    outer loop
      vertex 28.4966 2.33992 0.799999
      vertex 28.2857 1.42281 0.799999
      vertex 28.3364 1.41487 0.799999
    endloop
  endfacet
  facet normal 0 0 1
    outer loop
      vertex 28.188 1.43501 0.799999
      vertex 28.3047 2.39117 0.799999
      vertex 28.2668 2.39545 0.799999
    endloop
  endfacet
  facet normal 0 0 1
    outer loop
      vertex 28.4966 2.33992 0.799999
      vertex 28.2362 1.42952 0.799999
      vertex 28.2857 1.42281 0.799999
    endloop
  endfacet
  facet normal 0 0 1
    outer loop
      vertex 28.188 1.43501 0.799999
      vertex 28.2668 2.39545 0.799999
      vertex 28.2271 2.3985 0.799999
    endloop
  endfacet
  facet normal 0 0 1
    outer loop
      vertex 28.341 2.38568 0.799999
      vertex 28.188 1.43501 0.799999
      vertex 28.2362 1.42952 0.799999
    endloop
  endfacet
  facet normal 0 0 1
    outer loop
      vertex 28.1412 1.43929 0.799999
      vertex 28.2271 2.3985 0.799999
      vertex 28.1857 2.40033 0.799999
    endloop
  endfacet
  facet normal 0 0 1
    outer loop
      vertex 28.1412 1.43929 0.799999
      vertex 28.1857 2.40033 0.799999
      vertex 28.1426 2.40094 0.799999
    endloop
  endfacet
  facet normal 0 0 1
    outer loop
      vertex 28.2271 2.3985 0.799999
      vertex 28.1412 1.43929 0.799999
      vertex 28.188 1.43501 0.799999
    endloop
  endfacet
  facet normal 0 0 1
    outer loop
      vertex 28.1426 2.40094 0.799999
      vertex 28.0956 1.44234 0.799999
      vertex 28.1412 1.43929 0.799999
    endloop
  endfacet
  facet normal -0 0 1
    outer loop
      vertex 28.0898 2.40002 0.799999
      vertex 28.0956 1.44234 0.799999
      vertex 28.1426 2.40094 0.799999
    endloop
  endfacet
  facet normal 0 0 1
    outer loop
      vertex 28.0898 2.40002 0.799999
      vertex 28.0513 1.44417 0.799999
      vertex 28.0956 1.44234 0.799999
    endloop
  endfacet
  facet normal -0 0 1
    outer loop
      vertex 28.0388 2.39728 0.799999
      vertex 28.0513 1.44417 0.799999
      vertex 28.0898 2.40002 0.799999
    endloop
  endfacet
  facet normal -0 0 1
    outer loop
      vertex 27.9896 2.3927 0.799999
      vertex 28.0513 1.44417 0.799999
      vertex 28.0388 2.39728 0.799999
    endloop
  endfacet
  facet normal 0 0 1
    outer loop
      vertex 28.0513 1.44417 0.799999
      vertex 27.9896 2.3927 0.799999
      vertex 28.0084 1.44478 0.799999
    endloop
  endfacet
  facet normal -0 0 1
    outer loop
      vertex 27.9421 2.38629 0.799999
      vertex 28.0084 1.44478 0.799999
      vertex 27.9896 2.3927 0.799999
    endloop
  endfacet
  facet normal -0 0 1
    outer loop
      vertex 27.8965 2.37805 0.799999
      vertex 28.0084 1.44478 0.799999
      vertex 27.9421 2.38629 0.799999
    endloop
  endfacet
  facet normal -0 0 1
    outer loop
      vertex 27.8526 2.36798 0.799999
      vertex 28.0084 1.44478 0.799999
      vertex 27.8965 2.37805 0.799999
    endloop
  endfacet
  facet normal -0 0 1
    outer loop
      vertex 27.8105 2.35608 0.799999
      vertex 28.0084 1.44478 0.799999
      vertex 27.8526 2.36798 0.799999
    endloop
  endfacet
  facet normal 0 0 1
    outer loop
      vertex 28.0084 1.44478 0.799999
      vertex 27.8105 2.35608 0.799999
      vertex 27.9248 1.44131 0.799999
    endloop
  endfacet
  facet normal -0 0 1
    outer loop
      vertex 27.7702 2.34235 0.799999
      vertex 27.9248 1.44131 0.799999
      vertex 27.8105 2.35608 0.799999
    endloop
  endfacet
  facet normal -0 0 1
    outer loop
      vertex 27.7318 2.32677 0.799999
      vertex 27.9248 1.44131 0.799999
      vertex 27.7702 2.34235 0.799999
    endloop
  endfacet
  facet normal -0 0 1
    outer loop
      vertex 27.695 2.30937 0.799999
      vertex 27.9248 1.44131 0.799999
      vertex 27.7318 2.32677 0.799999
    endloop
  endfacet
  facet normal -0 0 1
    outer loop
      vertex 27.6597 2.2901 0.799999
      vertex 27.9248 1.44131 0.799999
      vertex 27.695 2.30937 0.799999
    endloop
  endfacet
  facet normal -0 0 1
    outer loop
      vertex 27.6254 2.26888 0.799999
      vertex 27.9248 1.44131 0.799999
      vertex 27.6597 2.2901 0.799999
    endloop
  endfacet
  facet normal -0 0 1
    outer loop
      vertex 27.592 2.24568 0.799999
      vertex 27.9248 1.44131 0.799999
      vertex 27.6254 2.26888 0.799999
    endloop
  endfacet
  facet normal -0 0 1
    outer loop
      vertex 27.5597 2.22054 0.799999
      vertex 27.9248 1.44131 0.799999
      vertex 27.592 2.24568 0.799999
    endloop
  endfacet
  facet normal 0 0 1
    outer loop
      vertex 27.9248 1.44131 0.799999
      vertex 27.5597 2.22054 0.799999
      vertex 27.845 1.43094 0.799999
    endloop
  endfacet
  facet normal -0 0 1
    outer loop
      vertex 27.5283 2.19344 0.799999
      vertex 27.845 1.43094 0.799999
      vertex 27.5597 2.22054 0.799999
    endloop
  endfacet
  facet normal -0 0 1
    outer loop
      vertex 27.4978 2.1644 0.799999
      vertex 27.845 1.43094 0.799999
      vertex 27.5283 2.19344 0.799999
    endloop
  endfacet
  facet normal -0 0 1
    outer loop
      vertex 27.4684 2.13339 0.799999
      vertex 27.845 1.43094 0.799999
      vertex 27.4978 2.1644 0.799999
    endloop
  endfacet
  facet normal -0 0 1
    outer loop
      vertex 27.4399 2.10042 0.799999
      vertex 27.845 1.43094 0.799999
      vertex 27.4684 2.13339 0.799999
    endloop
  endfacet
  facet normal -0 0 1
    outer loop
      vertex 27.4124 2.06551 0.799999
      vertex 27.845 1.43094 0.799999
      vertex 27.4399 2.10042 0.799999
    endloop
  endfacet
  facet normal -0 0 1
    outer loop
      vertex 27.3859 2.02864 0.799999
      vertex 27.845 1.43094 0.799999
      vertex 27.4124 2.06551 0.799999
    endloop
  endfacet
  facet normal 0 0 1
    outer loop
      vertex 27.845 1.43094 0.799999
      vertex 27.3859 2.02864 0.799999
      vertex 27.7691 1.41365 0.799999
    endloop
  endfacet
  facet normal -0 0 1
    outer loop
      vertex 27.3595 1.98805 0.799999
      vertex 27.7691 1.41365 0.799999
      vertex 27.3859 2.02864 0.799999
    endloop
  endfacet
  facet normal -0 0 1
    outer loop
      vertex 27.3323 1.94197 0.799999
      vertex 27.7691 1.41365 0.799999
      vertex 27.3595 1.98805 0.799999
    endloop
  endfacet
  facet normal -0 0 1
    outer loop
      vertex 27.3044 1.89041 0.799999
      vertex 27.7691 1.41365 0.799999
      vertex 27.3323 1.94197 0.799999
    endloop
  endfacet
  facet normal 0 0 1
    outer loop
      vertex 27.7691 1.41365 0.799999
      vertex 27.3044 1.89041 0.799999
      vertex 27.6969 1.38945 0.799999
    endloop
  endfacet
  facet normal -0 0 1
    outer loop
      vertex 27.2758 1.83334 0.799999
      vertex 27.6969 1.38945 0.799999
      vertex 27.3044 1.89041 0.799999
    endloop
  endfacet
  facet normal -0 0 1
    outer loop
      vertex 27.2465 1.77078 0.799999
      vertex 27.6969 1.38945 0.799999
      vertex 27.2758 1.83334 0.799999
    endloop
  endfacet
  facet normal 0 0 1
    outer loop
      vertex 27.6969 1.38945 0.799999
      vertex 27.2465 1.77078 0.799999
      vertex 27.6285 1.35832 0.799999
    endloop
  endfacet
  facet normal -0 0 1
    outer loop
      vertex 27.2164 1.70274 0.799999
      vertex 27.6285 1.35832 0.799999
      vertex 27.2465 1.77078 0.799999
    endloop
  endfacet
  facet normal 0 0 1
    outer loop
      vertex 27.6285 1.35832 0.799999
      vertex 27.2164 1.70274 0.799999
      vertex 27.5638 1.32028 0.799999
    endloop
  endfacet
  facet normal -0 0 1
    outer loop
      vertex 27.1856 1.6292 0.799999
      vertex 27.5638 1.32028 0.799999
      vertex 27.2164 1.70274 0.799999
    endloop
  endfacet
  facet normal -0 0 1
    outer loop
      vertex 27.1541 1.55016 0.799999
      vertex 27.5638 1.32028 0.799999
      vertex 27.1856 1.6292 0.799999
    endloop
  endfacet
  facet normal 0 0 1
    outer loop
      vertex 27.5638 1.32028 0.799999
      vertex 27.1541 1.55016 0.799999
      vertex 27.503 1.27531 0.799999
    endloop
  endfacet
  facet normal -0 0 1
    outer loop
      vertex 27.1218 1.46562 0.799999
      vertex 27.503 1.27531 0.799999
      vertex 27.1541 1.55016 0.799999
    endloop
  endfacet
  facet normal 0 0 1
    outer loop
      vertex 27.503 1.27531 0.799999
      vertex 27.1218 1.46562 0.799999
      vertex 27.4459 1.22343 0.799999
    endloop
  endfacet
  facet normal -0 0 1
    outer loop
      vertex 27.0888 1.3756 0.799999
      vertex 27.4459 1.22343 0.799999
      vertex 27.1218 1.46562 0.799999
    endloop
  endfacet
  facet normal 0 0 1
    outer loop
      vertex 27.4459 1.22343 0.799999
      vertex 27.0888 1.3756 0.799999
      vertex 27.3926 1.16464 0.799999
    endloop
  endfacet
  facet normal 0 0 1
    outer loop
      vertex 27.3926 1.16464 0.799999
      vertex 27.0888 1.3756 0.799999
      vertex 27.3431 1.09894 0.799999
    endloop
  endfacet
  facet normal 0 0 1
    outer loop
      vertex 27.3431 1.09894 0.799999
      vertex 27.0888 1.3756 0.799999
      vertex 27.2979 1.02643 0.799999
    endloop
  endfacet
  facet normal -0 0 1
    outer loop
      vertex 27.0725 1.3756 0.799999
      vertex 27.2979 1.02643 0.799999
      vertex 27.0888 1.3756 0.799999
    endloop
  endfacet
  facet normal 0 0 1
    outer loop
      vertex 27.2979 1.02643 0.799999
      vertex 27.0725 1.3756 0.799999
      vertex 27.2575 0.94725 0.799999
    endloop
  endfacet
  facet normal 0 0 1
    outer loop
      vertex 27.2575 0.94725 0.799999
      vertex 27.0725 1.3756 0.799999
      vertex 27.2218 0.861404 0.799999
    endloop
  endfacet
  facet normal 0 0 1
    outer loop
      vertex 27.2218 0.861404 0.799999
      vertex 27.0725 1.3756 0.799999
      vertex 27.1908 0.768875 0.799999
    endloop
  endfacet
  facet normal -0 0 1
    outer loop
      vertex 25.9618 1.28206 0.799999
      vertex 27.1908 0.768875 0.799999
      vertex 27.0725 1.3756 0.799999
    endloop
  endfacet
  facet normal 0 0 1
    outer loop
      vertex 27.1908 0.768875 0.799999
      vertex 25.9618 1.28206 0.799999
      vertex 27.1646 0.669678 0.799999
    endloop
  endfacet
  facet normal 0 0 1
    outer loop
      vertex 27.1646 0.669678 0.799999
      vertex 25.9618 1.28206 0.799999
      vertex 27.1432 0.563812 0.799999
    endloop
  endfacet
  facet normal 0 0 1
    outer loop
      vertex 27.1432 0.563812 0.799999
      vertex 25.9618 1.28206 0.799999
      vertex 27.1265 0.451263 0.799999
    endloop
  endfacet
  facet normal 0 0 1
    outer loop
      vertex 27.1265 0.451263 0.799999
      vertex 25.9618 1.28206 0.799999
      vertex 27.1146 0.332047 0.799999
    endloop
  endfacet
  facet normal 0 0 1
    outer loop
      vertex 27.1146 0.332047 0.799999
      vertex 25.9618 1.28206 0.799999
      vertex 27.1075 0.206161 0.799999
    endloop
  endfacet
  facet normal 0 0 1
    outer loop
      vertex 27.1075 0.206161 0.799999
      vertex 25.9618 1.28206 0.799999
      vertex 27.1051 0.0735931 0.799999
    endloop
  endfacet
  facet normal 0 0 1
    outer loop
      vertex 25.9617 1.35327 0.799999
      vertex 27.0723 1.40253 0.799999
      vertex 27.0717 1.43445 0.799999
    endloop
  endfacet
  facet normal 0 0 1
    outer loop
      vertex 25.9617 1.35327 0.799999
      vertex 27.0725 1.3756 0.799999
      vertex 27.0723 1.40253 0.799999
    endloop
  endfacet
  facet normal 0 0 1
    outer loop
      vertex 25.9617 1.35327 0.799999
      vertex 27.0717 1.43445 0.799999
      vertex 27.0707 1.47137 0.799999
    endloop
  endfacet
  facet normal 0 0 1
    outer loop
      vertex 25.9617 1.35327 0.799999
      vertex 27.0707 1.47137 0.799999
      vertex 27.0693 1.51331 0.799999
    endloop
  endfacet
  facet normal 0 0 1
    outer loop
      vertex 25.9617 1.35327 0.799999
      vertex 27.0693 1.51331 0.799999
      vertex 27.0675 1.56024 0.799999
    endloop
  endfacet
  facet normal 0 0 1
    outer loop
      vertex 25.9617 1.35327 0.799999
      vertex 27.0675 1.56024 0.799999
      vertex 27.0652 1.61218 0.799999
    endloop
  endfacet
  facet normal 0 0 1
    outer loop
      vertex 25.9617 1.35327 0.799999
      vertex 27.0652 1.61218 0.799999
      vertex 27.0626 1.66913 0.799999
    endloop
  endfacet
  facet normal 0 0 1
    outer loop
      vertex 25.9617 1.35327 0.799999
      vertex 27.0626 1.66913 0.799999
      vertex 27.0595 1.73108 0.799999
    endloop
  endfacet
  facet normal 0 0 1
    outer loop
      vertex 25.9617 1.35327 0.799999
      vertex 27.0595 1.73108 0.799999
      vertex 27.0561 1.79803 0.799999
    endloop
  endfacet
  facet normal 0 0 1
    outer loop
      vertex 25.9617 1.35327 0.799999
      vertex 27.0561 1.79803 0.799999
      vertex 27.0522 1.87 0.799999
    endloop
  endfacet
  facet normal 0 0 1
    outer loop
      vertex 25.9617 1.35327 0.799999
      vertex 27.0522 1.87 0.799999
      vertex 27.0482 1.94147 0.799999
    endloop
  endfacet
  facet normal 0 0 1
    outer loop
      vertex 25.9617 1.35327 0.799999
      vertex 27.0482 1.94147 0.799999
      vertex 27.0444 2.00696 0.799999
    endloop
  endfacet
  facet normal 0 0 1
    outer loop
      vertex 25.9617 1.35327 0.799999
      vertex 27.0444 2.00696 0.799999
      vertex 27.0407 2.06645 0.799999
    endloop
  endfacet
  facet normal 0 0 1
    outer loop
      vertex 25.9617 1.35327 0.799999
      vertex 27.0407 2.06645 0.799999
      vertex 27.0372 2.11998 0.799999
    endloop
  endfacet
  facet normal 0 0 1
    outer loop
      vertex 25.9617 1.35327 0.799999
      vertex 27.0372 2.11998 0.799999
      vertex 27.0339 2.16753 0.799999
    endloop
  endfacet
  facet normal 0 0 1
    outer loop
      vertex 25.9617 1.35327 0.799999
      vertex 27.0339 2.16753 0.799999
      vertex 27.0307 2.20908 0.799999
    endloop
  endfacet
  facet normal 0 0 1
    outer loop
      vertex 25.9617 1.35327 0.799999
      vertex 27.0307 2.20908 0.799999
      vertex 27.0277 2.24466 0.799999
    endloop
  endfacet
  facet normal 0 0 1
    outer loop
      vertex 25.9617 1.35327 0.799999
      vertex 27.0277 2.24466 0.799999
      vertex 27.0248 2.27425 0.799999
    endloop
  endfacet
  facet normal 0 0 1
    outer loop
      vertex 25.9617 1.35327 0.799999
      vertex 27.0248 2.27425 0.799999
      vertex 27.0222 2.29787 0.799999
    endloop
  endfacet
  facet normal 0 0 1
    outer loop
      vertex 25.9364 2.19827 0.799999
      vertex 27.0222 2.29787 0.799999
      vertex 27.0196 2.31549 0.799999
    endloop
  endfacet
  facet normal 0 0 1
    outer loop
      vertex 25.9618 -2.08687 0.799999
      vertex 27.1051 0.0735931 0.799999
      vertex 25.9618 1.28206 0.799999
    endloop
  endfacet
  facet normal 0 0 1
    outer loop
      vertex 27.1051 0.0735931 0.799999
      vertex 25.9618 -2.08687 0.799999
      vertex 27.1051 -2.08687 0.799999
    endloop
  endfacet
  facet normal 0 0 1
    outer loop
      vertex 23.7447 1.50616 0.799999
      vertex 24.2311 2.17055 0.799999
      vertex 24.0907 2.2397 0.799999
    endloop
  endfacet
  facet normal 0 0 1
    outer loop
      vertex 24.2311 2.17055 0.799999
      vertex 24.0884 0.714645 0.799999
      vertex 24.0968 0.610718 0.799999
    endloop
  endfacet
  facet normal 0 0 1
    outer loop
      vertex 24.2311 2.17055 0.799999
      vertex 24.0761 0.813248 0.799999
      vertex 24.0884 0.714645 0.799999
    endloop
  endfacet
  facet normal 0 0 1
    outer loop
      vertex 24.2311 2.17055 0.799999
      vertex 24.06 0.906525 0.799999
      vertex 24.0761 0.813248 0.799999
    endloop
  endfacet
  facet normal 0 0 1
    outer loop
      vertex 24.2311 2.17055 0.799999
      vertex 24.0401 0.994461 0.799999
      vertex 24.06 0.906525 0.799999
    endloop
  endfacet
  facet normal 0 0 1
    outer loop
      vertex 24.2311 2.17055 0.799999
      vertex 24.0164 1.07709 0.799999
      vertex 24.0401 0.994461 0.799999
    endloop
  endfacet
  facet normal 0 0 1
    outer loop
      vertex 24.2311 2.17055 0.799999
      vertex 23.9889 1.15437 0.799999
      vertex 24.0164 1.07709 0.799999
    endloop
  endfacet
  facet normal 0 0 1
    outer loop
      vertex 24.2311 2.17055 0.799999
      vertex 23.9575 1.22632 0.799999
      vertex 23.9889 1.15437 0.799999
    endloop
  endfacet
  facet normal 0 0 1
    outer loop
      vertex 23.6923 1.54614 0.799999
      vertex 24.0907 2.2397 0.799999
      vertex 23.9414 2.29628 0.799999
    endloop
  endfacet
  facet normal 0 0 1
    outer loop
      vertex 24.2311 2.17055 0.799999
      vertex 23.9223 1.29295 0.799999
      vertex 23.9575 1.22632 0.799999
    endloop
  endfacet
  facet normal 0 0 1
    outer loop
      vertex 24.2311 2.17055 0.799999
      vertex 23.8833 1.35425 0.799999
      vertex 23.9223 1.29295 0.799999
    endloop
  endfacet
  facet normal 0 0 1
    outer loop
      vertex 24.2311 2.17055 0.799999
      vertex 23.8404 1.41022 0.799999
      vertex 23.8833 1.35425 0.799999
    endloop
  endfacet
  facet normal 0 0 1
    outer loop
      vertex 24.2311 2.17055 0.799999
      vertex 23.7941 1.46086 0.799999
      vertex 23.8404 1.41022 0.799999
    endloop
  endfacet
  facet normal 0 0 1
    outer loop
      vertex 23.578 1.61011 0.799999
      vertex 23.9414 2.29628 0.799999
      vertex 23.7831 2.34029 0.799999
    endloop
  endfacet
  facet normal 0 0 1
    outer loop
      vertex 24.2311 2.17055 0.799999
      vertex 23.7447 1.50616 0.799999
      vertex 23.7941 1.46086 0.799999
    endloop
  endfacet
  facet normal 0 0 1
    outer loop
      vertex 24.0907 2.2397 0.799999
      vertex 23.6923 1.54614 0.799999
      vertex 23.7447 1.50616 0.799999
    endloop
  endfacet
  facet normal 0 0 1
    outer loop
      vertex 23.9414 2.29628 0.799999
      vertex 23.6367 1.5808 0.799999
      vertex 23.6923 1.54614 0.799999
    endloop
  endfacet
  facet normal 0 0 1
    outer loop
      vertex 23.5163 1.63409 0.799999
      vertex 23.7831 2.34029 0.799999
      vertex 23.6158 2.37172 0.799999
    endloop
  endfacet
  facet normal 0 0 1
    outer loop
      vertex 23.9414 2.29628 0.799999
      vertex 23.578 1.61011 0.799999
      vertex 23.6367 1.5808 0.799999
    endloop
  endfacet
  facet normal 0 0 1
    outer loop
      vertex 23.7831 2.34029 0.799999
      vertex 23.5163 1.63409 0.799999
      vertex 23.578 1.61011 0.799999
    endloop
  endfacet
  facet normal 0 0 1
    outer loop
      vertex 23.6158 2.37172 0.799999
      vertex 23.4514 1.65276 0.799999
      vertex 23.5163 1.63409 0.799999
    endloop
  endfacet
  facet normal 0 0 1
    outer loop
      vertex 23.4397 2.39056 0.799999
      vertex 23.4514 1.65276 0.799999
      vertex 23.6158 2.37172 0.799999
    endloop
  endfacet
  facet normal 0 0 1
    outer loop
      vertex 23.4397 2.39056 0.799999
      vertex 23.3835 1.66608 0.799999
      vertex 23.4514 1.65276 0.799999
    endloop
  endfacet
  facet normal 0 0 1
    outer loop
      vertex 23.4397 2.39056 0.799999
      vertex 23.3124 1.67407 0.799999
      vertex 23.3835 1.66608 0.799999
    endloop
  endfacet
  facet normal 0 0 1
    outer loop
      vertex 23.2545 2.39685 0.799999
      vertex 23.3124 1.67407 0.799999
      vertex 23.4397 2.39056 0.799999
    endloop
  endfacet
  facet normal 0 0 1
    outer loop
      vertex 23.2545 2.39685 0.799999
      vertex 23.2383 1.67674 0.799999
      vertex 23.3124 1.67407 0.799999
    endloop
  endfacet
  facet normal 0 0 1
    outer loop
      vertex 23.2545 2.39685 0.799999
      vertex 23.1596 1.67393 0.799999
      vertex 23.2383 1.67674 0.799999
    endloop
  endfacet
  facet normal -0 0 1
    outer loop
      vertex 23.0605 2.39099 0.799999
      vertex 23.1596 1.67393 0.799999
      vertex 23.2545 2.39685 0.799999
    endloop
  endfacet
  facet normal 0 0 1
    outer loop
      vertex 23.1596 1.67393 0.799999
      vertex 23.0605 2.39099 0.799999
      vertex 23.0846 1.66551 0.799999
    endloop
  endfacet
  facet normal -0 0 1
    outer loop
      vertex 22.8755 2.37343 0.799999
      vertex 23.0846 1.66551 0.799999
      vertex 23.0605 2.39099 0.799999
    endloop
  endfacet
  facet normal 0 0 1
    outer loop
      vertex 23.0846 1.66551 0.799999
      vertex 22.8755 2.37343 0.799999
      vertex 23.0133 1.65146 0.799999
    endloop
  endfacet
  facet normal 0 0 1
    outer loop
      vertex 23.0133 1.65146 0.799999
      vertex 22.8755 2.37343 0.799999
      vertex 22.9457 1.63181 0.799999
    endloop
  endfacet
  facet normal -0 0 1
    outer loop
      vertex 22.6995 2.34413 0.799999
      vertex 22.9457 1.63181 0.799999
      vertex 22.8755 2.37343 0.799999
    endloop
  endfacet
  facet normal 0 0 1
    outer loop
      vertex 22.9457 1.63181 0.799999
      vertex 22.6995 2.34413 0.799999
      vertex 22.8818 1.60654 0.799999
    endloop
  endfacet
  facet normal -0 0 1
    outer loop
      vertex 22.5326 2.30312 0.799999
      vertex 22.8818 1.60654 0.799999
      vertex 22.6995 2.34413 0.799999
    endloop
  endfacet
  facet normal 0 0 1
    outer loop
      vertex 22.8818 1.60654 0.799999
      vertex 22.5326 2.30312 0.799999
      vertex 22.8216 1.57565 0.799999
    endloop
  endfacet
  facet normal -0 0 1
    outer loop
      vertex 22.3747 2.25038 0.799999
      vertex 22.8216 1.57565 0.799999
      vertex 22.5326 2.30312 0.799999
    endloop
  endfacet
  facet normal 0 0 1
    outer loop
      vertex 22.8216 1.57565 0.799999
      vertex 22.3747 2.25038 0.799999
      vertex 22.7651 1.53914 0.799999
    endloop
  endfacet
  facet normal 0 0 1
    outer loop
      vertex 22.7651 1.53914 0.799999
      vertex 22.3747 2.25038 0.799999
      vertex 22.7123 1.49702 0.799999
    endloop
  endfacet
  facet normal -0 0 1
    outer loop
      vertex 22.2258 2.18593 0.799999
      vertex 22.7123 1.49702 0.799999
      vertex 22.3747 2.25038 0.799999
    endloop
  endfacet
  facet normal 0 0 1
    outer loop
      vertex 22.7123 1.49702 0.799999
      vertex 22.2258 2.18593 0.799999
      vertex 22.6632 1.4493 0.799999
    endloop
  endfacet
  facet normal -0 0 1
    outer loop
      vertex 22.086 2.10977 0.799999
      vertex 22.6632 1.4493 0.799999
      vertex 22.2258 2.18593 0.799999
    endloop
  endfacet
  facet normal 0 0 1
    outer loop
      vertex 22.6632 1.4493 0.799999
      vertex 22.086 2.10977 0.799999
      vertex 22.6178 1.39594 0.799999
    endloop
  endfacet
  facet normal -0 0 1
    outer loop
      vertex 21.9552 2.02188 0.799999
      vertex 22.6178 1.39594 0.799999
      vertex 22.086 2.10977 0.799999
    endloop
  endfacet
  facet normal 0 0 1
    outer loop
      vertex 22.6178 1.39594 0.799999
      vertex 21.9552 2.02188 0.799999
      vertex 22.5763 1.33755 0.799999
    endloop
  endfacet
  facet normal -0 0 1
    outer loop
      vertex 21.8334 1.92227 0.799999
      vertex 22.5763 1.33755 0.799999
      vertex 21.9552 2.02188 0.799999
    endloop
  endfacet
  facet normal 0 0 1
    outer loop
      vertex 22.5763 1.33755 0.799999
      vertex 21.8334 1.92227 0.799999
      vertex 22.539 1.27469 0.799999
    endloop
  endfacet
  facet normal -0 0 1
    outer loop
      vertex 21.7206 1.81096 0.799999
      vertex 22.539 1.27469 0.799999
      vertex 21.8334 1.92227 0.799999
    endloop
  endfacet
  facet normal 0 0 1
    outer loop
      vertex 22.539 1.27469 0.799999
      vertex 21.7206 1.81096 0.799999
      vertex 22.5057 1.20735 0.799999
    endloop
  endfacet
  facet normal -0 0 1
    outer loop
      vertex 21.5258 1.55641 0.799999
      vertex 22.4765 1.13554 0.799999
      vertex 21.6178 1.68874 0.799999
    endloop
  endfacet
  facet normal 0 0 1
    outer loop
      vertex 22.5057 1.20735 0.799999
      vertex 21.6178 1.68874 0.799999
      vertex 22.4765 1.13554 0.799999
    endloop
  endfacet
  facet normal -0 0 1
    outer loop
      vertex 21.6178 1.68874 0.799999
      vertex 22.5057 1.20735 0.799999
      vertex 21.7206 1.81096 0.799999
    endloop
  endfacet
  facet normal 0 0 1
    outer loop
      vertex 24.0968 0.610718 0.799999
      vertex 25.2035 -0.0728455 0.799999
      vertex 25.1985 0.163788 0.799999
    endloop
  endfacet
  facet normal 0 0 1
    outer loop
      vertex 24.0968 0.610718 0.799999
      vertex 25.1985 0.163788 0.799999
      vertex 25.1835 0.388779 0.799999
    endloop
  endfacet
  facet normal 0 0 1
    outer loop
      vertex 24.0968 0.610718 0.799999
      vertex 25.1835 0.388779 0.799999
      vertex 25.1585 0.602081 0.799999
    endloop
  endfacet
  facet normal -0 0 1
    outer loop
      vertex 24.0968 0.610718 0.799999
      vertex 25.1585 0.602081 0.799999
      vertex 25.1234 0.803711 0.799999
    endloop
  endfacet
  facet normal 0 0 1
    outer loop
      vertex 24.0968 0.610718 0.799999
      vertex 25.1234 0.803711 0.799999
      vertex 25.0784 0.993652 0.799999
    endloop
  endfacet
  facet normal 0 0 1
    outer loop
      vertex 24.0968 0.610718 0.799999
      vertex 25.0784 0.993652 0.799999
      vertex 25.0233 1.17192 0.799999
    endloop
  endfacet
  facet normal 0 0 1
    outer loop
      vertex 24.0968 0.610718 0.799999
      vertex 25.0233 1.17192 0.799999
      vertex 24.9583 1.33852 0.799999
    endloop
  endfacet
  facet normal 0 0 1
    outer loop
      vertex 24.0968 0.610718 0.799999
      vertex 24.9583 1.33852 0.799999
      vertex 24.8832 1.49344 0.799999
    endloop
  endfacet
  facet normal 0 0 1
    outer loop
      vertex 24.0968 0.610718 0.799999
      vertex 24.8832 1.49344 0.799999
      vertex 24.7981 1.63667 0.799999
    endloop
  endfacet
  facet normal 0 0 1
    outer loop
      vertex 24.0968 0.610718 0.799999
      vertex 24.7981 1.63667 0.799999
      vertex 24.703 1.76823 0.799999
    endloop
  endfacet
  facet normal 0 0 1
    outer loop
      vertex 24.0968 0.610718 0.799999
      vertex 24.703 1.76823 0.799999
      vertex 24.5985 1.88768 0.799999
    endloop
  endfacet
  facet normal 0 0 1
    outer loop
      vertex 24.0968 0.610718 0.799999
      vertex 24.5985 1.88768 0.799999
      vertex 24.485 1.99454 0.799999
    endloop
  endfacet
  facet normal 0 0 1
    outer loop
      vertex 24.0968 0.610718 0.799999
      vertex 24.485 1.99454 0.799999
      vertex 24.3625 2.08884 0.799999
    endloop
  endfacet
  facet normal 0 0 1
    outer loop
      vertex 24.0968 0.610718 0.799999
      vertex 24.3625 2.08884 0.799999
      vertex 24.2311 2.17055 0.799999
    endloop
  endfacet
  facet normal 0 0 1
    outer loop
      vertex 25.2035 -0.0728455 0.799999
      vertex 24.0968 0.610718 0.799999
      vertex 25.2035 -0.105362 0.799999
    endloop
  endfacet
  facet normal 0 0 1
    outer loop
      vertex 22.3798 -0.105362 0.799999
      vertex 24.0968 0.610718 0.799999
      vertex 22.3879 0.610718 0.799999
    endloop
  endfacet
  facet normal 0 0 1
    outer loop
      vertex 24.0968 0.610718 0.799999
      vertex 22.3798 -0.105362 0.799999
      vertex 25.2035 -0.105362 0.799999
    endloop
  endfacet
  facet normal 0 0 1
    outer loop
      vertex 24.0602 -0.878464 0.799999
      vertex 25.0352 -1.1993 0.799999
      vertex 25.1384 -0.972 0.799999
    endloop
  endfacet
  facet normal 0 0 1
    outer loop
      vertex 25.0352 -1.1993 0.799999
      vertex 24.0602 -0.878464 0.799999
      vertex 24.9127 -1.40265 0.799999
    endloop
  endfacet
  facet normal -0 0 1
    outer loop
      vertex 24.0239 -0.97818 0.799999
      vertex 24.9127 -1.40265 0.799999
      vertex 24.0602 -0.878464 0.799999
    endloop
  endfacet
  facet normal -0 0 1
    outer loop
      vertex 23.9788 -1.0674 0.799999
      vertex 24.7709 -1.58208 0.799999
      vertex 24.0239 -0.97818 0.799999
    endloop
  endfacet
  facet normal 0 0 1
    outer loop
      vertex 24.7709 -1.58208 0.799999
      vertex 23.9788 -1.0674 0.799999
      vertex 24.6098 -1.73759 0.799999
    endloop
  endfacet
  facet normal 0 0 1
    outer loop
      vertex 24.9127 -1.40265 0.799999
      vertex 24.0239 -0.97818 0.799999
      vertex 24.7709 -1.58208 0.799999
    endloop
  endfacet
  facet normal -0 0 1
    outer loop
      vertex 23.9247 -1.14612 0.799999
      vertex 24.6098 -1.73759 0.799999
      vertex 23.9788 -1.0674 0.799999
    endloop
  endfacet
  facet normal 0 0 1
    outer loop
      vertex 24.6098 -1.73759 0.799999
      vertex 23.9247 -1.14612 0.799999
      vertex 24.4294 -1.86917 0.799999
    endloop
  endfacet
  facet normal -0 0 1
    outer loop
      vertex 23.8616 -1.21436 0.799999
      vertex 24.4294 -1.86917 0.799999
      vertex 23.9247 -1.14612 0.799999
    endloop
  endfacet
  facet normal 0 0 1
    outer loop
      vertex 24.4294 -1.86917 0.799999
      vertex 23.8616 -1.21436 0.799999
      vertex 24.2298 -1.97684 0.799999
    endloop
  endfacet
  facet normal -0 0 1
    outer loop
      vertex 23.7896 -1.27208 0.799999
      vertex 24.2298 -1.97684 0.799999
      vertex 23.8616 -1.21436 0.799999
    endloop
  endfacet
  facet normal 0 0 1
    outer loop
      vertex 24.2298 -1.97684 0.799999
      vertex 23.7896 -1.27208 0.799999
      vertex 24.0108 -2.06056 0.799999
    endloop
  endfacet
  facet normal -0 0 1
    outer loop
      vertex 23.7086 -1.31932 0.799999
      vertex 24.0108 -2.06056 0.799999
      vertex 23.7896 -1.27208 0.799999
    endloop
  endfacet
  facet normal -0 0 1
    outer loop
      vertex 23.6187 -1.35605 0.799999
      vertex 24.0108 -2.06056 0.799999
      vertex 23.7086 -1.31932 0.799999
    endloop
  endfacet
  facet normal 0 0 1
    outer loop
      vertex 24.0108 -2.06056 0.799999
      vertex 23.6187 -1.35605 0.799999
      vertex 23.7726 -2.12038 0.799999
    endloop
  endfacet
  facet normal -0 0 1
    outer loop
      vertex 23.5199 -1.38229 0.799999
      vertex 23.7726 -2.12038 0.799999
      vertex 23.6187 -1.35605 0.799999
    endloop
  endfacet
  facet normal 0 0 1
    outer loop
      vertex 23.5199 -1.38229 0.799999
      vertex 23.5151 -2.15627 0.799999
      vertex 23.7726 -2.12038 0.799999
    endloop
  endfacet
  facet normal -0 0 1
    outer loop
      vertex 23.412 -1.39804 0.799999
      vertex 23.5151 -2.15627 0.799999
      vertex 23.5199 -1.38229 0.799999
    endloop
  endfacet
  facet normal -0 0 1
    outer loop
      vertex 23.2953 -1.40329 0.799999
      vertex 23.5151 -2.15627 0.799999
      vertex 23.412 -1.39804 0.799999
    endloop
  endfacet
  facet normal 0 0 1
    outer loop
      vertex 23.2953 -1.40329 0.799999
      vertex 23.2383 -2.16823 0.799999
      vertex 23.5151 -2.15627 0.799999
    endloop
  endfacet
  facet normal 0 0 1
    outer loop
      vertex 23.2094 -1.40001 0.799999
      vertex 23.2383 -2.16823 0.799999
      vertex 23.2953 -1.40329 0.799999
    endloop
  endfacet
  facet normal 0 0 1
    outer loop
      vertex 23.0443 -2.16235 0.799999
      vertex 23.2094 -1.40001 0.799999
      vertex 23.1275 -1.39018 0.799999
    endloop
  endfacet
  facet normal 0 0 1
    outer loop
      vertex 23.0443 -2.16235 0.799999
      vertex 23.1275 -1.39018 0.799999
      vertex 23.0497 -1.37381 0.799999
    endloop
  endfacet
  facet normal 0 0 1
    outer loop
      vertex 23.2094 -1.40001 0.799999
      vertex 23.0443 -2.16235 0.799999
      vertex 23.2383 -2.16823 0.799999
    endloop
  endfacet
  facet normal 0 0 1
    outer loop
      vertex 22.8596 -2.14471 0.799999
      vertex 23.0497 -1.37381 0.799999
      vertex 22.9759 -1.35089 0.799999
    endloop
  endfacet
  facet normal 0 0 1
    outer loop
      vertex 22.684 -2.11531 0.799999
      vertex 22.9759 -1.35089 0.799999
      vertex 22.9062 -1.32141 0.799999
    endloop
  endfacet
  facet normal 0 0 1
    outer loop
      vertex 23.0497 -1.37381 0.799999
      vertex 22.8596 -2.14471 0.799999
      vertex 23.0443 -2.16235 0.799999
    endloop
  endfacet
  facet normal 0 0 1
    outer loop
      vertex 22.5176 -2.07416 0.799999
      vertex 22.9062 -1.32141 0.799999
      vertex 22.8405 -1.2854 0.799999
    endloop
  endfacet
  facet normal 0 0 1
    outer loop
      vertex 22.3604 -2.02124 0.799999
      vertex 22.8405 -1.2854 0.799999
      vertex 22.7787 -1.24283 0.799999
    endloop
  endfacet
  facet normal 0 0 1
    outer loop
      vertex 22.2124 -1.95657 0.799999
      vertex 22.7787 -1.24283 0.799999
      vertex 22.7211 -1.1937 0.799999
    endloop
  endfacet
  facet normal 0 0 1
    outer loop
      vertex 22.9759 -1.35089 0.799999
      vertex 22.684 -2.11531 0.799999
      vertex 22.8596 -2.14471 0.799999
    endloop
  endfacet
  facet normal 0 0 1
    outer loop
      vertex 22.0737 -1.88014 0.799999
      vertex 22.7211 -1.1937 0.799999
      vertex 22.6674 -1.13803 0.799999
    endloop
  endfacet
  facet normal 0 0 1
    outer loop
      vertex 21.9441 -1.79195 0.799999
      vertex 22.6674 -1.13803 0.799999
      vertex 22.6178 -1.07581 0.799999
    endloop
  endfacet
  facet normal 0 0 1
    outer loop
      vertex 21.8237 -1.692 0.799999
      vertex 22.6178 -1.07581 0.799999
      vertex 22.5726 -1.00714 0.799999
    endloop
  endfacet
  facet normal 0 0 1
    outer loop
      vertex 21.7125 -1.58029 0.799999
      vertex 22.5726 -1.00714 0.799999
      vertex 22.5321 -0.932175 0.799999
    endloop
  endfacet
  facet normal 0 0 1
    outer loop
      vertex 22.9062 -1.32141 0.799999
      vertex 22.5176 -2.07416 0.799999
      vertex 22.684 -2.11531 0.799999
    endloop
  endfacet
  facet normal 0 0 1
    outer loop
      vertex 21.6112 -1.45731 0.799999
      vertex 22.5321 -0.932175 0.799999
      vertex 22.4964 -0.850906 0.799999
    endloop
  endfacet
  facet normal 0 0 1
    outer loop
      vertex 21.5206 -1.32355 0.799999
      vertex 22.4964 -0.850906 0.799999
      vertex 22.4655 -0.763321 0.799999
    endloop
  endfacet
  facet normal 0 0 1
    outer loop
      vertex 21.3714 -1.02368 0.799999
      vertex 22.4655 -0.763321 0.799999
      vertex 22.4393 -0.669434 0.799999
    endloop
  endfacet
  facet normal 0 0 1
    outer loop
      vertex 21.3127 -0.857574 0.799999
      vertex 22.4393 -0.669434 0.799999
      vertex 22.4179 -0.569229 0.799999
    endloop
  endfacet
  facet normal 0 0 1
    outer loop
      vertex 21.2648 -0.680679 0.799999
      vertex 22.4179 -0.569229 0.799999
      vertex 22.4012 -0.462723 0.799999
    endloop
  endfacet
  facet normal 0 0 1
    outer loop
      vertex 21.2274 -0.493011 0.799999
      vertex 22.4012 -0.462723 0.799999
      vertex 22.3893 -0.349915 0.799999
    endloop
  endfacet
  facet normal 0 0 1
    outer loop
      vertex 22.8405 -1.2854 0.799999
      vertex 22.3604 -2.02124 0.799999
      vertex 22.5176 -2.07416 0.799999
    endloop
  endfacet
  facet normal 0 0 1
    outer loop
      vertex 21.2274 -0.493011 0.799999
      vertex 22.3893 -0.349915 0.799999
      vertex 22.3822 -0.230789 0.799999
    endloop
  endfacet
  facet normal 0 0 1
    outer loop
      vertex 21.2008 -0.294556 0.799999
      vertex 22.3822 -0.230789 0.799999
      vertex 22.3798 -0.105362 0.799999
    endloop
  endfacet
  facet normal 0 0 1
    outer loop
      vertex 22.4765 1.13554 0.799999
      vertex 21.5258 1.55641 0.799999
      vertex 22.4515 1.05927 0.799999
    endloop
  endfacet
  facet normal -0 0 1
    outer loop
      vertex 21.4446 1.41402 0.799999
      vertex 22.4515 1.05927 0.799999
      vertex 21.5258 1.55641 0.799999
    endloop
  endfacet
  facet normal -0 -0 1
    outer loop
      vertex 21.1848 -0.0853271 0.799999
      vertex 22.3798 -0.105362 0.799999
      vertex 21.1795 0.134674 0.799999
    endloop
  endfacet
  facet normal 0 0 1
    outer loop
      vertex 22.4515 1.05927 0.799999
      vertex 21.4446 1.41402 0.799999
      vertex 22.4305 0.9785 0.799999
    endloop
  endfacet
  facet normal 0 -0 1
    outer loop
      vertex 21.2008 -0.294556 0.799999
      vertex 22.3798 -0.105362 0.799999
      vertex 21.1848 -0.0853271 0.799999
    endloop
  endfacet
  facet normal -0 0 1
    outer loop
      vertex 21.3743 1.26152 0.799999
      vertex 22.4305 0.9785 0.799999
      vertex 21.4446 1.41402 0.799999
    endloop
  endfacet
  facet normal 0 0 1
    outer loop
      vertex 22.3822 -0.230789 0.799999
      vertex 21.2008 -0.294556 0.799999
      vertex 21.2274 -0.493011 0.799999
    endloop
  endfacet
  facet normal 0 0 1
    outer loop
      vertex 22.4305 0.9785 0.799999
      vertex 21.3743 1.26152 0.799999
      vertex 22.4137 0.893265 0.799999
    endloop
  endfacet
  facet normal 0 0 1
    outer loop
      vertex 22.4012 -0.462723 0.799999
      vertex 21.2274 -0.493011 0.799999
      vertex 21.2648 -0.680679 0.799999
    endloop
  endfacet
  facet normal -0 0 1
    outer loop
      vertex 21.3148 1.09894 0.799999
      vertex 22.4137 0.893265 0.799999
      vertex 21.3743 1.26152 0.799999
    endloop
  endfacet
  facet normal 0 0 1
    outer loop
      vertex 22.4179 -0.569229 0.799999
      vertex 21.2648 -0.680679 0.799999
      vertex 21.3127 -0.857574 0.799999
    endloop
  endfacet
  facet normal 0 0 1
    outer loop
      vertex 22.4137 0.893265 0.799999
      vertex 21.3148 1.09894 0.799999
      vertex 22.401 0.803558 0.799999
    endloop
  endfacet
  facet normal 0 0 1
    outer loop
      vertex 22.4393 -0.669434 0.799999
      vertex 21.3127 -0.857574 0.799999
      vertex 21.3714 -1.02368 0.799999
    endloop
  endfacet
  facet normal -0 0 1
    outer loop
      vertex 21.2661 0.92627 0.799999
      vertex 22.401 0.803558 0.799999
      vertex 21.3148 1.09894 0.799999
    endloop
  endfacet
  facet normal 0 0 1
    outer loop
      vertex 22.4655 -0.763321 0.799999
      vertex 21.3714 -1.02368 0.799999
      vertex 21.4406 -1.179 0.799999
    endloop
  endfacet
  facet normal 0 0 1
    outer loop
      vertex 22.401 0.803558 0.799999
      vertex 21.2661 0.92627 0.799999
      vertex 22.3924 0.709381 0.799999
    endloop
  endfacet
  facet normal 0 0 1
    outer loop
      vertex 22.4655 -0.763321 0.799999
      vertex 21.4406 -1.179 0.799999
      vertex 21.5206 -1.32355 0.799999
    endloop
  endfacet
  facet normal -0 0 1
    outer loop
      vertex 21.2282 0.7435 0.799999
      vertex 22.3924 0.709381 0.799999
      vertex 21.2661 0.92627 0.799999
    endloop
  endfacet
  facet normal 0 0 1
    outer loop
      vertex 22.7787 -1.24283 0.799999
      vertex 22.2124 -1.95657 0.799999
      vertex 22.3604 -2.02124 0.799999
    endloop
  endfacet
  facet normal 0 0 1
    outer loop
      vertex 22.3924 0.709381 0.799999
      vertex 21.2282 0.7435 0.799999
      vertex 22.3879 0.610718 0.799999
    endloop
  endfacet
  facet normal 0 0 1
    outer loop
      vertex 21.2011 0.550644 0.799999
      vertex 22.3879 0.610718 0.799999
      vertex 21.2282 0.7435 0.799999
    endloop
  endfacet
  facet normal 0 0 1
    outer loop
      vertex 21.1849 0.347702 0.799999
      vertex 22.3879 0.610718 0.799999
      vertex 21.2011 0.550644 0.799999
    endloop
  endfacet
  facet normal 0 0 1
    outer loop
      vertex 22.6178 -1.07581 0.799999
      vertex 21.8237 -1.692 0.799999
      vertex 21.9441 -1.79195 0.799999
    endloop
  endfacet
  facet normal 0 0 1
    outer loop
      vertex 22.3879 0.610718 0.799999
      vertex 21.1849 0.347702 0.799999
      vertex 22.3798 -0.105362 0.799999
    endloop
  endfacet
  facet normal 0 0 1
    outer loop
      vertex 22.5726 -1.00714 0.799999
      vertex 21.7125 -1.58029 0.799999
      vertex 21.8237 -1.692 0.799999
    endloop
  endfacet
  facet normal 0 0 1
    outer loop
      vertex 22.3798 -0.105362 0.799999
      vertex 21.1849 0.347702 0.799999
      vertex 21.1795 0.134674 0.799999
    endloop
  endfacet
  facet normal 0 0 1
    outer loop
      vertex 22.4964 -0.850906 0.799999
      vertex 21.5206 -1.32355 0.799999
      vertex 21.6112 -1.45731 0.799999
    endloop
  endfacet
  facet normal 0 0 1
    outer loop
      vertex 22.7211 -1.1937 0.799999
      vertex 22.0737 -1.88014 0.799999
      vertex 22.2124 -1.95657 0.799999
    endloop
  endfacet
  facet normal 0 0 1
    outer loop
      vertex 22.5321 -0.932175 0.799999
      vertex 21.6112 -1.45731 0.799999
      vertex 21.7125 -1.58029 0.799999
    endloop
  endfacet
  facet normal 0 0 1
    outer loop
      vertex 22.6674 -1.13803 0.799999
      vertex 21.9441 -1.79195 0.799999
      vertex 22.0737 -1.88014 0.799999
    endloop
  endfacet
  facet normal 0 0 1
    outer loop
      vertex 20.3911 1.29832 0.799999
      vertex 19.2544 -0.0917816 0.799999
      vertex 20.3911 -1.95259 0.799999
    endloop
  endfacet
  facet normal -0 0 1
    outer loop
      vertex 19.2423 -0.21579 0.799999
      vertex 20.3911 -1.95259 0.799999
      vertex 19.2544 -0.0917816 0.799999
    endloop
  endfacet
  facet normal -0 0 1
    outer loop
      vertex 19.2253 -0.333405 0.799999
      vertex 20.3911 -1.95259 0.799999
      vertex 19.2423 -0.21579 0.799999
    endloop
  endfacet
  facet normal -0 0 1
    outer loop
      vertex 19.2036 -0.444626 0.799999
      vertex 20.3911 -1.95259 0.799999
      vertex 19.2253 -0.333405 0.799999
    endloop
  endfacet
  facet normal 0 0 1
    outer loop
      vertex 20.3911 -1.95259 0.799999
      vertex 19.2036 -0.444626 0.799999
      vertex 19.2641 -1.26907 0.799999
    endloop
  endfacet
  facet normal -0 0 1
    outer loop
      vertex 19.1769 -0.549454 0.799999
      vertex 19.2641 -1.26907 0.799999
      vertex 19.2036 -0.444626 0.799999
    endloop
  endfacet
  facet normal -0 0 1
    outer loop
      vertex 19.1454 -0.647903 0.799999
      vertex 19.2641 -1.26907 0.799999
      vertex 19.1769 -0.549454 0.799999
    endloop
  endfacet
  facet normal -0 0 1
    outer loop
      vertex 19.1091 -0.739975 0.799999
      vertex 19.2641 -1.26907 0.799999
      vertex 19.1454 -0.647903 0.799999
    endloop
  endfacet
  facet normal -0 0 1
    outer loop
      vertex 19.068 -0.825638 0.799999
      vertex 19.2641 -1.26907 0.799999
      vertex 19.1091 -0.739975 0.799999
    endloop
  endfacet
  facet normal -0 0 1
    outer loop
      vertex 19.022 -0.904922 0.799999
      vertex 19.2641 -1.26907 0.799999
      vertex 19.068 -0.825638 0.799999
    endloop
  endfacet
  facet normal 0 0 1
    outer loop
      vertex 19.2641 -1.26907 0.799999
      vertex 19.022 -0.904922 0.799999
      vertex 19.256 -1.26907 0.799999
    endloop
  endfacet
  facet normal -0 0 1
    outer loop
      vertex 18.9714 -0.977203 0.799999
      vertex 19.256 -1.26907 0.799999
      vertex 19.022 -0.904922 0.799999
    endloop
  endfacet
  facet normal -0 0 1
    outer loop
      vertex 18.9166 -1.04187 0.799999
      vertex 19.256 -1.26907 0.799999
      vertex 18.9714 -0.977203 0.799999
    endloop
  endfacet
  facet normal -0 0 1
    outer loop
      vertex 18.8575 -1.09894 0.799999
      vertex 19.256 -1.26907 0.799999
      vertex 18.9166 -1.04187 0.799999
    endloop
  endfacet
  facet normal 0 0 1
    outer loop
      vertex 19.256 -1.26907 0.799999
      vertex 18.8575 -1.09894 0.799999
      vertex 19.1737 -1.4229 0.799999
    endloop
  endfacet
  facet normal -0 0 1
    outer loop
      vertex 18.7942 -1.14838 0.799999
      vertex 19.1737 -1.4229 0.799999
      vertex 18.8575 -1.09894 0.799999
    endloop
  endfacet
  facet normal 0 0 1
    outer loop
      vertex 19.1737 -1.4229 0.799999
      vertex 18.7942 -1.14838 0.799999
      vertex 19.0782 -1.56053 0.799999
    endloop
  endfacet
  facet normal -0 0 1
    outer loop
      vertex 18.7265 -1.19023 0.799999
      vertex 19.0782 -1.56053 0.799999
      vertex 18.7942 -1.14838 0.799999
    endloop
  endfacet
  facet normal 0 0 1
    outer loop
      vertex 19.0782 -1.56053 0.799999
      vertex 18.7265 -1.19023 0.799999
      vertex 18.9696 -1.68198 0.799999
    endloop
  endfacet
  facet normal -0 0 1
    outer loop
      vertex 18.6546 -1.22446 0.799999
      vertex 18.9696 -1.68198 0.799999
      vertex 18.7265 -1.19023 0.799999
    endloop
  endfacet
  facet normal 0 0 1
    outer loop
      vertex 18.9696 -1.68198 0.799999
      vertex 18.6546 -1.22446 0.799999
      vertex 18.8478 -1.78723 0.799999
    endloop
  endfacet
  facet normal -0 0 1
    outer loop
      vertex 18.5784 -1.2511 0.799999
      vertex 18.8478 -1.78723 0.799999
      vertex 18.6546 -1.22446 0.799999
    endloop
  endfacet
  facet normal 0 0 1
    outer loop
      vertex 18.8478 -1.78723 0.799999
      vertex 18.5784 -1.2511 0.799999
      vertex 18.7128 -1.8763 0.799999
    endloop
  endfacet
  facet normal -0 0 1
    outer loop
      vertex 18.498 -1.27011 0.799999
      vertex 18.7128 -1.8763 0.799999
      vertex 18.5784 -1.2511 0.799999
    endloop
  endfacet
  facet normal -0 0 1
    outer loop
      vertex 18.4132 -1.28152 0.799999
      vertex 18.7128 -1.8763 0.799999
      vertex 18.498 -1.27011 0.799999
    endloop
  endfacet
  facet normal 0 0 1
    outer loop
      vertex 18.7128 -1.8763 0.799999
      vertex 18.4132 -1.28152 0.799999
      vertex 18.5646 -1.94916 0.799999
    endloop
  endfacet
  facet normal -0 0 1
    outer loop
      vertex 18.3242 -1.28532 0.799999
      vertex 18.5646 -1.94916 0.799999
      vertex 18.4132 -1.28152 0.799999
    endloop
  endfacet
  facet normal 0 0 1
    outer loop
      vertex 18.5646 -1.94916 0.799999
      vertex 18.3242 -1.28532 0.799999
      vertex 18.4032 -2.00584 0.799999
    endloop
  endfacet
  facet normal 0 0 1
    outer loop
      vertex 18.3242 -1.28532 0.799999
      vertex 18.2287 -2.04633 0.799999
      vertex 18.4032 -2.00584 0.799999
    endloop
  endfacet
  facet normal 0 0 1
    outer loop
      vertex 18.1518 -1.27097 0.799999
      vertex 18.2287 -2.04633 0.799999
      vertex 18.3242 -1.28532 0.799999
    endloop
  endfacet
  facet normal 0 0 1
    outer loop
      vertex 18.1518 -1.27097 0.799999
      vertex 18.0409 -2.07062 0.799999
      vertex 18.2287 -2.04633 0.799999
    endloop
  endfacet
  facet normal 0 0 1
    outer loop
      vertex 17.9976 -1.22787 0.799999
      vertex 18.0409 -2.07062 0.799999
      vertex 18.1518 -1.27097 0.799999
    endloop
  endfacet
  facet normal 0 0 1
    outer loop
      vertex 17.6897 -2.07294 0.799999
      vertex 17.9976 -1.22787 0.799999
      vertex 17.8615 -1.15607 0.799999
    endloop
  endfacet
  facet normal 0 0 1
    outer loop
      vertex 17.9976 -1.22787 0.799999
      vertex 17.84 -2.0787 0.799999
      vertex 18.0409 -2.07062 0.799999
    endloop
  endfacet
  facet normal 0 0 1
    outer loop
      vertex 17.2802 -1.98627 0.799999
      vertex 17.8615 -1.15607 0.799999
      vertex 17.7435 -1.05553 0.799999
    endloop
  endfacet
  facet normal 0 0 1
    outer loop
      vertex 17.9976 -1.22787 0.799999
      vertex 17.6897 -2.07294 0.799999
      vertex 17.84 -2.0787 0.799999
    endloop
  endfacet
  facet normal 0 0 1
    outer loop
      vertex 16.9329 -1.79561 0.799999
      vertex 17.7435 -1.05553 0.799999
      vertex 17.6437 -0.926254 0.799999
    endloop
  endfacet
  facet normal 0 0 1
    outer loop
      vertex 16.6478 -1.50096 0.799999
      vertex 17.6437 -0.926254 0.799999
      vertex 17.562 -0.768265 0.799999
    endloop
  endfacet
  facet normal 0 0 1
    outer loop
      vertex 17.8615 -1.15607 0.799999
      vertex 17.5462 -2.0556 0.799999
      vertex 17.6897 -2.07294 0.799999
    endloop
  endfacet
  facet normal 0 0 1
    outer loop
      vertex 16.432 -1.10965 0.799999
      vertex 17.562 -0.768265 0.799999
      vertex 17.4985 -0.581543 0.799999
    endloop
  endfacet
  facet normal 0 0 1
    outer loop
      vertex 16.3305 -0.799118 0.799999
      vertex 17.4985 -0.581543 0.799999
      vertex 17.4531 -0.366104 0.799999
    endloop
  endfacet
  facet normal 0 0 1
    outer loop
      vertex 16.2628 -0.448883 0.799999
      vertex 17.4531 -0.366104 0.799999
      vertex 17.4259 -0.121933 0.799999
    endloop
  endfacet
  facet normal 0 0 1
    outer loop
      vertex 17.8615 -1.15607 0.799999
      vertex 17.4097 -2.02672 0.799999
      vertex 17.5462 -2.0556 0.799999
    endloop
  endfacet
  facet normal -0 0 1
    outer loop
      vertex 16.2289 -0.0589142 0.799999
      vertex 17.4259 -0.121933 0.799999
      vertex 17.4169 0.15094 0.799999
    endloop
  endfacet
  facet normal 0 0 1
    outer loop
      vertex 20.3911 1.29832 0.799999
      vertex 19.2617 0.308258 0.799999
      vertex 19.2641 0.175354 0.799999
    endloop
  endfacet
  facet normal 0 0 1
    outer loop
      vertex 19.022 1.2352 0.799999
      vertex 19.2763 1.60756 0.799999
      vertex 19.256 1.60756 0.799999
    endloop
  endfacet
  facet normal 0 0 1
    outer loop
      vertex 20.3911 1.29832 0.799999
      vertex 19.2544 0.435165 0.799999
      vertex 19.2617 0.308258 0.799999
    endloop
  endfacet
  facet normal 0 0 1
    outer loop
      vertex 20.3911 1.29832 0.799999
      vertex 19.2423 0.556107 0.799999
      vertex 19.2544 0.435165 0.799999
    endloop
  endfacet
  facet normal 0 0 1
    outer loop
      vertex 20.3911 1.29832 0.799999
      vertex 19.2253 0.671066 0.799999
      vertex 19.2423 0.556107 0.799999
    endloop
  endfacet
  facet normal 0 0 1
    outer loop
      vertex 20.3911 1.29832 0.799999
      vertex 19.2036 0.780045 0.799999
      vertex 19.2253 0.671066 0.799999
    endloop
  endfacet
  facet normal 0 0 1
    outer loop
      vertex 20.3911 1.29832 0.799999
      vertex 19.1769 0.883026 0.799999
      vertex 19.2036 0.780045 0.799999
    endloop
  endfacet
  facet normal 0 0 1
    outer loop
      vertex 18.8582 1.42923 0.799999
      vertex 19.256 1.60756 0.799999
      vertex 19.176 1.7583 0.799999
    endloop
  endfacet
  facet normal 0 0 1
    outer loop
      vertex 20.3911 1.29832 0.799999
      vertex 19.1454 0.980042 0.799999
      vertex 19.1769 0.883026 0.799999
    endloop
  endfacet
  facet normal 0 0 1
    outer loop
      vertex 19.2763 1.60756 0.799999
      vertex 19.1091 1.07108 0.799999
      vertex 19.1454 0.980042 0.799999
    endloop
  endfacet
  facet normal 0 0 1
    outer loop
      vertex 18.7955 1.4787 0.799999
      vertex 19.176 1.7583 0.799999
      vertex 19.0843 1.89317 0.799999
    endloop
  endfacet
  facet normal 0 0 1
    outer loop
      vertex 19.2763 1.60756 0.799999
      vertex 19.068 1.15613 0.799999
      vertex 19.1091 1.07108 0.799999
    endloop
  endfacet
  facet normal 0 0 1
    outer loop
      vertex 19.2763 1.60756 0.799999
      vertex 19.022 1.2352 0.799999
      vertex 19.068 1.15613 0.799999
    endloop
  endfacet
  facet normal 0 0 1
    outer loop
      vertex 18.7285 1.52054 0.799999
      vertex 19.0843 1.89317 0.799999
      vertex 18.9807 2.01218 0.799999
    endloop
  endfacet
  facet normal 0 0 1
    outer loop
      vertex 19.256 1.60756 0.799999
      vertex 18.9715 1.30748 0.799999
      vertex 19.022 1.2352 0.799999
    endloop
  endfacet
  facet normal 0 0 1
    outer loop
      vertex 19.256 1.60756 0.799999
      vertex 18.9169 1.37216 0.799999
      vertex 18.9715 1.30748 0.799999
    endloop
  endfacet
  facet normal 0 0 1
    outer loop
      vertex 18.6575 1.55478 0.799999
      vertex 18.9807 2.01218 0.799999
      vertex 18.8654 2.11533 0.799999
    endloop
  endfacet
  facet normal 0 0 1
    outer loop
      vertex 19.256 1.60756 0.799999
      vertex 18.8582 1.42923 0.799999
      vertex 18.9169 1.37216 0.799999
    endloop
  endfacet
  facet normal 0 0 1
    outer loop
      vertex 19.176 1.7583 0.799999
      vertex 18.7955 1.4787 0.799999
      vertex 18.8582 1.42923 0.799999
    endloop
  endfacet
  facet normal 0 0 1
    outer loop
      vertex 18.5824 1.58142 0.799999
      vertex 18.8654 2.11533 0.799999
      vertex 18.7382 2.20259 0.799999
    endloop
  endfacet
  facet normal 0 0 1
    outer loop
      vertex 19.0843 1.89317 0.799999
      vertex 18.7285 1.52054 0.799999
      vertex 18.7955 1.4787 0.799999
    endloop
  endfacet
  facet normal 0 0 1
    outer loop
      vertex 18.9807 2.01218 0.799999
      vertex 18.6575 1.55478 0.799999
      vertex 18.7285 1.52054 0.799999
    endloop
  endfacet
  facet normal 0 0 1
    outer loop
      vertex 18.5031 1.60043 0.799999
      vertex 18.7382 2.20259 0.799999
      vertex 18.5993 2.274 0.799999
    endloop
  endfacet
  facet normal 0 0 1
    outer loop
      vertex 18.8654 2.11533 0.799999
      vertex 18.5824 1.58142 0.799999
      vertex 18.6575 1.55478 0.799999
    endloop
  endfacet
  facet normal 0 0 1
    outer loop
      vertex 18.7382 2.20259 0.799999
      vertex 18.5031 1.60043 0.799999
      vertex 18.5824 1.58142 0.799999
    endloop
  endfacet
  facet normal 0 0 1
    outer loop
      vertex 18.4198 1.61185 0.799999
      vertex 18.5993 2.274 0.799999
      vertex 18.4485 2.32953 0.799999
    endloop
  endfacet
  facet normal 0 0 1
    outer loop
      vertex 18.5993 2.274 0.799999
      vertex 18.4198 1.61185 0.799999
      vertex 18.5031 1.60043 0.799999
    endloop
  endfacet
  facet normal 0 0 1
    outer loop
      vertex 18.4485 2.32953 0.799999
      vertex 18.3323 1.61566 0.799999
      vertex 18.4198 1.61185 0.799999
    endloop
  endfacet
  facet normal 0 0 1
    outer loop
      vertex 18.286 2.3692 0.799999
      vertex 18.3323 1.61566 0.799999
      vertex 18.4485 2.32953 0.799999
    endloop
  endfacet
  facet normal 0 0 1
    outer loop
      vertex 18.286 2.3692 0.799999
      vertex 18.1584 1.60101 0.799999
      vertex 18.3323 1.61566 0.799999
    endloop
  endfacet
  facet normal 0 0 1
    outer loop
      vertex 18.1116 2.39301 0.799999
      vertex 18.1584 1.60101 0.799999
      vertex 18.286 2.3692 0.799999
    endloop
  endfacet
  facet normal 0 0 1
    outer loop
      vertex 17.9255 2.40094 0.799999
      vertex 18.1584 1.60101 0.799999
      vertex 18.1116 2.39301 0.799999
    endloop
  endfacet
  facet normal 0 0 1
    outer loop
      vertex 18.1584 1.60101 0.799999
      vertex 17.9255 2.40094 0.799999
      vertex 18.0028 1.55707 0.799999
    endloop
  endfacet
  facet normal -0 0 1
    outer loop
      vertex 17.7634 2.39508 0.799999
      vertex 18.0028 1.55707 0.799999
      vertex 17.9255 2.40094 0.799999
    endloop
  endfacet
  facet normal -0 0 1
    outer loop
      vertex 17.6092 2.3775 0.799999
      vertex 18.0028 1.55707 0.799999
      vertex 17.7634 2.39508 0.799999
    endloop
  endfacet
  facet normal 0 0 1
    outer loop
      vertex 18.0028 1.55707 0.799999
      vertex 17.6092 2.3775 0.799999
      vertex 17.8654 1.48383 0.799999
    endloop
  endfacet
  facet normal -0 0 1
    outer loop
      vertex 17.463 2.34821 0.799999
      vertex 17.8654 1.48383 0.799999
      vertex 17.6092 2.3775 0.799999
    endloop
  endfacet
  facet normal -0 0 1
    outer loop
      vertex 17.3246 2.30719 0.799999
      vertex 17.8654 1.48383 0.799999
      vertex 17.463 2.34821 0.799999
    endloop
  endfacet
  facet normal 0 0 1
    outer loop
      vertex 17.8654 1.48383 0.799999
      vertex 17.3246 2.30719 0.799999
      vertex 17.7464 1.3813 0.799999
    endloop
  endfacet
  facet normal -0 0 1
    outer loop
      vertex 17.1941 2.25446 0.799999
      vertex 17.7464 1.3813 0.799999
      vertex 17.3246 2.30719 0.799999
    endloop
  endfacet
  facet normal -0 0 1
    outer loop
      vertex 17.0715 2.19002 0.799999
      vertex 17.7464 1.3813 0.799999
      vertex 17.1941 2.25446 0.799999
    endloop
  endfacet
  facet normal -0 0 1
    outer loop
      vertex 16.9568 2.11385 0.799999
      vertex 17.7464 1.3813 0.799999
      vertex 17.0715 2.19002 0.799999
    endloop
  endfacet
  facet normal 0 0 1
    outer loop
      vertex 17.7464 1.3813 0.799999
      vertex 16.9568 2.11385 0.799999
      vertex 17.6457 1.24948 0.799999
    endloop
  endfacet
  facet normal -0 0 1
    outer loop
      vertex 16.85 2.02596 0.799999
      vertex 17.6457 1.24948 0.799999
      vertex 16.9568 2.11385 0.799999
    endloop
  endfacet
  facet normal -0 0 1
    outer loop
      vertex 16.7511 1.92636 0.799999
      vertex 17.6457 1.24948 0.799999
      vertex 16.85 2.02596 0.799999
    endloop
  endfacet
  facet normal -0 0 1
    outer loop
      vertex 16.6601 1.81503 0.799999
      vertex 17.6457 1.24948 0.799999
      vertex 16.7511 1.92636 0.799999
    endloop
  endfacet
  facet normal 0 -0 1
    outer loop
      vertex 16.2289 -0.0589142 0.799999
      vertex 17.4169 0.15094 0.799999
      vertex 16.2247 0.15094 0.799999
    endloop
  endfacet
  facet normal 0 0 1
    outer loop
      vertex 17.6457 1.24948 0.799999
      vertex 16.6601 1.81503 0.799999
      vertex 17.5633 1.08836 0.799999
    endloop
  endfacet
  facet normal 0 0 1
    outer loop
      vertex 17.4259 -0.121933 0.799999
      vertex 16.2289 -0.0589142 0.799999
      vertex 16.2416 -0.258865 0.799999
    endloop
  endfacet
  facet normal -0 0 1
    outer loop
      vertex 16.5773 1.69293 0.799999
      vertex 17.5633 1.08836 0.799999
      vertex 16.6601 1.81503 0.799999
    endloop
  endfacet
  facet normal 0 0 1
    outer loop
      vertex 17.4259 -0.121933 0.799999
      vertex 16.2416 -0.258865 0.799999
      vertex 16.2628 -0.448883 0.799999
    endloop
  endfacet
  facet normal -0 0 1
    outer loop
      vertex 16.5033 1.56099 0.799999
      vertex 17.5633 1.08836 0.799999
      vertex 16.5773 1.69293 0.799999
    endloop
  endfacet
  facet normal 0 0 1
    outer loop
      vertex 17.4531 -0.366104 0.799999
      vertex 16.2628 -0.448883 0.799999
      vertex 16.2924 -0.628967 0.799999
    endloop
  endfacet
  facet normal -0 0 1
    outer loop
      vertex 16.438 1.41919 0.799999
      vertex 17.5633 1.08836 0.799999
      vertex 16.5033 1.56099 0.799999
    endloop
  endfacet
  facet normal 0 0 1
    outer loop
      vertex 17.4531 -0.366104 0.799999
      vertex 16.2924 -0.628967 0.799999
      vertex 16.3305 -0.799118 0.799999
    endloop
  endfacet
  facet normal 0 0 1
    outer loop
      vertex 17.5633 1.08836 0.799999
      vertex 16.438 1.41919 0.799999
      vertex 17.4992 0.897949 0.799999
    endloop
  endfacet
  facet normal 0 0 1
    outer loop
      vertex 17.4985 -0.581543 0.799999
      vertex 16.3305 -0.799118 0.799999
      vertex 16.377 -0.959351 0.799999
    endloop
  endfacet
  facet normal -0 0 1
    outer loop
      vertex 16.3814 1.26755 0.799999
      vertex 17.4992 0.897949 0.799999
      vertex 16.438 1.41919 0.799999
    endloop
  endfacet
  facet normal 0 0 1
    outer loop
      vertex 17.4985 -0.581543 0.799999
      vertex 16.377 -0.959351 0.799999
      vertex 16.432 -1.10965 0.799999
    endloop
  endfacet
  facet normal -0 0 1
    outer loop
      vertex 16.3336 1.10606 0.799999
      vertex 17.4992 0.897949 0.799999
      vertex 16.3814 1.26755 0.799999
    endloop
  endfacet
  facet normal 0 0 1
    outer loop
      vertex 17.562 -0.768265 0.799999
      vertex 16.432 -1.10965 0.799999
      vertex 16.4955 -1.25002 0.799999
    endloop
  endfacet
  facet normal 0 0 1
    outer loop
      vertex 17.4992 0.897949 0.799999
      vertex 16.3336 1.10606 0.799999
      vertex 17.4535 0.678238 0.799999
    endloop
  endfacet
  facet normal 0 0 1
    outer loop
      vertex 17.562 -0.768265 0.799999
      vertex 16.4955 -1.25002 0.799999
      vertex 16.5674 -1.38045 0.799999
    endloop
  endfacet
  facet normal -0 0 1
    outer loop
      vertex 16.2944 0.934723 0.799999
      vertex 17.4535 0.678238 0.799999
      vertex 16.3336 1.10606 0.799999
    endloop
  endfacet
  facet normal 0 0 1
    outer loop
      vertex 17.4169 0.15094 0.799999
      vertex 16.2291 0.361649 0.799999
      vertex 16.2247 0.15094 0.799999
    endloop
  endfacet
  facet normal -0 0 1
    outer loop
      vertex 16.2639 0.753555 0.799999
      vertex 17.4535 0.678238 0.799999
      vertex 16.2944 0.934723 0.799999
    endloop
  endfacet
  facet normal 0 0 1
    outer loop
      vertex 17.562 -0.768265 0.799999
      vertex 16.5674 -1.38045 0.799999
      vertex 16.6478 -1.50096 0.799999
    endloop
  endfacet
  facet normal 0 0 1
    outer loop
      vertex 17.4535 0.678238 0.799999
      vertex 16.2639 0.753555 0.799999
      vertex 17.426 0.42923 0.799999
    endloop
  endfacet
  facet normal 0 0 1
    outer loop
      vertex 17.6437 -0.926254 0.799999
      vertex 16.6478 -1.50096 0.799999
      vertex 16.7359 -1.61073 0.799999
    endloop
  endfacet
  facet normal -0 0 1
    outer loop
      vertex 16.2421 0.562531 0.799999
      vertex 17.426 0.42923 0.799999
      vertex 16.2639 0.753555 0.799999
    endloop
  endfacet
  facet normal 0 0 1
    outer loop
      vertex 16.2291 0.361649 0.799999
      vertex 17.426 0.42923 0.799999
      vertex 16.2421 0.562531 0.799999
    endloop
  endfacet
  facet normal 0 0 1
    outer loop
      vertex 17.426 0.42923 0.799999
      vertex 16.2291 0.361649 0.799999
      vertex 17.4169 0.15094 0.799999
    endloop
  endfacet
  facet normal 0 0 1
    outer loop
      vertex 17.6437 -0.926254 0.799999
      vertex 16.8309 -1.70895 0.799999
      vertex 16.9329 -1.79561 0.799999
    endloop
  endfacet
  facet normal 0 0 1
    outer loop
      vertex 17.8615 -1.15607 0.799999
      vertex 17.2802 -1.98627 0.799999
      vertex 17.4097 -2.02672 0.799999
    endloop
  endfacet
  facet normal 0 0 1
    outer loop
      vertex 17.7435 -1.05553 0.799999
      vertex 16.9329 -1.79561 0.799999
      vertex 17.0417 -1.87073 0.799999
    endloop
  endfacet
  facet normal 0 0 1
    outer loop
      vertex 17.6437 -0.926254 0.799999
      vertex 16.7359 -1.61073 0.799999
      vertex 16.8309 -1.70895 0.799999
    endloop
  endfacet
  facet normal 0 0 1
    outer loop
      vertex 17.7435 -1.05553 0.799999
      vertex 17.0417 -1.87073 0.799999
      vertex 17.1575 -1.93427 0.799999
    endloop
  endfacet
  facet normal 0 0 1
    outer loop
      vertex 17.7435 -1.05553 0.799999
      vertex 17.1575 -1.93427 0.799999
      vertex 17.2802 -1.98627 0.799999
    endloop
  endfacet
  facet normal 0 0 1
    outer loop
      vertex 19.2617 0.0385895 0.799999
      vertex 20.3911 1.29832 0.799999
      vertex 19.2641 0.175354 0.799999
    endloop
  endfacet
  facet normal 0 0 1
    outer loop
      vertex 19.2544 -0.0917816 0.799999
      vertex 20.3911 1.29832 0.799999
      vertex 19.2617 0.0385895 0.799999
    endloop
  endfacet
  facet normal 0 0 1
    outer loop
      vertex 19.2763 1.60756 0.799999
      vertex 20.3911 1.29832 0.799999
      vertex 20.3914 1.41248 0.799999
    endloop
  endfacet
  facet normal -0 0 1
    outer loop
      vertex 19.256 -1.70442 0.799999
      vertex 20.3911 -1.95259 0.799999
      vertex 19.2641 -1.26907 0.799999
    endloop
  endfacet
  facet normal 0 0 1
    outer loop
      vertex 19.2763 1.60756 0.799999
      vertex 20.3914 1.41248 0.799999
      vertex 20.3921 1.52388 0.799999
    endloop
  endfacet
  facet normal -0 0 1
    outer loop
      vertex 19.2763 1.60756 0.799999
      vertex 20.3921 1.52388 0.799999
      vertex 20.3933 1.63251 0.799999
    endloop
  endfacet
  facet normal -0 0 1
    outer loop
      vertex 19.256 -1.93633 0.799999
      vertex 20.3911 -1.95259 0.799999
      vertex 19.256 -1.70442 0.799999
    endloop
  endfacet
  facet normal -0 0 1
    outer loop
      vertex 19.278 1.70215 0.799999
      vertex 20.3933 1.63251 0.799999
      vertex 20.395 1.73839 0.799999
    endloop
  endfacet
  facet normal 0 0 1
    outer loop
      vertex 19.2538 -2.04903 0.799999
      vertex 20.3911 -1.95259 0.799999
      vertex 19.256 -1.93633 0.799999
    endloop
  endfacet
  facet normal -0 0 1
    outer loop
      vertex 19.2829 1.81505 0.799999
      vertex 20.395 1.73839 0.799999
      vertex 20.3972 1.84148 0.799999
    endloop
  endfacet
  facet normal 0 0 1
    outer loop
      vertex 19.2911 1.94627 0.799999
      vertex 20.3972 1.84148 0.799999
      vertex 20.3999 1.94182 0.799999
    endloop
  endfacet
  facet normal 0 0 1
    outer loop
      vertex 20.3911 -1.95259 0.799999
      vertex 19.2538 -2.04903 0.799999
      vertex 20.3858 -2.13597 0.799999
    endloop
  endfacet
  facet normal 0 0 1
    outer loop
      vertex 19.2983 2.04123 0.799999
      vertex 20.3999 1.94182 0.799999
      vertex 20.4031 2.03938 0.799999
    endloop
  endfacet
  facet normal 0 0 1
    outer loop
      vertex 19.3096 2.16269 0.799999
      vertex 20.4031 2.03938 0.799999
      vertex 20.4067 2.13419 0.799999
    endloop
  endfacet
  facet normal 0 0 1
    outer loop
      vertex 19.2472 -2.15604 0.799999
      vertex 20.3858 -2.13597 0.799999
      vertex 19.2538 -2.04903 0.799999
    endloop
  endfacet
  facet normal 0 0 1
    outer loop
      vertex 19.3333 2.31549 0.799999
      vertex 20.4067 2.13419 0.799999
      vertex 20.4109 2.22623 0.799999
    endloop
  endfacet
  facet normal -0 0 1
    outer loop
      vertex 19.3333 2.31549 0.799999
      vertex 20.4109 2.22623 0.799999
      vertex 20.4155 2.31549 0.799999
    endloop
  endfacet
  facet normal 0 0 1
    outer loop
      vertex 20.3858 -2.13597 0.799999
      vertex 19.2472 -2.15604 0.799999
      vertex 20.3698 -2.31015 0.799999
    endloop
  endfacet
  facet normal 0 0 1
    outer loop
      vertex 20.3698 -2.31015 0.799999
      vertex 19.2362 -2.25734 0.799999
      vertex 20.3431 -2.47514 0.799999
    endloop
  endfacet
  facet normal -0 0 1
    outer loop
      vertex 19.2208 -2.35295 0.799999
      vertex 20.3431 -2.47514 0.799999
      vertex 19.2362 -2.25734 0.799999
    endloop
  endfacet
  facet normal 0 0 1
    outer loop
      vertex 20.3431 -2.47514 0.799999
      vertex 19.2208 -2.35295 0.799999
      vertex 20.3058 -2.63094 0.799999
    endloop
  endfacet
  facet normal -0 0 1
    outer loop
      vertex 19.201 -2.44286 0.799999
      vertex 20.3058 -2.63094 0.799999
      vertex 19.2208 -2.35295 0.799999
    endloop
  endfacet
  facet normal 0 0 1
    outer loop
      vertex 20.3058 -2.63094 0.799999
      vertex 19.201 -2.44286 0.799999
      vertex 20.2579 -2.77754 0.799999
    endloop
  endfacet
  facet normal -0 0 1
    outer loop
      vertex 19.1769 -2.52708 0.799999
      vertex 20.1992 -2.91495 0.799999
      vertex 19.201 -2.44286 0.799999
    endloop
  endfacet
  facet normal 0 0 1
    outer loop
      vertex 20.4067 2.13419 0.799999
      vertex 19.3333 2.31549 0.799999
      vertex 19.3212 2.2541 0.799999
    endloop
  endfacet
  facet normal 0 0 1
    outer loop
      vertex 19.3212 2.2541 0.799999
      vertex 19.3333 2.31549 0.799999
      vertex 19.3292 2.29837 0.799999
    endloop
  endfacet
  facet normal 0 0 1
    outer loop
      vertex 19.3212 2.2541 0.799999
      vertex 19.3292 2.29837 0.799999
      vertex 19.3252 2.27791 0.799999
    endloop
  endfacet
  facet normal 0 0 1
    outer loop
      vertex 20.4067 2.13419 0.799999
      vertex 19.3212 2.2541 0.799999
      vertex 19.3173 2.22697 0.799999
    endloop
  endfacet
  facet normal 0 0 1
    outer loop
      vertex 20.4067 2.13419 0.799999
      vertex 19.3173 2.22697 0.799999
      vertex 19.3134 2.1965 0.799999
    endloop
  endfacet
  facet normal 0 0 1
    outer loop
      vertex 20.4067 2.13419 0.799999
      vertex 19.3134 2.1965 0.799999
      vertex 19.3096 2.16269 0.799999
    endloop
  endfacet
  facet normal 0 0 1
    outer loop
      vertex 20.4031 2.03938 0.799999
      vertex 19.3096 2.16269 0.799999
      vertex 19.3058 2.12555 0.799999
    endloop
  endfacet
  facet normal 0 0 1
    outer loop
      vertex 20.4031 2.03938 0.799999
      vertex 19.3058 2.12555 0.799999
      vertex 19.302 2.08505 0.799999
    endloop
  endfacet
  facet normal 0 0 1
    outer loop
      vertex 20.4031 2.03938 0.799999
      vertex 19.302 2.08505 0.799999
      vertex 19.2983 2.04123 0.799999
    endloop
  endfacet
  facet normal 0 0 1
    outer loop
      vertex 20.3999 1.94182 0.799999
      vertex 19.2983 2.04123 0.799999
      vertex 19.2946 1.99408 0.799999
    endloop
  endfacet
  facet normal 0 0 1
    outer loop
      vertex 20.3999 1.94182 0.799999
      vertex 19.2946 1.99408 0.799999
      vertex 19.2911 1.94627 0.799999
    endloop
  endfacet
  facet normal 0 0 1
    outer loop
      vertex 20.3972 1.84148 0.799999
      vertex 19.2911 1.94627 0.799999
      vertex 19.288 1.9005 0.799999
    endloop
  endfacet
  facet normal 0 0 1
    outer loop
      vertex 20.3972 1.84148 0.799999
      vertex 19.288 1.9005 0.799999
      vertex 19.2853 1.85675 0.799999
    endloop
  endfacet
  facet normal 0 0 1
    outer loop
      vertex 20.3972 1.84148 0.799999
      vertex 19.2853 1.85675 0.799999
      vertex 19.2829 1.81505 0.799999
    endloop
  endfacet
  facet normal 0 0 1
    outer loop
      vertex 20.395 1.73839 0.799999
      vertex 19.2829 1.81505 0.799999
      vertex 19.2809 1.77538 0.799999
    endloop
  endfacet
  facet normal 0 0 1
    outer loop
      vertex 20.395 1.73839 0.799999
      vertex 19.2809 1.77538 0.799999
      vertex 19.2792 1.73775 0.799999
    endloop
  endfacet
  facet normal 0 0 1
    outer loop
      vertex 20.395 1.73839 0.799999
      vertex 19.2792 1.73775 0.799999
      vertex 19.278 1.70215 0.799999
    endloop
  endfacet
  facet normal 0 0 1
    outer loop
      vertex 20.3933 1.63251 0.799999
      vertex 19.278 1.70215 0.799999
      vertex 19.277 1.66858 0.799999
    endloop
  endfacet
  facet normal 0 0 1
    outer loop
      vertex 20.3933 1.63251 0.799999
      vertex 19.277 1.66858 0.799999
      vertex 19.2765 1.63705 0.799999
    endloop
  endfacet
  facet normal 0 0 1
    outer loop
      vertex 20.3933 1.63251 0.799999
      vertex 19.2765 1.63705 0.799999
      vertex 19.2763 1.60756 0.799999
    endloop
  endfacet
  facet normal 0 0 1
    outer loop
      vertex 19.1454 0.980042 0.799999
      vertex 20.3911 1.29832 0.799999
      vertex 19.2763 1.60756 0.799999
    endloop
  endfacet
  facet normal -0 0 1
    outer loop
      vertex 19.2362 -2.25734 0.799999
      vertex 20.3698 -2.31015 0.799999
      vertex 19.2472 -2.15604 0.799999
    endloop
  endfacet
  facet normal 0 0 1
    outer loop
      vertex 20.2579 -2.77754 0.799999
      vertex 19.201 -2.44286 0.799999
      vertex 20.1992 -2.91495 0.799999
    endloop
  endfacet
  facet normal 0 0 1
    outer loop
      vertex 20.1992 -2.91495 0.799999
      vertex 19.1769 -2.52708 0.799999
      vertex 20.1299 -3.04315 0.799999
    endloop
  endfacet
  facet normal -0 0 1
    outer loop
      vertex 19.1483 -2.60561 0.799999
      vertex 20.1299 -3.04315 0.799999
      vertex 19.1769 -2.52708 0.799999
    endloop
  endfacet
  facet normal 0 0 1
    outer loop
      vertex 20.1299 -3.04315 0.799999
      vertex 19.1483 -2.60561 0.799999
      vertex 20.05 -3.16217 0.799999
    endloop
  endfacet
  facet normal -0 0 1
    outer loop
      vertex 19.1154 -2.67842 0.799999
      vertex 20.05 -3.16217 0.799999
      vertex 19.1483 -2.60561 0.799999
    endloop
  endfacet
  facet normal 0 0 1
    outer loop
      vertex 20.05 -3.16217 0.799999
      vertex 19.1154 -2.67842 0.799999
      vertex 19.9594 -3.27199 0.799999
    endloop
  endfacet
  facet normal 0 0 1
    outer loop
      vertex 19.9594 -3.27199 0.799999
      vertex 19.1154 -2.67842 0.799999
      vertex 19.8581 -3.3726 0.799999
    endloop
  endfacet
  facet normal -0 0 1
    outer loop
      vertex 19.078 -2.74556 0.799999
      vertex 19.8581 -3.3726 0.799999
      vertex 19.1154 -2.67842 0.799999
    endloop
  endfacet
  facet normal 0 0 1
    outer loop
      vertex 19.8581 -3.3726 0.799999
      vertex 19.078 -2.74556 0.799999
      vertex 19.7466 -3.46384 0.799999
    endloop
  endfacet
  facet normal -0 0 1
    outer loop
      vertex 19.0363 -2.80699 0.799999
      vertex 19.7466 -3.46384 0.799999
      vertex 19.078 -2.74556 0.799999
    endloop
  endfacet
  facet normal 0 0 1
    outer loop
      vertex 19.7466 -3.46384 0.799999
      vertex 19.0363 -2.80699 0.799999
      vertex 19.6255 -3.54546 0.799999
    endloop
  endfacet
  facet normal -0 0 1
    outer loop
      vertex 18.9897 -2.86266 0.799999
      vertex 19.6255 -3.54546 0.799999
      vertex 19.0363 -2.80699 0.799999
    endloop
  endfacet
  facet normal 0 0 1
    outer loop
      vertex 19.6255 -3.54546 0.799999
      vertex 18.9897 -2.86266 0.799999
      vertex 19.4947 -3.61746 0.799999
    endloop
  endfacet
  facet normal -0 0 1
    outer loop
      vertex 18.9381 -2.91246 0.799999
      vertex 19.4947 -3.61746 0.799999
      vertex 18.9897 -2.86266 0.799999
    endloop
  endfacet
  facet normal 0 0 1
    outer loop
      vertex 19.4947 -3.61746 0.799999
      vertex 18.9381 -2.91246 0.799999
      vertex 19.3542 -3.67989 0.799999
    endloop
  endfacet
  facet normal -0 0 1
    outer loop
      vertex 18.8813 -2.95641 0.799999
      vertex 19.3542 -3.67989 0.799999
      vertex 18.9381 -2.91246 0.799999
    endloop
  endfacet
  facet normal 0 0 1
    outer loop
      vertex 19.3542 -3.67989 0.799999
      vertex 18.8813 -2.95641 0.799999
      vertex 19.204 -3.7327 0.799999
    endloop
  endfacet
  facet normal -0 0 1
    outer loop
      vertex 18.8195 -2.99449 0.799999
      vertex 19.204 -3.7327 0.799999
      vertex 18.8813 -2.95641 0.799999
    endloop
  endfacet
  facet normal 0 0 1
    outer loop
      vertex 19.204 -3.7327 0.799999
      vertex 18.8195 -2.99449 0.799999
      vertex 19.0442 -3.77591 0.799999
    endloop
  endfacet
  facet normal -0 0 1
    outer loop
      vertex 18.7525 -3.02672 0.799999
      vertex 19.0442 -3.77591 0.799999
      vertex 18.8195 -2.99449 0.799999
    endloop
  endfacet
  facet normal 0 0 1
    outer loop
      vertex 19.0442 -3.77591 0.799999
      vertex 18.7525 -3.02672 0.799999
      vertex 18.8746 -3.80951 0.799999
    endloop
  endfacet
  facet normal -0 0 1
    outer loop
      vertex 18.6803 -3.05309 0.799999
      vertex 18.8746 -3.80951 0.799999
      vertex 18.7525 -3.02672 0.799999
    endloop
  endfacet
  facet normal -0 0 1
    outer loop
      vertex 18.603 -3.07359 0.799999
      vertex 18.8746 -3.80951 0.799999
      vertex 18.6803 -3.05309 0.799999
    endloop
  endfacet
  facet normal 0 0 1
    outer loop
      vertex 18.8746 -3.80951 0.799999
      vertex 18.603 -3.07359 0.799999
      vertex 18.6954 -3.83353 0.799999
    endloop
  endfacet
  facet normal -0 0 1
    outer loop
      vertex 18.5207 -3.08824 0.799999
      vertex 18.6954 -3.83353 0.799999
      vertex 18.603 -3.07359 0.799999
    endloop
  endfacet
  facet normal 0 0 1
    outer loop
      vertex 18.5207 -3.08824 0.799999
      vertex 18.5065 -3.84793 0.799999
      vertex 18.6954 -3.83353 0.799999
    endloop
  endfacet
  facet normal -0 0 1
    outer loop
      vertex 18.4331 -3.09703 0.799999
      vertex 18.5065 -3.84793 0.799999
      vertex 18.5207 -3.08824 0.799999
    endloop
  endfacet
  facet normal -0 0 1
    outer loop
      vertex 18.3405 -3.09996 0.799999
      vertex 18.5065 -3.84793 0.799999
      vertex 18.4331 -3.09703 0.799999
    endloop
  endfacet
  facet normal 0 0 1
    outer loop
      vertex 18.3405 -3.09996 0.799999
      vertex 18.3079 -3.85272 0.799999
      vertex 18.5065 -3.84793 0.799999
    endloop
  endfacet
  facet normal 0 0 1
    outer loop
      vertex 18.2766 -3.09846 0.799999
      vertex 18.3079 -3.85272 0.799999
      vertex 18.3405 -3.09996 0.799999
    endloop
  endfacet
  facet normal 0 0 1
    outer loop
      vertex 18.1499 -3.84966 0.799999
      vertex 18.2766 -3.09846 0.799999
      vertex 18.2153 -3.09395 0.799999
    endloop
  endfacet
  facet normal 0 0 1
    outer loop
      vertex 18.1499 -3.84966 0.799999
      vertex 18.2153 -3.09395 0.799999
      vertex 18.1564 -3.08643 0.799999
    endloop
  endfacet
  facet normal 0 0 1
    outer loop
      vertex 18.2766 -3.09846 0.799999
      vertex 18.1499 -3.84966 0.799999
      vertex 18.3079 -3.85272 0.799999
    endloop
  endfacet
  facet normal 0 0 1
    outer loop
      vertex 17.9983 -3.84044 0.799999
      vertex 18.1564 -3.08643 0.799999
      vertex 18.0999 -3.07588 0.799999
    endloop
  endfacet
  facet normal 0 0 1
    outer loop
      vertex 17.9983 -3.84044 0.799999
      vertex 18.0999 -3.07588 0.799999
      vertex 18.046 -3.06233 0.799999
    endloop
  endfacet
  facet normal 0 0 1
    outer loop
      vertex 18.1564 -3.08643 0.799999
      vertex 17.9983 -3.84044 0.799999
      vertex 18.1499 -3.84966 0.799999
    endloop
  endfacet
  facet normal 0 0 1
    outer loop
      vertex 17.8529 -3.82507 0.799999
      vertex 18.046 -3.06233 0.799999
      vertex 17.9946 -3.04578 0.799999
    endloop
  endfacet
  facet normal 0 0 1
    outer loop
      vertex 17.7139 -3.80357 0.799999
      vertex 17.9946 -3.04578 0.799999
      vertex 17.9456 -3.0262 0.799999
    endloop
  endfacet
  facet normal 0 0 1
    outer loop
      vertex 17.7139 -3.80357 0.799999
      vertex 17.9456 -3.0262 0.799999
      vertex 17.8991 -3.00362 0.799999
    endloop
  endfacet
  facet normal 0 0 1
    outer loop
      vertex 17.5811 -3.77592 0.799999
      vertex 17.8991 -3.00362 0.799999
      vertex 17.8551 -2.97803 0.799999
    endloop
  endfacet
  facet normal 0 0 1
    outer loop
      vertex 18.046 -3.06233 0.799999
      vertex 17.8529 -3.82507 0.799999
      vertex 17.9983 -3.84044 0.799999
    endloop
  endfacet
  facet normal 0 0 1
    outer loop
      vertex 17.4547 -3.74214 0.799999
      vertex 17.8551 -2.97803 0.799999
      vertex 17.8136 -2.94943 0.799999
    endloop
  endfacet
  facet normal 0 0 1
    outer loop
      vertex 17.3346 -3.70219 0.799999
      vertex 17.8136 -2.94943 0.799999
      vertex 17.7747 -2.91818 0.799999
    endloop
  endfacet
  facet normal 0 0 1
    outer loop
      vertex 17.2207 -3.65611 0.799999
      vertex 17.7747 -2.91818 0.799999
      vertex 17.7386 -2.88466 0.799999
    endloop
  endfacet
  facet normal 0 0 1
    outer loop
      vertex 17.9946 -3.04578 0.799999
      vertex 17.7139 -3.80357 0.799999
      vertex 17.8529 -3.82507 0.799999
    endloop
  endfacet
  facet normal 0 0 1
    outer loop
      vertex 17.1132 -3.6039 0.799999
      vertex 17.7386 -2.88466 0.799999
      vertex 17.7054 -2.84885 0.799999
    endloop
  endfacet
  facet normal 0 0 1
    outer loop
      vertex 17.012 -3.54553 0.799999
      vertex 17.7054 -2.84885 0.799999
      vertex 17.6749 -2.81076 0.799999
    endloop
  endfacet
  facet normal 0 0 1
    outer loop
      vertex 16.9177 -3.48146 0.799999
      vertex 17.6749 -2.81076 0.799999
      vertex 17.6472 -2.7704 0.799999
    endloop
  endfacet
  facet normal 0 0 1
    outer loop
      vertex 16.831 -3.41216 0.799999
      vertex 17.6472 -2.7704 0.799999
      vertex 17.6224 -2.72777 0.799999
    endloop
  endfacet
  facet normal 0 0 1
    outer loop
      vertex 16.7517 -3.33759 0.799999
      vertex 17.6224 -2.72777 0.799999
      vertex 17.6004 -2.68285 0.799999
    endloop
  endfacet
  facet normal 0 0 1
    outer loop
      vertex 16.6158 -3.17271 0.799999
      vertex 17.6004 -2.68285 0.799999
      vertex 17.5812 -2.63564 0.799999
    endloop
  endfacet
  facet normal 0 0 1
    outer loop
      vertex 17.8991 -3.00362 0.799999
      vertex 17.5811 -3.77592 0.799999
      vertex 17.7139 -3.80357 0.799999
    endloop
  endfacet
  facet normal 0 0 1
    outer loop
      vertex 16.5592 -3.08241 0.799999
      vertex 17.5812 -2.63564 0.799999
      vertex 17.5647 -2.58617 0.799999
    endloop
  endfacet
  facet normal 0 0 1
    outer loop
      vertex 16.4685 -2.88605 0.799999
      vertex 17.5647 -2.58617 0.799999
      vertex 17.5511 -2.53441 0.799999
    endloop
  endfacet
  facet normal 0 0 1
    outer loop
      vertex 17.8551 -2.97803 0.799999
      vertex 17.4547 -3.74214 0.799999
      vertex 17.5811 -3.77592 0.799999
    endloop
  endfacet
  facet normal 0 0 1
    outer loop
      vertex 17.8136 -2.94943 0.799999
      vertex 17.3346 -3.70219 0.799999
      vertex 17.4547 -3.74214 0.799999
    endloop
  endfacet
  facet normal 0 0 1
    outer loop
      vertex 17.7747 -2.91818 0.799999
      vertex 17.2207 -3.65611 0.799999
      vertex 17.3346 -3.70219 0.799999
    endloop
  endfacet
  facet normal 0 0 1
    outer loop
      vertex 17.7386 -2.88466 0.799999
      vertex 17.1132 -3.6039 0.799999
      vertex 17.2207 -3.65611 0.799999
    endloop
  endfacet
  facet normal 0 0 1
    outer loop
      vertex 17.7054 -2.84885 0.799999
      vertex 17.012 -3.54553 0.799999
      vertex 17.1132 -3.6039 0.799999
    endloop
  endfacet
  facet normal 0 0 1
    outer loop
      vertex 17.6749 -2.81076 0.799999
      vertex 16.9177 -3.48146 0.799999
      vertex 17.012 -3.54553 0.799999
    endloop
  endfacet
  facet normal 0 0 1
    outer loop
      vertex 17.6472 -2.7704 0.799999
      vertex 16.831 -3.41216 0.799999
      vertex 16.9177 -3.48146 0.799999
    endloop
  endfacet
  facet normal 0 0 1
    outer loop
      vertex 17.6224 -2.72777 0.799999
      vertex 16.7517 -3.33759 0.799999
      vertex 16.831 -3.41216 0.799999
    endloop
  endfacet
  facet normal 0 0 1
    outer loop
      vertex 17.6004 -2.68285 0.799999
      vertex 16.68 -3.25778 0.799999
      vertex 16.7517 -3.33759 0.799999
    endloop
  endfacet
  facet normal 0 0 1
    outer loop
      vertex 17.6004 -2.68285 0.799999
      vertex 16.6158 -3.17271 0.799999
      vertex 16.68 -3.25778 0.799999
    endloop
  endfacet
  facet normal 0 0 1
    outer loop
      vertex 17.5812 -2.63564 0.799999
      vertex 16.5592 -3.08241 0.799999
      vertex 16.6158 -3.17271 0.799999
    endloop
  endfacet
  facet normal 0 0 1
    outer loop
      vertex 17.5647 -2.58617 0.799999
      vertex 16.5101 -2.98685 0.799999
      vertex 16.5592 -3.08241 0.799999
    endloop
  endfacet
  facet normal 0 0 1
    outer loop
      vertex 17.5647 -2.58617 0.799999
      vertex 16.4685 -2.88605 0.799999
      vertex 16.5101 -2.98685 0.799999
    endloop
  endfacet
  facet normal 0 0 1
    outer loop
      vertex 17.5511 -2.53441 0.799999
      vertex 16.4344 -2.77998 0.799999
      vertex 16.4685 -2.88605 0.799999
    endloop
  endfacet
  facet normal 0 -0 1
    outer loop
      vertex 16.4344 -2.77998 0.799999
      vertex 17.5511 -2.53441 0.799999
      vertex 16.4078 -2.66869 0.799999
    endloop
  endfacet
  facet normal 0 0 1
    outer loop
      vertex 1.1308 1.50616 0.799999
      vertex 1.61711 2.17055 0.799999
      vertex 1.47673 2.2397 0.799999
    endloop
  endfacet
  facet normal 0 0 1
    outer loop
      vertex 1.61711 2.17055 0.799999
      vertex 1.47443 0.714645 0.799999
      vertex 1.48286 0.610718 0.799999
    endloop
  endfacet
  facet normal 0 0 1
    outer loop
      vertex 1.61711 2.17055 0.799999
      vertex 1.46217 0.813248 0.799999
      vertex 1.47443 0.714645 0.799999
    endloop
  endfacet
  facet normal 0 0 1
    outer loop
      vertex 1.61711 2.17055 0.799999
      vertex 1.44611 0.906525 0.799999
      vertex 1.46217 0.813248 0.799999
    endloop
  endfacet
  facet normal 0 0 1
    outer loop
      vertex 1.61711 2.17055 0.799999
      vertex 1.42619 0.994461 0.799999
      vertex 1.44611 0.906525 0.799999
    endloop
  endfacet
  facet normal 0 0 1
    outer loop
      vertex 1.61711 2.17055 0.799999
      vertex 1.40247 1.07709 0.799999
      vertex 1.42619 0.994461 0.799999
    endloop
  endfacet
  facet normal 0 0 1
    outer loop
      vertex 1.61711 2.17055 0.799999
      vertex 1.37492 1.15437 0.799999
      vertex 1.40247 1.07709 0.799999
    endloop
  endfacet
  facet normal 0 0 1
    outer loop
      vertex 1.61711 2.17055 0.799999
      vertex 1.34355 1.22632 0.799999
      vertex 1.37492 1.15437 0.799999
    endloop
  endfacet
  facet normal 0 0 1
    outer loop
      vertex 1.07831 1.54614 0.799999
      vertex 1.47673 2.2397 0.799999
      vertex 1.32741 2.29628 0.799999
    endloop
  endfacet
  facet normal 0 0 1
    outer loop
      vertex 1.61711 2.17055 0.799999
      vertex 1.30835 1.29295 0.799999
      vertex 1.34355 1.22632 0.799999
    endloop
  endfacet
  facet normal 0 0 1
    outer loop
      vertex 1.61711 2.17055 0.799999
      vertex 1.26932 1.35425 0.799999
      vertex 1.30835 1.29295 0.799999
    endloop
  endfacet
  facet normal 0 0 1
    outer loop
      vertex 1.61711 2.17055 0.799999
      vertex 1.22647 1.41022 0.799999
      vertex 1.26932 1.35425 0.799999
    endloop
  endfacet
  facet normal 0 0 1
    outer loop
      vertex 1.61711 2.17055 0.799999
      vertex 1.18018 1.46086 0.799999
      vertex 1.22647 1.41022 0.799999
    endloop
  endfacet
  facet normal 0 0 1
    outer loop
      vertex 0.964066 1.61011 0.799999
      vertex 1.32741 2.29628 0.799999
      vertex 1.16913 2.34029 0.799999
    endloop
  endfacet
  facet normal 0 0 1
    outer loop
      vertex 1.61711 2.17055 0.799999
      vertex 1.1308 1.50616 0.799999
      vertex 1.18018 1.46086 0.799999
    endloop
  endfacet
  facet normal 0 0 1
    outer loop
      vertex 1.47673 2.2397 0.799999
      vertex 1.07831 1.54614 0.799999
      vertex 1.1308 1.50616 0.799999
    endloop
  endfacet
  facet normal 0 0 1
    outer loop
      vertex 1.32741 2.29628 0.799999
      vertex 1.02274 1.5808 0.799999
      vertex 1.07831 1.54614 0.799999
    endloop
  endfacet
  facet normal 0 0 1
    outer loop
      vertex 0.902298 1.63409 0.799999
      vertex 1.16913 2.34029 0.799999
      vertex 1.00189 2.37172 0.799999
    endloop
  endfacet
  facet normal 0 0 1
    outer loop
      vertex 1.32741 2.29628 0.799999
      vertex 0.964066 1.61011 0.799999
      vertex 1.02274 1.5808 0.799999
    endloop
  endfacet
  facet normal 0 0 1
    outer loop
      vertex 1.16913 2.34029 0.799999
      vertex 0.902298 1.63409 0.799999
      vertex 0.964066 1.61011 0.799999
    endloop
  endfacet
  facet normal 0 0 1
    outer loop
      vertex 1.00189 2.37172 0.799999
      vertex 0.837448 1.65276 0.799999
      vertex 0.902298 1.63409 0.799999
    endloop
  endfacet
  facet normal 0 0 1
    outer loop
      vertex 0.825714 2.39056 0.799999
      vertex 0.837448 1.65276 0.799999
      vertex 1.00189 2.37172 0.799999
    endloop
  endfacet
  facet normal 0 0 1
    outer loop
      vertex 0.825714 2.39056 0.799999
      vertex 0.769501 1.66608 0.799999
      vertex 0.837448 1.65276 0.799999
    endloop
  endfacet
  facet normal 0 0 1
    outer loop
      vertex 0.825714 2.39056 0.799999
      vertex 0.698456 1.67407 0.799999
      vertex 0.769501 1.66608 0.799999
    endloop
  endfacet
  facet normal 0 0 1
    outer loop
      vertex 0.640579 2.39685 0.799999
      vertex 0.698456 1.67407 0.799999
      vertex 0.825714 2.39056 0.799999
    endloop
  endfacet
  facet normal 0 0 1
    outer loop
      vertex 0.640579 2.39685 0.799999
      vertex 0.624313 1.67674 0.799999
      vertex 0.698456 1.67407 0.799999
    endloop
  endfacet
  facet normal 0 0 1
    outer loop
      vertex 0.640579 2.39685 0.799999
      vertex 0.545609 1.67393 0.799999
      vertex 0.624313 1.67674 0.799999
    endloop
  endfacet
  facet normal -0 0 1
    outer loop
      vertex 0.446548 2.39099 0.799999
      vertex 0.545609 1.67393 0.799999
      vertex 0.640579 2.39685 0.799999
    endloop
  endfacet
  facet normal 0 0 1
    outer loop
      vertex 0.545609 1.67393 0.799999
      vertex 0.446548 2.39099 0.799999
      vertex 0.470612 1.66551 0.799999
    endloop
  endfacet
  facet normal -0 0 1
    outer loop
      vertex 0.261536 2.37343 0.799999
      vertex 0.470612 1.66551 0.799999
      vertex 0.446548 2.39099 0.799999
    endloop
  endfacet
  facet normal 0 0 1
    outer loop
      vertex 0.470612 1.66551 0.799999
      vertex 0.261536 2.37343 0.799999
      vertex 0.399307 1.65146 0.799999
    endloop
  endfacet
  facet normal 0 0 1
    outer loop
      vertex 0.399307 1.65146 0.799999
      vertex 0.261536 2.37343 0.799999
      vertex 0.331711 1.63181 0.799999
    endloop
  endfacet
  facet normal -0 0 1
    outer loop
      vertex 0.0855713 2.34413 0.799999
      vertex 0.331711 1.63181 0.799999
      vertex 0.261536 2.37343 0.799999
    endloop
  endfacet
  facet normal 0 0 1
    outer loop
      vertex 0.331711 1.63181 0.799999
      vertex 0.0855713 2.34413 0.799999
      vertex 0.267807 1.60654 0.799999
    endloop
  endfacet
  facet normal -0 0 1
    outer loop
      vertex -0.0813751 2.30312 0.799999
      vertex 0.267807 1.60654 0.799999
      vertex 0.0855713 2.34413 0.799999
    endloop
  endfacet
  facet normal 0 0 1
    outer loop
      vertex 0.267807 1.60654 0.799999
      vertex -0.0813751 2.30312 0.799999
      vertex 0.207611 1.57565 0.799999
    endloop
  endfacet
  facet normal -0 0 1
    outer loop
      vertex -0.239273 2.25038 0.799999
      vertex 0.207611 1.57565 0.799999
      vertex -0.0813751 2.30312 0.799999
    endloop
  endfacet
  facet normal 0 0 1
    outer loop
      vertex 0.207611 1.57565 0.799999
      vertex -0.239273 2.25038 0.799999
      vertex 0.151123 1.53914 0.799999
    endloop
  endfacet
  facet normal 0 0 1
    outer loop
      vertex 0.151123 1.53914 0.799999
      vertex -0.239273 2.25038 0.799999
      vertex 0.0983276 1.49702 0.799999
    endloop
  endfacet
  facet normal -0 0 1
    outer loop
      vertex -0.388153 2.18593 0.799999
      vertex 0.0983276 1.49702 0.799999
      vertex -0.239273 2.25038 0.799999
    endloop
  endfacet
  facet normal 0 0 1
    outer loop
      vertex 0.0983276 1.49702 0.799999
      vertex -0.388153 2.18593 0.799999
      vertex 0.0492401 1.4493 0.799999
    endloop
  endfacet
  facet normal -0 0 1
    outer loop
      vertex -0.528 2.10977 0.799999
      vertex 0.0492401 1.4493 0.799999
      vertex -0.388153 2.18593 0.799999
    endloop
  endfacet
  facet normal 0 0 1
    outer loop
      vertex 0.0492401 1.4493 0.799999
      vertex -0.528 2.10977 0.799999
      vertex 0.00386047 1.39594 0.799999
    endloop
  endfacet
  facet normal -0 0 1
    outer loop
      vertex -0.658798 2.02188 0.799999
      vertex 0.00386047 1.39594 0.799999
      vertex -0.528 2.10977 0.799999
    endloop
  endfacet
  facet normal 0 0 1
    outer loop
      vertex 0.00386047 1.39594 0.799999
      vertex -0.658798 2.02188 0.799999
      vertex -0.0376282 1.33755 0.799999
    endloop
  endfacet
  facet normal -0 0 1
    outer loop
      vertex -0.780579 1.92227 0.799999
      vertex -0.0376282 1.33755 0.799999
      vertex -0.658798 2.02188 0.799999
    endloop
  endfacet
  facet normal 0 0 1
    outer loop
      vertex -0.0376282 1.33755 0.799999
      vertex -0.780579 1.92227 0.799999
      vertex -0.0749969 1.27469 0.799999
    endloop
  endfacet
  facet normal -0 0 1
    outer loop
      vertex -0.893326 1.81096 0.799999
      vertex -0.0749969 1.27469 0.799999
      vertex -0.780579 1.92227 0.799999
    endloop
  endfacet
  facet normal 0 0 1
    outer loop
      vertex -0.0749969 1.27469 0.799999
      vertex -0.893326 1.81096 0.799999
      vertex -0.108261 1.20735 0.799999
    endloop
  endfacet
  facet normal -0 0 1
    outer loop
      vertex -1.08813 1.55641 0.799999
      vertex -0.137421 1.13554 0.799999
      vertex -0.99614 1.68874 0.799999
    endloop
  endfacet
  facet normal 0 0 1
    outer loop
      vertex -0.108261 1.20735 0.799999
      vertex -0.99614 1.68874 0.799999
      vertex -0.137421 1.13554 0.799999
    endloop
  endfacet
  facet normal -0 0 1
    outer loop
      vertex -0.99614 1.68874 0.799999
      vertex -0.108261 1.20735 0.799999
      vertex -0.893326 1.81096 0.799999
    endloop
  endfacet
  facet normal 0 0 1
    outer loop
      vertex 1.48286 0.610718 0.799999
      vertex 2.58955 -0.0728455 0.799999
      vertex 2.58455 0.163788 0.799999
    endloop
  endfacet
  facet normal 0 0 1
    outer loop
      vertex 1.48286 0.610718 0.799999
      vertex 2.58455 0.163788 0.799999
      vertex 2.56953 0.388779 0.799999
    endloop
  endfacet
  facet normal 0 0 1
    outer loop
      vertex 1.48286 0.610718 0.799999
      vertex 2.56953 0.388779 0.799999
      vertex 2.54451 0.602081 0.799999
    endloop
  endfacet
  facet normal -0 0 1
    outer loop
      vertex 1.48286 0.610718 0.799999
      vertex 2.54451 0.602081 0.799999
      vertex 2.50948 0.803711 0.799999
    endloop
  endfacet
  facet normal 0 0 1
    outer loop
      vertex 1.48286 0.610718 0.799999
      vertex 2.50948 0.803711 0.799999
      vertex 2.46445 0.993652 0.799999
    endloop
  endfacet
  facet normal 0 0 1
    outer loop
      vertex 1.48286 0.610718 0.799999
      vertex 2.46445 0.993652 0.799999
      vertex 2.40939 1.17192 0.799999
    endloop
  endfacet
  facet normal 0 0 1
    outer loop
      vertex 1.48286 0.610718 0.799999
      vertex 2.40939 1.17192 0.799999
      vertex 2.34433 1.33852 0.799999
    endloop
  endfacet
  facet normal 0 0 1
    outer loop
      vertex 1.48286 0.610718 0.799999
      vertex 2.34433 1.33852 0.799999
      vertex 2.26926 1.49344 0.799999
    endloop
  endfacet
  facet normal 0 0 1
    outer loop
      vertex 1.48286 0.610718 0.799999
      vertex 2.26926 1.49344 0.799999
      vertex 2.18419 1.63667 0.799999
    endloop
  endfacet
  facet normal 0 0 1
    outer loop
      vertex 1.48286 0.610718 0.799999
      vertex 2.18419 1.63667 0.799999
      vertex 2.0891 1.76823 0.799999
    endloop
  endfacet
  facet normal 0 0 1
    outer loop
      vertex 1.48286 0.610718 0.799999
      vertex 2.0891 1.76823 0.799999
      vertex 1.98453 1.88768 0.799999
    endloop
  endfacet
  facet normal 0 0 1
    outer loop
      vertex 1.48286 0.610718 0.799999
      vertex 1.98453 1.88768 0.799999
      vertex 1.871 1.99454 0.799999
    endloop
  endfacet
  facet normal 0 0 1
    outer loop
      vertex 1.48286 0.610718 0.799999
      vertex 1.871 1.99454 0.799999
      vertex 1.74854 2.08884 0.799999
    endloop
  endfacet
  facet normal 0 0 1
    outer loop
      vertex 1.48286 0.610718 0.799999
      vertex 1.74854 2.08884 0.799999
      vertex 1.61711 2.17055 0.799999
    endloop
  endfacet
  facet normal 0 0 1
    outer loop
      vertex 2.58955 -0.0728455 0.799999
      vertex 1.48286 0.610718 0.799999
      vertex 2.58955 -0.105362 0.799999
    endloop
  endfacet
  facet normal 0 0 1
    outer loop
      vertex -0.234161 -0.105362 0.799999
      vertex 1.48286 0.610718 0.799999
      vertex -0.226059 0.610718 0.799999
    endloop
  endfacet
  facet normal 0 0 1
    outer loop
      vertex 1.48286 0.610718 0.799999
      vertex -0.234161 -0.105362 0.799999
      vertex 2.58955 -0.105362 0.799999
    endloop
  endfacet
  facet normal 0 0 1
    outer loop
      vertex 1.4462 -0.878464 0.799999
      vertex 2.42122 -1.1993 0.799999
      vertex 2.52446 -0.972 0.799999
    endloop
  endfacet
  facet normal 0 0 1
    outer loop
      vertex 2.42122 -1.1993 0.799999
      vertex 1.4462 -0.878464 0.799999
      vertex 2.29871 -1.40265 0.799999
    endloop
  endfacet
  facet normal -0 0 1
    outer loop
      vertex 1.40999 -0.97818 0.799999
      vertex 2.29871 -1.40265 0.799999
      vertex 1.4462 -0.878464 0.799999
    endloop
  endfacet
  facet normal -0 0 1
    outer loop
      vertex 1.36484 -1.0674 0.799999
      vertex 2.15691 -1.58208 0.799999
      vertex 1.40999 -0.97818 0.799999
    endloop
  endfacet
  facet normal 0 0 1
    outer loop
      vertex 2.15691 -1.58208 0.799999
      vertex 1.36484 -1.0674 0.799999
      vertex 1.99582 -1.73759 0.799999
    endloop
  endfacet
  facet normal 0 0 1
    outer loop
      vertex 2.29871 -1.40265 0.799999
      vertex 1.40999 -0.97818 0.799999
      vertex 2.15691 -1.58208 0.799999
    endloop
  endfacet
  facet normal -0 0 1
    outer loop
      vertex 1.31073 -1.14612 0.799999
      vertex 1.99582 -1.73759 0.799999
      vertex 1.36484 -1.0674 0.799999
    endloop
  endfacet
  facet normal 0 0 1
    outer loop
      vertex 1.99582 -1.73759 0.799999
      vertex 1.31073 -1.14612 0.799999
      vertex 1.81544 -1.86917 0.799999
    endloop
  endfacet
  facet normal -0 0 1
    outer loop
      vertex 1.24767 -1.21436 0.799999
      vertex 1.81544 -1.86917 0.799999
      vertex 1.31073 -1.14612 0.799999
    endloop
  endfacet
  facet normal 0 0 1
    outer loop
      vertex 1.81544 -1.86917 0.799999
      vertex 1.24767 -1.21436 0.799999
      vertex 1.6158 -1.97684 0.799999
    endloop
  endfacet
  facet normal -0 0 1
    outer loop
      vertex 1.17566 -1.27208 0.799999
      vertex 1.6158 -1.97684 0.799999
      vertex 1.24767 -1.21436 0.799999
    endloop
  endfacet
  facet normal 0 0 1
    outer loop
      vertex 1.6158 -1.97684 0.799999
      vertex 1.17566 -1.27208 0.799999
      vertex 1.39685 -2.06056 0.799999
    endloop
  endfacet
  facet normal -0 0 1
    outer loop
      vertex 1.0947 -1.31932 0.799999
      vertex 1.39685 -2.06056 0.799999
      vertex 1.17566 -1.27208 0.799999
    endloop
  endfacet
  facet normal -0 0 1
    outer loop
      vertex 1.00478 -1.35605 0.799999
      vertex 1.39685 -2.06056 0.799999
      vertex 1.0947 -1.31932 0.799999
    endloop
  endfacet
  facet normal 0 0 1
    outer loop
      vertex 1.39685 -2.06056 0.799999
      vertex 1.00478 -1.35605 0.799999
      vertex 1.15863 -2.12038 0.799999
    endloop
  endfacet
  facet normal -0 0 1
    outer loop
      vertex 0.905914 -1.38229 0.799999
      vertex 1.15863 -2.12038 0.799999
      vertex 1.00478 -1.35605 0.799999
    endloop
  endfacet
  facet normal 0 0 1
    outer loop
      vertex 0.905914 -1.38229 0.799999
      vertex 0.901108 -2.15627 0.799999
      vertex 1.15863 -2.12038 0.799999
    endloop
  endfacet
  facet normal -0 0 1
    outer loop
      vertex 0.798096 -1.39804 0.799999
      vertex 0.901108 -2.15627 0.799999
      vertex 0.905914 -1.38229 0.799999
    endloop
  endfacet
  facet normal -0 0 1
    outer loop
      vertex 0.68132 -1.40329 0.799999
      vertex 0.901108 -2.15627 0.799999
      vertex 0.798096 -1.39804 0.799999
    endloop
  endfacet
  facet normal 0 0 1
    outer loop
      vertex 0.68132 -1.40329 0.799999
      vertex 0.624313 -2.16823 0.799999
      vertex 0.901108 -2.15627 0.799999
    endloop
  endfacet
  facet normal 0 0 1
    outer loop
      vertex 0.595444 -1.40001 0.799999
      vertex 0.624313 -2.16823 0.799999
      vertex 0.68132 -1.40329 0.799999
    endloop
  endfacet
  facet normal 0 0 1
    outer loop
      vertex 0.430359 -2.16235 0.799999
      vertex 0.595444 -1.40001 0.799999
      vertex 0.513596 -1.39018 0.799999
    endloop
  endfacet
  facet normal 0 0 1
    outer loop
      vertex 0.430359 -2.16235 0.799999
      vertex 0.513596 -1.39018 0.799999
      vertex 0.435776 -1.37381 0.799999
    endloop
  endfacet
  facet normal 0 0 1
    outer loop
      vertex 0.595444 -1.40001 0.799999
      vertex 0.430359 -2.16235 0.799999
      vertex 0.624313 -2.16823 0.799999
    endloop
  endfacet
  facet normal 0 0 1
    outer loop
      vertex 0.245605 -2.14471 0.799999
      vertex 0.435776 -1.37381 0.799999
      vertex 0.362 -1.35089 0.799999
    endloop
  endfacet
  facet normal 0 0 1
    outer loop
      vertex 0.0700378 -2.11531 0.799999
      vertex 0.362 -1.35089 0.799999
      vertex 0.292236 -1.32141 0.799999
    endloop
  endfacet
  facet normal 0 0 1
    outer loop
      vertex 0.435776 -1.37381 0.799999
      vertex 0.245605 -2.14471 0.799999
      vertex 0.430359 -2.16235 0.799999
    endloop
  endfacet
  facet normal 0 0 1
    outer loop
      vertex -0.0963287 -2.07416 0.799999
      vertex 0.292236 -1.32141 0.799999
      vertex 0.226501 -1.2854 0.799999
    endloop
  endfacet
  facet normal 0 0 1
    outer loop
      vertex -0.25351 -2.02124 0.799999
      vertex 0.226501 -1.2854 0.799999
      vertex 0.164795 -1.24283 0.799999
    endloop
  endfacet
  facet normal 0 0 1
    outer loop
      vertex -0.401489 -1.95657 0.799999
      vertex 0.164795 -1.24283 0.799999
      vertex 0.107117 -1.1937 0.799999
    endloop
  endfacet
  facet normal 0 0 1
    outer loop
      vertex 0.362 -1.35089 0.799999
      vertex 0.0700378 -2.11531 0.799999
      vertex 0.245605 -2.14471 0.799999
    endloop
  endfacet
  facet normal 0 0 1
    outer loop
      vertex -0.540283 -1.88014 0.799999
      vertex 0.107117 -1.1937 0.799999
      vertex 0.0534821 -1.13803 0.799999
    endloop
  endfacet
  facet normal 0 0 1
    outer loop
      vertex -0.669876 -1.79195 0.799999
      vertex 0.0534821 -1.13803 0.799999
      vertex 0.00386047 -1.07581 0.799999
    endloop
  endfacet
  facet normal 0 0 1
    outer loop
      vertex -0.790283 -1.692 0.799999
      vertex 0.00386047 -1.07581 0.799999
      vertex -0.0413666 -1.00714 0.799999
    endloop
  endfacet
  facet normal 0 0 1
    outer loop
      vertex -0.901489 -1.58029 0.799999
      vertex -0.0413666 -1.00714 0.799999
      vertex -0.0818329 -0.932175 0.799999
    endloop
  endfacet
  facet normal 0 0 1
    outer loop
      vertex 0.292236 -1.32141 0.799999
      vertex -0.0963287 -2.07416 0.799999
      vertex 0.0700378 -2.11531 0.799999
    endloop
  endfacet
  facet normal 0 0 1
    outer loop
      vertex -1.00275 -1.45731 0.799999
      vertex -0.0818329 -0.932175 0.799999
      vertex -0.117538 -0.850906 0.799999
    endloop
  endfacet
  facet normal 0 0 1
    outer loop
      vertex -1.09335 -1.32355 0.799999
      vertex -0.117538 -0.850906 0.799999
      vertex -0.148483 -0.763321 0.799999
    endloop
  endfacet
  facet normal 0 0 1
    outer loop
      vertex -1.24258 -1.02368 0.799999
      vertex -0.148483 -0.763321 0.799999
      vertex -0.174652 -0.669434 0.799999
    endloop
  endfacet
  facet normal 0 0 1
    outer loop
      vertex -1.30122 -0.857574 0.799999
      vertex -0.174652 -0.669434 0.799999
      vertex -0.196075 -0.569229 0.799999
    endloop
  endfacet
  facet normal 0 0 1
    outer loop
      vertex -1.34918 -0.680679 0.799999
      vertex -0.196075 -0.569229 0.799999
      vertex -0.212738 -0.462723 0.799999
    endloop
  endfacet
  facet normal 0 0 1
    outer loop
      vertex -1.38649 -0.493011 0.799999
      vertex -0.212738 -0.462723 0.799999
      vertex -0.22464 -0.349915 0.799999
    endloop
  endfacet
  facet normal 0 0 1
    outer loop
      vertex 0.226501 -1.2854 0.799999
      vertex -0.25351 -2.02124 0.799999
      vertex -0.0963287 -2.07416 0.799999
    endloop
  endfacet
  facet normal 0 0 1
    outer loop
      vertex -1.38649 -0.493011 0.799999
      vertex -0.22464 -0.349915 0.799999
      vertex -0.231781 -0.230789 0.799999
    endloop
  endfacet
  facet normal 0 0 1
    outer loop
      vertex -1.41315 -0.294556 0.799999
      vertex -0.231781 -0.230789 0.799999
      vertex -0.234161 -0.105362 0.799999
    endloop
  endfacet
  facet normal 0 0 1
    outer loop
      vertex -0.137421 1.13554 0.799999
      vertex -1.08813 1.55641 0.799999
      vertex -0.16246 1.05927 0.799999
    endloop
  endfacet
  facet normal -0 0 1
    outer loop
      vertex -1.16931 1.41402 0.799999
      vertex -0.16246 1.05927 0.799999
      vertex -1.08813 1.55641 0.799999
    endloop
  endfacet
  facet normal -0 -0 1
    outer loop
      vertex -1.42914 -0.0853271 0.799999
      vertex -0.234161 -0.105362 0.799999
      vertex -1.43446 0.134674 0.799999
    endloop
  endfacet
  facet normal 0 0 1
    outer loop
      vertex -0.16246 1.05927 0.799999
      vertex -1.16931 1.41402 0.799999
      vertex -0.183395 0.9785 0.799999
    endloop
  endfacet
  facet normal 0 -0 1
    outer loop
      vertex -1.41315 -0.294556 0.799999
      vertex -0.234161 -0.105362 0.799999
      vertex -1.42914 -0.0853271 0.799999
    endloop
  endfacet
  facet normal -0 0 1
    outer loop
      vertex -1.23965 1.26152 0.799999
      vertex -0.183395 0.9785 0.799999
      vertex -1.16931 1.41402 0.799999
    endloop
  endfacet
  facet normal 0 0 1
    outer loop
      vertex -0.231781 -0.230789 0.799999
      vertex -1.41315 -0.294556 0.799999
      vertex -1.38649 -0.493011 0.799999
    endloop
  endfacet
  facet normal 0 0 1
    outer loop
      vertex -0.183395 0.9785 0.799999
      vertex -1.23965 1.26152 0.799999
      vertex -0.200226 0.893265 0.799999
    endloop
  endfacet
  facet normal 0 0 1
    outer loop
      vertex -0.212738 -0.462723 0.799999
      vertex -1.38649 -0.493011 0.799999
      vertex -1.34918 -0.680679 0.799999
    endloop
  endfacet
  facet normal -0 0 1
    outer loop
      vertex -1.29918 1.09894 0.799999
      vertex -0.200226 0.893265 0.799999
      vertex -1.23965 1.26152 0.799999
    endloop
  endfacet
  facet normal 0 0 1
    outer loop
      vertex -0.196075 -0.569229 0.799999
      vertex -1.34918 -0.680679 0.799999
      vertex -1.30122 -0.857574 0.799999
    endloop
  endfacet
  facet normal 0 0 1
    outer loop
      vertex -0.200226 0.893265 0.799999
      vertex -1.29918 1.09894 0.799999
      vertex -0.212952 0.803558 0.799999
    endloop
  endfacet
  facet normal 0 0 1
    outer loop
      vertex -0.174652 -0.669434 0.799999
      vertex -1.30122 -0.857574 0.799999
      vertex -1.24258 -1.02368 0.799999
    endloop
  endfacet
  facet normal -0 0 1
    outer loop
      vertex -1.34789 0.92627 0.799999
      vertex -0.212952 0.803558 0.799999
      vertex -1.29918 1.09894 0.799999
    endloop
  endfacet
  facet normal 0 0 1
    outer loop
      vertex -0.148483 -0.763321 0.799999
      vertex -1.24258 -1.02368 0.799999
      vertex -1.17331 -1.179 0.799999
    endloop
  endfacet
  facet normal 0 0 1
    outer loop
      vertex -0.212952 0.803558 0.799999
      vertex -1.34789 0.92627 0.799999
      vertex -0.221558 0.709381 0.799999
    endloop
  endfacet
  facet normal 0 0 1
    outer loop
      vertex -0.148483 -0.763321 0.799999
      vertex -1.17331 -1.179 0.799999
      vertex -1.09335 -1.32355 0.799999
    endloop
  endfacet
  facet normal -0 0 1
    outer loop
      vertex -1.38576 0.7435 0.799999
      vertex -0.221558 0.709381 0.799999
      vertex -1.34789 0.92627 0.799999
    endloop
  endfacet
  facet normal 0 0 1
    outer loop
      vertex 0.164795 -1.24283 0.799999
      vertex -0.401489 -1.95657 0.799999
      vertex -0.25351 -2.02124 0.799999
    endloop
  endfacet
  facet normal 0 0 1
    outer loop
      vertex -0.221558 0.709381 0.799999
      vertex -1.38576 0.7435 0.799999
      vertex -0.226059 0.610718 0.799999
    endloop
  endfacet
  facet normal 0 0 1
    outer loop
      vertex -1.41281 0.550644 0.799999
      vertex -0.226059 0.610718 0.799999
      vertex -1.38576 0.7435 0.799999
    endloop
  endfacet
  facet normal 0 0 1
    outer loop
      vertex -1.42905 0.347702 0.799999
      vertex -0.226059 0.610718 0.799999
      vertex -1.41281 0.550644 0.799999
    endloop
  endfacet
  facet normal 0 0 1
    outer loop
      vertex 0.00386047 -1.07581 0.799999
      vertex -0.790283 -1.692 0.799999
      vertex -0.669876 -1.79195 0.799999
    endloop
  endfacet
  facet normal 0 0 1
    outer loop
      vertex -0.226059 0.610718 0.799999
      vertex -1.42905 0.347702 0.799999
      vertex -0.234161 -0.105362 0.799999
    endloop
  endfacet
  facet normal 0 0 1
    outer loop
      vertex -0.0413666 -1.00714 0.799999
      vertex -0.901489 -1.58029 0.799999
      vertex -0.790283 -1.692 0.799999
    endloop
  endfacet
  facet normal 0 0 1
    outer loop
      vertex -0.234161 -0.105362 0.799999
      vertex -1.42905 0.347702 0.799999
      vertex -1.43446 0.134674 0.799999
    endloop
  endfacet
  facet normal 0 0 1
    outer loop
      vertex -0.117538 -0.850906 0.799999
      vertex -1.09335 -1.32355 0.799999
      vertex -1.00275 -1.45731 0.799999
    endloop
  endfacet
  facet normal 0 0 1
    outer loop
      vertex 0.107117 -1.1937 0.799999
      vertex -0.540283 -1.88014 0.799999
      vertex -0.401489 -1.95657 0.799999
    endloop
  endfacet
  facet normal 0 0 1
    outer loop
      vertex -0.0818329 -0.932175 0.799999
      vertex -1.00275 -1.45731 0.799999
      vertex -0.901489 -1.58029 0.799999
    endloop
  endfacet
  facet normal 0 0 1
    outer loop
      vertex 0.0534821 -1.13803 0.799999
      vertex -0.669876 -1.79195 0.799999
      vertex -0.540283 -1.88014 0.799999
    endloop
  endfacet
  facet normal -0 0 1
    outer loop
      vertex 14.2038 2.31549 0.799999
      vertex 15.3471 -2.08687 0.799999
      vertex 15.3471 2.31549 0.799999
    endloop
  endfacet
  facet normal 0 0 1
    outer loop
      vertex 15.3471 -2.08687 0.799999
      vertex 14.2038 2.31549 0.799999
      vertex 14.2038 -2.08687 0.799999
    endloop
  endfacet
  facet normal 0 0 1
    outer loop
      vertex 11.9867 1.50616 0.799999
      vertex 12.4731 2.17055 0.799999
      vertex 12.3327 2.2397 0.799999
    endloop
  endfacet
  facet normal 0 0 1
    outer loop
      vertex 12.4731 2.17055 0.799999
      vertex 12.3304 0.714645 0.799999
      vertex 12.3388 0.610718 0.799999
    endloop
  endfacet
  facet normal 0 0 1
    outer loop
      vertex 12.4731 2.17055 0.799999
      vertex 12.3181 0.813248 0.799999
      vertex 12.3304 0.714645 0.799999
    endloop
  endfacet
  facet normal 0 0 1
    outer loop
      vertex 12.4731 2.17055 0.799999
      vertex 12.302 0.906525 0.799999
      vertex 12.3181 0.813248 0.799999
    endloop
  endfacet
  facet normal 0 0 1
    outer loop
      vertex 12.4731 2.17055 0.799999
      vertex 12.2821 0.994461 0.799999
      vertex 12.302 0.906525 0.799999
    endloop
  endfacet
  facet normal 0 0 1
    outer loop
      vertex 12.4731 2.17055 0.799999
      vertex 12.2584 1.07709 0.799999
      vertex 12.2821 0.994461 0.799999
    endloop
  endfacet
  facet normal 0 0 1
    outer loop
      vertex 12.4731 2.17055 0.799999
      vertex 12.2309 1.15437 0.799999
      vertex 12.2584 1.07709 0.799999
    endloop
  endfacet
  facet normal 0 0 1
    outer loop
      vertex 12.4731 2.17055 0.799999
      vertex 12.1995 1.22632 0.799999
      vertex 12.2309 1.15437 0.799999
    endloop
  endfacet
  facet normal 0 0 1
    outer loop
      vertex 11.9342 1.54614 0.799999
      vertex 12.3327 2.2397 0.799999
      vertex 12.1833 2.29628 0.799999
    endloop
  endfacet
  facet normal 0 0 1
    outer loop
      vertex 12.4731 2.17055 0.799999
      vertex 12.1643 1.29295 0.799999
      vertex 12.1995 1.22632 0.799999
    endloop
  endfacet
  facet normal 0 0 1
    outer loop
      vertex 12.4731 2.17055 0.799999
      vertex 12.1253 1.35425 0.799999
      vertex 12.1643 1.29295 0.799999
    endloop
  endfacet
  facet normal 0 0 1
    outer loop
      vertex 12.4731 2.17055 0.799999
      vertex 12.0824 1.41022 0.799999
      vertex 12.1253 1.35425 0.799999
    endloop
  endfacet
  facet normal 0 0 1
    outer loop
      vertex 12.4731 2.17055 0.799999
      vertex 12.0361 1.46086 0.799999
      vertex 12.0824 1.41022 0.799999
    endloop
  endfacet
  facet normal 0 0 1
    outer loop
      vertex 11.82 1.61011 0.799999
      vertex 12.1833 2.29628 0.799999
      vertex 12.0251 2.34029 0.799999
    endloop
  endfacet
  facet normal 0 0 1
    outer loop
      vertex 12.4731 2.17055 0.799999
      vertex 11.9867 1.50616 0.799999
      vertex 12.0361 1.46086 0.799999
    endloop
  endfacet
  facet normal 0 0 1
    outer loop
      vertex 12.3327 2.2397 0.799999
      vertex 11.9342 1.54614 0.799999
      vertex 11.9867 1.50616 0.799999
    endloop
  endfacet
  facet normal 0 0 1
    outer loop
      vertex 12.1833 2.29628 0.799999
      vertex 11.8787 1.5808 0.799999
      vertex 11.9342 1.54614 0.799999
    endloop
  endfacet
  facet normal 0 0 1
    outer loop
      vertex 11.7582 1.63409 0.799999
      vertex 12.0251 2.34029 0.799999
      vertex 11.8578 2.37172 0.799999
    endloop
  endfacet
  facet normal 0 0 1
    outer loop
      vertex 12.1833 2.29628 0.799999
      vertex 11.82 1.61011 0.799999
      vertex 11.8787 1.5808 0.799999
    endloop
  endfacet
  facet normal 0 0 1
    outer loop
      vertex 12.0251 2.34029 0.799999
      vertex 11.7582 1.63409 0.799999
      vertex 11.82 1.61011 0.799999
    endloop
  endfacet
  facet normal 0 0 1
    outer loop
      vertex 11.8578 2.37172 0.799999
      vertex 11.6934 1.65276 0.799999
      vertex 11.7582 1.63409 0.799999
    endloop
  endfacet
  facet normal 0 0 1
    outer loop
      vertex 11.6817 2.39056 0.799999
      vertex 11.6934 1.65276 0.799999
      vertex 11.8578 2.37172 0.799999
    endloop
  endfacet
  facet normal 0 0 1
    outer loop
      vertex 11.6817 2.39056 0.799999
      vertex 11.6254 1.66608 0.799999
      vertex 11.6934 1.65276 0.799999
    endloop
  endfacet
  facet normal 0 0 1
    outer loop
      vertex 11.6817 2.39056 0.799999
      vertex 11.5544 1.67407 0.799999
      vertex 11.6254 1.66608 0.799999
    endloop
  endfacet
  facet normal 0 0 1
    outer loop
      vertex 11.4965 2.39685 0.799999
      vertex 11.5544 1.67407 0.799999
      vertex 11.6817 2.39056 0.799999
    endloop
  endfacet
  facet normal 0 0 1
    outer loop
      vertex 11.4965 2.39685 0.799999
      vertex 11.4803 1.67674 0.799999
      vertex 11.5544 1.67407 0.799999
    endloop
  endfacet
  facet normal 0 0 1
    outer loop
      vertex 11.4965 2.39685 0.799999
      vertex 11.4016 1.67393 0.799999
      vertex 11.4803 1.67674 0.799999
    endloop
  endfacet
  facet normal -0 0 1
    outer loop
      vertex 11.3025 2.39099 0.799999
      vertex 11.4016 1.67393 0.799999
      vertex 11.4965 2.39685 0.799999
    endloop
  endfacet
  facet normal 0 0 1
    outer loop
      vertex 11.4016 1.67393 0.799999
      vertex 11.3025 2.39099 0.799999
      vertex 11.3266 1.66551 0.799999
    endloop
  endfacet
  facet normal -0 0 1
    outer loop
      vertex 11.1175 2.37343 0.799999
      vertex 11.3266 1.66551 0.799999
      vertex 11.3025 2.39099 0.799999
    endloop
  endfacet
  facet normal 0 0 1
    outer loop
      vertex 11.3266 1.66551 0.799999
      vertex 11.1175 2.37343 0.799999
      vertex 11.2552 1.65146 0.799999
    endloop
  endfacet
  facet normal 0 0 1
    outer loop
      vertex 11.2552 1.65146 0.799999
      vertex 11.1175 2.37343 0.799999
      vertex 11.1877 1.63181 0.799999
    endloop
  endfacet
  facet normal -0 0 1
    outer loop
      vertex 10.9415 2.34413 0.799999
      vertex 11.1877 1.63181 0.799999
      vertex 11.1175 2.37343 0.799999
    endloop
  endfacet
  facet normal 0 0 1
    outer loop
      vertex 11.1877 1.63181 0.799999
      vertex 10.9415 2.34413 0.799999
      vertex 11.1237 1.60654 0.799999
    endloop
  endfacet
  facet normal -0 0 1
    outer loop
      vertex 10.7746 2.30312 0.799999
      vertex 11.1237 1.60654 0.799999
      vertex 10.9415 2.34413 0.799999
    endloop
  endfacet
  facet normal 0 0 1
    outer loop
      vertex 11.1237 1.60654 0.799999
      vertex 10.7746 2.30312 0.799999
      vertex 11.0636 1.57565 0.799999
    endloop
  endfacet
  facet normal -0 0 1
    outer loop
      vertex 10.6167 2.25038 0.799999
      vertex 11.0636 1.57565 0.799999
      vertex 10.7746 2.30312 0.799999
    endloop
  endfacet
  facet normal 0 0 1
    outer loop
      vertex 11.0636 1.57565 0.799999
      vertex 10.6167 2.25038 0.799999
      vertex 11.0071 1.53914 0.799999
    endloop
  endfacet
  facet normal 0 0 1
    outer loop
      vertex 11.0071 1.53914 0.799999
      vertex 10.6167 2.25038 0.799999
      vertex 10.9543 1.49702 0.799999
    endloop
  endfacet
  facet normal -0 0 1
    outer loop
      vertex 10.4678 2.18593 0.799999
      vertex 10.9543 1.49702 0.799999
      vertex 10.6167 2.25038 0.799999
    endloop
  endfacet
  facet normal 0 0 1
    outer loop
      vertex 10.9543 1.49702 0.799999
      vertex 10.4678 2.18593 0.799999
      vertex 10.9052 1.4493 0.799999
    endloop
  endfacet
  facet normal -0 0 1
    outer loop
      vertex 10.3279 2.10977 0.799999
      vertex 10.9052 1.4493 0.799999
      vertex 10.4678 2.18593 0.799999
    endloop
  endfacet
  facet normal 0 0 1
    outer loop
      vertex 10.9052 1.4493 0.799999
      vertex 10.3279 2.10977 0.799999
      vertex 10.8598 1.39594 0.799999
    endloop
  endfacet
  facet normal -0 0 1
    outer loop
      vertex 10.1971 2.02188 0.799999
      vertex 10.8598 1.39594 0.799999
      vertex 10.3279 2.10977 0.799999
    endloop
  endfacet
  facet normal 0 0 1
    outer loop
      vertex 10.8598 1.39594 0.799999
      vertex 10.1971 2.02188 0.799999
      vertex 10.8183 1.33755 0.799999
    endloop
  endfacet
  facet normal -0 0 1
    outer loop
      vertex 10.0754 1.92227 0.799999
      vertex 10.8183 1.33755 0.799999
      vertex 10.1971 2.02188 0.799999
    endloop
  endfacet
  facet normal 0 0 1
    outer loop
      vertex 10.8183 1.33755 0.799999
      vertex 10.0754 1.92227 0.799999
      vertex 10.7809 1.27469 0.799999
    endloop
  endfacet
  facet normal -0 0 1
    outer loop
      vertex 9.96263 1.81096 0.799999
      vertex 10.7809 1.27469 0.799999
      vertex 10.0754 1.92227 0.799999
    endloop
  endfacet
  facet normal 0 0 1
    outer loop
      vertex 10.7809 1.27469 0.799999
      vertex 9.96263 1.81096 0.799999
      vertex 10.7477 1.20735 0.799999
    endloop
  endfacet
  facet normal -0 0 1
    outer loop
      vertex 9.76782 1.55641 0.799999
      vertex 10.7185 1.13554 0.799999
      vertex 9.85982 1.68874 0.799999
    endloop
  endfacet
  facet normal 0 0 1
    outer loop
      vertex 10.7477 1.20735 0.799999
      vertex 9.85982 1.68874 0.799999
      vertex 10.7185 1.13554 0.799999
    endloop
  endfacet
  facet normal -0 0 1
    outer loop
      vertex 9.85982 1.68874 0.799999
      vertex 10.7477 1.20735 0.799999
      vertex 9.96263 1.81096 0.799999
    endloop
  endfacet
  facet normal 0 0 1
    outer loop
      vertex 12.3388 0.610718 0.799999
      vertex 13.4455 -0.0728455 0.799999
      vertex 13.4405 0.163788 0.799999
    endloop
  endfacet
  facet normal 0 0 1
    outer loop
      vertex 12.3388 0.610718 0.799999
      vertex 13.4405 0.163788 0.799999
      vertex 13.4255 0.388779 0.799999
    endloop
  endfacet
  facet normal 0 0 1
    outer loop
      vertex 12.3388 0.610718 0.799999
      vertex 13.4255 0.388779 0.799999
      vertex 13.4005 0.602081 0.799999
    endloop
  endfacet
  facet normal -0 0 1
    outer loop
      vertex 12.3388 0.610718 0.799999
      vertex 13.4005 0.602081 0.799999
      vertex 13.3654 0.803711 0.799999
    endloop
  endfacet
  facet normal 0 0 1
    outer loop
      vertex 12.3388 0.610718 0.799999
      vertex 13.3654 0.803711 0.799999
      vertex 13.3204 0.993652 0.799999
    endloop
  endfacet
  facet normal 0 0 1
    outer loop
      vertex 12.3388 0.610718 0.799999
      vertex 13.3204 0.993652 0.799999
      vertex 13.2653 1.17192 0.799999
    endloop
  endfacet
  facet normal 0 0 1
    outer loop
      vertex 12.3388 0.610718 0.799999
      vertex 13.2653 1.17192 0.799999
      vertex 13.2003 1.33852 0.799999
    endloop
  endfacet
  facet normal 0 0 1
    outer loop
      vertex 12.3388 0.610718 0.799999
      vertex 13.2003 1.33852 0.799999
      vertex 13.1252 1.49344 0.799999
    endloop
  endfacet
  facet normal 0 0 1
    outer loop
      vertex 12.3388 0.610718 0.799999
      vertex 13.1252 1.49344 0.799999
      vertex 13.0401 1.63667 0.799999
    endloop
  endfacet
  facet normal 0 0 1
    outer loop
      vertex 12.3388 0.610718 0.799999
      vertex 13.0401 1.63667 0.799999
      vertex 12.945 1.76823 0.799999
    endloop
  endfacet
  facet normal 0 0 1
    outer loop
      vertex 12.3388 0.610718 0.799999
      vertex 12.945 1.76823 0.799999
      vertex 12.8405 1.88768 0.799999
    endloop
  endfacet
  facet normal 0 0 1
    outer loop
      vertex 12.3388 0.610718 0.799999
      vertex 12.8405 1.88768 0.799999
      vertex 12.7269 1.99454 0.799999
    endloop
  endfacet
  facet normal 0 0 1
    outer loop
      vertex 12.3388 0.610718 0.799999
      vertex 12.7269 1.99454 0.799999
      vertex 12.6045 2.08884 0.799999
    endloop
  endfacet
  facet normal 0 0 1
    outer loop
      vertex 12.3388 0.610718 0.799999
      vertex 12.6045 2.08884 0.799999
      vertex 12.4731 2.17055 0.799999
    endloop
  endfacet
  facet normal 0 0 1
    outer loop
      vertex 13.4455 -0.0728455 0.799999
      vertex 12.3388 0.610718 0.799999
      vertex 13.4455 -0.105362 0.799999
    endloop
  endfacet
  facet normal 0 0 1
    outer loop
      vertex 10.6218 -0.105362 0.799999
      vertex 12.3388 0.610718 0.799999
      vertex 10.6299 0.610718 0.799999
    endloop
  endfacet
  facet normal 0 0 1
    outer loop
      vertex 12.3388 0.610718 0.799999
      vertex 10.6218 -0.105362 0.799999
      vertex 13.4455 -0.105362 0.799999
    endloop
  endfacet
  facet normal 0 0 1
    outer loop
      vertex 12.3021 -0.878464 0.799999
      vertex 13.2772 -1.1993 0.799999
      vertex 13.3804 -0.972 0.799999
    endloop
  endfacet
  facet normal 0 0 1
    outer loop
      vertex 13.2772 -1.1993 0.799999
      vertex 12.3021 -0.878464 0.799999
      vertex 13.1546 -1.40265 0.799999
    endloop
  endfacet
  facet normal -0 0 1
    outer loop
      vertex 12.2659 -0.97818 0.799999
      vertex 13.1546 -1.40265 0.799999
      vertex 12.3021 -0.878464 0.799999
    endloop
  endfacet
  facet normal -0 0 1
    outer loop
      vertex 12.2208 -1.0674 0.799999
      vertex 13.0128 -1.58208 0.799999
      vertex 12.2659 -0.97818 0.799999
    endloop
  endfacet
  facet normal 0 0 1
    outer loop
      vertex 13.0128 -1.58208 0.799999
      vertex 12.2208 -1.0674 0.799999
      vertex 12.8518 -1.73759 0.799999
    endloop
  endfacet
  facet normal 0 0 1
    outer loop
      vertex 13.1546 -1.40265 0.799999
      vertex 12.2659 -0.97818 0.799999
      vertex 13.0128 -1.58208 0.799999
    endloop
  endfacet
  facet normal -0 0 1
    outer loop
      vertex 12.1667 -1.14612 0.799999
      vertex 12.8518 -1.73759 0.799999
      vertex 12.2208 -1.0674 0.799999
    endloop
  endfacet
  facet normal 0 0 1
    outer loop
      vertex 12.8518 -1.73759 0.799999
      vertex 12.1667 -1.14612 0.799999
      vertex 12.6714 -1.86917 0.799999
    endloop
  endfacet
  facet normal -0 0 1
    outer loop
      vertex 12.1036 -1.21436 0.799999
      vertex 12.6714 -1.86917 0.799999
      vertex 12.1667 -1.14612 0.799999
    endloop
  endfacet
  facet normal 0 0 1
    outer loop
      vertex 12.6714 -1.86917 0.799999
      vertex 12.1036 -1.21436 0.799999
      vertex 12.4717 -1.97684 0.799999
    endloop
  endfacet
  facet normal -0 0 1
    outer loop
      vertex 12.0316 -1.27208 0.799999
      vertex 12.4717 -1.97684 0.799999
      vertex 12.1036 -1.21436 0.799999
    endloop
  endfacet
  facet normal 0 0 1
    outer loop
      vertex 12.4717 -1.97684 0.799999
      vertex 12.0316 -1.27208 0.799999
      vertex 12.2528 -2.06056 0.799999
    endloop
  endfacet
  facet normal -0 0 1
    outer loop
      vertex 11.9506 -1.31932 0.799999
      vertex 12.2528 -2.06056 0.799999
      vertex 12.0316 -1.27208 0.799999
    endloop
  endfacet
  facet normal -0 0 1
    outer loop
      vertex 11.8607 -1.35605 0.799999
      vertex 12.2528 -2.06056 0.799999
      vertex 11.9506 -1.31932 0.799999
    endloop
  endfacet
  facet normal 0 0 1
    outer loop
      vertex 12.2528 -2.06056 0.799999
      vertex 11.8607 -1.35605 0.799999
      vertex 12.0146 -2.12038 0.799999
    endloop
  endfacet
  facet normal -0 0 1
    outer loop
      vertex 11.7619 -1.38229 0.799999
      vertex 12.0146 -2.12038 0.799999
      vertex 11.8607 -1.35605 0.799999
    endloop
  endfacet
  facet normal 0 0 1
    outer loop
      vertex 11.7619 -1.38229 0.799999
      vertex 11.757 -2.15627 0.799999
      vertex 12.0146 -2.12038 0.799999
    endloop
  endfacet
  facet normal -0 0 1
    outer loop
      vertex 11.654 -1.39804 0.799999
      vertex 11.757 -2.15627 0.799999
      vertex 11.7619 -1.38229 0.799999
    endloop
  endfacet
  facet normal -0 0 1
    outer loop
      vertex 11.5373 -1.40329 0.799999
      vertex 11.757 -2.15627 0.799999
      vertex 11.654 -1.39804 0.799999
    endloop
  endfacet
  facet normal 0 0 1
    outer loop
      vertex 11.5373 -1.40329 0.799999
      vertex 11.4803 -2.16823 0.799999
      vertex 11.757 -2.15627 0.799999
    endloop
  endfacet
  facet normal 0 0 1
    outer loop
      vertex 11.4514 -1.40001 0.799999
      vertex 11.4803 -2.16823 0.799999
      vertex 11.5373 -1.40329 0.799999
    endloop
  endfacet
  facet normal 0 0 1
    outer loop
      vertex 11.2863 -2.16235 0.799999
      vertex 11.4514 -1.40001 0.799999
      vertex 11.3695 -1.39018 0.799999
    endloop
  endfacet
  facet normal 0 0 1
    outer loop
      vertex 11.2863 -2.16235 0.799999
      vertex 11.3695 -1.39018 0.799999
      vertex 11.2917 -1.37381 0.799999
    endloop
  endfacet
  facet normal 0 0 1
    outer loop
      vertex 11.4514 -1.40001 0.799999
      vertex 11.2863 -2.16235 0.799999
      vertex 11.4803 -2.16823 0.799999
    endloop
  endfacet
  facet normal 0 0 1
    outer loop
      vertex 11.1015 -2.14471 0.799999
      vertex 11.2917 -1.37381 0.799999
      vertex 11.2179 -1.35089 0.799999
    endloop
  endfacet
  facet normal 0 0 1
    outer loop
      vertex 10.926 -2.11531 0.799999
      vertex 11.2179 -1.35089 0.799999
      vertex 11.1482 -1.32141 0.799999
    endloop
  endfacet
  facet normal 0 0 1
    outer loop
      vertex 11.2917 -1.37381 0.799999
      vertex 11.1015 -2.14471 0.799999
      vertex 11.2863 -2.16235 0.799999
    endloop
  endfacet
  facet normal 0 0 1
    outer loop
      vertex 10.7596 -2.07416 0.799999
      vertex 11.1482 -1.32141 0.799999
      vertex 11.0824 -1.2854 0.799999
    endloop
  endfacet
  facet normal 0 0 1
    outer loop
      vertex 10.6024 -2.02124 0.799999
      vertex 11.0824 -1.2854 0.799999
      vertex 11.0207 -1.24283 0.799999
    endloop
  endfacet
  facet normal 0 0 1
    outer loop
      vertex 10.4545 -1.95657 0.799999
      vertex 11.0207 -1.24283 0.799999
      vertex 10.9631 -1.1937 0.799999
    endloop
  endfacet
  facet normal 0 0 1
    outer loop
      vertex 11.2179 -1.35089 0.799999
      vertex 10.926 -2.11531 0.799999
      vertex 11.1015 -2.14471 0.799999
    endloop
  endfacet
  facet normal 0 0 1
    outer loop
      vertex 10.3157 -1.88014 0.799999
      vertex 10.9631 -1.1937 0.799999
      vertex 10.9094 -1.13803 0.799999
    endloop
  endfacet
  facet normal 0 0 1
    outer loop
      vertex 10.1861 -1.79195 0.799999
      vertex 10.9094 -1.13803 0.799999
      vertex 10.8598 -1.07581 0.799999
    endloop
  endfacet
  facet normal 0 0 1
    outer loop
      vertex 10.0657 -1.692 0.799999
      vertex 10.8598 -1.07581 0.799999
      vertex 10.8146 -1.00714 0.799999
    endloop
  endfacet
  facet normal 0 0 1
    outer loop
      vertex 9.95447 -1.58029 0.799999
      vertex 10.8146 -1.00714 0.799999
      vertex 10.7741 -0.932175 0.799999
    endloop
  endfacet
  facet normal 0 0 1
    outer loop
      vertex 11.1482 -1.32141 0.799999
      vertex 10.7596 -2.07416 0.799999
      vertex 10.926 -2.11531 0.799999
    endloop
  endfacet
  facet normal 0 0 1
    outer loop
      vertex 9.85321 -1.45731 0.799999
      vertex 10.7741 -0.932175 0.799999
      vertex 10.7384 -0.850906 0.799999
    endloop
  endfacet
  facet normal 0 0 1
    outer loop
      vertex 9.7626 -1.32355 0.799999
      vertex 10.7384 -0.850906 0.799999
      vertex 10.7075 -0.763321 0.799999
    endloop
  endfacet
  facet normal 0 0 1
    outer loop
      vertex 9.61337 -1.02368 0.799999
      vertex 10.7075 -0.763321 0.799999
      vertex 10.6813 -0.669434 0.799999
    endloop
  endfacet
  facet normal 0 0 1
    outer loop
      vertex 9.55473 -0.857574 0.799999
      vertex 10.6813 -0.669434 0.799999
      vertex 10.6599 -0.569229 0.799999
    endloop
  endfacet
  facet normal 0 0 1
    outer loop
      vertex 9.50677 -0.680679 0.799999
      vertex 10.6599 -0.569229 0.799999
      vertex 10.6432 -0.462723 0.799999
    endloop
  endfacet
  facet normal 0 0 1
    outer loop
      vertex 9.46947 -0.493011 0.799999
      vertex 10.6432 -0.462723 0.799999
      vertex 10.6313 -0.349915 0.799999
    endloop
  endfacet
  facet normal 0 0 1
    outer loop
      vertex 11.0824 -1.2854 0.799999
      vertex 10.6024 -2.02124 0.799999
      vertex 10.7596 -2.07416 0.799999
    endloop
  endfacet
  facet normal 0 0 1
    outer loop
      vertex 9.46947 -0.493011 0.799999
      vertex 10.6313 -0.349915 0.799999
      vertex 10.6242 -0.230789 0.799999
    endloop
  endfacet
  facet normal 0 0 1
    outer loop
      vertex 9.44281 -0.294556 0.799999
      vertex 10.6242 -0.230789 0.799999
      vertex 10.6218 -0.105362 0.799999
    endloop
  endfacet
  facet normal 0 0 1
    outer loop
      vertex 10.7185 1.13554 0.799999
      vertex 9.76782 1.55641 0.799999
      vertex 10.6935 1.05927 0.799999
    endloop
  endfacet
  facet normal -0 0 1
    outer loop
      vertex 9.68665 1.41402 0.799999
      vertex 10.6935 1.05927 0.799999
      vertex 9.76782 1.55641 0.799999
    endloop
  endfacet
  facet normal -0 -0 1
    outer loop
      vertex 9.42682 -0.0853271 0.799999
      vertex 10.6218 -0.105362 0.799999
      vertex 9.42149 0.134674 0.799999
    endloop
  endfacet
  facet normal 0 0 1
    outer loop
      vertex 10.6935 1.05927 0.799999
      vertex 9.68665 1.41402 0.799999
      vertex 10.6725 0.9785 0.799999
    endloop
  endfacet
  facet normal 0 -0 1
    outer loop
      vertex 9.44281 -0.294556 0.799999
      vertex 10.6218 -0.105362 0.799999
      vertex 9.42682 -0.0853271 0.799999
    endloop
  endfacet
  facet normal -0 0 1
    outer loop
      vertex 9.6163 1.26152 0.799999
      vertex 10.6725 0.9785 0.799999
      vertex 9.68665 1.41402 0.799999
    endloop
  endfacet
  facet normal 0 0 1
    outer loop
      vertex 10.6242 -0.230789 0.799999
      vertex 9.44281 -0.294556 0.799999
      vertex 9.46947 -0.493011 0.799999
    endloop
  endfacet
  facet normal 0 0 1
    outer loop
      vertex 10.6725 0.9785 0.799999
      vertex 9.6163 1.26152 0.799999
      vertex 10.6557 0.893265 0.799999
    endloop
  endfacet
  facet normal 0 0 1
    outer loop
      vertex 10.6432 -0.462723 0.799999
      vertex 9.46947 -0.493011 0.799999
      vertex 9.50677 -0.680679 0.799999
    endloop
  endfacet
  facet normal -0 0 1
    outer loop
      vertex 9.55678 1.09894 0.799999
      vertex 10.6557 0.893265 0.799999
      vertex 9.6163 1.26152 0.799999
    endloop
  endfacet
  facet normal 0 0 1
    outer loop
      vertex 10.6599 -0.569229 0.799999
      vertex 9.50677 -0.680679 0.799999
      vertex 9.55473 -0.857574 0.799999
    endloop
  endfacet
  facet normal 0 0 1
    outer loop
      vertex 10.6557 0.893265 0.799999
      vertex 9.55678 1.09894 0.799999
      vertex 10.643 0.803558 0.799999
    endloop
  endfacet
  facet normal 0 0 1
    outer loop
      vertex 10.6813 -0.669434 0.799999
      vertex 9.55473 -0.857574 0.799999
      vertex 9.61337 -1.02368 0.799999
    endloop
  endfacet
  facet normal -0 0 1
    outer loop
      vertex 9.50807 0.92627 0.799999
      vertex 10.643 0.803558 0.799999
      vertex 9.55678 1.09894 0.799999
    endloop
  endfacet
  facet normal 0 0 1
    outer loop
      vertex 10.7075 -0.763321 0.799999
      vertex 9.61337 -1.02368 0.799999
      vertex 9.68265 -1.179 0.799999
    endloop
  endfacet
  facet normal 0 0 1
    outer loop
      vertex 10.643 0.803558 0.799999
      vertex 9.50807 0.92627 0.799999
      vertex 10.6344 0.709381 0.799999
    endloop
  endfacet
  facet normal 0 0 1
    outer loop
      vertex 10.7075 -0.763321 0.799999
      vertex 9.68265 -1.179 0.799999
      vertex 9.7626 -1.32355 0.799999
    endloop
  endfacet
  facet normal -0 0 1
    outer loop
      vertex 9.4702 0.7435 0.799999
      vertex 10.6344 0.709381 0.799999
      vertex 9.50807 0.92627 0.799999
    endloop
  endfacet
  facet normal 0 0 1
    outer loop
      vertex 11.0207 -1.24283 0.799999
      vertex 10.4545 -1.95657 0.799999
      vertex 10.6024 -2.02124 0.799999
    endloop
  endfacet
  facet normal 0 0 1
    outer loop
      vertex 10.6344 0.709381 0.799999
      vertex 9.4702 0.7435 0.799999
      vertex 10.6299 0.610718 0.799999
    endloop
  endfacet
  facet normal 0 0 1
    outer loop
      vertex 9.44315 0.550644 0.799999
      vertex 10.6299 0.610718 0.799999
      vertex 9.4702 0.7435 0.799999
    endloop
  endfacet
  facet normal 0 0 1
    outer loop
      vertex 9.42691 0.347702 0.799999
      vertex 10.6299 0.610718 0.799999
      vertex 9.44315 0.550644 0.799999
    endloop
  endfacet
  facet normal 0 0 1
    outer loop
      vertex 10.8598 -1.07581 0.799999
      vertex 10.0657 -1.692 0.799999
      vertex 10.1861 -1.79195 0.799999
    endloop
  endfacet
  facet normal 0 0 1
    outer loop
      vertex 10.6299 0.610718 0.799999
      vertex 9.42691 0.347702 0.799999
      vertex 10.6218 -0.105362 0.799999
    endloop
  endfacet
  facet normal 0 0 1
    outer loop
      vertex 10.8146 -1.00714 0.799999
      vertex 9.95447 -1.58029 0.799999
      vertex 10.0657 -1.692 0.799999
    endloop
  endfacet
  facet normal 0 0 1
    outer loop
      vertex 10.6218 -0.105362 0.799999
      vertex 9.42691 0.347702 0.799999
      vertex 9.42149 0.134674 0.799999
    endloop
  endfacet
  facet normal 0 0 1
    outer loop
      vertex 10.7384 -0.850906 0.799999
      vertex 9.7626 -1.32355 0.799999
      vertex 9.85321 -1.45731 0.799999
    endloop
  endfacet
  facet normal 0 0 1
    outer loop
      vertex 10.9631 -1.1937 0.799999
      vertex 10.3157 -1.88014 0.799999
      vertex 10.4545 -1.95657 0.799999
    endloop
  endfacet
  facet normal 0 0 1
    outer loop
      vertex 10.7741 -0.932175 0.799999
      vertex 9.85321 -1.45731 0.799999
      vertex 9.95447 -1.58029 0.799999
    endloop
  endfacet
  facet normal 0 0 1
    outer loop
      vertex 10.9094 -1.13803 0.799999
      vertex 10.1861 -1.79195 0.799999
      vertex 10.3157 -1.88014 0.799999
    endloop
  endfacet
  facet normal 0 0 1
    outer loop
      vertex -3.07976 0.871124 0.799999
      vertex -1.95813 1.06261 0.799999
      vertex -1.99551 1.19122 0.799999
    endloop
  endfacet
  facet normal 0 0 1
    outer loop
      vertex -3.09099 0.937286 0.799999
      vertex -1.99551 1.19122 0.799999
      vertex -2.04048 1.31389 0.799999
    endloop
  endfacet
  facet normal 0 0 1
    outer loop
      vertex -3.10513 1.00073 0.799999
      vertex -2.04048 1.31389 0.799999
      vertex -2.093 1.43062 0.799999
    endloop
  endfacet
  facet normal 0 0 1
    outer loop
      vertex -3.12221 1.06146 0.799999
      vertex -2.093 1.43062 0.799999
      vertex -2.15311 1.54141 0.799999
    endloop
  endfacet
  facet normal 0 0 1
    outer loop
      vertex -3.14223 1.11946 0.799999
      vertex -2.15311 1.54141 0.799999
      vertex -2.22076 1.64626 0.799999
    endloop
  endfacet
  facet normal 0 0 1
    outer loop
      vertex -3.16518 1.17473 0.799999
      vertex -2.22076 1.64626 0.799999
      vertex -2.29601 1.74516 0.799999
    endloop
  endfacet
  facet normal 0 0 1
    outer loop
      vertex -3.19104 1.22728 0.799999
      vertex -2.29601 1.74516 0.799999
      vertex -2.37881 1.83813 0.799999
    endloop
  endfacet
  facet normal 0 0 1
    outer loop
      vertex -3.21985 1.2771 0.799999
      vertex -2.37881 1.83813 0.799999
      vertex -2.46918 1.92517 0.799999
    endloop
  endfacet
  facet normal 0 0 1
    outer loop
      vertex -3.25159 1.3242 0.799999
      vertex -2.46918 1.92517 0.799999
      vertex -2.56712 2.00626 0.799999
    endloop
  endfacet
  facet normal 0 0 1
    outer loop
      vertex -3.28624 1.36858 0.799999
      vertex -2.56712 2.00626 0.799999
      vertex -2.67152 2.08047 0.799999
    endloop
  endfacet
  facet normal 0 0 1
    outer loop
      vertex -3.32384 1.41022 0.799999
      vertex -2.67152 2.08047 0.799999
      vertex -2.78128 2.14687 0.799999
    endloop
  endfacet
  facet normal 0 0 1
    outer loop
      vertex -3.36453 1.44849 0.799999
      vertex -2.78128 2.14687 0.799999
      vertex -2.89642 2.20546 0.799999
    endloop
  endfacet
  facet normal 0 0 1
    outer loop
      vertex -3.40848 1.48273 0.799999
      vertex -2.89642 2.20546 0.799999
      vertex -3.01694 2.25624 0.799999
    endloop
  endfacet
  facet normal 0 0 1
    outer loop
      vertex -2.29601 1.74516 0.799999
      vertex -3.19104 1.22728 0.799999
      vertex -3.16518 1.17473 0.799999
    endloop
  endfacet
  facet normal 0 0 1
    outer loop
      vertex -1.95813 1.06261 0.799999
      vertex -3.07976 0.871124 0.799999
      vertex -1.9283 0.928055 0.799999
    endloop
  endfacet
  facet normal 0 0 1
    outer loop
      vertex -1.99551 1.19122 0.799999
      vertex -3.09099 0.937286 0.799999
      vertex -3.07976 0.871124 0.799999
    endloop
  endfacet
  facet normal 0 0 1
    outer loop
      vertex -2.04048 1.31389 0.799999
      vertex -3.10513 1.00073 0.799999
      vertex -3.09099 0.937286 0.799999
    endloop
  endfacet
  facet normal 0 0 1
    outer loop
      vertex -2.093 1.43062 0.799999
      vertex -3.12221 1.06146 0.799999
      vertex -3.10513 1.00073 0.799999
    endloop
  endfacet
  facet normal 0 0 1
    outer loop
      vertex -3.45567 1.51294 0.799999
      vertex -3.01694 2.25624 0.799999
      vertex -3.14282 2.29921 0.799999
    endloop
  endfacet
  facet normal 0 0 1
    outer loop
      vertex -2.15311 1.54141 0.799999
      vertex -3.14223 1.11946 0.799999
      vertex -3.12221 1.06146 0.799999
    endloop
  endfacet
  facet normal 0 0 1
    outer loop
      vertex -2.22076 1.64626 0.799999
      vertex -3.16518 1.17473 0.799999
      vertex -3.14223 1.11946 0.799999
    endloop
  endfacet
  facet normal 0 0 1
    outer loop
      vertex -2.37881 1.83813 0.799999
      vertex -3.21985 1.2771 0.799999
      vertex -3.19104 1.22728 0.799999
    endloop
  endfacet
  facet normal 0 0 1
    outer loop
      vertex -2.46918 1.92517 0.799999
      vertex -3.25159 1.3242 0.799999
      vertex -3.21985 1.2771 0.799999
    endloop
  endfacet
  facet normal 0 0 1
    outer loop
      vertex -3.50612 1.53912 0.799999
      vertex -3.14282 2.29921 0.799999
      vertex -3.27408 2.33437 0.799999
    endloop
  endfacet
  facet normal 0 0 1
    outer loop
      vertex -2.56712 2.00626 0.799999
      vertex -3.28624 1.36858 0.799999
      vertex -3.25159 1.3242 0.799999
    endloop
  endfacet
  facet normal 0 0 1
    outer loop
      vertex -2.67152 2.08047 0.799999
      vertex -3.32384 1.41022 0.799999
      vertex -3.28624 1.36858 0.799999
    endloop
  endfacet
  facet normal 0 0 1
    outer loop
      vertex -2.78128 2.14687 0.799999
      vertex -3.36453 1.44849 0.799999
      vertex -3.32384 1.41022 0.799999
    endloop
  endfacet
  facet normal 0 0 1
    outer loop
      vertex -2.89642 2.20546 0.799999
      vertex -3.40848 1.48273 0.799999
      vertex -3.36453 1.44849 0.799999
    endloop
  endfacet
  facet normal 0 0 1
    outer loop
      vertex -3.55983 1.56128 0.799999
      vertex -3.27408 2.33437 0.799999
      vertex -3.41071 2.36171 0.799999
    endloop
  endfacet
  facet normal 0 0 1
    outer loop
      vertex -3.01694 2.25624 0.799999
      vertex -3.45567 1.51294 0.799999
      vertex -3.40848 1.48273 0.799999
    endloop
  endfacet
  facet normal 0 0 1
    outer loop
      vertex -3.14282 2.29921 0.799999
      vertex -3.50612 1.53912 0.799999
      vertex -3.45567 1.51294 0.799999
    endloop
  endfacet
  facet normal 0 0 1
    outer loop
      vertex -3.61681 1.57941 0.799999
      vertex -3.41071 2.36171 0.799999
      vertex -3.55269 2.38124 0.799999
    endloop
  endfacet
  facet normal 0 0 1
    outer loop
      vertex -3.27408 2.33437 0.799999
      vertex -3.55983 1.56128 0.799999
      vertex -3.50612 1.53912 0.799999
    endloop
  endfacet
  facet normal 0 0 1
    outer loop
      vertex -3.41071 2.36171 0.799999
      vertex -3.61681 1.57941 0.799999
      vertex -3.55983 1.56128 0.799999
    endloop
  endfacet
  facet normal 0 0 1
    outer loop
      vertex -3.55269 2.38124 0.799999
      vertex -3.67702 1.59351 0.799999
      vertex -3.61681 1.57941 0.799999
    endloop
  endfacet
  facet normal 0 0 1
    outer loop
      vertex -3.74049 1.60358 0.799999
      vertex -3.55269 2.38124 0.799999
      vertex -3.70006 2.39294 0.799999
    endloop
  endfacet
  facet normal 0 0 1
    outer loop
      vertex -3.55269 2.38124 0.799999
      vertex -3.74049 1.60358 0.799999
      vertex -3.67702 1.59351 0.799999
    endloop
  endfacet
  facet normal 0 0 1
    outer loop
      vertex -3.70006 2.39294 0.799999
      vertex -3.80724 1.60962 0.799999
      vertex -3.74049 1.60358 0.799999
    endloop
  endfacet
  facet normal 0 0 1
    outer loop
      vertex -3.8528 2.39685 0.799999
      vertex -3.80724 1.60962 0.799999
      vertex -3.70006 2.39294 0.799999
    endloop
  endfacet
  facet normal 0 0 1
    outer loop
      vertex -3.8528 2.39685 0.799999
      vertex -3.87721 1.61163 0.799999
      vertex -3.80724 1.60962 0.799999
    endloop
  endfacet
  facet normal -0 0 1
    outer loop
      vertex -4.05002 2.39078 0.799999
      vertex -3.87721 1.61163 0.799999
      vertex -3.8528 2.39685 0.799999
    endloop
  endfacet
  facet normal 0 0 1
    outer loop
      vertex -3.87721 1.61163 0.799999
      vertex -4.05002 2.39078 0.799999
      vertex -4.04497 1.59686 0.799999
    endloop
  endfacet
  facet normal -0 0 1
    outer loop
      vertex -4.23804 2.37253 0.799999
      vertex -4.04497 1.59686 0.799999
      vertex -4.05002 2.39078 0.799999
    endloop
  endfacet
  facet normal 0 0 1
    outer loop
      vertex -4.04497 1.59686 0.799999
      vertex -4.23804 2.37253 0.799999
      vertex -4.19507 1.55257 0.799999
    endloop
  endfacet
  facet normal -0 0 1
    outer loop
      vertex -4.41687 2.34212 0.799999
      vertex -4.19507 1.55257 0.799999
      vertex -4.23804 2.37253 0.799999
    endloop
  endfacet
  facet normal -0 0 1
    outer loop
      vertex -4.5865 2.29953 0.799999
      vertex -4.19507 1.55257 0.799999
      vertex -4.41687 2.34212 0.799999
    endloop
  endfacet
  facet normal 0 0 1
    outer loop
      vertex -4.19507 1.55257 0.799999
      vertex -4.5865 2.29953 0.799999
      vertex -4.3275 1.47871 0.799999
    endloop
  endfacet
  facet normal -0 0 1
    outer loop
      vertex -4.74693 2.24478 0.799999
      vertex -4.3275 1.47871 0.799999
      vertex -4.5865 2.29953 0.799999
    endloop
  endfacet
  facet normal -0 0 1
    outer loop
      vertex -4.89818 2.17787 0.799999
      vertex -4.3275 1.47871 0.799999
      vertex -4.74693 2.24478 0.799999
    endloop
  endfacet
  facet normal 0 0 1
    outer loop
      vertex -4.3275 1.47871 0.799999
      vertex -4.89818 2.17787 0.799999
      vertex -4.44228 1.37532 0.799999
    endloop
  endfacet
  facet normal -0 0 1
    outer loop
      vertex -5.04022 2.0988 0.799999
      vertex -4.44228 1.37532 0.799999
      vertex -4.89818 2.17787 0.799999
    endloop
  endfacet
  facet normal -0 0 1
    outer loop
      vertex -5.17307 2.00755 0.799999
      vertex -4.44228 1.37532 0.799999
      vertex -5.04022 2.0988 0.799999
    endloop
  endfacet
  facet normal 0 0 1
    outer loop
      vertex -4.44228 1.37532 0.799999
      vertex -5.17307 2.00755 0.799999
      vertex -4.5394 1.2424 0.799999
    endloop
  endfacet
  facet normal -0 0 1
    outer loop
      vertex -5.29672 1.90414 0.799999
      vertex -4.5394 1.2424 0.799999
      vertex -5.17307 2.00755 0.799999
    endloop
  endfacet
  facet normal -0 0 1
    outer loop
      vertex -5.41118 1.78857 0.799999
      vertex -4.5394 1.2424 0.799999
      vertex -5.29672 1.90414 0.799999
    endloop
  endfacet
  facet normal 0 0 1
    outer loop
      vertex -4.5394 1.2424 0.799999
      vertex -5.41118 1.78857 0.799999
      vertex -4.61885 1.07993 0.799999
    endloop
  endfacet
  facet normal 0 0 1
    outer loop
      vertex -3.04311 -0.569229 0.799999
      vertex -1.90994 -0.711441 0.799999
      vertex -1.89572 -0.622086 0.799999
    endloop
  endfacet
  facet normal 0 0 1
    outer loop
      vertex -1.90994 -0.711441 0.799999
      vertex -3.04311 -0.569229 0.799999
      vertex -1.92819 -0.798859 0.799999
    endloop
  endfacet
  facet normal 0 0 1
    outer loop
      vertex -1.92819 -0.798859 0.799999
      vertex -3.04311 -0.569229 0.799999
      vertex -1.95045 -0.884308 0.799999
    endloop
  endfacet
  facet normal -0 0 1
    outer loop
      vertex -3.05536 -0.64859 0.799999
      vertex -1.95045 -0.884308 0.799999
      vertex -3.04311 -0.569229 0.799999
    endloop
  endfacet
  facet normal -0 0 1
    outer loop
      vertex -3.07094 -0.723923 0.799999
      vertex -1.97676 -0.967804 0.799999
      vertex -3.05536 -0.64859 0.799999
    endloop
  endfacet
  facet normal 0 0 1
    outer loop
      vertex -1.97676 -0.967804 0.799999
      vertex -3.07094 -0.723923 0.799999
      vertex -2.0071 -1.04935 0.799999
    endloop
  endfacet
  facet normal 0 0 1
    outer loop
      vertex -2.0071 -1.04935 0.799999
      vertex -3.07094 -0.723923 0.799999
      vertex -2.04146 -1.12894 0.799999
    endloop
  endfacet
  facet normal -0 0 1
    outer loop
      vertex -3.08986 -0.795227 0.799999
      vertex -2.04146 -1.12894 0.799999
      vertex -3.07094 -0.723923 0.799999
    endloop
  endfacet
  facet normal 0 0 1
    outer loop
      vertex -2.07985 -1.20657 0.799999
      vertex -3.08986 -0.795227 0.799999
      vertex -2.12225 -1.28226 0.799999
    endloop
  endfacet
  facet normal -0 0 1
    outer loop
      vertex -3.11212 -0.862503 0.799999
      vertex -2.12225 -1.28226 0.799999
      vertex -3.08986 -0.795227 0.799999
    endloop
  endfacet
  facet normal 0 0 1
    outer loop
      vertex -2.12225 -1.28226 0.799999
      vertex -3.11212 -0.862503 0.799999
      vertex -2.1687 -1.35599 0.799999
    endloop
  endfacet
  facet normal -0 0 1
    outer loop
      vertex -3.13773 -0.925751 0.799999
      vertex -2.21918 -1.42776 0.799999
      vertex -3.11212 -0.862503 0.799999
    endloop
  endfacet
  facet normal 0 0 1
    outer loop
      vertex -2.21918 -1.42776 0.799999
      vertex -3.13773 -0.925751 0.799999
      vertex -2.27332 -1.49695 0.799999
    endloop
  endfacet
  facet normal -0 0 1
    outer loop
      vertex -3.16666 -0.98497 0.799999
      vertex -2.27332 -1.49695 0.799999
      vertex -3.13773 -0.925751 0.799999
    endloop
  endfacet
  facet normal 0 0 1
    outer loop
      vertex -2.33075 -1.56291 0.799999
      vertex -3.16666 -0.98497 0.799999
      vertex -2.39148 -1.62567 0.799999
    endloop
  endfacet
  facet normal -0 0 1
    outer loop
      vertex -3.19891 -1.04016 0.799999
      vertex -2.39148 -1.62567 0.799999
      vertex -3.16666 -0.98497 0.799999
    endloop
  endfacet
  facet normal 0 0 1
    outer loop
      vertex -2.39148 -1.62567 0.799999
      vertex -3.19891 -1.04016 0.799999
      vertex -2.45551 -1.68521 0.799999
    endloop
  endfacet
  facet normal -0 0 1
    outer loop
      vertex -3.23453 -1.09134 0.799999
      vertex -2.52283 -1.74153 0.799999
      vertex -3.19891 -1.04016 0.799999
    endloop
  endfacet
  facet normal 0 0 1
    outer loop
      vertex -2.52283 -1.74153 0.799999
      vertex -3.23453 -1.09134 0.799999
      vertex -2.59344 -1.79465 0.799999
    endloop
  endfacet
  facet normal -0 0 1
    outer loop
      vertex -3.27347 -1.13847 0.799999
      vertex -2.59344 -1.79465 0.799999
      vertex -3.23453 -1.09134 0.799999
    endloop
  endfacet
  facet normal 0 0 1
    outer loop
      vertex -1.95045 -0.884308 0.799999
      vertex -3.05536 -0.64859 0.799999
      vertex -1.97676 -0.967804 0.799999
    endloop
  endfacet
  facet normal 0 0 1
    outer loop
      vertex -2.04146 -1.12894 0.799999
      vertex -3.08986 -0.795227 0.799999
      vertex -2.07985 -1.20657 0.799999
    endloop
  endfacet
  facet normal 0 0 1
    outer loop
      vertex -2.1687 -1.35599 0.799999
      vertex -3.11212 -0.862503 0.799999
      vertex -2.21918 -1.42776 0.799999
    endloop
  endfacet
  facet normal 0 0 1
    outer loop
      vertex -2.27332 -1.49695 0.799999
      vertex -3.16666 -0.98497 0.799999
      vertex -2.33075 -1.56291 0.799999
    endloop
  endfacet
  facet normal 0 0 1
    outer loop
      vertex -2.45551 -1.68521 0.799999
      vertex -3.19891 -1.04016 0.799999
      vertex -2.52283 -1.74153 0.799999
    endloop
  endfacet
  facet normal 0 0 1
    outer loop
      vertex -2.59344 -1.79465 0.799999
      vertex -3.27347 -1.13847 0.799999
      vertex -2.66736 -1.84454 0.799999
    endloop
  endfacet
  facet normal 0 0 1
    outer loop
      vertex -2.66736 -1.84454 0.799999
      vertex -3.27347 -1.13847 0.799999
      vertex -2.74457 -1.89124 0.799999
    endloop
  endfacet
  facet normal -0 0 1
    outer loop
      vertex -3.31573 -1.18159 0.799999
      vertex -2.74457 -1.89124 0.799999
      vertex -3.27347 -1.13847 0.799999
    endloop
  endfacet
  facet normal 0 0 1
    outer loop
      vertex -2.74457 -1.89124 0.799999
      vertex -3.31573 -1.18159 0.799999
      vertex -2.82507 -1.93471 0.799999
    endloop
  endfacet
  facet normal -0 0 1
    outer loop
      vertex -3.36075 -1.22063 0.799999
      vertex -2.82507 -1.93471 0.799999
      vertex -3.31573 -1.18159 0.799999
    endloop
  endfacet
  facet normal 0 0 1
    outer loop
      vertex -2.82507 -1.93471 0.799999
      vertex -3.36075 -1.22063 0.799999
      vertex -2.90887 -1.97496 0.799999
    endloop
  endfacet
  facet normal 0 0 1
    outer loop
      vertex -2.90887 -1.97496 0.799999
      vertex -3.36075 -1.22063 0.799999
      vertex -2.99538 -2.01169 0.799999
    endloop
  endfacet
  facet normal -0 0 1
    outer loop
      vertex -3.40785 -1.25554 0.799999
      vertex -2.99538 -2.01169 0.799999
      vertex -3.36075 -1.22063 0.799999
    endloop
  endfacet
  facet normal 0 0 1
    outer loop
      vertex -2.99538 -2.01169 0.799999
      vertex -3.40785 -1.25554 0.799999
      vertex -3.08398 -2.04454 0.799999
    endloop
  endfacet
  facet normal -0 0 1
    outer loop
      vertex -3.45709 -1.28636 0.799999
      vertex -3.08398 -2.04454 0.799999
      vertex -3.40785 -1.25554 0.799999
    endloop
  endfacet
  facet normal 0 0 1
    outer loop
      vertex -3.08398 -2.04454 0.799999
      vertex -3.45709 -1.28636 0.799999
      vertex -3.17471 -2.07353 0.799999
    endloop
  endfacet
  facet normal -0 0 1
    outer loop
      vertex -3.50844 -1.31306 0.799999
      vertex -3.17471 -2.07353 0.799999
      vertex -3.45709 -1.28636 0.799999
    endloop
  endfacet
  facet normal 0 0 1
    outer loop
      vertex -3.17471 -2.07353 0.799999
      vertex -3.50844 -1.31306 0.799999
      vertex -3.26756 -2.09865 0.799999
    endloop
  endfacet
  facet normal -0 0 1
    outer loop
      vertex -3.5619 -1.33566 0.799999
      vertex -3.26756 -2.09865 0.799999
      vertex -3.50844 -1.31306 0.799999
    endloop
  endfacet
  facet normal 0 0 1
    outer loop
      vertex -3.26756 -2.09865 0.799999
      vertex -3.5619 -1.33566 0.799999
      vertex -3.36252 -2.11992 0.799999
    endloop
  endfacet
  facet normal -0 0 1
    outer loop
      vertex -3.61748 -1.35416 0.799999
      vertex -3.36252 -2.11992 0.799999
      vertex -3.5619 -1.33566 0.799999
    endloop
  endfacet
  facet normal 0 0 1
    outer loop
      vertex -3.36252 -2.11992 0.799999
      vertex -3.61748 -1.35416 0.799999
      vertex -3.45959 -2.1373 0.799999
    endloop
  endfacet
  facet normal -0 0 1
    outer loop
      vertex -3.67519 -1.36853 0.799999
      vertex -3.45959 -2.1373 0.799999
      vertex -3.61748 -1.35416 0.799999
    endloop
  endfacet
  facet normal 0 0 1
    outer loop
      vertex -3.45959 -2.1373 0.799999
      vertex -3.67519 -1.36853 0.799999
      vertex -3.55879 -2.15083 0.799999
    endloop
  endfacet
  facet normal -0 0 1
    outer loop
      vertex -3.73499 -1.37881 0.799999
      vertex -3.55879 -2.15083 0.799999
      vertex -3.67519 -1.36853 0.799999
    endloop
  endfacet
  facet normal 0 0 1
    outer loop
      vertex -3.55879 -2.15083 0.799999
      vertex -3.73499 -1.37881 0.799999
      vertex -3.6601 -2.16049 0.799999
    endloop
  endfacet
  facet normal -0 0 1
    outer loop
      vertex -3.79692 -1.38498 0.799999
      vertex -3.6601 -2.16049 0.799999
      vertex -3.73499 -1.37881 0.799999
    endloop
  endfacet
  facet normal 0 0 1
    outer loop
      vertex -3.6601 -2.16049 0.799999
      vertex -3.79692 -1.38498 0.799999
      vertex -3.76352 -2.16629 0.799999
    endloop
  endfacet
  facet normal -0 0 1
    outer loop
      vertex -3.86096 -1.38702 0.799999
      vertex -3.76352 -2.16629 0.799999
      vertex -3.79692 -1.38498 0.799999
    endloop
  endfacet
  facet normal 0 0 1
    outer loop
      vertex -3.86096 -1.38702 0.799999
      vertex -3.86906 -2.16823 0.799999
      vertex -3.76352 -2.16629 0.799999
    endloop
  endfacet
  facet normal 0 0 1
    outer loop
      vertex -4.06468 -2.16226 0.799999
      vertex -3.86096 -1.38702 0.799999
      vertex -4.0318 -1.37181 0.799999
    endloop
  endfacet
  facet normal 0 0 1
    outer loop
      vertex -3.86096 -1.38702 0.799999
      vertex -4.06468 -2.16226 0.799999
      vertex -3.86906 -2.16823 0.799999
    endloop
  endfacet
  facet normal 0 0 1
    outer loop
      vertex -4.25121 -2.14438 0.799999
      vertex -4.0318 -1.37181 0.799999
      vertex -4.18466 -1.32616 0.799999
    endloop
  endfacet
  facet normal 0 0 1
    outer loop
      vertex -4.0318 -1.37181 0.799999
      vertex -4.25121 -2.14438 0.799999
      vertex -4.06468 -2.16226 0.799999
    endloop
  endfacet
  facet normal 0 0 1
    outer loop
      vertex -4.59688 -2.07286 0.799999
      vertex -4.18466 -1.32616 0.799999
      vertex -4.31953 -1.25008 0.799999
    endloop
  endfacet
  facet normal 0 0 1
    outer loop
      vertex -4.18466 -1.32616 0.799999
      vertex -4.4286 -2.11458 0.799999
      vertex -4.25121 -2.14438 0.799999
    endloop
  endfacet
  facet normal 0 0 1
    outer loop
      vertex -4.90611 -1.95366 0.799999
      vertex -4.31953 -1.25008 0.799999
      vertex -4.43642 -1.14355 0.799999
    endloop
  endfacet
  facet normal 0 0 1
    outer loop
      vertex -5.17888 -1.78676 0.799999
      vertex -4.43642 -1.14355 0.799999
      vertex -4.53532 -1.00659 0.799999
    endloop
  endfacet
  facet normal 0 0 1
    outer loop
      vertex -4.18466 -1.32616 0.799999
      vertex -4.59688 -2.07286 0.799999
      vertex -4.4286 -2.11458 0.799999
    endloop
  endfacet
  facet normal 0 0 1
    outer loop
      vertex -5.5188 -1.44827 0.799999
      vertex -4.53532 -1.00659 0.799999
      vertex -4.61626 -0.839203 0.799999
    endloop
  endfacet
  facet normal 0 0 1
    outer loop
      vertex -5.69327 -1.17224 0.799999
      vertex -4.61626 -0.839203 0.799999
      vertex -4.6792 -0.641388 0.799999
    endloop
  endfacet
  facet normal 0 0 1
    outer loop
      vertex -5.82411 -0.858612 0.799999
      vertex -4.6792 -0.641388 0.799999
      vertex -4.72415 -0.413132 0.799999
    endloop
  endfacet
  facet normal 0 0 1
    outer loop
      vertex -5.91135 -0.507385 0.799999
      vertex -4.72415 -0.413132 0.799999
      vertex -4.75113 -0.154434 0.799999
    endloop
  endfacet
  facet normal 0 0 1
    outer loop
      vertex -4.31953 -1.25008 0.799999
      vertex -4.75606 -2.01921 0.799999
      vertex -4.59688 -2.07286 0.799999
    endloop
  endfacet
  facet normal -0 0 1
    outer loop
      vertex -5.95497 -0.118576 0.799999
      vertex -4.75113 -0.154434 0.799999
      vertex -4.76012 0.134674 0.799999
    endloop
  endfacet
  facet normal -0 0 1
    outer loop
      vertex -5.51553 1.66209 0.799999
      vertex -4.61885 1.07993 0.799999
      vertex -5.41118 1.78857 0.799999
    endloop
  endfacet
  facet normal 0 0 1
    outer loop
      vertex -5.96042 0.08992 0.799999
      vertex -4.76012 0.134674 0.799999
      vertex -5.95493 0.303177 0.799999
    endloop
  endfacet
  facet normal -0 0 1
    outer loop
      vertex -5.6089 1.52599 0.799999
      vertex -4.61885 1.07993 0.799999
      vertex -5.51553 1.66209 0.799999
    endloop
  endfacet
  facet normal 0 -0 1
    outer loop
      vertex -5.95497 -0.118576 0.799999
      vertex -4.76012 0.134674 0.799999
      vertex -5.96042 0.08992 0.799999
    endloop
  endfacet
  facet normal -0 0 1
    outer loop
      vertex -5.6913 1.38022 0.799999
      vertex -4.61885 1.07993 0.799999
      vertex -5.6089 1.52599 0.799999
    endloop
  endfacet
  facet normal 0 0 1
    outer loop
      vertex -4.75113 -0.154434 0.799999
      vertex -5.95497 -0.118576 0.799999
      vertex -5.93861 -0.317673 0.799999
    endloop
  endfacet
  facet normal 0 0 1
    outer loop
      vertex -4.61885 1.07993 0.799999
      vertex -5.6913 1.38022 0.799999
      vertex -4.68066 0.887924 0.799999
    endloop
  endfacet
  facet normal 0 0 1
    outer loop
      vertex -4.75113 -0.154434 0.799999
      vertex -5.93861 -0.317673 0.799999
      vertex -5.91135 -0.507385 0.799999
    endloop
  endfacet
  facet normal -0 0 1
    outer loop
      vertex -5.7627 1.22482 0.799999
      vertex -4.68066 0.887924 0.799999
      vertex -5.6913 1.38022 0.799999
    endloop
  endfacet
  facet normal 0 0 1
    outer loop
      vertex -4.72415 -0.413132 0.799999
      vertex -5.91135 -0.507385 0.799999
      vertex -5.87318 -0.687698 0.799999
    endloop
  endfacet
  facet normal -0 0 1
    outer loop
      vertex -5.8231 1.05977 0.799999
      vertex -4.68066 0.887924 0.799999
      vertex -5.7627 1.22482 0.799999
    endloop
  endfacet
  facet normal 0 0 1
    outer loop
      vertex -4.72415 -0.413132 0.799999
      vertex -5.87318 -0.687698 0.799999
      vertex -5.82411 -0.858612 0.799999
    endloop
  endfacet
  facet normal 0 0 1
    outer loop
      vertex -4.68066 0.887924 0.799999
      vertex -5.8231 1.05977 0.799999
      vertex -4.72481 0.666382 0.799999
    endloop
  endfacet
  facet normal 0 0 1
    outer loop
      vertex -4.6792 -0.641388 0.799999
      vertex -5.82411 -0.858612 0.799999
      vertex -5.76414 -1.02013 0.799999
    endloop
  endfacet
  facet normal -0 0 1
    outer loop
      vertex -5.87254 0.885086 0.799999
      vertex -4.72481 0.666382 0.799999
      vertex -5.8231 1.05977 0.799999
    endloop
  endfacet
  facet normal 0 0 1
    outer loop
      vertex -4.31953 -1.25008 0.799999
      vertex -4.90611 -1.95366 0.799999
      vertex -4.75606 -2.01921 0.799999
    endloop
  endfacet
  facet normal -0 0 1
    outer loop
      vertex -5.911 0.70076 0.799999
      vertex -4.72481 0.666382 0.799999
      vertex -5.87254 0.885086 0.799999
    endloop
  endfacet
  facet normal 0 0 1
    outer loop
      vertex -4.43642 -1.14355 0.799999
      vertex -5.04706 -1.87617 0.799999
      vertex -4.90611 -1.95366 0.799999
    endloop
  endfacet
  facet normal 0 0 1
    outer loop
      vertex -4.72481 0.666382 0.799999
      vertex -5.911 0.70076 0.799999
      vertex -4.7513 0.415298 0.799999
    endloop
  endfacet
  facet normal 0 0 1
    outer loop
      vertex -4.43642 -1.14355 0.799999
      vertex -5.17888 -1.78676 0.799999
      vertex -5.04706 -1.87617 0.799999
    endloop
  endfacet
  facet normal -0 0 1
    outer loop
      vertex -5.93845 0.50679 0.799999
      vertex -4.7513 0.415298 0.799999
      vertex -5.911 0.70076 0.799999
    endloop
  endfacet
  facet normal 0 0 1
    outer loop
      vertex -4.7513 0.415298 0.799999
      vertex -5.95493 0.303177 0.799999
      vertex -4.76012 0.134674 0.799999
    endloop
  endfacet
  facet normal 0 0 1
    outer loop
      vertex -5.95493 0.303177 0.799999
      vertex -4.7513 0.415298 0.799999
      vertex -5.93845 0.50679 0.799999
    endloop
  endfacet
  facet normal 0 0 1
    outer loop
      vertex -4.53532 -1.00659 0.799999
      vertex -5.30161 -1.68544 0.799999
      vertex -5.17888 -1.78676 0.799999
    endloop
  endfacet
  facet normal 0 0 1
    outer loop
      vertex -4.53532 -1.00659 0.799999
      vertex -5.41521 -1.57219 0.799999
      vertex -5.30161 -1.68544 0.799999
    endloop
  endfacet
  facet normal 0 0 1
    outer loop
      vertex -4.53532 -1.00659 0.799999
      vertex -5.5188 -1.44827 0.799999
      vertex -5.41521 -1.57219 0.799999
    endloop
  endfacet
  facet normal 0 0 1
    outer loop
      vertex -4.6792 -0.641388 0.799999
      vertex -5.76414 -1.02013 0.799999
      vertex -5.69327 -1.17224 0.799999
    endloop
  endfacet
  facet normal 0 0 1
    outer loop
      vertex -4.61626 -0.839203 0.799999
      vertex -5.61148 -1.31496 0.799999
      vertex -5.5188 -1.44827 0.799999
    endloop
  endfacet
  facet normal 0 0 1
    outer loop
      vertex -4.61626 -0.839203 0.799999
      vertex -5.69327 -1.17224 0.799999
      vertex -5.61148 -1.31496 0.799999
    endloop
  endfacet
  facet normal 0 0 1
    outer loop
      vertex -27.0484 -4.33557 0.799999
      vertex -29.9351 -9.49812 0.799999
      vertex -26.8086 -4.49463 0.799999
    endloop
  endfacet
  facet normal 0 0 1
    outer loop
      vertex -30.4418 -9.16202 0.799999
      vertex -27.0484 -4.33557 0.799999
      vertex -27.2792 -4.16376 0.799999
    endloop
  endfacet
  facet normal 0 0 1
    outer loop
      vertex -30.9296 -8.79889 0.799999
      vertex -27.2792 -4.16376 0.799999
      vertex -27.5003 -3.97964 0.799999
    endloop
  endfacet
  facet normal 0 0 1
    outer loop
      vertex -31.3969 -8.40984 0.799999
      vertex -27.5003 -3.97964 0.799999
      vertex -27.7112 -3.78381 0.799999
    endloop
  endfacet
  facet normal 0 0 1
    outer loop
      vertex -31.8424 -7.996 0.799999
      vertex -27.7112 -3.78381 0.799999
      vertex -27.911 -3.57683 0.799999
    endloop
  endfacet
  facet normal 0 0 1
    outer loop
      vertex -32.2648 -7.55858 0.799999
      vertex -27.911 -3.57683 0.799999
      vertex -28.0994 -3.3593 0.799999
    endloop
  endfacet
  facet normal 0 0 1
    outer loop
      vertex -32.6629 -7.09889 0.799999
      vertex -28.0994 -3.3593 0.799999
      vertex -28.2757 -3.13185 0.799999
    endloop
  endfacet
  facet normal 0 0 1
    outer loop
      vertex -33.0354 -6.61827 0.799999
      vertex -28.2757 -3.13185 0.799999
      vertex -28.4393 -2.89519 0.799999
    endloop
  endfacet
  facet normal 0 0 1
    outer loop
      vertex -33.3813 -6.11815 0.799999
      vertex -28.4393 -2.89519 0.799999
      vertex -28.5899 -2.64999 0.799999
    endloop
  endfacet
  facet normal 0 0 1
    outer loop
      vertex -33.6995 -5.59999 0.799999
      vertex -28.5899 -2.64999 0.799999
      vertex -28.727 -2.39697 0.799999
    endloop
  endfacet
  facet normal 0 0 1
    outer loop
      vertex -33.9891 -5.06532 0.799999
      vertex -28.727 -2.39697 0.799999
      vertex -28.8501 -2.1369 0.799999
    endloop
  endfacet
  facet normal 0 0 1
    outer loop
      vertex -34.2493 -4.51573 0.799999
      vertex -28.8501 -2.1369 0.799999
      vertex -28.9589 -1.87051 0.799999
    endloop
  endfacet
  facet normal 0 0 1
    outer loop
      vertex -34.4793 -3.95282 0.799999
      vertex -28.9589 -1.87051 0.799999
      vertex -29.0531 -1.59863 0.799999
    endloop
  endfacet
  facet normal 0 0 1
    outer loop
      vertex -34.6783 -3.37827 0.799999
      vertex -29.0531 -1.59863 0.799999
      vertex -29.1325 -1.32204 0.799999
    endloop
  endfacet
  facet normal 0 0 1
    outer loop
      vertex -34.8459 -2.79373 0.799999
      vertex -29.1325 -1.32204 0.799999
      vertex -29.1966 -1.04153 0.799999
    endloop
  endfacet
  facet normal 0 0 1
    outer loop
      vertex -34.9816 -2.20099 0.799999
      vertex -29.1966 -1.04153 0.799999
      vertex -29.2455 -0.757965 0.799999
    endloop
  endfacet
  facet normal 0 0 1
    outer loop
      vertex -35.0849 -1.60175 0.799999
      vertex -29.2455 -0.757965 0.799999
      vertex -29.2789 -0.472168 0.799999
    endloop
  endfacet
  facet normal 0 0 1
    outer loop
      vertex -35.1555 -0.997772 0.799999
      vertex -29.2789 -0.472168 0.799999
      vertex -29.2968 -0.184967 0.799999
    endloop
  endfacet
  facet normal 0 0 1
    outer loop
      vertex -27.0484 -4.33557 0.799999
      vertex -30.4418 -9.16202 0.799999
      vertex -29.9351 -9.49812 0.799999
    endloop
  endfacet
  facet normal 0 0 1
    outer loop
      vertex -27.2792 -4.16376 0.799999
      vertex -30.9296 -8.79889 0.799999
      vertex -30.4418 -9.16202 0.799999
    endloop
  endfacet
  facet normal 0 0 1
    outer loop
      vertex -27.5003 -3.97964 0.799999
      vertex -31.3969 -8.40984 0.799999
      vertex -30.9296 -8.79889 0.799999
    endloop
  endfacet
  facet normal 0 0 1
    outer loop
      vertex -27.7112 -3.78381 0.799999
      vertex -31.8424 -7.996 0.799999
      vertex -31.3969 -8.40984 0.799999
    endloop
  endfacet
  facet normal 0 0 1
    outer loop
      vertex -27.911 -3.57683 0.799999
      vertex -32.2648 -7.55858 0.799999
      vertex -31.8424 -7.996 0.799999
    endloop
  endfacet
  facet normal 0 0 1
    outer loop
      vertex -28.0994 -3.3593 0.799999
      vertex -32.6629 -7.09889 0.799999
      vertex -32.2648 -7.55858 0.799999
    endloop
  endfacet
  facet normal 0 0 1
    outer loop
      vertex -28.2757 -3.13185 0.799999
      vertex -33.0354 -6.61827 0.799999
      vertex -32.6629 -7.09889 0.799999
    endloop
  endfacet
  facet normal 0 0 1
    outer loop
      vertex -28.4393 -2.89519 0.799999
      vertex -33.3813 -6.11815 0.799999
      vertex -33.0354 -6.61827 0.799999
    endloop
  endfacet
  facet normal 0 0 1
    outer loop
      vertex -28.5899 -2.64999 0.799999
      vertex -33.6995 -5.59999 0.799999
      vertex -33.3813 -6.11815 0.799999
    endloop
  endfacet
  facet normal 0 0 1
    outer loop
      vertex -28.727 -2.39697 0.799999
      vertex -33.9891 -5.06532 0.799999
      vertex -33.6995 -5.59999 0.799999
    endloop
  endfacet
  facet normal 0 0 1
    outer loop
      vertex -28.8501 -2.1369 0.799999
      vertex -34.2493 -4.51573 0.799999
      vertex -33.9891 -5.06532 0.799999
    endloop
  endfacet
  facet normal 0 0 1
    outer loop
      vertex -28.9589 -1.87051 0.799999
      vertex -34.4793 -3.95282 0.799999
      vertex -34.2493 -4.51573 0.799999
    endloop
  endfacet
  facet normal 0 0 1
    outer loop
      vertex -29.0531 -1.59863 0.799999
      vertex -34.6783 -3.37827 0.799999
      vertex -34.4793 -3.95282 0.799999
    endloop
  endfacet
  facet normal 0 0 1
    outer loop
      vertex -29.1325 -1.32204 0.799999
      vertex -34.8459 -2.79373 0.799999
      vertex -34.6783 -3.37827 0.799999
    endloop
  endfacet
  facet normal 0 0 1
    outer loop
      vertex -29.1966 -1.04153 0.799999
      vertex -34.9816 -2.20099 0.799999
      vertex -34.8459 -2.79373 0.799999
    endloop
  endfacet
  facet normal 0 0 1
    outer loop
      vertex -29.2455 -0.757965 0.799999
      vertex -35.0849 -1.60175 0.799999
      vertex -34.9816 -2.20099 0.799999
    endloop
  endfacet
  facet normal 0 0 1
    outer loop
      vertex -29.2789 -0.472168 0.799999
      vertex -35.1555 -0.997772 0.799999
      vertex -35.0849 -1.60175 0.799999
    endloop
  endfacet
  facet normal 0 -0 1
    outer loop
      vertex -35.1555 -0.997772 0.799999
      vertex -29.2968 -0.184967 0.799999
      vertex -35.1932 -0.390869 0.799999
    endloop
  endfacet
  facet normal -0 0 1
    outer loop
      vertex -18.7211 -0.472168 0.799999
      vertex -12.8445 -0.997772 0.799999
      vertex -12.8068 -0.390869 0.799999
    endloop
  endfacet
  facet normal 0 0 1
    outer loop
      vertex -12.8445 -0.997772 0.799999
      vertex -18.7211 -0.472168 0.799999
      vertex -12.9151 -1.60175 0.799999
    endloop
  endfacet
  facet normal 0 0 1
    outer loop
      vertex -12.9151 -1.60175 0.799999
      vertex -18.7545 -0.757965 0.799999
      vertex -13.0184 -2.20099 0.799999
    endloop
  endfacet
  facet normal -0 0 1
    outer loop
      vertex -18.8034 -1.04153 0.799999
      vertex -13.0184 -2.20099 0.799999
      vertex -18.7545 -0.757965 0.799999
    endloop
  endfacet
  facet normal -0 0 1
    outer loop
      vertex -18.8675 -1.32204 0.799999
      vertex -13.1541 -2.79373 0.799999
      vertex -18.8034 -1.04153 0.799999
    endloop
  endfacet
  facet normal 0 0 1
    outer loop
      vertex -13.1541 -2.79373 0.799999
      vertex -18.8675 -1.32204 0.799999
      vertex -13.3217 -3.37827 0.799999
    endloop
  endfacet
  facet normal 0 0 1
    outer loop
      vertex -13.3217 -3.37827 0.799999
      vertex -18.9469 -1.59863 0.799999
      vertex -13.5207 -3.95282 0.799999
    endloop
  endfacet
  facet normal -0 0 1
    outer loop
      vertex -19.0411 -1.87051 0.799999
      vertex -13.5207 -3.95282 0.799999
      vertex -18.9469 -1.59863 0.799999
    endloop
  endfacet
  facet normal -0 0 1
    outer loop
      vertex -19.1499 -2.1369 0.799999
      vertex -13.7507 -4.51573 0.799999
      vertex -19.0411 -1.87051 0.799999
    endloop
  endfacet
  facet normal 0 0 1
    outer loop
      vertex -13.7507 -4.51573 0.799999
      vertex -19.1499 -2.1369 0.799999
      vertex -14.0109 -5.06532 0.799999
    endloop
  endfacet
  facet normal 0 0 1
    outer loop
      vertex -14.0109 -5.06532 0.799999
      vertex -19.273 -2.39697 0.799999
      vertex -14.3005 -5.59999 0.799999
    endloop
  endfacet
  facet normal -0 0 1
    outer loop
      vertex -19.4101 -2.64999 0.799999
      vertex -14.3005 -5.59999 0.799999
      vertex -19.273 -2.39697 0.799999
    endloop
  endfacet
  facet normal -0 0 1
    outer loop
      vertex -19.5607 -2.89519 0.799999
      vertex -14.6187 -6.11815 0.799999
      vertex -19.4101 -2.64999 0.799999
    endloop
  endfacet
  facet normal 0 0 1
    outer loop
      vertex -14.6187 -6.11815 0.799999
      vertex -19.5607 -2.89519 0.799999
      vertex -14.9646 -6.61827 0.799999
    endloop
  endfacet
  facet normal 0 0 1
    outer loop
      vertex -14.9646 -6.61827 0.799999
      vertex -19.7243 -3.13185 0.799999
      vertex -15.3371 -7.09889 0.799999
    endloop
  endfacet
  facet normal -0 0 1
    outer loop
      vertex -19.9006 -3.3593 0.799999
      vertex -15.3371 -7.09889 0.799999
      vertex -19.7243 -3.13185 0.799999
    endloop
  endfacet
  facet normal -0 0 1
    outer loop
      vertex -20.089 -3.57683 0.799999
      vertex -15.7352 -7.55858 0.799999
      vertex -19.9006 -3.3593 0.799999
    endloop
  endfacet
  facet normal 0 0 1
    outer loop
      vertex -18.7211 -0.472168 0.799999
      vertex -12.8068 -0.390869 0.799999
      vertex -18.7032 -0.184967 0.799999
    endloop
  endfacet
  facet normal 0 0 1
    outer loop
      vertex -12.9151 -1.60175 0.799999
      vertex -18.7211 -0.472168 0.799999
      vertex -18.7545 -0.757965 0.799999
    endloop
  endfacet
  facet normal 0 0 1
    outer loop
      vertex -13.0184 -2.20099 0.799999
      vertex -18.8034 -1.04153 0.799999
      vertex -13.1541 -2.79373 0.799999
    endloop
  endfacet
  facet normal -0 0 1
    outer loop
      vertex -18.9469 -1.59863 0.799999
      vertex -13.3217 -3.37827 0.799999
      vertex -18.8675 -1.32204 0.799999
    endloop
  endfacet
  facet normal 0 0 1
    outer loop
      vertex -13.5207 -3.95282 0.799999
      vertex -19.0411 -1.87051 0.799999
      vertex -13.7507 -4.51573 0.799999
    endloop
  endfacet
  facet normal -0 0 1
    outer loop
      vertex -19.273 -2.39697 0.799999
      vertex -14.0109 -5.06532 0.799999
      vertex -19.1499 -2.1369 0.799999
    endloop
  endfacet
  facet normal 0 0 1
    outer loop
      vertex -14.3005 -5.59999 0.799999
      vertex -19.4101 -2.64999 0.799999
      vertex -14.6187 -6.11815 0.799999
    endloop
  endfacet
  facet normal -0 0 1
    outer loop
      vertex -19.7243 -3.13185 0.799999
      vertex -14.9646 -6.61827 0.799999
      vertex -19.5607 -2.89519 0.799999
    endloop
  endfacet
  facet normal 0 0 1
    outer loop
      vertex -15.3371 -7.09889 0.799999
      vertex -19.9006 -3.3593 0.799999
      vertex -15.7352 -7.55858 0.799999
    endloop
  endfacet
  facet normal 0 0 1
    outer loop
      vertex -15.7352 -7.55858 0.799999
      vertex -20.089 -3.57683 0.799999
      vertex -16.1576 -7.996 0.799999
    endloop
  endfacet
  facet normal -0 0 1
    outer loop
      vertex -20.2888 -3.78381 0.799999
      vertex -16.1576 -7.996 0.799999
      vertex -20.089 -3.57683 0.799999
    endloop
  endfacet
  facet normal 0 0 1
    outer loop
      vertex -16.1576 -7.996 0.799999
      vertex -20.2888 -3.78381 0.799999
      vertex -16.6031 -8.40984 0.799999
    endloop
  endfacet
  facet normal -0 0 1
    outer loop
      vertex -20.4997 -3.97964 0.799999
      vertex -16.6031 -8.40984 0.799999
      vertex -20.2888 -3.78381 0.799999
    endloop
  endfacet
  facet normal 0 0 1
    outer loop
      vertex -16.6031 -8.40984 0.799999
      vertex -20.4997 -3.97964 0.799999
      vertex -17.0704 -8.79889 0.799999
    endloop
  endfacet
  facet normal -0 0 1
    outer loop
      vertex -20.7208 -4.16376 0.799999
      vertex -17.0704 -8.79889 0.799999
      vertex -20.4997 -3.97964 0.799999
    endloop
  endfacet
  facet normal 0 0 1
    outer loop
      vertex -17.0704 -8.79889 0.799999
      vertex -20.7208 -4.16376 0.799999
      vertex -17.5582 -9.16202 0.799999
    endloop
  endfacet
  facet normal -0 0 1
    outer loop
      vertex -20.9516 -4.33557 0.799999
      vertex -17.5582 -9.16202 0.799999
      vertex -20.7208 -4.16376 0.799999
    endloop
  endfacet
  facet normal 0 0 1
    outer loop
      vertex -17.5582 -9.16202 0.799999
      vertex -20.9516 -4.33557 0.799999
      vertex -18.0649 -9.49812 0.799999
    endloop
  endfacet
  facet normal 0 0 1
    outer loop
      vertex -18.0649 -9.49812 0.799999
      vertex -20.9516 -4.33557 0.799999
      vertex -21.1914 -4.49463 0.799999
    endloop
  endfacet
  facet normal -0.445292 -0.895385 0
    outer loop
      vertex -19.2864 10.1598 0.799999
      vertex -18.7419 9.88901 1.2
      vertex -19.2864 10.1598 1.2
    endloop
  endfacet
  facet normal -0.445292 -0.895385 -0
    outer loop
      vertex -18.7419 9.88901 1.2
      vertex -19.2864 10.1598 0.799999
      vertex -18.7419 9.88901 0.799999
    endloop
  endfacet
  facet normal -0.396181 -0.918173 0
    outer loop
      vertex -19.8447 10.4007 0.799999
      vertex -19.2864 10.1598 1.2
      vertex -19.8447 10.4007 1.2
    endloop
  endfacet
  facet normal -0.396181 -0.918173 -0
    outer loop
      vertex -19.2864 10.1598 1.2
      vertex -19.8447 10.4007 0.799999
      vertex -19.2864 10.1598 0.799999
    endloop
  endfacet
  facet normal -0.34553 -0.938408 0
    outer loop
      vertex -20.4153 10.6108 0.799999
      vertex -19.8447 10.4007 1.2
      vertex -20.4153 10.6108 1.2
    endloop
  endfacet
  facet normal -0.34553 -0.938408 -0
    outer loop
      vertex -19.8447 10.4007 1.2
      vertex -20.4153 10.6108 0.799999
      vertex -19.8447 10.4007 0.799999
    endloop
  endfacet
  facet normal -0.29419 -0.955747 0
    outer loop
      vertex -20.9965 10.7897 0.799999
      vertex -20.4153 10.6108 1.2
      vertex -20.9965 10.7897 1.2
    endloop
  endfacet
  facet normal -0.29419 -0.955747 -0
    outer loop
      vertex -20.4153 10.6108 1.2
      vertex -20.9965 10.7897 0.799999
      vertex -20.4153 10.6108 0.799999
    endloop
  endfacet
  facet normal -0.242071 -0.970258 0
    outer loop
      vertex -21.5865 10.9369 0.799999
      vertex -20.9965 10.7897 1.2
      vertex -21.5865 10.9369 1.2
    endloop
  endfacet
  facet normal -0.242071 -0.970258 -0
    outer loop
      vertex -20.9965 10.7897 1.2
      vertex -21.5865 10.9369 0.799999
      vertex -20.9965 10.7897 0.799999
    endloop
  endfacet
  facet normal -0.188805 -0.982015 0
    outer loop
      vertex -22.1836 11.0517 0.799999
      vertex -21.5865 10.9369 1.2
      vertex -22.1836 11.0517 1.2
    endloop
  endfacet
  facet normal -0.188805 -0.982015 -0
    outer loop
      vertex -21.5865 10.9369 1.2
      vertex -22.1836 11.0517 0.799999
      vertex -21.5865 10.9369 0.799999
    endloop
  endfacet
  facet normal -0.135341 -0.990799 0
    outer loop
      vertex -22.7861 11.134 0.799999
      vertex -22.1836 11.0517 1.2
      vertex -22.7861 11.134 1.2
    endloop
  endfacet
  facet normal -0.135341 -0.990799 -0
    outer loop
      vertex -22.1836 11.0517 1.2
      vertex -22.7861 11.134 0.799999
      vertex -22.1836 11.0517 0.799999
    endloop
  endfacet
  facet normal -0.0813987 -0.996682 0
    outer loop
      vertex -23.3922 11.1835 0.799999
      vertex -22.7861 11.134 1.2
      vertex -23.3922 11.1835 1.2
    endloop
  endfacet
  facet normal -0.0813987 -0.996682 -0
    outer loop
      vertex -22.7861 11.134 1.2
      vertex -23.3922 11.1835 0.799999
      vertex -22.7861 11.134 0.799999
    endloop
  endfacet
  facet normal -0.0271371 -0.999632 0
    outer loop
      vertex -24 11.2 0.799999
      vertex -23.3922 11.1835 1.2
      vertex -24 11.2 1.2
    endloop
  endfacet
  facet normal -0.0271371 -0.999632 -0
    outer loop
      vertex -23.3922 11.1835 1.2
      vertex -24 11.2 0.799999
      vertex -23.3922 11.1835 0.799999
    endloop
  endfacet
  facet normal 0.0271371 -0.999632 0
    outer loop
      vertex -24.6078 11.1835 0.799999
      vertex -24 11.2 1.2
      vertex -24.6078 11.1835 1.2
    endloop
  endfacet
  facet normal 0.0271371 -0.999632 0
    outer loop
      vertex -24 11.2 1.2
      vertex -24.6078 11.1835 0.799999
      vertex -24 11.2 0.799999
    endloop
  endfacet
  facet normal 0.0813987 -0.996682 0
    outer loop
      vertex -25.2139 11.134 0.799999
      vertex -24.6078 11.1835 1.2
      vertex -25.2139 11.134 1.2
    endloop
  endfacet
  facet normal 0.0813987 -0.996682 0
    outer loop
      vertex -24.6078 11.1835 1.2
      vertex -25.2139 11.134 0.799999
      vertex -24.6078 11.1835 0.799999
    endloop
  endfacet
  facet normal 0.135341 -0.990799 0
    outer loop
      vertex -25.8164 11.0517 0.799999
      vertex -25.2139 11.134 1.2
      vertex -25.8164 11.0517 1.2
    endloop
  endfacet
  facet normal 0.135341 -0.990799 0
    outer loop
      vertex -25.2139 11.134 1.2
      vertex -25.8164 11.0517 0.799999
      vertex -25.2139 11.134 0.799999
    endloop
  endfacet
  facet normal 0.188805 -0.982015 0
    outer loop
      vertex -26.4135 10.9369 0.799999
      vertex -25.8164 11.0517 1.2
      vertex -26.4135 10.9369 1.2
    endloop
  endfacet
  facet normal 0.188805 -0.982015 0
    outer loop
      vertex -25.8164 11.0517 1.2
      vertex -26.4135 10.9369 0.799999
      vertex -25.8164 11.0517 0.799999
    endloop
  endfacet
  facet normal 0.242071 -0.970258 0
    outer loop
      vertex -27.0035 10.7897 0.799999
      vertex -26.4135 10.9369 1.2
      vertex -27.0035 10.7897 1.2
    endloop
  endfacet
  facet normal 0.242071 -0.970258 0
    outer loop
      vertex -26.4135 10.9369 1.2
      vertex -27.0035 10.7897 0.799999
      vertex -26.4135 10.9369 0.799999
    endloop
  endfacet
  facet normal 0.29419 -0.955747 0
    outer loop
      vertex -27.5847 10.6108 0.799999
      vertex -27.0035 10.7897 1.2
      vertex -27.5847 10.6108 1.2
    endloop
  endfacet
  facet normal 0.29419 -0.955747 0
    outer loop
      vertex -27.0035 10.7897 1.2
      vertex -27.5847 10.6108 0.799999
      vertex -27.0035 10.7897 0.799999
    endloop
  endfacet
  facet normal 0.34553 -0.938408 0
    outer loop
      vertex -28.1553 10.4007 0.799999
      vertex -27.5847 10.6108 1.2
      vertex -28.1553 10.4007 1.2
    endloop
  endfacet
  facet normal 0.34553 -0.938408 0
    outer loop
      vertex -27.5847 10.6108 1.2
      vertex -28.1553 10.4007 0.799999
      vertex -27.5847 10.6108 0.799999
    endloop
  endfacet
  facet normal 0.396181 -0.918173 0
    outer loop
      vertex -28.7136 10.1598 0.799999
      vertex -28.1553 10.4007 1.2
      vertex -28.7136 10.1598 1.2
    endloop
  endfacet
  facet normal 0.396181 -0.918173 0
    outer loop
      vertex -28.1553 10.4007 1.2
      vertex -28.7136 10.1598 0.799999
      vertex -28.1553 10.4007 0.799999
    endloop
  endfacet
  facet normal 0.445292 -0.895385 0
    outer loop
      vertex -29.2581 9.88901 0.799999
      vertex -28.7136 10.1598 1.2
      vertex -29.2581 9.88901 1.2
    endloop
  endfacet
  facet normal 0.445292 -0.895385 0
    outer loop
      vertex -28.7136 10.1598 1.2
      vertex -29.2581 9.88901 0.799999
      vertex -28.7136 10.1598 0.799999
    endloop
  endfacet
  facet normal 0.882947 0.469473 0
    outer loop
      vertex -26.4882 4.67961 1.2
      vertex -29.2581 9.88901 0.799999
      vertex -29.2581 9.88901 1.2
    endloop
  endfacet
  facet normal 0.882947 0.469473 0
    outer loop
      vertex -29.2581 9.88901 0.799999
      vertex -26.4882 4.67961 1.2
      vertex -26.4882 4.67961 0.799999
    endloop
  endfacet
  facet normal -0.445239 0.895412 0
    outer loop
      vertex -26.2305 4.80775 0.799999
      vertex -26.4882 4.67961 1.2
      vertex -26.2305 4.80775 1.2
    endloop
  endfacet
  facet normal -0.445239 0.895412 0
    outer loop
      vertex -26.4882 4.67961 1.2
      vertex -26.2305 4.80775 0.799999
      vertex -26.4882 4.67961 0.799999
    endloop
  endfacet
  facet normal -0.396154 0.918184 0
    outer loop
      vertex -25.9663 4.92174 0.799999
      vertex -26.2305 4.80775 1.2
      vertex -25.9663 4.92174 1.2
    endloop
  endfacet
  facet normal -0.396154 0.918184 0
    outer loop
      vertex -26.2305 4.80775 1.2
      vertex -25.9663 4.92174 0.799999
      vertex -26.2305 4.80775 0.799999
    endloop
  endfacet
  facet normal -0.345633 0.93837 0
    outer loop
      vertex -25.6963 5.02119 0.799999
      vertex -25.9663 4.92174 1.2
      vertex -25.6963 5.02119 1.2
    endloop
  endfacet
  facet normal -0.345633 0.93837 0
    outer loop
      vertex -25.9663 4.92174 1.2
      vertex -25.6963 5.02119 0.799999
      vertex -25.9663 4.92174 0.799999
    endloop
  endfacet
  facet normal -0.294291 0.955716 0
    outer loop
      vertex -25.4213 5.10587 0.799999
      vertex -25.6963 5.02119 1.2
      vertex -25.4213 5.10587 1.2
    endloop
  endfacet
  facet normal -0.294291 0.955716 0
    outer loop
      vertex -25.6963 5.02119 1.2
      vertex -25.4213 5.10587 0.799999
      vertex -25.6963 5.02119 0.799999
    endloop
  endfacet
  facet normal -0.241914 0.970298 0
    outer loop
      vertex -25.1421 5.17548 0.799999
      vertex -25.4213 5.10587 1.2
      vertex -25.1421 5.17548 1.2
    endloop
  endfacet
  facet normal -0.241914 0.970298 0
    outer loop
      vertex -25.4213 5.10587 1.2
      vertex -25.1421 5.17548 0.799999
      vertex -25.4213 5.10587 0.799999
    endloop
  endfacet
  facet normal -0.18886 0.982004 0
    outer loop
      vertex -24.8595 5.22983 0.799999
      vertex -25.1421 5.17548 1.2
      vertex -24.8595 5.22983 1.2
    endloop
  endfacet
  facet normal -0.18886 0.982004 0
    outer loop
      vertex -25.1421 5.17548 1.2
      vertex -24.8595 5.22983 0.799999
      vertex -25.1421 5.17548 0.799999
    endloop
  endfacet
  facet normal -0.135327 0.990801 0
    outer loop
      vertex -24.5744 5.26877 0.799999
      vertex -24.8595 5.22983 1.2
      vertex -24.5744 5.26877 1.2
    endloop
  endfacet
  facet normal -0.135327 0.990801 0
    outer loop
      vertex -24.8595 5.22983 1.2
      vertex -24.5744 5.26877 0.799999
      vertex -24.8595 5.22983 0.799999
    endloop
  endfacet
  facet normal -0.0813543 0.996685 0
    outer loop
      vertex -24.2876 5.29218 0.799999
      vertex -24.5744 5.26877 1.2
      vertex -24.2876 5.29218 1.2
    endloop
  endfacet
  facet normal -0.0813543 0.996685 0
    outer loop
      vertex -24.5744 5.26877 1.2
      vertex -24.2876 5.29218 0.799999
      vertex -24.5744 5.26877 0.799999
    endloop
  endfacet
  facet normal -0.0271458 0.999631 0
    outer loop
      vertex -24 5.29999 0.799999
      vertex -24.2876 5.29218 1.2
      vertex -24 5.29999 1.2
    endloop
  endfacet
  facet normal -0.0271458 0.999631 0
    outer loop
      vertex -24.2876 5.29218 1.2
      vertex -24 5.29999 0.799999
      vertex -24.2876 5.29218 0.799999
    endloop
  endfacet
  facet normal 0.0271458 0.999631 -0
    outer loop
      vertex -23.7124 5.29218 0.799999
      vertex -24 5.29999 1.2
      vertex -23.7124 5.29218 1.2
    endloop
  endfacet
  facet normal 0.0271458 0.999631 0
    outer loop
      vertex -24 5.29999 1.2
      vertex -23.7124 5.29218 0.799999
      vertex -24 5.29999 0.799999
    endloop
  endfacet
  facet normal 0.0813543 0.996685 -0
    outer loop
      vertex -23.4256 5.26877 0.799999
      vertex -23.7124 5.29218 1.2
      vertex -23.4256 5.26877 1.2
    endloop
  endfacet
  facet normal 0.0813543 0.996685 0
    outer loop
      vertex -23.7124 5.29218 1.2
      vertex -23.4256 5.26877 0.799999
      vertex -23.7124 5.29218 0.799999
    endloop
  endfacet
  facet normal 0.135327 0.990801 -0
    outer loop
      vertex -23.1405 5.22983 0.799999
      vertex -23.4256 5.26877 1.2
      vertex -23.1405 5.22983 1.2
    endloop
  endfacet
  facet normal 0.135327 0.990801 0
    outer loop
      vertex -23.4256 5.26877 1.2
      vertex -23.1405 5.22983 0.799999
      vertex -23.4256 5.26877 0.799999
    endloop
  endfacet
  facet normal 0.18886 0.982004 -0
    outer loop
      vertex -22.8579 5.17548 0.799999
      vertex -23.1405 5.22983 1.2
      vertex -22.8579 5.17548 1.2
    endloop
  endfacet
  facet normal 0.18886 0.982004 0
    outer loop
      vertex -23.1405 5.22983 1.2
      vertex -22.8579 5.17548 0.799999
      vertex -23.1405 5.22983 0.799999
    endloop
  endfacet
  facet normal 0.241914 0.970298 -0
    outer loop
      vertex -22.5787 5.10587 0.799999
      vertex -22.8579 5.17548 1.2
      vertex -22.5787 5.10587 1.2
    endloop
  endfacet
  facet normal 0.241914 0.970298 0
    outer loop
      vertex -22.8579 5.17548 1.2
      vertex -22.5787 5.10587 0.799999
      vertex -22.8579 5.17548 0.799999
    endloop
  endfacet
  facet normal 0.294291 0.955716 -0
    outer loop
      vertex -22.3037 5.02119 0.799999
      vertex -22.5787 5.10587 1.2
      vertex -22.3037 5.02119 1.2
    endloop
  endfacet
  facet normal 0.294291 0.955716 0
    outer loop
      vertex -22.5787 5.10587 1.2
      vertex -22.3037 5.02119 0.799999
      vertex -22.5787 5.10587 0.799999
    endloop
  endfacet
  facet normal 0.345633 0.93837 -0
    outer loop
      vertex -22.0337 4.92174 0.799999
      vertex -22.3037 5.02119 1.2
      vertex -22.0337 4.92174 1.2
    endloop
  endfacet
  facet normal 0.345633 0.93837 0
    outer loop
      vertex -22.3037 5.02119 1.2
      vertex -22.0337 4.92174 0.799999
      vertex -22.3037 5.02119 0.799999
    endloop
  endfacet
  facet normal 0.396154 0.918184 -0
    outer loop
      vertex -21.7695 4.80775 0.799999
      vertex -22.0337 4.92174 1.2
      vertex -21.7695 4.80775 1.2
    endloop
  endfacet
  facet normal 0.396154 0.918184 0
    outer loop
      vertex -22.0337 4.92174 1.2
      vertex -21.7695 4.80775 0.799999
      vertex -22.0337 4.92174 0.799999
    endloop
  endfacet
  facet normal 0.445239 0.895412 -0
    outer loop
      vertex -21.5118 4.67961 0.799999
      vertex -21.7695 4.80775 1.2
      vertex -21.5118 4.67961 1.2
    endloop
  endfacet
  facet normal 0.445239 0.895412 0
    outer loop
      vertex -21.7695 4.80775 1.2
      vertex -21.5118 4.67961 0.799999
      vertex -21.7695 4.80775 0.799999
    endloop
  endfacet
  facet normal -0.882947 0.469473 0
    outer loop
      vertex -21.5118 4.67961 0.799999
      vertex -18.7419 9.88901 1.2
      vertex -18.7419 9.88901 0.799999
    endloop
  endfacet
  facet normal -0.882947 0.469473 0
    outer loop
      vertex -18.7419 9.88901 1.2
      vertex -21.5118 4.67961 0.799999
      vertex -21.5118 4.67961 1.2
    endloop
  endfacet
  facet normal 0 -1 0
    outer loop
      vertex 14.2038 3.95116 0.799999
      vertex 15.3471 3.95116 1.2
      vertex 14.2038 3.95116 1.2
    endloop
  endfacet
  facet normal 0 -1 -0
    outer loop
      vertex 15.3471 3.95116 1.2
      vertex 14.2038 3.95116 0.799999
      vertex 15.3471 3.95116 0.799999
    endloop
  endfacet
  facet normal 1 -0 0
    outer loop
      vertex 14.2038 3.10893 1.2
      vertex 14.2038 3.95116 0.799999
      vertex 14.2038 3.95116 1.2
    endloop
  endfacet
  facet normal 1 0 0
    outer loop
      vertex 14.2038 3.95116 0.799999
      vertex 14.2038 3.10893 1.2
      vertex 14.2038 3.10893 0.799999
    endloop
  endfacet
  facet normal 0 1 -0
    outer loop
      vertex 15.3471 3.10893 0.799999
      vertex 14.2038 3.10893 1.2
      vertex 15.3471 3.10893 1.2
    endloop
  endfacet
  facet normal 0 1 0
    outer loop
      vertex 14.2038 3.10893 1.2
      vertex 15.3471 3.10893 0.799999
      vertex 14.2038 3.10893 0.799999
    endloop
  endfacet
  facet normal -1 0 0
    outer loop
      vertex 15.3471 3.10893 0.799999
      vertex 15.3471 3.95116 1.2
      vertex 15.3471 3.95116 0.799999
    endloop
  endfacet
  facet normal -1 -0 0
    outer loop
      vertex 15.3471 3.95116 1.2
      vertex 15.3471 3.10893 0.799999
      vertex 15.3471 3.10893 1.2
    endloop
  endfacet
  facet normal -0.0501329 0.998743 0
    outer loop
      vertex 6.3306 -2.15765 0.799999
      vertex 6.17242 -2.16559 1.2
      vertex 6.3306 -2.15765 1.2
    endloop
  endfacet
  facet normal -0.0501329 0.998743 0
    outer loop
      vertex 6.17242 -2.16559 1.2
      vertex 6.3306 -2.15765 0.799999
      vertex 6.17242 -2.16559 0.799999
    endloop
  endfacet
  facet normal -0.0841029 0.996457 0
    outer loop
      vertex 6.48735 -2.14442 0.799999
      vertex 6.3306 -2.15765 1.2
      vertex 6.48735 -2.14442 1.2
    endloop
  endfacet
  facet normal -0.0841029 0.996457 0
    outer loop
      vertex 6.3306 -2.15765 1.2
      vertex 6.48735 -2.14442 0.799999
      vertex 6.3306 -2.15765 0.799999
    endloop
  endfacet
  facet normal -0.118273 0.992981 0
    outer loop
      vertex 6.64267 -2.12592 0.799999
      vertex 6.48735 -2.14442 1.2
      vertex 6.64267 -2.12592 1.2
    endloop
  endfacet
  facet normal -0.118273 0.992981 0
    outer loop
      vertex 6.48735 -2.14442 1.2
      vertex 6.64267 -2.12592 0.799999
      vertex 6.48735 -2.14442 0.799999
    endloop
  endfacet
  facet normal -0.152766 0.988262 0
    outer loop
      vertex 6.79657 -2.10213 0.799999
      vertex 6.64267 -2.12592 1.2
      vertex 6.79657 -2.10213 1.2
    endloop
  endfacet
  facet normal -0.152766 0.988262 0
    outer loop
      vertex 6.64267 -2.12592 1.2
      vertex 6.79657 -2.10213 0.799999
      vertex 6.64267 -2.12592 0.799999
    endloop
  endfacet
  facet normal -0.187473 0.98227 0
    outer loop
      vertex 6.94904 -2.07303 0.799999
      vertex 6.79657 -2.10213 1.2
      vertex 6.94904 -2.07303 1.2
    endloop
  endfacet
  facet normal -0.187473 0.98227 0
    outer loop
      vertex 6.79657 -2.10213 1.2
      vertex 6.94904 -2.07303 0.799999
      vertex 6.79657 -2.10213 0.799999
    endloop
  endfacet
  facet normal -0.221794 0.975094 0
    outer loop
      vertex 7.1001 -2.03867 0.799999
      vertex 6.94904 -2.07303 1.2
      vertex 7.1001 -2.03867 1.2
    endloop
  endfacet
  facet normal -0.221794 0.975094 0
    outer loop
      vertex 6.94904 -2.07303 1.2
      vertex 7.1001 -2.03867 0.799999
      vertex 6.94904 -2.07303 0.799999
    endloop
  endfacet
  facet normal -0.25636 0.966581 0
    outer loop
      vertex 7.24971 -1.99899 0.799999
      vertex 7.1001 -2.03867 1.2
      vertex 7.24971 -1.99899 1.2
    endloop
  endfacet
  facet normal -0.25636 0.966581 0
    outer loop
      vertex 7.1001 -2.03867 1.2
      vertex 7.24971 -1.99899 0.799999
      vertex 7.1001 -2.03867 0.799999
    endloop
  endfacet
  facet normal -0.290231 0.956956 0
    outer loop
      vertex 7.39792 -1.95404 0.799999
      vertex 7.24971 -1.99899 1.2
      vertex 7.39792 -1.95404 1.2
    endloop
  endfacet
  facet normal -0.290231 0.956956 0
    outer loop
      vertex 7.24971 -1.99899 1.2
      vertex 7.39792 -1.95404 0.799999
      vertex 7.24971 -1.99899 0.799999
    endloop
  endfacet
  facet normal -0.323799 0.946126 0
    outer loop
      vertex 7.54469 -1.90381 0.799999
      vertex 7.39792 -1.95404 1.2
      vertex 7.54469 -1.90381 1.2
    endloop
  endfacet
  facet normal -0.323799 0.946126 0
    outer loop
      vertex 7.39792 -1.95404 1.2
      vertex 7.54469 -1.90381 0.799999
      vertex 7.39792 -1.95404 0.799999
    endloop
  endfacet
  facet normal -0.357861 0.933775 0
    outer loop
      vertex 7.68802 -1.84888 0.799999
      vertex 7.54469 -1.90381 1.2
      vertex 7.68802 -1.84888 1.2
    endloop
  endfacet
  facet normal -0.357861 0.933775 0
    outer loop
      vertex 7.54469 -1.90381 1.2
      vertex 7.68802 -1.84888 0.799999
      vertex 7.54469 -1.90381 0.799999
    endloop
  endfacet
  facet normal -0.393581 0.91929 0
    outer loop
      vertex 7.82585 -1.78987 0.799999
      vertex 7.68802 -1.84888 1.2
      vertex 7.82585 -1.78987 1.2
    endloop
  endfacet
  facet normal -0.393581 0.91929 0
    outer loop
      vertex 7.68802 -1.84888 1.2
      vertex 7.82585 -1.78987 0.799999
      vertex 7.68802 -1.84888 0.799999
    endloop
  endfacet
  facet normal -0.430108 0.902777 0
    outer loop
      vertex 7.95821 -1.72681 0.799999
      vertex 7.82585 -1.78987 1.2
      vertex 7.95821 -1.72681 1.2
    endloop
  endfacet
  facet normal -0.430108 0.902777 0
    outer loop
      vertex 7.82585 -1.78987 1.2
      vertex 7.95821 -1.72681 0.799999
      vertex 7.82585 -1.78987 0.799999
    endloop
  endfacet
  facet normal -0.46783 0.883818 0
    outer loop
      vertex 8.08505 -1.65967 0.799999
      vertex 7.95821 -1.72681 1.2
      vertex 8.08505 -1.65967 1.2
    endloop
  endfacet
  facet normal -0.46783 0.883818 0
    outer loop
      vertex 7.95821 -1.72681 1.2
      vertex 8.08505 -1.65967 0.799999
      vertex 7.95821 -1.72681 0.799999
    endloop
  endfacet
  facet normal -0.506079 0.862487 0
    outer loop
      vertex 8.20641 -1.58846 0.799999
      vertex 8.08505 -1.65967 1.2
      vertex 8.20641 -1.58846 1.2
    endloop
  endfacet
  facet normal -0.506079 0.862487 0
    outer loop
      vertex 8.08505 -1.65967 1.2
      vertex 8.20641 -1.58846 0.799999
      vertex 8.08505 -1.65967 0.799999
    endloop
  endfacet
  facet normal -0.544841 0.83854 0
    outer loop
      vertex 8.32227 -1.51318 0.799999
      vertex 8.20641 -1.58846 1.2
      vertex 8.32227 -1.51318 1.2
    endloop
  endfacet
  facet normal -0.544841 0.83854 0
    outer loop
      vertex 8.20641 -1.58846 1.2
      vertex 8.32227 -1.51318 0.799999
      vertex 8.20641 -1.58846 0.799999
    endloop
  endfacet
  facet normal -0.583727 0.81195 0
    outer loop
      vertex 8.43263 -1.43384 0.799999
      vertex 8.32227 -1.51318 1.2
      vertex 8.43263 -1.43384 1.2
    endloop
  endfacet
  facet normal -0.583727 0.81195 0
    outer loop
      vertex 8.32227 -1.51318 1.2
      vertex 8.43263 -1.43384 0.799999
      vertex 8.32227 -1.51318 0.799999
    endloop
  endfacet
  facet normal -0.62249 0.782627 0
    outer loop
      vertex 8.53751 -1.35042 0.799999
      vertex 8.43263 -1.43384 1.2
      vertex 8.53751 -1.35042 1.2
    endloop
  endfacet
  facet normal -0.62249 0.782627 0
    outer loop
      vertex 8.43263 -1.43384 1.2
      vertex 8.53751 -1.35042 0.799999
      vertex 8.43263 -1.43384 0.799999
    endloop
  endfacet
  facet normal -0.660737 0.750618 0
    outer loop
      vertex 8.63689 -1.26294 0.799999
      vertex 8.53751 -1.35042 1.2
      vertex 8.63689 -1.26294 1.2
    endloop
  endfacet
  facet normal -0.660737 0.750618 0
    outer loop
      vertex 8.53751 -1.35042 1.2
      vertex 8.63689 -1.26294 0.799999
      vertex 8.53751 -1.35042 0.799999
    endloop
  endfacet
  facet normal -0.698167 0.715935 0
    outer loop
      vertex 8.73077 -1.17139 0.799999
      vertex 8.63689 -1.26294 1.2
      vertex 8.73077 -1.17139 1.2
    endloop
  endfacet
  facet normal -0.698167 0.715935 0
    outer loop
      vertex 8.63689 -1.26294 1.2
      vertex 8.73077 -1.17139 0.799999
      vertex 8.63689 -1.26294 0.799999
    endloop
  endfacet
  facet normal -1 0 0
    outer loop
      vertex 8.73077 -1.17139 0.799999
      vertex 8.73077 0.936218 1.2
      vertex 8.73077 0.936218 0.799999
    endloop
  endfacet
  facet normal -1 -0 0
    outer loop
      vertex 8.73077 0.936218 1.2
      vertex 8.73077 -1.17139 0.799999
      vertex 8.73077 -1.17139 1.2
    endloop
  endfacet
  facet normal 0 -1 0
    outer loop
      vertex 6.23256 0.936218 0.799999
      vertex 8.73077 0.936218 1.2
      vertex 6.23256 0.936218 1.2
    endloop
  endfacet
  facet normal 0 -1 -0
    outer loop
      vertex 8.73077 0.936218 1.2
      vertex 6.23256 0.936218 0.799999
      vertex 8.73077 0.936218 0.799999
    endloop
  endfacet
  facet normal 1 -0 0
    outer loop
      vertex 6.23256 0.0492401 1.2
      vertex 6.23256 0.936218 0.799999
      vertex 6.23256 0.936218 1.2
    endloop
  endfacet
  facet normal 1 0 0
    outer loop
      vertex 6.23256 0.936218 0.799999
      vertex 6.23256 0.0492401 1.2
      vertex 6.23256 0.0492401 0.799999
    endloop
  endfacet
  facet normal 0 1 -0
    outer loop
      vertex 7.63223 0.0492401 0.799999
      vertex 6.23256 0.0492401 1.2
      vertex 7.63223 0.0492401 1.2
    endloop
  endfacet
  facet normal 0 1 0
    outer loop
      vertex 6.23256 0.0492401 1.2
      vertex 7.63223 0.0492401 0.799999
      vertex 6.23256 0.0492401 0.799999
    endloop
  endfacet
  facet normal 1 -0 0
    outer loop
      vertex 7.63223 -0.744186 1.2
      vertex 7.63223 0.0492401 0.799999
      vertex 7.63223 0.0492401 1.2
    endloop
  endfacet
  facet normal 1 0 0
    outer loop
      vertex 7.63223 0.0492401 0.799999
      vertex 7.63223 -0.744186 1.2
      vertex 7.63223 -0.744186 0.799999
    endloop
  endfacet
  facet normal 0.639261 -0.76899 0
    outer loop
      vertex 7.58223 -0.785751 0.799999
      vertex 7.63223 -0.744186 1.2
      vertex 7.58223 -0.785751 1.2
    endloop
  endfacet
  facet normal 0.639261 -0.76899 0
    outer loop
      vertex 7.63223 -0.744186 1.2
      vertex 7.58223 -0.785751 0.799999
      vertex 7.63223 -0.744186 0.799999
    endloop
  endfacet
  facet normal 0.595756 -0.803166 0
    outer loop
      vertex 7.52823 -0.825806 0.799999
      vertex 7.58223 -0.785751 1.2
      vertex 7.52823 -0.825806 1.2
    endloop
  endfacet
  facet normal 0.595756 -0.803166 0
    outer loop
      vertex 7.58223 -0.785751 1.2
      vertex 7.52823 -0.825806 0.799999
      vertex 7.58223 -0.785751 0.799999
    endloop
  endfacet
  facet normal 0.553669 -0.832737 0
    outer loop
      vertex 7.47026 -0.864349 0.799999
      vertex 7.52823 -0.825806 1.2
      vertex 7.47026 -0.864349 1.2
    endloop
  endfacet
  facet normal 0.553669 -0.832737 0
    outer loop
      vertex 7.52823 -0.825806 1.2
      vertex 7.47026 -0.864349 0.799999
      vertex 7.52823 -0.825806 0.799999
    endloop
  endfacet
  facet normal 0.51308 -0.858341 0
    outer loop
      vertex 7.40828 -0.901398 0.799999
      vertex 7.47026 -0.864349 1.2
      vertex 7.40828 -0.901398 1.2
    endloop
  endfacet
  facet normal 0.51308 -0.858341 0
    outer loop
      vertex 7.47026 -0.864349 1.2
      vertex 7.40828 -0.901398 0.799999
      vertex 7.47026 -0.864349 0.799999
    endloop
  endfacet
  facet normal 0.474363 -0.880329 0
    outer loop
      vertex 7.34233 -0.936935 0.799999
      vertex 7.40828 -0.901398 1.2
      vertex 7.34233 -0.936935 1.2
    endloop
  endfacet
  facet normal 0.474363 -0.880329 0
    outer loop
      vertex 7.40828 -0.901398 1.2
      vertex 7.34233 -0.936935 0.799999
      vertex 7.40828 -0.901398 0.799999
    endloop
  endfacet
  facet normal 0.437604 -0.899168 0
    outer loop
      vertex 7.27238 -0.970978 0.799999
      vertex 7.34233 -0.936935 1.2
      vertex 7.27238 -0.970978 1.2
    endloop
  endfacet
  facet normal 0.437604 -0.899168 0
    outer loop
      vertex 7.34233 -0.936935 1.2
      vertex 7.27238 -0.970978 0.799999
      vertex 7.34233 -0.936935 0.799999
    endloop
  endfacet
  facet normal 0.402813 -0.915282 0
    outer loop
      vertex 7.19846 -1.00351 0.799999
      vertex 7.27238 -0.970978 1.2
      vertex 7.19846 -1.00351 1.2
    endloop
  endfacet
  facet normal 0.402813 -0.915282 0
    outer loop
      vertex 7.27238 -0.970978 1.2
      vertex 7.19846 -1.00351 0.799999
      vertex 7.27238 -0.970978 0.799999
    endloop
  endfacet
  facet normal 0.369828 -0.9291 0
    outer loop
      vertex 7.12053 -1.03453 0.799999
      vertex 7.19846 -1.00351 1.2
      vertex 7.12053 -1.03453 1.2
    endloop
  endfacet
  facet normal 0.369828 -0.9291 0
    outer loop
      vertex 7.19846 -1.00351 1.2
      vertex 7.12053 -1.03453 0.799999
      vertex 7.19846 -1.00351 0.799999
    endloop
  endfacet
  facet normal 0.339224 -0.940706 0
    outer loop
      vertex 7.03864 -1.06406 0.799999
      vertex 7.12053 -1.03453 1.2
      vertex 7.03864 -1.06406 1.2
    endloop
  endfacet
  facet normal 0.339224 -0.940706 0
    outer loop
      vertex 7.12053 -1.03453 1.2
      vertex 7.03864 -1.06406 0.799999
      vertex 7.12053 -1.03453 0.799999
    endloop
  endfacet
  facet normal 0.309979 -0.950743 0
    outer loop
      vertex 6.95273 -1.09207 0.799999
      vertex 7.03864 -1.06406 1.2
      vertex 6.95273 -1.09207 1.2
    endloop
  endfacet
  facet normal 0.309979 -0.950743 0
    outer loop
      vertex 7.03864 -1.06406 1.2
      vertex 6.95273 -1.09207 0.799999
      vertex 7.03864 -1.06406 0.799999
    endloop
  endfacet
  facet normal 0.281842 -0.959461 0
    outer loop
      vertex 6.86456 -1.11797 0.799999
      vertex 6.95273 -1.09207 1.2
      vertex 6.86456 -1.11797 1.2
    endloop
  endfacet
  facet normal 0.281842 -0.959461 0
    outer loop
      vertex 6.95273 -1.09207 1.2
      vertex 6.86456 -1.11797 0.799999
      vertex 6.95273 -1.09207 0.799999
    endloop
  endfacet
  facet normal 0.252631 -0.967563 0
    outer loop
      vertex 6.77582 -1.14114 0.799999
      vertex 6.86456 -1.11797 1.2
      vertex 6.77582 -1.14114 1.2
    endloop
  endfacet
  facet normal 0.252631 -0.967563 0
    outer loop
      vertex 6.86456 -1.11797 1.2
      vertex 6.77582 -1.14114 0.799999
      vertex 6.86456 -1.11797 0.799999
    endloop
  endfacet
  facet normal 0.223201 -0.974772 0
    outer loop
      vertex 6.68651 -1.16159 0.799999
      vertex 6.77582 -1.14114 1.2
      vertex 6.68651 -1.16159 1.2
    endloop
  endfacet
  facet normal 0.223201 -0.974772 0
    outer loop
      vertex 6.77582 -1.14114 1.2
      vertex 6.68651 -1.16159 0.799999
      vertex 6.77582 -1.14114 0.799999
    endloop
  endfacet
  facet normal 0.193428 -0.981114 0
    outer loop
      vertex 6.59663 -1.17931 0.799999
      vertex 6.68651 -1.16159 1.2
      vertex 6.59663 -1.17931 1.2
    endloop
  endfacet
  facet normal 0.193428 -0.981114 0
    outer loop
      vertex 6.68651 -1.16159 1.2
      vertex 6.59663 -1.17931 0.799999
      vertex 6.68651 -1.16159 0.799999
    endloop
  endfacet
  facet normal 0.163603 -0.986526 0
    outer loop
      vertex 6.50618 -1.19431 0.799999
      vertex 6.59663 -1.17931 1.2
      vertex 6.50618 -1.19431 1.2
    endloop
  endfacet
  facet normal 0.163603 -0.986526 0
    outer loop
      vertex 6.59663 -1.17931 1.2
      vertex 6.50618 -1.19431 0.799999
      vertex 6.59663 -1.17931 0.799999
    endloop
  endfacet
  facet normal 0.13349 -0.99105 0
    outer loop
      vertex 6.41516 -1.20657 0.799999
      vertex 6.50618 -1.19431 1.2
      vertex 6.41516 -1.20657 1.2
    endloop
  endfacet
  facet normal 0.13349 -0.99105 0
    outer loop
      vertex 6.50618 -1.19431 1.2
      vertex 6.41516 -1.20657 0.799999
      vertex 6.50618 -1.19431 0.799999
    endloop
  endfacet
  facet normal 0.103825 -0.994596 0
    outer loop
      vertex 6.32358 -1.21613 0.799999
      vertex 6.41516 -1.20657 1.2
      vertex 6.32358 -1.21613 1.2
    endloop
  endfacet
  facet normal 0.103825 -0.994596 0
    outer loop
      vertex 6.41516 -1.20657 1.2
      vertex 6.32358 -1.21613 0.799999
      vertex 6.41516 -1.20657 0.799999
    endloop
  endfacet
  facet normal 0.0735926 -0.997288 0
    outer loop
      vertex 6.23143 -1.22293 0.799999
      vertex 6.32358 -1.21613 1.2
      vertex 6.23143 -1.22293 1.2
    endloop
  endfacet
  facet normal 0.0735926 -0.997288 0
    outer loop
      vertex 6.32358 -1.21613 1.2
      vertex 6.23143 -1.22293 0.799999
      vertex 6.32358 -1.21613 0.799999
    endloop
  endfacet
  facet normal 0.0440637 -0.999029 0
    outer loop
      vertex 6.1387 -1.22702 0.799999
      vertex 6.23143 -1.22293 1.2
      vertex 6.1387 -1.22702 1.2
    endloop
  endfacet
  facet normal 0.0440637 -0.999029 0
    outer loop
      vertex 6.23143 -1.22293 1.2
      vertex 6.1387 -1.22702 0.799999
      vertex 6.23143 -1.22293 0.799999
    endloop
  endfacet
  facet normal 0.0146838 -0.999892 0
    outer loop
      vertex 6.04541 -1.22839 0.799999
      vertex 6.1387 -1.22702 1.2
      vertex 6.04541 -1.22839 1.2
    endloop
  endfacet
  facet normal 0.0146838 -0.999892 0
    outer loop
      vertex 6.1387 -1.22702 1.2
      vertex 6.04541 -1.22839 0.799999
      vertex 6.1387 -1.22702 0.799999
    endloop
  endfacet
  facet normal -0.033027 -0.999454 0
    outer loop
      vertex 5.88472 -1.22308 0.799999
      vertex 6.04541 -1.22839 1.2
      vertex 5.88472 -1.22308 1.2
    endloop
  endfacet
  facet normal -0.033027 -0.999454 -0
    outer loop
      vertex 6.04541 -1.22839 1.2
      vertex 5.88472 -1.22308 0.799999
      vertex 6.04541 -1.22839 0.799999
    endloop
  endfacet
  facet normal -0.103331 -0.994647 0
    outer loop
      vertex 5.73138 -1.20715 0.799999
      vertex 5.88472 -1.22308 1.2
      vertex 5.73138 -1.20715 1.2
    endloop
  endfacet
  facet normal -0.103331 -0.994647 -0
    outer loop
      vertex 5.88472 -1.22308 1.2
      vertex 5.73138 -1.20715 0.799999
      vertex 5.88472 -1.22308 0.799999
    endloop
  endfacet
  facet normal -0.178963 -0.983856 0
    outer loop
      vertex 5.58542 -1.1806 0.799999
      vertex 5.73138 -1.20715 1.2
      vertex 5.58542 -1.1806 1.2
    endloop
  endfacet
  facet normal -0.178963 -0.983856 -0
    outer loop
      vertex 5.73138 -1.20715 1.2
      vertex 5.58542 -1.1806 0.799999
      vertex 5.73138 -1.20715 0.799999
    endloop
  endfacet
  facet normal -0.259029 -0.96587 0
    outer loop
      vertex 5.44682 -1.14343 0.799999
      vertex 5.58542 -1.1806 1.2
      vertex 5.44682 -1.14343 1.2
    endloop
  endfacet
  facet normal -0.259029 -0.96587 -0
    outer loop
      vertex 5.58542 -1.1806 1.2
      vertex 5.44682 -1.14343 0.799999
      vertex 5.58542 -1.1806 0.799999
    endloop
  endfacet
  facet normal -0.342163 -0.939641 0
    outer loop
      vertex 5.31558 -1.09564 0.799999
      vertex 5.44682 -1.14343 1.2
      vertex 5.31558 -1.09564 1.2
    endloop
  endfacet
  facet normal -0.342163 -0.939641 -0
    outer loop
      vertex 5.44682 -1.14343 1.2
      vertex 5.31558 -1.09564 0.799999
      vertex 5.44682 -1.14343 0.799999
    endloop
  endfacet
  facet normal -0.426504 -0.904486 0
    outer loop
      vertex 5.19171 -1.03723 0.799999
      vertex 5.31558 -1.09564 1.2
      vertex 5.19171 -1.03723 1.2
    endloop
  endfacet
  facet normal -0.426504 -0.904486 -0
    outer loop
      vertex 5.31558 -1.09564 1.2
      vertex 5.19171 -1.03723 0.799999
      vertex 5.31558 -1.09564 0.799999
    endloop
  endfacet
  facet normal -0.509758 -0.860318 0
    outer loop
      vertex 5.07521 -0.968201 0.799999
      vertex 5.19171 -1.03723 1.2
      vertex 5.07521 -0.968201 1.2
    endloop
  endfacet
  facet normal -0.509758 -0.860318 -0
    outer loop
      vertex 5.19171 -1.03723 1.2
      vertex 5.07521 -0.968201 0.799999
      vertex 5.19171 -1.03723 0.799999
    endloop
  endfacet
  facet normal -0.589474 -0.807787 0
    outer loop
      vertex 4.96606 -0.88855 0.799999
      vertex 5.07521 -0.968201 1.2
      vertex 4.96606 -0.88855 1.2
    endloop
  endfacet
  facet normal -0.589474 -0.807787 -0
    outer loop
      vertex 5.07521 -0.968201 1.2
      vertex 4.96606 -0.88855 0.799999
      vertex 5.07521 -0.968201 0.799999
    endloop
  endfacet
  facet normal -0.663578 -0.748107 0
    outer loop
      vertex 4.86429 -0.798279 0.799999
      vertex 4.96606 -0.88855 1.2
      vertex 4.86429 -0.798279 1.2
    endloop
  endfacet
  facet normal -0.663578 -0.748107 -0
    outer loop
      vertex 4.96606 -0.88855 1.2
      vertex 4.86429 -0.798279 0.799999
      vertex 4.96606 -0.88855 0.799999
    endloop
  endfacet
  facet normal -0.730134 -0.683304 0
    outer loop
      vertex 4.86429 -0.798279 0.799999
      vertex 4.76987 -0.697388 1.2
      vertex 4.76987 -0.697388 0.799999
    endloop
  endfacet
  facet normal -0.730134 -0.683304 0
    outer loop
      vertex 4.76987 -0.697388 1.2
      vertex 4.86429 -0.798279 0.799999
      vertex 4.86429 -0.798279 1.2
    endloop
  endfacet
  facet normal -0.788836 -0.614603 0
    outer loop
      vertex 4.76987 -0.697388 0.799999
      vertex 4.68369 -0.586777 1.2
      vertex 4.68369 -0.586777 0.799999
    endloop
  endfacet
  facet normal -0.788836 -0.614603 0
    outer loop
      vertex 4.68369 -0.586777 1.2
      vertex 4.76987 -0.697388 0.799999
      vertex 4.76987 -0.697388 1.2
    endloop
  endfacet
  facet normal -0.840046 -0.542514 0
    outer loop
      vertex 4.68369 -0.586777 0.799999
      vertex 4.60655 -0.467331 1.2
      vertex 4.60655 -0.467331 0.799999
    endloop
  endfacet
  facet normal -0.840046 -0.542514 0
    outer loop
      vertex 4.60655 -0.467331 1.2
      vertex 4.68369 -0.586777 0.799999
      vertex 4.68369 -0.586777 1.2
    endloop
  endfacet
  facet normal -0.883403 -0.468614 0
    outer loop
      vertex 4.60655 -0.467331 0.799999
      vertex 4.53851 -0.339066 1.2
      vertex 4.53851 -0.339066 0.799999
    endloop
  endfacet
  facet normal -0.883403 -0.468614 0
    outer loop
      vertex 4.53851 -0.339066 1.2
      vertex 4.60655 -0.467331 0.799999
      vertex 4.60655 -0.467331 1.2
    endloop
  endfacet
  facet normal -0.918629 -0.395121 0
    outer loop
      vertex 4.53851 -0.339066 0.799999
      vertex 4.47954 -0.201965 1.2
      vertex 4.47954 -0.201965 0.799999
    endloop
  endfacet
  facet normal -0.918629 -0.395121 0
    outer loop
      vertex 4.47954 -0.201965 1.2
      vertex 4.53851 -0.339066 0.799999
      vertex 4.53851 -0.339066 1.2
    endloop
  endfacet
  facet normal -0.946194 -0.3236 0
    outer loop
      vertex 4.47954 -0.201965 0.799999
      vertex 4.42963 -0.0560303 1.2
      vertex 4.42963 -0.0560303 0.799999
    endloop
  endfacet
  facet normal -0.946194 -0.3236 0
    outer loop
      vertex 4.42963 -0.0560303 1.2
      vertex 4.47954 -0.201965 0.799999
      vertex 4.47954 -0.201965 1.2
    endloop
  endfacet
  facet normal -0.966891 -0.255189 0
    outer loop
      vertex 4.42963 -0.0560303 0.799999
      vertex 4.38879 0.0987091 1.2
      vertex 4.38879 0.0987091 0.799999
    endloop
  endfacet
  facet normal -0.966891 -0.255189 0
    outer loop
      vertex 4.38879 0.0987091 1.2
      vertex 4.42963 -0.0560303 0.799999
      vertex 4.42963 -0.0560303 1.2
    endloop
  endfacet
  facet normal -0.981682 -0.190528 0
    outer loop
      vertex 4.38879 0.0987091 0.799999
      vertex 4.35704 0.262299 1.2
      vertex 4.35704 0.262299 0.799999
    endloop
  endfacet
  facet normal -0.981682 -0.190528 0
    outer loop
      vertex 4.35704 0.262299 1.2
      vertex 4.38879 0.0987091 0.799999
      vertex 4.38879 0.0987091 1.2
    endloop
  endfacet
  facet normal -0.991466 -0.130367 0
    outer loop
      vertex 4.35704 0.262299 0.799999
      vertex 4.33437 0.434708 1.2
      vertex 4.33437 0.434708 0.799999
    endloop
  endfacet
  facet normal -0.991466 -0.130367 0
    outer loop
      vertex 4.33437 0.434708 1.2
      vertex 4.35704 0.262299 0.799999
      vertex 4.35704 0.262299 1.2
    endloop
  endfacet
  facet normal -0.997192 -0.0748813 0
    outer loop
      vertex 4.33437 0.434708 0.799999
      vertex 4.32076 0.615952 1.2
      vertex 4.32076 0.615952 0.799999
    endloop
  endfacet
  facet normal -0.997192 -0.0748813 0
    outer loop
      vertex 4.32076 0.615952 1.2
      vertex 4.33437 0.434708 0.799999
      vertex 4.33437 0.434708 1.2
    endloop
  endfacet
  facet normal -0.999714 -0.0239326 0
    outer loop
      vertex 4.32076 0.615952 0.799999
      vertex 4.31621 0.806015 1.2
      vertex 4.31621 0.806015 0.799999
    endloop
  endfacet
  facet normal -0.999714 -0.0239326 0
    outer loop
      vertex 4.31621 0.806015 1.2
      vertex 4.32076 0.615952 0.799999
      vertex 4.32076 0.615952 1.2
    endloop
  endfacet
  facet normal -0.999724 0.0234948 0
    outer loop
      vertex 4.31621 0.806015 0.799999
      vertex 4.3206 0.992813 1.2
      vertex 4.3206 0.992813 0.799999
    endloop
  endfacet
  facet normal -0.999724 0.0234948 0
    outer loop
      vertex 4.3206 0.992813 1.2
      vertex 4.31621 0.806015 0.799999
      vertex 4.31621 0.806015 1.2
    endloop
  endfacet
  facet normal -0.997264 0.0739245 0
    outer loop
      vertex 4.3206 0.992813 0.799999
      vertex 4.33379 1.17075 1.2
      vertex 4.33379 1.17075 0.799999
    endloop
  endfacet
  facet normal -0.997264 0.0739245 0
    outer loop
      vertex 4.33379 1.17075 1.2
      vertex 4.3206 0.992813 0.799999
      vertex 4.3206 0.992813 1.2
    endloop
  endfacet
  facet normal -0.99166 0.128878 0
    outer loop
      vertex 4.33379 1.17075 0.799999
      vertex 4.35576 1.3398 1.2
      vertex 4.35576 1.3398 0.799999
    endloop
  endfacet
  facet normal -0.99166 0.128878 0
    outer loop
      vertex 4.35576 1.3398 1.2
      vertex 4.33379 1.17075 0.799999
      vertex 4.33379 1.17075 1.2
    endloop
  endfacet
  facet normal -0.982056 0.188588 0
    outer loop
      vertex 4.35576 1.3398 0.799999
      vertex 4.38652 1.49998 1.2
      vertex 4.38652 1.49998 0.799999
    endloop
  endfacet
  facet normal -0.982056 0.188588 0
    outer loop
      vertex 4.38652 1.49998 1.2
      vertex 4.35576 1.3398 0.799999
      vertex 4.35576 1.3398 1.2
    endloop
  endfacet
  facet normal -0.967511 0.252828 0
    outer loop
      vertex 4.38652 1.49998 0.799999
      vertex 4.42606 1.65129 1.2
      vertex 4.42606 1.65129 0.799999
    endloop
  endfacet
  facet normal -0.967511 0.252828 0
    outer loop
      vertex 4.42606 1.65129 1.2
      vertex 4.38652 1.49998 0.799999
      vertex 4.38652 1.49998 1.2
    endloop
  endfacet
  facet normal -0.946968 0.321328 0
    outer loop
      vertex 4.42606 1.65129 0.799999
      vertex 4.4744 1.79375 1.2
      vertex 4.4744 1.79375 0.799999
    endloop
  endfacet
  facet normal -0.946968 0.321328 0
    outer loop
      vertex 4.4744 1.79375 1.2
      vertex 4.42606 1.65129 0.799999
      vertex 4.42606 1.65129 1.2
    endloop
  endfacet
  facet normal -0.919479 0.393138 0
    outer loop
      vertex 4.4744 1.79375 0.799999
      vertex 4.53151 1.92732 1.2
      vertex 4.53151 1.92732 0.799999
    endloop
  endfacet
  facet normal -0.919479 0.393138 0
    outer loop
      vertex 4.53151 1.92732 1.2
      vertex 4.4744 1.79375 0.799999
      vertex 4.4744 1.79375 1.2
    endloop
  endfacet
  facet normal -0.884133 0.467236 0
    outer loop
      vertex 4.53151 1.92732 0.799999
      vertex 4.59741 2.05202 1.2
      vertex 4.59741 2.05202 0.799999
    endloop
  endfacet
  facet normal -0.884133 0.467236 0
    outer loop
      vertex 4.59741 2.05202 1.2
      vertex 4.53151 1.92732 0.799999
      vertex 4.53151 1.92732 1.2
    endloop
  endfacet
  facet normal -0.84036 0.542029 0
    outer loop
      vertex 4.59741 2.05202 0.799999
      vertex 4.67212 2.16785 1.2
      vertex 4.67212 2.16785 0.799999
    endloop
  endfacet
  facet normal -0.84036 0.542029 0
    outer loop
      vertex 4.67212 2.16785 1.2
      vertex 4.59741 2.05202 0.799999
      vertex 4.59741 2.05202 1.2
    endloop
  endfacet
  facet normal -0.788319 0.615266 0
    outer loop
      vertex 4.67212 2.16785 0.799999
      vertex 4.7556 2.27481 1.2
      vertex 4.7556 2.27481 0.799999
    endloop
  endfacet
  facet normal -0.788319 0.615266 0
    outer loop
      vertex 4.7556 2.27481 1.2
      vertex 4.67212 2.16785 0.799999
      vertex 4.67212 2.16785 1.2
    endloop
  endfacet
  facet normal -0.727193 0.686433 0
    outer loop
      vertex 4.7556 2.27481 0.799999
      vertex 4.84755 2.37222 1.2
      vertex 4.84755 2.37222 0.799999
    endloop
  endfacet
  facet normal -0.727193 0.686433 0
    outer loop
      vertex 4.84755 2.37222 1.2
      vertex 4.7556 2.27481 0.799999
      vertex 4.7556 2.27481 1.2
    endloop
  endfacet
  facet normal -0.656636 0.754208 0
    outer loop
      vertex 4.94765 2.45937 0.799999
      vertex 4.84755 2.37222 1.2
      vertex 4.94765 2.45937 1.2
    endloop
  endfacet
  facet normal -0.656636 0.754208 0
    outer loop
      vertex 4.84755 2.37222 1.2
      vertex 4.94765 2.45937 0.799999
      vertex 4.84755 2.37222 0.799999
    endloop
  endfacet
  facet normal -0.579206 0.815181 0
    outer loop
      vertex 5.05588 2.53627 0.799999
      vertex 4.94765 2.45937 1.2
      vertex 5.05588 2.53627 1.2
    endloop
  endfacet
  facet normal -0.579206 0.815181 0
    outer loop
      vertex 4.94765 2.45937 1.2
      vertex 5.05588 2.53627 0.799999
      vertex 4.94765 2.45937 0.799999
    endloop
  endfacet
  facet normal -0.496974 0.867765 0
    outer loop
      vertex 5.17224 2.60291 0.799999
      vertex 5.05588 2.53627 1.2
      vertex 5.17224 2.60291 1.2
    endloop
  endfacet
  facet normal -0.496974 0.867765 0
    outer loop
      vertex 5.05588 2.53627 1.2
      vertex 5.17224 2.60291 0.799999
      vertex 5.05588 2.53627 0.799999
    endloop
  endfacet
  facet normal -0.412557 0.910932 0
    outer loop
      vertex 5.29675 2.6593 0.799999
      vertex 5.17224 2.60291 1.2
      vertex 5.29675 2.6593 1.2
    endloop
  endfacet
  facet normal -0.412557 0.910932 0
    outer loop
      vertex 5.17224 2.60291 1.2
      vertex 5.29675 2.6593 0.799999
      vertex 5.17224 2.60291 0.799999
    endloop
  endfacet
  facet normal -0.328463 0.944517 0
    outer loop
      vertex 5.4294 2.70543 0.799999
      vertex 5.29675 2.6593 1.2
      vertex 5.4294 2.70543 1.2
    endloop
  endfacet
  facet normal -0.328463 0.944517 0
    outer loop
      vertex 5.29675 2.6593 1.2
      vertex 5.4294 2.70543 0.799999
      vertex 5.29675 2.6593 0.799999
    endloop
  endfacet
  facet normal -0.247035 0.969006 0
    outer loop
      vertex 5.57018 2.74132 0.799999
      vertex 5.4294 2.70543 1.2
      vertex 5.57018 2.74132 1.2
    endloop
  endfacet
  facet normal -0.247035 0.969006 0
    outer loop
      vertex 5.4294 2.70543 1.2
      vertex 5.57018 2.74132 0.799999
      vertex 5.4294 2.70543 0.799999
    endloop
  endfacet
  facet normal -0.169623 0.985509 0
    outer loop
      vertex 5.71909 2.76695 0.799999
      vertex 5.57018 2.74132 1.2
      vertex 5.71909 2.76695 1.2
    endloop
  endfacet
  facet normal -0.169623 0.985509 0
    outer loop
      vertex 5.57018 2.74132 1.2
      vertex 5.71909 2.76695 0.799999
      vertex 5.57018 2.74132 0.799999
    endloop
  endfacet
  facet normal -0.0974643 0.995239 0
    outer loop
      vertex 5.87614 2.78233 0.799999
      vertex 5.71909 2.76695 1.2
      vertex 5.87614 2.78233 1.2
    endloop
  endfacet
  facet normal -0.0974643 0.995239 0
    outer loop
      vertex 5.71909 2.76695 1.2
      vertex 5.87614 2.78233 0.799999
      vertex 5.71909 2.76695 0.799999
    endloop
  endfacet
  facet normal -0.0310383 0.999518 0
    outer loop
      vertex 6.04134 2.78746 0.799999
      vertex 5.87614 2.78233 1.2
      vertex 6.04134 2.78746 1.2
    endloop
  endfacet
  facet normal -0.0310383 0.999518 0
    outer loop
      vertex 5.87614 2.78233 1.2
      vertex 6.04134 2.78746 0.799999
      vertex 5.87614 2.78233 0.799999
    endloop
  endfacet
  facet normal 0.0219555 0.999759 -0
    outer loop
      vertex 6.14334 2.78522 0.799999
      vertex 6.04134 2.78746 1.2
      vertex 6.14334 2.78522 1.2
    endloop
  endfacet
  facet normal 0.0219555 0.999759 0
    outer loop
      vertex 6.04134 2.78746 1.2
      vertex 6.14334 2.78522 0.799999
      vertex 6.04134 2.78746 0.799999
    endloop
  endfacet
  facet normal 0.0675125 0.997718 -0
    outer loop
      vertex 6.24265 2.7785 0.799999
      vertex 6.14334 2.78522 1.2
      vertex 6.24265 2.7785 1.2
    endloop
  endfacet
  facet normal 0.0675125 0.997718 0
    outer loop
      vertex 6.14334 2.78522 1.2
      vertex 6.24265 2.7785 0.799999
      vertex 6.14334 2.78522 0.799999
    endloop
  endfacet
  facet normal 0.114932 0.993373 -0
    outer loop
      vertex 6.33928 2.76732 0.799999
      vertex 6.24265 2.7785 1.2
      vertex 6.33928 2.76732 1.2
    endloop
  endfacet
  facet normal 0.114932 0.993373 0
    outer loop
      vertex 6.24265 2.7785 1.2
      vertex 6.33928 2.76732 0.799999
      vertex 6.24265 2.7785 0.799999
    endloop
  endfacet
  facet normal 0.164518 0.986374 -0
    outer loop
      vertex 6.43323 2.75165 0.799999
      vertex 6.33928 2.76732 1.2
      vertex 6.43323 2.75165 1.2
    endloop
  endfacet
  facet normal 0.164518 0.986374 0
    outer loop
      vertex 6.33928 2.76732 1.2
      vertex 6.43323 2.75165 0.799999
      vertex 6.33928 2.76732 0.799999
    endloop
  endfacet
  facet normal 0.215503 0.976503 -0
    outer loop
      vertex 6.52449 2.73151 0.799999
      vertex 6.43323 2.75165 1.2
      vertex 6.52449 2.73151 1.2
    endloop
  endfacet
  facet normal 0.215503 0.976503 0
    outer loop
      vertex 6.43323 2.75165 1.2
      vertex 6.52449 2.73151 0.799999
      vertex 6.43323 2.75165 0.799999
    endloop
  endfacet
  facet normal 0.267846 0.963462 -0
    outer loop
      vertex 6.61305 2.70689 0.799999
      vertex 6.52449 2.73151 1.2
      vertex 6.61305 2.70689 1.2
    endloop
  endfacet
  facet normal 0.267846 0.963462 0
    outer loop
      vertex 6.52449 2.73151 1.2
      vertex 6.61305 2.70689 0.799999
      vertex 6.52449 2.73151 0.799999
    endloop
  endfacet
  facet normal 0.320789 0.947151 -0
    outer loop
      vertex 6.69894 2.6778 0.799999
      vertex 6.61305 2.70689 1.2
      vertex 6.69894 2.6778 1.2
    endloop
  endfacet
  facet normal 0.320789 0.947151 0
    outer loop
      vertex 6.61305 2.70689 1.2
      vertex 6.69894 2.6778 0.799999
      vertex 6.61305 2.70689 0.799999
    endloop
  endfacet
  facet normal 0.374137 0.927373 -0
    outer loop
      vertex 6.78215 2.64423 0.799999
      vertex 6.69894 2.6778 1.2
      vertex 6.78215 2.64423 1.2
    endloop
  endfacet
  facet normal 0.374137 0.927373 0
    outer loop
      vertex 6.69894 2.6778 1.2
      vertex 6.78215 2.64423 0.799999
      vertex 6.69894 2.6778 0.799999
    endloop
  endfacet
  facet normal 0.427203 0.904156 -0
    outer loop
      vertex 6.86266 2.60619 0.799999
      vertex 6.78215 2.64423 1.2
      vertex 6.86266 2.60619 1.2
    endloop
  endfacet
  facet normal 0.427203 0.904156 0
    outer loop
      vertex 6.78215 2.64423 1.2
      vertex 6.86266 2.60619 0.799999
      vertex 6.78215 2.64423 0.799999
    endloop
  endfacet
  facet normal 0.479523 0.877529 -0
    outer loop
      vertex 6.94049 2.56366 0.799999
      vertex 6.86266 2.60619 1.2
      vertex 6.94049 2.56366 1.2
    endloop
  endfacet
  facet normal 0.479523 0.877529 0
    outer loop
      vertex 6.86266 2.60619 1.2
      vertex 6.94049 2.56366 0.799999
      vertex 6.86266 2.60619 0.799999
    endloop
  endfacet
  facet normal 0.532632 0.846347 -0
    outer loop
      vertex 7.01495 2.5168 0.799999
      vertex 6.94049 2.56366 1.2
      vertex 7.01495 2.5168 1.2
    endloop
  endfacet
  facet normal 0.532632 0.846347 0
    outer loop
      vertex 6.94049 2.56366 1.2
      vertex 7.01495 2.5168 0.799999
      vertex 6.94049 2.56366 0.799999
    endloop
  endfacet
  facet normal 0.587365 0.809322 -0
    outer loop
      vertex 7.08536 2.4657 0.799999
      vertex 7.01495 2.5168 1.2
      vertex 7.08536 2.4657 1.2
    endloop
  endfacet
  facet normal 0.587365 0.809322 0
    outer loop
      vertex 7.01495 2.5168 1.2
      vertex 7.08536 2.4657 0.799999
      vertex 7.01495 2.5168 0.799999
    endloop
  endfacet
  facet normal 0.64056 0.767908 -0
    outer loop
      vertex 7.15169 2.41037 0.799999
      vertex 7.08536 2.4657 1.2
      vertex 7.15169 2.41037 1.2
    endloop
  endfacet
  facet normal 0.64056 0.767908 0
    outer loop
      vertex 7.08536 2.4657 1.2
      vertex 7.15169 2.41037 0.799999
      vertex 7.08536 2.4657 0.799999
    endloop
  endfacet
  facet normal 0.691383 0.722488 -0
    outer loop
      vertex 7.21394 2.3508 0.799999
      vertex 7.15169 2.41037 1.2
      vertex 7.21394 2.3508 1.2
    endloop
  endfacet
  facet normal 0.691383 0.722488 0
    outer loop
      vertex 7.15169 2.41037 1.2
      vertex 7.21394 2.3508 0.799999
      vertex 7.15169 2.41037 0.799999
    endloop
  endfacet
  facet normal 0.738739 0.673992 0
    outer loop
      vertex 7.27213 2.28702 1.2
      vertex 7.21394 2.3508 0.799999
      vertex 7.21394 2.3508 1.2
    endloop
  endfacet
  facet normal 0.738739 0.673992 0
    outer loop
      vertex 7.21394 2.3508 0.799999
      vertex 7.27213 2.28702 1.2
      vertex 7.27213 2.28702 0.799999
    endloop
  endfacet
  facet normal 0.782616 0.622504 0
    outer loop
      vertex 7.32625 2.21898 1.2
      vertex 7.27213 2.28702 0.799999
      vertex 7.27213 2.28702 1.2
    endloop
  endfacet
  facet normal 0.782616 0.622504 0
    outer loop
      vertex 7.27213 2.28702 0.799999
      vertex 7.32625 2.21898 1.2
      vertex 7.32625 2.21898 0.799999
    endloop
  endfacet
  facet normal 0.822028 0.569447 0
    outer loop
      vertex 7.3763 2.14673 1.2
      vertex 7.32625 2.21898 0.799999
      vertex 7.32625 2.21898 1.2
    endloop
  endfacet
  facet normal 0.822028 0.569447 0
    outer loop
      vertex 7.32625 2.21898 0.799999
      vertex 7.3763 2.14673 1.2
      vertex 7.3763 2.14673 0.799999
    endloop
  endfacet
  facet normal 0.857018 0.515286 0
    outer loop
      vertex 7.42229 2.07024 1.2
      vertex 7.3763 2.14673 0.799999
      vertex 7.3763 2.14673 1.2
    endloop
  endfacet
  facet normal 0.857018 0.515286 0
    outer loop
      vertex 7.3763 2.14673 0.799999
      vertex 7.42229 2.07024 1.2
      vertex 7.42229 2.07024 0.799999
    endloop
  endfacet
  facet normal 0.887551 0.460709 0
    outer loop
      vertex 7.46419 1.98952 1.2
      vertex 7.42229 2.07024 0.799999
      vertex 7.42229 2.07024 1.2
    endloop
  endfacet
  facet normal 0.887551 0.460709 0
    outer loop
      vertex 7.42229 2.07024 0.799999
      vertex 7.46419 1.98952 1.2
      vertex 7.46419 1.98952 0.799999
    endloop
  endfacet
  facet normal 0.913492 0.406857 0
    outer loop
      vertex 7.50203 1.90456 1.2
      vertex 7.46419 1.98952 0.799999
      vertex 7.46419 1.98952 1.2
    endloop
  endfacet
  facet normal 0.913492 0.406857 0
    outer loop
      vertex 7.46419 1.98952 0.799999
      vertex 7.50203 1.90456 1.2
      vertex 7.50203 1.90456 0.799999
    endloop
  endfacet
  facet normal -0.288657 0.957433 0
    outer loop
      vertex 8.60873 2.23822 0.799999
      vertex 7.50203 1.90456 1.2
      vertex 8.60873 2.23822 1.2
    endloop
  endfacet
  facet normal -0.288657 0.957433 0
    outer loop
      vertex 7.50203 1.90456 1.2
      vertex 8.60873 2.23822 0.799999
      vertex 7.50203 1.90456 0.799999
    endloop
  endfacet
  facet normal -0.915663 -0.401948 0
    outer loop
      vertex 8.60873 2.23822 0.799999
      vertex 8.48419 2.52193 1.2
      vertex 8.48419 2.52193 0.799999
    endloop
  endfacet
  facet normal -0.915663 -0.401948 0
    outer loop
      vertex 8.48419 2.52193 1.2
      vertex 8.60873 2.23822 0.799999
      vertex 8.60873 2.23822 1.2
    endloop
  endfacet
  facet normal -0.855067 -0.518517 0
    outer loop
      vertex 8.48419 2.52193 0.799999
      vertex 8.33026 2.77577 1.2
      vertex 8.33026 2.77577 0.799999
    endloop
  endfacet
  facet normal -0.855067 -0.518517 0
    outer loop
      vertex 8.33026 2.77577 1.2
      vertex 8.48419 2.52193 0.799999
      vertex 8.48419 2.52193 1.2
    endloop
  endfacet
  facet normal -0.773897 -0.633311 0
    outer loop
      vertex 8.33026 2.77577 0.799999
      vertex 8.14696 2.99976 1.2
      vertex 8.14696 2.99976 0.799999
    endloop
  endfacet
  facet normal -0.773897 -0.633311 0
    outer loop
      vertex 8.14696 2.99976 1.2
      vertex 8.33026 2.77577 0.799999
      vertex 8.33026 2.77577 1.2
    endloop
  endfacet
  facet normal -0.674144 -0.7386 0
    outer loop
      vertex 7.93428 3.19388 0.799999
      vertex 8.14696 2.99976 1.2
      vertex 7.93428 3.19388 1.2
    endloop
  endfacet
  facet normal -0.674144 -0.7386 -0
    outer loop
      vertex 8.14696 2.99976 1.2
      vertex 7.93428 3.19388 0.799999
      vertex 8.14696 2.99976 0.799999
    endloop
  endfacet
  facet normal -0.561529 -0.827457 0
    outer loop
      vertex 7.69223 3.35814 0.799999
      vertex 7.93428 3.19388 1.2
      vertex 7.69223 3.35814 1.2
    endloop
  endfacet
  facet normal -0.561529 -0.827457 -0
    outer loop
      vertex 7.93428 3.19388 1.2
      vertex 7.69223 3.35814 0.799999
      vertex 7.93428 3.19388 0.799999
    endloop
  endfacet
  facet normal -0.443697 -0.896177 0
    outer loop
      vertex 7.42081 3.49252 0.799999
      vertex 7.69223 3.35814 1.2
      vertex 7.42081 3.49252 1.2
    endloop
  endfacet
  facet normal -0.443697 -0.896177 -0
    outer loop
      vertex 7.69223 3.35814 1.2
      vertex 7.42081 3.49252 0.799999
      vertex 7.69223 3.35814 0.799999
    endloop
  endfacet
  facet normal -0.328242 -0.944594 0
    outer loop
      vertex 7.12 3.59705 0.799999
      vertex 7.42081 3.49252 1.2
      vertex 7.12 3.59705 1.2
    endloop
  endfacet
  facet normal -0.328242 -0.944594 -0
    outer loop
      vertex 7.42081 3.49252 1.2
      vertex 7.12 3.59705 0.799999
      vertex 7.42081 3.49252 0.799999
    endloop
  endfacet
  facet normal -0.220557 -0.975374 0
    outer loop
      vertex 6.78983 3.67171 0.799999
      vertex 7.12 3.59705 1.2
      vertex 6.78983 3.67171 1.2
    endloop
  endfacet
  facet normal -0.220557 -0.975374 -0
    outer loop
      vertex 7.12 3.59705 1.2
      vertex 6.78983 3.67171 0.799999
      vertex 7.12 3.59705 0.799999
    endloop
  endfacet
  facet normal -0.123641 -0.992327 0
    outer loop
      vertex 6.43027 3.71651 0.799999
      vertex 6.78983 3.67171 1.2
      vertex 6.43027 3.71651 1.2
    endloop
  endfacet
  facet normal -0.123641 -0.992327 -0
    outer loop
      vertex 6.78983 3.67171 1.2
      vertex 6.43027 3.71651 0.799999
      vertex 6.78983 3.67171 0.799999
    endloop
  endfacet
  facet normal -0.0383335 -0.999265 0
    outer loop
      vertex 6.04134 3.73143 0.799999
      vertex 6.43027 3.71651 1.2
      vertex 6.04134 3.73143 1.2
    endloop
  endfacet
  facet normal -0.0383335 -0.999265 -0
    outer loop
      vertex 6.43027 3.71651 1.2
      vertex 6.04134 3.73143 0.799999
      vertex 6.43027 3.71651 0.799999
    endloop
  endfacet
  facet normal 0.0271748 -0.999631 0
    outer loop
      vertex 5.76398 3.72389 0.799999
      vertex 6.04134 3.73143 1.2
      vertex 5.76398 3.72389 1.2
    endloop
  endfacet
  facet normal 0.0271748 -0.999631 0
    outer loop
      vertex 6.04134 3.73143 1.2
      vertex 5.76398 3.72389 0.799999
      vertex 6.04134 3.73143 0.799999
    endloop
  endfacet
  facet normal 0.0854118 -0.996346 0
    outer loop
      vertex 5.49988 3.70125 0.799999
      vertex 5.76398 3.72389 1.2
      vertex 5.49988 3.70125 1.2
    endloop
  endfacet
  facet normal 0.0854118 -0.996346 0
    outer loop
      vertex 5.76398 3.72389 1.2
      vertex 5.49988 3.70125 0.799999
      vertex 5.76398 3.72389 0.799999
    endloop
  endfacet
  facet normal 0.148819 -0.988865 0
    outer loop
      vertex 5.24904 3.6635 0.799999
      vertex 5.49988 3.70125 1.2
      vertex 5.24904 3.6635 1.2
    endloop
  endfacet
  facet normal 0.148819 -0.988865 0
    outer loop
      vertex 5.49988 3.70125 1.2
      vertex 5.24904 3.6635 0.799999
      vertex 5.49988 3.70125 0.799999
    endloop
  endfacet
  facet normal 0.217065 -0.976157 0
    outer loop
      vertex 5.01146 3.61067 0.799999
      vertex 5.24904 3.6635 1.2
      vertex 5.01146 3.61067 1.2
    endloop
  endfacet
  facet normal 0.217065 -0.976157 0
    outer loop
      vertex 5.24904 3.6635 1.2
      vertex 5.01146 3.61067 0.799999
      vertex 5.24904 3.6635 0.799999
    endloop
  endfacet
  facet normal 0.289852 -0.957071 0
    outer loop
      vertex 4.78716 3.54274 0.799999
      vertex 5.01146 3.61067 1.2
      vertex 4.78716 3.54274 1.2
    endloop
  endfacet
  facet normal 0.289852 -0.957071 0
    outer loop
      vertex 5.01146 3.61067 1.2
      vertex 4.78716 3.54274 0.799999
      vertex 5.01146 3.61067 0.799999
    endloop
  endfacet
  facet normal 0.366063 -0.93059 0
    outer loop
      vertex 4.57611 3.45972 0.799999
      vertex 4.78716 3.54274 1.2
      vertex 4.57611 3.45972 1.2
    endloop
  endfacet
  facet normal 0.366063 -0.93059 0
    outer loop
      vertex 4.78716 3.54274 1.2
      vertex 4.57611 3.45972 0.799999
      vertex 4.78716 3.54274 0.799999
    endloop
  endfacet
  facet normal 0.444422 -0.895818 0
    outer loop
      vertex 4.37831 3.36159 0.799999
      vertex 4.57611 3.45972 1.2
      vertex 4.37831 3.36159 1.2
    endloop
  endfacet
  facet normal 0.444422 -0.895818 0
    outer loop
      vertex 4.57611 3.45972 1.2
      vertex 4.37831 3.36159 0.799999
      vertex 4.57611 3.45972 0.799999
    endloop
  endfacet
  facet normal 0.523009 -0.852327 0
    outer loop
      vertex 4.1938 3.24837 0.799999
      vertex 4.37831 3.36159 1.2
      vertex 4.1938 3.24837 1.2
    endloop
  endfacet
  facet normal 0.523009 -0.852327 0
    outer loop
      vertex 4.37831 3.36159 1.2
      vertex 4.1938 3.24837 0.799999
      vertex 4.37831 3.36159 0.799999
    endloop
  endfacet
  facet normal 0.599596 -0.800303 0
    outer loop
      vertex 4.02254 3.12006 0.799999
      vertex 4.1938 3.24837 1.2
      vertex 4.02254 3.12006 1.2
    endloop
  endfacet
  facet normal 0.599596 -0.800303 0
    outer loop
      vertex 4.1938 3.24837 1.2
      vertex 4.02254 3.12006 0.799999
      vertex 4.1938 3.24837 0.799999
    endloop
  endfacet
  facet normal 0.672094 -0.740466 0
    outer loop
      vertex 3.86453 2.97664 0.799999
      vertex 4.02254 3.12006 1.2
      vertex 3.86453 2.97664 1.2
    endloop
  endfacet
  facet normal 0.672094 -0.740466 0
    outer loop
      vertex 4.02254 3.12006 1.2
      vertex 3.86453 2.97664 0.799999
      vertex 4.02254 3.12006 0.799999
    endloop
  endfacet
  facet normal 0.73867 -0.674067 0
    outer loop
      vertex 3.72075 2.81908 1.2
      vertex 3.86453 2.97664 0.799999
      vertex 3.86453 2.97664 1.2
    endloop
  endfacet
  facet normal 0.73867 -0.674067 0
    outer loop
      vertex 3.86453 2.97664 0.799999
      vertex 3.72075 2.81908 1.2
      vertex 3.72075 2.81908 0.799999
    endloop
  endfacet
  facet normal 0.798707 -0.60172 0
    outer loop
      vertex 3.59209 2.6483 1.2
      vertex 3.72075 2.81908 0.799999
      vertex 3.72075 2.81908 1.2
    endloop
  endfacet
  facet normal 0.798707 -0.60172 0
    outer loop
      vertex 3.72075 2.81908 0.799999
      vertex 3.59209 2.6483 1.2
      vertex 3.59209 2.6483 0.799999
    endloop
  endfacet
  facet normal 0.851094 -0.525013 0
    outer loop
      vertex 3.47858 2.46429 1.2
      vertex 3.59209 2.6483 0.799999
      vertex 3.59209 2.6483 1.2
    endloop
  endfacet
  facet normal 0.851094 -0.525013 0
    outer loop
      vertex 3.59209 2.6483 0.799999
      vertex 3.47858 2.46429 1.2
      vertex 3.47858 2.46429 0.799999
    endloop
  endfacet
  facet normal 0.894835 -0.446397 0
    outer loop
      vertex 3.38019 2.26706 1.2
      vertex 3.47858 2.46429 0.799999
      vertex 3.47858 2.46429 1.2
    endloop
  endfacet
  facet normal 0.894835 -0.446397 0
    outer loop
      vertex 3.47858 2.46429 0.799999
      vertex 3.38019 2.26706 1.2
      vertex 3.38019 2.26706 0.799999
    endloop
  endfacet
  facet normal 0.929902 -0.367807 0
    outer loop
      vertex 3.29695 2.05661 1.2
      vertex 3.38019 2.26706 0.799999
      vertex 3.38019 2.26706 1.2
    endloop
  endfacet
  facet normal 0.929902 -0.367807 0
    outer loop
      vertex 3.38019 2.26706 0.799999
      vertex 3.29695 2.05661 1.2
      vertex 3.29695 2.05661 0.799999
    endloop
  endfacet
  facet normal 0.956634 -0.291293 0
    outer loop
      vertex 3.22884 1.83293 1.2
      vertex 3.29695 2.05661 0.799999
      vertex 3.29695 2.05661 1.2
    endloop
  endfacet
  facet normal 0.956634 -0.291293 0
    outer loop
      vertex 3.29695 2.05661 0.799999
      vertex 3.22884 1.83293 1.2
      vertex 3.22884 1.83293 0.799999
    endloop
  endfacet
  facet normal 0.975891 -0.218256 0
    outer loop
      vertex 3.17586 1.59604 1.2
      vertex 3.22884 1.83293 0.799999
      vertex 3.22884 1.83293 1.2
    endloop
  endfacet
  facet normal 0.975891 -0.218256 0
    outer loop
      vertex 3.22884 1.83293 0.799999
      vertex 3.17586 1.59604 1.2
      vertex 3.17586 1.59604 0.799999
    endloop
  endfacet
  facet normal 0.988755 -0.149547 0
    outer loop
      vertex 3.13803 1.34592 1.2
      vertex 3.17586 1.59604 0.799999
      vertex 3.17586 1.59604 1.2
    endloop
  endfacet
  facet normal 0.988755 -0.149547 0
    outer loop
      vertex 3.17586 1.59604 0.799999
      vertex 3.13803 1.34592 1.2
      vertex 3.13803 1.34592 0.799999
    endloop
  endfacet
  facet normal 0.996305 -0.0858819 0
    outer loop
      vertex 3.11533 1.08258 1.2
      vertex 3.13803 1.34592 0.799999
      vertex 3.13803 1.34592 1.2
    endloop
  endfacet
  facet normal 0.996305 -0.0858819 0
    outer loop
      vertex 3.13803 1.34592 0.799999
      vertex 3.11533 1.08258 1.2
      vertex 3.11533 1.08258 0.799999
    endloop
  endfacet
  facet normal 0.999626 -0.0273613 0
    outer loop
      vertex 3.10776 0.806015 1.2
      vertex 3.11533 1.08258 0.799999
      vertex 3.11533 1.08258 1.2
    endloop
  endfacet
  facet normal 0.999626 -0.0273613 0
    outer loop
      vertex 3.11533 1.08258 0.799999
      vertex 3.10776 0.806015 1.2
      vertex 3.10776 0.806015 0.799999
    endloop
  endfacet
  facet normal 0.999635 0.0270094 0
    outer loop
      vertex 3.11528 0.527695 1.2
      vertex 3.10776 0.806015 0.799999
      vertex 3.10776 0.806015 1.2
    endloop
  endfacet
  facet normal 0.999635 0.0270094 0
    outer loop
      vertex 3.10776 0.806015 0.799999
      vertex 3.11528 0.527695 1.2
      vertex 3.11528 0.527695 0.799999
    endloop
  endfacet
  facet normal 0.996399 0.0847884 0
    outer loop
      vertex 3.13786 0.262344 1.2
      vertex 3.11528 0.527695 0.799999
      vertex 3.11528 0.527695 1.2
    endloop
  endfacet
  facet normal 0.996399 0.0847884 0
    outer loop
      vertex 3.11528 0.527695 0.799999
      vertex 3.13786 0.262344 1.2
      vertex 3.13786 0.262344 0.799999
    endloop
  endfacet
  facet normal 0.989066 0.14747 0
    outer loop
      vertex 3.17549 0.00996399 1.2
      vertex 3.13786 0.262344 0.799999
      vertex 3.13786 0.262344 1.2
    endloop
  endfacet
  facet normal 0.989066 0.14747 0
    outer loop
      vertex 3.13786 0.262344 0.799999
      vertex 3.17549 0.00996399 1.2
      vertex 3.17549 0.00996399 0.799999
    endloop
  endfacet
  facet normal 0.976619 0.214977 0
    outer loop
      vertex 3.22818 -0.229401 1.2
      vertex 3.17549 0.00996399 0.799999
      vertex 3.17549 0.00996399 1.2
    endloop
  endfacet
  facet normal 0.976619 0.214977 0
    outer loop
      vertex 3.17549 0.00996399 0.799999
      vertex 3.22818 -0.229401 1.2
      vertex 3.22818 -0.229401 0.799999
    endloop
  endfacet
  facet normal 0.958028 0.286676 0
    outer loop
      vertex 3.29593 -0.455811 1.2
      vertex 3.22818 -0.229401 0.799999
      vertex 3.22818 -0.229401 1.2
    endloop
  endfacet
  facet normal 0.958028 0.286676 0
    outer loop
      vertex 3.22818 -0.229401 0.799999
      vertex 3.29593 -0.455811 1.2
      vertex 3.29593 -0.455811 0.799999
    endloop
  endfacet
  facet normal 0.932312 0.361656 0
    outer loop
      vertex 3.37872 -0.669235 1.2
      vertex 3.29593 -0.455811 0.799999
      vertex 3.29593 -0.455811 1.2
    endloop
  endfacet
  facet normal 0.932312 0.361656 0
    outer loop
      vertex 3.29593 -0.455811 0.799999
      vertex 3.37872 -0.669235 1.2
      vertex 3.37872 -0.669235 0.799999
    endloop
  endfacet
  facet normal 0.898632 0.438703 0
    outer loop
      vertex 3.47658 -0.86969 1.2
      vertex 3.37872 -0.669235 0.799999
      vertex 3.37872 -0.669235 1.2
    endloop
  endfacet
  facet normal 0.898632 0.438703 0
    outer loop
      vertex 3.37872 -0.669235 0.799999
      vertex 3.47658 -0.86969 1.2
      vertex 3.47658 -0.86969 0.799999
    endloop
  endfacet
  facet normal 0.856649 0.5159 0
    outer loop
      vertex 3.58948 -1.05716 1.2
      vertex 3.47658 -0.86969 0.799999
      vertex 3.47658 -0.86969 1.2
    endloop
  endfacet
  facet normal 0.856649 0.5159 0
    outer loop
      vertex 3.47658 -0.86969 0.799999
      vertex 3.58948 -1.05716 1.2
      vertex 3.58948 -1.05716 0.799999
    endloop
  endfacet
  facet normal 0.806387 0.591388 0
    outer loop
      vertex 3.71744 -1.23164 1.2
      vertex 3.58948 -1.05716 0.799999
      vertex 3.58948 -1.05716 1.2
    endloop
  endfacet
  facet normal 0.806387 0.591388 0
    outer loop
      vertex 3.58948 -1.05716 0.799999
      vertex 3.71744 -1.23164 1.2
      vertex 3.71744 -1.23164 0.799999
    endloop
  endfacet
  facet normal 0.748641 0.662976 0
    outer loop
      vertex 3.86046 -1.39314 1.2
      vertex 3.71744 -1.23164 0.799999
      vertex 3.71744 -1.23164 1.2
    endloop
  endfacet
  facet normal 0.748641 0.662976 0
    outer loop
      vertex 3.71744 -1.23164 0.799999
      vertex 3.86046 -1.39314 1.2
      vertex 3.86046 -1.39314 0.799999
    endloop
  endfacet
  facet normal 0.684122 0.729368 -0
    outer loop
      vertex 4.01747 -1.54041 0.799999
      vertex 3.86046 -1.39314 1.2
      vertex 4.01747 -1.54041 1.2
    endloop
  endfacet
  facet normal 0.684122 0.729368 0
    outer loop
      vertex 3.86046 -1.39314 1.2
      vertex 4.01747 -1.54041 0.799999
      vertex 3.86046 -1.39314 0.799999
    endloop
  endfacet
  facet normal 0.612697 0.790318 -0
    outer loop
      vertex 4.18744 -1.67218 0.799999
      vertex 4.01747 -1.54041 1.2
      vertex 4.18744 -1.67218 1.2
    endloop
  endfacet
  facet normal 0.612697 0.790318 0
    outer loop
      vertex 4.01747 -1.54041 1.2
      vertex 4.18744 -1.67218 0.799999
      vertex 4.01747 -1.54041 0.799999
    endloop
  endfacet
  facet normal 0.536466 0.843922 -0
    outer loop
      vertex 4.37033 -1.78844 0.799999
      vertex 4.18744 -1.67218 1.2
      vertex 4.37033 -1.78844 1.2
    endloop
  endfacet
  facet normal 0.536466 0.843922 0
    outer loop
      vertex 4.18744 -1.67218 1.2
      vertex 4.37033 -1.78844 0.799999
      vertex 4.18744 -1.67218 0.799999
    endloop
  endfacet
  facet normal 0.457554 0.889182 -0
    outer loop
      vertex 4.56616 -1.88921 0.799999
      vertex 4.37033 -1.78844 1.2
      vertex 4.56616 -1.88921 1.2
    endloop
  endfacet
  facet normal 0.457554 0.889182 0
    outer loop
      vertex 4.37033 -1.78844 1.2
      vertex 4.56616 -1.88921 0.799999
      vertex 4.37033 -1.78844 0.799999
    endloop
  endfacet
  facet normal 0.378041 0.925789 -0
    outer loop
      vertex 4.77493 -1.97446 0.799999
      vertex 4.56616 -1.88921 1.2
      vertex 4.77493 -1.97446 1.2
    endloop
  endfacet
  facet normal 0.378041 0.925789 0
    outer loop
      vertex 4.56616 -1.88921 1.2
      vertex 4.77493 -1.97446 0.799999
      vertex 4.56616 -1.88921 0.799999
    endloop
  endfacet
  facet normal 0.300139 0.953896 -0
    outer loop
      vertex 4.99664 -2.04422 0.799999
      vertex 4.77493 -1.97446 1.2
      vertex 4.99664 -2.04422 1.2
    endloop
  endfacet
  facet normal 0.300139 0.953896 0
    outer loop
      vertex 4.77493 -1.97446 1.2
      vertex 4.99664 -2.04422 0.799999
      vertex 4.77493 -1.97446 0.799999
    endloop
  endfacet
  facet normal 0.225223 0.974307 -0
    outer loop
      vertex 5.23128 -2.09846 0.799999
      vertex 4.99664 -2.04422 1.2
      vertex 5.23128 -2.09846 1.2
    endloop
  endfacet
  facet normal 0.225223 0.974307 0
    outer loop
      vertex 4.99664 -2.04422 1.2
      vertex 5.23128 -2.09846 0.799999
      vertex 4.99664 -2.04422 0.799999
    endloop
  endfacet
  facet normal 0.154665 0.987967 -0
    outer loop
      vertex 5.47887 -2.13722 0.799999
      vertex 5.23128 -2.09846 1.2
      vertex 5.47887 -2.13722 1.2
    endloop
  endfacet
  facet normal 0.154665 0.987967 0
    outer loop
      vertex 5.23128 -2.09846 1.2
      vertex 5.47887 -2.13722 0.799999
      vertex 5.23128 -2.09846 0.799999
    endloop
  endfacet
  facet normal 0.0889326 0.996038 -0
    outer loop
      vertex 5.73938 -2.16048 0.799999
      vertex 5.47887 -2.13722 1.2
      vertex 5.73938 -2.16048 1.2
    endloop
  endfacet
  facet normal 0.0889326 0.996038 0
    outer loop
      vertex 5.47887 -2.13722 1.2
      vertex 5.73938 -2.16048 0.799999
      vertex 5.47887 -2.13722 0.799999
    endloop
  endfacet
  facet normal 0.0283302 0.999599 -0
    outer loop
      vertex 6.01283 -2.16823 0.799999
      vertex 5.73938 -2.16048 1.2
      vertex 6.01283 -2.16823 1.2
    endloop
  endfacet
  facet normal 0.0283302 0.999599 0
    outer loop
      vertex 5.73938 -2.16048 1.2
      vertex 6.01283 -2.16823 0.799999
      vertex 5.73938 -2.16048 0.799999
    endloop
  endfacet
  facet normal -0.0165401 0.999863 0
    outer loop
      vertex 6.17242 -2.16559 0.799999
      vertex 6.01283 -2.16823 1.2
      vertex 6.17242 -2.16559 1.2
    endloop
  endfacet
  facet normal -0.0165401 0.999863 0
    outer loop
      vertex 6.01283 -2.16823 1.2
      vertex 6.17242 -2.16559 0.799999
      vertex 6.01283 -2.16823 0.799999
    endloop
  endfacet
  facet normal 0 -1 0
    outer loop
      vertex -7.98953 3.646 0.799999
      vertex -6.78923 3.646 1.2
      vertex -7.98953 3.646 1.2
    endloop
  endfacet
  facet normal 0 -1 -0
    outer loop
      vertex -6.78923 3.646 1.2
      vertex -7.98953 3.646 0.799999
      vertex -6.78923 3.646 0.799999
    endloop
  endfacet
  facet normal 1 -0 0
    outer loop
      vertex -7.98953 -2.08687 1.2
      vertex -7.98953 3.646 0.799999
      vertex -7.98953 3.646 1.2
    endloop
  endfacet
  facet normal 1 0 0
    outer loop
      vertex -7.98953 3.646 0.799999
      vertex -7.98953 -2.08687 1.2
      vertex -7.98953 -2.08687 0.799999
    endloop
  endfacet
  facet normal 0 1 -0
    outer loop
      vertex -6.78923 -2.08687 0.799999
      vertex -7.98953 -2.08687 1.2
      vertex -6.78923 -2.08687 1.2
    endloop
  endfacet
  facet normal 0 1 0
    outer loop
      vertex -7.98953 -2.08687 1.2
      vertex -6.78923 -2.08687 0.799999
      vertex -7.98953 -2.08687 0.799999
    endloop
  endfacet
  facet normal -1 0 0
    outer loop
      vertex -6.78923 -2.08687 0.799999
      vertex -6.78923 3.646 1.2
      vertex -6.78923 3.646 0.799999
    endloop
  endfacet
  facet normal -1 -0 0
    outer loop
      vertex -6.78923 3.646 1.2
      vertex -6.78923 -2.08687 0.799999
      vertex -6.78923 -2.08687 1.2
    endloop
  endfacet
  facet normal -0.130523 0.991445 0
    outer loop
      vertex -23.5312 -2.65897 0.799999
      vertex -23.7647 -2.68971 1.2
      vertex -23.5312 -2.65897 1.2
    endloop
  endfacet
  facet normal -0.130523 0.991445 0
    outer loop
      vertex -23.7647 -2.68971 1.2
      vertex -23.5312 -2.65897 0.799999
      vertex -23.7647 -2.68971 0.799999
    endloop
  endfacet
  facet normal -0.2164 0.976305 0
    outer loop
      vertex -23.3012 -2.60799 0.799999
      vertex -23.5312 -2.65897 1.2
      vertex -23.3012 -2.60799 1.2
    endloop
  endfacet
  facet normal -0.2164 0.976305 0
    outer loop
      vertex -23.5312 -2.65897 1.2
      vertex -23.3012 -2.60799 0.799999
      vertex -23.5312 -2.65897 0.799999
    endloop
  endfacet
  facet normal -0.300759 0.9537 0
    outer loop
      vertex -23.0766 -2.53716 0.799999
      vertex -23.3012 -2.60799 1.2
      vertex -23.0766 -2.53716 1.2
    endloop
  endfacet
  facet normal -0.300759 0.9537 0
    outer loop
      vertex -23.3012 -2.60799 1.2
      vertex -23.0766 -2.53716 0.799999
      vertex -23.3012 -2.60799 0.799999
    endloop
  endfacet
  facet normal -0.382559 0.923931 0
    outer loop
      vertex -22.8589 -2.44702 0.799999
      vertex -23.0766 -2.53716 1.2
      vertex -22.8589 -2.44702 1.2
    endloop
  endfacet
  facet normal -0.382559 0.923931 0
    outer loop
      vertex -23.0766 -2.53716 1.2
      vertex -22.8589 -2.44702 0.799999
      vertex -23.0766 -2.53716 0.799999
    endloop
  endfacet
  facet normal -0.461794 0.886987 0
    outer loop
      vertex -22.65 -2.33826 0.799999
      vertex -22.8589 -2.44702 1.2
      vertex -22.65 -2.33826 1.2
    endloop
  endfacet
  facet normal -0.461794 0.886987 0
    outer loop
      vertex -22.8589 -2.44702 1.2
      vertex -22.65 -2.33826 0.799999
      vertex -22.8589 -2.44702 0.799999
    endloop
  endfacet
  facet normal -0.537414 0.843319 0
    outer loop
      vertex -22.4514 -2.2117 0.799999
      vertex -22.65 -2.33826 1.2
      vertex -22.4514 -2.2117 1.2
    endloop
  endfacet
  facet normal -0.537414 0.843319 0
    outer loop
      vertex -22.65 -2.33826 1.2
      vertex -22.4514 -2.2117 0.799999
      vertex -22.65 -2.33826 0.799999
    endloop
  endfacet
  facet normal -0.608699 0.793401 0
    outer loop
      vertex -22.2645 -2.06831 0.799999
      vertex -22.4514 -2.2117 1.2
      vertex -22.2645 -2.06831 1.2
    endloop
  endfacet
  facet normal -0.608699 0.793401 0
    outer loop
      vertex -22.4514 -2.2117 1.2
      vertex -22.2645 -2.06831 0.799999
      vertex -22.4514 -2.2117 0.799999
    endloop
  endfacet
  facet normal -0.675505 0.737355 0
    outer loop
      vertex -22.0908 -1.90918 0.799999
      vertex -22.2645 -2.06831 1.2
      vertex -22.0908 -1.90918 1.2
    endloop
  endfacet
  facet normal -0.675505 0.737355 0
    outer loop
      vertex -22.2645 -2.06831 1.2
      vertex -22.0908 -1.90918 0.799999
      vertex -22.2645 -2.06831 0.799999
    endloop
  endfacet
  facet normal -0.737341 0.675521 0
    outer loop
      vertex -22.0908 -1.90918 0.799999
      vertex -21.9317 -1.73552 1.2
      vertex -21.9317 -1.73552 0.799999
    endloop
  endfacet
  facet normal -0.737341 0.675521 0
    outer loop
      vertex -21.9317 -1.73552 1.2
      vertex -22.0908 -1.90918 0.799999
      vertex -22.0908 -1.90918 1.2
    endloop
  endfacet
  facet normal -0.793334 0.608787 0
    outer loop
      vertex -21.9317 -1.73552 0.799999
      vertex -21.7883 -1.54865 1.2
      vertex -21.7883 -1.54865 0.799999
    endloop
  endfacet
  facet normal -0.793334 0.608787 0
    outer loop
      vertex -21.7883 -1.54865 1.2
      vertex -21.9317 -1.73552 0.799999
      vertex -21.9317 -1.73552 1.2
    endloop
  endfacet
  facet normal -0.843315 0.537419 0
    outer loop
      vertex -21.7883 -1.54865 0.799999
      vertex -21.6617 -1.34999 1.2
      vertex -21.6617 -1.34999 0.799999
    endloop
  endfacet
  facet normal -0.843315 0.537419 0
    outer loop
      vertex -21.6617 -1.34999 1.2
      vertex -21.7883 -1.54865 0.799999
      vertex -21.7883 -1.54865 1.2
    endloop
  endfacet
  facet normal -0.88711 0.461559 0
    outer loop
      vertex -21.6617 -1.34999 0.799999
      vertex -21.553 -1.14107 1.2
      vertex -21.553 -1.14107 0.799999
    endloop
  endfacet
  facet normal -0.88711 0.461559 0
    outer loop
      vertex -21.553 -1.14107 1.2
      vertex -21.6617 -1.34999 0.799999
      vertex -21.6617 -1.34999 1.2
    endloop
  endfacet
  facet normal -0.923793 0.382892 0
    outer loop
      vertex -21.553 -1.14107 0.799999
      vertex -21.4628 -0.923447 1.2
      vertex -21.4628 -0.923447 0.799999
    endloop
  endfacet
  facet normal -0.923793 0.382892 0
    outer loop
      vertex -21.4628 -0.923447 1.2
      vertex -21.553 -1.14107 0.799999
      vertex -21.553 -1.14107 1.2
    endloop
  endfacet
  facet normal -0.953752 0.300595 0
    outer loop
      vertex -21.4628 -0.923447 0.799999
      vertex -21.392 -0.698807 1.2
      vertex -21.392 -0.698807 0.799999
    endloop
  endfacet
  facet normal -0.953752 0.300595 0
    outer loop
      vertex -21.392 -0.698807 1.2
      vertex -21.4628 -0.923447 0.799999
      vertex -21.4628 -0.923447 1.2
    endloop
  endfacet
  facet normal -0.97628 0.216512 0
    outer loop
      vertex -21.392 -0.698807 0.799999
      vertex -21.341 -0.468842 1.2
      vertex -21.341 -0.468842 0.799999
    endloop
  endfacet
  facet normal -0.97628 0.216512 0
    outer loop
      vertex -21.341 -0.468842 1.2
      vertex -21.392 -0.698807 0.799999
      vertex -21.392 -0.698807 1.2
    endloop
  endfacet
  facet normal -0.99147 0.130336 0
    outer loop
      vertex -21.341 -0.468842 0.799999
      vertex -21.3103 -0.235306 1.2
      vertex -21.3103 -0.235306 0.799999
    endloop
  endfacet
  facet normal -0.99147 0.130336 0
    outer loop
      vertex -21.3103 -0.235306 1.2
      vertex -21.341 -0.468842 0.799999
      vertex -21.341 -0.468842 1.2
    endloop
  endfacet
  facet normal -0.999043 0.0437309 0
    outer loop
      vertex -21.3103 -0.235306 0.799999
      vertex -21.3 0 1.2
      vertex -21.3 0 0.799999
    endloop
  endfacet
  facet normal -0.999043 0.0437309 0
    outer loop
      vertex -21.3 0 1.2
      vertex -21.3103 -0.235306 0.799999
      vertex -21.3103 -0.235306 1.2
    endloop
  endfacet
  facet normal -0.999043 -0.0437309 0
    outer loop
      vertex -21.3 0 0.799999
      vertex -21.3103 0.235306 1.2
      vertex -21.3103 0.235306 0.799999
    endloop
  endfacet
  facet normal -0.999043 -0.0437309 0
    outer loop
      vertex -21.3103 0.235306 1.2
      vertex -21.3 0 0.799999
      vertex -21.3 0 1.2
    endloop
  endfacet
  facet normal -0.99147 -0.130336 0
    outer loop
      vertex -21.3103 0.235306 0.799999
      vertex -21.341 0.468842 1.2
      vertex -21.341 0.468842 0.799999
    endloop
  endfacet
  facet normal -0.99147 -0.130336 0
    outer loop
      vertex -21.341 0.468842 1.2
      vertex -21.3103 0.235306 0.799999
      vertex -21.3103 0.235306 1.2
    endloop
  endfacet
  facet normal -0.97628 -0.216512 0
    outer loop
      vertex -21.341 0.468842 0.799999
      vertex -21.392 0.698807 1.2
      vertex -21.392 0.698807 0.799999
    endloop
  endfacet
  facet normal -0.97628 -0.216512 0
    outer loop
      vertex -21.392 0.698807 1.2
      vertex -21.341 0.468842 0.799999
      vertex -21.341 0.468842 1.2
    endloop
  endfacet
  facet normal -0.953752 -0.300595 0
    outer loop
      vertex -21.392 0.698807 0.799999
      vertex -21.4628 0.923447 1.2
      vertex -21.4628 0.923447 0.799999
    endloop
  endfacet
  facet normal -0.953752 -0.300595 0
    outer loop
      vertex -21.4628 0.923447 1.2
      vertex -21.392 0.698807 0.799999
      vertex -21.392 0.698807 1.2
    endloop
  endfacet
  facet normal -0.923793 -0.382892 0
    outer loop
      vertex -21.4628 0.923447 0.799999
      vertex -21.553 1.14107 1.2
      vertex -21.553 1.14107 0.799999
    endloop
  endfacet
  facet normal -0.923793 -0.382892 0
    outer loop
      vertex -21.553 1.14107 1.2
      vertex -21.4628 0.923447 0.799999
      vertex -21.4628 0.923447 1.2
    endloop
  endfacet
  facet normal -0.88711 -0.461559 0
    outer loop
      vertex -21.553 1.14107 0.799999
      vertex -21.6617 1.34999 1.2
      vertex -21.6617 1.34999 0.799999
    endloop
  endfacet
  facet normal -0.88711 -0.461559 0
    outer loop
      vertex -21.6617 1.34999 1.2
      vertex -21.553 1.14107 0.799999
      vertex -21.553 1.14107 1.2
    endloop
  endfacet
  facet normal -0.843315 -0.537419 0
    outer loop
      vertex -21.6617 1.34999 0.799999
      vertex -21.7883 1.54865 1.2
      vertex -21.7883 1.54865 0.799999
    endloop
  endfacet
  facet normal -0.843315 -0.537419 0
    outer loop
      vertex -21.7883 1.54865 1.2
      vertex -21.6617 1.34999 0.799999
      vertex -21.6617 1.34999 1.2
    endloop
  endfacet
  facet normal -0.793334 -0.608787 0
    outer loop
      vertex -21.7883 1.54865 0.799999
      vertex -21.9317 1.73552 1.2
      vertex -21.9317 1.73552 0.799999
    endloop
  endfacet
  facet normal -0.793334 -0.608787 0
    outer loop
      vertex -21.9317 1.73552 1.2
      vertex -21.7883 1.54865 0.799999
      vertex -21.7883 1.54865 1.2
    endloop
  endfacet
  facet normal -0.737341 -0.675521 0
    outer loop
      vertex -21.9317 1.73552 0.799999
      vertex -22.0908 1.90918 1.2
      vertex -22.0908 1.90918 0.799999
    endloop
  endfacet
  facet normal -0.737341 -0.675521 0
    outer loop
      vertex -22.0908 1.90918 1.2
      vertex -21.9317 1.73552 0.799999
      vertex -21.9317 1.73552 1.2
    endloop
  endfacet
  facet normal -0.675505 -0.737355 0
    outer loop
      vertex -22.2645 2.06831 0.799999
      vertex -22.0908 1.90918 1.2
      vertex -22.2645 2.06831 1.2
    endloop
  endfacet
  facet normal -0.675505 -0.737355 -0
    outer loop
      vertex -22.0908 1.90918 1.2
      vertex -22.2645 2.06831 0.799999
      vertex -22.0908 1.90918 0.799999
    endloop
  endfacet
  facet normal -0.608699 -0.793401 0
    outer loop
      vertex -22.4514 2.2117 0.799999
      vertex -22.2645 2.06831 1.2
      vertex -22.4514 2.2117 1.2
    endloop
  endfacet
  facet normal -0.608699 -0.793401 -0
    outer loop
      vertex -22.2645 2.06831 1.2
      vertex -22.4514 2.2117 0.799999
      vertex -22.2645 2.06831 0.799999
    endloop
  endfacet
  facet normal -0.537414 -0.843319 0
    outer loop
      vertex -22.65 2.33826 0.799999
      vertex -22.4514 2.2117 1.2
      vertex -22.65 2.33826 1.2
    endloop
  endfacet
  facet normal -0.537414 -0.843319 -0
    outer loop
      vertex -22.4514 2.2117 1.2
      vertex -22.65 2.33826 0.799999
      vertex -22.4514 2.2117 0.799999
    endloop
  endfacet
  facet normal -0.461794 -0.886987 0
    outer loop
      vertex -22.8589 2.44702 0.799999
      vertex -22.65 2.33826 1.2
      vertex -22.8589 2.44702 1.2
    endloop
  endfacet
  facet normal -0.461794 -0.886987 -0
    outer loop
      vertex -22.65 2.33826 1.2
      vertex -22.8589 2.44702 0.799999
      vertex -22.65 2.33826 0.799999
    endloop
  endfacet
  facet normal -0.382559 -0.923931 0
    outer loop
      vertex -23.0766 2.53716 0.799999
      vertex -22.8589 2.44702 1.2
      vertex -23.0766 2.53716 1.2
    endloop
  endfacet
  facet normal -0.382559 -0.923931 -0
    outer loop
      vertex -22.8589 2.44702 1.2
      vertex -23.0766 2.53716 0.799999
      vertex -22.8589 2.44702 0.799999
    endloop
  endfacet
  facet normal -0.300759 -0.9537 0
    outer loop
      vertex -23.3012 2.60799 0.799999
      vertex -23.0766 2.53716 1.2
      vertex -23.3012 2.60799 1.2
    endloop
  endfacet
  facet normal -0.300759 -0.9537 -0
    outer loop
      vertex -23.0766 2.53716 1.2
      vertex -23.3012 2.60799 0.799999
      vertex -23.0766 2.53716 0.799999
    endloop
  endfacet
  facet normal -0.2164 -0.976305 0
    outer loop
      vertex -23.5312 2.65897 0.799999
      vertex -23.3012 2.60799 1.2
      vertex -23.5312 2.65897 1.2
    endloop
  endfacet
  facet normal -0.2164 -0.976305 -0
    outer loop
      vertex -23.3012 2.60799 1.2
      vertex -23.5312 2.65897 0.799999
      vertex -23.3012 2.60799 0.799999
    endloop
  endfacet
  facet normal -0.130523 -0.991445 0
    outer loop
      vertex -23.7647 2.68971 0.799999
      vertex -23.5312 2.65897 1.2
      vertex -23.7647 2.68971 1.2
    endloop
  endfacet
  facet normal -0.130523 -0.991445 -0
    outer loop
      vertex -23.5312 2.65897 1.2
      vertex -23.7647 2.68971 0.799999
      vertex -23.5312 2.65897 0.799999
    endloop
  endfacet
  facet normal -0.0436896 -0.999045 0
    outer loop
      vertex -24 2.7 0.799999
      vertex -23.7647 2.68971 1.2
      vertex -24 2.7 1.2
    endloop
  endfacet
  facet normal -0.0436896 -0.999045 -0
    outer loop
      vertex -23.7647 2.68971 1.2
      vertex -24 2.7 0.799999
      vertex -23.7647 2.68971 0.799999
    endloop
  endfacet
  facet normal 0.0436896 -0.999045 0
    outer loop
      vertex -24.2353 2.68971 0.799999
      vertex -24 2.7 1.2
      vertex -24.2353 2.68971 1.2
    endloop
  endfacet
  facet normal 0.0436896 -0.999045 0
    outer loop
      vertex -24 2.7 1.2
      vertex -24.2353 2.68971 0.799999
      vertex -24 2.7 0.799999
    endloop
  endfacet
  facet normal 0.130523 -0.991445 0
    outer loop
      vertex -24.4688 2.65897 0.799999
      vertex -24.2353 2.68971 1.2
      vertex -24.4688 2.65897 1.2
    endloop
  endfacet
  facet normal 0.130523 -0.991445 0
    outer loop
      vertex -24.2353 2.68971 1.2
      vertex -24.4688 2.65897 0.799999
      vertex -24.2353 2.68971 0.799999
    endloop
  endfacet
  facet normal 0.2164 -0.976305 0
    outer loop
      vertex -24.6988 2.60799 0.799999
      vertex -24.4688 2.65897 1.2
      vertex -24.6988 2.60799 1.2
    endloop
  endfacet
  facet normal 0.2164 -0.976305 0
    outer loop
      vertex -24.4688 2.65897 1.2
      vertex -24.6988 2.60799 0.799999
      vertex -24.4688 2.65897 0.799999
    endloop
  endfacet
  facet normal 0.300759 -0.9537 0
    outer loop
      vertex -24.9234 2.53716 0.799999
      vertex -24.6988 2.60799 1.2
      vertex -24.9234 2.53716 1.2
    endloop
  endfacet
  facet normal 0.300759 -0.9537 0
    outer loop
      vertex -24.6988 2.60799 1.2
      vertex -24.9234 2.53716 0.799999
      vertex -24.6988 2.60799 0.799999
    endloop
  endfacet
  facet normal 0.382559 -0.923931 0
    outer loop
      vertex -25.1411 2.44702 0.799999
      vertex -24.9234 2.53716 1.2
      vertex -25.1411 2.44702 1.2
    endloop
  endfacet
  facet normal 0.382559 -0.923931 0
    outer loop
      vertex -24.9234 2.53716 1.2
      vertex -25.1411 2.44702 0.799999
      vertex -24.9234 2.53716 0.799999
    endloop
  endfacet
  facet normal 0.461794 -0.886987 0
    outer loop
      vertex -25.35 2.33826 0.799999
      vertex -25.1411 2.44702 1.2
      vertex -25.35 2.33826 1.2
    endloop
  endfacet
  facet normal 0.461794 -0.886987 0
    outer loop
      vertex -25.1411 2.44702 1.2
      vertex -25.35 2.33826 0.799999
      vertex -25.1411 2.44702 0.799999
    endloop
  endfacet
  facet normal 0.537414 -0.843319 0
    outer loop
      vertex -25.5486 2.2117 0.799999
      vertex -25.35 2.33826 1.2
      vertex -25.5486 2.2117 1.2
    endloop
  endfacet
  facet normal 0.537414 -0.843319 0
    outer loop
      vertex -25.35 2.33826 1.2
      vertex -25.5486 2.2117 0.799999
      vertex -25.35 2.33826 0.799999
    endloop
  endfacet
  facet normal 0.608699 -0.793401 0
    outer loop
      vertex -25.7355 2.06831 0.799999
      vertex -25.5486 2.2117 1.2
      vertex -25.7355 2.06831 1.2
    endloop
  endfacet
  facet normal 0.608699 -0.793401 0
    outer loop
      vertex -25.5486 2.2117 1.2
      vertex -25.7355 2.06831 0.799999
      vertex -25.5486 2.2117 0.799999
    endloop
  endfacet
  facet normal 0.675505 -0.737355 0
    outer loop
      vertex -25.9092 1.90918 0.799999
      vertex -25.7355 2.06831 1.2
      vertex -25.9092 1.90918 1.2
    endloop
  endfacet
  facet normal 0.675505 -0.737355 0
    outer loop
      vertex -25.7355 2.06831 1.2
      vertex -25.9092 1.90918 0.799999
      vertex -25.7355 2.06831 0.799999
    endloop
  endfacet
  facet normal 0.737341 -0.675521 0
    outer loop
      vertex -26.0683 1.73552 1.2
      vertex -25.9092 1.90918 0.799999
      vertex -25.9092 1.90918 1.2
    endloop
  endfacet
  facet normal 0.737341 -0.675521 0
    outer loop
      vertex -25.9092 1.90918 0.799999
      vertex -26.0683 1.73552 1.2
      vertex -26.0683 1.73552 0.799999
    endloop
  endfacet
  facet normal 0.793334 -0.608787 0
    outer loop
      vertex -26.2117 1.54865 1.2
      vertex -26.0683 1.73552 0.799999
      vertex -26.0683 1.73552 1.2
    endloop
  endfacet
  facet normal 0.793334 -0.608787 0
    outer loop
      vertex -26.0683 1.73552 0.799999
      vertex -26.2117 1.54865 1.2
      vertex -26.2117 1.54865 0.799999
    endloop
  endfacet
  facet normal 0.843315 -0.537419 0
    outer loop
      vertex -26.3383 1.34999 1.2
      vertex -26.2117 1.54865 0.799999
      vertex -26.2117 1.54865 1.2
    endloop
  endfacet
  facet normal 0.843315 -0.537419 0
    outer loop
      vertex -26.2117 1.54865 0.799999
      vertex -26.3383 1.34999 1.2
      vertex -26.3383 1.34999 0.799999
    endloop
  endfacet
  facet normal 0.88711 -0.461559 0
    outer loop
      vertex -26.447 1.14107 1.2
      vertex -26.3383 1.34999 0.799999
      vertex -26.3383 1.34999 1.2
    endloop
  endfacet
  facet normal 0.88711 -0.461559 0
    outer loop
      vertex -26.3383 1.34999 0.799999
      vertex -26.447 1.14107 1.2
      vertex -26.447 1.14107 0.799999
    endloop
  endfacet
  facet normal 0.923793 -0.382892 0
    outer loop
      vertex -26.5372 0.923447 1.2
      vertex -26.447 1.14107 0.799999
      vertex -26.447 1.14107 1.2
    endloop
  endfacet
  facet normal 0.923793 -0.382892 0
    outer loop
      vertex -26.447 1.14107 0.799999
      vertex -26.5372 0.923447 1.2
      vertex -26.5372 0.923447 0.799999
    endloop
  endfacet
  facet normal 0.953752 -0.300595 0
    outer loop
      vertex -26.608 0.698807 1.2
      vertex -26.5372 0.923447 0.799999
      vertex -26.5372 0.923447 1.2
    endloop
  endfacet
  facet normal 0.953752 -0.300595 0
    outer loop
      vertex -26.5372 0.923447 0.799999
      vertex -26.608 0.698807 1.2
      vertex -26.608 0.698807 0.799999
    endloop
  endfacet
  facet normal 0.97628 -0.216512 0
    outer loop
      vertex -26.659 0.468842 1.2
      vertex -26.608 0.698807 0.799999
      vertex -26.608 0.698807 1.2
    endloop
  endfacet
  facet normal 0.97628 -0.216512 0
    outer loop
      vertex -26.608 0.698807 0.799999
      vertex -26.659 0.468842 1.2
      vertex -26.659 0.468842 0.799999
    endloop
  endfacet
  facet normal 0.99147 -0.130336 0
    outer loop
      vertex -26.6897 0.235306 1.2
      vertex -26.659 0.468842 0.799999
      vertex -26.659 0.468842 1.2
    endloop
  endfacet
  facet normal 0.99147 -0.130336 0
    outer loop
      vertex -26.659 0.468842 0.799999
      vertex -26.6897 0.235306 1.2
      vertex -26.6897 0.235306 0.799999
    endloop
  endfacet
  facet normal 0.999043 -0.0437309 0
    outer loop
      vertex -26.7 0 1.2
      vertex -26.6897 0.235306 0.799999
      vertex -26.6897 0.235306 1.2
    endloop
  endfacet
  facet normal 0.999043 -0.0437309 0
    outer loop
      vertex -26.6897 0.235306 0.799999
      vertex -26.7 0 1.2
      vertex -26.7 0 0.799999
    endloop
  endfacet
  facet normal 0.999043 0.0437309 0
    outer loop
      vertex -26.6897 -0.235306 1.2
      vertex -26.7 0 0.799999
      vertex -26.7 0 1.2
    endloop
  endfacet
  facet normal 0.999043 0.0437309 0
    outer loop
      vertex -26.7 0 0.799999
      vertex -26.6897 -0.235306 1.2
      vertex -26.6897 -0.235306 0.799999
    endloop
  endfacet
  facet normal 0.99147 0.130336 0
    outer loop
      vertex -26.659 -0.468842 1.2
      vertex -26.6897 -0.235306 0.799999
      vertex -26.6897 -0.235306 1.2
    endloop
  endfacet
  facet normal 0.99147 0.130336 0
    outer loop
      vertex -26.6897 -0.235306 0.799999
      vertex -26.659 -0.468842 1.2
      vertex -26.659 -0.468842 0.799999
    endloop
  endfacet
  facet normal 0.97628 0.216512 0
    outer loop
      vertex -26.608 -0.698807 1.2
      vertex -26.659 -0.468842 0.799999
      vertex -26.659 -0.468842 1.2
    endloop
  endfacet
  facet normal 0.97628 0.216512 0
    outer loop
      vertex -26.659 -0.468842 0.799999
      vertex -26.608 -0.698807 1.2
      vertex -26.608 -0.698807 0.799999
    endloop
  endfacet
  facet normal 0.953752 0.300595 0
    outer loop
      vertex -26.5372 -0.923447 1.2
      vertex -26.608 -0.698807 0.799999
      vertex -26.608 -0.698807 1.2
    endloop
  endfacet
  facet normal 0.953752 0.300595 0
    outer loop
      vertex -26.608 -0.698807 0.799999
      vertex -26.5372 -0.923447 1.2
      vertex -26.5372 -0.923447 0.799999
    endloop
  endfacet
  facet normal 0.923793 0.382892 0
    outer loop
      vertex -26.447 -1.14107 1.2
      vertex -26.5372 -0.923447 0.799999
      vertex -26.5372 -0.923447 1.2
    endloop
  endfacet
  facet normal 0.923793 0.382892 0
    outer loop
      vertex -26.5372 -0.923447 0.799999
      vertex -26.447 -1.14107 1.2
      vertex -26.447 -1.14107 0.799999
    endloop
  endfacet
  facet normal 0.88711 0.461559 0
    outer loop
      vertex -26.3383 -1.34999 1.2
      vertex -26.447 -1.14107 0.799999
      vertex -26.447 -1.14107 1.2
    endloop
  endfacet
  facet normal 0.88711 0.461559 0
    outer loop
      vertex -26.447 -1.14107 0.799999
      vertex -26.3383 -1.34999 1.2
      vertex -26.3383 -1.34999 0.799999
    endloop
  endfacet
  facet normal 0.843315 0.537419 0
    outer loop
      vertex -26.2117 -1.54865 1.2
      vertex -26.3383 -1.34999 0.799999
      vertex -26.3383 -1.34999 1.2
    endloop
  endfacet
  facet normal 0.843315 0.537419 0
    outer loop
      vertex -26.3383 -1.34999 0.799999
      vertex -26.2117 -1.54865 1.2
      vertex -26.2117 -1.54865 0.799999
    endloop
  endfacet
  facet normal 0.793334 0.608787 0
    outer loop
      vertex -26.0683 -1.73552 1.2
      vertex -26.2117 -1.54865 0.799999
      vertex -26.2117 -1.54865 1.2
    endloop
  endfacet
  facet normal 0.793334 0.608787 0
    outer loop
      vertex -26.2117 -1.54865 0.799999
      vertex -26.0683 -1.73552 1.2
      vertex -26.0683 -1.73552 0.799999
    endloop
  endfacet
  facet normal 0.737341 0.675521 0
    outer loop
      vertex -25.9092 -1.90918 1.2
      vertex -26.0683 -1.73552 0.799999
      vertex -26.0683 -1.73552 1.2
    endloop
  endfacet
  facet normal 0.737341 0.675521 0
    outer loop
      vertex -26.0683 -1.73552 0.799999
      vertex -25.9092 -1.90918 1.2
      vertex -25.9092 -1.90918 0.799999
    endloop
  endfacet
  facet normal 0.675505 0.737355 -0
    outer loop
      vertex -25.7355 -2.06831 0.799999
      vertex -25.9092 -1.90918 1.2
      vertex -25.7355 -2.06831 1.2
    endloop
  endfacet
  facet normal 0.675505 0.737355 0
    outer loop
      vertex -25.9092 -1.90918 1.2
      vertex -25.7355 -2.06831 0.799999
      vertex -25.9092 -1.90918 0.799999
    endloop
  endfacet
  facet normal 0.608699 0.793401 -0
    outer loop
      vertex -25.5486 -2.2117 0.799999
      vertex -25.7355 -2.06831 1.2
      vertex -25.5486 -2.2117 1.2
    endloop
  endfacet
  facet normal 0.608699 0.793401 0
    outer loop
      vertex -25.7355 -2.06831 1.2
      vertex -25.5486 -2.2117 0.799999
      vertex -25.7355 -2.06831 0.799999
    endloop
  endfacet
  facet normal 0.537414 0.843319 -0
    outer loop
      vertex -25.35 -2.33826 0.799999
      vertex -25.5486 -2.2117 1.2
      vertex -25.35 -2.33826 1.2
    endloop
  endfacet
  facet normal 0.537414 0.843319 0
    outer loop
      vertex -25.5486 -2.2117 1.2
      vertex -25.35 -2.33826 0.799999
      vertex -25.5486 -2.2117 0.799999
    endloop
  endfacet
  facet normal 0.461794 0.886987 -0
    outer loop
      vertex -25.1411 -2.44702 0.799999
      vertex -25.35 -2.33826 1.2
      vertex -25.1411 -2.44702 1.2
    endloop
  endfacet
  facet normal 0.461794 0.886987 0
    outer loop
      vertex -25.35 -2.33826 1.2
      vertex -25.1411 -2.44702 0.799999
      vertex -25.35 -2.33826 0.799999
    endloop
  endfacet
  facet normal 0.382559 0.923931 -0
    outer loop
      vertex -24.9234 -2.53716 0.799999
      vertex -25.1411 -2.44702 1.2
      vertex -24.9234 -2.53716 1.2
    endloop
  endfacet
  facet normal 0.382559 0.923931 0
    outer loop
      vertex -25.1411 -2.44702 1.2
      vertex -24.9234 -2.53716 0.799999
      vertex -25.1411 -2.44702 0.799999
    endloop
  endfacet
  facet normal 0.300759 0.9537 -0
    outer loop
      vertex -24.6988 -2.60799 0.799999
      vertex -24.9234 -2.53716 1.2
      vertex -24.6988 -2.60799 1.2
    endloop
  endfacet
  facet normal 0.300759 0.9537 0
    outer loop
      vertex -24.9234 -2.53716 1.2
      vertex -24.6988 -2.60799 0.799999
      vertex -24.9234 -2.53716 0.799999
    endloop
  endfacet
  facet normal 0.2164 0.976305 -0
    outer loop
      vertex -24.4688 -2.65897 0.799999
      vertex -24.6988 -2.60799 1.2
      vertex -24.4688 -2.65897 1.2
    endloop
  endfacet
  facet normal 0.2164 0.976305 0
    outer loop
      vertex -24.6988 -2.60799 1.2
      vertex -24.4688 -2.65897 0.799999
      vertex -24.6988 -2.60799 0.799999
    endloop
  endfacet
  facet normal 0.130523 0.991445 -0
    outer loop
      vertex -24.2353 -2.68971 0.799999
      vertex -24.4688 -2.65897 1.2
      vertex -24.2353 -2.68971 1.2
    endloop
  endfacet
  facet normal 0.130523 0.991445 0
    outer loop
      vertex -24.4688 -2.65897 1.2
      vertex -24.2353 -2.68971 0.799999
      vertex -24.4688 -2.65897 0.799999
    endloop
  endfacet
  facet normal 0.0436896 0.999045 -0
    outer loop
      vertex -24 -2.7 0.799999
      vertex -24.2353 -2.68971 1.2
      vertex -24 -2.7 1.2
    endloop
  endfacet
  facet normal 0.0436896 0.999045 0
    outer loop
      vertex -24.2353 -2.68971 1.2
      vertex -24 -2.7 0.799999
      vertex -24.2353 -2.68971 0.799999
    endloop
  endfacet
  facet normal -0.0436896 0.999045 0
    outer loop
      vertex -23.7647 -2.68971 0.799999
      vertex -24 -2.7 1.2
      vertex -23.7647 -2.68971 1.2
    endloop
  endfacet
  facet normal -0.0436896 0.999045 0
    outer loop
      vertex -24 -2.7 1.2
      vertex -23.7647 -2.68971 0.799999
      vertex -24 -2.7 0.799999
    endloop
  endfacet
  facet normal -0.999836 0.018101 0
    outer loop
      vertex 27.1051 0.0735931 0.799999
      vertex 27.1075 0.206161 1.2
      vertex 27.1075 0.206161 0.799999
    endloop
  endfacet
  facet normal -0.999836 0.018101 0
    outer loop
      vertex 27.1075 0.206161 1.2
      vertex 27.1051 0.0735931 0.799999
      vertex 27.1051 0.0735931 1.2
    endloop
  endfacet
  facet normal -0.998413 0.0563107 0
    outer loop
      vertex 27.1075 0.206161 0.799999
      vertex 27.1146 0.332047 1.2
      vertex 27.1146 0.332047 0.799999
    endloop
  endfacet
  facet normal -0.998413 0.0563107 0
    outer loop
      vertex 27.1146 0.332047 1.2
      vertex 27.1075 0.206161 0.799999
      vertex 27.1075 0.206161 1.2
    endloop
  endfacet
  facet normal -0.995055 0.0993252 0
    outer loop
      vertex 27.1146 0.332047 0.799999
      vertex 27.1265 0.451263 1.2
      vertex 27.1265 0.451263 0.799999
    endloop
  endfacet
  facet normal -0.995055 0.0993252 0
    outer loop
      vertex 27.1265 0.451263 1.2
      vertex 27.1146 0.332047 0.799999
      vertex 27.1146 0.332047 1.2
    endloop
  endfacet
  facet normal -0.98917 0.146773 0
    outer loop
      vertex 27.1265 0.451263 0.799999
      vertex 27.1432 0.563812 1.2
      vertex 27.1432 0.563812 0.799999
    endloop
  endfacet
  facet normal -0.98917 0.146773 0
    outer loop
      vertex 27.1432 0.563812 1.2
      vertex 27.1265 0.451263 0.799999
      vertex 27.1265 0.451263 1.2
    endloop
  endfacet
  facet normal -0.980175 0.198135 0
    outer loop
      vertex 27.1432 0.563812 0.799999
      vertex 27.1646 0.669678 1.2
      vertex 27.1646 0.669678 0.799999
    endloop
  endfacet
  facet normal -0.980175 0.198135 0
    outer loop
      vertex 27.1646 0.669678 1.2
      vertex 27.1432 0.563812 0.799999
      vertex 27.1432 0.563812 1.2
    endloop
  endfacet
  facet normal -0.966845 0.255364 0
    outer loop
      vertex 27.1646 0.669678 0.799999
      vertex 27.1908 0.768875 1.2
      vertex 27.1908 0.768875 0.799999
    endloop
  endfacet
  facet normal -0.966845 0.255364 0
    outer loop
      vertex 27.1908 0.768875 1.2
      vertex 27.1646 0.669678 0.799999
      vertex 27.1646 0.669678 1.2
    endloop
  endfacet
  facet normal -0.9482 0.317675 0
    outer loop
      vertex 27.1908 0.768875 0.799999
      vertex 27.2218 0.861404 1.2
      vertex 27.2218 0.861404 0.799999
    endloop
  endfacet
  facet normal -0.9482 0.317675 0
    outer loop
      vertex 27.2218 0.861404 1.2
      vertex 27.1908 0.768875 0.799999
      vertex 27.1908 0.768875 1.2
    endloop
  endfacet
  facet normal -0.923341 0.383981 0
    outer loop
      vertex 27.2218 0.861404 0.799999
      vertex 27.2575 0.94725 1.2
      vertex 27.2575 0.94725 0.799999
    endloop
  endfacet
  facet normal -0.923341 0.383981 0
    outer loop
      vertex 27.2575 0.94725 1.2
      vertex 27.2218 0.861404 0.799999
      vertex 27.2218 0.861404 1.2
    endloop
  endfacet
  facet normal -0.890753 0.454489 0
    outer loop
      vertex 27.2575 0.94725 0.799999
      vertex 27.2979 1.02643 1.2
      vertex 27.2979 1.02643 0.799999
    endloop
  endfacet
  facet normal -0.890753 0.454489 0
    outer loop
      vertex 27.2979 1.02643 1.2
      vertex 27.2575 0.94725 0.799999
      vertex 27.2575 0.94725 1.2
    endloop
  endfacet
  facet normal -0.848622 0.528999 0
    outer loop
      vertex 27.2979 1.02643 0.799999
      vertex 27.3431 1.09894 1.2
      vertex 27.3431 1.09894 0.799999
    endloop
  endfacet
  facet normal -0.848622 0.528999 0
    outer loop
      vertex 27.3431 1.09894 1.2
      vertex 27.2979 1.02643 0.799999
      vertex 27.2979 1.02643 1.2
    endloop
  endfacet
  facet normal -0.798685 0.601749 0
    outer loop
      vertex 27.3431 1.09894 0.799999
      vertex 27.3926 1.16464 1.2
      vertex 27.3926 1.16464 0.799999
    endloop
  endfacet
  facet normal -0.798685 0.601749 0
    outer loop
      vertex 27.3926 1.16464 1.2
      vertex 27.3431 1.09894 0.799999
      vertex 27.3431 1.09894 1.2
    endloop
  endfacet
  facet normal -0.740852 0.671669 0
    outer loop
      vertex 27.3926 1.16464 0.799999
      vertex 27.4459 1.22343 1.2
      vertex 27.4459 1.22343 0.799999
    endloop
  endfacet
  facet normal -0.740852 0.671669 0
    outer loop
      vertex 27.4459 1.22343 1.2
      vertex 27.3926 1.16464 0.799999
      vertex 27.3926 1.16464 1.2
    endloop
  endfacet
  facet normal -0.672466 0.740128 0
    outer loop
      vertex 27.503 1.27531 0.799999
      vertex 27.4459 1.22343 1.2
      vertex 27.503 1.27531 1.2
    endloop
  endfacet
  facet normal -0.672466 0.740128 0
    outer loop
      vertex 27.4459 1.22343 1.2
      vertex 27.503 1.27531 0.799999
      vertex 27.4459 1.22343 0.799999
    endloop
  endfacet
  facet normal -0.594655 0.803981 0
    outer loop
      vertex 27.5638 1.32028 0.799999
      vertex 27.503 1.27531 1.2
      vertex 27.5638 1.32028 1.2
    endloop
  endfacet
  facet normal -0.594655 0.803981 0
    outer loop
      vertex 27.503 1.27531 1.2
      vertex 27.5638 1.32028 0.799999
      vertex 27.503 1.27531 0.799999
    endloop
  endfacet
  facet normal -0.506834 0.862044 0
    outer loop
      vertex 27.6285 1.35832 0.799999
      vertex 27.5638 1.32028 1.2
      vertex 27.6285 1.35832 1.2
    endloop
  endfacet
  facet normal -0.506834 0.862044 0
    outer loop
      vertex 27.5638 1.32028 1.2
      vertex 27.6285 1.35832 0.799999
      vertex 27.5638 1.32028 0.799999
    endloop
  endfacet
  facet normal -0.414234 0.91017 0
    outer loop
      vertex 27.6969 1.38945 0.799999
      vertex 27.6285 1.35832 1.2
      vertex 27.6969 1.38945 1.2
    endloop
  endfacet
  facet normal -0.414234 0.91017 0
    outer loop
      vertex 27.6285 1.35832 1.2
      vertex 27.6969 1.38945 0.799999
      vertex 27.6285 1.35832 0.799999
    endloop
  endfacet
  facet normal -0.317803 0.948157 0
    outer loop
      vertex 27.7691 1.41365 0.799999
      vertex 27.6969 1.38945 1.2
      vertex 27.7691 1.41365 1.2
    endloop
  endfacet
  facet normal -0.317803 0.948157 0
    outer loop
      vertex 27.6969 1.38945 1.2
      vertex 27.7691 1.41365 0.799999
      vertex 27.6969 1.38945 0.799999
    endloop
  endfacet
  facet normal -0.22211 0.975022 0
    outer loop
      vertex 27.845 1.43094 0.799999
      vertex 27.7691 1.41365 1.2
      vertex 27.845 1.43094 1.2
    endloop
  endfacet
  facet normal -0.22211 0.975022 0
    outer loop
      vertex 27.7691 1.41365 1.2
      vertex 27.845 1.43094 0.799999
      vertex 27.7691 1.41365 0.799999
    endloop
  endfacet
  facet normal -0.128866 0.991662 0
    outer loop
      vertex 27.9248 1.44131 0.799999
      vertex 27.845 1.43094 1.2
      vertex 27.9248 1.44131 1.2
    endloop
  endfacet
  facet normal -0.128866 0.991662 0
    outer loop
      vertex 27.845 1.43094 1.2
      vertex 27.9248 1.44131 0.799999
      vertex 27.845 1.43094 0.799999
    endloop
  endfacet
  facet normal -0.0414715 0.99914 0
    outer loop
      vertex 28.0084 1.44478 0.799999
      vertex 27.9248 1.44131 1.2
      vertex 28.0084 1.44478 1.2
    endloop
  endfacet
  facet normal -0.0414715 0.99914 0
    outer loop
      vertex 27.9248 1.44131 1.2
      vertex 28.0084 1.44478 0.799999
      vertex 27.9248 1.44131 0.799999
    endloop
  endfacet
  facet normal 0.0142177 0.999899 -0
    outer loop
      vertex 28.0513 1.44417 0.799999
      vertex 28.0084 1.44478 1.2
      vertex 28.0513 1.44417 1.2
    endloop
  endfacet
  facet normal 0.0142177 0.999899 0
    outer loop
      vertex 28.0084 1.44478 1.2
      vertex 28.0513 1.44417 0.799999
      vertex 28.0084 1.44478 0.799999
    endloop
  endfacet
  facet normal 0.0412741 0.999148 -0
    outer loop
      vertex 28.0956 1.44234 0.799999
      vertex 28.0513 1.44417 1.2
      vertex 28.0956 1.44234 1.2
    endloop
  endfacet
  facet normal 0.0412741 0.999148 0
    outer loop
      vertex 28.0513 1.44417 1.2
      vertex 28.0956 1.44234 0.799999
      vertex 28.0513 1.44417 0.799999
    endloop
  endfacet
  facet normal 0.0667369 0.997771 -0
    outer loop
      vertex 28.1412 1.43929 0.799999
      vertex 28.0956 1.44234 1.2
      vertex 28.1412 1.43929 1.2
    endloop
  endfacet
  facet normal 0.0667369 0.997771 0
    outer loop
      vertex 28.0956 1.44234 1.2
      vertex 28.1412 1.43929 0.799999
      vertex 28.0956 1.44234 0.799999
    endloop
  endfacet
  facet normal 0.0910729 0.995844 -0
    outer loop
      vertex 28.188 1.43501 0.799999
      vertex 28.1412 1.43929 1.2
      vertex 28.188 1.43501 1.2
    endloop
  endfacet
  facet normal 0.0910729 0.995844 0
    outer loop
      vertex 28.1412 1.43929 1.2
      vertex 28.188 1.43501 0.799999
      vertex 28.1412 1.43929 0.799999
    endloop
  endfacet
  facet normal 0.113169 0.993576 -0
    outer loop
      vertex 28.2362 1.42952 0.799999
      vertex 28.188 1.43501 1.2
      vertex 28.2362 1.42952 1.2
    endloop
  endfacet
  facet normal 0.113169 0.993576 0
    outer loop
      vertex 28.188 1.43501 1.2
      vertex 28.2362 1.42952 0.799999
      vertex 28.188 1.43501 0.799999
    endloop
  endfacet
  facet normal 0.134327 0.990937 -0
    outer loop
      vertex 28.2857 1.42281 0.799999
      vertex 28.2362 1.42952 1.2
      vertex 28.2857 1.42281 1.2
    endloop
  endfacet
  facet normal 0.134327 0.990937 0
    outer loop
      vertex 28.2362 1.42952 1.2
      vertex 28.2857 1.42281 0.799999
      vertex 28.2362 1.42952 0.799999
    endloop
  endfacet
  facet normal 0.154722 0.987958 -0
    outer loop
      vertex 28.3364 1.41487 0.799999
      vertex 28.2857 1.42281 1.2
      vertex 28.3364 1.41487 1.2
    endloop
  endfacet
  facet normal 0.154722 0.987958 0
    outer loop
      vertex 28.2857 1.42281 1.2
      vertex 28.3364 1.41487 0.799999
      vertex 28.2857 1.42281 0.799999
    endloop
  endfacet
  facet normal 0.172793 0.984958 -0
    outer loop
      vertex 28.3885 1.40573 0.799999
      vertex 28.3364 1.41487 1.2
      vertex 28.3885 1.40573 1.2
    endloop
  endfacet
  facet normal 0.172793 0.984958 0
    outer loop
      vertex 28.3364 1.41487 1.2
      vertex 28.3885 1.40573 0.799999
      vertex 28.3364 1.41487 0.799999
    endloop
  endfacet
  facet normal 0.190633 0.981661 -0
    outer loop
      vertex 28.4419 1.39536 0.799999
      vertex 28.3885 1.40573 1.2
      vertex 28.4419 1.39536 1.2
    endloop
  endfacet
  facet normal 0.190633 0.981661 0
    outer loop
      vertex 28.3885 1.40573 1.2
      vertex 28.4419 1.39536 0.799999
      vertex 28.3885 1.40573 0.799999
    endloop
  endfacet
  facet normal 0.207452 0.978245 -0
    outer loop
      vertex 28.4966 1.38376 0.799999
      vertex 28.4419 1.39536 1.2
      vertex 28.4966 1.38376 1.2
    endloop
  endfacet
  facet normal 0.207452 0.978245 0
    outer loop
      vertex 28.4419 1.39536 1.2
      vertex 28.4966 1.38376 0.799999
      vertex 28.4419 1.39536 0.799999
    endloop
  endfacet
  facet normal -1 0 0
    outer loop
      vertex 28.4966 1.38376 0.799999
      vertex 28.4966 2.33992 1.2
      vertex 28.4966 2.33992 0.799999
    endloop
  endfacet
  facet normal -1 -0 0
    outer loop
      vertex 28.4966 2.33992 1.2
      vertex 28.4966 1.38376 0.799999
      vertex 28.4966 1.38376 1.2
    endloop
  endfacet
  facet normal -0.38627 -0.922386 0
    outer loop
      vertex 28.4689 2.35152 0.799999
      vertex 28.4966 2.33992 1.2
      vertex 28.4689 2.35152 1.2
    endloop
  endfacet
  facet normal -0.38627 -0.922386 -0
    outer loop
      vertex 28.4966 2.33992 1.2
      vertex 28.4689 2.35152 0.799999
      vertex 28.4966 2.33992 0.799999
    endloop
  endfacet
  facet normal -0.33235 -0.943156 0
    outer loop
      vertex 28.4395 2.36188 0.799999
      vertex 28.4689 2.35152 1.2
      vertex 28.4395 2.36188 1.2
    endloop
  endfacet
  facet normal -0.33235 -0.943156 -0
    outer loop
      vertex 28.4689 2.35152 1.2
      vertex 28.4395 2.36188 0.799999
      vertex 28.4689 2.35152 0.799999
    endloop
  endfacet
  facet normal -0.28225 -0.959341 0
    outer loop
      vertex 28.4084 2.37103 0.799999
      vertex 28.4395 2.36188 1.2
      vertex 28.4084 2.37103 1.2
    endloop
  endfacet
  facet normal -0.28225 -0.959341 -0
    outer loop
      vertex 28.4395 2.36188 1.2
      vertex 28.4084 2.37103 0.799999
      vertex 28.4395 2.36188 0.799999
    endloop
  endfacet
  facet normal -0.234602 -0.972092 0
    outer loop
      vertex 28.3755 2.37897 0.799999
      vertex 28.4084 2.37103 1.2
      vertex 28.3755 2.37897 1.2
    endloop
  endfacet
  facet normal -0.234602 -0.972092 -0
    outer loop
      vertex 28.4084 2.37103 1.2
      vertex 28.3755 2.37897 0.799999
      vertex 28.4084 2.37103 0.799999
    endloop
  endfacet
  facet normal -0.190915 -0.981607 0
    outer loop
      vertex 28.341 2.38568 0.799999
      vertex 28.3755 2.37897 1.2
      vertex 28.341 2.38568 1.2
    endloop
  endfacet
  facet normal -0.190915 -0.981607 -0
    outer loop
      vertex 28.3755 2.37897 1.2
      vertex 28.341 2.38568 0.799999
      vertex 28.3755 2.37897 0.799999
    endloop
  endfacet
  facet normal -0.149539 -0.988756 0
    outer loop
      vertex 28.3047 2.39117 0.799999
      vertex 28.341 2.38568 1.2
      vertex 28.3047 2.39117 1.2
    endloop
  endfacet
  facet normal -0.149539 -0.988756 -0
    outer loop
      vertex 28.341 2.38568 1.2
      vertex 28.3047 2.39117 0.799999
      vertex 28.341 2.38568 0.799999
    endloop
  endfacet
  facet normal -0.112215 -0.993684 0
    outer loop
      vertex 28.2668 2.39545 0.799999
      vertex 28.3047 2.39117 1.2
      vertex 28.2668 2.39545 1.2
    endloop
  endfacet
  facet normal -0.112215 -0.993684 -0
    outer loop
      vertex 28.3047 2.39117 1.2
      vertex 28.2668 2.39545 0.799999
      vertex 28.3047 2.39117 0.799999
    endloop
  endfacet
  facet normal -0.0766005 -0.997062 0
    outer loop
      vertex 28.2271 2.3985 0.799999
      vertex 28.2668 2.39545 1.2
      vertex 28.2271 2.3985 1.2
    endloop
  endfacet
  facet normal -0.0766005 -0.997062 -0
    outer loop
      vertex 28.2668 2.39545 1.2
      vertex 28.2271 2.3985 0.799999
      vertex 28.2668 2.39545 0.799999
    endloop
  endfacet
  facet normal -0.0441598 -0.999024 0
    outer loop
      vertex 28.1857 2.40033 0.799999
      vertex 28.2271 2.3985 1.2
      vertex 28.1857 2.40033 1.2
    endloop
  endfacet
  facet normal -0.0441598 -0.999024 -0
    outer loop
      vertex 28.2271 2.3985 1.2
      vertex 28.1857 2.40033 0.799999
      vertex 28.2271 2.3985 0.799999
    endloop
  endfacet
  facet normal -0.0141517 -0.9999 0
    outer loop
      vertex 28.1426 2.40094 0.799999
      vertex 28.1857 2.40033 1.2
      vertex 28.1426 2.40094 1.2
    endloop
  endfacet
  facet normal -0.0141517 -0.9999 -0
    outer loop
      vertex 28.1857 2.40033 1.2
      vertex 28.1426 2.40094 0.799999
      vertex 28.1857 2.40033 0.799999
    endloop
  endfacet
  facet normal 0.0174216 -0.999848 0
    outer loop
      vertex 28.0898 2.40002 0.799999
      vertex 28.1426 2.40094 1.2
      vertex 28.0898 2.40002 1.2
    endloop
  endfacet
  facet normal 0.0174216 -0.999848 0
    outer loop
      vertex 28.1426 2.40094 1.2
      vertex 28.0898 2.40002 0.799999
      vertex 28.1426 2.40094 0.799999
    endloop
  endfacet
  facet normal 0.0536481 -0.99856 0
    outer loop
      vertex 28.0388 2.39728 0.799999
      vertex 28.0898 2.40002 1.2
      vertex 28.0388 2.39728 1.2
    endloop
  endfacet
  facet normal 0.0536481 -0.99856 0
    outer loop
      vertex 28.0898 2.40002 1.2
      vertex 28.0388 2.39728 0.799999
      vertex 28.0898 2.40002 0.799999
    endloop
  endfacet
  facet normal 0.0926887 -0.995695 0
    outer loop
      vertex 27.9896 2.3927 0.799999
      vertex 28.0388 2.39728 1.2
      vertex 27.9896 2.3927 1.2
    endloop
  endfacet
  facet normal 0.0926887 -0.995695 0
    outer loop
      vertex 28.0388 2.39728 1.2
      vertex 27.9896 2.3927 0.799999
      vertex 28.0388 2.39728 0.799999
    endloop
  endfacet
  facet normal 0.133735 -0.991017 0
    outer loop
      vertex 27.9421 2.38629 0.799999
      vertex 27.9896 2.3927 1.2
      vertex 27.9421 2.38629 1.2
    endloop
  endfacet
  facet normal 0.133735 -0.991017 0
    outer loop
      vertex 27.9896 2.3927 1.2
      vertex 27.9421 2.38629 0.799999
      vertex 27.9896 2.3927 0.799999
    endloop
  endfacet
  facet normal 0.177822 -0.984063 0
    outer loop
      vertex 27.8965 2.37805 0.799999
      vertex 27.9421 2.38629 1.2
      vertex 27.8965 2.37805 1.2
    endloop
  endfacet
  facet normal 0.177822 -0.984063 0
    outer loop
      vertex 27.9421 2.38629 1.2
      vertex 27.8965 2.37805 0.799999
      vertex 27.9421 2.38629 0.799999
    endloop
  endfacet
  facet normal 0.223578 -0.974686 0
    outer loop
      vertex 27.8526 2.36798 0.799999
      vertex 27.8965 2.37805 1.2
      vertex 27.8526 2.36798 1.2
    endloop
  endfacet
  facet normal 0.223578 -0.974686 0
    outer loop
      vertex 27.8965 2.37805 1.2
      vertex 27.8526 2.36798 0.799999
      vertex 27.8965 2.37805 0.799999
    endloop
  endfacet
  facet normal 0.272003 -0.962296 0
    outer loop
      vertex 27.8105 2.35608 0.799999
      vertex 27.8526 2.36798 1.2
      vertex 27.8105 2.35608 1.2
    endloop
  endfacet
  facet normal 0.272003 -0.962296 0
    outer loop
      vertex 27.8526 2.36798 1.2
      vertex 27.8105 2.35608 0.799999
      vertex 27.8526 2.36798 0.799999
    endloop
  endfacet
  facet normal 0.322492 -0.946572 0
    outer loop
      vertex 27.7702 2.34235 0.799999
      vertex 27.8105 2.35608 1.2
      vertex 27.7702 2.34235 1.2
    endloop
  endfacet
  facet normal 0.322492 -0.946572 0
    outer loop
      vertex 27.8105 2.35608 1.2
      vertex 27.7702 2.34235 0.799999
      vertex 27.8105 2.35608 0.799999
    endloop
  endfacet
  facet normal 0.375963 -0.926635 0
    outer loop
      vertex 27.7318 2.32677 0.799999
      vertex 27.7702 2.34235 1.2
      vertex 27.7318 2.32677 1.2
    endloop
  endfacet
  facet normal 0.375963 -0.926635 0
    outer loop
      vertex 27.7702 2.34235 1.2
      vertex 27.7318 2.32677 0.799999
      vertex 27.7702 2.34235 0.799999
    endloop
  endfacet
  facet normal 0.427453 -0.904038 0
    outer loop
      vertex 27.695 2.30937 0.799999
      vertex 27.7318 2.32677 1.2
      vertex 27.695 2.30937 1.2
    endloop
  endfacet
  facet normal 0.427453 -0.904038 0
    outer loop
      vertex 27.7318 2.32677 1.2
      vertex 27.695 2.30937 0.799999
      vertex 27.7318 2.32677 0.799999
    endloop
  endfacet
  facet normal 0.479148 -0.877734 0
    outer loop
      vertex 27.6597 2.2901 0.799999
      vertex 27.695 2.30937 1.2
      vertex 27.6597 2.2901 1.2
    endloop
  endfacet
  facet normal 0.479148 -0.877734 0
    outer loop
      vertex 27.695 2.30937 1.2
      vertex 27.6597 2.2901 0.799999
      vertex 27.695 2.30937 0.799999
    endloop
  endfacet
  facet normal 0.526116 -0.850413 0
    outer loop
      vertex 27.6254 2.26888 0.799999
      vertex 27.6597 2.2901 1.2
      vertex 27.6254 2.26888 1.2
    endloop
  endfacet
  facet normal 0.526116 -0.850413 0
    outer loop
      vertex 27.6597 2.2901 1.2
      vertex 27.6254 2.26888 0.799999
      vertex 27.6597 2.2901 0.799999
    endloop
  endfacet
  facet normal 0.570488 -0.821306 0
    outer loop
      vertex 27.592 2.24568 0.799999
      vertex 27.6254 2.26888 1.2
      vertex 27.592 2.24568 1.2
    endloop
  endfacet
  facet normal 0.570488 -0.821306 0
    outer loop
      vertex 27.6254 2.26888 1.2
      vertex 27.592 2.24568 0.799999
      vertex 27.6254 2.26888 0.799999
    endloop
  endfacet
  facet normal 0.614211 -0.789142 0
    outer loop
      vertex 27.5597 2.22054 0.799999
      vertex 27.592 2.24568 1.2
      vertex 27.5597 2.22054 1.2
    endloop
  endfacet
  facet normal 0.614211 -0.789142 0
    outer loop
      vertex 27.592 2.24568 1.2
      vertex 27.5597 2.22054 0.799999
      vertex 27.592 2.24568 0.799999
    endloop
  endfacet
  facet normal 0.653369 -0.75704 0
    outer loop
      vertex 27.5283 2.19344 0.799999
      vertex 27.5597 2.22054 1.2
      vertex 27.5283 2.19344 1.2
    endloop
  endfacet
  facet normal 0.653369 -0.75704 0
    outer loop
      vertex 27.5597 2.22054 1.2
      vertex 27.5283 2.19344 0.799999
      vertex 27.5597 2.22054 0.799999
    endloop
  endfacet
  facet normal 0.68956 -0.724228 0
    outer loop
      vertex 27.4978 2.1644 0.799999
      vertex 27.5283 2.19344 1.2
      vertex 27.4978 2.1644 1.2
    endloop
  endfacet
  facet normal 0.68956 -0.724228 0
    outer loop
      vertex 27.5283 2.19344 1.2
      vertex 27.4978 2.1644 0.799999
      vertex 27.5283 2.19344 0.799999
    endloop
  endfacet
  facet normal 0.725694 -0.688017 0
    outer loop
      vertex 27.4684 2.13339 1.2
      vertex 27.4978 2.1644 0.799999
      vertex 27.4978 2.1644 1.2
    endloop
  endfacet
  facet normal 0.725694 -0.688017 0
    outer loop
      vertex 27.4978 2.1644 0.799999
      vertex 27.4684 2.13339 1.2
      vertex 27.4684 2.13339 0.799999
    endloop
  endfacet
  facet normal 0.756529 -0.65396 0
    outer loop
      vertex 27.4399 2.10042 1.2
      vertex 27.4684 2.13339 0.799999
      vertex 27.4684 2.13339 1.2
    endloop
  endfacet
  facet normal 0.756529 -0.65396 0
    outer loop
      vertex 27.4684 2.13339 0.799999
      vertex 27.4399 2.10042 1.2
      vertex 27.4399 2.10042 0.799999
    endloop
  endfacet
  facet normal 0.785545 -0.618805 0
    outer loop
      vertex 27.4124 2.06551 1.2
      vertex 27.4399 2.10042 0.799999
      vertex 27.4399 2.10042 1.2
    endloop
  endfacet
  facet normal 0.785545 -0.618805 0
    outer loop
      vertex 27.4399 2.10042 0.799999
      vertex 27.4124 2.06551 1.2
      vertex 27.4124 2.06551 0.799999
    endloop
  endfacet
  facet normal 0.812019 -0.583632 0
    outer loop
      vertex 27.3859 2.02864 1.2
      vertex 27.4124 2.06551 0.799999
      vertex 27.4124 2.06551 1.2
    endloop
  endfacet
  facet normal 0.812019 -0.583632 0
    outer loop
      vertex 27.4124 2.06551 0.799999
      vertex 27.3859 2.02864 1.2
      vertex 27.3859 2.02864 0.799999
    endloop
  endfacet
  facet normal 0.838288 -0.545228 0
    outer loop
      vertex 27.3595 1.98805 1.2
      vertex 27.3859 2.02864 0.799999
      vertex 27.3859 2.02864 1.2
    endloop
  endfacet
  facet normal 0.838288 -0.545228 0
    outer loop
      vertex 27.3859 2.02864 0.799999
      vertex 27.3595 1.98805 1.2
      vertex 27.3595 1.98805 0.799999
    endloop
  endfacet
  facet normal 0.861165 -0.508326 0
    outer loop
      vertex 27.3323 1.94197 1.2
      vertex 27.3595 1.98805 0.799999
      vertex 27.3595 1.98805 1.2
    endloop
  endfacet
  facet normal 0.861165 -0.508326 0
    outer loop
      vertex 27.3595 1.98805 0.799999
      vertex 27.3323 1.94197 1.2
      vertex 27.3323 1.94197 0.799999
    endloop
  endfacet
  facet normal 0.879494 -0.475909 0
    outer loop
      vertex 27.3044 1.89041 1.2
      vertex 27.3323 1.94197 0.799999
      vertex 27.3323 1.94197 1.2
    endloop
  endfacet
  facet normal 0.879494 -0.475909 0
    outer loop
      vertex 27.3323 1.94197 0.799999
      vertex 27.3044 1.89041 1.2
      vertex 27.3044 1.89041 0.799999
    endloop
  endfacet
  facet normal 0.89402 -0.448028 0
    outer loop
      vertex 27.2758 1.83334 1.2
      vertex 27.3044 1.89041 0.799999
      vertex 27.3044 1.89041 1.2
    endloop
  endfacet
  facet normal 0.89402 -0.448028 0
    outer loop
      vertex 27.3044 1.89041 0.799999
      vertex 27.2758 1.83334 1.2
      vertex 27.2758 1.83334 0.799999
    endloop
  endfacet
  facet normal 0.905598 -0.424137 0
    outer loop
      vertex 27.2465 1.77078 1.2
      vertex 27.2758 1.83334 0.799999
      vertex 27.2758 1.83334 1.2
    endloop
  endfacet
  facet normal 0.905598 -0.424137 0
    outer loop
      vertex 27.2758 1.83334 0.799999
      vertex 27.2465 1.77078 1.2
      vertex 27.2465 1.77078 0.799999
    endloop
  endfacet
  facet normal 0.914509 -0.404567 0
    outer loop
      vertex 27.2164 1.70274 1.2
      vertex 27.2465 1.77078 0.799999
      vertex 27.2465 1.77078 1.2
    endloop
  endfacet
  facet normal 0.914509 -0.404567 0
    outer loop
      vertex 27.2465 1.77078 0.799999
      vertex 27.2164 1.70274 1.2
      vertex 27.2164 1.70274 0.799999
    endloop
  endfacet
  facet normal 0.92237 -0.386307 0
    outer loop
      vertex 27.1856 1.6292 1.2
      vertex 27.2164 1.70274 0.799999
      vertex 27.2164 1.70274 1.2
    endloop
  endfacet
  facet normal 0.92237 -0.386307 0
    outer loop
      vertex 27.2164 1.70274 0.799999
      vertex 27.1856 1.6292 1.2
      vertex 27.1856 1.6292 0.799999
    endloop
  endfacet
  facet normal 0.928946 -0.370215 0
    outer loop
      vertex 27.1541 1.55016 1.2
      vertex 27.1856 1.6292 0.799999
      vertex 27.1856 1.6292 1.2
    endloop
  endfacet
  facet normal 0.928946 -0.370215 0
    outer loop
      vertex 27.1856 1.6292 0.799999
      vertex 27.1541 1.55016 1.2
      vertex 27.1541 1.55016 0.799999
    endloop
  endfacet
  facet normal 0.934141 -0.356905 0
    outer loop
      vertex 27.1218 1.46562 1.2
      vertex 27.1541 1.55016 0.799999
      vertex 27.1541 1.55016 1.2
    endloop
  endfacet
  facet normal 0.934141 -0.356905 0
    outer loop
      vertex 27.1541 1.55016 0.799999
      vertex 27.1218 1.46562 1.2
      vertex 27.1218 1.46562 0.799999
    endloop
  endfacet
  facet normal 0.938901 -0.344187 0
    outer loop
      vertex 27.0888 1.3756 1.2
      vertex 27.1218 1.46562 0.799999
      vertex 27.1218 1.46562 1.2
    endloop
  endfacet
  facet normal 0.938901 -0.344187 0
    outer loop
      vertex 27.1218 1.46562 0.799999
      vertex 27.0888 1.3756 1.2
      vertex 27.0888 1.3756 0.799999
    endloop
  endfacet
  facet normal 0 -1 0
    outer loop
      vertex 27.0725 1.3756 0.799999
      vertex 27.0888 1.3756 1.2
      vertex 27.0725 1.3756 1.2
    endloop
  endfacet
  facet normal 0 -1 -0
    outer loop
      vertex 27.0888 1.3756 1.2
      vertex 27.0725 1.3756 0.799999
      vertex 27.0888 1.3756 0.799999
    endloop
  endfacet
  facet normal -0.999972 -0.00742646 0
    outer loop
      vertex 27.0725 1.3756 0.799999
      vertex 27.0723 1.40253 1.2
      vertex 27.0723 1.40253 0.799999
    endloop
  endfacet
  facet normal -0.999972 -0.00742646 0
    outer loop
      vertex 27.0723 1.40253 1.2
      vertex 27.0725 1.3756 0.799999
      vertex 27.0725 1.3756 1.2
    endloop
  endfacet
  facet normal -0.999823 -0.0187937 0
    outer loop
      vertex 27.0723 1.40253 0.799999
      vertex 27.0717 1.43445 1.2
      vertex 27.0717 1.43445 0.799999
    endloop
  endfacet
  facet normal -0.999823 -0.0187937 0
    outer loop
      vertex 27.0717 1.43445 1.2
      vertex 27.0723 1.40253 0.799999
      vertex 27.0723 1.40253 1.2
    endloop
  endfacet
  facet normal -0.999633 -0.0270757 0
    outer loop
      vertex 27.0717 1.43445 0.799999
      vertex 27.0707 1.47137 1.2
      vertex 27.0707 1.47137 0.799999
    endloop
  endfacet
  facet normal -0.999633 -0.0270757 0
    outer loop
      vertex 27.0707 1.47137 1.2
      vertex 27.0717 1.43445 0.799999
      vertex 27.0717 1.43445 1.2
    endloop
  endfacet
  facet normal -0.999443 -0.0333624 0
    outer loop
      vertex 27.0707 1.47137 0.799999
      vertex 27.0693 1.51331 1.2
      vertex 27.0693 1.51331 0.799999
    endloop
  endfacet
  facet normal -0.999443 -0.0333624 0
    outer loop
      vertex 27.0693 1.51331 1.2
      vertex 27.0707 1.47137 0.799999
      vertex 27.0707 1.47137 1.2
    endloop
  endfacet
  facet normal -0.999265 -0.0383268 0
    outer loop
      vertex 27.0693 1.51331 0.799999
      vertex 27.0675 1.56024 1.2
      vertex 27.0675 1.56024 0.799999
    endloop
  endfacet
  facet normal -0.999265 -0.0383268 0
    outer loop
      vertex 27.0675 1.56024 1.2
      vertex 27.0693 1.51331 0.799999
      vertex 27.0693 1.51331 1.2
    endloop
  endfacet
  facet normal -0.999021 -0.0442385 0
    outer loop
      vertex 27.0675 1.56024 0.799999
      vertex 27.0652 1.61218 1.2
      vertex 27.0652 1.61218 0.799999
    endloop
  endfacet
  facet normal -0.999021 -0.0442385 0
    outer loop
      vertex 27.0652 1.61218 1.2
      vertex 27.0675 1.56024 0.799999
      vertex 27.0675 1.56024 1.2
    endloop
  endfacet
  facet normal -0.998959 -0.0456066 0
    outer loop
      vertex 27.0652 1.61218 0.799999
      vertex 27.0626 1.66913 1.2
      vertex 27.0626 1.66913 0.799999
    endloop
  endfacet
  facet normal -0.998959 -0.0456066 0
    outer loop
      vertex 27.0626 1.66913 1.2
      vertex 27.0652 1.61218 0.799999
      vertex 27.0652 1.61218 1.2
    endloop
  endfacet
  facet normal -0.99875 -0.0499778 0
    outer loop
      vertex 27.0626 1.66913 0.799999
      vertex 27.0595 1.73108 1.2
      vertex 27.0595 1.73108 0.799999
    endloop
  endfacet
  facet normal -0.99875 -0.0499778 0
    outer loop
      vertex 27.0595 1.73108 1.2
      vertex 27.0626 1.66913 0.799999
      vertex 27.0626 1.66913 1.2
    endloop
  endfacet
  facet normal -0.998713 -0.0507188 0
    outer loop
      vertex 27.0595 1.73108 0.799999
      vertex 27.0561 1.79803 1.2
      vertex 27.0561 1.79803 0.799999
    endloop
  endfacet
  facet normal -0.998713 -0.0507188 0
    outer loop
      vertex 27.0561 1.79803 1.2
      vertex 27.0595 1.73108 0.799999
      vertex 27.0595 1.73108 1.2
    endloop
  endfacet
  facet normal -0.998535 -0.0541099 0
    outer loop
      vertex 27.0561 1.79803 0.799999
      vertex 27.0522 1.87 1.2
      vertex 27.0522 1.87 0.799999
    endloop
  endfacet
  facet normal -0.998535 -0.0541099 0
    outer loop
      vertex 27.0522 1.87 1.2
      vertex 27.0561 1.79803 0.799999
      vertex 27.0561 1.79803 1.2
    endloop
  endfacet
  facet normal -0.998437 -0.0558801 0
    outer loop
      vertex 27.0522 1.87 0.799999
      vertex 27.0482 1.94147 1.2
      vertex 27.0482 1.94147 0.799999
    endloop
  endfacet
  facet normal -0.998437 -0.0558801 0
    outer loop
      vertex 27.0482 1.94147 1.2
      vertex 27.0522 1.87 0.799999
      vertex 27.0522 1.87 1.2
    endloop
  endfacet
  facet normal -0.998321 -0.0579267 0
    outer loop
      vertex 27.0482 1.94147 0.799999
      vertex 27.0444 2.00696 1.2
      vertex 27.0444 2.00696 0.799999
    endloop
  endfacet
  facet normal -0.998321 -0.0579267 0
    outer loop
      vertex 27.0444 2.00696 1.2
      vertex 27.0482 1.94147 0.799999
      vertex 27.0482 1.94147 1.2
    endloop
  endfacet
  facet normal -0.998071 -0.0620754 0
    outer loop
      vertex 27.0444 2.00696 0.799999
      vertex 27.0407 2.06645 1.2
      vertex 27.0407 2.06645 0.799999
    endloop
  endfacet
  facet normal -0.998071 -0.0620754 0
    outer loop
      vertex 27.0407 2.06645 1.2
      vertex 27.0444 2.00696 0.799999
      vertex 27.0444 2.00696 1.2
    endloop
  endfacet
  facet normal -0.997869 -0.0652446 0
    outer loop
      vertex 27.0407 2.06645 0.799999
      vertex 27.0372 2.11998 1.2
      vertex 27.0372 2.11998 0.799999
    endloop
  endfacet
  facet normal -0.997869 -0.0652446 0
    outer loop
      vertex 27.0372 2.11998 1.2
      vertex 27.0407 2.06645 0.799999
      vertex 27.0407 2.06645 1.2
    endloop
  endfacet
  facet normal -0.9976 -0.0692341 0
    outer loop
      vertex 27.0372 2.11998 0.799999
      vertex 27.0339 2.16753 1.2
      vertex 27.0339 2.16753 0.799999
    endloop
  endfacet
  facet normal -0.9976 -0.0692341 0
    outer loop
      vertex 27.0339 2.16753 1.2
      vertex 27.0372 2.11998 0.799999
      vertex 27.0372 2.11998 1.2
    endloop
  endfacet
  facet normal -0.997047 -0.0767882 0
    outer loop
      vertex 27.0339 2.16753 0.799999
      vertex 27.0307 2.20908 1.2
      vertex 27.0307 2.20908 0.799999
    endloop
  endfacet
  facet normal -0.997047 -0.0767882 0
    outer loop
      vertex 27.0307 2.20908 1.2
      vertex 27.0339 2.16753 0.799999
      vertex 27.0339 2.16753 1.2
    endloop
  endfacet
  facet normal -0.996464 -0.0840189 0
    outer loop
      vertex 27.0307 2.20908 0.799999
      vertex 27.0277 2.24466 1.2
      vertex 27.0277 2.24466 0.799999
    endloop
  endfacet
  facet normal -0.996464 -0.0840189 0
    outer loop
      vertex 27.0277 2.24466 1.2
      vertex 27.0307 2.20908 0.799999
      vertex 27.0307 2.20908 1.2
    endloop
  endfacet
  facet normal -0.995232 -0.0975388 0
    outer loop
      vertex 27.0277 2.24466 0.799999
      vertex 27.0248 2.27425 1.2
      vertex 27.0248 2.27425 0.799999
    endloop
  endfacet
  facet normal -0.995232 -0.0975388 0
    outer loop
      vertex 27.0248 2.27425 1.2
      vertex 27.0277 2.24466 0.799999
      vertex 27.0277 2.24466 1.2
    endloop
  endfacet
  facet normal -0.993996 -0.109415 0
    outer loop
      vertex 27.0248 2.27425 0.799999
      vertex 27.0222 2.29787 1.2
      vertex 27.0222 2.29787 0.799999
    endloop
  endfacet
  facet normal -0.993996 -0.109415 0
    outer loop
      vertex 27.0222 2.29787 1.2
      vertex 27.0248 2.27425 0.799999
      vertex 27.0248 2.27425 1.2
    endloop
  endfacet
  facet normal -0.989288 -0.145979 0
    outer loop
      vertex 27.0222 2.29787 0.799999
      vertex 27.0196 2.31549 1.2
      vertex 27.0196 2.31549 0.799999
    endloop
  endfacet
  facet normal -0.989288 -0.145979 0
    outer loop
      vertex 27.0196 2.31549 1.2
      vertex 27.0222 2.29787 0.799999
      vertex 27.0222 2.29787 1.2
    endloop
  endfacet
  facet normal 0 -1 0
    outer loop
      vertex 25.9292 2.31549 0.799999
      vertex 27.0196 2.31549 1.2
      vertex 25.9292 2.31549 1.2
    endloop
  endfacet
  facet normal 0 -1 -0
    outer loop
      vertex 27.0196 2.31549 1.2
      vertex 25.9292 2.31549 0.799999
      vertex 27.0196 2.31549 0.799999
    endloop
  endfacet
  facet normal 0.997838 0.0657164 0
    outer loop
      vertex 25.9317 2.27753 1.2
      vertex 25.9292 2.31549 0.799999
      vertex 25.9292 2.31549 1.2
    endloop
  endfacet
  facet normal 0.997838 0.0657164 0
    outer loop
      vertex 25.9292 2.31549 0.799999
      vertex 25.9317 2.27753 1.2
      vertex 25.9317 2.27753 0.799999
    endloop
  endfacet
  facet normal 0.998273 0.058752 0
    outer loop
      vertex 25.934 2.23845 1.2
      vertex 25.9317 2.27753 0.799999
      vertex 25.9317 2.27753 1.2
    endloop
  endfacet
  facet normal 0.998273 0.058752 0
    outer loop
      vertex 25.9317 2.27753 0.799999
      vertex 25.934 2.23845 1.2
      vertex 25.934 2.23845 0.799999
    endloop
  endfacet
  facet normal 0.998221 0.0596249 0
    outer loop
      vertex 25.9364 2.19827 1.2
      vertex 25.934 2.23845 0.799999
      vertex 25.934 2.23845 1.2
    endloop
  endfacet
  facet normal 0.998221 0.0596249 0
    outer loop
      vertex 25.934 2.23845 0.799999
      vertex 25.9364 2.19827 1.2
      vertex 25.9364 2.19827 0.799999
    endloop
  endfacet
  facet normal 0.998451 0.0556442 0
    outer loop
      vertex 25.9387 2.157 1.2
      vertex 25.9364 2.19827 0.799999
      vertex 25.9364 2.19827 1.2
    endloop
  endfacet
  facet normal 0.998451 0.0556442 0
    outer loop
      vertex 25.9364 2.19827 0.799999
      vertex 25.9387 2.157 1.2
      vertex 25.9387 2.157 0.799999
    endloop
  endfacet
  facet normal 0.998655 0.0518415 0
    outer loop
      vertex 25.9409 2.11462 1.2
      vertex 25.9387 2.157 0.799999
      vertex 25.9387 2.157 1.2
    endloop
  endfacet
  facet normal 0.998655 0.0518415 0
    outer loop
      vertex 25.9387 2.157 0.799999
      vertex 25.9409 2.11462 1.2
      vertex 25.9409 2.11462 0.799999
    endloop
  endfacet
  facet normal 0.998722 0.0505333 0
    outer loop
      vertex 25.9431 2.07114 1.2
      vertex 25.9409 2.11462 0.799999
      vertex 25.9409 2.11462 1.2
    endloop
  endfacet
  facet normal 0.998722 0.0505333 0
    outer loop
      vertex 25.9409 2.11462 0.799999
      vertex 25.9431 2.07114 1.2
      vertex 25.9431 2.07114 0.799999
    endloop
  endfacet
  facet normal 0.998784 0.0493005 0
    outer loop
      vertex 25.9453 2.02657 1.2
      vertex 25.9431 2.07114 0.799999
      vertex 25.9431 2.07114 1.2
    endloop
  endfacet
  facet normal 0.998784 0.0493005 0
    outer loop
      vertex 25.9431 2.07114 0.799999
      vertex 25.9453 2.02657 1.2
      vertex 25.9453 2.02657 0.799999
    endloop
  endfacet
  facet normal 0.998944 0.0459335 0
    outer loop
      vertex 25.9474 1.9809 1.2
      vertex 25.9453 2.02657 0.799999
      vertex 25.9453 2.02657 1.2
    endloop
  endfacet
  facet normal 0.998944 0.0459335 0
    outer loop
      vertex 25.9453 2.02657 0.799999
      vertex 25.9474 1.9809 1.2
      vertex 25.9474 1.9809 0.799999
    endloop
  endfacet
  facet normal 0.998993 0.0448554 0
    outer loop
      vertex 25.9495 1.93413 1.2
      vertex 25.9474 1.9809 0.799999
      vertex 25.9474 1.9809 1.2
    endloop
  endfacet
  facet normal 0.998993 0.0448554 0
    outer loop
      vertex 25.9474 1.9809 0.799999
      vertex 25.9495 1.93413 1.2
      vertex 25.9495 1.93413 0.799999
    endloop
  endfacet
  facet normal 0.999039 0.0438267 0
    outer loop
      vertex 25.9516 1.88626 1.2
      vertex 25.9495 1.93413 0.799999
      vertex 25.9495 1.93413 1.2
    endloop
  endfacet
  facet normal 0.999039 0.0438267 0
    outer loop
      vertex 25.9495 1.93413 0.799999
      vertex 25.9516 1.88626 1.2
      vertex 25.9516 1.88626 0.799999
    endloop
  endfacet
  facet normal 0.999268 0.038263 0
    outer loop
      vertex 25.9535 1.83664 1.2
      vertex 25.9516 1.88626 0.799999
      vertex 25.9516 1.88626 1.2
    endloop
  endfacet
  facet normal 0.999268 0.038263 0
    outer loop
      vertex 25.9516 1.88626 0.799999
      vertex 25.9535 1.83664 1.2
      vertex 25.9535 1.83664 0.799999
    endloop
  endfacet
  facet normal 0.999466 0.0326623 0
    outer loop
      vertex 25.9552 1.78462 1.2
      vertex 25.9535 1.83664 0.799999
      vertex 25.9535 1.83664 1.2
    endloop
  endfacet
  facet normal 0.999466 0.0326623 0
    outer loop
      vertex 25.9535 1.83664 0.799999
      vertex 25.9552 1.78462 1.2
      vertex 25.9552 1.78462 0.799999
    endloop
  endfacet
  facet normal 0.999568 0.0293829 0
    outer loop
      vertex 25.9568 1.73019 1.2
      vertex 25.9552 1.78462 0.799999
      vertex 25.9552 1.78462 1.2
    endloop
  endfacet
  facet normal 0.999568 0.0293829 0
    outer loop
      vertex 25.9552 1.78462 0.799999
      vertex 25.9568 1.73019 1.2
      vertex 25.9568 1.73019 0.799999
    endloop
  endfacet
  facet normal 0.999738 0.0228733 0
    outer loop
      vertex 25.9581 1.67337 1.2
      vertex 25.9568 1.73019 0.799999
      vertex 25.9568 1.73019 1.2
    endloop
  endfacet
  facet normal 0.999738 0.0228733 0
    outer loop
      vertex 25.9568 1.73019 0.799999
      vertex 25.9581 1.67337 1.2
      vertex 25.9581 1.67337 0.799999
    endloop
  endfacet
  facet normal 0.999828 0.0185716 0
    outer loop
      vertex 25.9592 1.61415 1.2
      vertex 25.9581 1.67337 0.799999
      vertex 25.9581 1.67337 1.2
    endloop
  endfacet
  facet normal 0.999828 0.0185716 0
    outer loop
      vertex 25.9581 1.67337 0.799999
      vertex 25.9592 1.61415 1.2
      vertex 25.9592 1.61415 0.799999
    endloop
  endfacet
  facet normal 0.999893 0.0146065 0
    outer loop
      vertex 25.9601 1.55254 1.2
      vertex 25.9592 1.61415 0.799999
      vertex 25.9592 1.61415 1.2
    endloop
  endfacet
  facet normal 0.999893 0.0146065 0
    outer loop
      vertex 25.9592 1.61415 0.799999
      vertex 25.9601 1.55254 1.2
      vertex 25.9601 1.55254 0.799999
    endloop
  endfacet
  facet normal 0.99994 0.0109317 0
    outer loop
      vertex 25.9608 1.48851 1.2
      vertex 25.9601 1.55254 0.799999
      vertex 25.9601 1.55254 1.2
    endloop
  endfacet
  facet normal 0.99994 0.0109317 0
    outer loop
      vertex 25.9601 1.55254 0.799999
      vertex 25.9608 1.48851 1.2
      vertex 25.9608 1.48851 0.799999
    endloop
  endfacet
  facet normal 0.999972 0.00752877 0
    outer loop
      vertex 25.9613 1.4221 1.2
      vertex 25.9608 1.48851 0.799999
      vertex 25.9608 1.48851 1.2
    endloop
  endfacet
  facet normal 0.999972 0.00752877 0
    outer loop
      vertex 25.9608 1.48851 0.799999
      vertex 25.9613 1.4221 1.2
      vertex 25.9613 1.4221 0.799999
    endloop
  endfacet
  facet normal 0.999983 0.00581132 0
    outer loop
      vertex 25.9617 1.35327 1.2
      vertex 25.9613 1.4221 0.799999
      vertex 25.9613 1.4221 1.2
    endloop
  endfacet
  facet normal 0.999983 0.00581132 0
    outer loop
      vertex 25.9613 1.4221 0.799999
      vertex 25.9617 1.35327 1.2
      vertex 25.9617 1.35327 0.799999
    endloop
  endfacet
  facet normal 0.999999 0.0014043 0
    outer loop
      vertex 25.9618 1.28206 1.2
      vertex 25.9617 1.35327 0.799999
      vertex 25.9617 1.35327 1.2
    endloop
  endfacet
  facet normal 0.999999 0.0014043 0
    outer loop
      vertex 25.9617 1.35327 0.799999
      vertex 25.9618 1.28206 1.2
      vertex 25.9618 1.28206 0.799999
    endloop
  endfacet
  facet normal 1 -0 0
    outer loop
      vertex 25.9618 -2.08687 1.2
      vertex 25.9618 1.28206 0.799999
      vertex 25.9618 1.28206 1.2
    endloop
  endfacet
  facet normal 1 0 0
    outer loop
      vertex 25.9618 1.28206 0.799999
      vertex 25.9618 -2.08687 1.2
      vertex 25.9618 -2.08687 0.799999
    endloop
  endfacet
  facet normal 0 1 -0
    outer loop
      vertex 27.1051 -2.08687 0.799999
      vertex 25.9618 -2.08687 1.2
      vertex 27.1051 -2.08687 1.2
    endloop
  endfacet
  facet normal 0 1 0
    outer loop
      vertex 25.9618 -2.08687 1.2
      vertex 27.1051 -2.08687 0.799999
      vertex 25.9618 -2.08687 0.799999
    endloop
  endfacet
  facet normal -1 0 0
    outer loop
      vertex 27.1051 -2.08687 0.799999
      vertex 27.1051 0.0735931 1.2
      vertex 27.1051 0.0735931 0.799999
    endloop
  endfacet
  facet normal -1 -0 0
    outer loop
      vertex 27.1051 0.0735931 1.2
      vertex 27.1051 -2.08687 0.799999
      vertex 27.1051 -2.08687 1.2
    endloop
  endfacet
  facet normal -0.0760103 0.997107 0
    outer loop
      vertex 18.6954 -3.83353 0.799999
      vertex 18.5065 -3.84793 1.2
      vertex 18.6954 -3.83353 1.2
    endloop
  endfacet
  facet normal -0.0760103 0.997107 0
    outer loop
      vertex 18.5065 -3.84793 1.2
      vertex 18.6954 -3.83353 0.799999
      vertex 18.5065 -3.84793 0.799999
    endloop
  endfacet
  facet normal -0.132852 0.991136 0
    outer loop
      vertex 18.8746 -3.80951 0.799999
      vertex 18.6954 -3.83353 1.2
      vertex 18.8746 -3.80951 1.2
    endloop
  endfacet
  facet normal -0.132852 0.991136 0
    outer loop
      vertex 18.6954 -3.83353 1.2
      vertex 18.8746 -3.80951 0.799999
      vertex 18.6954 -3.83353 0.799999
    endloop
  endfacet
  facet normal -0.194336 0.980935 0
    outer loop
      vertex 19.0442 -3.77591 0.799999
      vertex 18.8746 -3.80951 1.2
      vertex 19.0442 -3.77591 1.2
    endloop
  endfacet
  facet normal -0.194336 0.980935 0
    outer loop
      vertex 18.8746 -3.80951 1.2
      vertex 19.0442 -3.77591 0.799999
      vertex 18.8746 -3.80951 0.799999
    endloop
  endfacet
  facet normal -0.261026 0.965332 0
    outer loop
      vertex 19.204 -3.7327 0.799999
      vertex 19.0442 -3.77591 1.2
      vertex 19.204 -3.7327 1.2
    endloop
  endfacet
  facet normal -0.261026 0.965332 0
    outer loop
      vertex 19.0442 -3.77591 1.2
      vertex 19.204 -3.7327 0.799999
      vertex 19.0442 -3.77591 0.799999
    endloop
  endfacet
  facet normal -0.331693 0.943387 0
    outer loop
      vertex 19.3542 -3.67989 0.799999
      vertex 19.204 -3.7327 1.2
      vertex 19.3542 -3.67989 1.2
    endloop
  endfacet
  facet normal -0.331693 0.943387 0
    outer loop
      vertex 19.204 -3.7327 1.2
      vertex 19.3542 -3.67989 0.799999
      vertex 19.204 -3.7327 0.799999
    endloop
  endfacet
  facet normal -0.40606 0.913846 0
    outer loop
      vertex 19.4947 -3.61746 0.799999
      vertex 19.3542 -3.67989 1.2
      vertex 19.4947 -3.61746 1.2
    endloop
  endfacet
  facet normal -0.40606 0.913846 0
    outer loop
      vertex 19.3542 -3.67989 1.2
      vertex 19.4947 -3.61746 0.799999
      vertex 19.3542 -3.67989 0.799999
    endloop
  endfacet
  facet normal -0.482227 0.876046 0
    outer loop
      vertex 19.6255 -3.54546 0.799999
      vertex 19.4947 -3.61746 1.2
      vertex 19.6255 -3.54546 1.2
    endloop
  endfacet
  facet normal -0.482227 0.876046 0
    outer loop
      vertex 19.4947 -3.61746 1.2
      vertex 19.6255 -3.54546 0.799999
      vertex 19.4947 -3.61746 0.799999
    endloop
  endfacet
  facet normal -0.558896 0.829237 0
    outer loop
      vertex 19.7466 -3.46384 0.799999
      vertex 19.6255 -3.54546 1.2
      vertex 19.7466 -3.46384 1.2
    endloop
  endfacet
  facet normal -0.558896 0.829237 0
    outer loop
      vertex 19.6255 -3.54546 1.2
      vertex 19.7466 -3.46384 0.799999
      vertex 19.6255 -3.54546 0.799999
    endloop
  endfacet
  facet normal -0.633291 0.773914 0
    outer loop
      vertex 19.8581 -3.3726 0.799999
      vertex 19.7466 -3.46384 1.2
      vertex 19.8581 -3.3726 1.2
    endloop
  endfacet
  facet normal -0.633291 0.773914 0
    outer loop
      vertex 19.7466 -3.46384 1.2
      vertex 19.8581 -3.3726 0.799999
      vertex 19.7466 -3.46384 0.799999
    endloop
  endfacet
  facet normal -0.704686 0.709519 0
    outer loop
      vertex 19.9594 -3.27199 0.799999
      vertex 19.8581 -3.3726 1.2
      vertex 19.9594 -3.27199 1.2
    endloop
  endfacet
  facet normal -0.704686 0.709519 0
    outer loop
      vertex 19.8581 -3.3726 1.2
      vertex 19.9594 -3.27199 0.799999
      vertex 19.8581 -3.3726 0.799999
    endloop
  endfacet
  facet normal -0.771378 0.636377 0
    outer loop
      vertex 19.9594 -3.27199 0.799999
      vertex 20.05 -3.16217 1.2
      vertex 20.05 -3.16217 0.799999
    endloop
  endfacet
  facet normal -0.771378 0.636377 0
    outer loop
      vertex 20.05 -3.16217 1.2
      vertex 19.9594 -3.27199 0.799999
      vertex 19.9594 -3.27199 1.2
    endloop
  endfacet
  facet normal -0.830264 0.55737 0
    outer loop
      vertex 20.05 -3.16217 0.799999
      vertex 20.1299 -3.04315 1.2
      vertex 20.1299 -3.04315 0.799999
    endloop
  endfacet
  facet normal -0.830264 0.55737 0
    outer loop
      vertex 20.1299 -3.04315 1.2
      vertex 20.05 -3.16217 0.799999
      vertex 20.05 -3.16217 1.2
    endloop
  endfacet
  facet normal -0.879699 0.475531 0
    outer loop
      vertex 20.1299 -3.04315 0.799999
      vertex 20.1992 -2.91495 1.2
      vertex 20.1992 -2.91495 0.799999
    endloop
  endfacet
  facet normal -0.879699 0.475531 0
    outer loop
      vertex 20.1992 -2.91495 1.2
      vertex 20.1299 -3.04315 0.799999
      vertex 20.1299 -3.04315 1.2
    endloop
  endfacet
  facet normal -0.919605 0.392845 0
    outer loop
      vertex 20.1992 -2.91495 0.799999
      vertex 20.2579 -2.77754 1.2
      vertex 20.2579 -2.77754 0.799999
    endloop
  endfacet
  facet normal -0.919605 0.392845 0
    outer loop
      vertex 20.2579 -2.77754 1.2
      vertex 20.1992 -2.91495 0.799999
      vertex 20.1992 -2.91495 1.2
    endloop
  endfacet
  facet normal -0.950547 0.310581 0
    outer loop
      vertex 20.2579 -2.77754 0.799999
      vertex 20.3058 -2.63094 1.2
      vertex 20.3058 -2.63094 0.799999
    endloop
  endfacet
  facet normal -0.950547 0.310581 0
    outer loop
      vertex 20.3058 -2.63094 1.2
      vertex 20.2579 -2.77754 0.799999
      vertex 20.2579 -2.77754 1.2
    endloop
  endfacet
  facet normal -0.972517 0.23283 0
    outer loop
      vertex 20.3058 -2.63094 0.799999
      vertex 20.3431 -2.47514 1.2
      vertex 20.3431 -2.47514 0.799999
    endloop
  endfacet
  facet normal -0.972517 0.23283 0
    outer loop
      vertex 20.3431 -2.47514 1.2
      vertex 20.3058 -2.63094 0.799999
      vertex 20.3058 -2.63094 1.2
    endloop
  endfacet
  facet normal -0.987158 0.15975 0
    outer loop
      vertex 20.3431 -2.47514 0.799999
      vertex 20.3698 -2.31015 1.2
      vertex 20.3698 -2.31015 0.799999
    endloop
  endfacet
  facet normal -0.987158 0.15975 0
    outer loop
      vertex 20.3698 -2.31015 1.2
      vertex 20.3431 -2.47514 0.799999
      vertex 20.3431 -2.47514 1.2
    endloop
  endfacet
  facet normal -0.995807 0.0914739 0
    outer loop
      vertex 20.3698 -2.31015 0.799999
      vertex 20.3858 -2.13597 1.2
      vertex 20.3858 -2.13597 0.799999
    endloop
  endfacet
  facet normal -0.995807 0.0914739 0
    outer loop
      vertex 20.3858 -2.13597 1.2
      vertex 20.3698 -2.31015 0.799999
      vertex 20.3698 -2.31015 1.2
    endloop
  endfacet
  facet normal -0.999583 0.0288897 0
    outer loop
      vertex 20.3858 -2.13597 0.799999
      vertex 20.3911 -1.95259 1.2
      vertex 20.3911 -1.95259 0.799999
    endloop
  endfacet
  facet normal -0.999583 0.0288897 0
    outer loop
      vertex 20.3911 -1.95259 1.2
      vertex 20.3858 -2.13597 0.799999
      vertex 20.3858 -2.13597 1.2
    endloop
  endfacet
  facet normal -1 0 0
    outer loop
      vertex 20.3911 -1.95259 0.799999
      vertex 20.3911 1.29832 1.2
      vertex 20.3911 1.29832 0.799999
    endloop
  endfacet
  facet normal -1 -0 0
    outer loop
      vertex 20.3911 1.29832 1.2
      vertex 20.3911 -1.95259 0.799999
      vertex 20.3911 -1.95259 1.2
    endloop
  endfacet
  facet normal -0.999997 0.00262788 0
    outer loop
      vertex 20.3911 1.29832 0.799999
      vertex 20.3914 1.41248 1.2
      vertex 20.3914 1.41248 0.799999
    endloop
  endfacet
  facet normal -0.999997 0.00262788 0
    outer loop
      vertex 20.3914 1.41248 1.2
      vertex 20.3911 1.29832 0.799999
      vertex 20.3911 1.29832 1.2
    endloop
  endfacet
  facet normal -0.99998 0.00628354 0
    outer loop
      vertex 20.3914 1.41248 0.799999
      vertex 20.3921 1.52388 1.2
      vertex 20.3921 1.52388 0.799999
    endloop
  endfacet
  facet normal -0.99998 0.00628354 0
    outer loop
      vertex 20.3921 1.52388 1.2
      vertex 20.3914 1.41248 0.799999
      vertex 20.3914 1.41248 1.2
    endloop
  endfacet
  facet normal -0.999939 0.011046 0
    outer loop
      vertex 20.3921 1.52388 0.799999
      vertex 20.3933 1.63251 1.2
      vertex 20.3933 1.63251 0.799999
    endloop
  endfacet
  facet normal -0.999939 0.011046 0
    outer loop
      vertex 20.3933 1.63251 1.2
      vertex 20.3921 1.52388 0.799999
      vertex 20.3921 1.52388 1.2
    endloop
  endfacet
  facet normal -0.999871 0.0160538 0
    outer loop
      vertex 20.3933 1.63251 0.799999
      vertex 20.395 1.73839 1.2
      vertex 20.395 1.73839 0.799999
    endloop
  endfacet
  facet normal -0.999871 0.0160538 0
    outer loop
      vertex 20.395 1.73839 1.2
      vertex 20.3933 1.63251 0.799999
      vertex 20.3933 1.63251 1.2
    endloop
  endfacet
  facet normal -0.999772 0.0213357 0
    outer loop
      vertex 20.395 1.73839 0.799999
      vertex 20.3972 1.84148 1.2
      vertex 20.3972 1.84148 0.799999
    endloop
  endfacet
  facet normal -0.999772 0.0213357 0
    outer loop
      vertex 20.3972 1.84148 1.2
      vertex 20.395 1.73839 0.799999
      vertex 20.395 1.73839 1.2
    endloop
  endfacet
  facet normal -0.999638 0.0268988 0
    outer loop
      vertex 20.3972 1.84148 0.799999
      vertex 20.3999 1.94182 1.2
      vertex 20.3999 1.94182 0.799999
    endloop
  endfacet
  facet normal -0.999638 0.0268988 0
    outer loop
      vertex 20.3999 1.94182 1.2
      vertex 20.3972 1.84148 0.799999
      vertex 20.3972 1.84148 1.2
    endloop
  endfacet
  facet normal -0.999463 0.0327827 0
    outer loop
      vertex 20.3999 1.94182 0.799999
      vertex 20.4031 2.03938 1.2
      vertex 20.4031 2.03938 0.799999
    endloop
  endfacet
  facet normal -0.999463 0.0327827 0
    outer loop
      vertex 20.4031 2.03938 1.2
      vertex 20.3999 1.94182 0.799999
      vertex 20.3999 1.94182 1.2
    endloop
  endfacet
  facet normal -0.99928 0.0379433 0
    outer loop
      vertex 20.4031 2.03938 0.799999
      vertex 20.4067 2.13419 1.2
      vertex 20.4067 2.13419 0.799999
    endloop
  endfacet
  facet normal -0.99928 0.0379433 0
    outer loop
      vertex 20.4067 2.13419 1.2
      vertex 20.4031 2.03938 0.799999
      vertex 20.4031 2.03938 1.2
    endloop
  endfacet
  facet normal -0.99896 0.0455849 0
    outer loop
      vertex 20.4067 2.13419 0.799999
      vertex 20.4109 2.22623 1.2
      vertex 20.4109 2.22623 0.799999
    endloop
  endfacet
  facet normal -0.99896 0.0455849 0
    outer loop
      vertex 20.4109 2.22623 1.2
      vertex 20.4067 2.13419 0.799999
      vertex 20.4067 2.13419 1.2
    endloop
  endfacet
  facet normal -0.998675 0.0514665 0
    outer loop
      vertex 20.4109 2.22623 0.799999
      vertex 20.4155 2.31549 1.2
      vertex 20.4155 2.31549 0.799999
    endloop
  endfacet
  facet normal -0.998675 0.0514665 0
    outer loop
      vertex 20.4155 2.31549 1.2
      vertex 20.4109 2.22623 0.799999
      vertex 20.4109 2.22623 1.2
    endloop
  endfacet
  facet normal 0 -1 0
    outer loop
      vertex 19.3333 2.31549 0.799999
      vertex 20.4155 2.31549 1.2
      vertex 19.3333 2.31549 1.2
    endloop
  endfacet
  facet normal 0 -1 -0
    outer loop
      vertex 20.4155 2.31549 1.2
      vertex 19.3333 2.31549 0.799999
      vertex 20.4155 2.31549 0.799999
    endloop
  endfacet
  facet normal 0.972501 -0.2329 0
    outer loop
      vertex 19.3292 2.29837 1.2
      vertex 19.3333 2.31549 0.799999
      vertex 19.3333 2.31549 1.2
    endloop
  endfacet
  facet normal 0.972501 -0.2329 0
    outer loop
      vertex 19.3333 2.31549 0.799999
      vertex 19.3292 2.29837 1.2
      vertex 19.3292 2.29837 0.799999
    endloop
  endfacet
  facet normal 0.98142 -0.191871 0
    outer loop
      vertex 19.3252 2.27791 1.2
      vertex 19.3292 2.29837 0.799999
      vertex 19.3292 2.29837 1.2
    endloop
  endfacet
  facet normal 0.98142 -0.191871 0
    outer loop
      vertex 19.3292 2.29837 0.799999
      vertex 19.3252 2.27791 1.2
      vertex 19.3252 2.27791 0.799999
    endloop
  endfacet
  facet normal 0.98618 -0.165675 0
    outer loop
      vertex 19.3212 2.2541 1.2
      vertex 19.3252 2.27791 0.799999
      vertex 19.3252 2.27791 1.2
    endloop
  endfacet
  facet normal 0.98618 -0.165675 0
    outer loop
      vertex 19.3252 2.27791 0.799999
      vertex 19.3212 2.2541 1.2
      vertex 19.3212 2.2541 0.799999
    endloop
  endfacet
  facet normal 0.989825 -0.14229 0
    outer loop
      vertex 19.3173 2.22697 1.2
      vertex 19.3212 2.2541 0.799999
      vertex 19.3212 2.2541 1.2
    endloop
  endfacet
  facet normal 0.989825 -0.14229 0
    outer loop
      vertex 19.3212 2.2541 0.799999
      vertex 19.3173 2.22697 1.2
      vertex 19.3173 2.22697 0.799999
    endloop
  endfacet
  facet normal 0.991908 -0.126959 0
    outer loop
      vertex 19.3134 2.1965 1.2
      vertex 19.3173 2.22697 0.799999
      vertex 19.3173 2.22697 1.2
    endloop
  endfacet
  facet normal 0.991908 -0.126959 0
    outer loop
      vertex 19.3173 2.22697 0.799999
      vertex 19.3134 2.1965 1.2
      vertex 19.3134 2.1965 0.799999
    endloop
  endfacet
  facet normal 0.993743 -0.11169 0
    outer loop
      vertex 19.3096 2.16269 1.2
      vertex 19.3134 2.1965 0.799999
      vertex 19.3134 2.1965 1.2
    endloop
  endfacet
  facet normal 0.993743 -0.11169 0
    outer loop
      vertex 19.3134 2.1965 0.799999
      vertex 19.3096 2.16269 1.2
      vertex 19.3096 2.16269 0.799999
    endloop
  endfacet
  facet normal 0.994807 -0.101784 0
    outer loop
      vertex 19.3058 2.12555 1.2
      vertex 19.3096 2.16269 0.799999
      vertex 19.3096 2.16269 1.2
    endloop
  endfacet
  facet normal 0.994807 -0.101784 0
    outer loop
      vertex 19.3096 2.16269 0.799999
      vertex 19.3058 2.12555 1.2
      vertex 19.3058 2.12555 0.799999
    endloop
  endfacet
  facet normal 0.995627 -0.0934169 0
    outer loop
      vertex 19.302 2.08505 1.2
      vertex 19.3058 2.12555 0.799999
      vertex 19.3058 2.12555 1.2
    endloop
  endfacet
  facet normal 0.995627 -0.0934169 0
    outer loop
      vertex 19.3058 2.12555 0.799999
      vertex 19.302 2.08505 1.2
      vertex 19.302 2.08505 0.799999
    endloop
  endfacet
  facet normal 0.996454 -0.0841369 0
    outer loop
      vertex 19.2983 2.04123 1.2
      vertex 19.302 2.08505 0.799999
      vertex 19.302 2.08505 1.2
    endloop
  endfacet
  facet normal 0.996454 -0.0841369 0
    outer loop
      vertex 19.302 2.08505 0.799999
      vertex 19.2983 2.04123 1.2
      vertex 19.2983 2.04123 0.799999
    endloop
  endfacet
  facet normal 0.996935 -0.0782325 0
    outer loop
      vertex 19.2946 1.99408 1.2
      vertex 19.2983 2.04123 0.799999
      vertex 19.2983 2.04123 1.2
    endloop
  endfacet
  facet normal 0.996935 -0.0782325 0
    outer loop
      vertex 19.2983 2.04123 0.799999
      vertex 19.2946 1.99408 1.2
      vertex 19.2946 1.99408 0.799999
    endloop
  endfacet
  facet normal 0.997331 -0.0730111 0
    outer loop
      vertex 19.2911 1.94627 1.2
      vertex 19.2946 1.99408 0.799999
      vertex 19.2946 1.99408 1.2
    endloop
  endfacet
  facet normal 0.997331 -0.0730111 0
    outer loop
      vertex 19.2946 1.99408 0.799999
      vertex 19.2911 1.94627 1.2
      vertex 19.2911 1.94627 0.799999
    endloop
  endfacet
  facet normal 0.997714 -0.0675751 0
    outer loop
      vertex 19.288 1.9005 1.2
      vertex 19.2911 1.94627 0.799999
      vertex 19.2911 1.94627 1.2
    endloop
  endfacet
  facet normal 0.997714 -0.0675751 0
    outer loop
      vertex 19.2911 1.94627 0.799999
      vertex 19.288 1.9005 1.2
      vertex 19.288 1.9005 0.799999
    endloop
  endfacet
  facet normal 0.998101 -0.0615971 0
    outer loop
      vertex 19.2853 1.85675 1.2
      vertex 19.288 1.9005 0.799999
      vertex 19.288 1.9005 1.2
    endloop
  endfacet
  facet normal 0.998101 -0.0615971 0
    outer loop
      vertex 19.288 1.9005 0.799999
      vertex 19.2853 1.85675 1.2
      vertex 19.2853 1.85675 0.799999
    endloop
  endfacet
  facet normal 0.998348 -0.0574589 0
    outer loop
      vertex 19.2829 1.81505 1.2
      vertex 19.2853 1.85675 0.799999
      vertex 19.2853 1.85675 1.2
    endloop
  endfacet
  facet normal 0.998348 -0.0574589 0
    outer loop
      vertex 19.2853 1.85675 0.799999
      vertex 19.2829 1.81505 1.2
      vertex 19.2829 1.81505 0.799999
    endloop
  endfacet
  facet normal 0.998732 -0.050352 0
    outer loop
      vertex 19.2809 1.77538 1.2
      vertex 19.2829 1.81505 0.799999
      vertex 19.2829 1.81505 1.2
    endloop
  endfacet
  facet normal 0.998732 -0.050352 0
    outer loop
      vertex 19.2829 1.81505 0.799999
      vertex 19.2809 1.77538 1.2
      vertex 19.2809 1.77538 0.799999
    endloop
  endfacet
  facet normal 0.998981 -0.0451307 0
    outer loop
      vertex 19.2792 1.73775 1.2
      vertex 19.2809 1.77538 0.799999
      vertex 19.2809 1.77538 1.2
    endloop
  endfacet
  facet normal 0.998981 -0.0451307 0
    outer loop
      vertex 19.2809 1.77538 0.799999
      vertex 19.2792 1.73775 1.2
      vertex 19.2792 1.73775 0.799999
    endloop
  endfacet
  facet normal 0.999432 -0.0336887 0
    outer loop
      vertex 19.278 1.70215 1.2
      vertex 19.2792 1.73775 0.799999
      vertex 19.2792 1.73775 1.2
    endloop
  endfacet
  facet normal 0.999432 -0.0336887 0
    outer loop
      vertex 19.2792 1.73775 0.799999
      vertex 19.278 1.70215 1.2
      vertex 19.278 1.70215 0.799999
    endloop
  endfacet
  facet normal 0.999557 -0.0297753 0
    outer loop
      vertex 19.277 1.66858 1.2
      vertex 19.278 1.70215 0.799999
      vertex 19.278 1.70215 1.2
    endloop
  endfacet
  facet normal 0.999557 -0.0297753 0
    outer loop
      vertex 19.278 1.70215 0.799999
      vertex 19.277 1.66858 1.2
      vertex 19.277 1.66858 0.799999
    endloop
  endfacet
  facet normal 0.999874 -0.0158559 0
    outer loop
      vertex 19.2765 1.63705 1.2
      vertex 19.277 1.66858 0.799999
      vertex 19.277 1.66858 1.2
    endloop
  endfacet
  facet normal 0.999874 -0.0158559 0
    outer loop
      vertex 19.277 1.66858 0.799999
      vertex 19.2765 1.63705 1.2
      vertex 19.2765 1.63705 0.799999
    endloop
  endfacet
  facet normal 0.999977 -0.0067818 0
    outer loop
      vertex 19.2763 1.60756 1.2
      vertex 19.2765 1.63705 0.799999
      vertex 19.2765 1.63705 1.2
    endloop
  endfacet
  facet normal 0.999977 -0.0067818 0
    outer loop
      vertex 19.2765 1.63705 0.799999
      vertex 19.2763 1.60756 1.2
      vertex 19.2763 1.60756 0.799999
    endloop
  endfacet
  facet normal 0 -1 0
    outer loop
      vertex 19.256 1.60756 0.799999
      vertex 19.2763 1.60756 1.2
      vertex 19.256 1.60756 1.2
    endloop
  endfacet
  facet normal 0 -1 -0
    outer loop
      vertex 19.2763 1.60756 1.2
      vertex 19.256 1.60756 0.799999
      vertex 19.2763 1.60756 0.799999
    endloop
  endfacet
  facet normal -0.883311 -0.468787 0
    outer loop
      vertex 19.256 1.60756 0.799999
      vertex 19.176 1.7583 1.2
      vertex 19.176 1.7583 0.799999
    endloop
  endfacet
  facet normal -0.883311 -0.468787 0
    outer loop
      vertex 19.176 1.7583 1.2
      vertex 19.256 1.60756 0.799999
      vertex 19.256 1.60756 1.2
    endloop
  endfacet
  facet normal -0.82696 -0.562261 0
    outer loop
      vertex 19.176 1.7583 0.799999
      vertex 19.0843 1.89317 1.2
      vertex 19.0843 1.89317 0.799999
    endloop
  endfacet
  facet normal -0.82696 -0.562261 0
    outer loop
      vertex 19.0843 1.89317 1.2
      vertex 19.176 1.7583 0.799999
      vertex 19.176 1.7583 1.2
    endloop
  endfacet
  facet normal -0.754251 -0.656587 0
    outer loop
      vertex 19.0843 1.89317 0.799999
      vertex 18.9807 2.01218 1.2
      vertex 18.9807 2.01218 0.799999
    endloop
  endfacet
  facet normal -0.754251 -0.656587 0
    outer loop
      vertex 18.9807 2.01218 1.2
      vertex 19.0843 1.89317 0.799999
      vertex 19.0843 1.89317 1.2
    endloop
  endfacet
  facet normal -0.666748 -0.745284 0
    outer loop
      vertex 18.8654 2.11533 0.799999
      vertex 18.9807 2.01218 1.2
      vertex 18.8654 2.11533 1.2
    endloop
  endfacet
  facet normal -0.666748 -0.745284 -0
    outer loop
      vertex 18.9807 2.01218 1.2
      vertex 18.8654 2.11533 0.799999
      vertex 18.9807 2.01218 0.799999
    endloop
  endfacet
  facet normal -0.565692 -0.824617 0
    outer loop
      vertex 18.7382 2.20259 0.799999
      vertex 18.8654 2.11533 1.2
      vertex 18.7382 2.20259 1.2
    endloop
  endfacet
  facet normal -0.565692 -0.824617 -0
    outer loop
      vertex 18.8654 2.11533 1.2
      vertex 18.7382 2.20259 0.799999
      vertex 18.8654 2.11533 0.799999
    endloop
  endfacet
  facet normal -0.457225 -0.889351 0
    outer loop
      vertex 18.5993 2.274 0.799999
      vertex 18.7382 2.20259 1.2
      vertex 18.5993 2.274 1.2
    endloop
  endfacet
  facet normal -0.457225 -0.889351 -0
    outer loop
      vertex 18.7382 2.20259 1.2
      vertex 18.5993 2.274 0.799999
      vertex 18.7382 2.20259 0.799999
    endloop
  endfacet
  facet normal -0.345553 -0.938399 0
    outer loop
      vertex 18.4485 2.32953 0.799999
      vertex 18.5993 2.274 1.2
      vertex 18.4485 2.32953 1.2
    endloop
  endfacet
  facet normal -0.345553 -0.938399 -0
    outer loop
      vertex 18.5993 2.274 1.2
      vertex 18.4485 2.32953 0.799999
      vertex 18.5993 2.274 0.799999
    endloop
  endfacet
  facet normal -0.237158 -0.971471 0
    outer loop
      vertex 18.286 2.3692 0.799999
      vertex 18.4485 2.32953 1.2
      vertex 18.286 2.3692 1.2
    endloop
  endfacet
  facet normal -0.237158 -0.971471 -0
    outer loop
      vertex 18.4485 2.32953 1.2
      vertex 18.286 2.3692 0.799999
      vertex 18.4485 2.32953 0.799999
    endloop
  endfacet
  facet normal -0.13527 -0.990809 0
    outer loop
      vertex 18.1116 2.39301 0.799999
      vertex 18.286 2.3692 1.2
      vertex 18.1116 2.39301 1.2
    endloop
  endfacet
  facet normal -0.13527 -0.990809 -0
    outer loop
      vertex 18.286 2.3692 1.2
      vertex 18.1116 2.39301 0.799999
      vertex 18.286 2.3692 0.799999
    endloop
  endfacet
  facet normal -0.0425729 -0.999093 0
    outer loop
      vertex 17.9255 2.40094 0.799999
      vertex 18.1116 2.39301 1.2
      vertex 17.9255 2.40094 1.2
    endloop
  endfacet
  facet normal -0.0425729 -0.999093 -0
    outer loop
      vertex 18.1116 2.39301 1.2
      vertex 17.9255 2.40094 0.799999
      vertex 18.1116 2.39301 0.799999
    endloop
  endfacet
  facet normal 0.0361269 -0.999347 0
    outer loop
      vertex 17.7634 2.39508 0.799999
      vertex 17.9255 2.40094 1.2
      vertex 17.7634 2.39508 1.2
    endloop
  endfacet
  facet normal 0.0361269 -0.999347 0
    outer loop
      vertex 17.9255 2.40094 1.2
      vertex 17.7634 2.39508 0.799999
      vertex 17.9255 2.40094 0.799999
    endloop
  endfacet
  facet normal 0.113274 -0.993564 0
    outer loop
      vertex 17.6092 2.3775 0.799999
      vertex 17.7634 2.39508 1.2
      vertex 17.6092 2.3775 1.2
    endloop
  endfacet
  facet normal 0.113274 -0.993564 0
    outer loop
      vertex 17.7634 2.39508 1.2
      vertex 17.6092 2.3775 0.799999
      vertex 17.7634 2.39508 0.799999
    endloop
  endfacet
  facet normal 0.196439 -0.980516 0
    outer loop
      vertex 17.463 2.34821 0.799999
      vertex 17.6092 2.3775 1.2
      vertex 17.463 2.34821 1.2
    endloop
  endfacet
  facet normal 0.196439 -0.980516 0
    outer loop
      vertex 17.6092 2.3775 1.2
      vertex 17.463 2.34821 0.799999
      vertex 17.6092 2.3775 0.799999
    endloop
  endfacet
  facet normal 0.284169 -0.958774 0
    outer loop
      vertex 17.3246 2.30719 0.799999
      vertex 17.463 2.34821 1.2
      vertex 17.3246 2.30719 1.2
    endloop
  endfacet
  facet normal 0.284169 -0.958774 0
    outer loop
      vertex 17.463 2.34821 1.2
      vertex 17.3246 2.30719 0.799999
      vertex 17.463 2.34821 0.799999
    endloop
  endfacet
  facet normal 0.374635 -0.927173 0
    outer loop
      vertex 17.1941 2.25446 0.799999
      vertex 17.3246 2.30719 1.2
      vertex 17.1941 2.25446 1.2
    endloop
  endfacet
  facet normal 0.374635 -0.927173 0
    outer loop
      vertex 17.3246 2.30719 1.2
      vertex 17.1941 2.25446 0.799999
      vertex 17.3246 2.30719 0.799999
    endloop
  endfacet
  facet normal 0.465258 -0.885175 0
    outer loop
      vertex 17.0715 2.19002 0.799999
      vertex 17.1941 2.25446 1.2
      vertex 17.0715 2.19002 1.2
    endloop
  endfacet
  facet normal 0.465258 -0.885175 0
    outer loop
      vertex 17.1941 2.25446 1.2
      vertex 17.0715 2.19002 0.799999
      vertex 17.1941 2.25446 0.799999
    endloop
  endfacet
  facet normal 0.553208 -0.833043 0
    outer loop
      vertex 16.9568 2.11385 0.799999
      vertex 17.0715 2.19002 1.2
      vertex 16.9568 2.11385 1.2
    endloop
  endfacet
  facet normal 0.553208 -0.833043 0
    outer loop
      vertex 17.0715 2.19002 1.2
      vertex 16.9568 2.11385 0.799999
      vertex 17.0715 2.19002 0.799999
    endloop
  endfacet
  facet normal 0.635436 -0.772153 0
    outer loop
      vertex 16.85 2.02596 0.799999
      vertex 16.9568 2.11385 1.2
      vertex 16.85 2.02596 1.2
    endloop
  endfacet
  facet normal 0.635436 -0.772153 0
    outer loop
      vertex 16.9568 2.11385 1.2
      vertex 16.85 2.02596 0.799999
      vertex 16.9568 2.11385 0.799999
    endloop
  endfacet
  facet normal 0.709596 -0.704609 0
    outer loop
      vertex 16.7511 1.92636 1.2
      vertex 16.85 2.02596 0.799999
      vertex 16.85 2.02596 1.2
    endloop
  endfacet
  facet normal 0.709596 -0.704609 0
    outer loop
      vertex 16.85 2.02596 0.799999
      vertex 16.7511 1.92636 1.2
      vertex 16.7511 1.92636 0.799999
    endloop
  endfacet
  facet normal 0.774258 -0.63287 0
    outer loop
      vertex 16.6601 1.81503 1.2
      vertex 16.7511 1.92636 0.799999
      vertex 16.7511 1.92636 1.2
    endloop
  endfacet
  facet normal 0.774258 -0.63287 0
    outer loop
      vertex 16.7511 1.92636 0.799999
      vertex 16.6601 1.81503 1.2
      vertex 16.6601 1.81503 0.799999
    endloop
  endfacet
  facet normal 0.827644 -0.561253 0
    outer loop
      vertex 16.5773 1.69293 1.2
      vertex 16.6601 1.81503 0.799999
      vertex 16.6601 1.81503 1.2
    endloop
  endfacet
  facet normal 0.827644 -0.561253 0
    outer loop
      vertex 16.6601 1.81503 0.799999
      vertex 16.5773 1.69293 1.2
      vertex 16.5773 1.69293 0.799999
    endloop
  endfacet
  facet normal 0.872186 -0.489175 0
    outer loop
      vertex 16.5033 1.56099 1.2
      vertex 16.5773 1.69293 0.799999
      vertex 16.5773 1.69293 1.2
    endloop
  endfacet
  facet normal 0.872186 -0.489175 0
    outer loop
      vertex 16.5773 1.69293 0.799999
      vertex 16.5033 1.56099 1.2
      vertex 16.5033 1.56099 0.799999
    endloop
  endfacet
  facet normal 0.908315 -0.418286 0
    outer loop
      vertex 16.438 1.41919 1.2
      vertex 16.5033 1.56099 0.799999
      vertex 16.5033 1.56099 1.2
    endloop
  endfacet
  facet normal 0.908315 -0.418286 0
    outer loop
      vertex 16.5033 1.56099 0.799999
      vertex 16.438 1.41919 1.2
      vertex 16.438 1.41919 0.799999
    endloop
  endfacet
  facet normal 0.936866 -0.349688 0
    outer loop
      vertex 16.3814 1.26755 1.2
      vertex 16.438 1.41919 0.799999
      vertex 16.438 1.41919 1.2
    endloop
  endfacet
  facet normal 0.936866 -0.349688 0
    outer loop
      vertex 16.438 1.41919 0.799999
      vertex 16.3814 1.26755 1.2
      vertex 16.3814 1.26755 0.799999
    endloop
  endfacet
  facet normal 0.958877 -0.283821 0
    outer loop
      vertex 16.3336 1.10606 1.2
      vertex 16.3814 1.26755 0.799999
      vertex 16.3814 1.26755 1.2
    endloop
  endfacet
  facet normal 0.958877 -0.283821 0
    outer loop
      vertex 16.3814 1.26755 0.799999
      vertex 16.3336 1.10606 1.2
      vertex 16.3336 1.10606 0.799999
    endloop
  endfacet
  facet normal 0.974812 -0.223026 0
    outer loop
      vertex 16.2944 0.934723 1.2
      vertex 16.3336 1.10606 0.799999
      vertex 16.3336 1.10606 1.2
    endloop
  endfacet
  facet normal 0.974812 -0.223026 0
    outer loop
      vertex 16.3336 1.10606 0.799999
      vertex 16.2944 0.934723 1.2
      vertex 16.2944 0.934723 0.799999
    endloop
  endfacet
  facet normal 0.986123 -0.166016 0
    outer loop
      vertex 16.2639 0.753555 1.2
      vertex 16.2944 0.934723 0.799999
      vertex 16.2944 0.934723 1.2
    endloop
  endfacet
  facet normal 0.986123 -0.166016 0
    outer loop
      vertex 16.2944 0.934723 0.799999
      vertex 16.2639 0.753555 1.2
      vertex 16.2639 0.753555 0.799999
    endloop
  endfacet
  facet normal 0.993551 -0.113386 0
    outer loop
      vertex 16.2421 0.562531 1.2
      vertex 16.2639 0.753555 0.799999
      vertex 16.2639 0.753555 1.2
    endloop
  endfacet
  facet normal 0.993551 -0.113386 0
    outer loop
      vertex 16.2639 0.753555 0.799999
      vertex 16.2421 0.562531 1.2
      vertex 16.2421 0.562531 0.799999
    endloop
  endfacet
  facet normal 0.997913 -0.0645795 0
    outer loop
      vertex 16.2291 0.361649 1.2
      vertex 16.2421 0.562531 0.799999
      vertex 16.2421 0.562531 1.2
    endloop
  endfacet
  facet normal 0.997913 -0.0645795 0
    outer loop
      vertex 16.2421 0.562531 0.799999
      vertex 16.2291 0.361649 1.2
      vertex 16.2291 0.361649 0.799999
    endloop
  endfacet
  facet normal 0.999782 -0.0208773 0
    outer loop
      vertex 16.2247 0.15094 1.2
      vertex 16.2291 0.361649 0.799999
      vertex 16.2291 0.361649 1.2
    endloop
  endfacet
  facet normal 0.999782 -0.0208773 0
    outer loop
      vertex 16.2291 0.361649 0.799999
      vertex 16.2247 0.15094 1.2
      vertex 16.2247 0.15094 0.799999
    endloop
  endfacet
  facet normal 0.9998 0.0200099 0
    outer loop
      vertex 16.2289 -0.0589142 1.2
      vertex 16.2247 0.15094 0.799999
      vertex 16.2247 0.15094 1.2
    endloop
  endfacet
  facet normal 0.9998 0.0200099 0
    outer loop
      vertex 16.2247 0.15094 0.799999
      vertex 16.2289 -0.0589142 1.2
      vertex 16.2289 -0.0589142 0.799999
    endloop
  endfacet
  facet normal 0.997989 0.0633879 0
    outer loop
      vertex 16.2416 -0.258865 1.2
      vertex 16.2289 -0.0589142 0.799999
      vertex 16.2289 -0.0589142 1.2
    endloop
  endfacet
  facet normal 0.997989 0.0633879 0
    outer loop
      vertex 16.2289 -0.0589142 0.799999
      vertex 16.2416 -0.258865 1.2
      vertex 16.2416 -0.258865 0.799999
    endloop
  endfacet
  facet normal 0.993834 0.11088 0
    outer loop
      vertex 16.2628 -0.448883 1.2
      vertex 16.2416 -0.258865 0.799999
      vertex 16.2416 -0.258865 1.2
    endloop
  endfacet
  facet normal 0.993834 0.11088 0
    outer loop
      vertex 16.2416 -0.258865 0.799999
      vertex 16.2628 -0.448883 1.2
      vertex 16.2628 -0.448883 0.799999
    endloop
  endfacet
  facet normal 0.986759 0.162191 0
    outer loop
      vertex 16.2924 -0.628967 1.2
      vertex 16.2628 -0.448883 0.799999
      vertex 16.2628 -0.448883 1.2
    endloop
  endfacet
  facet normal 0.986759 0.162191 0
    outer loop
      vertex 16.2628 -0.448883 0.799999
      vertex 16.2924 -0.628967 1.2
      vertex 16.2924 -0.628967 0.799999
    endloop
  endfacet
  facet normal 0.975835 0.218508 0
    outer loop
      vertex 16.3305 -0.799118 1.2
      vertex 16.2924 -0.628967 0.799999
      vertex 16.2924 -0.628967 1.2
    endloop
  endfacet
  facet normal 0.975835 0.218508 0
    outer loop
      vertex 16.2924 -0.628967 0.799999
      vertex 16.3305 -0.799118 1.2
      vertex 16.3305 -0.799118 0.799999
    endloop
  endfacet
  facet normal 0.960377 0.278704 0
    outer loop
      vertex 16.377 -0.959351 1.2
      vertex 16.3305 -0.799118 0.799999
      vertex 16.3305 -0.799118 1.2
    endloop
  endfacet
  facet normal 0.960377 0.278704 0
    outer loop
      vertex 16.3305 -0.799118 0.799999
      vertex 16.377 -0.959351 1.2
      vertex 16.377 -0.959351 0.799999
    endloop
  endfacet
  facet normal 0.939098 0.343651 0
    outer loop
      vertex 16.432 -1.10965 1.2
      vertex 16.377 -0.959351 0.799999
      vertex 16.377 -0.959351 1.2
    endloop
  endfacet
  facet normal 0.939098 0.343651 0
    outer loop
      vertex 16.377 -0.959351 0.799999
      vertex 16.432 -1.10965 1.2
      vertex 16.432 -1.10965 0.799999
    endloop
  endfacet
  facet normal 0.91111 0.412164 0
    outer loop
      vertex 16.4955 -1.25002 1.2
      vertex 16.432 -1.10965 0.799999
      vertex 16.432 -1.10965 1.2
    endloop
  endfacet
  facet normal 0.91111 0.412164 0
    outer loop
      vertex 16.432 -1.10965 0.799999
      vertex 16.4955 -1.25002 1.2
      vertex 16.4955 -1.25002 0.799999
    endloop
  endfacet
  facet normal 0.875752 0.482761 0
    outer loop
      vertex 16.5674 -1.38045 1.2
      vertex 16.4955 -1.25002 0.799999
      vertex 16.4955 -1.25002 1.2
    endloop
  endfacet
  facet normal 0.875752 0.482761 0
    outer loop
      vertex 16.4955 -1.25002 0.799999
      vertex 16.5674 -1.38045 1.2
      vertex 16.5674 -1.38045 0.799999
    endloop
  endfacet
  facet normal 0.831859 0.554987 0
    outer loop
      vertex 16.6478 -1.50096 1.2
      vertex 16.5674 -1.38045 0.799999
      vertex 16.5674 -1.38045 1.2
    endloop
  endfacet
  facet normal 0.831859 0.554987 0
    outer loop
      vertex 16.5674 -1.38045 0.799999
      vertex 16.6478 -1.50096 1.2
      vertex 16.6478 -1.50096 0.799999
    endloop
  endfacet
  facet normal 0.779884 0.625925 0
    outer loop
      vertex 16.7359 -1.61073 1.2
      vertex 16.6478 -1.50096 0.799999
      vertex 16.6478 -1.50096 1.2
    endloop
  endfacet
  facet normal 0.779884 0.625925 0
    outer loop
      vertex 16.6478 -1.50096 0.799999
      vertex 16.7359 -1.61073 1.2
      vertex 16.7359 -1.61073 0.799999
    endloop
  endfacet
  facet normal 0.718791 0.695226 0
    outer loop
      vertex 16.8309 -1.70895 1.2
      vertex 16.7359 -1.61073 0.799999
      vertex 16.7359 -1.61073 1.2
    endloop
  endfacet
  facet normal 0.718791 0.695226 0
    outer loop
      vertex 16.7359 -1.61073 0.799999
      vertex 16.8309 -1.70895 1.2
      vertex 16.8309 -1.70895 0.799999
    endloop
  endfacet
  facet normal 0.647475 0.762087 -0
    outer loop
      vertex 16.9329 -1.79561 0.799999
      vertex 16.8309 -1.70895 1.2
      vertex 16.9329 -1.79561 1.2
    endloop
  endfacet
  facet normal 0.647475 0.762087 0
    outer loop
      vertex 16.8309 -1.70895 1.2
      vertex 16.9329 -1.79561 0.799999
      vertex 16.8309 -1.70895 0.799999
    endloop
  endfacet
  facet normal 0.568171 0.82291 -0
    outer loop
      vertex 17.0417 -1.87073 0.799999
      vertex 16.9329 -1.79561 1.2
      vertex 17.0417 -1.87073 1.2
    endloop
  endfacet
  facet normal 0.568171 0.82291 0
    outer loop
      vertex 16.9329 -1.79561 1.2
      vertex 17.0417 -1.87073 0.799999
      vertex 16.9329 -1.79561 0.799999
    endloop
  endfacet
  facet normal 0.481047 0.876695 -0
    outer loop
      vertex 17.1575 -1.93427 0.799999
      vertex 17.0417 -1.87073 1.2
      vertex 17.1575 -1.93427 1.2
    endloop
  endfacet
  facet normal 0.481047 0.876695 0
    outer loop
      vertex 17.0417 -1.87073 1.2
      vertex 17.1575 -1.93427 0.799999
      vertex 17.0417 -1.87073 0.799999
    endloop
  endfacet
  facet normal 0.390203 0.920729 -0
    outer loop
      vertex 17.2802 -1.98627 0.799999
      vertex 17.1575 -1.93427 1.2
      vertex 17.2802 -1.98627 1.2
    endloop
  endfacet
  facet normal 0.390203 0.920729 0
    outer loop
      vertex 17.1575 -1.93427 1.2
      vertex 17.2802 -1.98627 0.799999
      vertex 17.1575 -1.93427 0.799999
    endloop
  endfacet
  facet normal 0.298149 0.954519 -0
    outer loop
      vertex 17.4097 -2.02672 0.799999
      vertex 17.2802 -1.98627 1.2
      vertex 17.4097 -2.02672 1.2
    endloop
  endfacet
  facet normal 0.298149 0.954519 0
    outer loop
      vertex 17.2802 -1.98627 1.2
      vertex 17.4097 -2.02672 0.799999
      vertex 17.2802 -1.98627 0.799999
    endloop
  endfacet
  facet normal 0.206993 0.978342 -0
    outer loop
      vertex 17.5462 -2.0556 0.799999
      vertex 17.4097 -2.02672 1.2
      vertex 17.5462 -2.0556 1.2
    endloop
  endfacet
  facet normal 0.206993 0.978342 0
    outer loop
      vertex 17.4097 -2.02672 1.2
      vertex 17.5462 -2.0556 0.799999
      vertex 17.4097 -2.02672 0.799999
    endloop
  endfacet
  facet normal 0.119964 0.992778 -0
    outer loop
      vertex 17.6897 -2.07294 0.799999
      vertex 17.5462 -2.0556 1.2
      vertex 17.6897 -2.07294 1.2
    endloop
  endfacet
  facet normal 0.119964 0.992778 0
    outer loop
      vertex 17.5462 -2.0556 1.2
      vertex 17.6897 -2.07294 0.799999
      vertex 17.5462 -2.0556 0.799999
    endloop
  endfacet
  facet normal 0.0382952 0.999266 -0
    outer loop
      vertex 17.84 -2.0787 0.799999
      vertex 17.6897 -2.07294 1.2
      vertex 17.84 -2.0787 1.2
    endloop
  endfacet
  facet normal 0.0382952 0.999266 0
    outer loop
      vertex 17.6897 -2.07294 1.2
      vertex 17.84 -2.0787 0.799999
      vertex 17.6897 -2.07294 0.799999
    endloop
  endfacet
  facet normal -0.0401865 0.999192 0
    outer loop
      vertex 18.0409 -2.07062 0.799999
      vertex 17.84 -2.0787 1.2
      vertex 18.0409 -2.07062 1.2
    endloop
  endfacet
  facet normal -0.0401865 0.999192 0
    outer loop
      vertex 17.84 -2.0787 1.2
      vertex 18.0409 -2.07062 0.799999
      vertex 17.84 -2.0787 0.799999
    endloop
  endfacet
  facet normal -0.128271 0.991739 0
    outer loop
      vertex 18.2287 -2.04633 0.799999
      vertex 18.0409 -2.07062 1.2
      vertex 18.2287 -2.04633 1.2
    endloop
  endfacet
  facet normal -0.128271 0.991739 0
    outer loop
      vertex 18.0409 -2.07062 1.2
      vertex 18.2287 -2.04633 0.799999
      vertex 18.0409 -2.07062 0.799999
    endloop
  endfacet
  facet normal -0.226029 0.97412 0
    outer loop
      vertex 18.4032 -2.00584 0.799999
      vertex 18.2287 -2.04633 1.2
      vertex 18.4032 -2.00584 1.2
    endloop
  endfacet
  facet normal -0.226029 0.97412 0
    outer loop
      vertex 18.2287 -2.04633 1.2
      vertex 18.4032 -2.00584 0.799999
      vertex 18.2287 -2.04633 0.799999
    endloop
  endfacet
  facet normal -0.33134 0.943512 0
    outer loop
      vertex 18.5646 -1.94916 0.799999
      vertex 18.4032 -2.00584 1.2
      vertex 18.5646 -1.94916 1.2
    endloop
  endfacet
  facet normal -0.33134 0.943512 0
    outer loop
      vertex 18.4032 -2.00584 1.2
      vertex 18.5646 -1.94916 0.799999
      vertex 18.4032 -2.00584 0.799999
    endloop
  endfacet
  facet normal -0.441197 0.89741 0
    outer loop
      vertex 18.7128 -1.8763 0.799999
      vertex 18.5646 -1.94916 1.2
      vertex 18.7128 -1.8763 1.2
    endloop
  endfacet
  facet normal -0.441197 0.89741 0
    outer loop
      vertex 18.5646 -1.94916 1.2
      vertex 18.7128 -1.8763 0.799999
      vertex 18.5646 -1.94916 0.799999
    endloop
  endfacet
  facet normal -0.550713 0.834695 0
    outer loop
      vertex 18.8478 -1.78723 0.799999
      vertex 18.7128 -1.8763 1.2
      vertex 18.8478 -1.78723 1.2
    endloop
  endfacet
  facet normal -0.550713 0.834695 0
    outer loop
      vertex 18.7128 -1.8763 1.2
      vertex 18.8478 -1.78723 0.799999
      vertex 18.7128 -1.8763 0.799999
    endloop
  endfacet
  facet normal -0.65383 0.756641 0
    outer loop
      vertex 18.9696 -1.68198 0.799999
      vertex 18.8478 -1.78723 1.2
      vertex 18.9696 -1.68198 1.2
    endloop
  endfacet
  facet normal -0.65383 0.756641 0
    outer loop
      vertex 18.8478 -1.78723 1.2
      vertex 18.9696 -1.68198 0.799999
      vertex 18.8478 -1.78723 0.799999
    endloop
  endfacet
  facet normal -0.745442 0.666571 0
    outer loop
      vertex 18.9696 -1.68198 0.799999
      vertex 19.0782 -1.56053 1.2
      vertex 19.0782 -1.56053 0.799999
    endloop
  endfacet
  facet normal -0.745442 0.666571 0
    outer loop
      vertex 19.0782 -1.56053 1.2
      vertex 18.9696 -1.68198 0.799999
      vertex 18.9696 -1.68198 1.2
    endloop
  endfacet
  facet normal -0.821584 0.570088 0
    outer loop
      vertex 19.0782 -1.56053 0.799999
      vertex 19.1737 -1.4229 1.2
      vertex 19.1737 -1.4229 0.799999
    endloop
  endfacet
  facet normal -0.821584 0.570088 0
    outer loop
      vertex 19.1737 -1.4229 1.2
      vertex 19.0782 -1.56053 0.799999
      vertex 19.0782 -1.56053 1.2
    endloop
  endfacet
  facet normal -0.88174 0.471736 0
    outer loop
      vertex 19.1737 -1.4229 0.799999
      vertex 19.256 -1.26907 1.2
      vertex 19.256 -1.26907 0.799999
    endloop
  endfacet
  facet normal -0.88174 0.471736 0
    outer loop
      vertex 19.256 -1.26907 1.2
      vertex 19.1737 -1.4229 0.799999
      vertex 19.1737 -1.4229 1.2
    endloop
  endfacet
  facet normal 0 1 -0
    outer loop
      vertex 19.2641 -1.26907 0.799999
      vertex 19.256 -1.26907 1.2
      vertex 19.2641 -1.26907 1.2
    endloop
  endfacet
  facet normal 0 1 0
    outer loop
      vertex 19.256 -1.26907 1.2
      vertex 19.2641 -1.26907 0.799999
      vertex 19.256 -1.26907 0.799999
    endloop
  endfacet
  facet normal 0.999827 -0.0186025 0
    outer loop
      vertex 19.256 -1.70442 1.2
      vertex 19.2641 -1.26907 0.799999
      vertex 19.2641 -1.26907 1.2
    endloop
  endfacet
  facet normal 0.999827 -0.0186025 0
    outer loop
      vertex 19.2641 -1.26907 0.799999
      vertex 19.256 -1.70442 1.2
      vertex 19.256 -1.70442 0.799999
    endloop
  endfacet
  facet normal 1 -0 0
    outer loop
      vertex 19.256 -1.93633 1.2
      vertex 19.256 -1.70442 0.799999
      vertex 19.256 -1.70442 1.2
    endloop
  endfacet
  facet normal 1 0 0
    outer loop
      vertex 19.256 -1.70442 0.799999
      vertex 19.256 -1.93633 1.2
      vertex 19.256 -1.93633 0.799999
    endloop
  endfacet
  facet normal 0.99981 -0.0195171 0
    outer loop
      vertex 19.2538 -2.04903 1.2
      vertex 19.256 -1.93633 0.799999
      vertex 19.256 -1.93633 1.2
    endloop
  endfacet
  facet normal 0.99981 -0.0195171 0
    outer loop
      vertex 19.256 -1.93633 0.799999
      vertex 19.2538 -2.04903 1.2
      vertex 19.2538 -2.04903 0.799999
    endloop
  endfacet
  facet normal 0.998103 -0.0615595 0
    outer loop
      vertex 19.2472 -2.15604 1.2
      vertex 19.2538 -2.04903 0.799999
      vertex 19.2538 -2.04903 1.2
    endloop
  endfacet
  facet normal 0.998103 -0.0615595 0
    outer loop
      vertex 19.2538 -2.04903 0.799999
      vertex 19.2472 -2.15604 1.2
      vertex 19.2472 -2.15604 0.799999
    endloop
  endfacet
  facet normal 0.994156 -0.107954 0
    outer loop
      vertex 19.2362 -2.25734 1.2
      vertex 19.2472 -2.15604 0.799999
      vertex 19.2472 -2.15604 1.2
    endloop
  endfacet
  facet normal 0.994156 -0.107954 0
    outer loop
      vertex 19.2472 -2.15604 0.799999
      vertex 19.2362 -2.25734 1.2
      vertex 19.2362 -2.25734 0.799999
    endloop
  endfacet
  facet normal 0.987275 -0.159021 0
    outer loop
      vertex 19.2208 -2.35295 1.2
      vertex 19.2362 -2.25734 0.799999
      vertex 19.2362 -2.25734 1.2
    endloop
  endfacet
  facet normal 0.987275 -0.159021 0
    outer loop
      vertex 19.2362 -2.25734 0.799999
      vertex 19.2208 -2.35295 1.2
      vertex 19.2208 -2.35295 0.799999
    endloop
  endfacet
  facet normal 0.976599 -0.215067 0
    outer loop
      vertex 19.201 -2.44286 1.2
      vertex 19.2208 -2.35295 0.799999
      vertex 19.2208 -2.35295 1.2
    endloop
  endfacet
  facet normal 0.976599 -0.215067 0
    outer loop
      vertex 19.2208 -2.35295 0.799999
      vertex 19.201 -2.44286 1.2
      vertex 19.201 -2.44286 0.799999
    endloop
  endfacet
  facet normal 0.961412 -0.275113 0
    outer loop
      vertex 19.1769 -2.52708 1.2
      vertex 19.201 -2.44286 0.799999
      vertex 19.201 -2.44286 1.2
    endloop
  endfacet
  facet normal 0.961412 -0.275113 0
    outer loop
      vertex 19.201 -2.44286 0.799999
      vertex 19.1769 -2.52708 1.2
      vertex 19.1769 -2.52708 0.799999
    endloop
  endfacet
  facet normal 0.939626 -0.342204 0
    outer loop
      vertex 19.1483 -2.60561 1.2
      vertex 19.1769 -2.52708 0.799999
      vertex 19.1769 -2.52708 1.2
    endloop
  endfacet
  facet normal 0.939626 -0.342204 0
    outer loop
      vertex 19.1769 -2.52708 0.799999
      vertex 19.1483 -2.60561 1.2
      vertex 19.1483 -2.60561 0.799999
    endloop
  endfacet
  facet normal 0.911286 -0.411775 0
    outer loop
      vertex 19.1154 -2.67842 1.2
      vertex 19.1483 -2.60561 0.799999
      vertex 19.1483 -2.60561 1.2
    endloop
  endfacet
  facet normal 0.911286 -0.411775 0
    outer loop
      vertex 19.1483 -2.60561 0.799999
      vertex 19.1154 -2.67842 1.2
      vertex 19.1154 -2.67842 0.799999
    endloop
  endfacet
  facet normal 0.873604 -0.486637 0
    outer loop
      vertex 19.078 -2.74556 1.2
      vertex 19.1154 -2.67842 0.799999
      vertex 19.1154 -2.67842 1.2
    endloop
  endfacet
  facet normal 0.873604 -0.486637 0
    outer loop
      vertex 19.1154 -2.67842 0.799999
      vertex 19.078 -2.74556 1.2
      vertex 19.078 -2.74556 0.799999
    endloop
  endfacet
  facet normal 0.82738 -0.561643 0
    outer loop
      vertex 19.0363 -2.80699 1.2
      vertex 19.078 -2.74556 0.799999
      vertex 19.078 -2.74556 1.2
    endloop
  endfacet
  facet normal 0.82738 -0.561643 0
    outer loop
      vertex 19.078 -2.74556 0.799999
      vertex 19.0363 -2.80699 1.2
      vertex 19.0363 -2.80699 0.799999
    endloop
  endfacet
  facet normal 0.766808 -0.641876 0
    outer loop
      vertex 18.9897 -2.86266 1.2
      vertex 19.0363 -2.80699 0.799999
      vertex 19.0363 -2.80699 1.2
    endloop
  endfacet
  facet normal 0.766808 -0.641876 0
    outer loop
      vertex 19.0363 -2.80699 0.799999
      vertex 18.9897 -2.86266 1.2
      vertex 18.9897 -2.86266 0.799999
    endloop
  endfacet
  facet normal 0.694445 -0.719546 0
    outer loop
      vertex 18.9381 -2.91246 0.799999
      vertex 18.9897 -2.86266 1.2
      vertex 18.9381 -2.91246 1.2
    endloop
  endfacet
  facet normal 0.694445 -0.719546 0
    outer loop
      vertex 18.9897 -2.86266 1.2
      vertex 18.9381 -2.91246 0.799999
      vertex 18.9897 -2.86266 0.799999
    endloop
  endfacet
  facet normal 0.611963 -0.790887 0
    outer loop
      vertex 18.8813 -2.95641 0.799999
      vertex 18.9381 -2.91246 1.2
      vertex 18.8813 -2.95641 1.2
    endloop
  endfacet
  facet normal 0.611963 -0.790887 0
    outer loop
      vertex 18.9381 -2.91246 1.2
      vertex 18.8813 -2.95641 0.799999
      vertex 18.9381 -2.91246 0.799999
    endloop
  endfacet
  facet normal 0.524589 -0.851355 0
    outer loop
      vertex 18.8195 -2.99449 0.799999
      vertex 18.8813 -2.95641 1.2
      vertex 18.8195 -2.99449 1.2
    endloop
  endfacet
  facet normal 0.524589 -0.851355 0
    outer loop
      vertex 18.8813 -2.95641 1.2
      vertex 18.8195 -2.99449 0.799999
      vertex 18.8813 -2.95641 0.799999
    endloop
  endfacet
  facet normal 0.433496 -0.901155 0
    outer loop
      vertex 18.7525 -3.02672 0.799999
      vertex 18.8195 -2.99449 1.2
      vertex 18.7525 -3.02672 1.2
    endloop
  endfacet
  facet normal 0.433496 -0.901155 0
    outer loop
      vertex 18.8195 -2.99449 1.2
      vertex 18.7525 -3.02672 0.799999
      vertex 18.8195 -2.99449 0.799999
    endloop
  endfacet
  facet normal 0.343069 -0.93931 0
    outer loop
      vertex 18.6803 -3.05309 0.799999
      vertex 18.7525 -3.02672 1.2
      vertex 18.6803 -3.05309 1.2
    endloop
  endfacet
  facet normal 0.343069 -0.93931 0
    outer loop
      vertex 18.7525 -3.02672 1.2
      vertex 18.6803 -3.05309 0.799999
      vertex 18.7525 -3.02672 0.799999
    endloop
  endfacet
  facet normal 0.256339 -0.966587 0
    outer loop
      vertex 18.603 -3.07359 0.799999
      vertex 18.6803 -3.05309 1.2
      vertex 18.603 -3.07359 1.2
    endloop
  endfacet
  facet normal 0.256339 -0.966587 0
    outer loop
      vertex 18.6803 -3.05309 1.2
      vertex 18.603 -3.07359 0.799999
      vertex 18.6803 -3.05309 0.799999
    endloop
  endfacet
  facet normal 0.175252 -0.984524 0
    outer loop
      vertex 18.5207 -3.08824 0.799999
      vertex 18.603 -3.07359 1.2
      vertex 18.5207 -3.08824 1.2
    endloop
  endfacet
  facet normal 0.175252 -0.984524 0
    outer loop
      vertex 18.603 -3.07359 1.2
      vertex 18.5207 -3.08824 0.799999
      vertex 18.603 -3.07359 0.799999
    endloop
  endfacet
  facet normal 0.0998411 -0.995003 0
    outer loop
      vertex 18.4331 -3.09703 0.799999
      vertex 18.5207 -3.08824 1.2
      vertex 18.4331 -3.09703 1.2
    endloop
  endfacet
  facet normal 0.0998411 -0.995003 0
    outer loop
      vertex 18.5207 -3.08824 1.2
      vertex 18.4331 -3.09703 0.799999
      vertex 18.5207 -3.08824 0.799999
    endloop
  endfacet
  facet normal 0.0316256 -0.9995 0
    outer loop
      vertex 18.3405 -3.09996 0.799999
      vertex 18.4331 -3.09703 1.2
      vertex 18.3405 -3.09996 1.2
    endloop
  endfacet
  facet normal 0.0316256 -0.9995 0
    outer loop
      vertex 18.4331 -3.09703 1.2
      vertex 18.3405 -3.09996 0.799999
      vertex 18.4331 -3.09703 0.799999
    endloop
  endfacet
  facet normal -0.0234677 -0.999725 0
    outer loop
      vertex 18.2766 -3.09846 0.799999
      vertex 18.3405 -3.09996 1.2
      vertex 18.2766 -3.09846 1.2
    endloop
  endfacet
  facet normal -0.0234677 -0.999725 -0
    outer loop
      vertex 18.3405 -3.09996 1.2
      vertex 18.2766 -3.09846 0.799999
      vertex 18.3405 -3.09996 0.799999
    endloop
  endfacet
  facet normal -0.0733743 -0.997304 0
    outer loop
      vertex 18.2153 -3.09395 0.799999
      vertex 18.2766 -3.09846 1.2
      vertex 18.2153 -3.09395 1.2
    endloop
  endfacet
  facet normal -0.0733743 -0.997304 -0
    outer loop
      vertex 18.2766 -3.09846 1.2
      vertex 18.2153 -3.09395 0.799999
      vertex 18.2766 -3.09846 0.799999
    endloop
  endfacet
  facet normal -0.126646 -0.991948 0
    outer loop
      vertex 18.1564 -3.08643 0.799999
      vertex 18.2153 -3.09395 1.2
      vertex 18.1564 -3.08643 1.2
    endloop
  endfacet
  facet normal -0.126646 -0.991948 -0
    outer loop
      vertex 18.2153 -3.09395 1.2
      vertex 18.1564 -3.08643 0.799999
      vertex 18.2153 -3.09395 0.799999
    endloop
  endfacet
  facet normal -0.183553 -0.98301 0
    outer loop
      vertex 18.0999 -3.07588 0.799999
      vertex 18.1564 -3.08643 1.2
      vertex 18.0999 -3.07588 1.2
    endloop
  endfacet
  facet normal -0.183553 -0.98301 -0
    outer loop
      vertex 18.1564 -3.08643 1.2
      vertex 18.0999 -3.07588 0.799999
      vertex 18.1564 -3.08643 0.799999
    endloop
  endfacet
  facet normal -0.243806 -0.969824 0
    outer loop
      vertex 18.046 -3.06233 0.799999
      vertex 18.0999 -3.07588 1.2
      vertex 18.046 -3.06233 1.2
    endloop
  endfacet
  facet normal -0.243806 -0.969824 -0
    outer loop
      vertex 18.0999 -3.07588 1.2
      vertex 18.046 -3.06233 0.799999
      vertex 18.0999 -3.07588 0.799999
    endloop
  endfacet
  facet normal -0.306489 -0.951874 0
    outer loop
      vertex 17.9946 -3.04578 0.799999
      vertex 18.046 -3.06233 1.2
      vertex 17.9946 -3.04578 1.2
    endloop
  endfacet
  facet normal -0.306489 -0.951874 -0
    outer loop
      vertex 18.046 -3.06233 1.2
      vertex 17.9946 -3.04578 0.799999
      vertex 18.046 -3.06233 0.799999
    endloop
  endfacet
  facet normal -0.371064 -0.928607 0
    outer loop
      vertex 17.9456 -3.0262 0.799999
      vertex 17.9946 -3.04578 1.2
      vertex 17.9456 -3.0262 1.2
    endloop
  endfacet
  facet normal -0.371064 -0.928607 -0
    outer loop
      vertex 17.9946 -3.04578 1.2
      vertex 17.9456 -3.0262 0.799999
      vertex 17.9946 -3.04578 0.799999
    endloop
  endfacet
  facet normal -0.436815 -0.899552 0
    outer loop
      vertex 17.8991 -3.00362 0.799999
      vertex 17.9456 -3.0262 1.2
      vertex 17.8991 -3.00362 1.2
    endloop
  endfacet
  facet normal -0.436815 -0.899552 -0
    outer loop
      vertex 17.9456 -3.0262 1.2
      vertex 17.8991 -3.00362 0.799999
      vertex 17.9456 -3.0262 0.799999
    endloop
  endfacet
  facet normal -0.502747 -0.864434 0
    outer loop
      vertex 17.8551 -2.97803 0.799999
      vertex 17.8991 -3.00362 1.2
      vertex 17.8551 -2.97803 1.2
    endloop
  endfacet
  facet normal -0.502747 -0.864434 -0
    outer loop
      vertex 17.8991 -3.00362 1.2
      vertex 17.8551 -2.97803 0.799999
      vertex 17.8991 -3.00362 0.799999
    endloop
  endfacet
  facet normal -0.567455 -0.823405 0
    outer loop
      vertex 17.8136 -2.94943 0.799999
      vertex 17.8551 -2.97803 1.2
      vertex 17.8136 -2.94943 1.2
    endloop
  endfacet
  facet normal -0.567455 -0.823405 -0
    outer loop
      vertex 17.8551 -2.97803 1.2
      vertex 17.8136 -2.94943 0.799999
      vertex 17.8551 -2.97803 0.799999
    endloop
  endfacet
  facet normal -0.626282 -0.779596 0
    outer loop
      vertex 17.7747 -2.91818 0.799999
      vertex 17.8136 -2.94943 1.2
      vertex 17.7747 -2.91818 1.2
    endloop
  endfacet
  facet normal -0.626282 -0.779596 -0
    outer loop
      vertex 17.8136 -2.94943 1.2
      vertex 17.7747 -2.91818 0.799999
      vertex 17.8136 -2.94943 0.799999
    endloop
  endfacet
  facet normal -0.680436 -0.732808 0
    outer loop
      vertex 17.7386 -2.88466 0.799999
      vertex 17.7747 -2.91818 1.2
      vertex 17.7386 -2.88466 1.2
    endloop
  endfacet
  facet normal -0.680436 -0.732808 -0
    outer loop
      vertex 17.7747 -2.91818 1.2
      vertex 17.7386 -2.88466 0.799999
      vertex 17.7747 -2.91818 0.799999
    endloop
  endfacet
  facet normal -0.733326 -0.679878 0
    outer loop
      vertex 17.7386 -2.88466 0.799999
      vertex 17.7054 -2.84885 1.2
      vertex 17.7054 -2.84885 0.799999
    endloop
  endfacet
  facet normal -0.733326 -0.679878 0
    outer loop
      vertex 17.7054 -2.84885 1.2
      vertex 17.7386 -2.88466 0.799999
      vertex 17.7386 -2.88466 1.2
    endloop
  endfacet
  facet normal -0.780589 -0.625045 0
    outer loop
      vertex 17.7054 -2.84885 0.799999
      vertex 17.6749 -2.81076 1.2
      vertex 17.6749 -2.81076 0.799999
    endloop
  endfacet
  facet normal -0.780589 -0.625045 0
    outer loop
      vertex 17.6749 -2.81076 1.2
      vertex 17.7054 -2.84885 0.799999
      vertex 17.7054 -2.84885 1.2
    endloop
  endfacet
  facet normal -0.824495 -0.56587 0
    outer loop
      vertex 17.6749 -2.81076 0.799999
      vertex 17.6472 -2.7704 1.2
      vertex 17.6472 -2.7704 0.799999
    endloop
  endfacet
  facet normal -0.824495 -0.56587 0
    outer loop
      vertex 17.6472 -2.7704 1.2
      vertex 17.6749 -2.81076 0.799999
      vertex 17.6749 -2.81076 1.2
    endloop
  endfacet
  facet normal -0.864374 -0.50285 0
    outer loop
      vertex 17.6472 -2.7704 0.799999
      vertex 17.6224 -2.72777 1.2
      vertex 17.6224 -2.72777 0.799999
    endloop
  endfacet
  facet normal -0.864374 -0.50285 0
    outer loop
      vertex 17.6224 -2.72777 1.2
      vertex 17.6472 -2.7704 0.799999
      vertex 17.6472 -2.7704 1.2
    endloop
  endfacet
  facet normal -0.898076 -0.439841 0
    outer loop
      vertex 17.6224 -2.72777 0.799999
      vertex 17.6004 -2.68285 1.2
      vertex 17.6004 -2.68285 0.799999
    endloop
  endfacet
  facet normal -0.898076 -0.439841 0
    outer loop
      vertex 17.6004 -2.68285 1.2
      vertex 17.6224 -2.72777 0.799999
      vertex 17.6224 -2.72777 1.2
    endloop
  endfacet
  facet normal -0.926323 -0.37673 0
    outer loop
      vertex 17.6004 -2.68285 0.799999
      vertex 17.5812 -2.63564 1.2
      vertex 17.5812 -2.63564 0.799999
    endloop
  endfacet
  facet normal -0.926323 -0.37673 0
    outer loop
      vertex 17.5812 -2.63564 1.2
      vertex 17.6004 -2.68285 0.799999
      vertex 17.6004 -2.68285 1.2
    endloop
  endfacet
  facet normal -0.948626 -0.3164 0
    outer loop
      vertex 17.5812 -2.63564 0.799999
      vertex 17.5647 -2.58617 1.2
      vertex 17.5647 -2.58617 0.799999
    endloop
  endfacet
  facet normal -0.948626 -0.3164 0
    outer loop
      vertex 17.5647 -2.58617 1.2
      vertex 17.5812 -2.63564 0.799999
      vertex 17.5812 -2.63564 1.2
    endloop
  endfacet
  facet normal -0.967171 -0.254125 0
    outer loop
      vertex 17.5647 -2.58617 0.799999
      vertex 17.5511 -2.53441 1.2
      vertex 17.5511 -2.53441 0.799999
    endloop
  endfacet
  facet normal -0.967171 -0.254125 0
    outer loop
      vertex 17.5511 -2.53441 1.2
      vertex 17.5647 -2.58617 0.799999
      vertex 17.5647 -2.58617 1.2
    endloop
  endfacet
  facet normal 0.116648 -0.993173 0
    outer loop
      vertex 16.4078 -2.66869 0.799999
      vertex 17.5511 -2.53441 1.2
      vertex 16.4078 -2.66869 1.2
    endloop
  endfacet
  facet normal 0.116648 -0.993173 0
    outer loop
      vertex 17.5511 -2.53441 1.2
      vertex 16.4078 -2.66869 0.799999
      vertex 17.5511 -2.53441 0.799999
    endloop
  endfacet
  facet normal 0.972604 0.232467 0
    outer loop
      vertex 16.4344 -2.77998 1.2
      vertex 16.4078 -2.66869 0.799999
      vertex 16.4078 -2.66869 1.2
    endloop
  endfacet
  facet normal 0.972604 0.232467 0
    outer loop
      vertex 16.4078 -2.66869 0.799999
      vertex 16.4344 -2.77998 1.2
      vertex 16.4344 -2.77998 0.799999
    endloop
  endfacet
  facet normal 0.952013 0.306059 0
    outer loop
      vertex 16.4685 -2.88605 1.2
      vertex 16.4344 -2.77998 0.799999
      vertex 16.4344 -2.77998 1.2
    endloop
  endfacet
  facet normal 0.952013 0.306059 0
    outer loop
      vertex 16.4344 -2.77998 0.799999
      vertex 16.4685 -2.88605 1.2
      vertex 16.4685 -2.88605 0.799999
    endloop
  endfacet
  facet normal 0.924374 0.381488 0
    outer loop
      vertex 16.5101 -2.98685 1.2
      vertex 16.4685 -2.88605 0.799999
      vertex 16.4685 -2.88605 1.2
    endloop
  endfacet
  facet normal 0.924374 0.381488 0
    outer loop
      vertex 16.4685 -2.88605 0.799999
      vertex 16.5101 -2.98685 1.2
      vertex 16.5101 -2.98685 0.799999
    endloop
  endfacet
  facet normal 0.889459 0.457016 0
    outer loop
      vertex 16.5592 -3.08241 1.2
      vertex 16.5101 -2.98685 0.799999
      vertex 16.5101 -2.98685 1.2
    endloop
  endfacet
  facet normal 0.889459 0.457016 0
    outer loop
      vertex 16.5101 -2.98685 0.799999
      vertex 16.5592 -3.08241 1.2
      vertex 16.5592 -3.08241 0.799999
    endloop
  endfacet
  facet normal 0.847312 0.531095 0
    outer loop
      vertex 16.6158 -3.17271 1.2
      vertex 16.5592 -3.08241 0.799999
      vertex 16.5592 -3.08241 1.2
    endloop
  endfacet
  facet normal 0.847312 0.531095 0
    outer loop
      vertex 16.5592 -3.08241 0.799999
      vertex 16.6158 -3.17271 1.2
      vertex 16.6158 -3.17271 0.799999
    endloop
  endfacet
  facet normal 0.798206 0.602384 0
    outer loop
      vertex 16.68 -3.25778 1.2
      vertex 16.6158 -3.17271 0.799999
      vertex 16.6158 -3.17271 1.2
    endloop
  endfacet
  facet normal 0.798206 0.602384 0
    outer loop
      vertex 16.6158 -3.17271 0.799999
      vertex 16.68 -3.25778 1.2
      vertex 16.68 -3.25778 0.799999
    endloop
  endfacet
  facet normal 0.743892 0.6683 0
    outer loop
      vertex 16.7517 -3.33759 1.2
      vertex 16.68 -3.25778 0.799999
      vertex 16.68 -3.25778 1.2
    endloop
  endfacet
  facet normal 0.743892 0.6683 0
    outer loop
      vertex 16.68 -3.25778 0.799999
      vertex 16.7517 -3.33759 1.2
      vertex 16.7517 -3.33759 0.799999
    endloop
  endfacet
  facet normal 0.685047 0.728499 -0
    outer loop
      vertex 16.831 -3.41216 0.799999
      vertex 16.7517 -3.33759 1.2
      vertex 16.831 -3.41216 1.2
    endloop
  endfacet
  facet normal 0.685047 0.728499 0
    outer loop
      vertex 16.7517 -3.33759 1.2
      vertex 16.831 -3.41216 0.799999
      vertex 16.7517 -3.33759 0.799999
    endloop
  endfacet
  facet normal 0.624365 0.781132 -0
    outer loop
      vertex 16.9177 -3.48146 0.799999
      vertex 16.831 -3.41216 1.2
      vertex 16.9177 -3.48146 1.2
    endloop
  endfacet
  facet normal 0.624365 0.781132 0
    outer loop
      vertex 16.831 -3.41216 1.2
      vertex 16.9177 -3.48146 0.799999
      vertex 16.831 -3.41216 0.799999
    endloop
  endfacet
  facet normal 0.561986 0.827147 -0
    outer loop
      vertex 17.012 -3.54553 0.799999
      vertex 16.9177 -3.48146 1.2
      vertex 17.012 -3.54553 1.2
    endloop
  endfacet
  facet normal 0.561986 0.827147 0
    outer loop
      vertex 16.9177 -3.48146 1.2
      vertex 17.012 -3.54553 0.799999
      vertex 16.9177 -3.48146 0.799999
    endloop
  endfacet
  facet normal 0.499629 0.86624 -0
    outer loop
      vertex 17.1132 -3.6039 0.799999
      vertex 17.012 -3.54553 1.2
      vertex 17.1132 -3.6039 1.2
    endloop
  endfacet
  facet normal 0.499629 0.86624 0
    outer loop
      vertex 17.012 -3.54553 1.2
      vertex 17.1132 -3.6039 0.799999
      vertex 17.012 -3.54553 0.799999
    endloop
  endfacet
  facet normal 0.436875 0.899522 -0
    outer loop
      vertex 17.2207 -3.65611 0.799999
      vertex 17.1132 -3.6039 1.2
      vertex 17.2207 -3.65611 1.2
    endloop
  endfacet
  facet normal 0.436875 0.899522 0
    outer loop
      vertex 17.1132 -3.6039 1.2
      vertex 17.2207 -3.65611 0.799999
      vertex 17.1132 -3.6039 0.799999
    endloop
  endfacet
  facet normal 0.375036 0.92701 -0
    outer loop
      vertex 17.3346 -3.70219 0.799999
      vertex 17.2207 -3.65611 1.2
      vertex 17.3346 -3.70219 1.2
    endloop
  endfacet
  facet normal 0.375036 0.92701 0
    outer loop
      vertex 17.2207 -3.65611 1.2
      vertex 17.3346 -3.70219 0.799999
      vertex 17.2207 -3.65611 0.799999
    endloop
  endfacet
  facet normal 0.315635 0.948881 -0
    outer loop
      vertex 17.4547 -3.74214 0.799999
      vertex 17.3346 -3.70219 1.2
      vertex 17.4547 -3.74214 1.2
    endloop
  endfacet
  facet normal 0.315635 0.948881 0
    outer loop
      vertex 17.3346 -3.70219 1.2
      vertex 17.4547 -3.74214 0.799999
      vertex 17.3346 -3.70219 0.799999
    endloop
  endfacet
  facet normal 0.258186 0.966095 -0
    outer loop
      vertex 17.5811 -3.77592 0.799999
      vertex 17.4547 -3.74214 1.2
      vertex 17.5811 -3.77592 1.2
    endloop
  endfacet
  facet normal 0.258186 0.966095 0
    outer loop
      vertex 17.4547 -3.74214 1.2
      vertex 17.5811 -3.77592 0.799999
      vertex 17.4547 -3.74214 0.799999
    endloop
  endfacet
  facet normal 0.203836 0.979005 -0
    outer loop
      vertex 17.7139 -3.80357 0.799999
      vertex 17.5811 -3.77592 1.2
      vertex 17.7139 -3.80357 1.2
    endloop
  endfacet
  facet normal 0.203836 0.979005 0
    outer loop
      vertex 17.5811 -3.77592 1.2
      vertex 17.7139 -3.80357 0.799999
      vertex 17.5811 -3.77592 0.799999
    endloop
  endfacet
  facet normal 0.152859 0.988248 -0
    outer loop
      vertex 17.8529 -3.82507 0.799999
      vertex 17.7139 -3.80357 1.2
      vertex 17.8529 -3.82507 1.2
    endloop
  endfacet
  facet normal 0.152859 0.988248 0
    outer loop
      vertex 17.7139 -3.80357 1.2
      vertex 17.8529 -3.82507 0.799999
      vertex 17.7139 -3.80357 0.799999
    endloop
  endfacet
  facet normal 0.105123 0.994459 -0
    outer loop
      vertex 17.9983 -3.84044 0.799999
      vertex 17.8529 -3.82507 1.2
      vertex 17.9983 -3.84044 1.2
    endloop
  endfacet
  facet normal 0.105123 0.994459 0
    outer loop
      vertex 17.8529 -3.82507 1.2
      vertex 17.9983 -3.84044 0.799999
      vertex 17.8529 -3.82507 0.799999
    endloop
  endfacet
  facet normal 0.0607058 0.998156 -0
    outer loop
      vertex 18.1499 -3.84966 0.799999
      vertex 17.9983 -3.84044 1.2
      vertex 18.1499 -3.84966 1.2
    endloop
  endfacet
  facet normal 0.0607058 0.998156 0
    outer loop
      vertex 17.9983 -3.84044 1.2
      vertex 18.1499 -3.84966 0.799999
      vertex 17.9983 -3.84044 0.799999
    endloop
  endfacet
  facet normal 0.0193635 0.999813 -0
    outer loop
      vertex 18.3079 -3.85272 0.799999
      vertex 18.1499 -3.84966 1.2
      vertex 18.3079 -3.85272 1.2
    endloop
  endfacet
  facet normal 0.0193635 0.999813 0
    outer loop
      vertex 18.1499 -3.84966 1.2
      vertex 18.3079 -3.85272 0.799999
      vertex 18.1499 -3.84966 0.799999
    endloop
  endfacet
  facet normal -0.0241118 0.999709 0
    outer loop
      vertex 18.5065 -3.84793 0.799999
      vertex 18.3079 -3.85272 1.2
      vertex 18.5065 -3.84793 1.2
    endloop
  endfacet
  facet normal -0.0241118 0.999709 0
    outer loop
      vertex 18.3079 -3.85272 1.2
      vertex 18.5065 -3.84793 0.799999
      vertex 18.3079 -3.85272 0.799999
    endloop
  endfacet
  facet normal -0.26919 -0.963087 0
    outer loop
      vertex 17.9976 -1.22787 0.799999
      vertex 18.1518 -1.27097 1.2
      vertex 17.9976 -1.22787 1.2
    endloop
  endfacet
  facet normal -0.26919 -0.963087 -0
    outer loop
      vertex 18.1518 -1.27097 1.2
      vertex 17.9976 -1.22787 0.799999
      vertex 18.1518 -1.27097 0.799999
    endloop
  endfacet
  facet normal -0.466603 -0.884467 0
    outer loop
      vertex 17.8615 -1.15607 0.799999
      vertex 17.9976 -1.22787 1.2
      vertex 17.8615 -1.15607 1.2
    endloop
  endfacet
  facet normal -0.466603 -0.884467 -0
    outer loop
      vertex 17.9976 -1.22787 1.2
      vertex 17.8615 -1.15607 0.799999
      vertex 17.9976 -1.22787 0.799999
    endloop
  endfacet
  facet normal -0.648547 -0.761175 0
    outer loop
      vertex 17.7435 -1.05553 0.799999
      vertex 17.8615 -1.15607 1.2
      vertex 17.7435 -1.05553 1.2
    endloop
  endfacet
  facet normal -0.648547 -0.761175 -0
    outer loop
      vertex 17.8615 -1.15607 1.2
      vertex 17.7435 -1.05553 0.799999
      vertex 17.8615 -1.15607 0.799999
    endloop
  endfacet
  facet normal -0.791567 -0.611083 0
    outer loop
      vertex 17.7435 -1.05553 0.799999
      vertex 17.6437 -0.926254 1.2
      vertex 17.6437 -0.926254 0.799999
    endloop
  endfacet
  facet normal -0.791567 -0.611083 0
    outer loop
      vertex 17.6437 -0.926254 1.2
      vertex 17.7435 -1.05553 0.799999
      vertex 17.7435 -1.05553 1.2
    endloop
  endfacet
  facet normal -0.88826 -0.459341 0
    outer loop
      vertex 17.6437 -0.926254 0.799999
      vertex 17.562 -0.768265 1.2
      vertex 17.562 -0.768265 0.799999
    endloop
  endfacet
  facet normal -0.88826 -0.459341 0
    outer loop
      vertex 17.562 -0.768265 1.2
      vertex 17.6437 -0.926254 0.799999
      vertex 17.6437 -0.926254 1.2
    endloop
  endfacet
  facet normal -0.94675 -0.321969 0
    outer loop
      vertex 17.562 -0.768265 0.799999
      vertex 17.4985 -0.581543 1.2
      vertex 17.4985 -0.581543 0.799999
    endloop
  endfacet
  facet normal -0.94675 -0.321969 0
    outer loop
      vertex 17.4985 -0.581543 1.2
      vertex 17.562 -0.768265 0.799999
      vertex 17.562 -0.768265 1.2
    endloop
  endfacet
  facet normal -0.978509 -0.206204 0
    outer loop
      vertex 17.4985 -0.581543 0.799999
      vertex 17.4531 -0.366104 1.2
      vertex 17.4531 -0.366104 0.799999
    endloop
  endfacet
  facet normal -0.978509 -0.206204 0
    outer loop
      vertex 17.4531 -0.366104 1.2
      vertex 17.4985 -0.581543 0.799999
      vertex 17.4985 -0.581543 1.2
    endloop
  endfacet
  facet normal -0.993852 -0.110713 0
    outer loop
      vertex 17.4531 -0.366104 0.799999
      vertex 17.4259 -0.121933 1.2
      vertex 17.4259 -0.121933 0.799999
    endloop
  endfacet
  facet normal -0.993852 -0.110713 0
    outer loop
      vertex 17.4259 -0.121933 1.2
      vertex 17.4531 -0.366104 0.799999
      vertex 17.4531 -0.366104 1.2
    endloop
  endfacet
  facet normal -0.999457 -0.0329645 0
    outer loop
      vertex 17.4259 -0.121933 0.799999
      vertex 17.4169 0.15094 1.2
      vertex 17.4169 0.15094 0.799999
    endloop
  endfacet
  facet normal -0.999457 -0.0329645 0
    outer loop
      vertex 17.4169 0.15094 1.2
      vertex 17.4259 -0.121933 0.799999
      vertex 17.4259 -0.121933 1.2
    endloop
  endfacet
  facet normal -0.999466 0.0326822 0
    outer loop
      vertex 17.4169 0.15094 0.799999
      vertex 17.426 0.42923 1.2
      vertex 17.426 0.42923 0.799999
    endloop
  endfacet
  facet normal -0.999466 0.0326822 0
    outer loop
      vertex 17.426 0.42923 1.2
      vertex 17.4169 0.15094 0.799999
      vertex 17.4169 0.15094 1.2
    endloop
  endfacet
  facet normal -0.993957 0.109771 0
    outer loop
      vertex 17.426 0.42923 0.799999
      vertex 17.4535 0.678238 1.2
      vertex 17.4535 0.678238 0.799999
    endloop
  endfacet
  facet normal -0.993957 0.109771 0
    outer loop
      vertex 17.4535 0.678238 1.2
      vertex 17.426 0.42923 0.799999
      vertex 17.426 0.42923 1.2
    endloop
  endfacet
  facet normal -0.979045 0.203642 0
    outer loop
      vertex 17.4535 0.678238 0.799999
      vertex 17.4992 0.897949 1.2
      vertex 17.4992 0.897949 0.799999
    endloop
  endfacet
  facet normal -0.979045 0.203642 0
    outer loop
      vertex 17.4992 0.897949 1.2
      vertex 17.4535 0.678238 0.799999
      vertex 17.4535 0.678238 1.2
    endloop
  endfacet
  facet normal -0.947739 0.319047 0
    outer loop
      vertex 17.4992 0.897949 0.799999
      vertex 17.5633 1.08836 1.2
      vertex 17.5633 1.08836 0.799999
    endloop
  endfacet
  facet normal -0.947739 0.319047 0
    outer loop
      vertex 17.5633 1.08836 1.2
      vertex 17.4992 0.897949 0.799999
      vertex 17.4992 0.897949 1.2
    endloop
  endfacet
  facet normal -0.890323 0.455329 0
    outer loop
      vertex 17.5633 1.08836 0.799999
      vertex 17.6457 1.24948 1.2
      vertex 17.6457 1.24948 0.799999
    endloop
  endfacet
  facet normal -0.890323 0.455329 0
    outer loop
      vertex 17.6457 1.24948 1.2
      vertex 17.5633 1.08836 0.799999
      vertex 17.5633 1.08836 1.2
    endloop
  endfacet
  facet normal -0.794659 0.607056 0
    outer loop
      vertex 17.6457 1.24948 0.799999
      vertex 17.7464 1.3813 1.2
      vertex 17.7464 1.3813 0.799999
    endloop
  endfacet
  facet normal -0.794659 0.607056 0
    outer loop
      vertex 17.7464 1.3813 1.2
      vertex 17.6457 1.24948 0.799999
      vertex 17.6457 1.24948 1.2
    endloop
  endfacet
  facet normal -0.652734 0.757587 0
    outer loop
      vertex 17.8654 1.48383 0.799999
      vertex 17.7464 1.3813 1.2
      vertex 17.8654 1.48383 1.2
    endloop
  endfacet
  facet normal -0.652734 0.757587 0
    outer loop
      vertex 17.7464 1.3813 1.2
      vertex 17.8654 1.48383 0.799999
      vertex 17.7464 1.3813 0.799999
    endloop
  endfacet
  facet normal -0.470388 0.88246 0
    outer loop
      vertex 18.0028 1.55707 0.799999
      vertex 17.8654 1.48383 1.2
      vertex 18.0028 1.55707 1.2
    endloop
  endfacet
  facet normal -0.470388 0.88246 0
    outer loop
      vertex 17.8654 1.48383 1.2
      vertex 18.0028 1.55707 0.799999
      vertex 17.8654 1.48383 0.799999
    endloop
  endfacet
  facet normal -0.271763 0.962364 0
    outer loop
      vertex 18.1584 1.60101 0.799999
      vertex 18.0028 1.55707 1.2
      vertex 18.1584 1.60101 1.2
    endloop
  endfacet
  facet normal -0.271763 0.962364 0
    outer loop
      vertex 18.0028 1.55707 1.2
      vertex 18.1584 1.60101 0.799999
      vertex 18.0028 1.55707 0.799999
    endloop
  endfacet
  facet normal -0.0839465 0.99647 0
    outer loop
      vertex 18.3323 1.61566 0.799999
      vertex 18.1584 1.60101 1.2
      vertex 18.3323 1.61566 1.2
    endloop
  endfacet
  facet normal -0.0839465 0.99647 0
    outer loop
      vertex 18.1584 1.60101 1.2
      vertex 18.3323 1.61566 0.799999
      vertex 18.1584 1.60101 0.799999
    endloop
  endfacet
  facet normal 0.0435016 0.999053 -0
    outer loop
      vertex 18.4198 1.61185 0.799999
      vertex 18.3323 1.61566 1.2
      vertex 18.4198 1.61185 1.2
    endloop
  endfacet
  facet normal 0.0435016 0.999053 0
    outer loop
      vertex 18.3323 1.61566 1.2
      vertex 18.4198 1.61185 0.799999
      vertex 18.3323 1.61566 0.799999
    endloop
  endfacet
  facet normal 0.135824 0.990733 -0
    outer loop
      vertex 18.5031 1.60043 0.799999
      vertex 18.4198 1.61185 1.2
      vertex 18.5031 1.60043 1.2
    endloop
  endfacet
  facet normal 0.135824 0.990733 0
    outer loop
      vertex 18.4198 1.61185 1.2
      vertex 18.5031 1.60043 0.799999
      vertex 18.4198 1.61185 0.799999
    endloop
  endfacet
  facet normal 0.233118 0.972448 -0
    outer loop
      vertex 18.5824 1.58142 0.799999
      vertex 18.5031 1.60043 1.2
      vertex 18.5824 1.58142 1.2
    endloop
  endfacet
  facet normal 0.233118 0.972448 0
    outer loop
      vertex 18.5031 1.60043 1.2
      vertex 18.5824 1.58142 0.799999
      vertex 18.5031 1.60043 0.799999
    endloop
  endfacet
  facet normal 0.334316 0.942461 -0
    outer loop
      vertex 18.6575 1.55478 0.799999
      vertex 18.5824 1.58142 1.2
      vertex 18.6575 1.55478 1.2
    endloop
  endfacet
  facet normal 0.334316 0.942461 0
    outer loop
      vertex 18.5824 1.58142 1.2
      vertex 18.6575 1.55478 0.799999
      vertex 18.5824 1.58142 0.799999
    endloop
  endfacet
  facet normal 0.43438 0.90073 -0
    outer loop
      vertex 18.7285 1.52054 0.799999
      vertex 18.6575 1.55478 1.2
      vertex 18.7285 1.52054 1.2
    endloop
  endfacet
  facet normal 0.43438 0.90073 0
    outer loop
      vertex 18.6575 1.55478 1.2
      vertex 18.7285 1.52054 0.799999
      vertex 18.6575 1.55478 0.799999
    endloop
  endfacet
  facet normal 0.52968 0.848197 -0
    outer loop
      vertex 18.7955 1.4787 0.799999
      vertex 18.7285 1.52054 1.2
      vertex 18.7955 1.4787 1.2
    endloop
  endfacet
  facet normal 0.52968 0.848197 0
    outer loop
      vertex 18.7285 1.52054 1.2
      vertex 18.7955 1.4787 0.799999
      vertex 18.7285 1.52054 0.799999
    endloop
  endfacet
  facet normal 0.619413 0.785065 -0
    outer loop
      vertex 18.8582 1.42923 0.799999
      vertex 18.7955 1.4787 1.2
      vertex 18.8582 1.42923 1.2
    endloop
  endfacet
  facet normal 0.619413 0.785065 0
    outer loop
      vertex 18.7955 1.4787 1.2
      vertex 18.8582 1.42923 0.799999
      vertex 18.7955 1.4787 0.799999
    endloop
  endfacet
  facet normal 0.697082 0.716992 -0
    outer loop
      vertex 18.9169 1.37216 0.799999
      vertex 18.8582 1.42923 1.2
      vertex 18.9169 1.37216 1.2
    endloop
  endfacet
  facet normal 0.697082 0.716992 0
    outer loop
      vertex 18.8582 1.42923 1.2
      vertex 18.9169 1.37216 0.799999
      vertex 18.8582 1.42923 0.799999
    endloop
  endfacet
  facet normal 0.764139 0.645052 0
    outer loop
      vertex 18.9715 1.30748 1.2
      vertex 18.9169 1.37216 0.799999
      vertex 18.9169 1.37216 1.2
    endloop
  endfacet
  facet normal 0.764139 0.645052 0
    outer loop
      vertex 18.9169 1.37216 0.799999
      vertex 18.9715 1.30748 1.2
      vertex 18.9715 1.30748 0.799999
    endloop
  endfacet
  facet normal 0.819743 0.572731 0
    outer loop
      vertex 19.022 1.2352 1.2
      vertex 18.9715 1.30748 0.799999
      vertex 18.9715 1.30748 1.2
    endloop
  endfacet
  facet normal 0.819743 0.572731 0
    outer loop
      vertex 18.9715 1.30748 0.799999
      vertex 19.022 1.2352 1.2
      vertex 19.022 1.2352 0.799999
    endloop
  endfacet
  facet normal 0.864369 0.502858 0
    outer loop
      vertex 19.068 1.15613 1.2
      vertex 19.022 1.2352 0.799999
      vertex 19.022 1.2352 1.2
    endloop
  endfacet
  facet normal 0.864369 0.502858 0
    outer loop
      vertex 19.022 1.2352 0.799999
      vertex 19.068 1.15613 1.2
      vertex 19.068 1.15613 0.799999
    endloop
  endfacet
  facet normal 0.90038 0.435104 0
    outer loop
      vertex 19.1091 1.07108 1.2
      vertex 19.068 1.15613 0.799999
      vertex 19.068 1.15613 1.2
    endloop
  endfacet
  facet normal 0.90038 0.435104 0
    outer loop
      vertex 19.068 1.15613 0.799999
      vertex 19.1091 1.07108 1.2
      vertex 19.1091 1.07108 0.799999
    endloop
  endfacet
  facet normal 0.928881 0.370377 0
    outer loop
      vertex 19.1454 0.980042 1.2
      vertex 19.1091 1.07108 0.799999
      vertex 19.1091 1.07108 1.2
    endloop
  endfacet
  facet normal 0.928881 0.370377 0
    outer loop
      vertex 19.1091 1.07108 0.799999
      vertex 19.1454 0.980042 1.2
      vertex 19.1454 0.980042 0.799999
    endloop
  endfacet
  facet normal 0.951121 0.308818 0
    outer loop
      vertex 19.1769 0.883026 1.2
      vertex 19.1454 0.980042 0.799999
      vertex 19.1454 0.980042 1.2
    endloop
  endfacet
  facet normal 0.951121 0.308818 0
    outer loop
      vertex 19.1454 0.980042 0.799999
      vertex 19.1769 0.883026 1.2
      vertex 19.1769 0.883026 0.799999
    endloop
  endfacet
  facet normal 0.967994 0.250973 0
    outer loop
      vertex 19.2036 0.780045 1.2
      vertex 19.1769 0.883026 0.799999
      vertex 19.1769 0.883026 1.2
    endloop
  endfacet
  facet normal 0.967994 0.250973 0
    outer loop
      vertex 19.1769 0.883026 0.799999
      vertex 19.2036 0.780045 1.2
      vertex 19.2036 0.780045 0.799999
    endloop
  endfacet
  facet normal 0.980746 0.195287 0
    outer loop
      vertex 19.2253 0.671066 1.2
      vertex 19.2036 0.780045 0.799999
      vertex 19.2036 0.780045 1.2
    endloop
  endfacet
  facet normal 0.980746 0.195287 0
    outer loop
      vertex 19.2036 0.780045 0.799999
      vertex 19.2253 0.671066 1.2
      vertex 19.2253 0.671066 0.799999
    endloop
  endfacet
  facet normal 0.989242 0.146288 0
    outer loop
      vertex 19.2423 0.556107 1.2
      vertex 19.2253 0.671066 0.799999
      vertex 19.2253 0.671066 1.2
    endloop
  endfacet
  facet normal 0.989242 0.146288 0
    outer loop
      vertex 19.2253 0.671066 0.799999
      vertex 19.2423 0.556107 1.2
      vertex 19.2423 0.556107 0.799999
    endloop
  endfacet
  facet normal 0.995032 0.099551 0
    outer loop
      vertex 19.2544 0.435165 1.2
      vertex 19.2423 0.556107 0.799999
      vertex 19.2423 0.556107 1.2
    endloop
  endfacet
  facet normal 0.995032 0.099551 0
    outer loop
      vertex 19.2423 0.556107 0.799999
      vertex 19.2544 0.435165 1.2
      vertex 19.2544 0.435165 0.799999
    endloop
  endfacet
  facet normal 0.99835 0.0574275 0
    outer loop
      vertex 19.2617 0.308258 1.2
      vertex 19.2544 0.435165 0.799999
      vertex 19.2544 0.435165 1.2
    endloop
  endfacet
  facet normal 0.99835 0.0574275 0
    outer loop
      vertex 19.2544 0.435165 0.799999
      vertex 19.2617 0.308258 1.2
      vertex 19.2617 0.308258 0.799999
    endloop
  endfacet
  facet normal 0.999837 0.0180552 0
    outer loop
      vertex 19.2641 0.175354 1.2
      vertex 19.2617 0.308258 0.799999
      vertex 19.2617 0.308258 1.2
    endloop
  endfacet
  facet normal 0.999837 0.0180552 0
    outer loop
      vertex 19.2617 0.308258 0.799999
      vertex 19.2641 0.175354 1.2
      vertex 19.2641 0.175354 0.799999
    endloop
  endfacet
  facet normal 0.999846 -0.0175457 0
    outer loop
      vertex 19.2617 0.0385895 1.2
      vertex 19.2641 0.175354 0.799999
      vertex 19.2641 0.175354 1.2
    endloop
  endfacet
  facet normal 0.999846 -0.0175457 0
    outer loop
      vertex 19.2641 0.175354 0.799999
      vertex 19.2617 0.0385895 1.2
      vertex 19.2617 0.0385895 0.799999
    endloop
  endfacet
  facet normal 0.998436 -0.0559064 0
    outer loop
      vertex 19.2544 -0.0917816 1.2
      vertex 19.2617 0.0385895 0.799999
      vertex 19.2617 0.0385895 1.2
    endloop
  endfacet
  facet normal 0.998436 -0.0559064 0
    outer loop
      vertex 19.2617 0.0385895 0.799999
      vertex 19.2544 -0.0917816 1.2
      vertex 19.2544 -0.0917816 0.799999
    endloop
  endfacet
  facet normal 0.995273 -0.0971128 0
    outer loop
      vertex 19.2423 -0.21579 1.2
      vertex 19.2544 -0.0917816 0.799999
      vertex 19.2544 -0.0917816 1.2
    endloop
  endfacet
  facet normal 0.995273 -0.0971128 0
    outer loop
      vertex 19.2544 -0.0917816 0.799999
      vertex 19.2423 -0.21579 1.2
      vertex 19.2423 -0.21579 0.799999
    endloop
  endfacet
  facet normal 0.989715 -0.143053 0
    outer loop
      vertex 19.2253 -0.333405 1.2
      vertex 19.2423 -0.21579 0.799999
      vertex 19.2423 -0.21579 1.2
    endloop
  endfacet
  facet normal 0.989715 -0.143053 0
    outer loop
      vertex 19.2423 -0.21579 0.799999
      vertex 19.2253 -0.333405 1.2
      vertex 19.2253 -0.333405 0.799999
    endloop
  endfacet
  facet normal 0.981493 -0.191496 0
    outer loop
      vertex 19.2036 -0.444626 1.2
      vertex 19.2253 -0.333405 0.799999
      vertex 19.2253 -0.333405 1.2
    endloop
  endfacet
  facet normal 0.981493 -0.191496 0
    outer loop
      vertex 19.2253 -0.333405 0.799999
      vertex 19.2036 -0.444626 1.2
      vertex 19.2036 -0.444626 0.799999
    endloop
  endfacet
  facet normal 0.969061 -0.246823 0
    outer loop
      vertex 19.1769 -0.549454 1.2
      vertex 19.2036 -0.444626 0.799999
      vertex 19.2036 -0.444626 1.2
    endloop
  endfacet
  facet normal 0.969061 -0.246823 0
    outer loop
      vertex 19.2036 -0.444626 0.799999
      vertex 19.1769 -0.549454 1.2
      vertex 19.1769 -0.549454 0.799999
    endloop
  endfacet
  facet normal 0.952434 -0.304743 0
    outer loop
      vertex 19.1454 -0.647903 1.2
      vertex 19.1769 -0.549454 0.799999
      vertex 19.1769 -0.549454 1.2
    endloop
  endfacet
  facet normal 0.952434 -0.304743 0
    outer loop
      vertex 19.1769 -0.549454 0.799999
      vertex 19.1454 -0.647903 1.2
      vertex 19.1454 -0.647903 0.799999
    endloop
  endfacet
  facet normal 0.930308 -0.36678 0
    outer loop
      vertex 19.1091 -0.739975 1.2
      vertex 19.1454 -0.647903 0.799999
      vertex 19.1454 -0.647903 1.2
    endloop
  endfacet
  facet normal 0.930308 -0.36678 0
    outer loop
      vertex 19.1454 -0.647903 0.799999
      vertex 19.1091 -0.739975 1.2
      vertex 19.1091 -0.739975 0.799999
    endloop
  endfacet
  facet normal 0.901598 -0.432575 0
    outer loop
      vertex 19.068 -0.825638 1.2
      vertex 19.1091 -0.739975 0.799999
      vertex 19.1091 -0.739975 1.2
    endloop
  endfacet
  facet normal 0.901598 -0.432575 0
    outer loop
      vertex 19.1091 -0.739975 0.799999
      vertex 19.068 -0.825638 1.2
      vertex 19.068 -0.825638 0.799999
    endloop
  endfacet
  facet normal 0.864959 -0.501843 0
    outer loop
      vertex 19.022 -0.904922 1.2
      vertex 19.068 -0.825638 0.799999
      vertex 19.068 -0.825638 1.2
    endloop
  endfacet
  facet normal 0.864959 -0.501843 0
    outer loop
      vertex 19.068 -0.825638 0.799999
      vertex 19.022 -0.904922 1.2
      vertex 19.022 -0.904922 0.799999
    endloop
  endfacet
  facet normal 0.819214 -0.573487 0
    outer loop
      vertex 18.9714 -0.977203 1.2
      vertex 19.022 -0.904922 0.799999
      vertex 19.022 -0.904922 1.2
    endloop
  endfacet
  facet normal 0.819214 -0.573487 0
    outer loop
      vertex 19.022 -0.904922 0.799999
      vertex 18.9714 -0.977203 1.2
      vertex 18.9714 -0.977203 0.799999
    endloop
  endfacet
  facet normal 0.76291 -0.646504 0
    outer loop
      vertex 18.9166 -1.04187 1.2
      vertex 18.9714 -0.977203 0.799999
      vertex 18.9714 -0.977203 1.2
    endloop
  endfacet
  facet normal 0.76291 -0.646504 0
    outer loop
      vertex 18.9714 -0.977203 0.799999
      vertex 18.9166 -1.04187 1.2
      vertex 18.9166 -1.04187 0.799999
    endloop
  endfacet
  facet normal 0.694644 -0.719353 0
    outer loop
      vertex 18.8575 -1.09894 0.799999
      vertex 18.9166 -1.04187 1.2
      vertex 18.8575 -1.09894 1.2
    endloop
  endfacet
  facet normal 0.694644 -0.719353 0
    outer loop
      vertex 18.9166 -1.04187 1.2
      vertex 18.8575 -1.09894 0.799999
      vertex 18.9166 -1.04187 0.799999
    endloop
  endfacet
  facet normal 0.615543 -0.788104 0
    outer loop
      vertex 18.7942 -1.14838 0.799999
      vertex 18.8575 -1.09894 1.2
      vertex 18.7942 -1.14838 1.2
    endloop
  endfacet
  facet normal 0.615543 -0.788104 0
    outer loop
      vertex 18.8575 -1.09894 1.2
      vertex 18.7942 -1.14838 0.799999
      vertex 18.8575 -1.09894 0.799999
    endloop
  endfacet
  facet normal 0.525814 -0.8506 0
    outer loop
      vertex 18.7265 -1.19023 0.799999
      vertex 18.7942 -1.14838 1.2
      vertex 18.7265 -1.19023 1.2
    endloop
  endfacet
  facet normal 0.525814 -0.8506 0
    outer loop
      vertex 18.7942 -1.14838 1.2
      vertex 18.7265 -1.19023 0.799999
      vertex 18.7942 -1.14838 0.799999
    endloop
  endfacet
  facet normal 0.429851 -0.9029 0
    outer loop
      vertex 18.6546 -1.22446 0.799999
      vertex 18.7265 -1.19023 1.2
      vertex 18.6546 -1.22446 1.2
    endloop
  endfacet
  facet normal 0.429851 -0.9029 0
    outer loop
      vertex 18.7265 -1.19023 1.2
      vertex 18.6546 -1.22446 0.799999
      vertex 18.7265 -1.19023 0.799999
    endloop
  endfacet
  facet normal 0.330019 -0.943974 0
    outer loop
      vertex 18.5784 -1.2511 0.799999
      vertex 18.6546 -1.22446 1.2
      vertex 18.5784 -1.2511 1.2
    endloop
  endfacet
  facet normal 0.330019 -0.943974 0
    outer loop
      vertex 18.6546 -1.22446 1.2
      vertex 18.5784 -1.2511 0.799999
      vertex 18.6546 -1.22446 0.799999
    endloop
  endfacet
  facet normal 0.230098 -0.973167 0
    outer loop
      vertex 18.498 -1.27011 0.799999
      vertex 18.5784 -1.2511 1.2
      vertex 18.498 -1.27011 1.2
    endloop
  endfacet
  facet normal 0.230098 -0.973167 0
    outer loop
      vertex 18.5784 -1.2511 1.2
      vertex 18.498 -1.27011 0.799999
      vertex 18.5784 -1.2511 0.799999
    endloop
  endfacet
  facet normal 0.13335 -0.991069 0
    outer loop
      vertex 18.4132 -1.28152 0.799999
      vertex 18.498 -1.27011 1.2
      vertex 18.4132 -1.28152 1.2
    endloop
  endfacet
  facet normal 0.13335 -0.991069 0
    outer loop
      vertex 18.498 -1.27011 1.2
      vertex 18.4132 -1.28152 0.799999
      vertex 18.498 -1.27011 0.799999
    endloop
  endfacet
  facet normal 0.0426578 -0.99909 0
    outer loop
      vertex 18.3242 -1.28532 0.799999
      vertex 18.4132 -1.28152 1.2
      vertex 18.3242 -1.28532 1.2
    endloop
  endfacet
  facet normal 0.0426578 -0.99909 0
    outer loop
      vertex 18.4132 -1.28152 1.2
      vertex 18.3242 -1.28532 0.799999
      vertex 18.4132 -1.28152 0.799999
    endloop
  endfacet
  facet normal -0.0829498 -0.996554 0
    outer loop
      vertex 18.1518 -1.27097 0.799999
      vertex 18.3242 -1.28532 1.2
      vertex 18.1518 -1.27097 1.2
    endloop
  endfacet
  facet normal -0.0829498 -0.996554 -0
    outer loop
      vertex 18.3242 -1.28532 1.2
      vertex 18.1518 -1.27097 0.799999
      vertex 18.3242 -1.28532 0.799999
    endloop
  endfacet
  facet normal -0.138033 0.990428 0
    outer loop
      vertex 1.15863 -2.12038 0.799999
      vertex 0.901108 -2.15627 1.2
      vertex 1.15863 -2.12038 1.2
    endloop
  endfacet
  facet normal -0.138033 0.990428 0
    outer loop
      vertex 0.901108 -2.15627 1.2
      vertex 1.15863 -2.12038 0.799999
      vertex 0.901108 -2.15627 0.799999
    endloop
  endfacet
  facet normal -0.243551 0.969888 0
    outer loop
      vertex 1.39685 -2.06056 0.799999
      vertex 1.15863 -2.12038 1.2
      vertex 1.39685 -2.06056 1.2
    endloop
  endfacet
  facet normal -0.243551 0.969888 0
    outer loop
      vertex 1.15863 -2.12038 1.2
      vertex 1.39685 -2.06056 0.799999
      vertex 1.15863 -2.12038 0.799999
    endloop
  endfacet
  facet normal -0.357152 0.934046 0
    outer loop
      vertex 1.6158 -1.97684 0.799999
      vertex 1.39685 -2.06056 1.2
      vertex 1.6158 -1.97684 1.2
    endloop
  endfacet
  facet normal -0.357152 0.934046 0
    outer loop
      vertex 1.39685 -2.06056 1.2
      vertex 1.6158 -1.97684 0.799999
      vertex 1.39685 -2.06056 0.799999
    endloop
  endfacet
  facet normal -0.474686 0.880155 0
    outer loop
      vertex 1.81544 -1.86917 0.799999
      vertex 1.6158 -1.97684 1.2
      vertex 1.81544 -1.86917 1.2
    endloop
  endfacet
  facet normal -0.474686 0.880155 0
    outer loop
      vertex 1.6158 -1.97684 1.2
      vertex 1.81544 -1.86917 0.799999
      vertex 1.6158 -1.97684 0.799999
    endloop
  endfacet
  facet normal -0.589327 0.807895 0
    outer loop
      vertex 1.99582 -1.73759 0.799999
      vertex 1.81544 -1.86917 1.2
      vertex 1.99582 -1.73759 1.2
    endloop
  endfacet
  facet normal -0.589327 0.807895 0
    outer loop
      vertex 1.81544 -1.86917 1.2
      vertex 1.99582 -1.73759 0.799999
      vertex 1.81544 -1.86917 0.799999
    endloop
  endfacet
  facet normal -0.694536 0.719458 0
    outer loop
      vertex 2.15691 -1.58208 0.799999
      vertex 1.99582 -1.73759 1.2
      vertex 2.15691 -1.58208 1.2
    endloop
  endfacet
  facet normal -0.694536 0.719458 0
    outer loop
      vertex 1.99582 -1.73759 1.2
      vertex 2.15691 -1.58208 0.799999
      vertex 1.99582 -1.73759 0.799999
    endloop
  endfacet
  facet normal -0.784575 0.620034 0
    outer loop
      vertex 2.15691 -1.58208 0.799999
      vertex 2.29871 -1.40265 1.2
      vertex 2.29871 -1.40265 0.799999
    endloop
  endfacet
  facet normal -0.784575 0.620034 0
    outer loop
      vertex 2.29871 -1.40265 1.2
      vertex 2.15691 -1.58208 0.799999
      vertex 2.15691 -1.58208 1.2
    endloop
  endfacet
  facet normal -0.856562 0.516044 0
    outer loop
      vertex 2.29871 -1.40265 0.799999
      vertex 2.42122 -1.1993 1.2
      vertex 2.42122 -1.1993 0.799999
    endloop
  endfacet
  facet normal -0.856562 0.516044 0
    outer loop
      vertex 2.42122 -1.1993 1.2
      vertex 2.29871 -1.40265 0.799999
      vertex 2.29871 -1.40265 1.2
    endloop
  endfacet
  facet normal -0.910484 0.413543 0
    outer loop
      vertex 2.42122 -1.1993 0.799999
      vertex 2.52446 -0.972 1.2
      vertex 2.52446 -0.972 0.799999
    endloop
  endfacet
  facet normal -0.910484 0.413543 0
    outer loop
      vertex 2.52446 -0.972 1.2
      vertex 2.42122 -1.1993 0.799999
      vertex 2.42122 -1.1993 1.2
    endloop
  endfacet
  facet normal -0.0864226 -0.996259 0
    outer loop
      vertex 1.4462 -0.878464 0.799999
      vertex 2.52446 -0.972 1.2
      vertex 1.4462 -0.878464 1.2
    endloop
  endfacet
  facet normal -0.0864226 -0.996259 -0
    outer loop
      vertex 2.52446 -0.972 1.2
      vertex 1.4462 -0.878464 0.799999
      vertex 2.52446 -0.972 0.799999
    endloop
  endfacet
  facet normal 0.939946 -0.341324 0
    outer loop
      vertex 1.40999 -0.97818 1.2
      vertex 1.4462 -0.878464 0.799999
      vertex 1.4462 -0.878464 1.2
    endloop
  endfacet
  facet normal 0.939946 -0.341324 0
    outer loop
      vertex 1.4462 -0.878464 0.799999
      vertex 1.40999 -0.97818 1.2
      vertex 1.40999 -0.97818 0.799999
    endloop
  endfacet
  facet normal 0.892257 -0.451529 0
    outer loop
      vertex 1.36484 -1.0674 1.2
      vertex 1.40999 -0.97818 0.799999
      vertex 1.40999 -0.97818 1.2
    endloop
  endfacet
  facet normal 0.892257 -0.451529 0
    outer loop
      vertex 1.40999 -0.97818 0.799999
      vertex 1.36484 -1.0674 1.2
      vertex 1.36484 -1.0674 0.799999
    endloop
  endfacet
  facet normal 0.824091 -0.566458 0
    outer loop
      vertex 1.31073 -1.14612 1.2
      vertex 1.36484 -1.0674 0.799999
      vertex 1.36484 -1.0674 1.2
    endloop
  endfacet
  facet normal 0.824091 -0.566458 0
    outer loop
      vertex 1.36484 -1.0674 0.799999
      vertex 1.31073 -1.14612 1.2
      vertex 1.31073 -1.14612 0.799999
    endloop
  endfacet
  facet normal 0.734432 -0.678682 0
    outer loop
      vertex 1.24767 -1.21436 1.2
      vertex 1.31073 -1.14612 0.799999
      vertex 1.31073 -1.14612 1.2
    endloop
  endfacet
  facet normal 0.734432 -0.678682 0
    outer loop
      vertex 1.31073 -1.14612 0.799999
      vertex 1.24767 -1.21436 1.2
      vertex 1.24767 -1.21436 0.799999
    endloop
  endfacet
  facet normal 0.625435 -0.780276 0
    outer loop
      vertex 1.17566 -1.27208 0.799999
      vertex 1.24767 -1.21436 1.2
      vertex 1.17566 -1.27208 1.2
    endloop
  endfacet
  facet normal 0.625435 -0.780276 0
    outer loop
      vertex 1.24767 -1.21436 1.2
      vertex 1.17566 -1.27208 0.799999
      vertex 1.24767 -1.21436 0.799999
    endloop
  endfacet
  facet normal 0.503977 -0.863717 0
    outer loop
      vertex 1.0947 -1.31932 0.799999
      vertex 1.17566 -1.27208 1.2
      vertex 1.0947 -1.31932 1.2
    endloop
  endfacet
  facet normal 0.503977 -0.863717 0
    outer loop
      vertex 1.17566 -1.27208 1.2
      vertex 1.0947 -1.31932 0.799999
      vertex 1.17566 -1.27208 0.799999
    endloop
  endfacet
  facet normal 0.378144 -0.925747 0
    outer loop
      vertex 1.00478 -1.35605 0.799999
      vertex 1.0947 -1.31932 1.2
      vertex 1.00478 -1.35605 1.2
    endloop
  endfacet
  facet normal 0.378144 -0.925747 0
    outer loop
      vertex 1.0947 -1.31932 1.2
      vertex 1.00478 -1.35605 0.799999
      vertex 1.0947 -1.31932 0.799999
    endloop
  endfacet
  facet normal 0.256528 -0.966537 0
    outer loop
      vertex 0.905914 -1.38229 0.799999
      vertex 1.00478 -1.35605 1.2
      vertex 0.905914 -1.38229 1.2
    endloop
  endfacet
  facet normal 0.256528 -0.966537 0
    outer loop
      vertex 1.00478 -1.35605 1.2
      vertex 0.905914 -1.38229 0.799999
      vertex 1.00478 -1.35605 0.799999
    endloop
  endfacet
  facet normal 0.144545 -0.989498 0
    outer loop
      vertex 0.798096 -1.39804 0.799999
      vertex 0.905914 -1.38229 1.2
      vertex 0.798096 -1.39804 1.2
    endloop
  endfacet
  facet normal 0.144545 -0.989498 0
    outer loop
      vertex 0.905914 -1.38229 1.2
      vertex 0.798096 -1.39804 0.799999
      vertex 0.905914 -1.38229 0.799999
    endloop
  endfacet
  facet normal 0.0449125 -0.998991 0
    outer loop
      vertex 0.68132 -1.40329 0.799999
      vertex 0.798096 -1.39804 1.2
      vertex 0.68132 -1.40329 1.2
    endloop
  endfacet
  facet normal 0.0449125 -0.998991 0
    outer loop
      vertex 0.798096 -1.39804 1.2
      vertex 0.68132 -1.40329 0.799999
      vertex 0.798096 -1.39804 0.799999
    endloop
  endfacet
  facet normal -0.0381668 -0.999271 0
    outer loop
      vertex 0.595444 -1.40001 0.799999
      vertex 0.68132 -1.40329 1.2
      vertex 0.595444 -1.40001 1.2
    endloop
  endfacet
  facet normal -0.0381668 -0.999271 -0
    outer loop
      vertex 0.68132 -1.40329 1.2
      vertex 0.595444 -1.40001 0.799999
      vertex 0.68132 -1.40329 0.799999
    endloop
  endfacet
  facet normal -0.119244 -0.992865 0
    outer loop
      vertex 0.513596 -1.39018 0.799999
      vertex 0.595444 -1.40001 1.2
      vertex 0.513596 -1.39018 1.2
    endloop
  endfacet
  facet normal -0.119244 -0.992865 -0
    outer loop
      vertex 0.595444 -1.40001 1.2
      vertex 0.513596 -1.39018 0.799999
      vertex 0.595444 -1.40001 0.799999
    endloop
  endfacet
  facet normal -0.205852 -0.978583 0
    outer loop
      vertex 0.435776 -1.37381 0.799999
      vertex 0.513596 -1.39018 1.2
      vertex 0.435776 -1.37381 1.2
    endloop
  endfacet
  facet normal -0.205852 -0.978583 -0
    outer loop
      vertex 0.513596 -1.39018 1.2
      vertex 0.435776 -1.37381 0.799999
      vertex 0.513596 -1.39018 0.799999
    endloop
  endfacet
  facet normal -0.296683 -0.954976 0
    outer loop
      vertex 0.362 -1.35089 0.799999
      vertex 0.435776 -1.37381 1.2
      vertex 0.362 -1.35089 1.2
    endloop
  endfacet
  facet normal -0.296683 -0.954976 -0
    outer loop
      vertex 0.435776 -1.37381 1.2
      vertex 0.362 -1.35089 0.799999
      vertex 0.435776 -1.37381 0.799999
    endloop
  endfacet
  facet normal -0.389242 -0.921136 0
    outer loop
      vertex 0.292236 -1.32141 0.799999
      vertex 0.362 -1.35089 1.2
      vertex 0.292236 -1.32141 1.2
    endloop
  endfacet
  facet normal -0.389242 -0.921136 -0
    outer loop
      vertex 0.362 -1.35089 1.2
      vertex 0.292236 -1.32141 0.799999
      vertex 0.362 -1.35089 0.799999
    endloop
  endfacet
  facet normal -0.48044 -0.877027 0
    outer loop
      vertex 0.226501 -1.2854 0.799999
      vertex 0.292236 -1.32141 1.2
      vertex 0.226501 -1.2854 1.2
    endloop
  endfacet
  facet normal -0.48044 -0.877027 -0
    outer loop
      vertex 0.292236 -1.32141 1.2
      vertex 0.226501 -1.2854 0.799999
      vertex 0.292236 -1.32141 0.799999
    endloop
  endfacet
  facet normal -0.567861 -0.823125 0
    outer loop
      vertex 0.164795 -1.24283 0.799999
      vertex 0.226501 -1.2854 1.2
      vertex 0.164795 -1.24283 1.2
    endloop
  endfacet
  facet normal -0.567861 -0.823125 -0
    outer loop
      vertex 0.226501 -1.2854 1.2
      vertex 0.164795 -1.24283 0.799999
      vertex 0.226501 -1.2854 0.799999
    endloop
  endfacet
  facet normal -0.648443 -0.761264 0
    outer loop
      vertex 0.107117 -1.1937 0.799999
      vertex 0.164795 -1.24283 1.2
      vertex 0.107117 -1.1937 1.2
    endloop
  endfacet
  facet normal -0.648443 -0.761264 -0
    outer loop
      vertex 0.164795 -1.24283 1.2
      vertex 0.107117 -1.1937 0.799999
      vertex 0.164795 -1.24283 0.799999
    endloop
  endfacet
  facet normal -0.720147 -0.693821 0
    outer loop
      vertex 0.107117 -1.1937 0.799999
      vertex 0.0534821 -1.13803 1.2
      vertex 0.0534821 -1.13803 0.799999
    endloop
  endfacet
  facet normal -0.720147 -0.693821 0
    outer loop
      vertex 0.0534821 -1.13803 1.2
      vertex 0.107117 -1.1937 0.799999
      vertex 0.107117 -1.1937 1.2
    endloop
  endfacet
  facet normal -0.781814 -0.623512 0
    outer loop
      vertex 0.0534821 -1.13803 0.799999
      vertex 0.00386047 -1.07581 1.2
      vertex 0.00386047 -1.07581 0.799999
    endloop
  endfacet
  facet normal -0.781814 -0.623512 0
    outer loop
      vertex 0.00386047 -1.07581 1.2
      vertex 0.0534821 -1.13803 0.799999
      vertex 0.0534821 -1.13803 1.2
    endloop
  endfacet
  facet normal -0.835141 -0.550036 0
    outer loop
      vertex 0.00386047 -1.07581 0.799999
      vertex -0.0413666 -1.00714 1.2
      vertex -0.0413666 -1.00714 0.799999
    endloop
  endfacet
  facet normal -0.835141 -0.550036 0
    outer loop
      vertex -0.0413666 -1.00714 1.2
      vertex 0.00386047 -1.07581 0.799999
      vertex 0.00386047 -1.07581 1.2
    endloop
  endfacet
  facet normal -0.879978 -0.475014 0
    outer loop
      vertex -0.0413666 -1.00714 0.799999
      vertex -0.0818329 -0.932175 1.2
      vertex -0.0818329 -0.932175 0.799999
    endloop
  endfacet
  facet normal -0.879978 -0.475014 0
    outer loop
      vertex -0.0818329 -0.932175 1.2
      vertex -0.0413666 -1.00714 0.799999
      vertex -0.0413666 -1.00714 1.2
    endloop
  endfacet
  facet normal -0.915536 -0.402236 0
    outer loop
      vertex -0.0818329 -0.932175 0.799999
      vertex -0.117538 -0.850906 1.2
      vertex -0.117538 -0.850906 0.799999
    endloop
  endfacet
  facet normal -0.915536 -0.402236 0
    outer loop
      vertex -0.117538 -0.850906 1.2
      vertex -0.0818329 -0.932175 0.799999
      vertex -0.0818329 -0.932175 1.2
    endloop
  endfacet
  facet normal -0.94288 -0.333133 0
    outer loop
      vertex -0.117538 -0.850906 0.799999
      vertex -0.148483 -0.763321 1.2
      vertex -0.148483 -0.763321 0.799999
    endloop
  endfacet
  facet normal -0.94288 -0.333133 0
    outer loop
      vertex -0.148483 -0.763321 1.2
      vertex -0.117538 -0.850906 0.799999
      vertex -0.117538 -0.850906 1.2
    endloop
  endfacet
  facet normal -0.963281 -0.268494 0
    outer loop
      vertex -0.148483 -0.763321 0.799999
      vertex -0.174652 -0.669434 1.2
      vertex -0.174652 -0.669434 0.799999
    endloop
  endfacet
  facet normal -0.963281 -0.268494 0
    outer loop
      vertex -0.174652 -0.669434 1.2
      vertex -0.148483 -0.763321 0.799999
      vertex -0.148483 -0.763321 1.2
    endloop
  endfacet
  facet normal -0.977901 -0.209067 0
    outer loop
      vertex -0.174652 -0.669434 0.799999
      vertex -0.196075 -0.569229 1.2
      vertex -0.196075 -0.569229 0.799999
    endloop
  endfacet
  facet normal -0.977901 -0.209067 0
    outer loop
      vertex -0.196075 -0.569229 1.2
      vertex -0.174652 -0.669434 0.799999
      vertex -0.174652 -0.669434 1.2
    endloop
  endfacet
  facet normal -0.987982 -0.154571 0
    outer loop
      vertex -0.196075 -0.569229 0.799999
      vertex -0.212738 -0.462723 1.2
      vertex -0.212738 -0.462723 0.799999
    endloop
  endfacet
  facet normal -0.987982 -0.154571 0
    outer loop
      vertex -0.212738 -0.462723 1.2
      vertex -0.196075 -0.569229 0.799999
      vertex -0.196075 -0.569229 1.2
    endloop
  endfacet
  facet normal -0.99448 -0.104924 0
    outer loop
      vertex -0.212738 -0.462723 0.799999
      vertex -0.22464 -0.349915 1.2
      vertex -0.22464 -0.349915 0.799999
    endloop
  endfacet
  facet normal -0.99448 -0.104924 0
    outer loop
      vertex -0.22464 -0.349915 1.2
      vertex -0.212738 -0.462723 0.799999
      vertex -0.212738 -0.462723 1.2
    endloop
  endfacet
  facet normal -0.998208 -0.0598375 0
    outer loop
      vertex -0.22464 -0.349915 0.799999
      vertex -0.231781 -0.230789 1.2
      vertex -0.231781 -0.230789 0.799999
    endloop
  endfacet
  facet normal -0.998208 -0.0598375 0
    outer loop
      vertex -0.231781 -0.230789 1.2
      vertex -0.22464 -0.349915 0.799999
      vertex -0.22464 -0.349915 1.2
    endloop
  endfacet
  facet normal -0.99982 -0.0189718 0
    outer loop
      vertex -0.231781 -0.230789 0.799999
      vertex -0.234161 -0.105362 1.2
      vertex -0.234161 -0.105362 0.799999
    endloop
  endfacet
  facet normal -0.99982 -0.0189718 0
    outer loop
      vertex -0.234161 -0.105362 1.2
      vertex -0.231781 -0.230789 0.799999
      vertex -0.231781 -0.230789 1.2
    endloop
  endfacet
  facet normal 0 1 -0
    outer loop
      vertex 2.58955 -0.105362 0.799999
      vertex -0.234161 -0.105362 1.2
      vertex 2.58955 -0.105362 1.2
    endloop
  endfacet
  facet normal 0 1 0
    outer loop
      vertex -0.234161 -0.105362 1.2
      vertex 2.58955 -0.105362 0.799999
      vertex -0.234161 -0.105362 0.799999
    endloop
  endfacet
  facet normal -1 0 0
    outer loop
      vertex 2.58955 -0.105362 0.799999
      vertex 2.58955 -0.0728455 1.2
      vertex 2.58955 -0.0728455 0.799999
    endloop
  endfacet
  facet normal -1 -0 0
    outer loop
      vertex 2.58955 -0.0728455 1.2
      vertex 2.58955 -0.105362 0.799999
      vertex 2.58955 -0.105362 1.2
    endloop
  endfacet
  facet normal -0.999777 -0.021125 0
    outer loop
      vertex 2.58955 -0.0728455 0.799999
      vertex 2.58455 0.163788 1.2
      vertex 2.58455 0.163788 0.799999
    endloop
  endfacet
  facet normal -0.999777 -0.021125 0
    outer loop
      vertex 2.58455 0.163788 1.2
      vertex 2.58955 -0.0728455 0.799999
      vertex 2.58955 -0.0728455 1.2
    endloop
  endfacet
  facet normal -0.997779 -0.06661 0
    outer loop
      vertex 2.58455 0.163788 0.799999
      vertex 2.56953 0.388779 1.2
      vertex 2.56953 0.388779 0.799999
    endloop
  endfacet
  facet normal -0.997779 -0.06661 0
    outer loop
      vertex 2.56953 0.388779 1.2
      vertex 2.58455 0.163788 0.799999
      vertex 2.58455 0.163788 1.2
    endloop
  endfacet
  facet normal -0.993191 -0.1165 0
    outer loop
      vertex 2.56953 0.388779 0.799999
      vertex 2.54451 0.602081 1.2
      vertex 2.54451 0.602081 0.799999
    endloop
  endfacet
  facet normal -0.993191 -0.1165 0
    outer loop
      vertex 2.54451 0.602081 1.2
      vertex 2.56953 0.388779 0.799999
      vertex 2.56953 0.388779 1.2
    endloop
  endfacet
  facet normal -0.985242 -0.17117 0
    outer loop
      vertex 2.54451 0.602081 0.799999
      vertex 2.50948 0.803711 1.2
      vertex 2.50948 0.803711 0.799999
    endloop
  endfacet
  facet normal -0.985242 -0.17117 0
    outer loop
      vertex 2.50948 0.803711 1.2
      vertex 2.54451 0.602081 0.799999
      vertex 2.54451 0.602081 1.2
    endloop
  endfacet
  facet normal -0.97303 -0.23068 0
    outer loop
      vertex 2.50948 0.803711 0.799999
      vertex 2.46445 0.993652 1.2
      vertex 2.46445 0.993652 0.799999
    endloop
  endfacet
  facet normal -0.97303 -0.23068 0
    outer loop
      vertex 2.46445 0.993652 1.2
      vertex 2.50948 0.803711 0.799999
      vertex 2.50948 0.803711 1.2
    endloop
  endfacet
  facet normal -0.955465 -0.295106 0
    outer loop
      vertex 2.46445 0.993652 0.799999
      vertex 2.40939 1.17192 1.2
      vertex 2.40939 1.17192 0.799999
    endloop
  endfacet
  facet normal -0.955465 -0.295106 0
    outer loop
      vertex 2.40939 1.17192 1.2
      vertex 2.46445 0.993652 0.799999
      vertex 2.46445 0.993652 1.2
    endloop
  endfacet
  facet normal -0.931492 -0.363763 0
    outer loop
      vertex 2.40939 1.17192 0.799999
      vertex 2.34433 1.33852 1.2
      vertex 2.34433 1.33852 0.799999
    endloop
  endfacet
  facet normal -0.931492 -0.363763 0
    outer loop
      vertex 2.34433 1.33852 1.2
      vertex 2.40939 1.17192 0.799999
      vertex 2.40939 1.17192 1.2
    endloop
  endfacet
  facet normal -0.899912 -0.436073 0
    outer loop
      vertex 2.34433 1.33852 0.799999
      vertex 2.26926 1.49344 1.2
      vertex 2.26926 1.49344 0.799999
    endloop
  endfacet
  facet normal -0.899912 -0.436073 0
    outer loop
      vertex 2.26926 1.49344 1.2
      vertex 2.34433 1.33852 0.799999
      vertex 2.34433 1.33852 1.2
    endloop
  endfacet
  facet normal -0.859783 -0.510659 0
    outer loop
      vertex 2.26926 1.49344 0.799999
      vertex 2.18419 1.63667 1.2
      vertex 2.18419 1.63667 0.799999
    endloop
  endfacet
  facet normal -0.859783 -0.510659 0
    outer loop
      vertex 2.18419 1.63667 1.2
      vertex 2.26926 1.49344 0.799999
      vertex 2.26926 1.49344 1.2
    endloop
  endfacet
  facet normal -0.810461 -0.585792 0
    outer loop
      vertex 2.18419 1.63667 0.799999
      vertex 2.0891 1.76823 1.2
      vertex 2.0891 1.76823 0.799999
    endloop
  endfacet
  facet normal -0.810461 -0.585792 0
    outer loop
      vertex 2.0891 1.76823 1.2
      vertex 2.18419 1.63667 0.799999
      vertex 2.18419 1.63667 1.2
    endloop
  endfacet
  facet normal -0.752417 -0.658687 0
    outer loop
      vertex 2.0891 1.76823 0.799999
      vertex 1.98453 1.88768 1.2
      vertex 1.98453 1.88768 0.799999
    endloop
  endfacet
  facet normal -0.752417 -0.658687 0
    outer loop
      vertex 1.98453 1.88768 1.2
      vertex 2.0891 1.76823 0.799999
      vertex 2.0891 1.76823 1.2
    endloop
  endfacet
  facet normal -0.685393 -0.728174 0
    outer loop
      vertex 1.871 1.99454 0.799999
      vertex 1.98453 1.88768 1.2
      vertex 1.871 1.99454 1.2
    endloop
  endfacet
  facet normal -0.685393 -0.728174 -0
    outer loop
      vertex 1.98453 1.88768 1.2
      vertex 1.871 1.99454 0.799999
      vertex 1.98453 1.88768 0.799999
    endloop
  endfacet
  facet normal -0.610117 -0.792311 0
    outer loop
      vertex 1.74854 2.08884 0.799999
      vertex 1.871 1.99454 1.2
      vertex 1.74854 2.08884 1.2
    endloop
  endfacet
  facet normal -0.610117 -0.792311 -0
    outer loop
      vertex 1.871 1.99454 1.2
      vertex 1.74854 2.08884 0.799999
      vertex 1.871 1.99454 0.799999
    endloop
  endfacet
  facet normal -0.527982 -0.849256 0
    outer loop
      vertex 1.61711 2.17055 0.799999
      vertex 1.74854 2.08884 1.2
      vertex 1.61711 2.17055 1.2
    endloop
  endfacet
  facet normal -0.527982 -0.849256 -0
    outer loop
      vertex 1.74854 2.08884 1.2
      vertex 1.61711 2.17055 0.799999
      vertex 1.74854 2.08884 0.799999
    endloop
  endfacet
  facet normal -0.441889 -0.89707 0
    outer loop
      vertex 1.47673 2.2397 0.799999
      vertex 1.61711 2.17055 1.2
      vertex 1.47673 2.2397 1.2
    endloop
  endfacet
  facet normal -0.441889 -0.89707 -0
    outer loop
      vertex 1.61711 2.17055 1.2
      vertex 1.47673 2.2397 0.799999
      vertex 1.61711 2.17055 0.799999
    endloop
  endfacet
  facet normal -0.354333 -0.935119 0
    outer loop
      vertex 1.32741 2.29628 0.799999
      vertex 1.47673 2.2397 1.2
      vertex 1.32741 2.29628 1.2
    endloop
  endfacet
  facet normal -0.354333 -0.935119 -0
    outer loop
      vertex 1.47673 2.2397 1.2
      vertex 1.32741 2.29628 0.799999
      vertex 1.47673 2.2397 0.799999
    endloop
  endfacet
  facet normal -0.267889 -0.96345 0
    outer loop
      vertex 1.16913 2.34029 0.799999
      vertex 1.32741 2.29628 1.2
      vertex 1.16913 2.34029 1.2
    endloop
  endfacet
  facet normal -0.267889 -0.96345 -0
    outer loop
      vertex 1.32741 2.29628 1.2
      vertex 1.16913 2.34029 0.799999
      vertex 1.32741 2.29628 0.799999
    endloop
  endfacet
  facet normal -0.1847 -0.982795 0
    outer loop
      vertex 1.00189 2.37172 0.799999
      vertex 1.16913 2.34029 1.2
      vertex 1.00189 2.37172 1.2
    endloop
  endfacet
  facet normal -0.1847 -0.982795 -0
    outer loop
      vertex 1.16913 2.34029 1.2
      vertex 1.00189 2.37172 0.799999
      vertex 1.16913 2.34029 0.799999
    endloop
  endfacet
  facet normal -0.106332 -0.994331 0
    outer loop
      vertex 0.825714 2.39056 0.799999
      vertex 1.00189 2.37172 1.2
      vertex 0.825714 2.39056 1.2
    endloop
  endfacet
  facet normal -0.106332 -0.994331 -0
    outer loop
      vertex 1.00189 2.37172 1.2
      vertex 0.825714 2.39056 0.799999
      vertex 1.00189 2.37172 0.799999
    endloop
  endfacet
  facet normal -0.0339556 -0.999423 0
    outer loop
      vertex 0.640579 2.39685 0.799999
      vertex 0.825714 2.39056 1.2
      vertex 0.640579 2.39685 1.2
    endloop
  endfacet
  facet normal -0.0339556 -0.999423 -0
    outer loop
      vertex 0.825714 2.39056 1.2
      vertex 0.640579 2.39685 0.799999
      vertex 0.825714 2.39056 0.799999
    endloop
  endfacet
  facet normal 0.0301876 -0.999544 0
    outer loop
      vertex 0.446548 2.39099 0.799999
      vertex 0.640579 2.39685 1.2
      vertex 0.446548 2.39099 1.2
    endloop
  endfacet
  facet normal 0.0301876 -0.999544 0
    outer loop
      vertex 0.640579 2.39685 1.2
      vertex 0.446548 2.39099 0.799999
      vertex 0.640579 2.39685 0.799999
    endloop
  endfacet
  facet normal 0.0944881 -0.995526 0
    outer loop
      vertex 0.261536 2.37343 0.799999
      vertex 0.446548 2.39099 1.2
      vertex 0.261536 2.37343 1.2
    endloop
  endfacet
  facet normal 0.0944881 -0.995526 0
    outer loop
      vertex 0.446548 2.39099 1.2
      vertex 0.261536 2.37343 0.799999
      vertex 0.446548 2.39099 0.799999
    endloop
  endfacet
  facet normal 0.164249 -0.986419 0
    outer loop
      vertex 0.0855713 2.34413 0.799999
      vertex 0.261536 2.37343 1.2
      vertex 0.0855713 2.34413 1.2
    endloop
  endfacet
  facet normal 0.164249 -0.986419 0
    outer loop
      vertex 0.261536 2.37343 1.2
      vertex 0.0855713 2.34413 0.799999
      vertex 0.261536 2.37343 0.799999
    endloop
  endfacet
  facet normal 0.238556 -0.971129 0
    outer loop
      vertex -0.0813751 2.30312 0.799999
      vertex 0.0855713 2.34413 1.2
      vertex -0.0813751 2.30312 1.2
    endloop
  endfacet
  facet normal 0.238556 -0.971129 0
    outer loop
      vertex 0.0855713 2.34413 1.2
      vertex -0.0813751 2.30312 0.799999
      vertex 0.0855713 2.34413 0.799999
    endloop
  endfacet
  facet normal 0.316808 -0.94849 0
    outer loop
      vertex -0.239273 2.25038 0.799999
      vertex -0.0813751 2.30312 1.2
      vertex -0.239273 2.25038 1.2
    endloop
  endfacet
  facet normal 0.316808 -0.94849 0
    outer loop
      vertex -0.0813751 2.30312 1.2
      vertex -0.239273 2.25038 0.799999
      vertex -0.0813751 2.30312 0.799999
    endloop
  endfacet
  facet normal 0.397272 -0.917701 0
    outer loop
      vertex -0.388153 2.18593 0.799999
      vertex -0.239273 2.25038 1.2
      vertex -0.388153 2.18593 1.2
    endloop
  endfacet
  facet normal 0.397272 -0.917701 0
    outer loop
      vertex -0.239273 2.25038 1.2
      vertex -0.388153 2.18593 0.799999
      vertex -0.239273 2.25038 0.799999
    endloop
  endfacet
  facet normal 0.47827 -0.878213 0
    outer loop
      vertex -0.528 2.10977 0.799999
      vertex -0.388153 2.18593 1.2
      vertex -0.528 2.10977 1.2
    endloop
  endfacet
  facet normal 0.47827 -0.878213 0
    outer loop
      vertex -0.388153 2.18593 1.2
      vertex -0.528 2.10977 0.799999
      vertex -0.388153 2.18593 0.799999
    endloop
  endfacet
  facet normal 0.557734 -0.83002 0
    outer loop
      vertex -0.658798 2.02188 0.799999
      vertex -0.528 2.10977 1.2
      vertex -0.658798 2.02188 1.2
    endloop
  endfacet
  facet normal 0.557734 -0.83002 0
    outer loop
      vertex -0.528 2.10977 1.2
      vertex -0.658798 2.02188 0.799999
      vertex -0.528 2.10977 0.799999
    endloop
  endfacet
  facet normal 0.633127 -0.774048 0
    outer loop
      vertex -0.780579 1.92227 0.799999
      vertex -0.658798 2.02188 1.2
      vertex -0.780579 1.92227 1.2
    endloop
  endfacet
  facet normal 0.633127 -0.774048 0
    outer loop
      vertex -0.658798 2.02188 1.2
      vertex -0.780579 1.92227 0.799999
      vertex -0.658798 2.02188 0.799999
    endloop
  endfacet
  facet normal 0.702557 -0.711627 0
    outer loop
      vertex -0.893326 1.81096 0.799999
      vertex -0.780579 1.92227 1.2
      vertex -0.893326 1.81096 1.2
    endloop
  endfacet
  facet normal 0.702557 -0.711627 0
    outer loop
      vertex -0.780579 1.92227 1.2
      vertex -0.893326 1.81096 0.799999
      vertex -0.780579 1.92227 0.799999
    endloop
  endfacet
  facet normal 0.765245 -0.64374 0
    outer loop
      vertex -0.99614 1.68874 1.2
      vertex -0.893326 1.81096 0.799999
      vertex -0.893326 1.81096 1.2
    endloop
  endfacet
  facet normal 0.765245 -0.64374 0
    outer loop
      vertex -0.893326 1.81096 0.799999
      vertex -0.99614 1.68874 1.2
      vertex -0.99614 1.68874 0.799999
    endloop
  endfacet
  facet normal 0.821096 -0.57079 0
    outer loop
      vertex -1.08813 1.55641 1.2
      vertex -0.99614 1.68874 0.799999
      vertex -0.99614 1.68874 1.2
    endloop
  endfacet
  facet normal 0.821096 -0.57079 0
    outer loop
      vertex -0.99614 1.68874 0.799999
      vertex -1.08813 1.55641 1.2
      vertex -1.08813 1.55641 0.799999
    endloop
  endfacet
  facet normal 0.868731 -0.495285 0
    outer loop
      vertex -1.16931 1.41402 1.2
      vertex -1.08813 1.55641 0.799999
      vertex -1.08813 1.55641 1.2
    endloop
  endfacet
  facet normal 0.868731 -0.495285 0
    outer loop
      vertex -1.08813 1.55641 0.799999
      vertex -1.16931 1.41402 1.2
      vertex -1.16931 1.41402 0.799999
    endloop
  endfacet
  facet normal 0.90806 -0.418839 0
    outer loop
      vertex -1.23965 1.26152 1.2
      vertex -1.16931 1.41402 0.799999
      vertex -1.16931 1.41402 1.2
    endloop
  endfacet
  facet normal 0.90806 -0.418839 0
    outer loop
      vertex -1.16931 1.41402 0.799999
      vertex -1.23965 1.26152 1.2
      vertex -1.23965 1.26152 0.799999
    endloop
  endfacet
  facet normal 0.939031 -0.343834 0
    outer loop
      vertex -1.29918 1.09894 1.2
      vertex -1.23965 1.26152 0.799999
      vertex -1.23965 1.26152 1.2
    endloop
  endfacet
  facet normal 0.939031 -0.343834 0
    outer loop
      vertex -1.23965 1.26152 0.799999
      vertex -1.29918 1.09894 1.2
      vertex -1.29918 1.09894 0.799999
    endloop
  endfacet
  facet normal 0.962438 -0.271503 0
    outer loop
      vertex -1.34789 0.92627 1.2
      vertex -1.29918 1.09894 0.799999
      vertex -1.29918 1.09894 1.2
    endloop
  endfacet
  facet normal 0.962438 -0.271503 0
    outer loop
      vertex -1.29918 1.09894 0.799999
      vertex -1.34789 0.92627 1.2
      vertex -1.34789 0.92627 0.799999
    endloop
  endfacet
  facet normal 0.979201 -0.202891 0
    outer loop
      vertex -1.38576 0.7435 1.2
      vertex -1.34789 0.92627 0.799999
      vertex -1.34789 0.92627 1.2
    endloop
  endfacet
  facet normal 0.979201 -0.202891 0
    outer loop
      vertex -1.34789 0.92627 0.799999
      vertex -1.38576 0.7435 1.2
      vertex -1.38576 0.7435 0.799999
    endloop
  endfacet
  facet normal 0.990306 -0.1389 0
    outer loop
      vertex -1.41281 0.550644 1.2
      vertex -1.38576 0.7435 0.799999
      vertex -1.38576 0.7435 1.2
    endloop
  endfacet
  facet normal 0.990306 -0.1389 0
    outer loop
      vertex -1.38576 0.7435 0.799999
      vertex -1.41281 0.550644 1.2
      vertex -1.41281 0.550644 0.799999
    endloop
  endfacet
  facet normal 0.996813 -0.0797679 0
    outer loop
      vertex -1.42905 0.347702 1.2
      vertex -1.41281 0.550644 0.799999
      vertex -1.41281 0.550644 1.2
    endloop
  endfacet
  facet normal 0.996813 -0.0797679 0
    outer loop
      vertex -1.41281 0.550644 0.799999
      vertex -1.42905 0.347702 1.2
      vertex -1.42905 0.347702 0.799999
    endloop
  endfacet
  facet normal 0.999678 -0.0253875 0
    outer loop
      vertex -1.43446 0.134674 1.2
      vertex -1.42905 0.347702 0.799999
      vertex -1.42905 0.347702 1.2
    endloop
  endfacet
  facet normal 0.999678 -0.0253875 0
    outer loop
      vertex -1.42905 0.347702 0.799999
      vertex -1.43446 0.134674 1.2
      vertex -1.43446 0.134674 0.799999
    endloop
  endfacet
  facet normal 0.999708 0.0241746 0
    outer loop
      vertex -1.42914 -0.0853271 1.2
      vertex -1.43446 0.134674 0.799999
      vertex -1.43446 0.134674 1.2
    endloop
  endfacet
  facet normal 0.999708 0.0241746 0
    outer loop
      vertex -1.43446 0.134674 0.799999
      vertex -1.42914 -0.0853271 1.2
      vertex -1.42914 -0.0853271 0.799999
    endloop
  endfacet
  facet normal 0.997092 0.0762013 0
    outer loop
      vertex -1.41315 -0.294556 1.2
      vertex -1.42914 -0.0853271 0.799999
      vertex -1.42914 -0.0853271 1.2
    endloop
  endfacet
  facet normal 0.997092 0.0762013 0
    outer loop
      vertex -1.42914 -0.0853271 0.799999
      vertex -1.41315 -0.294556 1.2
      vertex -1.41315 -0.294556 0.799999
    endloop
  endfacet
  facet normal 0.991097 0.133142 0
    outer loop
      vertex -1.38649 -0.493011 1.2
      vertex -1.41315 -0.294556 0.799999
      vertex -1.41315 -0.294556 1.2
    endloop
  endfacet
  facet normal 0.991097 0.133142 0
    outer loop
      vertex -1.41315 -0.294556 0.799999
      vertex -1.38649 -0.493011 1.2
      vertex -1.38649 -0.493011 0.799999
    endloop
  endfacet
  facet normal 0.980805 0.194992 0
    outer loop
      vertex -1.34918 -0.680679 1.2
      vertex -1.38649 -0.493011 0.799999
      vertex -1.38649 -0.493011 1.2
    endloop
  endfacet
  facet normal 0.980805 0.194992 0
    outer loop
      vertex -1.38649 -0.493011 0.799999
      vertex -1.34918 -0.680679 1.2
      vertex -1.34918 -0.680679 0.799999
    endloop
  endfacet
  facet normal 0.965156 0.261674 0
    outer loop
      vertex -1.30122 -0.857574 1.2
      vertex -1.34918 -0.680679 0.799999
      vertex -1.34918 -0.680679 1.2
    endloop
  endfacet
  facet normal 0.965156 0.261674 0
    outer loop
      vertex -1.34918 -0.680679 0.799999
      vertex -1.30122 -0.857574 1.2
      vertex -1.30122 -0.857574 0.799999
    endloop
  endfacet
  facet normal 0.942965 0.332893 0
    outer loop
      vertex -1.24258 -1.02368 1.2
      vertex -1.30122 -0.857574 0.799999
      vertex -1.30122 -0.857574 1.2
    endloop
  endfacet
  facet normal 0.942965 0.332893 0
    outer loop
      vertex -1.30122 -0.857574 0.799999
      vertex -1.24258 -1.02368 1.2
      vertex -1.24258 -1.02368 0.799999
    endloop
  endfacet
  facet normal 0.913289 0.407311 0
    outer loop
      vertex -1.17331 -1.179 1.2
      vertex -1.24258 -1.02368 0.799999
      vertex -1.24258 -1.02368 1.2
    endloop
  endfacet
  facet normal 0.913289 0.407311 0
    outer loop
      vertex -1.24258 -1.02368 0.799999
      vertex -1.17331 -1.179 1.2
      vertex -1.17331 -1.179 0.799999
    endloop
  endfacet
  facet normal 0.875044 0.484044 0
    outer loop
      vertex -1.09335 -1.32355 1.2
      vertex -1.17331 -1.179 0.799999
      vertex -1.17331 -1.179 1.2
    endloop
  endfacet
  facet normal 0.875044 0.484044 0
    outer loop
      vertex -1.17331 -1.179 0.799999
      vertex -1.09335 -1.32355 1.2
      vertex -1.09335 -1.32355 0.799999
    endloop
  endfacet
  facet normal 0.827952 0.560799 0
    outer loop
      vertex -1.00275 -1.45731 1.2
      vertex -1.09335 -1.32355 0.799999
      vertex -1.09335 -1.32355 1.2
    endloop
  endfacet
  facet normal 0.827952 0.560799 0
    outer loop
      vertex -1.09335 -1.32355 0.799999
      vertex -1.00275 -1.45731 1.2
      vertex -1.00275 -1.45731 0.799999
    endloop
  endfacet
  facet normal 0.771982 0.635645 0
    outer loop
      vertex -0.901489 -1.58029 1.2
      vertex -1.00275 -1.45731 0.799999
      vertex -1.00275 -1.45731 1.2
    endloop
  endfacet
  facet normal 0.771982 0.635645 0
    outer loop
      vertex -1.00275 -1.45731 0.799999
      vertex -0.901489 -1.58029 1.2
      vertex -0.901489 -1.58029 0.799999
    endloop
  endfacet
  facet normal 0.708704 0.705506 0
    outer loop
      vertex -0.790283 -1.692 1.2
      vertex -0.901489 -1.58029 0.799999
      vertex -0.901489 -1.58029 1.2
    endloop
  endfacet
  facet normal 0.708704 0.705506 0
    outer loop
      vertex -0.901489 -1.58029 0.799999
      vertex -0.790283 -1.692 1.2
      vertex -0.790283 -1.692 0.799999
    endloop
  endfacet
  facet normal 0.638716 0.769443 -0
    outer loop
      vertex -0.669876 -1.79195 0.799999
      vertex -0.790283 -1.692 1.2
      vertex -0.669876 -1.79195 1.2
    endloop
  endfacet
  facet normal 0.638716 0.769443 0
    outer loop
      vertex -0.790283 -1.692 1.2
      vertex -0.669876 -1.79195 0.799999
      vertex -0.790283 -1.692 0.799999
    endloop
  endfacet
  facet normal 0.562601 0.826728 -0
    outer loop
      vertex -0.540283 -1.88014 0.799999
      vertex -0.669876 -1.79195 1.2
      vertex -0.540283 -1.88014 1.2
    endloop
  endfacet
  facet normal 0.562601 0.826728 0
    outer loop
      vertex -0.669876 -1.79195 1.2
      vertex -0.540283 -1.88014 0.799999
      vertex -0.669876 -1.79195 0.799999
    endloop
  endfacet
  facet normal 0.482371 0.875967 -0
    outer loop
      vertex -0.401489 -1.95657 0.799999
      vertex -0.540283 -1.88014 1.2
      vertex -0.401489 -1.95657 1.2
    endloop
  endfacet
  facet normal 0.482371 0.875967 0
    outer loop
      vertex -0.540283 -1.88014 1.2
      vertex -0.401489 -1.95657 0.799999
      vertex -0.540283 -1.88014 0.799999
    endloop
  endfacet
  facet normal 0.400451 0.916318 -0
    outer loop
      vertex -0.25351 -2.02124 0.799999
      vertex -0.401489 -1.95657 1.2
      vertex -0.25351 -2.02124 1.2
    endloop
  endfacet
  facet normal 0.400451 0.916318 0
    outer loop
      vertex -0.401489 -1.95657 1.2
      vertex -0.25351 -2.02124 0.799999
      vertex -0.401489 -1.95657 0.799999
    endloop
  endfacet
  facet normal 0.319082 0.947727 -0
    outer loop
      vertex -0.0963287 -2.07416 0.799999
      vertex -0.25351 -2.02124 1.2
      vertex -0.0963287 -2.07416 1.2
    endloop
  endfacet
  facet normal 0.319082 0.947727 0
    outer loop
      vertex -0.25351 -2.02124 1.2
      vertex -0.0963287 -2.07416 0.799999
      vertex -0.25351 -2.02124 0.799999
    endloop
  endfacet
  facet normal 0.24011 0.970746 -0
    outer loop
      vertex 0.0700378 -2.11531 0.799999
      vertex -0.0963287 -2.07416 1.2
      vertex 0.0700378 -2.11531 1.2
    endloop
  endfacet
  facet normal 0.24011 0.970746 0
    outer loop
      vertex -0.0963287 -2.07416 1.2
      vertex 0.0700378 -2.11531 0.799999
      vertex -0.0963287 -2.07416 0.799999
    endloop
  endfacet
  facet normal 0.165158 0.986267 -0
    outer loop
      vertex 0.245605 -2.14471 0.799999
      vertex 0.0700378 -2.11531 1.2
      vertex 0.245605 -2.14471 1.2
    endloop
  endfacet
  facet normal 0.165158 0.986267 0
    outer loop
      vertex 0.0700378 -2.11531 1.2
      vertex 0.245605 -2.14471 0.799999
      vertex 0.0700378 -2.11531 0.799999
    endloop
  endfacet
  facet normal 0.0950461 0.995473 -0
    outer loop
      vertex 0.430359 -2.16235 0.799999
      vertex 0.245605 -2.14471 1.2
      vertex 0.430359 -2.16235 1.2
    endloop
  endfacet
  facet normal 0.0950461 0.995473 0
    outer loop
      vertex 0.245605 -2.14471 1.2
      vertex 0.430359 -2.16235 0.799999
      vertex 0.245605 -2.14471 0.799999
    endloop
  endfacet
  facet normal 0.0303025 0.999541 -0
    outer loop
      vertex 0.624313 -2.16823 0.799999
      vertex 0.430359 -2.16235 1.2
      vertex 0.624313 -2.16823 1.2
    endloop
  endfacet
  facet normal 0.0303025 0.999541 0
    outer loop
      vertex 0.430359 -2.16235 1.2
      vertex 0.624313 -2.16823 0.799999
      vertex 0.430359 -2.16235 0.799999
    endloop
  endfacet
  facet normal -0.0431686 0.999068 0
    outer loop
      vertex 0.901108 -2.15627 0.799999
      vertex 0.624313 -2.16823 1.2
      vertex 0.901108 -2.15627 1.2
    endloop
  endfacet
  facet normal -0.0431686 0.999068 0
    outer loop
      vertex 0.624313 -2.16823 1.2
      vertex 0.901108 -2.15627 0.799999
      vertex 0.624313 -2.16823 0.799999
    endloop
  endfacet
  facet normal -0.998961 0.0455725 0
    outer loop
      vertex -0.226059 0.610718 0.799999
      vertex -0.221558 0.709381 1.2
      vertex -0.221558 0.709381 0.799999
    endloop
  endfacet
  facet normal -0.998961 0.0455725 0
    outer loop
      vertex -0.221558 0.709381 1.2
      vertex -0.226059 0.610718 0.799999
      vertex -0.226059 0.610718 1.2
    endloop
  endfacet
  facet normal -0.995851 0.091002 0
    outer loop
      vertex -0.221558 0.709381 0.799999
      vertex -0.212952 0.803558 1.2
      vertex -0.212952 0.803558 0.799999
    endloop
  endfacet
  facet normal -0.995851 0.091002 0
    outer loop
      vertex -0.212952 0.803558 1.2
      vertex -0.221558 0.709381 0.799999
      vertex -0.221558 0.709381 1.2
    endloop
  endfacet
  facet normal -0.990087 0.140456 0
    outer loop
      vertex -0.212952 0.803558 0.799999
      vertex -0.200226 0.893265 1.2
      vertex -0.200226 0.893265 0.799999
    endloop
  endfacet
  facet normal -0.990087 0.140456 0
    outer loop
      vertex -0.200226 0.893265 1.2
      vertex -0.212952 0.803558 0.799999
      vertex -0.212952 0.803558 1.2
    endloop
  endfacet
  facet normal -0.981056 0.193725 0
    outer loop
      vertex -0.200226 0.893265 0.799999
      vertex -0.183395 0.9785 1.2
      vertex -0.183395 0.9785 0.799999
    endloop
  endfacet
  facet normal -0.981056 0.193725 0
    outer loop
      vertex -0.183395 0.9785 1.2
      vertex -0.200226 0.893265 0.799999
      vertex -0.200226 0.893265 1.2
    endloop
  endfacet
  facet normal -0.968013 0.250902 0
    outer loop
      vertex -0.183395 0.9785 0.799999
      vertex -0.16246 1.05927 1.2
      vertex -0.16246 1.05927 0.799999
    endloop
  endfacet
  facet normal -0.968013 0.250902 0
    outer loop
      vertex -0.16246 1.05927 1.2
      vertex -0.183395 0.9785 0.799999
      vertex -0.183395 0.9785 1.2
    endloop
  endfacet
  facet normal -0.95011 0.311916 0
    outer loop
      vertex -0.16246 1.05927 0.799999
      vertex -0.137421 1.13554 1.2
      vertex -0.137421 1.13554 0.799999
    endloop
  endfacet
  facet normal -0.95011 0.311916 0
    outer loop
      vertex -0.137421 1.13554 1.2
      vertex -0.16246 1.05927 0.799999
      vertex -0.16246 1.05927 1.2
    endloop
  endfacet
  facet normal -0.926524 0.376235 0
    outer loop
      vertex -0.137421 1.13554 0.799999
      vertex -0.108261 1.20735 1.2
      vertex -0.108261 1.20735 0.799999
    endloop
  endfacet
  facet normal -0.926524 0.376235 0
    outer loop
      vertex -0.108261 1.20735 1.2
      vertex -0.137421 1.13554 0.799999
      vertex -0.137421 1.13554 1.2
    endloop
  endfacet
  facet normal -0.896578 0.442885 0
    outer loop
      vertex -0.108261 1.20735 0.799999
      vertex -0.0749969 1.27469 1.2
      vertex -0.0749969 1.27469 0.799999
    endloop
  endfacet
  facet normal -0.896578 0.442885 0
    outer loop
      vertex -0.0749969 1.27469 1.2
      vertex -0.108261 1.20735 0.799999
      vertex -0.108261 1.20735 1.2
    endloop
  endfacet
  facet normal -0.859581 0.510999 0
    outer loop
      vertex -0.0749969 1.27469 0.799999
      vertex -0.0376282 1.33755 1.2
      vertex -0.0376282 1.33755 0.799999
    endloop
  endfacet
  facet normal -0.859581 0.510999 0
    outer loop
      vertex -0.0376282 1.33755 1.2
      vertex -0.0749969 1.27469 0.799999
      vertex -0.0749969 1.27469 1.2
    endloop
  endfacet
  facet normal -0.815174 0.579217 0
    outer loop
      vertex -0.0376282 1.33755 0.799999
      vertex 0.00386047 1.39594 1.2
      vertex 0.00386047 1.39594 0.799999
    endloop
  endfacet
  facet normal -0.815174 0.579217 0
    outer loop
      vertex 0.00386047 1.39594 1.2
      vertex -0.0376282 1.33755 0.799999
      vertex -0.0376282 1.33755 1.2
    endloop
  endfacet
  facet normal -0.761773 0.647844 0
    outer loop
      vertex 0.00386047 1.39594 0.799999
      vertex 0.0492401 1.4493 1.2
      vertex 0.0492401 1.4493 0.799999
    endloop
  endfacet
  facet normal -0.761773 0.647844 0
    outer loop
      vertex 0.0492401 1.4493 1.2
      vertex 0.00386047 1.39594 0.799999
      vertex 0.00386047 1.39594 1.2
    endloop
  endfacet
  facet normal -0.697049 0.717024 0
    outer loop
      vertex 0.0983276 1.49702 0.799999
      vertex 0.0492401 1.4493 1.2
      vertex 0.0983276 1.49702 1.2
    endloop
  endfacet
  facet normal -0.697049 0.717024 0
    outer loop
      vertex 0.0492401 1.4493 1.2
      vertex 0.0983276 1.49702 0.799999
      vertex 0.0492401 1.4493 0.799999
    endloop
  endfacet
  facet normal -0.623644 0.781708 0
    outer loop
      vertex 0.151123 1.53914 0.799999
      vertex 0.0983276 1.49702 1.2
      vertex 0.151123 1.53914 1.2
    endloop
  endfacet
  facet normal -0.623644 0.781708 0
    outer loop
      vertex 0.0983276 1.49702 1.2
      vertex 0.151123 1.53914 0.799999
      vertex 0.0983276 1.49702 0.799999
    endloop
  endfacet
  facet normal -0.542821 0.839848 0
    outer loop
      vertex 0.207611 1.57565 0.799999
      vertex 0.151123 1.53914 1.2
      vertex 0.207611 1.57565 1.2
    endloop
  endfacet
  facet normal -0.542821 0.839848 0
    outer loop
      vertex 0.151123 1.53914 1.2
      vertex 0.207611 1.57565 0.799999
      vertex 0.151123 1.53914 0.799999
    endloop
  endfacet
  facet normal -0.456554 0.889696 0
    outer loop
      vertex 0.267807 1.60654 0.799999
      vertex 0.207611 1.57565 1.2
      vertex 0.267807 1.60654 1.2
    endloop
  endfacet
  facet normal -0.456554 0.889696 0
    outer loop
      vertex 0.207611 1.57565 1.2
      vertex 0.267807 1.60654 0.799999
      vertex 0.207611 1.57565 0.799999
    endloop
  endfacet
  facet normal -0.36773 0.929933 0
    outer loop
      vertex 0.331711 1.63181 0.799999
      vertex 0.267807 1.60654 1.2
      vertex 0.331711 1.63181 1.2
    endloop
  endfacet
  facet normal -0.36773 0.929933 0
    outer loop
      vertex 0.267807 1.60654 1.2
      vertex 0.331711 1.63181 0.799999
      vertex 0.267807 1.60654 0.799999
    endloop
  endfacet
  facet normal -0.279142 0.96025 0
    outer loop
      vertex 0.399307 1.65146 0.799999
      vertex 0.331711 1.63181 1.2
      vertex 0.399307 1.65146 1.2
    endloop
  endfacet
  facet normal -0.279142 0.96025 0
    outer loop
      vertex 0.331711 1.63181 1.2
      vertex 0.399307 1.65146 0.799999
      vertex 0.331711 1.63181 0.799999
    endloop
  endfacet
  facet normal -0.193324 0.981135 0
    outer loop
      vertex 0.470612 1.66551 0.799999
      vertex 0.399307 1.65146 1.2
      vertex 0.470612 1.66551 1.2
    endloop
  endfacet
  facet normal -0.193324 0.981135 0
    outer loop
      vertex 0.399307 1.65146 1.2
      vertex 0.470612 1.66551 0.799999
      vertex 0.399307 1.65146 0.799999
    endloop
  endfacet
  facet normal -0.11157 0.993757 0
    outer loop
      vertex 0.545609 1.67393 0.799999
      vertex 0.470612 1.66551 1.2
      vertex 0.545609 1.67393 1.2
    endloop
  endfacet
  facet normal -0.11157 0.993757 0
    outer loop
      vertex 0.470612 1.66551 1.2
      vertex 0.545609 1.67393 0.799999
      vertex 0.470612 1.66551 0.799999
    endloop
  endfacet
  facet normal -0.0356807 0.999363 0
    outer loop
      vertex 0.624313 1.67674 0.799999
      vertex 0.545609 1.67393 1.2
      vertex 0.624313 1.67674 1.2
    endloop
  endfacet
  facet normal -0.0356807 0.999363 0
    outer loop
      vertex 0.545609 1.67393 1.2
      vertex 0.624313 1.67674 0.799999
      vertex 0.545609 1.67393 0.799999
    endloop
  endfacet
  facet normal 0.0359882 0.999352 -0
    outer loop
      vertex 0.698456 1.67407 0.799999
      vertex 0.624313 1.67674 1.2
      vertex 0.698456 1.67407 1.2
    endloop
  endfacet
  facet normal 0.0359882 0.999352 0
    outer loop
      vertex 0.624313 1.67674 1.2
      vertex 0.698456 1.67407 0.799999
      vertex 0.624313 1.67674 0.799999
    endloop
  endfacet
  facet normal 0.111759 0.993735 -0
    outer loop
      vertex 0.769501 1.66608 0.799999
      vertex 0.698456 1.67407 1.2
      vertex 0.769501 1.66608 1.2
    endloop
  endfacet
  facet normal 0.111759 0.993735 0
    outer loop
      vertex 0.698456 1.67407 1.2
      vertex 0.769501 1.66608 0.799999
      vertex 0.698456 1.67407 0.799999
    endloop
  endfacet
  facet normal 0.192374 0.981322 -0
    outer loop
      vertex 0.837448 1.65276 0.799999
      vertex 0.769501 1.66608 1.2
      vertex 0.837448 1.65276 1.2
    endloop
  endfacet
  facet normal 0.192374 0.981322 0
    outer loop
      vertex 0.769501 1.66608 1.2
      vertex 0.837448 1.65276 0.799999
      vertex 0.769501 1.66608 0.799999
    endloop
  endfacet
  facet normal 0.276658 0.960968 -0
    outer loop
      vertex 0.902298 1.63409 0.799999
      vertex 0.837448 1.65276 1.2
      vertex 0.902298 1.63409 1.2
    endloop
  endfacet
  facet normal 0.276658 0.960968 0
    outer loop
      vertex 0.837448 1.65276 1.2
      vertex 0.902298 1.63409 0.799999
      vertex 0.837448 1.65276 0.799999
    endloop
  endfacet
  facet normal 0.36191 0.932213 -0
    outer loop
      vertex 0.964066 1.61011 0.799999
      vertex 0.902298 1.63409 1.2
      vertex 0.964066 1.61011 1.2
    endloop
  endfacet
  facet normal 0.36191 0.932213 0
    outer loop
      vertex 0.902298 1.63409 1.2
      vertex 0.964066 1.61011 0.799999
      vertex 0.902298 1.63409 0.799999
    endloop
  endfacet
  facet normal 0.446884 0.894592 -0
    outer loop
      vertex 1.02274 1.5808 0.799999
      vertex 0.964066 1.61011 1.2
      vertex 1.02274 1.5808 1.2
    endloop
  endfacet
  facet normal 0.446884 0.894592 0
    outer loop
      vertex 0.964066 1.61011 1.2
      vertex 1.02274 1.5808 0.799999
      vertex 0.964066 1.61011 0.799999
    endloop
  endfacet
  facet normal 0.529216 0.848487 -0
    outer loop
      vertex 1.07831 1.54614 0.799999
      vertex 1.02274 1.5808 1.2
      vertex 1.07831 1.54614 1.2
    endloop
  endfacet
  facet normal 0.529216 0.848487 0
    outer loop
      vertex 1.02274 1.5808 1.2
      vertex 1.07831 1.54614 0.799999
      vertex 1.02274 1.5808 0.799999
    endloop
  endfacet
  facet normal 0.605924 0.795522 -0
    outer loop
      vertex 1.1308 1.50616 0.799999
      vertex 1.07831 1.54614 1.2
      vertex 1.1308 1.50616 1.2
    endloop
  endfacet
  facet normal 0.605924 0.795522 0
    outer loop
      vertex 1.07831 1.54614 1.2
      vertex 1.1308 1.50616 0.799999
      vertex 1.07831 1.54614 0.799999
    endloop
  endfacet
  facet normal 0.676008 0.736894 -0
    outer loop
      vertex 1.18018 1.46086 0.799999
      vertex 1.1308 1.50616 1.2
      vertex 1.18018 1.46086 1.2
    endloop
  endfacet
  facet normal 0.676008 0.736894 0
    outer loop
      vertex 1.1308 1.50616 1.2
      vertex 1.18018 1.46086 0.799999
      vertex 1.1308 1.50616 0.799999
    endloop
  endfacet
  facet normal 0.738097 0.674694 0
    outer loop
      vertex 1.22647 1.41022 1.2
      vertex 1.18018 1.46086 0.799999
      vertex 1.18018 1.46086 1.2
    endloop
  endfacet
  facet normal 0.738097 0.674694 0
    outer loop
      vertex 1.18018 1.46086 0.799999
      vertex 1.22647 1.41022 1.2
      vertex 1.22647 1.41022 0.799999
    endloop
  endfacet
  facet normal 0.794019 0.607892 0
    outer loop
      vertex 1.26932 1.35425 1.2
      vertex 1.22647 1.41022 0.799999
      vertex 1.22647 1.41022 1.2
    endloop
  endfacet
  facet normal 0.794019 0.607892 0
    outer loop
      vertex 1.22647 1.41022 0.799999
      vertex 1.26932 1.35425 1.2
      vertex 1.26932 1.35425 0.799999
    endloop
  endfacet
  facet normal 0.843531 0.53708 0
    outer loop
      vertex 1.30835 1.29295 1.2
      vertex 1.26932 1.35425 0.799999
      vertex 1.26932 1.35425 1.2
    endloop
  endfacet
  facet normal 0.843531 0.53708 0
    outer loop
      vertex 1.26932 1.35425 0.799999
      vertex 1.30835 1.29295 1.2
      vertex 1.30835 1.29295 0.799999
    endloop
  endfacet
  facet normal 0.884198 0.467113 0
    outer loop
      vertex 1.34355 1.22632 1.2
      vertex 1.30835 1.29295 0.799999
      vertex 1.30835 1.29295 1.2
    endloop
  endfacet
  facet normal 0.884198 0.467113 0
    outer loop
      vertex 1.30835 1.29295 0.799999
      vertex 1.34355 1.22632 1.2
      vertex 1.34355 1.22632 0.799999
    endloop
  endfacet
  facet normal 0.916662 0.399662 0
    outer loop
      vertex 1.37492 1.15437 1.2
      vertex 1.34355 1.22632 0.799999
      vertex 1.34355 1.22632 1.2
    endloop
  endfacet
  facet normal 0.916662 0.399662 0
    outer loop
      vertex 1.34355 1.22632 0.799999
      vertex 1.37492 1.15437 1.2
      vertex 1.37492 1.15437 0.799999
    endloop
  endfacet
  facet normal 0.941935 0.335796 0
    outer loop
      vertex 1.40247 1.07709 1.2
      vertex 1.37492 1.15437 0.799999
      vertex 1.37492 1.15437 1.2
    endloop
  endfacet
  facet normal 0.941935 0.335796 0
    outer loop
      vertex 1.37492 1.15437 0.799999
      vertex 1.40247 1.07709 1.2
      vertex 1.40247 1.07709 0.799999
    endloop
  endfacet
  facet normal 0.96118 0.275922 0
    outer loop
      vertex 1.42619 0.994461 1.2
      vertex 1.40247 1.07709 0.799999
      vertex 1.40247 1.07709 1.2
    endloop
  endfacet
  facet normal 0.96118 0.275922 0
    outer loop
      vertex 1.40247 1.07709 0.799999
      vertex 1.42619 0.994461 1.2
      vertex 1.42619 0.994461 0.799999
    endloop
  endfacet
  facet normal 0.975289 0.220931 0
    outer loop
      vertex 1.44611 0.906525 1.2
      vertex 1.42619 0.994461 0.799999
      vertex 1.42619 0.994461 1.2
    endloop
  endfacet
  facet normal 0.975289 0.220931 0
    outer loop
      vertex 1.42619 0.994461 0.799999
      vertex 1.44611 0.906525 1.2
      vertex 1.44611 0.906525 0.799999
    endloop
  endfacet
  facet normal 0.985499 0.169679 0
    outer loop
      vertex 1.46217 0.813248 1.2
      vertex 1.44611 0.906525 0.799999
      vertex 1.44611 0.906525 1.2
    endloop
  endfacet
  facet normal 0.985499 0.169679 0
    outer loop
      vertex 1.44611 0.906525 0.799999
      vertex 1.46217 0.813248 1.2
      vertex 1.46217 0.813248 0.799999
    endloop
  endfacet
  facet normal 0.992359 0.123387 0
    outer loop
      vertex 1.47443 0.714645 1.2
      vertex 1.46217 0.813248 0.799999
      vertex 1.46217 0.813248 1.2
    endloop
  endfacet
  facet normal 0.992359 0.123387 0
    outer loop
      vertex 1.46217 0.813248 0.799999
      vertex 1.47443 0.714645 1.2
      vertex 1.47443 0.714645 0.799999
    endloop
  endfacet
  facet normal 0.996726 0.0808491 0
    outer loop
      vertex 1.48286 0.610718 1.2
      vertex 1.47443 0.714645 0.799999
      vertex 1.47443 0.714645 1.2
    endloop
  endfacet
  facet normal 0.996726 0.0808491 0
    outer loop
      vertex 1.47443 0.714645 0.799999
      vertex 1.48286 0.610718 1.2
      vertex 1.48286 0.610718 0.799999
    endloop
  endfacet
  facet normal 0 -1 0
    outer loop
      vertex -0.226059 0.610718 0.799999
      vertex 1.48286 0.610718 1.2
      vertex -0.226059 0.610718 1.2
    endloop
  endfacet
  facet normal 0 -1 -0
    outer loop
      vertex 1.48286 0.610718 1.2
      vertex -0.226059 0.610718 0.799999
      vertex 1.48286 0.610718 0.799999
    endloop
  endfacet
  facet normal -0.137992 0.990433 0
    outer loop
      vertex 12.0146 -2.12038 0.799999
      vertex 11.757 -2.15627 1.2
      vertex 12.0146 -2.12038 1.2
    endloop
  endfacet
  facet normal -0.137992 0.990433 0
    outer loop
      vertex 11.757 -2.15627 1.2
      vertex 12.0146 -2.12038 0.799999
      vertex 11.757 -2.15627 0.799999
    endloop
  endfacet
  facet normal -0.24357 0.969883 0
    outer loop
      vertex 12.2528 -2.06056 0.799999
      vertex 12.0146 -2.12038 1.2
      vertex 12.2528 -2.06056 1.2
    endloop
  endfacet
  facet normal -0.24357 0.969883 0
    outer loop
      vertex 12.0146 -2.12038 1.2
      vertex 12.2528 -2.06056 0.799999
      vertex 12.0146 -2.12038 0.799999
    endloop
  endfacet
  facet normal -0.357223 0.934019 0
    outer loop
      vertex 12.4717 -1.97684 0.799999
      vertex 12.2528 -2.06056 1.2
      vertex 12.4717 -1.97684 1.2
    endloop
  endfacet
  facet normal -0.357223 0.934019 0
    outer loop
      vertex 12.2528 -2.06056 1.2
      vertex 12.4717 -1.97684 0.799999
      vertex 12.2528 -2.06056 0.799999
    endloop
  endfacet
  facet normal -0.474576 0.880215 0
    outer loop
      vertex 12.6714 -1.86917 0.799999
      vertex 12.4717 -1.97684 1.2
      vertex 12.6714 -1.86917 1.2
    endloop
  endfacet
  facet normal -0.474576 0.880215 0
    outer loop
      vertex 12.4717 -1.97684 1.2
      vertex 12.6714 -1.86917 0.799999
      vertex 12.4717 -1.97684 0.799999
    endloop
  endfacet
  facet normal -0.589284 0.807926 0
    outer loop
      vertex 12.8518 -1.73759 0.799999
      vertex 12.6714 -1.86917 1.2
      vertex 12.8518 -1.73759 1.2
    endloop
  endfacet
  facet normal -0.589284 0.807926 0
    outer loop
      vertex 12.6714 -1.86917 1.2
      vertex 12.8518 -1.73759 0.799999
      vertex 12.6714 -1.86917 0.799999
    endloop
  endfacet
  facet normal -0.694737 0.719264 0
    outer loop
      vertex 13.0128 -1.58208 0.799999
      vertex 12.8518 -1.73759 1.2
      vertex 13.0128 -1.58208 1.2
    endloop
  endfacet
  facet normal -0.694737 0.719264 0
    outer loop
      vertex 12.8518 -1.73759 1.2
      vertex 13.0128 -1.58208 0.799999
      vertex 12.8518 -1.73759 0.799999
    endloop
  endfacet
  facet normal -0.784575 0.620034 0
    outer loop
      vertex 13.0128 -1.58208 0.799999
      vertex 13.1546 -1.40265 1.2
      vertex 13.1546 -1.40265 0.799999
    endloop
  endfacet
  facet normal -0.784575 0.620034 0
    outer loop
      vertex 13.1546 -1.40265 1.2
      vertex 13.0128 -1.58208 0.799999
      vertex 13.0128 -1.58208 1.2
    endloop
  endfacet
  facet normal -0.856395 0.516322 0
    outer loop
      vertex 13.1546 -1.40265 0.799999
      vertex 13.2772 -1.1993 1.2
      vertex 13.2772 -1.1993 0.799999
    endloop
  endfacet
  facet normal -0.856395 0.516322 0
    outer loop
      vertex 13.2772 -1.1993 1.2
      vertex 13.1546 -1.40265 0.799999
      vertex 13.1546 -1.40265 1.2
    endloop
  endfacet
  facet normal -0.910545 0.413411 0
    outer loop
      vertex 13.2772 -1.1993 0.799999
      vertex 13.3804 -0.972 1.2
      vertex 13.3804 -0.972 0.799999
    endloop
  endfacet
  facet normal -0.910545 0.413411 0
    outer loop
      vertex 13.3804 -0.972 1.2
      vertex 13.2772 -1.1993 0.799999
      vertex 13.2772 -1.1993 1.2
    endloop
  endfacet
  facet normal -0.0864194 -0.996259 0
    outer loop
      vertex 12.3021 -0.878464 0.799999
      vertex 13.3804 -0.972 1.2
      vertex 12.3021 -0.878464 1.2
    endloop
  endfacet
  facet normal -0.0864194 -0.996259 -0
    outer loop
      vertex 13.3804 -0.972 1.2
      vertex 12.3021 -0.878464 0.799999
      vertex 13.3804 -0.972 0.799999
    endloop
  endfacet
  facet normal 0.939976 -0.34124 0
    outer loop
      vertex 12.2659 -0.97818 1.2
      vertex 12.3021 -0.878464 0.799999
      vertex 12.3021 -0.878464 1.2
    endloop
  endfacet
  facet normal 0.939976 -0.34124 0
    outer loop
      vertex 12.3021 -0.878464 0.799999
      vertex 12.2659 -0.97818 1.2
      vertex 12.2659 -0.97818 0.799999
    endloop
  endfacet
  facet normal 0.892458 -0.45113 0
    outer loop
      vertex 12.2208 -1.0674 1.2
      vertex 12.2659 -0.97818 0.799999
      vertex 12.2659 -0.97818 1.2
    endloop
  endfacet
  facet normal 0.892458 -0.45113 0
    outer loop
      vertex 12.2659 -0.97818 0.799999
      vertex 12.2208 -1.0674 1.2
      vertex 12.2208 -1.0674 0.799999
    endloop
  endfacet
  facet normal 0.82414 -0.566387 0
    outer loop
      vertex 12.1667 -1.14612 1.2
      vertex 12.2208 -1.0674 0.799999
      vertex 12.2208 -1.0674 1.2
    endloop
  endfacet
  facet normal 0.82414 -0.566387 0
    outer loop
      vertex 12.2208 -1.0674 0.799999
      vertex 12.1667 -1.14612 1.2
      vertex 12.1667 -1.14612 0.799999
    endloop
  endfacet
  facet normal 0.734217 -0.678914 0
    outer loop
      vertex 12.1036 -1.21436 1.2
      vertex 12.1667 -1.14612 0.799999
      vertex 12.1667 -1.14612 1.2
    endloop
  endfacet
  facet normal 0.734217 -0.678914 0
    outer loop
      vertex 12.1667 -1.14612 0.799999
      vertex 12.1036 -1.21436 1.2
      vertex 12.1036 -1.21436 0.799999
    endloop
  endfacet
  facet normal 0.625488 -0.780234 0
    outer loop
      vertex 12.0316 -1.27208 0.799999
      vertex 12.1036 -1.21436 1.2
      vertex 12.0316 -1.27208 1.2
    endloop
  endfacet
  facet normal 0.625488 -0.780234 0
    outer loop
      vertex 12.1036 -1.21436 1.2
      vertex 12.0316 -1.27208 0.799999
      vertex 12.1036 -1.21436 0.799999
    endloop
  endfacet
  facet normal 0.503791 -0.863825 0
    outer loop
      vertex 11.9506 -1.31932 0.799999
      vertex 12.0316 -1.27208 1.2
      vertex 11.9506 -1.31932 1.2
    endloop
  endfacet
  facet normal 0.503791 -0.863825 0
    outer loop
      vertex 12.0316 -1.27208 1.2
      vertex 11.9506 -1.31932 0.799999
      vertex 12.0316 -1.27208 0.799999
    endloop
  endfacet
  facet normal 0.378216 -0.925717 0
    outer loop
      vertex 11.8607 -1.35605 0.799999
      vertex 11.9506 -1.31932 1.2
      vertex 11.8607 -1.35605 1.2
    endloop
  endfacet
  facet normal 0.378216 -0.925717 0
    outer loop
      vertex 11.9506 -1.31932 1.2
      vertex 11.8607 -1.35605 0.799999
      vertex 11.9506 -1.31932 0.799999
    endloop
  endfacet
  facet normal 0.256688 -0.966494 0
    outer loop
      vertex 11.7619 -1.38229 0.799999
      vertex 11.8607 -1.35605 1.2
      vertex 11.7619 -1.38229 1.2
    endloop
  endfacet
  facet normal 0.256688 -0.966494 0
    outer loop
      vertex 11.8607 -1.35605 1.2
      vertex 11.7619 -1.38229 0.799999
      vertex 11.8607 -1.35605 0.799999
    endloop
  endfacet
  facet normal 0.144438 -0.989514 0
    outer loop
      vertex 11.654 -1.39804 0.799999
      vertex 11.7619 -1.38229 1.2
      vertex 11.654 -1.39804 1.2
    endloop
  endfacet
  facet normal 0.144438 -0.989514 0
    outer loop
      vertex 11.7619 -1.38229 1.2
      vertex 11.654 -1.39804 0.799999
      vertex 11.7619 -1.38229 0.799999
    endloop
  endfacet
  facet normal 0.0449417 -0.99899 0
    outer loop
      vertex 11.5373 -1.40329 0.799999
      vertex 11.654 -1.39804 1.2
      vertex 11.5373 -1.40329 1.2
    endloop
  endfacet
  facet normal 0.0449417 -0.99899 0
    outer loop
      vertex 11.654 -1.39804 1.2
      vertex 11.5373 -1.40329 0.799999
      vertex 11.654 -1.39804 0.799999
    endloop
  endfacet
  facet normal -0.0381561 -0.999272 0
    outer loop
      vertex 11.4514 -1.40001 0.799999
      vertex 11.5373 -1.40329 1.2
      vertex 11.4514 -1.40001 1.2
    endloop
  endfacet
  facet normal -0.0381561 -0.999272 -0
    outer loop
      vertex 11.5373 -1.40329 1.2
      vertex 11.4514 -1.40001 0.799999
      vertex 11.5373 -1.40329 0.799999
    endloop
  endfacet
  facet normal -0.119169 -0.992874 0
    outer loop
      vertex 11.3695 -1.39018 0.799999
      vertex 11.4514 -1.40001 1.2
      vertex 11.3695 -1.39018 1.2
    endloop
  endfacet
  facet normal -0.119169 -0.992874 -0
    outer loop
      vertex 11.4514 -1.40001 1.2
      vertex 11.3695 -1.39018 0.799999
      vertex 11.4514 -1.40001 0.799999
    endloop
  endfacet
  facet normal -0.205903 -0.978572 0
    outer loop
      vertex 11.2917 -1.37381 0.799999
      vertex 11.3695 -1.39018 1.2
      vertex 11.2917 -1.37381 1.2
    endloop
  endfacet
  facet normal -0.205903 -0.978572 -0
    outer loop
      vertex 11.3695 -1.39018 1.2
      vertex 11.2917 -1.37381 0.799999
      vertex 11.3695 -1.39018 0.799999
    endloop
  endfacet
  facet normal -0.296595 -0.955003 0
    outer loop
      vertex 11.2179 -1.35089 0.799999
      vertex 11.2917 -1.37381 1.2
      vertex 11.2179 -1.35089 1.2
    endloop
  endfacet
  facet normal -0.296595 -0.955003 -0
    outer loop
      vertex 11.2917 -1.37381 1.2
      vertex 11.2179 -1.35089 0.799999
      vertex 11.2917 -1.37381 0.799999
    endloop
  endfacet
  facet normal -0.389545 -0.921007 0
    outer loop
      vertex 11.1482 -1.32141 0.799999
      vertex 11.2179 -1.35089 1.2
      vertex 11.1482 -1.32141 1.2
    endloop
  endfacet
  facet normal -0.389545 -0.921007 -0
    outer loop
      vertex 11.2179 -1.35089 1.2
      vertex 11.1482 -1.32141 0.799999
      vertex 11.2179 -1.35089 0.799999
    endloop
  endfacet
  facet normal -0.480075 -0.877227 0
    outer loop
      vertex 11.0824 -1.2854 0.799999
      vertex 11.1482 -1.32141 1.2
      vertex 11.0824 -1.2854 1.2
    endloop
  endfacet
  facet normal -0.480075 -0.877227 -0
    outer loop
      vertex 11.1482 -1.32141 1.2
      vertex 11.0824 -1.2854 0.799999
      vertex 11.1482 -1.32141 0.799999
    endloop
  endfacet
  facet normal -0.567898 -0.823099 0
    outer loop
      vertex 11.0207 -1.24283 0.799999
      vertex 11.0824 -1.2854 1.2
      vertex 11.0207 -1.24283 1.2
    endloop
  endfacet
  facet normal -0.567898 -0.823099 -0
    outer loop
      vertex 11.0824 -1.2854 1.2
      vertex 11.0207 -1.24283 0.799999
      vertex 11.0824 -1.2854 0.799999
    endloop
  endfacet
  facet normal -0.648951 -0.76083 0
    outer loop
      vertex 10.9631 -1.1937 0.799999
      vertex 11.0207 -1.24283 1.2
      vertex 10.9631 -1.1937 1.2
    endloop
  endfacet
  facet normal -0.648951 -0.76083 -0
    outer loop
      vertex 11.0207 -1.24283 1.2
      vertex 10.9631 -1.1937 0.799999
      vertex 11.0207 -1.24283 0.799999
    endloop
  endfacet
  facet normal -0.719727 -0.694258 0
    outer loop
      vertex 10.9631 -1.1937 0.799999
      vertex 10.9094 -1.13803 1.2
      vertex 10.9094 -1.13803 0.799999
    endloop
  endfacet
  facet normal -0.719727 -0.694258 0
    outer loop
      vertex 10.9094 -1.13803 1.2
      vertex 10.9631 -1.1937 0.799999
      vertex 10.9631 -1.1937 1.2
    endloop
  endfacet
  facet normal -0.781947 -0.623345 0
    outer loop
      vertex 10.9094 -1.13803 0.799999
      vertex 10.8598 -1.07581 1.2
      vertex 10.8598 -1.07581 0.799999
    endloop
  endfacet
  facet normal -0.781947 -0.623345 0
    outer loop
      vertex 10.8598 -1.07581 1.2
      vertex 10.9094 -1.13803 0.799999
      vertex 10.9094 -1.13803 1.2
    endloop
  endfacet
  facet normal -0.835292 -0.549806 0
    outer loop
      vertex 10.8598 -1.07581 0.799999
      vertex 10.8146 -1.00714 1.2
      vertex 10.8146 -1.00714 0.799999
    endloop
  endfacet
  facet normal -0.835292 -0.549806 0
    outer loop
      vertex 10.8146 -1.00714 1.2
      vertex 10.8598 -1.07581 0.799999
      vertex 10.8598 -1.07581 1.2
    endloop
  endfacet
  facet normal -0.879813 -0.475321 0
    outer loop
      vertex 10.8146 -1.00714 0.799999
      vertex 10.7741 -0.932175 1.2
      vertex 10.7741 -0.932175 0.799999
    endloop
  endfacet
  facet normal -0.879813 -0.475321 0
    outer loop
      vertex 10.7741 -0.932175 1.2
      vertex 10.8146 -1.00714 0.799999
      vertex 10.8146 -1.00714 1.2
    endloop
  endfacet
  facet normal -0.915557 -0.402188 0
    outer loop
      vertex 10.7741 -0.932175 0.799999
      vertex 10.7384 -0.850906 1.2
      vertex 10.7384 -0.850906 0.799999
    endloop
  endfacet
  facet normal -0.915557 -0.402188 0
    outer loop
      vertex 10.7384 -0.850906 1.2
      vertex 10.7741 -0.932175 0.799999
      vertex 10.7741 -0.932175 1.2
    endloop
  endfacet
  facet normal -0.943032 -0.332702 0
    outer loop
      vertex 10.7384 -0.850906 0.799999
      vertex 10.7075 -0.763321 1.2
      vertex 10.7075 -0.763321 0.799999
    endloop
  endfacet
  facet normal -0.943032 -0.332702 0
    outer loop
      vertex 10.7075 -0.763321 1.2
      vertex 10.7384 -0.850906 0.799999
      vertex 10.7384 -0.850906 1.2
    endloop
  endfacet
  facet normal -0.963199 -0.268789 0
    outer loop
      vertex 10.7075 -0.763321 0.799999
      vertex 10.6813 -0.669434 1.2
      vertex 10.6813 -0.669434 0.799999
    endloop
  endfacet
  facet normal -0.963199 -0.268789 0
    outer loop
      vertex 10.6813 -0.669434 1.2
      vertex 10.7075 -0.763321 0.799999
      vertex 10.7075 -0.763321 1.2
    endloop
  endfacet
  facet normal -0.977947 -0.208853 0
    outer loop
      vertex 10.6813 -0.669434 0.799999
      vertex 10.6599 -0.569229 1.2
      vertex 10.6599 -0.569229 0.799999
    endloop
  endfacet
  facet normal -0.977947 -0.208853 0
    outer loop
      vertex 10.6599 -0.569229 1.2
      vertex 10.6813 -0.669434 0.799999
      vertex 10.6813 -0.669434 1.2
    endloop
  endfacet
  facet normal -0.987929 -0.154906 0
    outer loop
      vertex 10.6599 -0.569229 0.799999
      vertex 10.6432 -0.462723 1.2
      vertex 10.6432 -0.462723 0.799999
    endloop
  endfacet
  facet normal -0.987929 -0.154906 0
    outer loop
      vertex 10.6432 -0.462723 1.2
      vertex 10.6599 -0.569229 0.799999
      vertex 10.6599 -0.569229 1.2
    endloop
  endfacet
  facet normal -0.994482 -0.104907 0
    outer loop
      vertex 10.6432 -0.462723 0.799999
      vertex 10.6313 -0.349915 1.2
      vertex 10.6313 -0.349915 0.799999
    endloop
  endfacet
  facet normal -0.994482 -0.104907 0
    outer loop
      vertex 10.6313 -0.349915 1.2
      vertex 10.6432 -0.462723 0.799999
      vertex 10.6432 -0.462723 1.2
    endloop
  endfacet
  facet normal -0.998229 -0.0594952 0
    outer loop
      vertex 10.6313 -0.349915 0.799999
      vertex 10.6242 -0.230789 1.2
      vertex 10.6242 -0.230789 0.799999
    endloop
  endfacet
  facet normal -0.998229 -0.0594952 0
    outer loop
      vertex 10.6242 -0.230789 1.2
      vertex 10.6313 -0.349915 0.799999
      vertex 10.6313 -0.349915 1.2
    endloop
  endfacet
  facet normal -0.999817 -0.0191311 0
    outer loop
      vertex 10.6242 -0.230789 0.799999
      vertex 10.6218 -0.105362 1.2
      vertex 10.6218 -0.105362 0.799999
    endloop
  endfacet
  facet normal -0.999817 -0.0191311 0
    outer loop
      vertex 10.6218 -0.105362 1.2
      vertex 10.6242 -0.230789 0.799999
      vertex 10.6242 -0.230789 1.2
    endloop
  endfacet
  facet normal 0 1 -0
    outer loop
      vertex 13.4455 -0.105362 0.799999
      vertex 10.6218 -0.105362 1.2
      vertex 13.4455 -0.105362 1.2
    endloop
  endfacet
  facet normal 0 1 0
    outer loop
      vertex 10.6218 -0.105362 1.2
      vertex 13.4455 -0.105362 0.799999
      vertex 10.6218 -0.105362 0.799999
    endloop
  endfacet
  facet normal -1 0 0
    outer loop
      vertex 13.4455 -0.105362 0.799999
      vertex 13.4455 -0.0728455 1.2
      vertex 13.4455 -0.0728455 0.799999
    endloop
  endfacet
  facet normal -1 -0 0
    outer loop
      vertex 13.4455 -0.0728455 1.2
      vertex 13.4455 -0.105362 0.799999
      vertex 13.4455 -0.105362 1.2
    endloop
  endfacet
  facet normal -0.999777 -0.021125 0
    outer loop
      vertex 13.4455 -0.0728455 0.799999
      vertex 13.4405 0.163788 1.2
      vertex 13.4405 0.163788 0.799999
    endloop
  endfacet
  facet normal -0.999777 -0.021125 0
    outer loop
      vertex 13.4405 0.163788 1.2
      vertex 13.4455 -0.0728455 0.799999
      vertex 13.4455 -0.0728455 1.2
    endloop
  endfacet
  facet normal -0.997785 -0.0665217 0
    outer loop
      vertex 13.4405 0.163788 0.799999
      vertex 13.4255 0.388779 1.2
      vertex 13.4255 0.388779 0.799999
    endloop
  endfacet
  facet normal -0.997785 -0.0665217 0
    outer loop
      vertex 13.4255 0.388779 1.2
      vertex 13.4405 0.163788 0.799999
      vertex 13.4405 0.163788 1.2
    endloop
  endfacet
  facet normal -0.993201 -0.116408 0
    outer loop
      vertex 13.4255 0.388779 0.799999
      vertex 13.4005 0.602081 1.2
      vertex 13.4005 0.602081 0.799999
    endloop
  endfacet
  facet normal -0.993201 -0.116408 0
    outer loop
      vertex 13.4005 0.602081 1.2
      vertex 13.4255 0.388779 0.799999
      vertex 13.4255 0.388779 1.2
    endloop
  endfacet
  facet normal -0.985184 -0.171502 0
    outer loop
      vertex 13.4005 0.602081 0.799999
      vertex 13.3654 0.803711 1.2
      vertex 13.3654 0.803711 0.799999
    endloop
  endfacet
  facet normal -0.985184 -0.171502 0
    outer loop
      vertex 13.3654 0.803711 1.2
      vertex 13.4005 0.602081 0.799999
      vertex 13.4005 0.602081 1.2
    endloop
  endfacet
  facet normal -0.973064 -0.230534 0
    outer loop
      vertex 13.3654 0.803711 0.799999
      vertex 13.3204 0.993652 1.2
      vertex 13.3204 0.993652 0.799999
    endloop
  endfacet
  facet normal -0.973064 -0.230534 0
    outer loop
      vertex 13.3204 0.993652 1.2
      vertex 13.3654 0.803711 0.799999
      vertex 13.3654 0.803711 1.2
    endloop
  endfacet
  facet normal -0.955404 -0.295301 0
    outer loop
      vertex 13.3204 0.993652 0.799999
      vertex 13.2653 1.17192 1.2
      vertex 13.2653 1.17192 0.799999
    endloop
  endfacet
  facet normal -0.955404 -0.295301 0
    outer loop
      vertex 13.2653 1.17192 1.2
      vertex 13.3204 0.993652 0.799999
      vertex 13.3204 0.993652 1.2
    endloop
  endfacet
  facet normal -0.931605 -0.363471 0
    outer loop
      vertex 13.2653 1.17192 0.799999
      vertex 13.2003 1.33852 1.2
      vertex 13.2003 1.33852 0.799999
    endloop
  endfacet
  facet normal -0.931605 -0.363471 0
    outer loop
      vertex 13.2003 1.33852 1.2
      vertex 13.2653 1.17192 0.799999
      vertex 13.2653 1.17192 1.2
    endloop
  endfacet
  facet normal -0.899843 -0.436214 0
    outer loop
      vertex 13.2003 1.33852 0.799999
      vertex 13.1252 1.49344 1.2
      vertex 13.1252 1.49344 0.799999
    endloop
  endfacet
  facet normal -0.899843 -0.436214 0
    outer loop
      vertex 13.1252 1.49344 1.2
      vertex 13.2003 1.33852 0.799999
      vertex 13.2003 1.33852 1.2
    endloop
  endfacet
  facet normal -0.859704 -0.510793 0
    outer loop
      vertex 13.1252 1.49344 0.799999
      vertex 13.0401 1.63667 1.2
      vertex 13.0401 1.63667 0.799999
    endloop
  endfacet
  facet normal -0.859704 -0.510793 0
    outer loop
      vertex 13.0401 1.63667 1.2
      vertex 13.1252 1.49344 0.799999
      vertex 13.1252 1.49344 1.2
    endloop
  endfacet
  facet normal -0.810432 -0.585832 0
    outer loop
      vertex 13.0401 1.63667 0.799999
      vertex 12.945 1.76823 1.2
      vertex 12.945 1.76823 0.799999
    endloop
  endfacet
  facet normal -0.810432 -0.585832 0
    outer loop
      vertex 12.945 1.76823 1.2
      vertex 13.0401 1.63667 0.799999
      vertex 13.0401 1.63667 1.2
    endloop
  endfacet
  facet normal -0.752635 -0.658438 0
    outer loop
      vertex 12.945 1.76823 0.799999
      vertex 12.8405 1.88768 1.2
      vertex 12.8405 1.88768 0.799999
    endloop
  endfacet
  facet normal -0.752635 -0.658438 0
    outer loop
      vertex 12.8405 1.88768 1.2
      vertex 12.945 1.76823 0.799999
      vertex 12.945 1.76823 1.2
    endloop
  endfacet
  facet normal -0.685169 -0.728384 0
    outer loop
      vertex 12.7269 1.99454 0.799999
      vertex 12.8405 1.88768 1.2
      vertex 12.7269 1.99454 1.2
    endloop
  endfacet
  facet normal -0.685169 -0.728384 -0
    outer loop
      vertex 12.8405 1.88768 1.2
      vertex 12.7269 1.99454 0.799999
      vertex 12.8405 1.88768 0.799999
    endloop
  endfacet
  facet normal -0.610305 -0.792167 0
    outer loop
      vertex 12.6045 2.08884 0.799999
      vertex 12.7269 1.99454 1.2
      vertex 12.6045 2.08884 1.2
    endloop
  endfacet
  facet normal -0.610305 -0.792167 -0
    outer loop
      vertex 12.7269 1.99454 1.2
      vertex 12.6045 2.08884 0.799999
      vertex 12.7269 1.99454 0.799999
    endloop
  endfacet
  facet normal -0.528069 -0.849202 0
    outer loop
      vertex 12.4731 2.17055 0.799999
      vertex 12.6045 2.08884 1.2
      vertex 12.4731 2.17055 1.2
    endloop
  endfacet
  facet normal -0.528069 -0.849202 -0
    outer loop
      vertex 12.6045 2.08884 1.2
      vertex 12.4731 2.17055 0.799999
      vertex 12.6045 2.08884 0.799999
    endloop
  endfacet
  facet normal -0.441838 -0.897095 0
    outer loop
      vertex 12.3327 2.2397 0.799999
      vertex 12.4731 2.17055 1.2
      vertex 12.3327 2.2397 1.2
    endloop
  endfacet
  facet normal -0.441838 -0.897095 -0
    outer loop
      vertex 12.4731 2.17055 1.2
      vertex 12.3327 2.2397 0.799999
      vertex 12.4731 2.17055 0.799999
    endloop
  endfacet
  facet normal -0.354167 -0.935182 0
    outer loop
      vertex 12.1833 2.29628 0.799999
      vertex 12.3327 2.2397 1.2
      vertex 12.1833 2.29628 1.2
    endloop
  endfacet
  facet normal -0.354167 -0.935182 -0
    outer loop
      vertex 12.3327 2.2397 1.2
      vertex 12.1833 2.29628 0.799999
      vertex 12.3327 2.2397 0.799999
    endloop
  endfacet
  facet normal -0.268014 -0.963415 0
    outer loop
      vertex 12.0251 2.34029 0.799999
      vertex 12.1833 2.29628 1.2
      vertex 12.0251 2.34029 1.2
    endloop
  endfacet
  facet normal -0.268014 -0.963415 -0
    outer loop
      vertex 12.1833 2.29628 1.2
      vertex 12.0251 2.34029 0.799999
      vertex 12.1833 2.29628 0.799999
    endloop
  endfacet
  facet normal -0.184636 -0.982807 0
    outer loop
      vertex 11.8578 2.37172 0.799999
      vertex 12.0251 2.34029 1.2
      vertex 11.8578 2.37172 1.2
    endloop
  endfacet
  facet normal -0.184636 -0.982807 -0
    outer loop
      vertex 12.0251 2.34029 1.2
      vertex 11.8578 2.37172 0.799999
      vertex 12.0251 2.34029 0.799999
    endloop
  endfacet
  facet normal -0.106378 -0.994326 0
    outer loop
      vertex 11.6817 2.39056 0.799999
      vertex 11.8578 2.37172 1.2
      vertex 11.6817 2.39056 1.2
    endloop
  endfacet
  facet normal -0.106378 -0.994326 -0
    outer loop
      vertex 11.8578 2.37172 1.2
      vertex 11.6817 2.39056 0.799999
      vertex 11.8578 2.37172 0.799999
    endloop
  endfacet
  facet normal -0.0339437 -0.999424 0
    outer loop
      vertex 11.4965 2.39685 0.799999
      vertex 11.6817 2.39056 1.2
      vertex 11.4965 2.39685 1.2
    endloop
  endfacet
  facet normal -0.0339437 -0.999424 -0
    outer loop
      vertex 11.6817 2.39056 1.2
      vertex 11.4965 2.39685 0.799999
      vertex 11.6817 2.39056 0.799999
    endloop
  endfacet
  facet normal 0.0301924 -0.999544 0
    outer loop
      vertex 11.3025 2.39099 0.799999
      vertex 11.4965 2.39685 1.2
      vertex 11.3025 2.39099 1.2
    endloop
  endfacet
  facet normal 0.0301924 -0.999544 0
    outer loop
      vertex 11.4965 2.39685 1.2
      vertex 11.3025 2.39099 0.799999
      vertex 11.4965 2.39685 0.799999
    endloop
  endfacet
  facet normal 0.0944942 -0.995525 0
    outer loop
      vertex 11.1175 2.37343 0.799999
      vertex 11.3025 2.39099 1.2
      vertex 11.1175 2.37343 1.2
    endloop
  endfacet
  facet normal 0.0944942 -0.995525 0
    outer loop
      vertex 11.3025 2.39099 1.2
      vertex 11.1175 2.37343 0.799999
      vertex 11.3025 2.39099 0.799999
    endloop
  endfacet
  facet normal 0.164217 -0.986424 0
    outer loop
      vertex 10.9415 2.34413 0.799999
      vertex 11.1175 2.37343 1.2
      vertex 10.9415 2.34413 1.2
    endloop
  endfacet
  facet normal 0.164217 -0.986424 0
    outer loop
      vertex 11.1175 2.37343 1.2
      vertex 10.9415 2.34413 0.799999
      vertex 11.1175 2.37343 0.799999
    endloop
  endfacet
  facet normal 0.238618 -0.971113 0
    outer loop
      vertex 10.7746 2.30312 0.799999
      vertex 10.9415 2.34413 1.2
      vertex 10.7746 2.30312 1.2
    endloop
  endfacet
  facet normal 0.238618 -0.971113 0
    outer loop
      vertex 10.9415 2.34413 1.2
      vertex 10.7746 2.30312 0.799999
      vertex 10.9415 2.34413 0.799999
    endloop
  endfacet
  facet normal 0.316804 -0.948491 0
    outer loop
      vertex 10.6167 2.25038 0.799999
      vertex 10.7746 2.30312 1.2
      vertex 10.6167 2.25038 1.2
    endloop
  endfacet
  facet normal 0.316804 -0.948491 0
    outer loop
      vertex 10.7746 2.30312 1.2
      vertex 10.6167 2.25038 0.799999
      vertex 10.7746 2.30312 0.799999
    endloop
  endfacet
  facet normal 0.397227 -0.91772 0
    outer loop
      vertex 10.4678 2.18593 0.799999
      vertex 10.6167 2.25038 1.2
      vertex 10.4678 2.18593 1.2
    endloop
  endfacet
  facet normal 0.397227 -0.91772 0
    outer loop
      vertex 10.6167 2.25038 1.2
      vertex 10.4678 2.18593 0.799999
      vertex 10.6167 2.25038 0.799999
    endloop
  endfacet
  facet normal 0.478131 -0.878289 0
    outer loop
      vertex 10.3279 2.10977 0.799999
      vertex 10.4678 2.18593 1.2
      vertex 10.3279 2.10977 1.2
    endloop
  endfacet
  facet normal 0.478131 -0.878289 0
    outer loop
      vertex 10.4678 2.18593 1.2
      vertex 10.3279 2.10977 0.799999
      vertex 10.4678 2.18593 0.799999
    endloop
  endfacet
  facet normal 0.557728 -0.830024 0
    outer loop
      vertex 10.1971 2.02188 0.799999
      vertex 10.3279 2.10977 1.2
      vertex 10.1971 2.02188 1.2
    endloop
  endfacet
  facet normal 0.557728 -0.830024 0
    outer loop
      vertex 10.3279 2.10977 1.2
      vertex 10.1971 2.02188 0.799999
      vertex 10.3279 2.10977 0.799999
    endloop
  endfacet
  facet normal 0.63338 -0.773841 0
    outer loop
      vertex 10.0754 1.92227 0.799999
      vertex 10.1971 2.02188 1.2
      vertex 10.0754 1.92227 1.2
    endloop
  endfacet
  facet normal 0.63338 -0.773841 0
    outer loop
      vertex 10.1971 2.02188 1.2
      vertex 10.0754 1.92227 0.799999
      vertex 10.1971 2.02188 0.799999
    endloop
  endfacet
  facet normal 0.702485 -0.711699 0
    outer loop
      vertex 9.96263 1.81096 0.799999
      vertex 10.0754 1.92227 1.2
      vertex 9.96263 1.81096 1.2
    endloop
  endfacet
  facet normal 0.702485 -0.711699 0
    outer loop
      vertex 10.0754 1.92227 1.2
      vertex 9.96263 1.81096 0.799999
      vertex 10.0754 1.92227 0.799999
    endloop
  endfacet
  facet normal 0.765257 -0.643725 0
    outer loop
      vertex 9.85982 1.68874 1.2
      vertex 9.96263 1.81096 0.799999
      vertex 9.96263 1.81096 1.2
    endloop
  endfacet
  facet normal 0.765257 -0.643725 0
    outer loop
      vertex 9.96263 1.81096 0.799999
      vertex 9.85982 1.68874 1.2
      vertex 9.85982 1.68874 0.799999
    endloop
  endfacet
  facet normal 0.821067 -0.570832 0
    outer loop
      vertex 9.76782 1.55641 1.2
      vertex 9.85982 1.68874 0.799999
      vertex 9.85982 1.68874 1.2
    endloop
  endfacet
  facet normal 0.821067 -0.570832 0
    outer loop
      vertex 9.85982 1.68874 0.799999
      vertex 9.76782 1.55641 1.2
      vertex 9.76782 1.55641 0.799999
    endloop
  endfacet
  facet normal 0.868757 -0.495239 0
    outer loop
      vertex 9.68665 1.41402 1.2
      vertex 9.76782 1.55641 0.799999
      vertex 9.76782 1.55641 1.2
    endloop
  endfacet
  facet normal 0.868757 -0.495239 0
    outer loop
      vertex 9.76782 1.55641 0.799999
      vertex 9.68665 1.41402 1.2
      vertex 9.68665 1.41402 0.799999
    endloop
  endfacet
  facet normal 0.908038 -0.418888 0
    outer loop
      vertex 9.6163 1.26152 1.2
      vertex 9.68665 1.41402 0.799999
      vertex 9.68665 1.41402 1.2
    endloop
  endfacet
  facet normal 0.908038 -0.418888 0
    outer loop
      vertex 9.68665 1.41402 0.799999
      vertex 9.6163 1.26152 1.2
      vertex 9.6163 1.26152 0.799999
    endloop
  endfacet
  facet normal 0.939049 -0.343783 0
    outer loop
      vertex 9.55678 1.09894 1.2
      vertex 9.6163 1.26152 0.799999
      vertex 9.6163 1.26152 1.2
    endloop
  endfacet
  facet normal 0.939049 -0.343783 0
    outer loop
      vertex 9.6163 1.26152 0.799999
      vertex 9.55678 1.09894 1.2
      vertex 9.55678 1.09894 0.799999
    endloop
  endfacet
  facet normal 0.962438 -0.271503 0
    outer loop
      vertex 9.50807 0.92627 1.2
      vertex 9.55678 1.09894 0.799999
      vertex 9.55678 1.09894 1.2
    endloop
  endfacet
  facet normal 0.962438 -0.271503 0
    outer loop
      vertex 9.55678 1.09894 0.799999
      vertex 9.50807 0.92627 1.2
      vertex 9.50807 0.92627 0.799999
    endloop
  endfacet
  facet normal 0.979201 -0.202891 0
    outer loop
      vertex 9.4702 0.7435 1.2
      vertex 9.50807 0.92627 0.799999
      vertex 9.50807 0.92627 1.2
    endloop
  endfacet
  facet normal 0.979201 -0.202891 0
    outer loop
      vertex 9.50807 0.92627 0.799999
      vertex 9.4702 0.7435 1.2
      vertex 9.4702 0.7435 0.799999
    endloop
  endfacet
  facet normal 0.990306 -0.1389 0
    outer loop
      vertex 9.44315 0.550644 1.2
      vertex 9.4702 0.7435 0.799999
      vertex 9.4702 0.7435 1.2
    endloop
  endfacet
  facet normal 0.990306 -0.1389 0
    outer loop
      vertex 9.4702 0.7435 0.799999
      vertex 9.44315 0.550644 1.2
      vertex 9.44315 0.550644 0.799999
    endloop
  endfacet
  facet normal 0.996813 -0.0797679 0
    outer loop
      vertex 9.42691 0.347702 1.2
      vertex 9.44315 0.550644 0.799999
      vertex 9.44315 0.550644 1.2
    endloop
  endfacet
  facet normal 0.996813 -0.0797679 0
    outer loop
      vertex 9.44315 0.550644 0.799999
      vertex 9.42691 0.347702 1.2
      vertex 9.42691 0.347702 0.799999
    endloop
  endfacet
  facet normal 0.999676 -0.0254344 0
    outer loop
      vertex 9.42149 0.134674 1.2
      vertex 9.42691 0.347702 0.799999
      vertex 9.42691 0.347702 1.2
    endloop
  endfacet
  facet normal 0.999676 -0.0254344 0
    outer loop
      vertex 9.42691 0.347702 0.799999
      vertex 9.42149 0.134674 1.2
      vertex 9.42149 0.134674 0.799999
    endloop
  endfacet
  facet normal 0.999707 0.02422 0
    outer loop
      vertex 9.42682 -0.0853271 1.2
      vertex 9.42149 0.134674 0.799999
      vertex 9.42149 0.134674 1.2
    endloop
  endfacet
  facet normal 0.999707 0.02422 0
    outer loop
      vertex 9.42149 0.134674 0.799999
      vertex 9.42682 -0.0853271 1.2
      vertex 9.42682 -0.0853271 0.799999
    endloop
  endfacet
  facet normal 0.997092 0.0762013 0
    outer loop
      vertex 9.44281 -0.294556 1.2
      vertex 9.42682 -0.0853271 0.799999
      vertex 9.42682 -0.0853271 1.2
    endloop
  endfacet
  facet normal 0.997092 0.0762013 0
    outer loop
      vertex 9.42682 -0.0853271 0.799999
      vertex 9.44281 -0.294556 1.2
      vertex 9.44281 -0.294556 0.799999
    endloop
  endfacet
  facet normal 0.991097 0.133142 0
    outer loop
      vertex 9.46947 -0.493011 1.2
      vertex 9.44281 -0.294556 0.799999
      vertex 9.44281 -0.294556 1.2
    endloop
  endfacet
  facet normal 0.991097 0.133142 0
    outer loop
      vertex 9.44281 -0.294556 0.799999
      vertex 9.46947 -0.493011 1.2
      vertex 9.46947 -0.493011 0.799999
    endloop
  endfacet
  facet normal 0.980815 0.194942 0
    outer loop
      vertex 9.50677 -0.680679 1.2
      vertex 9.46947 -0.493011 0.799999
      vertex 9.46947 -0.493011 1.2
    endloop
  endfacet
  facet normal 0.980815 0.194942 0
    outer loop
      vertex 9.46947 -0.493011 0.799999
      vertex 9.50677 -0.680679 1.2
      vertex 9.50677 -0.680679 0.799999
    endloop
  endfacet
  facet normal 0.965156 0.261674 0
    outer loop
      vertex 9.55473 -0.857574 1.2
      vertex 9.50677 -0.680679 0.799999
      vertex 9.50677 -0.680679 1.2
    endloop
  endfacet
  facet normal 0.965156 0.261674 0
    outer loop
      vertex 9.50677 -0.680679 0.799999
      vertex 9.55473 -0.857574 1.2
      vertex 9.55473 -0.857574 0.799999
    endloop
  endfacet
  facet normal 0.942965 0.332893 0
    outer loop
      vertex 9.61337 -1.02368 1.2
      vertex 9.55473 -0.857574 0.799999
      vertex 9.55473 -0.857574 1.2
    endloop
  endfacet
  facet normal 0.942965 0.332893 0
    outer loop
      vertex 9.55473 -0.857574 0.799999
      vertex 9.61337 -1.02368 1.2
      vertex 9.61337 -1.02368 0.799999
    endloop
  endfacet
  facet normal 0.913268 0.40736 0
    outer loop
      vertex 9.68265 -1.179 1.2
      vertex 9.61337 -1.02368 0.799999
      vertex 9.61337 -1.02368 1.2
    endloop
  endfacet
  facet normal 0.913268 0.40736 0
    outer loop
      vertex 9.61337 -1.02368 0.799999
      vertex 9.68265 -1.179 1.2
      vertex 9.68265 -1.179 0.799999
    endloop
  endfacet
  facet normal 0.87507 0.483997 0
    outer loop
      vertex 9.7626 -1.32355 1.2
      vertex 9.68265 -1.179 0.799999
      vertex 9.68265 -1.179 1.2
    endloop
  endfacet
  facet normal 0.87507 0.483997 0
    outer loop
      vertex 9.68265 -1.179 0.799999
      vertex 9.7626 -1.32355 1.2
      vertex 9.7626 -1.32355 0.799999
    endloop
  endfacet
  facet normal 0.827923 0.560841 0
    outer loop
      vertex 9.85321 -1.45731 1.2
      vertex 9.7626 -1.32355 0.799999
      vertex 9.7626 -1.32355 1.2
    endloop
  endfacet
  facet normal 0.827923 0.560841 0
    outer loop
      vertex 9.7626 -1.32355 0.799999
      vertex 9.85321 -1.45731 1.2
      vertex 9.85321 -1.45731 0.799999
    endloop
  endfacet
  facet normal 0.771985 0.635641 0
    outer loop
      vertex 9.95447 -1.58029 1.2
      vertex 9.85321 -1.45731 0.799999
      vertex 9.85321 -1.45731 1.2
    endloop
  endfacet
  facet normal 0.771985 0.635641 0
    outer loop
      vertex 9.85321 -1.45731 0.799999
      vertex 9.95447 -1.58029 1.2
      vertex 9.95447 -1.58029 0.799999
    endloop
  endfacet
  facet normal 0.708628 0.705583 0
    outer loop
      vertex 10.0657 -1.692 1.2
      vertex 9.95447 -1.58029 0.799999
      vertex 9.95447 -1.58029 1.2
    endloop
  endfacet
  facet normal 0.708628 0.705583 0
    outer loop
      vertex 9.95447 -1.58029 0.799999
      vertex 10.0657 -1.692 1.2
      vertex 10.0657 -1.692 0.799999
    endloop
  endfacet
  facet normal 0.638738 0.769425 -0
    outer loop
      vertex 10.1861 -1.79195 0.799999
      vertex 10.0657 -1.692 1.2
      vertex 10.1861 -1.79195 1.2
    endloop
  endfacet
  facet normal 0.638738 0.769425 0
    outer loop
      vertex 10.0657 -1.692 1.2
      vertex 10.1861 -1.79195 0.799999
      vertex 10.0657 -1.692 0.799999
    endloop
  endfacet
  facet normal 0.56258 0.826743 -0
    outer loop
      vertex 10.3157 -1.88014 0.799999
      vertex 10.1861 -1.79195 1.2
      vertex 10.3157 -1.88014 1.2
    endloop
  endfacet
  facet normal 0.56258 0.826743 0
    outer loop
      vertex 10.1861 -1.79195 1.2
      vertex 10.3157 -1.88014 0.799999
      vertex 10.1861 -1.79195 0.799999
    endloop
  endfacet
  facet normal 0.482355 0.875976 -0
    outer loop
      vertex 10.4545 -1.95657 0.799999
      vertex 10.3157 -1.88014 1.2
      vertex 10.4545 -1.95657 1.2
    endloop
  endfacet
  facet normal 0.482355 0.875976 0
    outer loop
      vertex 10.3157 -1.88014 1.2
      vertex 10.4545 -1.95657 0.799999
      vertex 10.3157 -1.88014 0.799999
    endloop
  endfacet
  facet normal 0.40063 0.91624 -0
    outer loop
      vertex 10.6024 -2.02124 0.799999
      vertex 10.4545 -1.95657 1.2
      vertex 10.6024 -2.02124 1.2
    endloop
  endfacet
  facet normal 0.40063 0.91624 0
    outer loop
      vertex 10.4545 -1.95657 1.2
      vertex 10.6024 -2.02124 0.799999
      vertex 10.4545 -1.95657 0.799999
    endloop
  endfacet
  facet normal 0.319048 0.947739 -0
    outer loop
      vertex 10.7596 -2.07416 0.799999
      vertex 10.6024 -2.02124 1.2
      vertex 10.7596 -2.07416 1.2
    endloop
  endfacet
  facet normal 0.319048 0.947739 0
    outer loop
      vertex 10.6024 -2.02124 1.2
      vertex 10.7596 -2.07416 0.799999
      vertex 10.6024 -2.02124 0.799999
    endloop
  endfacet
  facet normal 0.240064 0.970757 -0
    outer loop
      vertex 10.926 -2.11531 0.799999
      vertex 10.7596 -2.07416 1.2
      vertex 10.926 -2.11531 1.2
    endloop
  endfacet
  facet normal 0.240064 0.970757 0
    outer loop
      vertex 10.7596 -2.07416 1.2
      vertex 10.926 -2.11531 0.799999
      vertex 10.7596 -2.07416 0.799999
    endloop
  endfacet
  facet normal 0.165219 0.986257 -0
    outer loop
      vertex 11.1015 -2.14471 0.799999
      vertex 10.926 -2.11531 1.2
      vertex 11.1015 -2.14471 1.2
    endloop
  endfacet
  facet normal 0.165219 0.986257 0
    outer loop
      vertex 10.926 -2.11531 1.2
      vertex 11.1015 -2.14471 0.799999
      vertex 10.926 -2.11531 0.799999
    endloop
  endfacet
  facet normal 0.0950226 0.995475 -0
    outer loop
      vertex 11.2863 -2.16235 0.799999
      vertex 11.1015 -2.14471 1.2
      vertex 11.2863 -2.16235 1.2
    endloop
  endfacet
  facet normal 0.0950226 0.995475 0
    outer loop
      vertex 11.1015 -2.14471 1.2
      vertex 11.2863 -2.16235 0.799999
      vertex 11.1015 -2.14471 0.799999
    endloop
  endfacet
  facet normal 0.0302954 0.999541 -0
    outer loop
      vertex 11.4803 -2.16823 0.799999
      vertex 11.2863 -2.16235 1.2
      vertex 11.4803 -2.16823 1.2
    endloop
  endfacet
  facet normal 0.0302954 0.999541 0
    outer loop
      vertex 11.2863 -2.16235 1.2
      vertex 11.4803 -2.16823 0.799999
      vertex 11.2863 -2.16235 0.799999
    endloop
  endfacet
  facet normal -0.0431834 0.999067 0
    outer loop
      vertex 11.757 -2.15627 0.799999
      vertex 11.4803 -2.16823 1.2
      vertex 11.757 -2.15627 1.2
    endloop
  endfacet
  facet normal -0.0431834 0.999067 0
    outer loop
      vertex 11.4803 -2.16823 1.2
      vertex 11.757 -2.15627 0.799999
      vertex 11.4803 -2.16823 0.799999
    endloop
  endfacet
  facet normal -0.998961 0.0455624 0
    outer loop
      vertex 10.6299 0.610718 0.799999
      vertex 10.6344 0.709381 1.2
      vertex 10.6344 0.709381 0.799999
    endloop
  endfacet
  facet normal -0.998961 0.0455624 0
    outer loop
      vertex 10.6344 0.709381 1.2
      vertex 10.6299 0.610718 0.799999
      vertex 10.6299 0.610718 1.2
    endloop
  endfacet
  facet normal -0.995856 0.090939 0
    outer loop
      vertex 10.6344 0.709381 0.799999
      vertex 10.643 0.803558 1.2
      vertex 10.643 0.803558 0.799999
    endloop
  endfacet
  facet normal -0.995856 0.090939 0
    outer loop
      vertex 10.643 0.803558 1.2
      vertex 10.6344 0.709381 0.799999
      vertex 10.6344 0.709381 1.2
    endloop
  endfacet
  facet normal -0.990127 0.140174 0
    outer loop
      vertex 10.643 0.803558 0.799999
      vertex 10.6557 0.893265 1.2
      vertex 10.6557 0.893265 0.799999
    endloop
  endfacet
  facet normal -0.990127 0.140174 0
    outer loop
      vertex 10.6557 0.893265 1.2
      vertex 10.643 0.803558 0.799999
      vertex 10.643 0.803558 1.2
    endloop
  endfacet
  facet normal -0.981124 0.193382 0
    outer loop
      vertex 10.6557 0.893265 0.799999
      vertex 10.6725 0.9785 1.2
      vertex 10.6725 0.9785 0.799999
    endloop
  endfacet
  facet normal -0.981124 0.193382 0
    outer loop
      vertex 10.6725 0.9785 1.2
      vertex 10.6557 0.893265 0.799999
      vertex 10.6557 0.893265 1.2
    endloop
  endfacet
  facet normal -0.967823 0.251632 0
    outer loop
      vertex 10.6725 0.9785 0.799999
      vertex 10.6935 1.05927 1.2
      vertex 10.6935 1.05927 0.799999
    endloop
  endfacet
  facet normal -0.967823 0.251632 0
    outer loop
      vertex 10.6935 1.05927 1.2
      vertex 10.6725 0.9785 0.799999
      vertex 10.6725 0.9785 1.2
    endloop
  endfacet
  facet normal -0.950254 0.311477 0
    outer loop
      vertex 10.6935 1.05927 0.799999
      vertex 10.7185 1.13554 1.2
      vertex 10.7185 1.13554 0.799999
    endloop
  endfacet
  facet normal -0.950254 0.311477 0
    outer loop
      vertex 10.7185 1.13554 1.2
      vertex 10.6935 1.05927 0.799999
      vertex 10.6935 1.05927 1.2
    endloop
  endfacet
  facet normal -0.926344 0.376678 0
    outer loop
      vertex 10.7185 1.13554 0.799999
      vertex 10.7477 1.20735 1.2
      vertex 10.7477 1.20735 0.799999
    endloop
  endfacet
  facet normal -0.926344 0.376678 0
    outer loop
      vertex 10.7477 1.20735 1.2
      vertex 10.7185 1.13554 0.799999
      vertex 10.7185 1.13554 1.2
    endloop
  endfacet
  facet normal -0.896917 0.442199 0
    outer loop
      vertex 10.7477 1.20735 0.799999
      vertex 10.7809 1.27469 1.2
      vertex 10.7809 1.27469 0.799999
    endloop
  endfacet
  facet normal -0.896917 0.442199 0
    outer loop
      vertex 10.7809 1.27469 1.2
      vertex 10.7477 1.20735 0.799999
      vertex 10.7477 1.20735 1.2
    endloop
  endfacet
  facet normal -0.859393 0.511316 0
    outer loop
      vertex 10.7809 1.27469 0.799999
      vertex 10.8183 1.33755 1.2
      vertex 10.8183 1.33755 0.799999
    endloop
  endfacet
  facet normal -0.859393 0.511316 0
    outer loop
      vertex 10.8183 1.33755 1.2
      vertex 10.7809 1.27469 0.799999
      vertex 10.7809 1.27469 1.2
    endloop
  endfacet
  facet normal -0.815099 0.579322 0
    outer loop
      vertex 10.8183 1.33755 0.799999
      vertex 10.8598 1.39594 1.2
      vertex 10.8598 1.39594 0.799999
    endloop
  endfacet
  facet normal -0.815099 0.579322 0
    outer loop
      vertex 10.8598 1.39594 1.2
      vertex 10.8183 1.33755 0.799999
      vertex 10.8183 1.33755 1.2
    endloop
  endfacet
  facet normal -0.761629 0.648013 0
    outer loop
      vertex 10.8598 1.39594 0.799999
      vertex 10.9052 1.4493 1.2
      vertex 10.9052 1.4493 0.799999
    endloop
  endfacet
  facet normal -0.761629 0.648013 0
    outer loop
      vertex 10.9052 1.4493 1.2
      vertex 10.8598 1.39594 0.799999
      vertex 10.8598 1.39594 1.2
    endloop
  endfacet
  facet normal -0.696957 0.717113 0
    outer loop
      vertex 10.9543 1.49702 0.799999
      vertex 10.9052 1.4493 1.2
      vertex 10.9543 1.49702 1.2
    endloop
  endfacet
  facet normal -0.696957 0.717113 0
    outer loop
      vertex 10.9052 1.4493 1.2
      vertex 10.9543 1.49702 0.799999
      vertex 10.9052 1.4493 0.799999
    endloop
  endfacet
  facet normal -0.623611 0.781735 0
    outer loop
      vertex 11.0071 1.53914 0.799999
      vertex 10.9543 1.49702 1.2
      vertex 11.0071 1.53914 1.2
    endloop
  endfacet
  facet normal -0.623611 0.781735 0
    outer loop
      vertex 10.9543 1.49702 1.2
      vertex 11.0071 1.53914 0.799999
      vertex 10.9543 1.49702 0.799999
    endloop
  endfacet
  facet normal -0.54274 0.839901 0
    outer loop
      vertex 11.0636 1.57565 0.799999
      vertex 11.0071 1.53914 1.2
      vertex 11.0636 1.57565 1.2
    endloop
  endfacet
  facet normal -0.54274 0.839901 0
    outer loop
      vertex 11.0071 1.53914 1.2
      vertex 11.0636 1.57565 0.799999
      vertex 11.0071 1.53914 0.799999
    endloop
  endfacet
  facet normal -0.457131 0.8894 0
    outer loop
      vertex 11.1237 1.60654 0.799999
      vertex 11.0636 1.57565 1.2
      vertex 11.1237 1.60654 1.2
    endloop
  endfacet
  facet normal -0.457131 0.8894 0
    outer loop
      vertex 11.0636 1.57565 1.2
      vertex 11.1237 1.60654 0.799999
      vertex 11.0636 1.57565 0.799999
    endloop
  endfacet
  facet normal -0.367253 0.930121 0
    outer loop
      vertex 11.1877 1.63181 0.799999
      vertex 11.1237 1.60654 1.2
      vertex 11.1877 1.63181 1.2
    endloop
  endfacet
  facet normal -0.367253 0.930121 0
    outer loop
      vertex 11.1237 1.60654 1.2
      vertex 11.1877 1.63181 0.799999
      vertex 11.1237 1.60654 0.799999
    endloop
  endfacet
  facet normal -0.279508 0.960143 0
    outer loop
      vertex 11.2552 1.65146 0.799999
      vertex 11.1877 1.63181 1.2
      vertex 11.2552 1.65146 1.2
    endloop
  endfacet
  facet normal -0.279508 0.960143 0
    outer loop
      vertex 11.1877 1.63181 1.2
      vertex 11.2552 1.65146 0.799999
      vertex 11.1877 1.63181 0.799999
    endloop
  endfacet
  facet normal -0.193076 0.981184 0
    outer loop
      vertex 11.3266 1.66551 0.799999
      vertex 11.2552 1.65146 1.2
      vertex 11.3266 1.66551 1.2
    endloop
  endfacet
  facet normal -0.193076 0.981184 0
    outer loop
      vertex 11.2552 1.65146 1.2
      vertex 11.3266 1.66551 0.799999
      vertex 11.2552 1.65146 0.799999
    endloop
  endfacet
  facet normal -0.111566 0.993757 0
    outer loop
      vertex 11.4016 1.67393 0.799999
      vertex 11.3266 1.66551 1.2
      vertex 11.4016 1.67393 1.2
    endloop
  endfacet
  facet normal -0.111566 0.993757 0
    outer loop
      vertex 11.3266 1.66551 1.2
      vertex 11.4016 1.67393 0.799999
      vertex 11.3266 1.66551 0.799999
    endloop
  endfacet
  facet normal -0.0356825 0.999363 0
    outer loop
      vertex 11.4803 1.67674 0.799999
      vertex 11.4016 1.67393 1.2
      vertex 11.4803 1.67674 1.2
    endloop
  endfacet
  facet normal -0.0356825 0.999363 0
    outer loop
      vertex 11.4016 1.67393 1.2
      vertex 11.4803 1.67674 0.799999
      vertex 11.4016 1.67393 0.799999
    endloop
  endfacet
  facet normal 0.036009 0.999351 -0
    outer loop
      vertex 11.5544 1.67407 0.799999
      vertex 11.4803 1.67674 1.2
      vertex 11.5544 1.67407 1.2
    endloop
  endfacet
  facet normal 0.036009 0.999351 0
    outer loop
      vertex 11.4803 1.67674 1.2
      vertex 11.5544 1.67407 0.799999
      vertex 11.4803 1.67674 0.799999
    endloop
  endfacet
  facet normal 0.111829 0.993727 -0
    outer loop
      vertex 11.6254 1.66608 0.799999
      vertex 11.5544 1.67407 1.2
      vertex 11.6254 1.66608 1.2
    endloop
  endfacet
  facet normal 0.111829 0.993727 0
    outer loop
      vertex 11.5544 1.67407 1.2
      vertex 11.6254 1.66608 0.799999
      vertex 11.5544 1.67407 0.799999
    endloop
  endfacet
  facet normal 0.192229 0.98135 -0
    outer loop
      vertex 11.6934 1.65276 0.799999
      vertex 11.6254 1.66608 1.2
      vertex 11.6934 1.65276 1.2
    endloop
  endfacet
  facet normal 0.192229 0.98135 0
    outer loop
      vertex 11.6254 1.66608 1.2
      vertex 11.6934 1.65276 0.799999
      vertex 11.6254 1.66608 0.799999
    endloop
  endfacet
  facet normal 0.276855 0.960912 -0
    outer loop
      vertex 11.7582 1.63409 0.799999
      vertex 11.6934 1.65276 1.2
      vertex 11.7582 1.63409 1.2
    endloop
  endfacet
  facet normal 0.276855 0.960912 0
    outer loop
      vertex 11.6934 1.65276 1.2
      vertex 11.7582 1.63409 0.799999
      vertex 11.6934 1.65276 0.799999
    endloop
  endfacet
  facet normal 0.361747 0.932276 -0
    outer loop
      vertex 11.82 1.61011 0.799999
      vertex 11.7582 1.63409 1.2
      vertex 11.82 1.61011 1.2
    endloop
  endfacet
  facet normal 0.361747 0.932276 0
    outer loop
      vertex 11.7582 1.63409 1.2
      vertex 11.82 1.61011 0.799999
      vertex 11.7582 1.63409 0.799999
    endloop
  endfacet
  facet normal 0.446726 0.894671 -0
    outer loop
      vertex 11.8787 1.5808 0.799999
      vertex 11.82 1.61011 1.2
      vertex 11.8787 1.5808 1.2
    endloop
  endfacet
  facet normal 0.446726 0.894671 0
    outer loop
      vertex 11.82 1.61011 1.2
      vertex 11.8787 1.5808 0.799999
      vertex 11.82 1.61011 0.799999
    endloop
  endfacet
  facet normal 0.529697 0.848187 -0
    outer loop
      vertex 11.9342 1.54614 0.799999
      vertex 11.8787 1.5808 1.2
      vertex 11.9342 1.54614 1.2
    endloop
  endfacet
  facet normal 0.529697 0.848187 0
    outer loop
      vertex 11.8787 1.5808 1.2
      vertex 11.9342 1.54614 0.799999
      vertex 11.8787 1.5808 0.799999
    endloop
  endfacet
  facet normal 0.605851 0.795578 -0
    outer loop
      vertex 11.9867 1.50616 0.799999
      vertex 11.9342 1.54614 1.2
      vertex 11.9867 1.50616 1.2
    endloop
  endfacet
  facet normal 0.605851 0.795578 0
    outer loop
      vertex 11.9342 1.54614 1.2
      vertex 11.9867 1.50616 0.799999
      vertex 11.9342 1.54614 0.799999
    endloop
  endfacet
  facet normal 0.67586 0.73703 -0
    outer loop
      vertex 12.0361 1.46086 0.799999
      vertex 11.9867 1.50616 1.2
      vertex 12.0361 1.46086 1.2
    endloop
  endfacet
  facet normal 0.67586 0.73703 0
    outer loop
      vertex 11.9867 1.50616 1.2
      vertex 12.0361 1.46086 0.799999
      vertex 11.9867 1.50616 0.799999
    endloop
  endfacet
  facet normal 0.738025 0.674774 0
    outer loop
      vertex 12.0824 1.41022 1.2
      vertex 12.0361 1.46086 0.799999
      vertex 12.0361 1.46086 1.2
    endloop
  endfacet
  facet normal 0.738025 0.674774 0
    outer loop
      vertex 12.0361 1.46086 0.799999
      vertex 12.0824 1.41022 1.2
      vertex 12.0824 1.41022 0.799999
    endloop
  endfacet
  facet normal 0.793677 0.608339 0
    outer loop
      vertex 12.1253 1.35425 1.2
      vertex 12.0824 1.41022 0.799999
      vertex 12.0824 1.41022 1.2
    endloop
  endfacet
  facet normal 0.793677 0.608339 0
    outer loop
      vertex 12.0824 1.41022 0.799999
      vertex 12.1253 1.35425 1.2
      vertex 12.1253 1.35425 0.799999
    endloop
  endfacet
  facet normal 0.843718 0.536786 0
    outer loop
      vertex 12.1643 1.29295 1.2
      vertex 12.1253 1.35425 0.799999
      vertex 12.1253 1.35425 1.2
    endloop
  endfacet
  facet normal 0.843718 0.536786 0
    outer loop
      vertex 12.1253 1.35425 0.799999
      vertex 12.1643 1.29295 1.2
      vertex 12.1643 1.29295 0.799999
    endloop
  endfacet
  facet normal 0.884198 0.467113 0
    outer loop
      vertex 12.1995 1.22632 1.2
      vertex 12.1643 1.29295 0.799999
      vertex 12.1643 1.29295 1.2
    endloop
  endfacet
  facet normal 0.884198 0.467113 0
    outer loop
      vertex 12.1643 1.29295 0.799999
      vertex 12.1995 1.22632 1.2
      vertex 12.1995 1.22632 0.799999
    endloop
  endfacet
  facet normal 0.916522 0.399983 0
    outer loop
      vertex 12.2309 1.15437 1.2
      vertex 12.1995 1.22632 0.799999
      vertex 12.1995 1.22632 1.2
    endloop
  endfacet
  facet normal 0.916522 0.399983 0
    outer loop
      vertex 12.1995 1.22632 0.799999
      vertex 12.2309 1.15437 1.2
      vertex 12.2309 1.15437 0.799999
    endloop
  endfacet
  facet normal 0.942127 0.335255 0
    outer loop
      vertex 12.2584 1.07709 1.2
      vertex 12.2309 1.15437 0.799999
      vertex 12.2309 1.15437 1.2
    endloop
  endfacet
  facet normal 0.942127 0.335255 0
    outer loop
      vertex 12.2309 1.15437 0.799999
      vertex 12.2584 1.07709 1.2
      vertex 12.2584 1.07709 0.799999
    endloop
  endfacet
  facet normal 0.961242 0.275707 0
    outer loop
      vertex 12.2821 0.994461 1.2
      vertex 12.2584 1.07709 0.799999
      vertex 12.2584 1.07709 1.2
    endloop
  endfacet
  facet normal 0.961242 0.275707 0
    outer loop
      vertex 12.2584 1.07709 0.799999
      vertex 12.2821 0.994461 1.2
      vertex 12.2821 0.994461 0.799999
    endloop
  endfacet
  facet normal 0.975337 0.22072 0
    outer loop
      vertex 12.302 0.906525 1.2
      vertex 12.2821 0.994461 0.799999
      vertex 12.2821 0.994461 1.2
    endloop
  endfacet
  facet normal 0.975337 0.22072 0
    outer loop
      vertex 12.2821 0.994461 0.799999
      vertex 12.302 0.906525 1.2
      vertex 12.302 0.906525 0.799999
    endloop
  endfacet
  facet normal 0.985429 0.170089 0
    outer loop
      vertex 12.3181 0.813248 1.2
      vertex 12.302 0.906525 0.799999
      vertex 12.302 0.906525 1.2
    endloop
  endfacet
  facet normal 0.985429 0.170089 0
    outer loop
      vertex 12.302 0.906525 0.799999
      vertex 12.3181 0.813248 1.2
      vertex 12.3181 0.813248 0.799999
    endloop
  endfacet
  facet normal 0.992309 0.123783 0
    outer loop
      vertex 12.3304 0.714645 1.2
      vertex 12.3181 0.813248 0.799999
      vertex 12.3181 0.813248 1.2
    endloop
  endfacet
  facet normal 0.992309 0.123783 0
    outer loop
      vertex 12.3181 0.813248 0.799999
      vertex 12.3304 0.714645 1.2
      vertex 12.3304 0.714645 0.799999
    endloop
  endfacet
  facet normal 0.996749 0.0805632 0
    outer loop
      vertex 12.3388 0.610718 1.2
      vertex 12.3304 0.714645 0.799999
      vertex 12.3304 0.714645 1.2
    endloop
  endfacet
  facet normal 0.996749 0.0805632 0
    outer loop
      vertex 12.3304 0.714645 0.799999
      vertex 12.3388 0.610718 1.2
      vertex 12.3388 0.610718 0.799999
    endloop
  endfacet
  facet normal 0 -1 0
    outer loop
      vertex 10.6299 0.610718 0.799999
      vertex 12.3388 0.610718 1.2
      vertex 10.6299 0.610718 1.2
    endloop
  endfacet
  facet normal 0 -1 -0
    outer loop
      vertex 12.3388 0.610718 1.2
      vertex 10.6299 0.610718 0.799999
      vertex 12.3388 0.610718 0.799999
    endloop
  endfacet
  facet normal -0.138044 0.990426 0
    outer loop
      vertex 23.7726 -2.12038 0.799999
      vertex 23.5151 -2.15627 1.2
      vertex 23.7726 -2.12038 1.2
    endloop
  endfacet
  facet normal -0.138044 0.990426 0
    outer loop
      vertex 23.5151 -2.15627 1.2
      vertex 23.7726 -2.12038 0.799999
      vertex 23.5151 -2.15627 0.799999
    endloop
  endfacet
  facet normal -0.24357 0.969883 0
    outer loop
      vertex 24.0108 -2.06056 0.799999
      vertex 23.7726 -2.12038 1.2
      vertex 24.0108 -2.06056 1.2
    endloop
  endfacet
  facet normal -0.24357 0.969883 0
    outer loop
      vertex 23.7726 -2.12038 1.2
      vertex 24.0108 -2.06056 0.799999
      vertex 23.7726 -2.12038 0.799999
    endloop
  endfacet
  facet normal -0.357081 0.934074 0
    outer loop
      vertex 24.2298 -1.97684 0.799999
      vertex 24.0108 -2.06056 1.2
      vertex 24.2298 -1.97684 1.2
    endloop
  endfacet
  facet normal -0.357081 0.934074 0
    outer loop
      vertex 24.0108 -2.06056 1.2
      vertex 24.2298 -1.97684 0.799999
      vertex 24.0108 -2.06056 0.799999
    endloop
  endfacet
  facet normal -0.47476 0.880115 0
    outer loop
      vertex 24.4294 -1.86917 0.799999
      vertex 24.2298 -1.97684 1.2
      vertex 24.4294 -1.86917 1.2
    endloop
  endfacet
  facet normal -0.47476 0.880115 0
    outer loop
      vertex 24.2298 -1.97684 1.2
      vertex 24.4294 -1.86917 0.799999
      vertex 24.2298 -1.97684 0.799999
    endloop
  endfacet
  facet normal -0.589284 0.807926 0
    outer loop
      vertex 24.6098 -1.73759 0.799999
      vertex 24.4294 -1.86917 1.2
      vertex 24.6098 -1.73759 1.2
    endloop
  endfacet
  facet normal -0.589284 0.807926 0
    outer loop
      vertex 24.4294 -1.86917 1.2
      vertex 24.6098 -1.73759 0.799999
      vertex 24.4294 -1.86917 0.799999
    endloop
  endfacet
  facet normal -0.694514 0.719479 0
    outer loop
      vertex 24.7709 -1.58208 0.799999
      vertex 24.6098 -1.73759 1.2
      vertex 24.7709 -1.58208 1.2
    endloop
  endfacet
  facet normal -0.694514 0.719479 0
    outer loop
      vertex 24.6098 -1.73759 1.2
      vertex 24.7709 -1.58208 0.799999
      vertex 24.6098 -1.73759 0.799999
    endloop
  endfacet
  facet normal -0.784575 0.620034 0
    outer loop
      vertex 24.7709 -1.58208 0.799999
      vertex 24.9127 -1.40265 1.2
      vertex 24.9127 -1.40265 0.799999
    endloop
  endfacet
  facet normal -0.784575 0.620034 0
    outer loop
      vertex 24.9127 -1.40265 1.2
      vertex 24.7709 -1.58208 0.799999
      vertex 24.7709 -1.58208 1.2
    endloop
  endfacet
  facet normal -0.856581 0.516013 0
    outer loop
      vertex 24.9127 -1.40265 0.799999
      vertex 25.0352 -1.1993 1.2
      vertex 25.0352 -1.1993 0.799999
    endloop
  endfacet
  facet normal -0.856581 0.516013 0
    outer loop
      vertex 25.0352 -1.1993 1.2
      vertex 24.9127 -1.40265 0.799999
      vertex 24.9127 -1.40265 1.2
    endloop
  endfacet
  facet normal -0.910545 0.413411 0
    outer loop
      vertex 25.0352 -1.1993 0.799999
      vertex 25.1384 -0.972 1.2
      vertex 25.1384 -0.972 0.799999
    endloop
  endfacet
  facet normal -0.910545 0.413411 0
    outer loop
      vertex 25.1384 -0.972 1.2
      vertex 25.0352 -1.1993 0.799999
      vertex 25.0352 -1.1993 1.2
    endloop
  endfacet
  facet normal -0.0864274 -0.996258 0
    outer loop
      vertex 24.0602 -0.878464 0.799999
      vertex 25.1384 -0.972 1.2
      vertex 24.0602 -0.878464 1.2
    endloop
  endfacet
  facet normal -0.0864274 -0.996258 -0
    outer loop
      vertex 25.1384 -0.972 1.2
      vertex 24.0602 -0.878464 0.799999
      vertex 25.1384 -0.972 0.799999
    endloop
  endfacet
  facet normal 0.939673 -0.342073 0
    outer loop
      vertex 24.0239 -0.97818 1.2
      vertex 24.0602 -0.878464 0.799999
      vertex 24.0602 -0.878464 1.2
    endloop
  endfacet
  facet normal 0.939673 -0.342073 0
    outer loop
      vertex 24.0602 -0.878464 0.799999
      vertex 24.0239 -0.97818 1.2
      vertex 24.0239 -0.97818 0.799999
    endloop
  endfacet
  facet normal 0.892458 -0.45113 0
    outer loop
      vertex 23.9788 -1.0674 1.2
      vertex 24.0239 -0.97818 0.799999
      vertex 24.0239 -0.97818 1.2
    endloop
  endfacet
  facet normal 0.892458 -0.45113 0
    outer loop
      vertex 24.0239 -0.97818 0.799999
      vertex 23.9788 -1.0674 1.2
      vertex 23.9788 -1.0674 0.799999
    endloop
  endfacet
  facet normal 0.82414 -0.566387 0
    outer loop
      vertex 23.9247 -1.14612 1.2
      vertex 23.9788 -1.0674 0.799999
      vertex 23.9788 -1.0674 1.2
    endloop
  endfacet
  facet normal 0.82414 -0.566387 0
    outer loop
      vertex 23.9788 -1.0674 0.799999
      vertex 23.9247 -1.14612 1.2
      vertex 23.9247 -1.14612 0.799999
    endloop
  endfacet
  facet normal 0.734217 -0.678914 0
    outer loop
      vertex 23.8616 -1.21436 1.2
      vertex 23.9247 -1.14612 0.799999
      vertex 23.9247 -1.14612 1.2
    endloop
  endfacet
  facet normal 0.734217 -0.678914 0
    outer loop
      vertex 23.9247 -1.14612 0.799999
      vertex 23.8616 -1.21436 1.2
      vertex 23.8616 -1.21436 0.799999
    endloop
  endfacet
  facet normal 0.625488 -0.780234 0
    outer loop
      vertex 23.7896 -1.27208 0.799999
      vertex 23.8616 -1.21436 1.2
      vertex 23.7896 -1.27208 1.2
    endloop
  endfacet
  facet normal 0.625488 -0.780234 0
    outer loop
      vertex 23.8616 -1.21436 1.2
      vertex 23.7896 -1.27208 0.799999
      vertex 23.8616 -1.21436 0.799999
    endloop
  endfacet
  facet normal 0.503791 -0.863825 0
    outer loop
      vertex 23.7086 -1.31932 0.799999
      vertex 23.7896 -1.27208 1.2
      vertex 23.7086 -1.31932 1.2
    endloop
  endfacet
  facet normal 0.503791 -0.863825 0
    outer loop
      vertex 23.7896 -1.27208 1.2
      vertex 23.7086 -1.31932 0.799999
      vertex 23.7896 -1.27208 0.799999
    endloop
  endfacet
  facet normal 0.378216 -0.925717 0
    outer loop
      vertex 23.6187 -1.35605 0.799999
      vertex 23.7086 -1.31932 1.2
      vertex 23.6187 -1.35605 1.2
    endloop
  endfacet
  facet normal 0.378216 -0.925717 0
    outer loop
      vertex 23.7086 -1.31932 1.2
      vertex 23.6187 -1.35605 0.799999
      vertex 23.7086 -1.31932 0.799999
    endloop
  endfacet
  facet normal 0.256688 -0.966494 0
    outer loop
      vertex 23.5199 -1.38229 0.799999
      vertex 23.6187 -1.35605 1.2
      vertex 23.5199 -1.38229 1.2
    endloop
  endfacet
  facet normal 0.256688 -0.966494 0
    outer loop
      vertex 23.6187 -1.35605 1.2
      vertex 23.5199 -1.38229 0.799999
      vertex 23.6187 -1.35605 0.799999
    endloop
  endfacet
  facet normal 0.144438 -0.989514 0
    outer loop
      vertex 23.412 -1.39804 0.799999
      vertex 23.5199 -1.38229 1.2
      vertex 23.412 -1.39804 1.2
    endloop
  endfacet
  facet normal 0.144438 -0.989514 0
    outer loop
      vertex 23.5199 -1.38229 1.2
      vertex 23.412 -1.39804 0.799999
      vertex 23.5199 -1.38229 0.799999
    endloop
  endfacet
  facet normal 0.0449417 -0.99899 0
    outer loop
      vertex 23.2953 -1.40329 0.799999
      vertex 23.412 -1.39804 1.2
      vertex 23.2953 -1.40329 1.2
    endloop
  endfacet
  facet normal 0.0449417 -0.99899 0
    outer loop
      vertex 23.412 -1.39804 1.2
      vertex 23.2953 -1.40329 0.799999
      vertex 23.412 -1.39804 0.799999
    endloop
  endfacet
  facet normal -0.0381561 -0.999272 0
    outer loop
      vertex 23.2094 -1.40001 0.799999
      vertex 23.2953 -1.40329 1.2
      vertex 23.2094 -1.40001 1.2
    endloop
  endfacet
  facet normal -0.0381561 -0.999272 -0
    outer loop
      vertex 23.2953 -1.40329 1.2
      vertex 23.2094 -1.40001 0.799999
      vertex 23.2953 -1.40329 0.799999
    endloop
  endfacet
  facet normal -0.119169 -0.992874 0
    outer loop
      vertex 23.1275 -1.39018 0.799999
      vertex 23.2094 -1.40001 1.2
      vertex 23.1275 -1.39018 1.2
    endloop
  endfacet
  facet normal -0.119169 -0.992874 -0
    outer loop
      vertex 23.2094 -1.40001 1.2
      vertex 23.1275 -1.39018 0.799999
      vertex 23.2094 -1.40001 0.799999
    endloop
  endfacet
  facet normal -0.205903 -0.978572 0
    outer loop
      vertex 23.0497 -1.37381 0.799999
      vertex 23.1275 -1.39018 1.2
      vertex 23.0497 -1.37381 1.2
    endloop
  endfacet
  facet normal -0.205903 -0.978572 -0
    outer loop
      vertex 23.1275 -1.39018 1.2
      vertex 23.0497 -1.37381 0.799999
      vertex 23.1275 -1.39018 0.799999
    endloop
  endfacet
  facet normal -0.296595 -0.955003 0
    outer loop
      vertex 22.9759 -1.35089 0.799999
      vertex 23.0497 -1.37381 1.2
      vertex 22.9759 -1.35089 1.2
    endloop
  endfacet
  facet normal -0.296595 -0.955003 -0
    outer loop
      vertex 23.0497 -1.37381 1.2
      vertex 22.9759 -1.35089 0.799999
      vertex 23.0497 -1.37381 0.799999
    endloop
  endfacet
  facet normal -0.389545 -0.921007 0
    outer loop
      vertex 22.9062 -1.32141 0.799999
      vertex 22.9759 -1.35089 1.2
      vertex 22.9062 -1.32141 1.2
    endloop
  endfacet
  facet normal -0.389545 -0.921007 -0
    outer loop
      vertex 22.9759 -1.35089 1.2
      vertex 22.9062 -1.32141 0.799999
      vertex 22.9759 -1.35089 0.799999
    endloop
  endfacet
  facet normal -0.480637 -0.876919 0
    outer loop
      vertex 22.8405 -1.2854 0.799999
      vertex 22.9062 -1.32141 1.2
      vertex 22.8405 -1.2854 1.2
    endloop
  endfacet
  facet normal -0.480637 -0.876919 -0
    outer loop
      vertex 22.9062 -1.32141 1.2
      vertex 22.8405 -1.2854 0.799999
      vertex 22.9062 -1.32141 0.799999
    endloop
  endfacet
  facet normal -0.567275 -0.823528 0
    outer loop
      vertex 22.7787 -1.24283 0.799999
      vertex 22.8405 -1.2854 1.2
      vertex 22.7787 -1.24283 1.2
    endloop
  endfacet
  facet normal -0.567275 -0.823528 -0
    outer loop
      vertex 22.8405 -1.2854 1.2
      vertex 22.7787 -1.24283 0.799999
      vertex 22.8405 -1.2854 0.799999
    endloop
  endfacet
  facet normal -0.648951 -0.76083 0
    outer loop
      vertex 22.7211 -1.1937 0.799999
      vertex 22.7787 -1.24283 1.2
      vertex 22.7211 -1.1937 1.2
    endloop
  endfacet
  facet normal -0.648951 -0.76083 -0
    outer loop
      vertex 22.7787 -1.24283 1.2
      vertex 22.7211 -1.1937 0.799999
      vertex 22.7787 -1.24283 0.799999
    endloop
  endfacet
  facet normal -0.719727 -0.694258 0
    outer loop
      vertex 22.7211 -1.1937 0.799999
      vertex 22.6674 -1.13803 1.2
      vertex 22.6674 -1.13803 0.799999
    endloop
  endfacet
  facet normal -0.719727 -0.694258 0
    outer loop
      vertex 22.6674 -1.13803 1.2
      vertex 22.7211 -1.1937 0.799999
      vertex 22.7211 -1.1937 1.2
    endloop
  endfacet
  facet normal -0.781947 -0.623345 0
    outer loop
      vertex 22.6674 -1.13803 0.799999
      vertex 22.6178 -1.07581 1.2
      vertex 22.6178 -1.07581 0.799999
    endloop
  endfacet
  facet normal -0.781947 -0.623345 0
    outer loop
      vertex 22.6178 -1.07581 1.2
      vertex 22.6674 -1.13803 0.799999
      vertex 22.6674 -1.13803 1.2
    endloop
  endfacet
  facet normal -0.835292 -0.549806 0
    outer loop
      vertex 22.6178 -1.07581 0.799999
      vertex 22.5726 -1.00714 1.2
      vertex 22.5726 -1.00714 0.799999
    endloop
  endfacet
  facet normal -0.835292 -0.549806 0
    outer loop
      vertex 22.5726 -1.00714 1.2
      vertex 22.6178 -1.07581 0.799999
      vertex 22.6178 -1.07581 1.2
    endloop
  endfacet
  facet normal -0.879813 -0.475321 0
    outer loop
      vertex 22.5726 -1.00714 0.799999
      vertex 22.5321 -0.932175 1.2
      vertex 22.5321 -0.932175 0.799999
    endloop
  endfacet
  facet normal -0.879813 -0.475321 0
    outer loop
      vertex 22.5321 -0.932175 1.2
      vertex 22.5726 -1.00714 0.799999
      vertex 22.5726 -1.00714 1.2
    endloop
  endfacet
  facet normal -0.915557 -0.402188 0
    outer loop
      vertex 22.5321 -0.932175 0.799999
      vertex 22.4964 -0.850906 1.2
      vertex 22.4964 -0.850906 0.799999
    endloop
  endfacet
  facet normal -0.915557 -0.402188 0
    outer loop
      vertex 22.4964 -0.850906 1.2
      vertex 22.5321 -0.932175 0.799999
      vertex 22.5321 -0.932175 1.2
    endloop
  endfacet
  facet normal -0.943032 -0.332702 0
    outer loop
      vertex 22.4964 -0.850906 0.799999
      vertex 22.4655 -0.763321 1.2
      vertex 22.4655 -0.763321 0.799999
    endloop
  endfacet
  facet normal -0.943032 -0.332702 0
    outer loop
      vertex 22.4655 -0.763321 1.2
      vertex 22.4964 -0.850906 0.799999
      vertex 22.4964 -0.850906 1.2
    endloop
  endfacet
  facet normal -0.963199 -0.268789 0
    outer loop
      vertex 22.4655 -0.763321 0.799999
      vertex 22.4393 -0.669434 1.2
      vertex 22.4393 -0.669434 0.799999
    endloop
  endfacet
  facet normal -0.963199 -0.268789 0
    outer loop
      vertex 22.4393 -0.669434 1.2
      vertex 22.4655 -0.763321 0.799999
      vertex 22.4655 -0.763321 1.2
    endloop
  endfacet
  facet normal -0.977947 -0.208853 0
    outer loop
      vertex 22.4393 -0.669434 0.799999
      vertex 22.4179 -0.569229 1.2
      vertex 22.4179 -0.569229 0.799999
    endloop
  endfacet
  facet normal -0.977947 -0.208853 0
    outer loop
      vertex 22.4179 -0.569229 1.2
      vertex 22.4393 -0.669434 0.799999
      vertex 22.4393 -0.669434 1.2
    endloop
  endfacet
  facet normal -0.987929 -0.154906 0
    outer loop
      vertex 22.4179 -0.569229 0.799999
      vertex 22.4012 -0.462723 1.2
      vertex 22.4012 -0.462723 0.799999
    endloop
  endfacet
  facet normal -0.987929 -0.154906 0
    outer loop
      vertex 22.4012 -0.462723 1.2
      vertex 22.4179 -0.569229 0.799999
      vertex 22.4179 -0.569229 1.2
    endloop
  endfacet
  facet normal -0.994482 -0.104907 0
    outer loop
      vertex 22.4012 -0.462723 0.799999
      vertex 22.3893 -0.349915 1.2
      vertex 22.3893 -0.349915 0.799999
    endloop
  endfacet
  facet normal -0.994482 -0.104907 0
    outer loop
      vertex 22.3893 -0.349915 1.2
      vertex 22.4012 -0.462723 0.799999
      vertex 22.4012 -0.462723 1.2
    endloop
  endfacet
  facet normal -0.998229 -0.0594952 0
    outer loop
      vertex 22.3893 -0.349915 0.799999
      vertex 22.3822 -0.230789 1.2
      vertex 22.3822 -0.230789 0.799999
    endloop
  endfacet
  facet normal -0.998229 -0.0594952 0
    outer loop
      vertex 22.3822 -0.230789 1.2
      vertex 22.3893 -0.349915 0.799999
      vertex 22.3893 -0.349915 1.2
    endloop
  endfacet
  facet normal -0.999817 -0.0191311 0
    outer loop
      vertex 22.3822 -0.230789 0.799999
      vertex 22.3798 -0.105362 1.2
      vertex 22.3798 -0.105362 0.799999
    endloop
  endfacet
  facet normal -0.999817 -0.0191311 0
    outer loop
      vertex 22.3798 -0.105362 1.2
      vertex 22.3822 -0.230789 0.799999
      vertex 22.3822 -0.230789 1.2
    endloop
  endfacet
  facet normal 0 1 -0
    outer loop
      vertex 25.2035 -0.105362 0.799999
      vertex 22.3798 -0.105362 1.2
      vertex 25.2035 -0.105362 1.2
    endloop
  endfacet
  facet normal 0 1 0
    outer loop
      vertex 22.3798 -0.105362 1.2
      vertex 25.2035 -0.105362 0.799999
      vertex 22.3798 -0.105362 0.799999
    endloop
  endfacet
  facet normal -1 0 0
    outer loop
      vertex 25.2035 -0.105362 0.799999
      vertex 25.2035 -0.0728455 1.2
      vertex 25.2035 -0.0728455 0.799999
    endloop
  endfacet
  facet normal -1 -0 0
    outer loop
      vertex 25.2035 -0.0728455 1.2
      vertex 25.2035 -0.105362 0.799999
      vertex 25.2035 -0.105362 1.2
    endloop
  endfacet
  facet normal -0.999777 -0.021125 0
    outer loop
      vertex 25.2035 -0.0728455 0.799999
      vertex 25.1985 0.163788 1.2
      vertex 25.1985 0.163788 0.799999
    endloop
  endfacet
  facet normal -0.999777 -0.021125 0
    outer loop
      vertex 25.1985 0.163788 1.2
      vertex 25.2035 -0.0728455 0.799999
      vertex 25.2035 -0.0728455 1.2
    endloop
  endfacet
  facet normal -0.997785 -0.0665217 0
    outer loop
      vertex 25.1985 0.163788 0.799999
      vertex 25.1835 0.388779 1.2
      vertex 25.1835 0.388779 0.799999
    endloop
  endfacet
  facet normal -0.997785 -0.0665217 0
    outer loop
      vertex 25.1835 0.388779 1.2
      vertex 25.1985 0.163788 0.799999
      vertex 25.1985 0.163788 1.2
    endloop
  endfacet
  facet normal -0.993201 -0.116408 0
    outer loop
      vertex 25.1835 0.388779 0.799999
      vertex 25.1585 0.602081 1.2
      vertex 25.1585 0.602081 0.799999
    endloop
  endfacet
  facet normal -0.993201 -0.116408 0
    outer loop
      vertex 25.1585 0.602081 1.2
      vertex 25.1835 0.388779 0.799999
      vertex 25.1835 0.388779 1.2
    endloop
  endfacet
  facet normal -0.985184 -0.171502 0
    outer loop
      vertex 25.1585 0.602081 0.799999
      vertex 25.1234 0.803711 1.2
      vertex 25.1234 0.803711 0.799999
    endloop
  endfacet
  facet normal -0.985184 -0.171502 0
    outer loop
      vertex 25.1234 0.803711 1.2
      vertex 25.1585 0.602081 0.799999
      vertex 25.1585 0.602081 1.2
    endloop
  endfacet
  facet normal -0.973064 -0.230534 0
    outer loop
      vertex 25.1234 0.803711 0.799999
      vertex 25.0784 0.993652 1.2
      vertex 25.0784 0.993652 0.799999
    endloop
  endfacet
  facet normal -0.973064 -0.230534 0
    outer loop
      vertex 25.0784 0.993652 1.2
      vertex 25.1234 0.803711 0.799999
      vertex 25.1234 0.803711 1.2
    endloop
  endfacet
  facet normal -0.955404 -0.295301 0
    outer loop
      vertex 25.0784 0.993652 0.799999
      vertex 25.0233 1.17192 1.2
      vertex 25.0233 1.17192 0.799999
    endloop
  endfacet
  facet normal -0.955404 -0.295301 0
    outer loop
      vertex 25.0233 1.17192 1.2
      vertex 25.0784 0.993652 0.799999
      vertex 25.0784 0.993652 1.2
    endloop
  endfacet
  facet normal -0.931605 -0.363471 0
    outer loop
      vertex 25.0233 1.17192 0.799999
      vertex 24.9583 1.33852 1.2
      vertex 24.9583 1.33852 0.799999
    endloop
  endfacet
  facet normal -0.931605 -0.363471 0
    outer loop
      vertex 24.9583 1.33852 1.2
      vertex 25.0233 1.17192 0.799999
      vertex 25.0233 1.17192 1.2
    endloop
  endfacet
  facet normal -0.899843 -0.436214 0
    outer loop
      vertex 24.9583 1.33852 0.799999
      vertex 24.8832 1.49344 1.2
      vertex 24.8832 1.49344 0.799999
    endloop
  endfacet
  facet normal -0.899843 -0.436214 0
    outer loop
      vertex 24.8832 1.49344 1.2
      vertex 24.9583 1.33852 0.799999
      vertex 24.9583 1.33852 1.2
    endloop
  endfacet
  facet normal -0.859704 -0.510793 0
    outer loop
      vertex 24.8832 1.49344 0.799999
      vertex 24.7981 1.63667 1.2
      vertex 24.7981 1.63667 0.799999
    endloop
  endfacet
  facet normal -0.859704 -0.510793 0
    outer loop
      vertex 24.7981 1.63667 1.2
      vertex 24.8832 1.49344 0.799999
      vertex 24.8832 1.49344 1.2
    endloop
  endfacet
  facet normal -0.810432 -0.585832 0
    outer loop
      vertex 24.7981 1.63667 0.799999
      vertex 24.703 1.76823 1.2
      vertex 24.703 1.76823 0.799999
    endloop
  endfacet
  facet normal -0.810432 -0.585832 0
    outer loop
      vertex 24.703 1.76823 1.2
      vertex 24.7981 1.63667 0.799999
      vertex 24.7981 1.63667 1.2
    endloop
  endfacet
  facet normal -0.752635 -0.658438 0
    outer loop
      vertex 24.703 1.76823 0.799999
      vertex 24.5985 1.88768 1.2
      vertex 24.5985 1.88768 0.799999
    endloop
  endfacet
  facet normal -0.752635 -0.658438 0
    outer loop
      vertex 24.5985 1.88768 1.2
      vertex 24.703 1.76823 0.799999
      vertex 24.703 1.76823 1.2
    endloop
  endfacet
  facet normal -0.685489 -0.728083 0
    outer loop
      vertex 24.485 1.99454 0.799999
      vertex 24.5985 1.88768 1.2
      vertex 24.485 1.99454 1.2
    endloop
  endfacet
  facet normal -0.685489 -0.728083 -0
    outer loop
      vertex 24.5985 1.88768 1.2
      vertex 24.485 1.99454 0.799999
      vertex 24.5985 1.88768 0.799999
    endloop
  endfacet
  facet normal -0.609992 -0.792408 0
    outer loop
      vertex 24.3625 2.08884 0.799999
      vertex 24.485 1.99454 1.2
      vertex 24.3625 2.08884 1.2
    endloop
  endfacet
  facet normal -0.609992 -0.792408 -0
    outer loop
      vertex 24.485 1.99454 1.2
      vertex 24.3625 2.08884 0.799999
      vertex 24.485 1.99454 0.799999
    endloop
  endfacet
  facet normal -0.528069 -0.849202 0
    outer loop
      vertex 24.2311 2.17055 0.799999
      vertex 24.3625 2.08884 1.2
      vertex 24.2311 2.17055 1.2
    endloop
  endfacet
  facet normal -0.528069 -0.849202 -0
    outer loop
      vertex 24.3625 2.08884 1.2
      vertex 24.2311 2.17055 0.799999
      vertex 24.3625 2.08884 0.799999
    endloop
  endfacet
  facet normal -0.441838 -0.897095 0
    outer loop
      vertex 24.0907 2.2397 0.799999
      vertex 24.2311 2.17055 1.2
      vertex 24.0907 2.2397 1.2
    endloop
  endfacet
  facet normal -0.441838 -0.897095 -0
    outer loop
      vertex 24.2311 2.17055 1.2
      vertex 24.0907 2.2397 0.799999
      vertex 24.2311 2.17055 0.799999
    endloop
  endfacet
  facet normal -0.354375 -0.935103 0
    outer loop
      vertex 23.9414 2.29628 0.799999
      vertex 24.0907 2.2397 1.2
      vertex 23.9414 2.29628 1.2
    endloop
  endfacet
  facet normal -0.354375 -0.935103 -0
    outer loop
      vertex 24.0907 2.2397 1.2
      vertex 23.9414 2.29628 0.799999
      vertex 24.0907 2.2397 0.799999
    endloop
  endfacet
  facet normal -0.267857 -0.963459 0
    outer loop
      vertex 23.7831 2.34029 0.799999
      vertex 23.9414 2.29628 1.2
      vertex 23.7831 2.34029 1.2
    endloop
  endfacet
  facet normal -0.267857 -0.963459 -0
    outer loop
      vertex 23.9414 2.29628 1.2
      vertex 23.7831 2.34029 0.799999
      vertex 23.9414 2.29628 0.799999
    endloop
  endfacet
  facet normal -0.184636 -0.982807 0
    outer loop
      vertex 23.6158 2.37172 0.799999
      vertex 23.7831 2.34029 1.2
      vertex 23.6158 2.37172 1.2
    endloop
  endfacet
  facet normal -0.184636 -0.982807 -0
    outer loop
      vertex 23.7831 2.34029 1.2
      vertex 23.6158 2.37172 0.799999
      vertex 23.7831 2.34029 0.799999
    endloop
  endfacet
  facet normal -0.106378 -0.994326 0
    outer loop
      vertex 23.4397 2.39056 0.799999
      vertex 23.6158 2.37172 1.2
      vertex 23.4397 2.39056 1.2
    endloop
  endfacet
  facet normal -0.106378 -0.994326 -0
    outer loop
      vertex 23.6158 2.37172 1.2
      vertex 23.4397 2.39056 0.799999
      vertex 23.6158 2.37172 0.799999
    endloop
  endfacet
  facet normal -0.0339437 -0.999424 0
    outer loop
      vertex 23.2545 2.39685 0.799999
      vertex 23.4397 2.39056 1.2
      vertex 23.2545 2.39685 1.2
    endloop
  endfacet
  facet normal -0.0339437 -0.999424 -0
    outer loop
      vertex 23.4397 2.39056 1.2
      vertex 23.2545 2.39685 0.799999
      vertex 23.4397 2.39056 0.799999
    endloop
  endfacet
  facet normal 0.0301924 -0.999544 0
    outer loop
      vertex 23.0605 2.39099 0.799999
      vertex 23.2545 2.39685 1.2
      vertex 23.0605 2.39099 1.2
    endloop
  endfacet
  facet normal 0.0301924 -0.999544 0
    outer loop
      vertex 23.2545 2.39685 1.2
      vertex 23.0605 2.39099 0.799999
      vertex 23.2545 2.39685 0.799999
    endloop
  endfacet
  facet normal 0.0944942 -0.995525 0
    outer loop
      vertex 22.8755 2.37343 0.799999
      vertex 23.0605 2.39099 1.2
      vertex 22.8755 2.37343 1.2
    endloop
  endfacet
  facet normal 0.0944942 -0.995525 0
    outer loop
      vertex 23.0605 2.39099 1.2
      vertex 22.8755 2.37343 0.799999
      vertex 23.0605 2.39099 0.799999
    endloop
  endfacet
  facet normal 0.164217 -0.986424 0
    outer loop
      vertex 22.6995 2.34413 0.799999
      vertex 22.8755 2.37343 1.2
      vertex 22.6995 2.34413 1.2
    endloop
  endfacet
  facet normal 0.164217 -0.986424 0
    outer loop
      vertex 22.8755 2.37343 1.2
      vertex 22.6995 2.34413 0.799999
      vertex 22.8755 2.37343 0.799999
    endloop
  endfacet
  facet normal 0.238618 -0.971113 0
    outer loop
      vertex 22.5326 2.30312 0.799999
      vertex 22.6995 2.34413 1.2
      vertex 22.5326 2.30312 1.2
    endloop
  endfacet
  facet normal 0.238618 -0.971113 0
    outer loop
      vertex 22.6995 2.34413 1.2
      vertex 22.5326 2.30312 0.799999
      vertex 22.6995 2.34413 0.799999
    endloop
  endfacet
  facet normal 0.316804 -0.948491 0
    outer loop
      vertex 22.3747 2.25038 0.799999
      vertex 22.5326 2.30312 1.2
      vertex 22.3747 2.25038 1.2
    endloop
  endfacet
  facet normal 0.316804 -0.948491 0
    outer loop
      vertex 22.5326 2.30312 1.2
      vertex 22.3747 2.25038 0.799999
      vertex 22.5326 2.30312 0.799999
    endloop
  endfacet
  facet normal 0.397227 -0.91772 0
    outer loop
      vertex 22.2258 2.18593 0.799999
      vertex 22.3747 2.25038 1.2
      vertex 22.2258 2.18593 1.2
    endloop
  endfacet
  facet normal 0.397227 -0.91772 0
    outer loop
      vertex 22.3747 2.25038 1.2
      vertex 22.2258 2.18593 0.799999
      vertex 22.3747 2.25038 0.799999
    endloop
  endfacet
  facet normal 0.478394 -0.878145 0
    outer loop
      vertex 22.086 2.10977 0.799999
      vertex 22.2258 2.18593 1.2
      vertex 22.086 2.10977 1.2
    endloop
  endfacet
  facet normal 0.478394 -0.878145 0
    outer loop
      vertex 22.2258 2.18593 1.2
      vertex 22.086 2.10977 0.799999
      vertex 22.2258 2.18593 0.799999
    endloop
  endfacet
  facet normal 0.557728 -0.830024 0
    outer loop
      vertex 21.9552 2.02188 0.799999
      vertex 22.086 2.10977 1.2
      vertex 21.9552 2.02188 1.2
    endloop
  endfacet
  facet normal 0.557728 -0.830024 0
    outer loop
      vertex 22.086 2.10977 1.2
      vertex 21.9552 2.02188 0.799999
      vertex 22.086 2.10977 0.799999
    endloop
  endfacet
  facet normal 0.633068 -0.774096 0
    outer loop
      vertex 21.8334 1.92227 0.799999
      vertex 21.9552 2.02188 1.2
      vertex 21.8334 1.92227 1.2
    endloop
  endfacet
  facet normal 0.633068 -0.774096 0
    outer loop
      vertex 21.9552 2.02188 1.2
      vertex 21.8334 1.92227 0.799999
      vertex 21.9552 2.02188 0.799999
    endloop
  endfacet
  facet normal 0.70239 -0.711792 0
    outer loop
      vertex 21.7206 1.81096 0.799999
      vertex 21.8334 1.92227 1.2
      vertex 21.7206 1.81096 1.2
    endloop
  endfacet
  facet normal 0.70239 -0.711792 0
    outer loop
      vertex 21.8334 1.92227 1.2
      vertex 21.7206 1.81096 0.799999
      vertex 21.8334 1.92227 0.799999
    endloop
  endfacet
  facet normal 0.765288 -0.643688 0
    outer loop
      vertex 21.6178 1.68874 1.2
      vertex 21.7206 1.81096 0.799999
      vertex 21.7206 1.81096 1.2
    endloop
  endfacet
  facet normal 0.765288 -0.643688 0
    outer loop
      vertex 21.7206 1.81096 0.799999
      vertex 21.6178 1.68874 1.2
      vertex 21.6178 1.68874 0.799999
    endloop
  endfacet
  facet normal 0.821067 -0.570832 0
    outer loop
      vertex 21.5258 1.55641 1.2
      vertex 21.6178 1.68874 0.799999
      vertex 21.6178 1.68874 1.2
    endloop
  endfacet
  facet normal 0.821067 -0.570832 0
    outer loop
      vertex 21.6178 1.68874 0.799999
      vertex 21.5258 1.55641 1.2
      vertex 21.5258 1.55641 0.799999
    endloop
  endfacet
  facet normal 0.868678 -0.495377 0
    outer loop
      vertex 21.4446 1.41402 1.2
      vertex 21.5258 1.55641 0.799999
      vertex 21.5258 1.55641 1.2
    endloop
  endfacet
  facet normal 0.868678 -0.495377 0
    outer loop
      vertex 21.5258 1.55641 0.799999
      vertex 21.4446 1.41402 1.2
      vertex 21.4446 1.41402 0.799999
    endloop
  endfacet
  facet normal 0.908151 -0.418643 0
    outer loop
      vertex 21.3743 1.26152 1.2
      vertex 21.4446 1.41402 0.799999
      vertex 21.4446 1.41402 1.2
    endloop
  endfacet
  facet normal 0.908151 -0.418643 0
    outer loop
      vertex 21.4446 1.41402 0.799999
      vertex 21.3743 1.26152 1.2
      vertex 21.3743 1.26152 0.799999
    endloop
  endfacet
  facet normal 0.939086 -0.343681 0
    outer loop
      vertex 21.3148 1.09894 1.2
      vertex 21.3743 1.26152 0.799999
      vertex 21.3743 1.26152 1.2
    endloop
  endfacet
  facet normal 0.939086 -0.343681 0
    outer loop
      vertex 21.3743 1.26152 0.799999
      vertex 21.3148 1.09894 1.2
      vertex 21.3148 1.09894 0.799999
    endloop
  endfacet
  facet normal 0.962452 -0.271451 0
    outer loop
      vertex 21.2661 0.92627 1.2
      vertex 21.3148 1.09894 0.799999
      vertex 21.3148 1.09894 1.2
    endloop
  endfacet
  facet normal 0.962452 -0.271451 0
    outer loop
      vertex 21.3148 1.09894 0.799999
      vertex 21.2661 0.92627 1.2
      vertex 21.2661 0.92627 0.799999
    endloop
  endfacet
  facet normal 0.979169 -0.203045 0
    outer loop
      vertex 21.2282 0.7435 1.2
      vertex 21.2661 0.92627 0.799999
      vertex 21.2661 0.92627 1.2
    endloop
  endfacet
  facet normal 0.979169 -0.203045 0
    outer loop
      vertex 21.2661 0.92627 0.799999
      vertex 21.2282 0.7435 1.2
      vertex 21.2282 0.7435 0.799999
    endloop
  endfacet
  facet normal 0.990271 -0.139152 0
    outer loop
      vertex 21.2011 0.550644 1.2
      vertex 21.2282 0.7435 0.799999
      vertex 21.2282 0.7435 1.2
    endloop
  endfacet
  facet normal 0.990271 -0.139152 0
    outer loop
      vertex 21.2282 0.7435 0.799999
      vertex 21.2011 0.550644 1.2
      vertex 21.2011 0.550644 0.799999
    endloop
  endfacet
  facet normal 0.996829 -0.0795726 0
    outer loop
      vertex 21.1849 0.347702 1.2
      vertex 21.2011 0.550644 0.799999
      vertex 21.2011 0.550644 1.2
    endloop
  endfacet
  facet normal 0.996829 -0.0795726 0
    outer loop
      vertex 21.2011 0.550644 0.799999
      vertex 21.1849 0.347702 1.2
      vertex 21.1849 0.347702 0.799999
    endloop
  endfacet
  facet normal 0.999679 -0.0253406 0
    outer loop
      vertex 21.1795 0.134674 1.2
      vertex 21.1849 0.347702 0.799999
      vertex 21.1849 0.347702 1.2
    endloop
  endfacet
  facet normal 0.999679 -0.0253406 0
    outer loop
      vertex 21.1849 0.347702 0.799999
      vertex 21.1795 0.134674 1.2
      vertex 21.1795 0.134674 0.799999
    endloop
  endfacet
  facet normal 0.99971 0.0240838 0
    outer loop
      vertex 21.1848 -0.0853271 1.2
      vertex 21.1795 0.134674 0.799999
      vertex 21.1795 0.134674 1.2
    endloop
  endfacet
  facet normal 0.99971 0.0240838 0
    outer loop
      vertex 21.1795 0.134674 0.799999
      vertex 21.1848 -0.0853271 1.2
      vertex 21.1848 -0.0853271 0.799999
    endloop
  endfacet
  facet normal 0.997089 0.0762487 0
    outer loop
      vertex 21.2008 -0.294556 1.2
      vertex 21.1848 -0.0853271 0.799999
      vertex 21.1848 -0.0853271 1.2
    endloop
  endfacet
  facet normal 0.997089 0.0762487 0
    outer loop
      vertex 21.1848 -0.0853271 0.799999
      vertex 21.2008 -0.294556 1.2
      vertex 21.2008 -0.294556 0.799999
    endloop
  endfacet
  facet normal 0.991137 0.132847 0
    outer loop
      vertex 21.2274 -0.493011 1.2
      vertex 21.2008 -0.294556 0.799999
      vertex 21.2008 -0.294556 1.2
    endloop
  endfacet
  facet normal 0.991137 0.132847 0
    outer loop
      vertex 21.2008 -0.294556 0.799999
      vertex 21.2274 -0.493011 1.2
      vertex 21.2274 -0.493011 0.799999
    endloop
  endfacet
  facet normal 0.980715 0.195445 0
    outer loop
      vertex 21.2648 -0.680679 1.2
      vertex 21.2274 -0.493011 0.799999
      vertex 21.2274 -0.493011 1.2
    endloop
  endfacet
  facet normal 0.980715 0.195445 0
    outer loop
      vertex 21.2274 -0.493011 0.799999
      vertex 21.2648 -0.680679 1.2
      vertex 21.2648 -0.680679 0.799999
    endloop
  endfacet
  facet normal 0.965239 0.261369 0
    outer loop
      vertex 21.3127 -0.857574 1.2
      vertex 21.2648 -0.680679 0.799999
      vertex 21.2648 -0.680679 1.2
    endloop
  endfacet
  facet normal 0.965239 0.261369 0
    outer loop
      vertex 21.2648 -0.680679 0.799999
      vertex 21.3127 -0.857574 1.2
      vertex 21.3127 -0.857574 0.799999
    endloop
  endfacet
  facet normal 0.942858 0.333195 0
    outer loop
      vertex 21.3714 -1.02368 1.2
      vertex 21.3127 -0.857574 0.799999
      vertex 21.3127 -0.857574 1.2
    endloop
  endfacet
  facet normal 0.942858 0.333195 0
    outer loop
      vertex 21.3127 -0.857574 0.799999
      vertex 21.3714 -1.02368 1.2
      vertex 21.3714 -1.02368 0.799999
    endloop
  endfacet
  facet normal 0.913443 0.406968 0
    outer loop
      vertex 21.4406 -1.179 1.2
      vertex 21.3714 -1.02368 0.799999
      vertex 21.3714 -1.02368 1.2
    endloop
  endfacet
  facet normal 0.913443 0.406968 0
    outer loop
      vertex 21.3714 -1.02368 0.799999
      vertex 21.4406 -1.179 1.2
      vertex 21.4406 -1.179 0.799999
    endloop
  endfacet
  facet normal 0.874941 0.484229 0
    outer loop
      vertex 21.5206 -1.32355 1.2
      vertex 21.4406 -1.179 0.799999
      vertex 21.4406 -1.179 1.2
    endloop
  endfacet
  facet normal 0.874941 0.484229 0
    outer loop
      vertex 21.4406 -1.179 0.799999
      vertex 21.5206 -1.32355 1.2
      vertex 21.5206 -1.32355 0.799999
    endloop
  endfacet
  facet normal 0.827952 0.560799 0
    outer loop
      vertex 21.6112 -1.45731 1.2
      vertex 21.5206 -1.32355 0.799999
      vertex 21.5206 -1.32355 1.2
    endloop
  endfacet
  facet normal 0.827952 0.560799 0
    outer loop
      vertex 21.5206 -1.32355 0.799999
      vertex 21.6112 -1.45731 1.2
      vertex 21.6112 -1.45731 0.799999
    endloop
  endfacet
  facet normal 0.771861 0.635791 0
    outer loop
      vertex 21.7125 -1.58029 1.2
      vertex 21.6112 -1.45731 0.799999
      vertex 21.6112 -1.45731 1.2
    endloop
  endfacet
  facet normal 0.771861 0.635791 0
    outer loop
      vertex 21.6112 -1.45731 0.799999
      vertex 21.7125 -1.58029 1.2
      vertex 21.7125 -1.58029 0.799999
    endloop
  endfacet
  facet normal 0.708723 0.705487 0
    outer loop
      vertex 21.8237 -1.692 1.2
      vertex 21.7125 -1.58029 0.799999
      vertex 21.7125 -1.58029 1.2
    endloop
  endfacet
  facet normal 0.708723 0.705487 0
    outer loop
      vertex 21.7125 -1.58029 0.799999
      vertex 21.8237 -1.692 1.2
      vertex 21.8237 -1.692 0.799999
    endloop
  endfacet
  facet normal 0.638738 0.769425 -0
    outer loop
      vertex 21.9441 -1.79195 0.799999
      vertex 21.8237 -1.692 1.2
      vertex 21.9441 -1.79195 1.2
    endloop
  endfacet
  facet normal 0.638738 0.769425 0
    outer loop
      vertex 21.8237 -1.692 1.2
      vertex 21.9441 -1.79195 0.799999
      vertex 21.8237 -1.692 0.799999
    endloop
  endfacet
  facet normal 0.56258 0.826743 -0
    outer loop
      vertex 22.0737 -1.88014 0.799999
      vertex 21.9441 -1.79195 1.2
      vertex 22.0737 -1.88014 1.2
    endloop
  endfacet
  facet normal 0.56258 0.826743 0
    outer loop
      vertex 21.9441 -1.79195 1.2
      vertex 22.0737 -1.88014 0.799999
      vertex 21.9441 -1.79195 0.799999
    endloop
  endfacet
  facet normal 0.482622 0.875829 -0
    outer loop
      vertex 22.2124 -1.95657 0.799999
      vertex 22.0737 -1.88014 1.2
      vertex 22.2124 -1.95657 1.2
    endloop
  endfacet
  facet normal 0.482622 0.875829 0
    outer loop
      vertex 22.0737 -1.88014 1.2
      vertex 22.2124 -1.95657 0.799999
      vertex 22.0737 -1.88014 0.799999
    endloop
  endfacet
  facet normal 0.400403 0.916339 -0
    outer loop
      vertex 22.3604 -2.02124 0.799999
      vertex 22.2124 -1.95657 1.2
      vertex 22.3604 -2.02124 1.2
    endloop
  endfacet
  facet normal 0.400403 0.916339 0
    outer loop
      vertex 22.2124 -1.95657 1.2
      vertex 22.3604 -2.02124 0.799999
      vertex 22.2124 -1.95657 0.799999
    endloop
  endfacet
  facet normal 0.319048 0.947739 -0
    outer loop
      vertex 22.5176 -2.07416 0.799999
      vertex 22.3604 -2.02124 1.2
      vertex 22.5176 -2.07416 1.2
    endloop
  endfacet
  facet normal 0.319048 0.947739 0
    outer loop
      vertex 22.3604 -2.02124 1.2
      vertex 22.5176 -2.07416 0.799999
      vertex 22.3604 -2.02124 0.799999
    endloop
  endfacet
  facet normal 0.240064 0.970757 -0
    outer loop
      vertex 22.684 -2.11531 0.799999
      vertex 22.5176 -2.07416 1.2
      vertex 22.684 -2.11531 1.2
    endloop
  endfacet
  facet normal 0.240064 0.970757 0
    outer loop
      vertex 22.5176 -2.07416 1.2
      vertex 22.684 -2.11531 0.799999
      vertex 22.5176 -2.07416 0.799999
    endloop
  endfacet
  facet normal 0.165128 0.986272 -0
    outer loop
      vertex 22.8596 -2.14471 0.799999
      vertex 22.684 -2.11531 1.2
      vertex 22.8596 -2.14471 1.2
    endloop
  endfacet
  facet normal 0.165128 0.986272 0
    outer loop
      vertex 22.684 -2.11531 1.2
      vertex 22.8596 -2.14471 0.799999
      vertex 22.684 -2.11531 0.799999
    endloop
  endfacet
  facet normal 0.0950736 0.99547 -0
    outer loop
      vertex 23.0443 -2.16235 0.799999
      vertex 22.8596 -2.14471 1.2
      vertex 23.0443 -2.16235 1.2
    endloop
  endfacet
  facet normal 0.0950736 0.99547 0
    outer loop
      vertex 22.8596 -2.14471 1.2
      vertex 23.0443 -2.16235 0.799999
      vertex 22.8596 -2.14471 0.799999
    endloop
  endfacet
  facet normal 0.0302954 0.999541 -0
    outer loop
      vertex 23.2383 -2.16823 0.799999
      vertex 23.0443 -2.16235 1.2
      vertex 23.2383 -2.16823 1.2
    endloop
  endfacet
  facet normal 0.0302954 0.999541 0
    outer loop
      vertex 23.0443 -2.16235 1.2
      vertex 23.2383 -2.16823 0.799999
      vertex 23.0443 -2.16235 0.799999
    endloop
  endfacet
  facet normal -0.0431678 0.999068 0
    outer loop
      vertex 23.5151 -2.15627 0.799999
      vertex 23.2383 -2.16823 1.2
      vertex 23.5151 -2.15627 1.2
    endloop
  endfacet
  facet normal -0.0431678 0.999068 0
    outer loop
      vertex 23.2383 -2.16823 1.2
      vertex 23.5151 -2.15627 0.799999
      vertex 23.2383 -2.16823 0.799999
    endloop
  endfacet
  facet normal -0.998961 0.0455624 0
    outer loop
      vertex 22.3879 0.610718 0.799999
      vertex 22.3924 0.709381 1.2
      vertex 22.3924 0.709381 0.799999
    endloop
  endfacet
  facet normal -0.998961 0.0455624 0
    outer loop
      vertex 22.3924 0.709381 1.2
      vertex 22.3879 0.610718 0.799999
      vertex 22.3879 0.610718 1.2
    endloop
  endfacet
  facet normal -0.995856 0.090939 0
    outer loop
      vertex 22.3924 0.709381 0.799999
      vertex 22.401 0.803558 1.2
      vertex 22.401 0.803558 0.799999
    endloop
  endfacet
  facet normal -0.995856 0.090939 0
    outer loop
      vertex 22.401 0.803558 1.2
      vertex 22.3924 0.709381 0.799999
      vertex 22.3924 0.709381 1.2
    endloop
  endfacet
  facet normal -0.990127 0.140174 0
    outer loop
      vertex 22.401 0.803558 0.799999
      vertex 22.4137 0.893265 1.2
      vertex 22.4137 0.893265 0.799999
    endloop
  endfacet
  facet normal -0.990127 0.140174 0
    outer loop
      vertex 22.4137 0.893265 1.2
      vertex 22.401 0.803558 0.799999
      vertex 22.401 0.803558 1.2
    endloop
  endfacet
  facet normal -0.981124 0.193382 0
    outer loop
      vertex 22.4137 0.893265 0.799999
      vertex 22.4305 0.9785 1.2
      vertex 22.4305 0.9785 0.799999
    endloop
  endfacet
  facet normal -0.981124 0.193382 0
    outer loop
      vertex 22.4305 0.9785 1.2
      vertex 22.4137 0.893265 0.799999
      vertex 22.4137 0.893265 1.2
    endloop
  endfacet
  facet normal -0.967823 0.251632 0
    outer loop
      vertex 22.4305 0.9785 0.799999
      vertex 22.4515 1.05927 1.2
      vertex 22.4515 1.05927 0.799999
    endloop
  endfacet
  facet normal -0.967823 0.251632 0
    outer loop
      vertex 22.4515 1.05927 1.2
      vertex 22.4305 0.9785 0.799999
      vertex 22.4305 0.9785 1.2
    endloop
  endfacet
  facet normal -0.950254 0.311477 0
    outer loop
      vertex 22.4515 1.05927 0.799999
      vertex 22.4765 1.13554 1.2
      vertex 22.4765 1.13554 0.799999
    endloop
  endfacet
  facet normal -0.950254 0.311477 0
    outer loop
      vertex 22.4765 1.13554 1.2
      vertex 22.4515 1.05927 0.799999
      vertex 22.4515 1.05927 1.2
    endloop
  endfacet
  facet normal -0.926344 0.376678 0
    outer loop
      vertex 22.4765 1.13554 0.799999
      vertex 22.5057 1.20735 1.2
      vertex 22.5057 1.20735 0.799999
    endloop
  endfacet
  facet normal -0.926344 0.376678 0
    outer loop
      vertex 22.5057 1.20735 1.2
      vertex 22.4765 1.13554 0.799999
      vertex 22.4765 1.13554 1.2
    endloop
  endfacet
  facet normal -0.896389 0.443269 0
    outer loop
      vertex 22.5057 1.20735 0.799999
      vertex 22.539 1.27469 1.2
      vertex 22.539 1.27469 0.799999
    endloop
  endfacet
  facet normal -0.896389 0.443269 0
    outer loop
      vertex 22.539 1.27469 1.2
      vertex 22.5057 1.20735 0.799999
      vertex 22.5057 1.20735 1.2
    endloop
  endfacet
  facet normal -0.859994 0.510305 0
    outer loop
      vertex 22.539 1.27469 0.799999
      vertex 22.5763 1.33755 1.2
      vertex 22.5763 1.33755 0.799999
    endloop
  endfacet
  facet normal -0.859994 0.510305 0
    outer loop
      vertex 22.5763 1.33755 1.2
      vertex 22.539 1.27469 0.799999
      vertex 22.539 1.27469 1.2
    endloop
  endfacet
  facet normal -0.815099 0.579322 0
    outer loop
      vertex 22.5763 1.33755 0.799999
      vertex 22.6178 1.39594 1.2
      vertex 22.6178 1.39594 0.799999
    endloop
  endfacet
  facet normal -0.815099 0.579322 0
    outer loop
      vertex 22.6178 1.39594 1.2
      vertex 22.5763 1.33755 0.799999
      vertex 22.5763 1.33755 1.2
    endloop
  endfacet
  facet normal -0.761629 0.648013 0
    outer loop
      vertex 22.6178 1.39594 0.799999
      vertex 22.6632 1.4493 1.2
      vertex 22.6632 1.4493 0.799999
    endloop
  endfacet
  facet normal -0.761629 0.648013 0
    outer loop
      vertex 22.6632 1.4493 1.2
      vertex 22.6178 1.39594 0.799999
      vertex 22.6178 1.39594 1.2
    endloop
  endfacet
  facet normal -0.696957 0.717113 0
    outer loop
      vertex 22.7123 1.49702 0.799999
      vertex 22.6632 1.4493 1.2
      vertex 22.7123 1.49702 1.2
    endloop
  endfacet
  facet normal -0.696957 0.717113 0
    outer loop
      vertex 22.6632 1.4493 1.2
      vertex 22.7123 1.49702 0.799999
      vertex 22.6632 1.4493 0.799999
    endloop
  endfacet
  facet normal -0.623611 0.781735 0
    outer loop
      vertex 22.7651 1.53914 0.799999
      vertex 22.7123 1.49702 1.2
      vertex 22.7651 1.53914 1.2
    endloop
  endfacet
  facet normal -0.623611 0.781735 0
    outer loop
      vertex 22.7123 1.49702 1.2
      vertex 22.7651 1.53914 0.799999
      vertex 22.7123 1.49702 0.799999
    endloop
  endfacet
  facet normal -0.54274 0.839901 0
    outer loop
      vertex 22.8216 1.57565 0.799999
      vertex 22.7651 1.53914 1.2
      vertex 22.8216 1.57565 1.2
    endloop
  endfacet
  facet normal -0.54274 0.839901 0
    outer loop
      vertex 22.7651 1.53914 1.2
      vertex 22.8216 1.57565 0.799999
      vertex 22.7651 1.53914 0.799999
    endloop
  endfacet
  facet normal -0.45653 0.889708 0
    outer loop
      vertex 22.8818 1.60654 0.799999
      vertex 22.8216 1.57565 1.2
      vertex 22.8818 1.60654 1.2
    endloop
  endfacet
  facet normal -0.45653 0.889708 0
    outer loop
      vertex 22.8216 1.57565 1.2
      vertex 22.8818 1.60654 0.799999
      vertex 22.8216 1.57565 0.799999
    endloop
  endfacet
  facet normal -0.36775 0.929925 0
    outer loop
      vertex 22.9457 1.63181 0.799999
      vertex 22.8818 1.60654 1.2
      vertex 22.9457 1.63181 1.2
    endloop
  endfacet
  facet normal -0.36775 0.929925 0
    outer loop
      vertex 22.8818 1.60654 1.2
      vertex 22.9457 1.63181 0.799999
      vertex 22.8818 1.60654 0.799999
    endloop
  endfacet
  facet normal -0.279127 0.960254 0
    outer loop
      vertex 23.0133 1.65146 0.799999
      vertex 22.9457 1.63181 1.2
      vertex 23.0133 1.65146 1.2
    endloop
  endfacet
  facet normal -0.279127 0.960254 0
    outer loop
      vertex 22.9457 1.63181 1.2
      vertex 23.0133 1.65146 0.799999
      vertex 22.9457 1.63181 0.799999
    endloop
  endfacet
  facet normal -0.193337 0.981132 0
    outer loop
      vertex 23.0846 1.66551 0.799999
      vertex 23.0133 1.65146 1.2
      vertex 23.0846 1.66551 1.2
    endloop
  endfacet
  facet normal -0.193337 0.981132 0
    outer loop
      vertex 23.0133 1.65146 1.2
      vertex 23.0846 1.66551 0.799999
      vertex 23.0133 1.65146 0.799999
    endloop
  endfacet
  facet normal -0.111566 0.993757 0
    outer loop
      vertex 23.1596 1.67393 0.799999
      vertex 23.0846 1.66551 1.2
      vertex 23.1596 1.67393 1.2
    endloop
  endfacet
  facet normal -0.111566 0.993757 0
    outer loop
      vertex 23.0846 1.66551 1.2
      vertex 23.1596 1.67393 0.799999
      vertex 23.0846 1.66551 0.799999
    endloop
  endfacet
  facet normal -0.0356825 0.999363 0
    outer loop
      vertex 23.2383 1.67674 0.799999
      vertex 23.1596 1.67393 1.2
      vertex 23.2383 1.67674 1.2
    endloop
  endfacet
  facet normal -0.0356825 0.999363 0
    outer loop
      vertex 23.1596 1.67393 1.2
      vertex 23.2383 1.67674 0.799999
      vertex 23.1596 1.67393 0.799999
    endloop
  endfacet
  facet normal 0.036009 0.999351 -0
    outer loop
      vertex 23.3124 1.67407 0.799999
      vertex 23.2383 1.67674 1.2
      vertex 23.3124 1.67407 1.2
    endloop
  endfacet
  facet normal 0.036009 0.999351 0
    outer loop
      vertex 23.2383 1.67674 1.2
      vertex 23.3124 1.67407 0.799999
      vertex 23.2383 1.67674 0.799999
    endloop
  endfacet
  facet normal 0.111674 0.993745 -0
    outer loop
      vertex 23.3835 1.66608 0.799999
      vertex 23.3124 1.67407 1.2
      vertex 23.3835 1.66608 1.2
    endloop
  endfacet
  facet normal 0.111674 0.993745 0
    outer loop
      vertex 23.3124 1.67407 1.2
      vertex 23.3835 1.66608 0.799999
      vertex 23.3124 1.67407 0.799999
    endloop
  endfacet
  facet normal 0.192502 0.981297 -0
    outer loop
      vertex 23.4514 1.65276 0.799999
      vertex 23.3835 1.66608 1.2
      vertex 23.4514 1.65276 1.2
    endloop
  endfacet
  facet normal 0.192502 0.981297 0
    outer loop
      vertex 23.3835 1.66608 1.2
      vertex 23.4514 1.65276 0.799999
      vertex 23.3835 1.66608 0.799999
    endloop
  endfacet
  facet normal 0.276461 0.961025 -0
    outer loop
      vertex 23.5163 1.63409 0.799999
      vertex 23.4514 1.65276 1.2
      vertex 23.5163 1.63409 1.2
    endloop
  endfacet
  facet normal 0.276461 0.961025 0
    outer loop
      vertex 23.4514 1.65276 1.2
      vertex 23.5163 1.63409 0.799999
      vertex 23.4514 1.65276 0.799999
    endloop
  endfacet
  facet normal 0.362257 0.932078 -0
    outer loop
      vertex 23.578 1.61011 0.799999
      vertex 23.5163 1.63409 1.2
      vertex 23.578 1.61011 1.2
    endloop
  endfacet
  facet normal 0.362257 0.932078 0
    outer loop
      vertex 23.5163 1.63409 1.2
      vertex 23.578 1.61011 0.799999
      vertex 23.5163 1.63409 0.799999
    endloop
  endfacet
  facet normal 0.446726 0.894671 -0
    outer loop
      vertex 23.6367 1.5808 0.799999
      vertex 23.578 1.61011 1.2
      vertex 23.6367 1.5808 1.2
    endloop
  endfacet
  facet normal 0.446726 0.894671 0
    outer loop
      vertex 23.578 1.61011 1.2
      vertex 23.6367 1.5808 0.799999
      vertex 23.578 1.61011 0.799999
    endloop
  endfacet
  facet normal 0.529011 0.848615 -0
    outer loop
      vertex 23.6923 1.54614 0.799999
      vertex 23.6367 1.5808 1.2
      vertex 23.6923 1.54614 1.2
    endloop
  endfacet
  facet normal 0.529011 0.848615 0
    outer loop
      vertex 23.6367 1.5808 1.2
      vertex 23.6923 1.54614 0.799999
      vertex 23.6367 1.5808 0.799999
    endloop
  endfacet
  facet normal 0.606582 0.795021 -0
    outer loop
      vertex 23.7447 1.50616 0.799999
      vertex 23.6923 1.54614 1.2
      vertex 23.7447 1.50616 1.2
    endloop
  endfacet
  facet normal 0.606582 0.795021 0
    outer loop
      vertex 23.6923 1.54614 1.2
      vertex 23.7447 1.50616 0.799999
      vertex 23.6923 1.54614 0.799999
    endloop
  endfacet
  facet normal 0.67586 0.73703 -0
    outer loop
      vertex 23.7941 1.46086 0.799999
      vertex 23.7447 1.50616 1.2
      vertex 23.7941 1.46086 1.2
    endloop
  endfacet
  facet normal 0.67586 0.73703 0
    outer loop
      vertex 23.7447 1.50616 1.2
      vertex 23.7941 1.46086 0.799999
      vertex 23.7447 1.50616 0.799999
    endloop
  endfacet
  facet normal 0.738025 0.674774 0
    outer loop
      vertex 23.8404 1.41022 1.2
      vertex 23.7941 1.46086 0.799999
      vertex 23.7941 1.46086 1.2
    endloop
  endfacet
  facet normal 0.738025 0.674774 0
    outer loop
      vertex 23.7941 1.46086 0.799999
      vertex 23.8404 1.41022 1.2
      vertex 23.8404 1.41022 0.799999
    endloop
  endfacet
  facet normal 0.793677 0.608339 0
    outer loop
      vertex 23.8833 1.35425 1.2
      vertex 23.8404 1.41022 0.799999
      vertex 23.8404 1.41022 1.2
    endloop
  endfacet
  facet normal 0.793677 0.608339 0
    outer loop
      vertex 23.8404 1.41022 0.799999
      vertex 23.8833 1.35425 1.2
      vertex 23.8833 1.35425 0.799999
    endloop
  endfacet
  facet normal 0.843718 0.536786 0
    outer loop
      vertex 23.9223 1.29295 1.2
      vertex 23.8833 1.35425 0.799999
      vertex 23.8833 1.35425 1.2
    endloop
  endfacet
  facet normal 0.843718 0.536786 0
    outer loop
      vertex 23.8833 1.35425 0.799999
      vertex 23.9223 1.29295 1.2
      vertex 23.9223 1.29295 0.799999
    endloop
  endfacet
  facet normal 0.884198 0.467113 0
    outer loop
      vertex 23.9575 1.22632 1.2
      vertex 23.9223 1.29295 0.799999
      vertex 23.9223 1.29295 1.2
    endloop
  endfacet
  facet normal 0.884198 0.467113 0
    outer loop
      vertex 23.9223 1.29295 0.799999
      vertex 23.9575 1.22632 1.2
      vertex 23.9575 1.22632 0.799999
    endloop
  endfacet
  facet normal 0.916522 0.399983 0
    outer loop
      vertex 23.9889 1.15437 1.2
      vertex 23.9575 1.22632 0.799999
      vertex 23.9575 1.22632 1.2
    endloop
  endfacet
  facet normal 0.916522 0.399983 0
    outer loop
      vertex 23.9575 1.22632 0.799999
      vertex 23.9889 1.15437 1.2
      vertex 23.9889 1.15437 0.799999
    endloop
  endfacet
  facet normal 0.942127 0.335255 0
    outer loop
      vertex 24.0164 1.07709 1.2
      vertex 23.9889 1.15437 0.799999
      vertex 23.9889 1.15437 1.2
    endloop
  endfacet
  facet normal 0.942127 0.335255 0
    outer loop
      vertex 23.9889 1.15437 0.799999
      vertex 24.0164 1.07709 1.2
      vertex 24.0164 1.07709 0.799999
    endloop
  endfacet
  facet normal 0.961242 0.275707 0
    outer loop
      vertex 24.0401 0.994461 1.2
      vertex 24.0164 1.07709 0.799999
      vertex 24.0164 1.07709 1.2
    endloop
  endfacet
  facet normal 0.961242 0.275707 0
    outer loop
      vertex 24.0164 1.07709 0.799999
      vertex 24.0401 0.994461 1.2
      vertex 24.0401 0.994461 0.799999
    endloop
  endfacet
  facet normal 0.975337 0.22072 0
    outer loop
      vertex 24.06 0.906525 1.2
      vertex 24.0401 0.994461 0.799999
      vertex 24.0401 0.994461 1.2
    endloop
  endfacet
  facet normal 0.975337 0.22072 0
    outer loop
      vertex 24.0401 0.994461 0.799999
      vertex 24.06 0.906525 1.2
      vertex 24.06 0.906525 0.799999
    endloop
  endfacet
  facet normal 0.985429 0.170089 0
    outer loop
      vertex 24.0761 0.813248 1.2
      vertex 24.06 0.906525 0.799999
      vertex 24.06 0.906525 1.2
    endloop
  endfacet
  facet normal 0.985429 0.170089 0
    outer loop
      vertex 24.06 0.906525 0.799999
      vertex 24.0761 0.813248 1.2
      vertex 24.0761 0.813248 0.799999
    endloop
  endfacet
  facet normal 0.992309 0.123783 0
    outer loop
      vertex 24.0884 0.714645 1.2
      vertex 24.0761 0.813248 0.799999
      vertex 24.0761 0.813248 1.2
    endloop
  endfacet
  facet normal 0.992309 0.123783 0
    outer loop
      vertex 24.0761 0.813248 0.799999
      vertex 24.0884 0.714645 1.2
      vertex 24.0884 0.714645 0.799999
    endloop
  endfacet
  facet normal 0.996749 0.0805632 0
    outer loop
      vertex 24.0968 0.610718 1.2
      vertex 24.0884 0.714645 0.799999
      vertex 24.0884 0.714645 1.2
    endloop
  endfacet
  facet normal 0.996749 0.0805632 0
    outer loop
      vertex 24.0884 0.714645 0.799999
      vertex 24.0968 0.610718 1.2
      vertex 24.0968 0.610718 0.799999
    endloop
  endfacet
  facet normal 0 -1 0
    outer loop
      vertex 22.3879 0.610718 0.799999
      vertex 24.0968 0.610718 1.2
      vertex 22.3879 0.610718 1.2
    endloop
  endfacet
  facet normal 0 -1 -0
    outer loop
      vertex 24.0968 0.610718 1.2
      vertex 22.3879 0.610718 0.799999
      vertex 24.0968 0.610718 0.799999
    endloop
  endfacet
  facet normal -0.055994 0.998431 0
    outer loop
      vertex -3.6601 -2.16049 0.799999
      vertex -3.76352 -2.16629 1.2
      vertex -3.6601 -2.16049 1.2
    endloop
  endfacet
  facet normal -0.055994 0.998431 0
    outer loop
      vertex -3.76352 -2.16629 1.2
      vertex -3.6601 -2.16049 0.799999
      vertex -3.76352 -2.16629 0.799999
    endloop
  endfacet
  facet normal -0.0949204 0.995485 0
    outer loop
      vertex -3.55879 -2.15083 0.799999
      vertex -3.6601 -2.16049 1.2
      vertex -3.55879 -2.15083 1.2
    endloop
  endfacet
  facet normal -0.0949204 0.995485 0
    outer loop
      vertex -3.6601 -2.16049 1.2
      vertex -3.55879 -2.15083 0.799999
      vertex -3.6601 -2.16049 0.799999
    endloop
  endfacet
  facet normal -0.13514 0.990827 0
    outer loop
      vertex -3.45959 -2.1373 0.799999
      vertex -3.55879 -2.15083 1.2
      vertex -3.45959 -2.1373 1.2
    endloop
  endfacet
  facet normal -0.13514 0.990827 0
    outer loop
      vertex -3.55879 -2.15083 1.2
      vertex -3.45959 -2.1373 0.799999
      vertex -3.55879 -2.15083 0.799999
    endloop
  endfacet
  facet normal -0.176243 0.984347 0
    outer loop
      vertex -3.36252 -2.11992 0.799999
      vertex -3.45959 -2.1373 1.2
      vertex -3.36252 -2.11992 1.2
    endloop
  endfacet
  facet normal -0.176243 0.984347 0
    outer loop
      vertex -3.45959 -2.1373 1.2
      vertex -3.36252 -2.11992 0.799999
      vertex -3.45959 -2.1373 0.799999
    endloop
  endfacet
  facet normal -0.218573 0.975821 0
    outer loop
      vertex -3.26756 -2.09865 0.799999
      vertex -3.36252 -2.11992 1.2
      vertex -3.26756 -2.09865 1.2
    endloop
  endfacet
  facet normal -0.218573 0.975821 0
    outer loop
      vertex -3.36252 -2.11992 1.2
      vertex -3.26756 -2.09865 0.799999
      vertex -3.36252 -2.11992 0.799999
    endloop
  endfacet
  facet normal -0.261155 0.965297 0
    outer loop
      vertex -3.17471 -2.07353 0.799999
      vertex -3.26756 -2.09865 1.2
      vertex -3.17471 -2.07353 1.2
    endloop
  endfacet
  facet normal -0.261155 0.965297 0
    outer loop
      vertex -3.26756 -2.09865 1.2
      vertex -3.17471 -2.07353 0.799999
      vertex -3.26756 -2.09865 0.799999
    endloop
  endfacet
  facet normal -0.30436 0.952557 0
    outer loop
      vertex -3.08398 -2.04454 0.799999
      vertex -3.17471 -2.07353 1.2
      vertex -3.08398 -2.04454 1.2
    endloop
  endfacet
  facet normal -0.30436 0.952557 0
    outer loop
      vertex -3.17471 -2.07353 1.2
      vertex -3.08398 -2.04454 0.799999
      vertex -3.17471 -2.07353 0.799999
    endloop
  endfacet
  facet normal -0.347642 0.937627 0
    outer loop
      vertex -2.99538 -2.01169 0.799999
      vertex -3.08398 -2.04454 1.2
      vertex -2.99538 -2.01169 1.2
    endloop
  endfacet
  facet normal -0.347642 0.937627 0
    outer loop
      vertex -3.08398 -2.04454 1.2
      vertex -2.99538 -2.01169 0.799999
      vertex -3.08398 -2.04454 0.799999
    endloop
  endfacet
  facet normal -0.390809 0.920472 0
    outer loop
      vertex -2.90887 -1.97496 0.799999
      vertex -2.99538 -2.01169 1.2
      vertex -2.90887 -1.97496 1.2
    endloop
  endfacet
  facet normal -0.390809 0.920472 0
    outer loop
      vertex -2.99538 -2.01169 1.2
      vertex -2.90887 -1.97496 0.799999
      vertex -2.99538 -2.01169 0.799999
    endloop
  endfacet
  facet normal -0.432958 0.901414 0
    outer loop
      vertex -2.82507 -1.93471 0.799999
      vertex -2.90887 -1.97496 1.2
      vertex -2.82507 -1.93471 1.2
    endloop
  endfacet
  facet normal -0.432958 0.901414 0
    outer loop
      vertex -2.90887 -1.97496 1.2
      vertex -2.82507 -1.93471 0.799999
      vertex -2.90887 -1.97496 0.799999
    endloop
  endfacet
  facet normal -0.475149 0.879905 0
    outer loop
      vertex -2.74457 -1.89124 0.799999
      vertex -2.82507 -1.93471 1.2
      vertex -2.74457 -1.89124 1.2
    endloop
  endfacet
  facet normal -0.475149 0.879905 0
    outer loop
      vertex -2.82507 -1.93471 1.2
      vertex -2.74457 -1.89124 0.799999
      vertex -2.82507 -1.93471 0.799999
    endloop
  endfacet
  facet normal -0.51754 0.855659 0
    outer loop
      vertex -2.66736 -1.84454 0.799999
      vertex -2.74457 -1.89124 1.2
      vertex -2.66736 -1.84454 1.2
    endloop
  endfacet
  facet normal -0.51754 0.855659 0
    outer loop
      vertex -2.74457 -1.89124 1.2
      vertex -2.66736 -1.84454 0.799999
      vertex -2.74457 -1.89124 0.799999
    endloop
  endfacet
  facet normal -0.559427 0.82888 0
    outer loop
      vertex -2.59344 -1.79465 0.799999
      vertex -2.66736 -1.84454 1.2
      vertex -2.59344 -1.79465 1.2
    endloop
  endfacet
  facet normal -0.559427 0.82888 0
    outer loop
      vertex -2.66736 -1.84454 1.2
      vertex -2.59344 -1.79465 0.799999
      vertex -2.66736 -1.84454 0.799999
    endloop
  endfacet
  facet normal -0.601176 0.799116 0
    outer loop
      vertex -2.52283 -1.74153 0.799999
      vertex -2.59344 -1.79465 1.2
      vertex -2.52283 -1.74153 1.2
    endloop
  endfacet
  facet normal -0.601176 0.799116 0
    outer loop
      vertex -2.59344 -1.79465 1.2
      vertex -2.52283 -1.74153 0.799999
      vertex -2.59344 -1.79465 0.799999
    endloop
  endfacet
  facet normal -0.641662 0.766987 0
    outer loop
      vertex -2.45551 -1.68521 0.799999
      vertex -2.52283 -1.74153 1.2
      vertex -2.45551 -1.68521 1.2
    endloop
  endfacet
  facet normal -0.641662 0.766987 0
    outer loop
      vertex -2.52283 -1.74153 1.2
      vertex -2.45551 -1.68521 0.799999
      vertex -2.52283 -1.74153 0.799999
    endloop
  endfacet
  facet normal -0.680964 0.732317 0
    outer loop
      vertex -2.39148 -1.62567 0.799999
      vertex -2.45551 -1.68521 1.2
      vertex -2.39148 -1.62567 1.2
    endloop
  endfacet
  facet normal -0.680964 0.732317 0
    outer loop
      vertex -2.45551 -1.68521 1.2
      vertex -2.39148 -1.62567 0.799999
      vertex -2.45551 -1.68521 0.799999
    endloop
  endfacet
  facet normal -0.718634 0.695389 0
    outer loop
      vertex -2.39148 -1.62567 0.799999
      vertex -2.33075 -1.56291 1.2
      vertex -2.33075 -1.56291 0.799999
    endloop
  endfacet
  facet normal -0.718634 0.695389 0
    outer loop
      vertex -2.33075 -1.56291 1.2
      vertex -2.39148 -1.62567 0.799999
      vertex -2.39148 -1.62567 1.2
    endloop
  endfacet
  facet normal -0.754189 0.656657 0
    outer loop
      vertex -2.33075 -1.56291 0.799999
      vertex -2.27332 -1.49695 1.2
      vertex -2.27332 -1.49695 0.799999
    endloop
  endfacet
  facet normal -0.754189 0.656657 0
    outer loop
      vertex -2.27332 -1.49695 1.2
      vertex -2.33075 -1.56291 0.799999
      vertex -2.33075 -1.56291 1.2
    endloop
  endfacet
  facet normal -0.787553 0.616247 0
    outer loop
      vertex -2.27332 -1.49695 0.799999
      vertex -2.21918 -1.42776 1.2
      vertex -2.21918 -1.42776 0.799999
    endloop
  endfacet
  facet normal -0.787553 0.616247 0
    outer loop
      vertex -2.21918 -1.42776 1.2
      vertex -2.27332 -1.49695 0.799999
      vertex -2.27332 -1.49695 1.2
    endloop
  endfacet
  facet normal -0.817939 0.575304 0
    outer loop
      vertex -2.21918 -1.42776 0.799999
      vertex -2.1687 -1.35599 1.2
      vertex -2.1687 -1.35599 0.799999
    endloop
  endfacet
  facet normal -0.817939 0.575304 0
    outer loop
      vertex -2.1687 -1.35599 1.2
      vertex -2.21918 -1.42776 0.799999
      vertex -2.21918 -1.42776 1.2
    endloop
  endfacet
  facet normal -0.846091 0.533038 0
    outer loop
      vertex -2.1687 -1.35599 0.799999
      vertex -2.12225 -1.28226 1.2
      vertex -2.12225 -1.28226 0.799999
    endloop
  endfacet
  facet normal -0.846091 0.533038 0
    outer loop
      vertex -2.12225 -1.28226 1.2
      vertex -2.1687 -1.35599 0.799999
      vertex -2.1687 -1.35599 1.2
    endloop
  endfacet
  facet normal -0.872439 0.488723 0
    outer loop
      vertex -2.12225 -1.28226 0.799999
      vertex -2.07985 -1.20657 1.2
      vertex -2.07985 -1.20657 0.799999
    endloop
  endfacet
  facet normal -0.872439 0.488723 0
    outer loop
      vertex -2.07985 -1.20657 1.2
      vertex -2.12225 -1.28226 0.799999
      vertex -2.12225 -1.28226 1.2
    endloop
  endfacet
  facet normal -0.896382 0.443283 0
    outer loop
      vertex -2.07985 -1.20657 0.799999
      vertex -2.04146 -1.12894 1.2
      vertex -2.04146 -1.12894 0.799999
    endloop
  endfacet
  facet normal -0.896382 0.443283 0
    outer loop
      vertex -2.04146 -1.12894 1.2
      vertex -2.07985 -1.20657 0.799999
      vertex -2.07985 -1.20657 1.2
    endloop
  endfacet
  facet normal -0.918098 0.396354 0
    outer loop
      vertex -2.04146 -1.12894 0.799999
      vertex -2.0071 -1.04935 1.2
      vertex -2.0071 -1.04935 0.799999
    endloop
  endfacet
  facet normal -0.918098 0.396354 0
    outer loop
      vertex -2.0071 -1.04935 1.2
      vertex -2.04146 -1.12894 0.799999
      vertex -2.04146 -1.12894 1.2
    endloop
  endfacet
  facet normal -0.937232 0.348706 0
    outer loop
      vertex -2.0071 -1.04935 0.799999
      vertex -1.97676 -0.967804 1.2
      vertex -1.97676 -0.967804 0.799999
    endloop
  endfacet
  facet normal -0.937232 0.348706 0
    outer loop
      vertex -1.97676 -0.967804 1.2
      vertex -2.0071 -1.04935 0.799999
      vertex -2.0071 -1.04935 1.2
    endloop
  endfacet
  facet normal -0.95377 0.300538 0
    outer loop
      vertex -1.97676 -0.967804 0.799999
      vertex -1.95045 -0.884308 1.2
      vertex -1.95045 -0.884308 0.799999
    endloop
  endfacet
  facet normal -0.95377 0.300538 0
    outer loop
      vertex -1.95045 -0.884308 1.2
      vertex -1.97676 -0.967804 0.799999
      vertex -1.97676 -0.967804 1.2
    endloop
  endfacet
  facet normal -0.967703 0.252093 0
    outer loop
      vertex -1.95045 -0.884308 0.799999
      vertex -1.92819 -0.798859 1.2
      vertex -1.92819 -0.798859 0.799999
    endloop
  endfacet
  facet normal -0.967703 0.252093 0
    outer loop
      vertex -1.92819 -0.798859 1.2
      vertex -1.95045 -0.884308 0.799999
      vertex -1.95045 -0.884308 1.2
    endloop
  endfacet
  facet normal -0.978896 0.204361 0
    outer loop
      vertex -1.92819 -0.798859 0.799999
      vertex -1.90994 -0.711441 1.2
      vertex -1.90994 -0.711441 0.799999
    endloop
  endfacet
  facet normal -0.978896 0.204361 0
    outer loop
      vertex -1.90994 -0.711441 1.2
      vertex -1.92819 -0.798859 0.799999
      vertex -1.92819 -0.798859 1.2
    endloop
  endfacet
  facet normal -0.987573 0.157163 0
    outer loop
      vertex -1.90994 -0.711441 0.799999
      vertex -1.89572 -0.622086 1.2
      vertex -1.89572 -0.622086 0.799999
    endloop
  endfacet
  facet normal -0.987573 0.157163 0
    outer loop
      vertex -1.89572 -0.622086 1.2
      vertex -1.90994 -0.711441 0.799999
      vertex -1.90994 -0.711441 1.2
    endloop
  endfacet
  facet normal -0.0460184 -0.998941 0
    outer loop
      vertex -3.04311 -0.569229 0.799999
      vertex -1.89572 -0.622086 1.2
      vertex -3.04311 -0.569229 1.2
    endloop
  endfacet
  facet normal -0.0460184 -0.998941 -0
    outer loop
      vertex -1.89572 -0.622086 1.2
      vertex -3.04311 -0.569229 0.799999
      vertex -1.89572 -0.622086 0.799999
    endloop
  endfacet
  facet normal 0.988296 -0.152551 0
    outer loop
      vertex -3.05536 -0.64859 1.2
      vertex -3.04311 -0.569229 0.799999
      vertex -3.04311 -0.569229 1.2
    endloop
  endfacet
  facet normal 0.988296 -0.152551 0
    outer loop
      vertex -3.04311 -0.569229 0.799999
      vertex -3.05536 -0.64859 1.2
      vertex -3.05536 -0.64859 0.799999
    endloop
  endfacet
  facet normal 0.979276 -0.202529 0
    outer loop
      vertex -3.07094 -0.723923 1.2
      vertex -3.05536 -0.64859 0.799999
      vertex -3.05536 -0.64859 1.2
    endloop
  endfacet
  facet normal 0.979276 -0.202529 0
    outer loop
      vertex -3.05536 -0.64859 0.799999
      vertex -3.07094 -0.723923 1.2
      vertex -3.07094 -0.723923 0.799999
    endloop
  endfacet
  facet normal 0.966553 -0.256468 0
    outer loop
      vertex -3.08986 -0.795227 1.2
      vertex -3.07094 -0.723923 0.799999
      vertex -3.07094 -0.723923 1.2
    endloop
  endfacet
  facet normal 0.966553 -0.256468 0
    outer loop
      vertex -3.07094 -0.723923 0.799999
      vertex -3.08986 -0.795227 1.2
      vertex -3.08986 -0.795227 0.799999
    endloop
  endfacet
  facet normal 0.949381 -0.314127 0
    outer loop
      vertex -3.11212 -0.862503 1.2
      vertex -3.08986 -0.795227 0.799999
      vertex -3.08986 -0.795227 1.2
    endloop
  endfacet
  facet normal 0.949381 -0.314127 0
    outer loop
      vertex -3.08986 -0.795227 0.799999
      vertex -3.11212 -0.862503 1.2
      vertex -3.11212 -0.862503 0.799999
    endloop
  endfacet
  facet normal 0.926898 -0.375314 0
    outer loop
      vertex -3.13773 -0.925751 1.2
      vertex -3.11212 -0.862503 0.799999
      vertex -3.11212 -0.862503 1.2
    endloop
  endfacet
  facet normal 0.926898 -0.375314 0
    outer loop
      vertex -3.11212 -0.862503 0.799999
      vertex -3.13773 -0.925751 1.2
      vertex -3.13773 -0.925751 0.799999
    endloop
  endfacet
  facet normal 0.898513 -0.438947 0
    outer loop
      vertex -3.16666 -0.98497 1.2
      vertex -3.13773 -0.925751 0.799999
      vertex -3.13773 -0.925751 1.2
    endloop
  endfacet
  facet normal 0.898513 -0.438947 0
    outer loop
      vertex -3.13773 -0.925751 0.799999
      vertex -3.16666 -0.98497 1.2
      vertex -3.16666 -0.98497 0.799999
    endloop
  endfacet
  facet normal 0.863398 -0.504523 0
    outer loop
      vertex -3.19891 -1.04016 1.2
      vertex -3.16666 -0.98497 0.799999
      vertex -3.16666 -0.98497 1.2
    endloop
  endfacet
  facet normal 0.863398 -0.504523 0
    outer loop
      vertex -3.16666 -0.98497 0.799999
      vertex -3.19891 -1.04016 1.2
      vertex -3.19891 -1.04016 0.799999
    endloop
  endfacet
  facet normal 0.820781 -0.571243 0
    outer loop
      vertex -3.23453 -1.09134 1.2
      vertex -3.19891 -1.04016 0.799999
      vertex -3.19891 -1.04016 1.2
    endloop
  endfacet
  facet normal 0.820781 -0.571243 0
    outer loop
      vertex -3.19891 -1.04016 0.799999
      vertex -3.23453 -1.09134 1.2
      vertex -3.23453 -1.09134 0.799999
    endloop
  endfacet
  facet normal 0.770909 -0.636945 0
    outer loop
      vertex -3.27347 -1.13847 1.2
      vertex -3.23453 -1.09134 0.799999
      vertex -3.23453 -1.09134 1.2
    endloop
  endfacet
  facet normal 0.770909 -0.636945 0
    outer loop
      vertex -3.23453 -1.09134 0.799999
      vertex -3.27347 -1.13847 1.2
      vertex -3.27347 -1.13847 0.799999
    endloop
  endfacet
  facet normal 0.714193 -0.699949 0
    outer loop
      vertex -3.31573 -1.18159 1.2
      vertex -3.27347 -1.13847 0.799999
      vertex -3.27347 -1.13847 1.2
    endloop
  endfacet
  facet normal 0.714193 -0.699949 0
    outer loop
      vertex -3.27347 -1.13847 0.799999
      vertex -3.31573 -1.18159 1.2
      vertex -3.31573 -1.18159 0.799999
    endloop
  endfacet
  facet normal 0.655148 -0.755501 0
    outer loop
      vertex -3.36075 -1.22063 0.799999
      vertex -3.31573 -1.18159 1.2
      vertex -3.36075 -1.22063 1.2
    endloop
  endfacet
  facet normal 0.655148 -0.755501 0
    outer loop
      vertex -3.31573 -1.18159 1.2
      vertex -3.36075 -1.22063 0.799999
      vertex -3.31573 -1.18159 0.799999
    endloop
  endfacet
  facet normal 0.59546 -0.803385 0
    outer loop
      vertex -3.40785 -1.25554 0.799999
      vertex -3.36075 -1.22063 1.2
      vertex -3.40785 -1.25554 1.2
    endloop
  endfacet
  facet normal 0.59546 -0.803385 0
    outer loop
      vertex -3.36075 -1.22063 1.2
      vertex -3.40785 -1.25554 0.799999
      vertex -3.36075 -1.22063 0.799999
    endloop
  endfacet
  facet normal 0.530556 -0.84765 0
    outer loop
      vertex -3.45709 -1.28636 0.799999
      vertex -3.40785 -1.25554 1.2
      vertex -3.45709 -1.28636 1.2
    endloop
  endfacet
  facet normal 0.530556 -0.84765 0
    outer loop
      vertex -3.40785 -1.25554 1.2
      vertex -3.45709 -1.28636 0.799999
      vertex -3.40785 -1.25554 0.799999
    endloop
  endfacet
  facet normal 0.461326 -0.887231 0
    outer loop
      vertex -3.50844 -1.31306 0.799999
      vertex -3.45709 -1.28636 1.2
      vertex -3.50844 -1.31306 1.2
    endloop
  endfacet
  facet normal 0.461326 -0.887231 0
    outer loop
      vertex -3.45709 -1.28636 1.2
      vertex -3.50844 -1.31306 0.799999
      vertex -3.45709 -1.28636 0.799999
    endloop
  endfacet
  facet normal 0.389381 -0.921077 0
    outer loop
      vertex -3.5619 -1.33566 0.799999
      vertex -3.50844 -1.31306 1.2
      vertex -3.5619 -1.33566 1.2
    endloop
  endfacet
  facet normal 0.389381 -0.921077 0
    outer loop
      vertex -3.50844 -1.31306 1.2
      vertex -3.5619 -1.33566 0.799999
      vertex -3.50844 -1.31306 0.799999
    endloop
  endfacet
  facet normal 0.315818 -0.94882 0
    outer loop
      vertex -3.61748 -1.35416 0.799999
      vertex -3.5619 -1.33566 1.2
      vertex -3.61748 -1.35416 1.2
    endloop
  endfacet
  facet normal 0.315818 -0.94882 0
    outer loop
      vertex -3.5619 -1.33566 1.2
      vertex -3.61748 -1.35416 0.799999
      vertex -3.5619 -1.33566 0.799999
    endloop
  endfacet
  facet normal 0.241626 -0.97037 0
    outer loop
      vertex -3.67519 -1.36853 0.799999
      vertex -3.61748 -1.35416 1.2
      vertex -3.67519 -1.36853 1.2
    endloop
  endfacet
  facet normal 0.241626 -0.97037 0
    outer loop
      vertex -3.61748 -1.35416 1.2
      vertex -3.67519 -1.36853 0.799999
      vertex -3.61748 -1.35416 0.799999
    endloop
  endfacet
  facet normal 0.169421 -0.985544 0
    outer loop
      vertex -3.73499 -1.37881 0.799999
      vertex -3.67519 -1.36853 1.2
      vertex -3.73499 -1.37881 1.2
    endloop
  endfacet
  facet normal 0.169421 -0.985544 0
    outer loop
      vertex -3.67519 -1.36853 1.2
      vertex -3.73499 -1.37881 0.799999
      vertex -3.67519 -1.36853 0.799999
    endloop
  endfacet
  facet normal 0.0991378 -0.995074 0
    outer loop
      vertex -3.79692 -1.38498 0.799999
      vertex -3.73499 -1.37881 1.2
      vertex -3.79692 -1.38498 1.2
    endloop
  endfacet
  facet normal 0.0991378 -0.995074 0
    outer loop
      vertex -3.73499 -1.37881 1.2
      vertex -3.79692 -1.38498 0.799999
      vertex -3.73499 -1.37881 0.799999
    endloop
  endfacet
  facet normal 0.0318389 -0.999493 0
    outer loop
      vertex -3.86096 -1.38702 0.799999
      vertex -3.79692 -1.38498 1.2
      vertex -3.86096 -1.38702 1.2
    endloop
  endfacet
  facet normal 0.0318389 -0.999493 0
    outer loop
      vertex -3.79692 -1.38498 1.2
      vertex -3.86096 -1.38702 0.799999
      vertex -3.79692 -1.38498 0.799999
    endloop
  endfacet
  facet normal -0.0886799 -0.99606 0
    outer loop
      vertex -4.0318 -1.37181 0.799999
      vertex -3.86096 -1.38702 1.2
      vertex -4.0318 -1.37181 1.2
    endloop
  endfacet
  facet normal -0.0886799 -0.99606 -0
    outer loop
      vertex -3.86096 -1.38702 1.2
      vertex -4.0318 -1.37181 0.799999
      vertex -3.86096 -1.38702 0.799999
    endloop
  endfacet
  facet normal -0.286151 -0.958184 0
    outer loop
      vertex -4.18466 -1.32616 0.799999
      vertex -4.0318 -1.37181 1.2
      vertex -4.18466 -1.32616 1.2
    endloop
  endfacet
  facet normal -0.286151 -0.958184 -0
    outer loop
      vertex -4.0318 -1.37181 1.2
      vertex -4.18466 -1.32616 0.799999
      vertex -4.0318 -1.37181 0.799999
    endloop
  endfacet
  facet normal -0.491319 -0.87098 0
    outer loop
      vertex -4.31953 -1.25008 0.799999
      vertex -4.18466 -1.32616 1.2
      vertex -4.31953 -1.25008 1.2
    endloop
  endfacet
  facet normal -0.491319 -0.87098 -0
    outer loop
      vertex -4.18466 -1.32616 1.2
      vertex -4.31953 -1.25008 0.799999
      vertex -4.18466 -1.32616 0.799999
    endloop
  endfacet
  facet normal -0.673594 -0.739101 0
    outer loop
      vertex -4.43642 -1.14355 0.799999
      vertex -4.31953 -1.25008 1.2
      vertex -4.43642 -1.14355 1.2
    endloop
  endfacet
  facet normal -0.673594 -0.739101 -0
    outer loop
      vertex -4.31953 -1.25008 1.2
      vertex -4.43642 -1.14355 0.799999
      vertex -4.31953 -1.25008 0.799999
    endloop
  endfacet
  facet normal -0.810723 -0.58543 0
    outer loop
      vertex -4.43642 -1.14355 0.799999
      vertex -4.53532 -1.00659 1.2
      vertex -4.53532 -1.00659 0.799999
    endloop
  endfacet
  facet normal -0.810723 -0.58543 0
    outer loop
      vertex -4.53532 -1.00659 1.2
      vertex -4.43642 -1.14355 0.799999
      vertex -4.43642 -1.14355 1.2
    endloop
  endfacet
  facet normal -0.900272 -0.435327 0
    outer loop
      vertex -4.53532 -1.00659 0.799999
      vertex -4.61626 -0.839203 1.2
      vertex -4.61626 -0.839203 0.799999
    endloop
  endfacet
  facet normal -0.900272 -0.435327 0
    outer loop
      vertex -4.61626 -0.839203 1.2
      vertex -4.53532 -1.00659 0.799999
      vertex -4.53532 -1.00659 1.2
    endloop
  endfacet
  facet normal -0.952927 -0.303199 0
    outer loop
      vertex -4.61626 -0.839203 0.799999
      vertex -4.6792 -0.641388 1.2
      vertex -4.6792 -0.641388 0.799999
    endloop
  endfacet
  facet normal -0.952927 -0.303199 0
    outer loop
      vertex -4.6792 -0.641388 1.2
      vertex -4.61626 -0.839203 0.799999
      vertex -4.61626 -0.839203 1.2
    endloop
  endfacet
  facet normal -0.981156 -0.193217 0
    outer loop
      vertex -4.6792 -0.641388 0.799999
      vertex -4.72415 -0.413132 1.2
      vertex -4.72415 -0.413132 0.799999
    endloop
  endfacet
  facet normal -0.981156 -0.193217 0
    outer loop
      vertex -4.72415 -0.413132 1.2
      vertex -4.6792 -0.641388 0.799999
      vertex -4.6792 -0.641388 1.2
    endloop
  endfacet
  facet normal -0.994606 -0.103729 0
    outer loop
      vertex -4.72415 -0.413132 0.799999
      vertex -4.75113 -0.154434 1.2
      vertex -4.75113 -0.154434 0.799999
    endloop
  endfacet
  facet normal -0.994606 -0.103729 0
    outer loop
      vertex -4.75113 -0.154434 1.2
      vertex -4.72415 -0.413132 0.799999
      vertex -4.72415 -0.413132 1.2
    endloop
  endfacet
  facet normal -0.999517 -0.0310806 0
    outer loop
      vertex -4.75113 -0.154434 0.799999
      vertex -4.76012 0.134674 1.2
      vertex -4.76012 0.134674 0.799999
    endloop
  endfacet
  facet normal -0.999517 -0.0310806 0
    outer loop
      vertex -4.76012 0.134674 1.2
      vertex -4.75113 -0.154434 0.799999
      vertex -4.75113 -0.154434 1.2
    endloop
  endfacet
  facet normal -0.999506 0.0314144 0
    outer loop
      vertex -4.76012 0.134674 0.799999
      vertex -4.7513 0.415298 1.2
      vertex -4.7513 0.415298 0.799999
    endloop
  endfacet
  facet normal -0.999506 0.0314144 0
    outer loop
      vertex -4.7513 0.415298 1.2
      vertex -4.76012 0.134674 0.799999
      vertex -4.76012 0.134674 1.2
    endloop
  endfacet
  facet normal -0.994481 0.10492 0
    outer loop
      vertex -4.7513 0.415298 0.799999
      vertex -4.72481 0.666382 1.2
      vertex -4.72481 0.666382 0.799999
    endloop
  endfacet
  facet normal -0.994481 0.10492 0
    outer loop
      vertex -4.72481 0.666382 1.2
      vertex -4.7513 0.415298 0.799999
      vertex -4.7513 0.415298 1.2
    endloop
  endfacet
  facet normal -0.980715 0.195442 0
    outer loop
      vertex -4.72481 0.666382 0.799999
      vertex -4.68066 0.887924 1.2
      vertex -4.68066 0.887924 0.799999
    endloop
  endfacet
  facet normal -0.980715 0.195442 0
    outer loop
      vertex -4.68066 0.887924 1.2
      vertex -4.72481 0.666382 0.799999
      vertex -4.72481 0.666382 1.2
    endloop
  endfacet
  facet normal -0.951893 0.306431 0
    outer loop
      vertex -4.68066 0.887924 0.799999
      vertex -4.61885 1.07993 1.2
      vertex -4.61885 1.07993 0.799999
    endloop
  endfacet
  facet normal -0.951893 0.306431 0
    outer loop
      vertex -4.61885 1.07993 1.2
      vertex -4.68066 0.887924 0.799999
      vertex -4.68066 0.887924 1.2
    endloop
  endfacet
  facet normal -0.89834 0.4393 0
    outer loop
      vertex -4.61885 1.07993 0.799999
      vertex -4.5394 1.2424 1.2
      vertex -4.5394 1.2424 0.799999
    endloop
  endfacet
  facet normal -0.89834 0.4393 0
    outer loop
      vertex -4.5394 1.2424 1.2
      vertex -4.61885 1.07993 0.799999
      vertex -4.61885 1.07993 1.2
    endloop
  endfacet
  facet normal -0.807431 0.589962 0
    outer loop
      vertex -4.5394 1.2424 0.799999
      vertex -4.44228 1.37532 1.2
      vertex -4.44228 1.37532 0.799999
    endloop
  endfacet
  facet normal -0.807431 0.589962 0
    outer loop
      vertex -4.44228 1.37532 1.2
      vertex -4.5394 1.2424 0.799999
      vertex -4.5394 1.2424 1.2
    endloop
  endfacet
  facet normal -0.669279 0.743011 0
    outer loop
      vertex -4.3275 1.47871 0.799999
      vertex -4.44228 1.37532 1.2
      vertex -4.3275 1.47871 1.2
    endloop
  endfacet
  facet normal -0.669279 0.743011 0
    outer loop
      vertex -4.44228 1.37532 1.2
      vertex -4.3275 1.47871 0.799999
      vertex -4.44228 1.37532 0.799999
    endloop
  endfacet
  facet normal -0.487092 0.87335 0
    outer loop
      vertex -4.19507 1.55257 0.799999
      vertex -4.3275 1.47871 1.2
      vertex -4.19507 1.55257 1.2
    endloop
  endfacet
  facet normal -0.487092 0.87335 0
    outer loop
      vertex -4.3275 1.47871 1.2
      vertex -4.19507 1.55257 0.799999
      vertex -4.3275 1.47871 0.799999
    endloop
  endfacet
  facet normal -0.283007 0.959118 0
    outer loop
      vertex -4.04497 1.59686 0.799999
      vertex -4.19507 1.55257 1.2
      vertex -4.04497 1.59686 1.2
    endloop
  endfacet
  facet normal -0.283007 0.959118 0
    outer loop
      vertex -4.19507 1.55257 1.2
      vertex -4.04497 1.59686 0.799999
      vertex -4.19507 1.55257 0.799999
    endloop
  endfacet
  facet normal -0.0877032 0.996147 0
    outer loop
      vertex -3.87721 1.61163 0.799999
      vertex -4.04497 1.59686 1.2
      vertex -3.87721 1.61163 1.2
    endloop
  endfacet
  facet normal -0.0877032 0.996147 0
    outer loop
      vertex -4.04497 1.59686 1.2
      vertex -3.87721 1.61163 0.799999
      vertex -4.04497 1.59686 0.799999
    endloop
  endfacet
  facet normal 0.0287148 0.999588 -0
    outer loop
      vertex -3.80724 1.60962 0.799999
      vertex -3.87721 1.61163 1.2
      vertex -3.80724 1.60962 1.2
    endloop
  endfacet
  facet normal 0.0287148 0.999588 0
    outer loop
      vertex -3.87721 1.61163 1.2
      vertex -3.80724 1.60962 0.799999
      vertex -3.87721 1.61163 0.799999
    endloop
  endfacet
  facet normal 0.0901187 0.995931 -0
    outer loop
      vertex -3.74049 1.60358 0.799999
      vertex -3.80724 1.60962 1.2
      vertex -3.74049 1.60358 1.2
    endloop
  endfacet
  facet normal 0.0901187 0.995931 0
    outer loop
      vertex -3.80724 1.60962 1.2
      vertex -3.74049 1.60358 0.799999
      vertex -3.80724 1.60962 0.799999
    endloop
  endfacet
  facet normal 0.156698 0.987647 -0
    outer loop
      vertex -3.67702 1.59351 0.799999
      vertex -3.74049 1.60358 1.2
      vertex -3.67702 1.59351 1.2
    endloop
  endfacet
  facet normal 0.156698 0.987647 0
    outer loop
      vertex -3.74049 1.60358 1.2
      vertex -3.67702 1.59351 0.799999
      vertex -3.74049 1.60358 0.799999
    endloop
  endfacet
  facet normal 0.228012 0.973658 -0
    outer loop
      vertex -3.61681 1.57941 0.799999
      vertex -3.67702 1.59351 1.2
      vertex -3.61681 1.57941 1.2
    endloop
  endfacet
  facet normal 0.228012 0.973658 0
    outer loop
      vertex -3.67702 1.59351 1.2
      vertex -3.61681 1.57941 0.799999
      vertex -3.67702 1.59351 0.799999
    endloop
  endfacet
  facet normal 0.303204 0.952926 -0
    outer loop
      vertex -3.55983 1.56128 0.799999
      vertex -3.61681 1.57941 1.2
      vertex -3.55983 1.56128 1.2
    endloop
  endfacet
  facet normal 0.303204 0.952926 0
    outer loop
      vertex -3.61681 1.57941 1.2
      vertex -3.55983 1.56128 0.799999
      vertex -3.61681 1.57941 0.799999
    endloop
  endfacet
  facet normal 0.381399 0.924411 -0
    outer loop
      vertex -3.50612 1.53912 0.799999
      vertex -3.55983 1.56128 1.2
      vertex -3.50612 1.53912 1.2
    endloop
  endfacet
  facet normal 0.381399 0.924411 0
    outer loop
      vertex -3.55983 1.56128 1.2
      vertex -3.50612 1.53912 0.799999
      vertex -3.55983 1.56128 0.799999
    endloop
  endfacet
  facet normal 0.460605 0.887605 -0
    outer loop
      vertex -3.45567 1.51294 0.799999
      vertex -3.50612 1.53912 1.2
      vertex -3.45567 1.51294 1.2
    endloop
  endfacet
  facet normal 0.460605 0.887605 0
    outer loop
      vertex -3.50612 1.53912 1.2
      vertex -3.45567 1.51294 0.799999
      vertex -3.50612 1.53912 0.799999
    endloop
  endfacet
  facet normal 0.53916 0.842203 -0
    outer loop
      vertex -3.40848 1.48273 0.799999
      vertex -3.45567 1.51294 1.2
      vertex -3.40848 1.48273 1.2
    endloop
  endfacet
  facet normal 0.53916 0.842203 0
    outer loop
      vertex -3.45567 1.51294 1.2
      vertex -3.40848 1.48273 0.799999
      vertex -3.45567 1.51294 0.799999
    endloop
  endfacet
  facet normal 0.614574 0.788859 -0
    outer loop
      vertex -3.36453 1.44849 0.799999
      vertex -3.40848 1.48273 1.2
      vertex -3.36453 1.44849 1.2
    endloop
  endfacet
  facet normal 0.614574 0.788859 0
    outer loop
      vertex -3.40848 1.48273 1.2
      vertex -3.36453 1.44849 0.799999
      vertex -3.40848 1.48273 0.799999
    endloop
  endfacet
  facet normal 0.685113 0.728436 -0
    outer loop
      vertex -3.32384 1.41022 0.799999
      vertex -3.36453 1.44849 1.2
      vertex -3.32384 1.41022 1.2
    endloop
  endfacet
  facet normal 0.685113 0.728436 0
    outer loop
      vertex -3.36453 1.44849 1.2
      vertex -3.32384 1.41022 0.799999
      vertex -3.36453 1.44849 0.799999
    endloop
  endfacet
  facet normal 0.742194 0.670185 0
    outer loop
      vertex -3.28624 1.36858 1.2
      vertex -3.32384 1.41022 0.799999
      vertex -3.32384 1.41022 1.2
    endloop
  endfacet
  facet normal 0.742194 0.670185 0
    outer loop
      vertex -3.32384 1.41022 0.799999
      vertex -3.28624 1.36858 1.2
      vertex -3.28624 1.36858 0.799999
    endloop
  endfacet
  facet normal 0.788213 0.615403 0
    outer loop
      vertex -3.25159 1.3242 1.2
      vertex -3.28624 1.36858 0.799999
      vertex -3.28624 1.36858 1.2
    endloop
  endfacet
  facet normal 0.788213 0.615403 0
    outer loop
      vertex -3.28624 1.36858 0.799999
      vertex -3.25159 1.3242 1.2
      vertex -3.25159 1.3242 0.799999
    endloop
  endfacet
  facet normal 0.829277 0.558838 0
    outer loop
      vertex -3.21985 1.2771 1.2
      vertex -3.25159 1.3242 0.799999
      vertex -3.25159 1.3242 1.2
    endloop
  endfacet
  facet normal 0.829277 0.558838 0
    outer loop
      vertex -3.25159 1.3242 0.799999
      vertex -3.21985 1.2771 1.2
      vertex -3.21985 1.2771 0.799999
    endloop
  endfacet
  facet normal 0.865676 0.500605 0
    outer loop
      vertex -3.19104 1.22728 1.2
      vertex -3.21985 1.2771 0.799999
      vertex -3.21985 1.2771 1.2
    endloop
  endfacet
  facet normal 0.865676 0.500605 0
    outer loop
      vertex -3.21985 1.2771 0.799999
      vertex -3.19104 1.22728 1.2
      vertex -3.19104 1.22728 0.799999
    endloop
  endfacet
  facet normal 0.897244 0.441536 0
    outer loop
      vertex -3.16518 1.17473 1.2
      vertex -3.19104 1.22728 0.799999
      vertex -3.19104 1.22728 1.2
    endloop
  endfacet
  facet normal 0.897244 0.441536 0
    outer loop
      vertex -3.19104 1.22728 0.799999
      vertex -3.16518 1.17473 1.2
      vertex -3.16518 1.17473 0.799999
    endloop
  endfacet
  facet normal 0.923546 0.383488 0
    outer loop
      vertex -3.14223 1.11946 1.2
      vertex -3.16518 1.17473 0.799999
      vertex -3.16518 1.17473 1.2
    endloop
  endfacet
  facet normal 0.923546 0.383488 0
    outer loop
      vertex -3.16518 1.17473 0.799999
      vertex -3.14223 1.11946 1.2
      vertex -3.14223 1.11946 0.799999
    endloop
  endfacet
  facet normal 0.945272 0.326282 0
    outer loop
      vertex -3.12221 1.06146 1.2
      vertex -3.14223 1.11946 0.799999
      vertex -3.14223 1.11946 1.2
    endloop
  endfacet
  facet normal 0.945272 0.326282 0
    outer loop
      vertex -3.14223 1.11946 0.799999
      vertex -3.12221 1.06146 1.2
      vertex -3.12221 1.06146 0.799999
    endloop
  endfacet
  facet normal 0.962652 0.270741 0
    outer loop
      vertex -3.10513 1.00073 1.2
      vertex -3.12221 1.06146 0.799999
      vertex -3.12221 1.06146 1.2
    endloop
  endfacet
  facet normal 0.962652 0.270741 0
    outer loop
      vertex -3.12221 1.06146 0.799999
      vertex -3.10513 1.00073 1.2
      vertex -3.10513 1.00073 0.799999
    endloop
  endfacet
  facet normal 0.976052 0.217536 0
    outer loop
      vertex -3.09099 0.937286 1.2
      vertex -3.10513 1.00073 0.799999
      vertex -3.10513 1.00073 1.2
    endloop
  endfacet
  facet normal 0.976052 0.217536 0
    outer loop
      vertex -3.10513 1.00073 0.799999
      vertex -3.09099 0.937286 1.2
      vertex -3.09099 0.937286 0.799999
    endloop
  endfacet
  facet normal 0.985899 0.167341 0
    outer loop
      vertex -3.07976 0.871124 1.2
      vertex -3.09099 0.937286 0.799999
      vertex -3.09099 0.937286 1.2
    endloop
  endfacet
  facet normal 0.985899 0.167341 0
    outer loop
      vertex -3.09099 0.937286 0.799999
      vertex -3.07976 0.871124 1.2
      vertex -3.07976 0.871124 0.799999
    endloop
  endfacet
  facet normal -0.0493821 0.99878 0
    outer loop
      vertex -1.9283 0.928055 0.799999
      vertex -3.07976 0.871124 1.2
      vertex -1.9283 0.928055 1.2
    endloop
  endfacet
  facet normal -0.0493821 0.99878 0
    outer loop
      vertex -3.07976 0.871124 1.2
      vertex -1.9283 0.928055 0.799999
      vertex -3.07976 0.871124 0.799999
    endloop
  endfacet
  facet normal -0.976296 -0.216439 0
    outer loop
      vertex -1.9283 0.928055 0.799999
      vertex -1.95813 1.06261 1.2
      vertex -1.95813 1.06261 0.799999
    endloop
  endfacet
  facet normal -0.976296 -0.216439 0
    outer loop
      vertex -1.95813 1.06261 1.2
      vertex -1.9283 0.928055 0.799999
      vertex -1.9283 0.928055 1.2
    endloop
  endfacet
  facet normal -0.960263 -0.279097 0
    outer loop
      vertex -1.95813 1.06261 0.799999
      vertex -1.99551 1.19122 1.2
      vertex -1.99551 1.19122 0.799999
    endloop
  endfacet
  facet normal -0.960263 -0.279097 0
    outer loop
      vertex -1.99551 1.19122 1.2
      vertex -1.95813 1.06261 0.799999
      vertex -1.95813 1.06261 1.2
    endloop
  endfacet
  facet normal -0.938899 -0.344194 0
    outer loop
      vertex -1.99551 1.19122 0.799999
      vertex -2.04048 1.31389 1.2
      vertex -2.04048 1.31389 0.799999
    endloop
  endfacet
  facet normal -0.938899 -0.344194 0
    outer loop
      vertex -2.04048 1.31389 1.2
      vertex -1.99551 1.19122 0.799999
      vertex -1.99551 1.19122 1.2
    endloop
  endfacet
  facet normal -0.911946 -0.410309 0
    outer loop
      vertex -2.04048 1.31389 0.799999
      vertex -2.093 1.43062 1.2
      vertex -2.093 1.43062 0.799999
    endloop
  endfacet
  facet normal -0.911946 -0.410309 0
    outer loop
      vertex -2.093 1.43062 1.2
      vertex -2.04048 1.31389 0.799999
      vertex -2.04048 1.31389 1.2
    endloop
  endfacet
  facet normal -0.878964 -0.476889 0
    outer loop
      vertex -2.093 1.43062 0.799999
      vertex -2.15311 1.54141 1.2
      vertex -2.15311 1.54141 0.799999
    endloop
  endfacet
  facet normal -0.878964 -0.476889 0
    outer loop
      vertex -2.15311 1.54141 1.2
      vertex -2.093 1.43062 0.799999
      vertex -2.093 1.43062 1.2
    endloop
  endfacet
  facet normal -0.840279 -0.542154 0
    outer loop
      vertex -2.15311 1.54141 0.799999
      vertex -2.22076 1.64626 1.2
      vertex -2.22076 1.64626 0.799999
    endloop
  endfacet
  facet normal -0.840279 -0.542154 0
    outer loop
      vertex -2.22076 1.64626 1.2
      vertex -2.15311 1.54141 0.799999
      vertex -2.15311 1.54141 1.2
    endloop
  endfacet
  facet normal -0.795829 -0.605522 0
    outer loop
      vertex -2.22076 1.64626 0.799999
      vertex -2.29601 1.74516 1.2
      vertex -2.29601 1.74516 0.799999
    endloop
  endfacet
  facet normal -0.795829 -0.605522 0
    outer loop
      vertex -2.29601 1.74516 1.2
      vertex -2.22076 1.64626 0.799999
      vertex -2.22076 1.64626 1.2
    endloop
  endfacet
  facet normal -0.746771 -0.665081 0
    outer loop
      vertex -2.29601 1.74516 0.799999
      vertex -2.37881 1.83813 1.2
      vertex -2.37881 1.83813 0.799999
    endloop
  endfacet
  facet normal -0.746771 -0.665081 0
    outer loop
      vertex -2.37881 1.83813 1.2
      vertex -2.29601 1.74516 0.799999
      vertex -2.29601 1.74516 1.2
    endloop
  endfacet
  facet normal -0.693712 -0.720252 0
    outer loop
      vertex -2.46918 1.92517 0.799999
      vertex -2.37881 1.83813 1.2
      vertex -2.46918 1.92517 1.2
    endloop
  endfacet
  facet normal -0.693712 -0.720252 -0
    outer loop
      vertex -2.37881 1.83813 1.2
      vertex -2.46918 1.92517 0.799999
      vertex -2.37881 1.83813 0.799999
    endloop
  endfacet
  facet normal -0.637737 -0.770254 0
    outer loop
      vertex -2.56712 2.00626 0.799999
      vertex -2.46918 1.92517 1.2
      vertex -2.56712 2.00626 1.2
    endloop
  endfacet
  facet normal -0.637737 -0.770254 -0
    outer loop
      vertex -2.46918 1.92517 1.2
      vertex -2.56712 2.00626 0.799999
      vertex -2.46918 1.92517 0.799999
    endloop
  endfacet
  facet normal -0.579368 -0.815066 0
    outer loop
      vertex -2.67152 2.08047 0.799999
      vertex -2.56712 2.00626 1.2
      vertex -2.67152 2.08047 1.2
    endloop
  endfacet
  facet normal -0.579368 -0.815066 -0
    outer loop
      vertex -2.56712 2.00626 1.2
      vertex -2.67152 2.08047 0.799999
      vertex -2.56712 2.00626 0.799999
    endloop
  endfacet
  facet normal -0.51761 -0.855616 0
    outer loop
      vertex -2.78128 2.14687 0.799999
      vertex -2.67152 2.08047 1.2
      vertex -2.78128 2.14687 1.2
    endloop
  endfacet
  facet normal -0.51761 -0.855616 -0
    outer loop
      vertex -2.67152 2.08047 1.2
      vertex -2.78128 2.14687 0.799999
      vertex -2.67152 2.08047 0.799999
    endloop
  endfacet
  facet normal -0.453519 -0.891247 0
    outer loop
      vertex -2.89642 2.20546 0.799999
      vertex -2.78128 2.14687 1.2
      vertex -2.89642 2.20546 1.2
    endloop
  endfacet
  facet normal -0.453519 -0.891247 -0
    outer loop
      vertex -2.78128 2.14687 1.2
      vertex -2.89642 2.20546 0.799999
      vertex -2.78128 2.14687 0.799999
    endloop
  endfacet
  facet normal -0.388283 -0.92154 0
    outer loop
      vertex -3.01694 2.25624 0.799999
      vertex -2.89642 2.20546 1.2
      vertex -3.01694 2.25624 1.2
    endloop
  endfacet
  facet normal -0.388283 -0.92154 -0
    outer loop
      vertex -2.89642 2.20546 1.2
      vertex -3.01694 2.25624 0.799999
      vertex -2.89642 2.20546 0.799999
    endloop
  endfacet
  facet normal -0.323054 -0.946381 0
    outer loop
      vertex -3.14282 2.29921 0.799999
      vertex -3.01694 2.25624 1.2
      vertex -3.14282 2.29921 1.2
    endloop
  endfacet
  facet normal -0.323054 -0.946381 -0
    outer loop
      vertex -3.01694 2.25624 1.2
      vertex -3.14282 2.29921 0.799999
      vertex -3.01694 2.25624 0.799999
    endloop
  endfacet
  facet normal -0.258743 -0.965946 0
    outer loop
      vertex -3.27408 2.33437 0.799999
      vertex -3.14282 2.29921 1.2
      vertex -3.27408 2.33437 1.2
    endloop
  endfacet
  facet normal -0.258743 -0.965946 -0
    outer loop
      vertex -3.14282 2.29921 1.2
      vertex -3.27408 2.33437 0.799999
      vertex -3.14282 2.29921 0.799999
    endloop
  endfacet
  facet normal -0.196213 -0.980561 0
    outer loop
      vertex -3.41071 2.36171 0.799999
      vertex -3.27408 2.33437 1.2
      vertex -3.41071 2.36171 1.2
    endloop
  endfacet
  facet normal -0.196213 -0.980561 -0
    outer loop
      vertex -3.27408 2.33437 1.2
      vertex -3.41071 2.36171 0.799999
      vertex -3.27408 2.33437 0.799999
    endloop
  endfacet
  facet normal -0.136271 -0.990672 0
    outer loop
      vertex -3.55269 2.38124 0.799999
      vertex -3.41071 2.36171 1.2
      vertex -3.55269 2.38124 1.2
    endloop
  endfacet
  facet normal -0.136271 -0.990672 -0
    outer loop
      vertex -3.41071 2.36171 1.2
      vertex -3.55269 2.38124 0.799999
      vertex -3.41071 2.36171 0.799999
    endloop
  endfacet
  facet normal -0.079143 -0.996863 0
    outer loop
      vertex -3.70006 2.39294 0.799999
      vertex -3.55269 2.38124 1.2
      vertex -3.70006 2.39294 1.2
    endloop
  endfacet
  facet normal -0.079143 -0.996863 -0
    outer loop
      vertex -3.55269 2.38124 1.2
      vertex -3.70006 2.39294 0.799999
      vertex -3.55269 2.38124 0.799999
    endloop
  endfacet
  facet normal -0.0255907 -0.999673 0
    outer loop
      vertex -3.8528 2.39685 0.799999
      vertex -3.70006 2.39294 1.2
      vertex -3.8528 2.39685 1.2
    endloop
  endfacet
  facet normal -0.0255907 -0.999673 -0
    outer loop
      vertex -3.70006 2.39294 1.2
      vertex -3.8528 2.39685 0.799999
      vertex -3.70006 2.39294 0.799999
    endloop
  endfacet
  facet normal 0.0307632 -0.999527 0
    outer loop
      vertex -4.05002 2.39078 0.799999
      vertex -3.8528 2.39685 1.2
      vertex -4.05002 2.39078 1.2
    endloop
  endfacet
  facet normal 0.0307632 -0.999527 0
    outer loop
      vertex -3.8528 2.39685 1.2
      vertex -4.05002 2.39078 0.799999
      vertex -3.8528 2.39685 0.799999
    endloop
  endfacet
  facet normal 0.0966101 -0.995322 0
    outer loop
      vertex -4.23804 2.37253 0.799999
      vertex -4.05002 2.39078 1.2
      vertex -4.23804 2.37253 1.2
    endloop
  endfacet
  facet normal 0.0966101 -0.995322 0
    outer loop
      vertex -4.05002 2.39078 1.2
      vertex -4.23804 2.37253 0.799999
      vertex -4.05002 2.39078 0.799999
    endloop
  endfacet
  facet normal 0.167643 -0.985848 0
    outer loop
      vertex -4.41687 2.34212 0.799999
      vertex -4.23804 2.37253 1.2
      vertex -4.41687 2.34212 1.2
    endloop
  endfacet
  facet normal 0.167643 -0.985848 0
    outer loop
      vertex -4.23804 2.37253 1.2
      vertex -4.41687 2.34212 0.799999
      vertex -4.23804 2.37253 0.799999
    endloop
  endfacet
  facet normal 0.243518 -0.969896 0
    outer loop
      vertex -4.5865 2.29953 0.799999
      vertex -4.41687 2.34212 1.2
      vertex -4.5865 2.29953 1.2
    endloop
  endfacet
  facet normal 0.243518 -0.969896 0
    outer loop
      vertex -4.41687 2.34212 1.2
      vertex -4.5865 2.29953 0.799999
      vertex -4.41687 2.34212 0.799999
    endloop
  endfacet
  facet normal 0.32298 -0.946406 0
    outer loop
      vertex -4.74693 2.24478 0.799999
      vertex -4.5865 2.29953 1.2
      vertex -4.74693 2.24478 1.2
    endloop
  endfacet
  facet normal 0.32298 -0.946406 0
    outer loop
      vertex -4.5865 2.29953 1.2
      vertex -4.74693 2.24478 0.799999
      vertex -4.5865 2.29953 0.799999
    endloop
  endfacet
  facet normal 0.404561 -0.914511 0
    outer loop
      vertex -4.89818 2.17787 0.799999
      vertex -4.74693 2.24478 1.2
      vertex -4.89818 2.17787 1.2
    endloop
  endfacet
  facet normal 0.404561 -0.914511 0
    outer loop
      vertex -4.74693 2.24478 1.2
      vertex -4.89818 2.17787 0.799999
      vertex -4.74693 2.24478 0.799999
    endloop
  endfacet
  facet normal 0.48639 -0.873742 0
    outer loop
      vertex -5.04022 2.0988 0.799999
      vertex -4.89818 2.17787 1.2
      vertex -5.04022 2.0988 1.2
    endloop
  endfacet
  facet normal 0.48639 -0.873742 0
    outer loop
      vertex -4.89818 2.17787 1.2
      vertex -5.04022 2.0988 0.799999
      vertex -4.89818 2.17787 0.799999
    endloop
  endfacet
  facet normal 0.566173 -0.824286 0
    outer loop
      vertex -5.17307 2.00755 0.799999
      vertex -5.04022 2.0988 1.2
      vertex -5.17307 2.00755 1.2
    endloop
  endfacet
  facet normal 0.566173 -0.824286 0
    outer loop
      vertex -5.04022 2.0988 1.2
      vertex -5.17307 2.00755 0.799999
      vertex -5.04022 2.0988 0.799999
    endloop
  endfacet
  facet normal 0.641532 -0.767096 0
    outer loop
      vertex -5.29672 1.90414 0.799999
      vertex -5.17307 2.00755 1.2
      vertex -5.29672 1.90414 1.2
    endloop
  endfacet
  facet normal 0.641532 -0.767096 0
    outer loop
      vertex -5.17307 2.00755 1.2
      vertex -5.29672 1.90414 0.799999
      vertex -5.17307 2.00755 0.799999
    endloop
  endfacet
  facet normal 0.710511 -0.703686 0
    outer loop
      vertex -5.41118 1.78857 1.2
      vertex -5.29672 1.90414 0.799999
      vertex -5.29672 1.90414 1.2
    endloop
  endfacet
  facet normal 0.710511 -0.703686 0
    outer loop
      vertex -5.29672 1.90414 0.799999
      vertex -5.41118 1.78857 1.2
      vertex -5.41118 1.78857 0.799999
    endloop
  endfacet
  facet normal 0.771361 -0.636397 0
    outer loop
      vertex -5.51553 1.66209 1.2
      vertex -5.41118 1.78857 0.799999
      vertex -5.41118 1.78857 1.2
    endloop
  endfacet
  facet normal 0.771361 -0.636397 0
    outer loop
      vertex -5.41118 1.78857 0.799999
      vertex -5.51553 1.66209 1.2
      vertex -5.51553 1.66209 0.799999
    endloop
  endfacet
  facet normal 0.824604 -0.565711 0
    outer loop
      vertex -5.6089 1.52599 1.2
      vertex -5.51553 1.66209 0.799999
      vertex -5.51553 1.66209 1.2
    endloop
  endfacet
  facet normal 0.824604 -0.565711 0
    outer loop
      vertex -5.51553 1.66209 0.799999
      vertex -5.6089 1.52599 1.2
      vertex -5.6089 1.52599 0.799999
    endloop
  endfacet
  facet normal 0.870542 -0.492095 0
    outer loop
      vertex -5.6913 1.38022 1.2
      vertex -5.6089 1.52599 0.799999
      vertex -5.6089 1.52599 1.2
    endloop
  endfacet
  facet normal 0.870542 -0.492095 0
    outer loop
      vertex -5.6089 1.52599 0.799999
      vertex -5.6913 1.38022 1.2
      vertex -5.6913 1.38022 0.799999
    endloop
  endfacet
  facet normal 0.908677 -0.4175 0
    outer loop
      vertex -5.7627 1.22482 1.2
      vertex -5.6913 1.38022 0.799999
      vertex -5.6913 1.38022 1.2
    endloop
  endfacet
  facet normal 0.908677 -0.4175 0
    outer loop
      vertex -5.6913 1.38022 0.799999
      vertex -5.7627 1.22482 1.2
      vertex -5.7627 1.22482 0.799999
    endloop
  endfacet
  facet normal 0.939094 -0.343661 0
    outer loop
      vertex -5.8231 1.05977 1.2
      vertex -5.7627 1.22482 0.799999
      vertex -5.7627 1.22482 1.2
    endloop
  endfacet
  facet normal 0.939094 -0.343661 0
    outer loop
      vertex -5.7627 1.22482 0.799999
      vertex -5.8231 1.05977 1.2
      vertex -5.8231 1.05977 0.799999
    endloop
  endfacet
  facet normal 0.962204 -0.272328 0
    outer loop
      vertex -5.87254 0.885086 1.2
      vertex -5.8231 1.05977 0.799999
      vertex -5.8231 1.05977 1.2
    endloop
  endfacet
  facet normal 0.962204 -0.272328 0
    outer loop
      vertex -5.8231 1.05977 0.799999
      vertex -5.87254 0.885086 1.2
      vertex -5.87254 0.885086 0.799999
    endloop
  endfacet
  facet normal 0.978918 -0.204253 0
    outer loop
      vertex -5.911 0.70076 1.2
      vertex -5.87254 0.885086 0.799999
      vertex -5.87254 0.885086 1.2
    endloop
  endfacet
  facet normal 0.978918 -0.204253 0
    outer loop
      vertex -5.87254 0.885086 0.799999
      vertex -5.911 0.70076 1.2
      vertex -5.911 0.70076 0.799999
    endloop
  endfacet
  facet normal 0.990134 -0.140121 0
    outer loop
      vertex -5.93845 0.50679 1.2
      vertex -5.911 0.70076 0.799999
      vertex -5.911 0.70076 1.2
    endloop
  endfacet
  facet normal 0.990134 -0.140121 0
    outer loop
      vertex -5.911 0.70076 0.799999
      vertex -5.93845 0.50679 1.2
      vertex -5.93845 0.50679 0.799999
    endloop
  endfacet
  facet normal 0.996741 -0.080674 0
    outer loop
      vertex -5.95493 0.303177 1.2
      vertex -5.93845 0.50679 0.799999
      vertex -5.93845 0.50679 1.2
    endloop
  endfacet
  facet normal 0.996741 -0.080674 0
    outer loop
      vertex -5.93845 0.50679 0.799999
      vertex -5.95493 0.303177 1.2
      vertex -5.95493 0.303177 0.799999
    endloop
  endfacet
  facet normal 0.999669 -0.0257351 0
    outer loop
      vertex -5.96042 0.08992 1.2
      vertex -5.95493 0.303177 0.799999
      vertex -5.95493 0.303177 1.2
    endloop
  endfacet
  facet normal 0.999669 -0.0257351 0
    outer loop
      vertex -5.95493 0.303177 0.799999
      vertex -5.96042 0.08992 1.2
      vertex -5.96042 0.08992 0.799999
    endloop
  endfacet
  facet normal 0.999659 0.0261307 0
    outer loop
      vertex -5.95497 -0.118576 1.2
      vertex -5.96042 0.08992 0.799999
      vertex -5.96042 0.08992 1.2
    endloop
  endfacet
  facet normal 0.999659 0.0261307 0
    outer loop
      vertex -5.96042 0.08992 0.799999
      vertex -5.95497 -0.118576 1.2
      vertex -5.95497 -0.118576 0.799999
    endloop
  endfacet
  facet normal 0.996641 0.081895 0
    outer loop
      vertex -5.93861 -0.317673 1.2
      vertex -5.95497 -0.118576 0.799999
      vertex -5.95497 -0.118576 1.2
    endloop
  endfacet
  facet normal 0.996641 0.081895 0
    outer loop
      vertex -5.95497 -0.118576 0.799999
      vertex -5.93861 -0.317673 1.2
      vertex -5.93861 -0.317673 0.799999
    endloop
  endfacet
  facet normal 0.989834 0.142231 0
    outer loop
      vertex -5.91135 -0.507385 1.2
      vertex -5.93861 -0.317673 0.799999
      vertex -5.93861 -0.317673 1.2
    endloop
  endfacet
  facet normal 0.989834 0.142231 0
    outer loop
      vertex -5.93861 -0.317673 0.799999
      vertex -5.91135 -0.507385 1.2
      vertex -5.91135 -0.507385 0.799999
    endloop
  endfacet
  facet normal 0.97832 0.207098 0
    outer loop
      vertex -5.87318 -0.687698 1.2
      vertex -5.91135 -0.507385 0.799999
      vertex -5.91135 -0.507385 1.2
    endloop
  endfacet
  facet normal 0.97832 0.207098 0
    outer loop
      vertex -5.91135 -0.507385 0.799999
      vertex -5.87318 -0.687698 1.2
      vertex -5.87318 -0.687698 0.799999
    endloop
  endfacet
  facet normal 0.96117 0.275955 0
    outer loop
      vertex -5.82411 -0.858612 1.2
      vertex -5.87318 -0.687698 0.799999
      vertex -5.87318 -0.687698 1.2
    endloop
  endfacet
  facet normal 0.96117 0.275955 0
    outer loop
      vertex -5.87318 -0.687698 0.799999
      vertex -5.82411 -0.858612 1.2
      vertex -5.82411 -0.858612 0.799999
    endloop
  endfacet
  facet normal 0.937468 0.348072 0
    outer loop
      vertex -5.76414 -1.02013 1.2
      vertex -5.82411 -0.858612 0.799999
      vertex -5.82411 -0.858612 1.2
    endloop
  endfacet
  facet normal 0.937468 0.348072 0
    outer loop
      vertex -5.82411 -0.858612 0.799999
      vertex -5.76414 -1.02013 1.2
      vertex -5.76414 -1.02013 0.799999
    endloop
  endfacet
  facet normal 0.906445 0.422324 0
    outer loop
      vertex -5.69327 -1.17224 1.2
      vertex -5.76414 -1.02013 0.799999
      vertex -5.76414 -1.02013 1.2
    endloop
  endfacet
  facet normal 0.906445 0.422324 0
    outer loop
      vertex -5.76414 -1.02013 0.799999
      vertex -5.69327 -1.17224 1.2
      vertex -5.69327 -1.17224 0.799999
    endloop
  endfacet
  facet normal 0.867625 0.497219 0
    outer loop
      vertex -5.61148 -1.31496 1.2
      vertex -5.69327 -1.17224 0.799999
      vertex -5.69327 -1.17224 1.2
    endloop
  endfacet
  facet normal 0.867625 0.497219 0
    outer loop
      vertex -5.69327 -1.17224 0.799999
      vertex -5.61148 -1.31496 1.2
      vertex -5.61148 -1.31496 0.799999
    endloop
  endfacet
  facet normal 0.821071 0.570826 0
    outer loop
      vertex -5.5188 -1.44827 1.2
      vertex -5.61148 -1.31496 0.799999
      vertex -5.61148 -1.31496 1.2
    endloop
  endfacet
  facet normal 0.821071 0.570826 0
    outer loop
      vertex -5.61148 -1.31496 0.799999
      vertex -5.5188 -1.44827 1.2
      vertex -5.5188 -1.44827 0.799999
    endloop
  endfacet
  facet normal 0.767236 0.641365 0
    outer loop
      vertex -5.41521 -1.57219 1.2
      vertex -5.5188 -1.44827 0.799999
      vertex -5.5188 -1.44827 1.2
    endloop
  endfacet
  facet normal 0.767236 0.641365 0
    outer loop
      vertex -5.5188 -1.44827 0.799999
      vertex -5.41521 -1.57219 1.2
      vertex -5.41521 -1.57219 0.799999
    endloop
  endfacet
  facet normal 0.706015 0.708197 -0
    outer loop
      vertex -5.30161 -1.68544 0.799999
      vertex -5.41521 -1.57219 1.2
      vertex -5.30161 -1.68544 1.2
    endloop
  endfacet
  facet normal 0.706015 0.708197 0
    outer loop
      vertex -5.41521 -1.57219 1.2
      vertex -5.30161 -1.68544 0.799999
      vertex -5.41521 -1.57219 0.799999
    endloop
  endfacet
  facet normal 0.636636 0.771164 -0
    outer loop
      vertex -5.17888 -1.78676 0.799999
      vertex -5.30161 -1.68544 1.2
      vertex -5.17888 -1.78676 1.2
    endloop
  endfacet
  facet normal 0.636636 0.771164 0
    outer loop
      vertex -5.30161 -1.68544 1.2
      vertex -5.17888 -1.78676 0.799999
      vertex -5.30161 -1.68544 0.799999
    endloop
  endfacet
  facet normal 0.561333 0.82759 -0
    outer loop
      vertex -5.04706 -1.87617 0.799999
      vertex -5.17888 -1.78676 1.2
      vertex -5.04706 -1.87617 1.2
    endloop
  endfacet
  facet normal 0.561333 0.82759 0
    outer loop
      vertex -5.17888 -1.78676 1.2
      vertex -5.04706 -1.87617 0.799999
      vertex -5.17888 -1.78676 0.799999
    endloop
  endfacet
  facet normal 0.481764 0.876301 -0
    outer loop
      vertex -4.90611 -1.95366 0.799999
      vertex -5.04706 -1.87617 1.2
      vertex -4.90611 -1.95366 1.2
    endloop
  endfacet
  facet normal 0.481764 0.876301 0
    outer loop
      vertex -5.04706 -1.87617 1.2
      vertex -4.90611 -1.95366 0.799999
      vertex -5.04706 -1.87617 0.799999
    endloop
  endfacet
  facet normal 0.400322 0.916374 -0
    outer loop
      vertex -4.75606 -2.01921 0.799999
      vertex -4.90611 -1.95366 1.2
      vertex -4.75606 -2.01921 1.2
    endloop
  endfacet
  facet normal 0.400322 0.916374 0
    outer loop
      vertex -4.90611 -1.95366 1.2
      vertex -4.75606 -2.01921 0.799999
      vertex -4.90611 -1.95366 0.799999
    endloop
  endfacet
  facet normal 0.319387 0.947624 -0
    outer loop
      vertex -4.59688 -2.07286 0.799999
      vertex -4.75606 -2.01921 1.2
      vertex -4.59688 -2.07286 1.2
    endloop
  endfacet
  facet normal 0.319387 0.947624 0
    outer loop
      vertex -4.75606 -2.01921 1.2
      vertex -4.59688 -2.07286 0.799999
      vertex -4.75606 -2.01921 0.799999
    endloop
  endfacet
  facet normal 0.240635 0.970616 -0
    outer loop
      vertex -4.4286 -2.11458 0.799999
      vertex -4.59688 -2.07286 1.2
      vertex -4.4286 -2.11458 1.2
    endloop
  endfacet
  facet normal 0.240635 0.970616 0
    outer loop
      vertex -4.59688 -2.07286 1.2
      vertex -4.4286 -2.11458 0.799999
      vertex -4.59688 -2.07286 0.799999
    endloop
  endfacet
  facet normal 0.16567 0.986181 -0
    outer loop
      vertex -4.25121 -2.14438 0.799999
      vertex -4.4286 -2.11458 1.2
      vertex -4.25121 -2.14438 1.2
    endloop
  endfacet
  facet normal 0.16567 0.986181 0
    outer loop
      vertex -4.4286 -2.11458 1.2
      vertex -4.25121 -2.14438 0.799999
      vertex -4.4286 -2.11458 0.799999
    endloop
  endfacet
  facet normal 0.0954185 0.995437 -0
    outer loop
      vertex -4.06468 -2.16226 0.799999
      vertex -4.25121 -2.14438 1.2
      vertex -4.06468 -2.16226 1.2
    endloop
  endfacet
  facet normal 0.0954185 0.995437 0
    outer loop
      vertex -4.25121 -2.14438 1.2
      vertex -4.06468 -2.16226 0.799999
      vertex -4.25121 -2.14438 0.799999
    endloop
  endfacet
  facet normal 0.0305041 0.999535 -0
    outer loop
      vertex -3.86906 -2.16823 0.799999
      vertex -4.06468 -2.16226 1.2
      vertex -3.86906 -2.16823 1.2
    endloop
  endfacet
  facet normal 0.0305041 0.999535 0
    outer loop
      vertex -4.06468 -2.16226 1.2
      vertex -3.86906 -2.16823 0.799999
      vertex -4.06468 -2.16226 0.799999
    endloop
  endfacet
  facet normal -0.0183786 0.999831 0
    outer loop
      vertex -3.76352 -2.16629 0.799999
      vertex -3.86906 -2.16823 1.2
      vertex -3.76352 -2.16629 1.2
    endloop
  endfacet
  facet normal -0.0183786 0.999831 0
    outer loop
      vertex -3.86906 -2.16823 1.2
      vertex -3.76352 -2.16629 0.799999
      vertex -3.86906 -2.16823 0.799999
    endloop
  endfacet
  facet normal 0 -1 0
    outer loop
      vertex 14.2038 2.31549 0.799999
      vertex 15.3471 2.31549 1.2
      vertex 14.2038 2.31549 1.2
    endloop
  endfacet
  facet normal 0 -1 -0
    outer loop
      vertex 15.3471 2.31549 1.2
      vertex 14.2038 2.31549 0.799999
      vertex 15.3471 2.31549 0.799999
    endloop
  endfacet
  facet normal 1 -0 0
    outer loop
      vertex 14.2038 -2.08687 1.2
      vertex 14.2038 2.31549 0.799999
      vertex 14.2038 2.31549 1.2
    endloop
  endfacet
  facet normal 1 0 0
    outer loop
      vertex 14.2038 2.31549 0.799999
      vertex 14.2038 -2.08687 1.2
      vertex 14.2038 -2.08687 0.799999
    endloop
  endfacet
  facet normal 0 1 -0
    outer loop
      vertex 15.3471 -2.08687 0.799999
      vertex 14.2038 -2.08687 1.2
      vertex 15.3471 -2.08687 1.2
    endloop
  endfacet
  facet normal 0 1 0
    outer loop
      vertex 14.2038 -2.08687 1.2
      vertex 15.3471 -2.08687 0.799999
      vertex 14.2038 -2.08687 0.799999
    endloop
  endfacet
  facet normal -1 0 0
    outer loop
      vertex 15.3471 -2.08687 0.799999
      vertex 15.3471 2.31549 1.2
      vertex 15.3471 2.31549 0.799999
    endloop
  endfacet
  facet normal -1 -0 0
    outer loop
      vertex 15.3471 2.31549 1.2
      vertex 15.3471 -2.08687 0.799999
      vertex 15.3471 -2.08687 1.2
    endloop
  endfacet
  facet normal -0.552758 -0.833342 0
    outer loop
      vertex -27.0484 -4.33557 0.799999
      vertex -26.8086 -4.49463 1.2
      vertex -27.0484 -4.33557 1.2
    endloop
  endfacet
  facet normal -0.552758 -0.833342 -0
    outer loop
      vertex -26.8086 -4.49463 1.2
      vertex -27.0484 -4.33557 0.799999
      vertex -26.8086 -4.49463 0.799999
    endloop
  endfacet
  facet normal -0.597127 -0.802147 0
    outer loop
      vertex -27.2792 -4.16376 0.799999
      vertex -27.0484 -4.33557 1.2
      vertex -27.2792 -4.16376 1.2
    endloop
  endfacet
  facet normal -0.597127 -0.802147 -0
    outer loop
      vertex -27.0484 -4.33557 1.2
      vertex -27.2792 -4.16376 0.799999
      vertex -27.0484 -4.33557 0.799999
    endloop
  endfacet
  facet normal -0.639918 -0.768443 0
    outer loop
      vertex -27.5003 -3.97964 0.799999
      vertex -27.2792 -4.16376 1.2
      vertex -27.5003 -3.97964 1.2
    endloop
  endfacet
  facet normal -0.639918 -0.768443 -0
    outer loop
      vertex -27.2792 -4.16376 1.2
      vertex -27.5003 -3.97964 0.799999
      vertex -27.2792 -4.16376 0.799999
    endloop
  endfacet
  facet normal -0.68044 -0.732803 0
    outer loop
      vertex -27.7112 -3.78381 0.799999
      vertex -27.5003 -3.97964 1.2
      vertex -27.7112 -3.78381 1.2
    endloop
  endfacet
  facet normal -0.68044 -0.732803 -0
    outer loop
      vertex -27.5003 -3.97964 1.2
      vertex -27.7112 -3.78381 0.799999
      vertex -27.5003 -3.97964 0.799999
    endloop
  endfacet
  facet normal -0.719476 -0.694518 0
    outer loop
      vertex -27.7112 -3.78381 0.799999
      vertex -27.911 -3.57683 1.2
      vertex -27.911 -3.57683 0.799999
    endloop
  endfacet
  facet normal -0.719476 -0.694518 0
    outer loop
      vertex -27.911 -3.57683 1.2
      vertex -27.7112 -3.78381 0.799999
      vertex -27.7112 -3.78381 1.2
    endloop
  endfacet
  facet normal -0.755906 -0.65468 0
    outer loop
      vertex -27.911 -3.57683 0.799999
      vertex -28.0994 -3.3593 1.2
      vertex -28.0994 -3.3593 0.799999
    endloop
  endfacet
  facet normal -0.755906 -0.65468 0
    outer loop
      vertex -28.0994 -3.3593 1.2
      vertex -27.911 -3.57683 0.799999
      vertex -27.911 -3.57683 1.2
    endloop
  endfacet
  facet normal -0.790371 -0.612629 0
    outer loop
      vertex -28.0994 -3.3593 0.799999
      vertex -28.2757 -3.13185 1.2
      vertex -28.2757 -3.13185 0.799999
    endloop
  endfacet
  facet normal -0.790371 -0.612629 0
    outer loop
      vertex -28.2757 -3.13185 1.2
      vertex -28.0994 -3.3593 0.799999
      vertex -28.0994 -3.3593 1.2
    endloop
  endfacet
  facet normal -0.822585 -0.568642 0
    outer loop
      vertex -28.2757 -3.13185 0.799999
      vertex -28.4393 -2.89519 1.2
      vertex -28.4393 -2.89519 0.799999
    endloop
  endfacet
  facet normal -0.822585 -0.568642 0
    outer loop
      vertex -28.4393 -2.89519 1.2
      vertex -28.2757 -3.13185 0.799999
      vertex -28.2757 -3.13185 1.2
    endloop
  endfacet
  facet normal -0.852111 -0.52336 0
    outer loop
      vertex -28.4393 -2.89519 0.799999
      vertex -28.5899 -2.64999 1.2
      vertex -28.5899 -2.64999 0.799999
    endloop
  endfacet
  facet normal -0.852111 -0.52336 0
    outer loop
      vertex -28.5899 -2.64999 1.2
      vertex -28.4393 -2.89519 0.799999
      vertex -28.4393 -2.89519 1.2
    endloop
  endfacet
  facet normal -0.879223 -0.476411 0
    outer loop
      vertex -28.5899 -2.64999 0.799999
      vertex -28.727 -2.39697 1.2
      vertex -28.727 -2.39697 0.799999
    endloop
  endfacet
  facet normal -0.879223 -0.476411 0
    outer loop
      vertex -28.727 -2.39697 1.2
      vertex -28.5899 -2.64999 0.799999
      vertex -28.5899 -2.64999 1.2
    endloop
  endfacet
  facet normal -0.90386 -0.427828 0
    outer loop
      vertex -28.727 -2.39697 0.799999
      vertex -28.8501 -2.1369 1.2
      vertex -28.8501 -2.1369 0.799999
    endloop
  endfacet
  facet normal -0.90386 -0.427828 0
    outer loop
      vertex -28.8501 -2.1369 1.2
      vertex -28.727 -2.39697 0.799999
      vertex -28.727 -2.39697 1.2
    endloop
  endfacet
  facet normal -0.925763 -0.378104 0
    outer loop
      vertex -28.8501 -2.1369 0.799999
      vertex -28.9589 -1.87051 1.2
      vertex -28.9589 -1.87051 0.799999
    endloop
  endfacet
  facet normal -0.925763 -0.378104 0
    outer loop
      vertex -28.9589 -1.87051 1.2
      vertex -28.8501 -2.1369 0.799999
      vertex -28.8501 -2.1369 1.2
    endloop
  endfacet
  facet normal -0.944892 -0.327383 0
    outer loop
      vertex -28.9589 -1.87051 0.799999
      vertex -29.0531 -1.59863 1.2
      vertex -29.0531 -1.59863 0.799999
    endloop
  endfacet
  facet normal -0.944892 -0.327383 0
    outer loop
      vertex -29.0531 -1.59863 1.2
      vertex -28.9589 -1.87051 0.799999
      vertex -28.9589 -1.87051 1.2
    endloop
  endfacet
  facet normal -0.96118 -0.275923 0
    outer loop
      vertex -29.0531 -1.59863 0.799999
      vertex -29.1325 -1.32204 1.2
      vertex -29.1325 -1.32204 0.799999
    endloop
  endfacet
  facet normal -0.96118 -0.275923 0
    outer loop
      vertex -29.1325 -1.32204 1.2
      vertex -29.0531 -1.59863 0.799999
      vertex -29.0531 -1.59863 1.2
    endloop
  endfacet
  facet normal -0.974871 -0.22277 0
    outer loop
      vertex -29.1325 -1.32204 0.799999
      vertex -29.1966 -1.04153 1.2
      vertex -29.1966 -1.04153 0.799999
    endloop
  endfacet
  facet normal -0.974871 -0.22277 0
    outer loop
      vertex -29.1966 -1.04153 1.2
      vertex -29.1325 -1.32204 0.799999
      vertex -29.1325 -1.32204 1.2
    endloop
  endfacet
  facet normal -0.985455 -0.169939 0
    outer loop
      vertex -29.1966 -1.04153 0.799999
      vertex -29.2455 -0.757965 1.2
      vertex -29.2455 -0.757965 0.799999
    endloop
  endfacet
  facet normal -0.985455 -0.169939 0
    outer loop
      vertex -29.2455 -0.757965 1.2
      vertex -29.1966 -1.04153 0.799999
      vertex -29.1966 -1.04153 1.2
    endloop
  endfacet
  facet normal -0.99324 -0.116076 0
    outer loop
      vertex -29.2455 -0.757965 0.799999
      vertex -29.2789 -0.472168 1.2
      vertex -29.2789 -0.472168 0.799999
    endloop
  endfacet
  facet normal -0.99324 -0.116076 0
    outer loop
      vertex -29.2789 -0.472168 1.2
      vertex -29.2455 -0.757965 0.799999
      vertex -29.2455 -0.757965 1.2
    endloop
  endfacet
  facet normal -0.998063 -0.062205 0
    outer loop
      vertex -29.2789 -0.472168 0.799999
      vertex -29.2968 -0.184967 1.2
      vertex -29.2968 -0.184967 0.799999
    endloop
  endfacet
  facet normal -0.998063 -0.062205 0
    outer loop
      vertex -29.2968 -0.184967 1.2
      vertex -29.2789 -0.472168 0.799999
      vertex -29.2789 -0.472168 1.2
    endloop
  endfacet
  facet normal 0.0348987 -0.999391 0
    outer loop
      vertex -35.1932 -0.390869 0.799999
      vertex -29.2968 -0.184967 1.2
      vertex -35.1932 -0.390869 1.2
    endloop
  endfacet
  facet normal 0.0348987 -0.999391 0
    outer loop
      vertex -29.2968 -0.184967 1.2
      vertex -35.1932 -0.390869 0.799999
      vertex -29.2968 -0.184967 0.799999
    endloop
  endfacet
  facet normal 0.998076 0.0619992 0
    outer loop
      vertex -35.1555 -0.997772 1.2
      vertex -35.1932 -0.390869 0.799999
      vertex -35.1932 -0.390869 1.2
    endloop
  endfacet
  facet normal 0.998076 0.0619992 0
    outer loop
      vertex -35.1932 -0.390869 0.799999
      vertex -35.1555 -0.997772 1.2
      vertex -35.1555 -0.997772 0.799999
    endloop
  endfacet
  facet normal 0.993237 0.116101 0
    outer loop
      vertex -35.0849 -1.60175 1.2
      vertex -35.1555 -0.997772 0.799999
      vertex -35.1555 -0.997772 1.2
    endloop
  endfacet
  facet normal 0.993237 0.116101 0
    outer loop
      vertex -35.1555 -0.997772 0.799999
      vertex -35.0849 -1.60175 1.2
      vertex -35.0849 -1.60175 0.799999
    endloop
  endfacet
  facet normal 0.985465 0.169879 0
    outer loop
      vertex -34.9816 -2.20099 1.2
      vertex -35.0849 -1.60175 0.799999
      vertex -35.0849 -1.60175 1.2
    endloop
  endfacet
  facet normal 0.985465 0.169879 0
    outer loop
      vertex -35.0849 -1.60175 0.799999
      vertex -34.9816 -2.20099 1.2
      vertex -34.9816 -2.20099 0.799999
    endloop
  endfacet
  facet normal 0.974781 0.223163 0
    outer loop
      vertex -34.8459 -2.79373 1.2
      vertex -34.9816 -2.20099 0.799999
      vertex -34.9816 -2.20099 1.2
    endloop
  endfacet
  facet normal 0.974781 0.223163 0
    outer loop
      vertex -34.9816 -2.20099 0.799999
      vertex -34.8459 -2.79373 1.2
      vertex -34.8459 -2.79373 0.799999
    endloop
  endfacet
  facet normal 0.961268 0.275616 0
    outer loop
      vertex -34.6783 -3.37827 1.2
      vertex -34.8459 -2.79373 0.799999
      vertex -34.8459 -2.79373 1.2
    endloop
  endfacet
  facet normal 0.961268 0.275616 0
    outer loop
      vertex -34.8459 -2.79373 0.799999
      vertex -34.6783 -3.37827 1.2
      vertex -34.6783 -3.37827 0.799999
    endloop
  endfacet
  facet normal 0.944926 0.327283 0
    outer loop
      vertex -34.4793 -3.95282 1.2
      vertex -34.6783 -3.37827 0.799999
      vertex -34.6783 -3.37827 1.2
    endloop
  endfacet
  facet normal 0.944926 0.327283 0
    outer loop
      vertex -34.6783 -3.37827 0.799999
      vertex -34.4793 -3.95282 1.2
      vertex -34.4793 -3.95282 0.799999
    endloop
  endfacet
  facet normal 0.925709 0.378236 0
    outer loop
      vertex -34.2493 -4.51573 1.2
      vertex -34.4793 -3.95282 0.799999
      vertex -34.4793 -3.95282 1.2
    endloop
  endfacet
  facet normal 0.925709 0.378236 0
    outer loop
      vertex -34.4793 -3.95282 0.799999
      vertex -34.2493 -4.51573 1.2
      vertex -34.2493 -4.51573 0.799999
    endloop
  endfacet
  facet normal 0.903822 0.427909 0
    outer loop
      vertex -33.9891 -5.06532 1.2
      vertex -34.2493 -4.51573 0.799999
      vertex -34.2493 -4.51573 1.2
    endloop
  endfacet
  facet normal 0.903822 0.427909 0
    outer loop
      vertex -34.2493 -4.51573 0.799999
      vertex -33.9891 -5.06532 1.2
      vertex -33.9891 -5.06532 0.799999
    endloop
  endfacet
  facet normal 0.879301 0.476267 0
    outer loop
      vertex -33.6995 -5.59999 1.2
      vertex -33.9891 -5.06532 0.799999
      vertex -33.9891 -5.06532 1.2
    endloop
  endfacet
  facet normal 0.879301 0.476267 0
    outer loop
      vertex -33.9891 -5.06532 0.799999
      vertex -33.6995 -5.59999 1.2
      vertex -33.6995 -5.59999 0.799999
    endloop
  endfacet
  facet normal 0.852148 0.523301 0
    outer loop
      vertex -33.3813 -6.11815 1.2
      vertex -33.6995 -5.59999 0.799999
      vertex -33.6995 -5.59999 1.2
    endloop
  endfacet
  facet normal 0.852148 0.523301 0
    outer loop
      vertex -33.6995 -5.59999 0.799999
      vertex -33.3813 -6.11815 1.2
      vertex -33.3813 -6.11815 0.799999
    endloop
  endfacet
  facet normal 0.822451 0.568835 0
    outer loop
      vertex -33.0354 -6.61827 1.2
      vertex -33.3813 -6.11815 0.799999
      vertex -33.3813 -6.11815 1.2
    endloop
  endfacet
  facet normal 0.822451 0.568835 0
    outer loop
      vertex -33.3813 -6.11815 0.799999
      vertex -33.0354 -6.61827 1.2
      vertex -33.0354 -6.61827 0.799999
    endloop
  endfacet
  facet normal 0.7904 0.612592 0
    outer loop
      vertex -32.6629 -7.09889 1.2
      vertex -33.0354 -6.61827 0.799999
      vertex -33.0354 -6.61827 1.2
    endloop
  endfacet
  facet normal 0.7904 0.612592 0
    outer loop
      vertex -33.0354 -6.61827 0.799999
      vertex -32.6629 -7.09889 1.2
      vertex -32.6629 -7.09889 0.799999
    endloop
  endfacet
  facet normal 0.755932 0.654651 0
    outer loop
      vertex -32.2648 -7.55858 1.2
      vertex -32.6629 -7.09889 0.799999
      vertex -32.6629 -7.09889 1.2
    endloop
  endfacet
  facet normal 0.755932 0.654651 0
    outer loop
      vertex -32.6629 -7.09889 0.799999
      vertex -32.2648 -7.55858 1.2
      vertex -32.2648 -7.55858 0.799999
    endloop
  endfacet
  facet normal 0.719349 0.694649 0
    outer loop
      vertex -31.8424 -7.996 1.2
      vertex -32.2648 -7.55858 0.799999
      vertex -32.2648 -7.55858 1.2
    endloop
  endfacet
  facet normal 0.719349 0.694649 0
    outer loop
      vertex -32.2648 -7.55858 0.799999
      vertex -31.8424 -7.996 1.2
      vertex -31.8424 -7.996 0.799999
    endloop
  endfacet
  facet normal 0.680594 0.732661 -0
    outer loop
      vertex -31.3969 -8.40984 0.799999
      vertex -31.8424 -7.996 1.2
      vertex -31.3969 -8.40984 1.2
    endloop
  endfacet
  facet normal 0.680594 0.732661 0
    outer loop
      vertex -31.8424 -7.996 1.2
      vertex -31.3969 -8.40984 0.799999
      vertex -31.8424 -7.996 0.799999
    endloop
  endfacet
  facet normal 0.639828 0.768518 -0
    outer loop
      vertex -30.9296 -8.79889 0.799999
      vertex -31.3969 -8.40984 1.2
      vertex -30.9296 -8.79889 1.2
    endloop
  endfacet
  facet normal 0.639828 0.768518 0
    outer loop
      vertex -31.3969 -8.40984 1.2
      vertex -30.9296 -8.79889 0.799999
      vertex -31.3969 -8.40984 0.799999
    endloop
  endfacet
  facet normal 0.597134 0.802142 -0
    outer loop
      vertex -30.4418 -9.16202 0.799999
      vertex -30.9296 -8.79889 1.2
      vertex -30.4418 -9.16202 1.2
    endloop
  endfacet
  facet normal 0.597134 0.802142 0
    outer loop
      vertex -30.9296 -8.79889 1.2
      vertex -30.4418 -9.16202 0.799999
      vertex -30.9296 -8.79889 0.799999
    endloop
  endfacet
  facet normal 0.552763 0.833338 -0
    outer loop
      vertex -29.9351 -9.49812 0.799999
      vertex -30.4418 -9.16202 1.2
      vertex -29.9351 -9.49812 1.2
    endloop
  endfacet
  facet normal 0.552763 0.833338 0
    outer loop
      vertex -30.4418 -9.16202 1.2
      vertex -29.9351 -9.49812 0.799999
      vertex -30.4418 -9.16202 0.799999
    endloop
  endfacet
  facet normal -0.84805 0.529916 0
    outer loop
      vertex -29.9351 -9.49812 0.799999
      vertex -26.8086 -4.49463 1.2
      vertex -26.8086 -4.49463 0.799999
    endloop
  endfacet
  facet normal -0.84805 0.529916 0
    outer loop
      vertex -26.8086 -4.49463 1.2
      vertex -29.9351 -9.49812 0.799999
      vertex -29.9351 -9.49812 1.2
    endloop
  endfacet
  facet normal -0.597134 0.802142 0
    outer loop
      vertex -17.0704 -8.79889 0.799999
      vertex -17.5582 -9.16202 1.2
      vertex -17.0704 -8.79889 1.2
    endloop
  endfacet
  facet normal -0.597134 0.802142 0
    outer loop
      vertex -17.5582 -9.16202 1.2
      vertex -17.0704 -8.79889 0.799999
      vertex -17.5582 -9.16202 0.799999
    endloop
  endfacet
  facet normal -0.639828 0.768518 0
    outer loop
      vertex -16.6031 -8.40984 0.799999
      vertex -17.0704 -8.79889 1.2
      vertex -16.6031 -8.40984 1.2
    endloop
  endfacet
  facet normal -0.639828 0.768518 0
    outer loop
      vertex -17.0704 -8.79889 1.2
      vertex -16.6031 -8.40984 0.799999
      vertex -17.0704 -8.79889 0.799999
    endloop
  endfacet
  facet normal -0.680594 0.732661 0
    outer loop
      vertex -16.1576 -7.996 0.799999
      vertex -16.6031 -8.40984 1.2
      vertex -16.1576 -7.996 1.2
    endloop
  endfacet
  facet normal -0.680594 0.732661 0
    outer loop
      vertex -16.6031 -8.40984 1.2
      vertex -16.1576 -7.996 0.799999
      vertex -16.6031 -8.40984 0.799999
    endloop
  endfacet
  facet normal -0.719349 0.694649 0
    outer loop
      vertex -16.1576 -7.996 0.799999
      vertex -15.7352 -7.55858 1.2
      vertex -15.7352 -7.55858 0.799999
    endloop
  endfacet
  facet normal -0.719349 0.694649 0
    outer loop
      vertex -15.7352 -7.55858 1.2
      vertex -16.1576 -7.996 0.799999
      vertex -16.1576 -7.996 1.2
    endloop
  endfacet
  facet normal -0.755932 0.654651 0
    outer loop
      vertex -15.7352 -7.55858 0.799999
      vertex -15.3371 -7.09889 1.2
      vertex -15.3371 -7.09889 0.799999
    endloop
  endfacet
  facet normal -0.755932 0.654651 0
    outer loop
      vertex -15.3371 -7.09889 1.2
      vertex -15.7352 -7.55858 0.799999
      vertex -15.7352 -7.55858 1.2
    endloop
  endfacet
  facet normal -0.7904 0.612592 0
    outer loop
      vertex -15.3371 -7.09889 0.799999
      vertex -14.9646 -6.61827 1.2
      vertex -14.9646 -6.61827 0.799999
    endloop
  endfacet
  facet normal -0.7904 0.612592 0
    outer loop
      vertex -14.9646 -6.61827 1.2
      vertex -15.3371 -7.09889 0.799999
      vertex -15.3371 -7.09889 1.2
    endloop
  endfacet
  facet normal -0.822451 0.568835 0
    outer loop
      vertex -14.9646 -6.61827 0.799999
      vertex -14.6187 -6.11815 1.2
      vertex -14.6187 -6.11815 0.799999
    endloop
  endfacet
  facet normal -0.822451 0.568835 0
    outer loop
      vertex -14.6187 -6.11815 1.2
      vertex -14.9646 -6.61827 0.799999
      vertex -14.9646 -6.61827 1.2
    endloop
  endfacet
  facet normal -0.852148 0.523301 0
    outer loop
      vertex -14.6187 -6.11815 0.799999
      vertex -14.3005 -5.59999 1.2
      vertex -14.3005 -5.59999 0.799999
    endloop
  endfacet
  facet normal -0.852148 0.523301 0
    outer loop
      vertex -14.3005 -5.59999 1.2
      vertex -14.6187 -6.11815 0.799999
      vertex -14.6187 -6.11815 1.2
    endloop
  endfacet
  facet normal -0.879301 0.476267 0
    outer loop
      vertex -14.3005 -5.59999 0.799999
      vertex -14.0109 -5.06532 1.2
      vertex -14.0109 -5.06532 0.799999
    endloop
  endfacet
  facet normal -0.879301 0.476267 0
    outer loop
      vertex -14.0109 -5.06532 1.2
      vertex -14.3005 -5.59999 0.799999
      vertex -14.3005 -5.59999 1.2
    endloop
  endfacet
  facet normal -0.903822 0.427909 0
    outer loop
      vertex -14.0109 -5.06532 0.799999
      vertex -13.7507 -4.51573 1.2
      vertex -13.7507 -4.51573 0.799999
    endloop
  endfacet
  facet normal -0.903822 0.427909 0
    outer loop
      vertex -13.7507 -4.51573 1.2
      vertex -14.0109 -5.06532 0.799999
      vertex -14.0109 -5.06532 1.2
    endloop
  endfacet
  facet normal -0.925709 0.378236 0
    outer loop
      vertex -13.7507 -4.51573 0.799999
      vertex -13.5207 -3.95282 1.2
      vertex -13.5207 -3.95282 0.799999
    endloop
  endfacet
  facet normal -0.925709 0.378236 0
    outer loop
      vertex -13.5207 -3.95282 1.2
      vertex -13.7507 -4.51573 0.799999
      vertex -13.7507 -4.51573 1.2
    endloop
  endfacet
  facet normal -0.944926 0.327283 0
    outer loop
      vertex -13.5207 -3.95282 0.799999
      vertex -13.3217 -3.37827 1.2
      vertex -13.3217 -3.37827 0.799999
    endloop
  endfacet
  facet normal -0.944926 0.327283 0
    outer loop
      vertex -13.3217 -3.37827 1.2
      vertex -13.5207 -3.95282 0.799999
      vertex -13.5207 -3.95282 1.2
    endloop
  endfacet
  facet normal -0.961268 0.275616 0
    outer loop
      vertex -13.3217 -3.37827 0.799999
      vertex -13.1541 -2.79373 1.2
      vertex -13.1541 -2.79373 0.799999
    endloop
  endfacet
  facet normal -0.961268 0.275616 0
    outer loop
      vertex -13.1541 -2.79373 1.2
      vertex -13.3217 -3.37827 0.799999
      vertex -13.3217 -3.37827 1.2
    endloop
  endfacet
  facet normal -0.974781 0.223163 0
    outer loop
      vertex -13.1541 -2.79373 0.799999
      vertex -13.0184 -2.20099 1.2
      vertex -13.0184 -2.20099 0.799999
    endloop
  endfacet
  facet normal -0.974781 0.223163 0
    outer loop
      vertex -13.0184 -2.20099 1.2
      vertex -13.1541 -2.79373 0.799999
      vertex -13.1541 -2.79373 1.2
    endloop
  endfacet
  facet normal -0.985465 0.169879 0
    outer loop
      vertex -13.0184 -2.20099 0.799999
      vertex -12.9151 -1.60175 1.2
      vertex -12.9151 -1.60175 0.799999
    endloop
  endfacet
  facet normal -0.985465 0.169879 0
    outer loop
      vertex -12.9151 -1.60175 1.2
      vertex -13.0184 -2.20099 0.799999
      vertex -13.0184 -2.20099 1.2
    endloop
  endfacet
  facet normal -0.993237 0.116101 0
    outer loop
      vertex -12.9151 -1.60175 0.799999
      vertex -12.8445 -0.997772 1.2
      vertex -12.8445 -0.997772 0.799999
    endloop
  endfacet
  facet normal -0.993237 0.116101 0
    outer loop
      vertex -12.8445 -0.997772 1.2
      vertex -12.9151 -1.60175 0.799999
      vertex -12.9151 -1.60175 1.2
    endloop
  endfacet
  facet normal -0.998076 0.0619992 0
    outer loop
      vertex -12.8445 -0.997772 0.799999
      vertex -12.8068 -0.390869 1.2
      vertex -12.8068 -0.390869 0.799999
    endloop
  endfacet
  facet normal -0.998076 0.0619992 0
    outer loop
      vertex -12.8068 -0.390869 1.2
      vertex -12.8445 -0.997772 0.799999
      vertex -12.8445 -0.997772 1.2
    endloop
  endfacet
  facet normal -0.0348987 -0.999391 0
    outer loop
      vertex -18.7032 -0.184967 0.799999
      vertex -12.8068 -0.390869 1.2
      vertex -18.7032 -0.184967 1.2
    endloop
  endfacet
  facet normal -0.0348987 -0.999391 -0
    outer loop
      vertex -12.8068 -0.390869 1.2
      vertex -18.7032 -0.184967 0.799999
      vertex -12.8068 -0.390869 0.799999
    endloop
  endfacet
  facet normal 0.998063 -0.062205 0
    outer loop
      vertex -18.7211 -0.472168 1.2
      vertex -18.7032 -0.184967 0.799999
      vertex -18.7032 -0.184967 1.2
    endloop
  endfacet
  facet normal 0.998063 -0.062205 0
    outer loop
      vertex -18.7032 -0.184967 0.799999
      vertex -18.7211 -0.472168 1.2
      vertex -18.7211 -0.472168 0.799999
    endloop
  endfacet
  facet normal 0.99324 -0.116076 0
    outer loop
      vertex -18.7545 -0.757965 1.2
      vertex -18.7211 -0.472168 0.799999
      vertex -18.7211 -0.472168 1.2
    endloop
  endfacet
  facet normal 0.99324 -0.116076 0
    outer loop
      vertex -18.7211 -0.472168 0.799999
      vertex -18.7545 -0.757965 1.2
      vertex -18.7545 -0.757965 0.799999
    endloop
  endfacet
  facet normal 0.985455 -0.169939 0
    outer loop
      vertex -18.8034 -1.04153 1.2
      vertex -18.7545 -0.757965 0.799999
      vertex -18.7545 -0.757965 1.2
    endloop
  endfacet
  facet normal 0.985455 -0.169939 0
    outer loop
      vertex -18.7545 -0.757965 0.799999
      vertex -18.8034 -1.04153 1.2
      vertex -18.8034 -1.04153 0.799999
    endloop
  endfacet
  facet normal 0.974871 -0.22277 0
    outer loop
      vertex -18.8675 -1.32204 1.2
      vertex -18.8034 -1.04153 0.799999
      vertex -18.8034 -1.04153 1.2
    endloop
  endfacet
  facet normal 0.974871 -0.22277 0
    outer loop
      vertex -18.8034 -1.04153 0.799999
      vertex -18.8675 -1.32204 1.2
      vertex -18.8675 -1.32204 0.799999
    endloop
  endfacet
  facet normal 0.96118 -0.275923 0
    outer loop
      vertex -18.9469 -1.59863 1.2
      vertex -18.8675 -1.32204 0.799999
      vertex -18.8675 -1.32204 1.2
    endloop
  endfacet
  facet normal 0.96118 -0.275923 0
    outer loop
      vertex -18.8675 -1.32204 0.799999
      vertex -18.9469 -1.59863 1.2
      vertex -18.9469 -1.59863 0.799999
    endloop
  endfacet
  facet normal 0.944892 -0.327383 0
    outer loop
      vertex -19.0411 -1.87051 1.2
      vertex -18.9469 -1.59863 0.799999
      vertex -18.9469 -1.59863 1.2
    endloop
  endfacet
  facet normal 0.944892 -0.327383 0
    outer loop
      vertex -18.9469 -1.59863 0.799999
      vertex -19.0411 -1.87051 1.2
      vertex -19.0411 -1.87051 0.799999
    endloop
  endfacet
  facet normal 0.925763 -0.378104 0
    outer loop
      vertex -19.1499 -2.1369 1.2
      vertex -19.0411 -1.87051 0.799999
      vertex -19.0411 -1.87051 1.2
    endloop
  endfacet
  facet normal 0.925763 -0.378104 0
    outer loop
      vertex -19.0411 -1.87051 0.799999
      vertex -19.1499 -2.1369 1.2
      vertex -19.1499 -2.1369 0.799999
    endloop
  endfacet
  facet normal 0.90386 -0.427828 0
    outer loop
      vertex -19.273 -2.39697 1.2
      vertex -19.1499 -2.1369 0.799999
      vertex -19.1499 -2.1369 1.2
    endloop
  endfacet
  facet normal 0.90386 -0.427828 0
    outer loop
      vertex -19.1499 -2.1369 0.799999
      vertex -19.273 -2.39697 1.2
      vertex -19.273 -2.39697 0.799999
    endloop
  endfacet
  facet normal 0.879223 -0.476411 0
    outer loop
      vertex -19.4101 -2.64999 1.2
      vertex -19.273 -2.39697 0.799999
      vertex -19.273 -2.39697 1.2
    endloop
  endfacet
  facet normal 0.879223 -0.476411 0
    outer loop
      vertex -19.273 -2.39697 0.799999
      vertex -19.4101 -2.64999 1.2
      vertex -19.4101 -2.64999 0.799999
    endloop
  endfacet
  facet normal 0.852111 -0.52336 0
    outer loop
      vertex -19.5607 -2.89519 1.2
      vertex -19.4101 -2.64999 0.799999
      vertex -19.4101 -2.64999 1.2
    endloop
  endfacet
  facet normal 0.852111 -0.52336 0
    outer loop
      vertex -19.4101 -2.64999 0.799999
      vertex -19.5607 -2.89519 1.2
      vertex -19.5607 -2.89519 0.799999
    endloop
  endfacet
  facet normal 0.822585 -0.568642 0
    outer loop
      vertex -19.7243 -3.13185 1.2
      vertex -19.5607 -2.89519 0.799999
      vertex -19.5607 -2.89519 1.2
    endloop
  endfacet
  facet normal 0.822585 -0.568642 0
    outer loop
      vertex -19.5607 -2.89519 0.799999
      vertex -19.7243 -3.13185 1.2
      vertex -19.7243 -3.13185 0.799999
    endloop
  endfacet
  facet normal 0.790371 -0.612629 0
    outer loop
      vertex -19.9006 -3.3593 1.2
      vertex -19.7243 -3.13185 0.799999
      vertex -19.7243 -3.13185 1.2
    endloop
  endfacet
  facet normal 0.790371 -0.612629 0
    outer loop
      vertex -19.7243 -3.13185 0.799999
      vertex -19.9006 -3.3593 1.2
      vertex -19.9006 -3.3593 0.799999
    endloop
  endfacet
  facet normal 0.755906 -0.65468 0
    outer loop
      vertex -20.089 -3.57683 1.2
      vertex -19.9006 -3.3593 0.799999
      vertex -19.9006 -3.3593 1.2
    endloop
  endfacet
  facet normal 0.755906 -0.65468 0
    outer loop
      vertex -19.9006 -3.3593 0.799999
      vertex -20.089 -3.57683 1.2
      vertex -20.089 -3.57683 0.799999
    endloop
  endfacet
  facet normal 0.719476 -0.694518 0
    outer loop
      vertex -20.2888 -3.78381 1.2
      vertex -20.089 -3.57683 0.799999
      vertex -20.089 -3.57683 1.2
    endloop
  endfacet
  facet normal 0.719476 -0.694518 0
    outer loop
      vertex -20.089 -3.57683 0.799999
      vertex -20.2888 -3.78381 1.2
      vertex -20.2888 -3.78381 0.799999
    endloop
  endfacet
  facet normal 0.68044 -0.732803 0
    outer loop
      vertex -20.4997 -3.97964 0.799999
      vertex -20.2888 -3.78381 1.2
      vertex -20.4997 -3.97964 1.2
    endloop
  endfacet
  facet normal 0.68044 -0.732803 0
    outer loop
      vertex -20.2888 -3.78381 1.2
      vertex -20.4997 -3.97964 0.799999
      vertex -20.2888 -3.78381 0.799999
    endloop
  endfacet
  facet normal 0.639918 -0.768443 0
    outer loop
      vertex -20.7208 -4.16376 0.799999
      vertex -20.4997 -3.97964 1.2
      vertex -20.7208 -4.16376 1.2
    endloop
  endfacet
  facet normal 0.639918 -0.768443 0
    outer loop
      vertex -20.4997 -3.97964 1.2
      vertex -20.7208 -4.16376 0.799999
      vertex -20.4997 -3.97964 0.799999
    endloop
  endfacet
  facet normal 0.597127 -0.802147 0
    outer loop
      vertex -20.9516 -4.33557 0.799999
      vertex -20.7208 -4.16376 1.2
      vertex -20.9516 -4.33557 1.2
    endloop
  endfacet
  facet normal 0.597127 -0.802147 0
    outer loop
      vertex -20.7208 -4.16376 1.2
      vertex -20.9516 -4.33557 0.799999
      vertex -20.7208 -4.16376 0.799999
    endloop
  endfacet
  facet normal 0.552758 -0.833342 0
    outer loop
      vertex -21.1914 -4.49463 0.799999
      vertex -20.9516 -4.33557 1.2
      vertex -21.1914 -4.49463 1.2
    endloop
  endfacet
  facet normal 0.552758 -0.833342 0
    outer loop
      vertex -20.9516 -4.33557 1.2
      vertex -21.1914 -4.49463 0.799999
      vertex -20.9516 -4.33557 0.799999
    endloop
  endfacet
  facet normal 0.84805 0.529916 0
    outer loop
      vertex -18.0649 -9.49812 1.2
      vertex -21.1914 -4.49463 0.799999
      vertex -21.1914 -4.49463 1.2
    endloop
  endfacet
  facet normal 0.84805 0.529916 0
    outer loop
      vertex -21.1914 -4.49463 0.799999
      vertex -18.0649 -9.49812 1.2
      vertex -18.0649 -9.49812 0.799999
    endloop
  endfacet
  facet normal -0.552763 0.833338 0
    outer loop
      vertex -17.5582 -9.16202 0.799999
      vertex -18.0649 -9.49812 1.2
      vertex -17.5582 -9.16202 1.2
    endloop
  endfacet
  facet normal -0.552763 0.833338 0
    outer loop
      vertex -18.0649 -9.49812 1.2
      vertex -17.5582 -9.16202 0.799999
      vertex -18.0649 -9.49812 0.799999
    endloop
  endfacet
endsolid OpenSCAD_Model
